区,町,ふりがな,番地,燃えるゴミ,燃えないゴミボンベ・スプレー,,容器包装プラスチック,,缶・びん・ペットボトル,,備考,,パターン,
,,,丁番地,毎週,第何週,曜日,第何週,曜日,第何週,曜日,更新日など,,旧年度,新年度
東灘区,魚崎南町,うおざきみなみまち,1丁目,月木,13,金,毎週,水,毎週,水,注意！敷地内にコンテナ等を設置している集合住宅は収集日が異なる場合があります。収集日はご利用のクリーンステーション看板でご確認いただくか、環境局東灘事業所（電話：078-841-0161）へお問合せください。,あ,11,11
東灘区,魚崎南町,うおざきみなみまち,2丁目,月木,13,金,毎週,水,毎週,水,注意！敷地内にコンテナ等を設置している集合住宅は収集日が異なる場合があります。収集日はご利用のクリーンステーション看板でご確認いただくか、環境局東灘事業所（電話：078-841-0161）へお問合せください。,あ,11,11
東灘区,魚崎南町,うおざきみなみまち,3丁目,月木,13,金,毎週,水,毎週,水,,あ,11,11
東灘区,魚崎南町,うおざきみなみまち,4丁目,月木,13,金,毎週,水,毎週,水,,あ,11,11
東灘区,魚崎南町,うおざきみなみまち,5丁目,月木,13,金,毎週,水,毎週,水,,あ,11,11
東灘区,魚崎南町,うおざきみなみまち,6丁目,月木,13,金,毎週,水,毎週,水,注意！敷地内にコンテナ等を設置している集合住宅は収集日が異なる場合があります。収集日はご利用のクリーンステーション看板でご確認いただくか、環境局東灘事業所（電話：078-841-0161）へお問合せください。,あ,11,11
東灘区,魚崎南町,うおざきみなみまち,7丁目,月木,13,金,毎週,水,毎週,水,,あ,11,11
東灘区,魚崎南町,うおざきみなみまち,8丁目,月木,13,金,毎週,水,毎週,水,,あ,11,11
東灘区,魚崎北町,うおざききたまち,1丁目,月木,13,金,毎週,水,毎週,水,,あ,11,11
東灘区,魚崎北町,うおざききたまち,2丁目,月木,13,金,毎週,水,毎週,水,,あ,11,11
東灘区,魚崎北町,うおざききたまち,3丁目,月木,13,金,毎週,水,毎週,水,,あ,11,11
東灘区,魚崎北町,うおざききたまち,4丁目,月木,13,金,毎週,水,毎週,水,,あ,11,11
東灘区,魚崎北町,うおざききたまち,5丁目,月木,13,火,毎週,金,毎週,水,注意！敷地内にコンテナ等を設置している集合住宅は収集日が異なる場合があります。収集日はご利用のクリーンステーション看板でご確認いただくか、環境局東灘事業所（電話：078-841-0161）へお問合せください。,あ,1,1
東灘区,魚崎北町,うおざききたまち,6丁目,月木,13,火,毎週,金,毎週,水,,あ,1,1
東灘区,魚崎北町,うおざききたまち,7丁目,月木,13,火,毎週,金,毎週,水,,あ,1,1
東灘区,魚崎北町,うおざききたまち,8丁目,月木,13,火,毎週,金,毎週,水,,あ,1,1
東灘区,魚崎中町,うおざきなかまち,1丁目,月木,13,金,毎週,水,毎週,水,注意！敷地内にコンテナ等を設置している集合住宅は収集日が異なる場合があります。収集日はご利用のクリーンステーション看板でご確認いただくか、環境局東灘事業所（電話：078-841-0161）へお問合せください。,あ,11,11
東灘区,魚崎中町,うおざきなかまち,2丁目,月木,13,金,毎週,水,毎週,水,,あ,11,11
東灘区,魚崎中町,うおざきなかまち,3丁目,月木,13,金,毎週,水,毎週,水,,あ,11,11
東灘区,魚崎中町,うおざきなかまち,4丁目,月木,13,金,毎週,水,毎週,水,,あ,11,11
東灘区,魚崎西町,うおざきにしまち,1丁目,月木,24,火,毎週,金,毎週,水,,あ,3,3
東灘区,魚崎西町,うおざきにしまち,2丁目,月木,24,火,毎週,金,毎週,水,注意！敷地内にコンテナ等を設置している集合住宅は収集日が異なる場合があります。収集日はご利用のクリーンステーション看板でご確認いただくか、環境局東灘事業所（電話：078-841-0161）へお問合せください。,あ,3,3
東灘区,魚崎西町,うおざきにしまち,3丁目,月木,24,火,毎週,金,毎週,水,,あ,3,3
東灘区,魚崎西町,うおざきにしまち,4丁目,月木,13,火,毎週,金,毎週,水,,あ,1,1
東灘区,魚崎浜町,うおざきはままち,,月木,13,金,毎週,水,毎週,水,地域内に「燃えるごみ」のクリーンステーションしかない場合、「缶・びん・ペットボトル」「容器包装プラスチック」「燃えないごみ」「カセットボンベ・スプレー缶」の収集日については、環境局東灘事業所（電話：078-841-0161）へお問合せください。,あ,11,11
東灘区,渦森台,うずもりだい,1丁目,火金,13,月,毎週,木,毎週,水,,あ,5,5
東灘区,渦森台,うずもりだい,2丁目,火金,13,月,毎週,木,毎週,水,,あ,5,5
東灘区,渦森台,うずもりだい,3丁目,火金,13,月,毎週,木,毎週,水,,あ,5,5
東灘区,渦森台,うずもりだい,4丁目,火金,13,月,毎週,木,毎週,水,,あ,5,5
東灘区,青木,おうぎ,2丁目,月木,13,金,毎週,水,毎週,水,注意！敷地内にコンテナ等を設置している集合住宅は収集日が異なる場合があります。収集日はご利用のクリーンステーション看板でご確認いただくか、環境局東灘事業所（電話：078-841-0161）へお問合せください。,あ,11,11
東灘区,青木,おうぎ,3丁目,月木,13,金,毎週,水,毎週,水,注意！敷地内にコンテナ等を設置している集合住宅は収集日が異なる場合があります。収集日はご利用のクリーンステーション看板でご確認いただくか、環境局東灘事業所（電話：078-841-0161）へお問合せください。,あ,11,11
東灘区,青木,おうぎ,4丁目,月木,24,金,毎週,火,毎週,水,注意！敷地内にコンテナ等を設置している集合住宅は収集日が異なる場合があります。収集日はご利用のクリーンステーション看板でご確認いただくか、環境局東灘事業所（電話：078-841-0161）へお問合せください。,あ,4,4
東灘区,青木,おうぎ,5丁目,月木,13,金,毎週,水,毎週,水,,あ,11,11
東灘区,青木,おうぎ,6丁目,月木,13,金,毎週,水,毎週,水,,あ,11,11
東灘区,岡本,おかもと,1丁目,火金,13,木,毎週,月,毎週,水,,あ,6,6
東灘区,岡本,おかもと,2丁目,火金,13,木,毎週,月,毎週,水,,あ,6,6
東灘区,岡本,おかもと,3丁目,火金,13,木,毎週,月,毎週,水,,あ,6,6
東灘区,岡本,おかもと,4丁目,火金,13,木,毎週,月,毎週,水,,あ,6,6
東灘区,岡本,おかもと,5丁目,火金,13,木,毎週,月,毎週,水,,あ,6,6
東灘区,岡本,おかもと,6丁目,火金,13,木,毎週,月,毎週,水,,あ,6,6
東灘区,岡本,おかもと,7丁目,火金,13,木,毎週,月,毎週,水,,あ,6,6
東灘区,岡本,おかもと,8丁目,火金,13,木,毎週,月,毎週,水,,あ,6,6
東灘区,岡本,おかもと,9丁目,火金,13,木,毎週,月,毎週,水,,あ,6,6
東灘区,鴨子ケ原,かもこがはら,1丁目,火金,24,月,毎週,木,毎週,水,,か,7,7
東灘区,鴨子ケ原,かもこがはら,2丁目,火金,24,月,毎週,木,毎週,水,,か,7,7
東灘区,鴨子ケ原,かもこがはら,3丁目,火金,13,月,毎週,木,毎週,水,,か,5,5
東灘区,北青木,きたおうぎ,1丁目,月木,24,金,毎週,火,毎週,水,注意！敷地内にコンテナ等を設置している集合住宅は収集日が異なる場合があります。収集日はご利用のクリーンステーション看板でご確認いただくか、環境局東灘事業所（電話：078-841-0161）へお問合せください。,か,4,4
東灘区,北青木,きたおうぎ,2丁目,月木,13,金,毎週,水,毎週,水,注意！敷地内にコンテナ等を設置している集合住宅は収集日が異なる場合があります。収集日はご利用のクリーンステーション看板でご確認いただくか、環境局東灘事業所（電話：078-841-0161）へお問合せください。,か,11,11
東灘区,北青木,きたおうぎ,3丁目,月木,13,金,毎週,水,毎週,水,,か,11,11
東灘区,北青木,きたおうぎ,4丁目,月木,13,金,毎週,水,毎週,水,,か,11,11
東灘区,甲南町,こうなんちょう,1丁目,月木,13,火,毎週,金,毎週,水,,か,1,1
東灘区,甲南町,こうなんちょう,2丁目,月木,13,火,毎週,金,毎週,水,,か,1,1
東灘区,甲南町,こうなんちょう,3丁目,月木,13,火,毎週,金,毎週,水,,か,1,1
東灘区,甲南町,こうなんちょう,4丁目,月木,13,火,毎週,金,毎週,水,,か,1,1
東灘区,甲南町,こうなんちょう,5丁目,月木,13,火,毎週,金,毎週,水,この地域は、同じ町内に「容器包装プラスチック」の収集日が異なる地域があります。収集日はご利用のクリーンステーション看板でご確認いただくか、環境局東灘事業所（電話：078-841-0161）へお問合せください。,か,1,1
東灘区,甲南台,こうなんだい,,火金,24,木,毎週,月,毎週,水,,か,8,8
東灘区,向洋町中,こうようちょうなか,1丁目,月木,24,火,毎週,水,毎週,水,,か,15,15
東灘区,向洋町中,こうようちょうなか,2丁目,月木,24,火,毎週,水,毎週,水,,か,15,15
東灘区,向洋町中,こうようちょうなか,3丁目,月木,24,火,毎週,水,毎週,水,,か,15,15
東灘区,向洋町中,こうようちょうなか,5丁目,月木,24,火,毎週,水,毎週,水,,か,15,15
東灘区,向洋町中,こうようちょうなか,6丁目,月木,24,火,毎週,水,毎週,水,,か,15,15
東灘区,向洋町中,こうようちょうなか,7丁目,月木,24,火,毎週,水,毎週,水,,か,15,15
東灘区,向洋町中,こうようちょうなか,9丁目,月木,24,火,毎週,水,毎週,水,,か,15,15
東灘区,住吉東町,すみよしひがしまち,1丁目,月木,13,火,毎週,金,毎週,水,,さ,1,1
東灘区,住吉東町,すみよしひがしまち,2丁目,月木,13,火,毎週,金,毎週,水,この地域は、同じ町内に「容器包装プラスチック」の収集日が異なる地域があります。収集日はご利用のクリーンステーション看板でご確認いただくか、環境局東灘事業所（電話：078-841-0161）へお問合せください。,さ,1,1
東灘区,住吉東町,すみよしひがしまち,3丁目,月木,13,火,毎週,金,毎週,水,,さ,1,1
東灘区,住吉東町,すみよしひがしまち,4丁目,月木,13,火,毎週,金,毎週,水,,さ,1,1
東灘区,住吉東町,すみよしひがしまち,5丁目,火金,24,月,毎週,木,毎週,水,注意！敷地内にコンテナ等を設置している集合住宅は収集日が異なる場合があります。収集日はご利用のクリーンステーション看板でご確認いただくか、環境局東灘事業所（電話：078-841-0161）へお問合せください。,さ,7,7
東灘区,住吉本町,すみよしほんまち,1丁目,火金,24,月,毎週,木,毎週,水,注意！敷地内にコンテナ等を設置している集合住宅は収集日が異なる場合があります。収集日はご利用のクリーンステーション看板でご確認いただくか、環境局東灘事業所（電話：078-841-0161）へお問合せください。,さ,7,7
東灘区,住吉本町,すみよしほんまち,2丁目,火金,24,月,毎週,木,毎週,水,注意！敷地内にコンテナ等を設置している集合住宅は収集日が異なる場合があります。収集日はご利用のクリーンステーション看板でご確認いただくか、環境局東灘事業所（電話：078-841-0161）へお問合せください。,さ,7,7
東灘区,住吉本町,すみよしほんまち,3丁目,火金,24,月,毎週,木,毎週,水,注意！敷地内にコンテナ等を設置している集合住宅は収集日が異なる場合があります。収集日はご利用のクリーンステーション看板でご確認いただくか、環境局東灘事業所（電話：078-841-0161）へお問合せください。,さ,7,7
東灘区,住吉南町,すみよしみなみまち,1丁目,月木,24,火,毎週,金,毎週,水,,さ,3,3
東灘区,住吉南町,すみよしみなみまち,2丁目,月木,24,火,毎週,金,毎週,水,,さ,3,3
東灘区,住吉南町,すみよしみなみまち,3丁目,月木,24,火,毎週,金,毎週,水,,さ,3,3
東灘区,住吉南町,すみよしみなみまち,4丁目,月木,24,火,毎週,金,毎週,水,,さ,3,3
東灘区,住吉南町,すみよしみなみまち,5丁目,月木,24,火,毎週,金,毎週,水,,さ,3,3
東灘区,住吉宮町,すみよしみやまち,1丁目,月木,13,火,毎週,金,毎週,水,,さ,1,1
東灘区,住吉宮町,すみよしみやまち,2丁目,月木,13,火,毎週,金,毎週,水,,さ,1,1
東灘区,住吉宮町,すみよしみやまち,3丁目,月木,13,火,毎週,金,毎週,水,,さ,1,1
東灘区,住吉宮町,すみよしみやまち,4丁目,火金,24,月,毎週,木,毎週,水,注意！敷地内にコンテナ等を設置している集合住宅は収集日が異なる場合があります。収集日はご利用のクリーンステーション看板でご確認いただくか、環境局東灘事業所（電話：078-841-0161）へお問合せください。,さ,7,7
東灘区,住吉宮町,すみよしみやまち,5丁目,月木,13,火,毎週,金,毎週,水,,さ,1,1
東灘区,住吉宮町,すみよしみやまち,6丁目,月木,13,火,毎週,金,毎週,水,,さ,1,1
東灘区,住吉宮町,すみよしみやまち,7丁目,火金,24,月,毎週,木,毎週,水,,さ,7,7
東灘区,住吉山手,すみよしやまて,1丁目,火金,24,月,毎週,木,毎週,水,,さ,7,7
東灘区,住吉山手,すみよしやまて,2丁目,火金,24,月,毎週,木,毎週,水,,さ,7,7
東灘区,住吉山手,すみよしやまて,3丁目,火金,24,月,毎週,木,毎週,水,,さ,7,7
東灘区,住吉山手,すみよしやまて,4丁目,火金,24,月,毎週,木,毎週,水,,さ,7,7
東灘区,住吉山手,すみよしやまて,5丁目,火金,24,月,毎週,木,毎週,水,,さ,7,7
東灘区,住吉山手,すみよしやまて,6丁目,火金,24,月,毎週,木,毎週,水,,さ,7,7
東灘区,住吉山手,すみよしやまて,7丁目,火金,24,月,毎週,木,毎週,水,,さ,7,7
東灘区,住吉山手,すみよしやまて,8丁目,火金,24,月,毎週,木,毎週,水,,さ,7,7
東灘区,住吉山手,すみよしやまて,9丁目,火金,24,月,毎週,木,毎週,水,,さ,7,7
東灘区,住吉台,すみよしだい,,火金,24,月,毎週,木,毎週,水,,さ,7,7
東灘区,田中町,たなかちょう,1丁目,火金,13,木,毎週,月,毎週,水,,た,6,6
東灘区,田中町,たなかちょう,2丁目,火金,13,木,毎週,月,毎週,水,,た,6,6
東灘区,田中町,たなかちょう,3丁目,火金,13,木,毎週,月,毎週,水,,た,6,6
東灘区,田中町,たなかちょう,4丁目,火金,13,木,毎週,月,毎週,水,,た,6,6
東灘区,田中町,たなかちょう,5丁目,火金,13,木,毎週,月,毎週,水,注意！敷地内にコンテナ等を設置している集合住宅は収集日が異なる場合があります。収集日はご利用のクリーンステーション看板でご確認いただくか、環境局東灘事業所（電話：078-841-0161）へお問合せください。,た,6,6
東灘区,西岡本,にしおかもと,1丁目,火金,13,木,毎週,月,毎週,水,,な,6,6
東灘区,西岡本,にしおかもと,2丁目,火金,13,木,毎週,月,毎週,水,注意！敷地内にコンテナ等を設置している集合住宅は収集日が異なる場合があります。収集日はご利用のクリーンステーション看板でご確認いただくか、環境局東灘事業所（電話：078-841-0161）へお問合せください。,な,6,6
東灘区,西岡本,にしおかもと,3丁目,火金,13,木,毎週,月,毎週,水,この地域は、同じ町内に「容器包装プラスチック」の収集日が異なる地域があります。収集日はご利用のクリーンステーション看板でご確認いただくか、環境局東灘事業所（電話：078-841-0161）へお問合せください。,な,6,6
東灘区,西岡本,にしおかもと,4丁目,火金,13,木,毎週,月,毎週,水,,な,6,6
東灘区,西岡本,にしおかもと,5丁目,火金,13,木,毎週,月,毎週,水,,な,6,6
東灘区,西岡本,にしおかもと,6丁目,火金,13,木,毎週,月,毎週,水,,な,6,6
東灘区,西岡本,にしおかもと,7丁目,火金,13,木,毎週,月,毎週,水,,な,6,6
東灘区,深江北町,ふかえきたまち,1丁目,月木,24,金,毎週,火,毎週,水,注意！敷地内にコンテナ等を設置している集合住宅は収集日が異なる場合があります。収集日はご利用のクリーンステーション看板でご確認いただくか、環境局東灘事業所（電話：078-841-0161）へお問合せください。,は,4,4
東灘区,深江北町,ふかえきたまち,2丁目,月木,24,金,毎週,火,毎週,水,注意！敷地内にコンテナ等を設置している集合住宅は収集日が異なる場合があります。収集日はご利用のクリーンステーション看板でご確認いただくか、環境局東灘事業所（電話：078-841-0161）へお問合せください。,は,4,4
東灘区,深江北町,ふかえきたまち,3丁目（阪神電鉄より南側）,月木,24,金,毎週,火,毎週,水,,は,4,4
東灘区,深江北町,ふかえきたまち,3丁目（阪神電鉄より北側）,月木,24,金,毎週,火,毎週,水,注意！敷地内にコンテナ等を設置している集合住宅は収集日が異なる場合があります。収集日はご利用のクリーンステーション看板でご確認いただくか、環境局東灘事業所（電話：078-841-0161）へお問合せください。,は,4,4
東灘区,深江北町,ふかえきたまち,4丁目,月木,24,金,毎週,火,毎週,水,注意！敷地内にコンテナ等を設置している集合住宅は収集日が異なる場合があります。収集日はご利用のクリーンステーション看板でご確認いただくか、環境局東灘事業所（電話：078-841-0161）へお問合せください。,は,4,4
東灘区,深江北町,ふかえきたまち,5丁目,月木,24,金,毎週,火,毎週,水,注意！敷地内にコンテナ等を設置している集合住宅は収集日が異なる場合があります。収集日はご利用のクリーンステーション看板でご確認いただくか、環境局東灘事業所（電話：078-841-0161）へお問合せください。,は,4,4
東灘区,深江本町,ふかえほんまち,1丁目,月木,24,金,毎週,火,毎週,水,,は,4,4
東灘区,深江本町,ふかえほんまち,2丁目,月木,24,金,毎週,火,毎週,水,,は,4,4
東灘区,深江本町,ふかえほんまち,3丁目,月木,24,金,毎週,火,毎週,水,,は,4,4
東灘区,深江本町,ふかえほんまち,4丁目,月木,24,金,毎週,火,毎週,水,,は,4,4
東灘区,深江南町,ふかえみなみまち,1丁目,月木,24,金,毎週,火,毎週,水,注意！敷地内にコンテナ等を設置している集合住宅は収集日が異なる場合があります。収集日はご利用のクリーンステーション看板でご確認いただくか、環境局東灘事業所（電話：078-841-0161）へお問合せください。,は,4,4
東灘区,深江南町,ふかえみなみまち,2丁目,月木,24,金,毎週,火,毎週,水,注意！敷地内にコンテナ等を設置している集合住宅は収集日が異なる場合があります。収集日はご利用のクリーンステーション看板でご確認いただくか、環境局東灘事業所（電話：078-841-0161）へお問合せください。,は,4,4
東灘区,深江南町,ふかえみなみまち,3丁目,月木,24,金,毎週,火,毎週,水,注意！敷地内にコンテナ等を設置している集合住宅は収集日が異なる場合があります。収集日はご利用のクリーンステーション看板でご確認いただくか、環境局東灘事業所（電話：078-841-0161）へお問合せください。,は,4,4
東灘区,深江南町,ふかえみなみまち,4丁目,月木,24,金,毎週,火,毎週,水,,は,4,4
東灘区,深江浜町,ふかえはままち,,-,24,金,毎週,火,毎週,水,注意！敷地内にコンテナ等を設置している集合住宅は収集日が異なる場合があります。収集日はご利用のクリーンステーション看板でご確認いただくか、環境局東灘事業所（電話：078-841-0161）へお問合せください。,は,-,-
東灘区,本庄町,ほんじょうちょう,1丁目,月木,24,金,毎週,火,毎週,水,注意！敷地内にコンテナ等を設置している集合住宅は収集日が異なる場合があります。収集日はご利用のクリーンステーション看板でご確認いただくか、環境局東灘事業所（電話：078-841-0161）へお問合せください。,は,4,4
東灘区,本庄町,ほんじょうちょう,2丁目,月木,24,金,毎週,火,毎週,水,注意！敷地内にコンテナ等を設置している集合住宅は収集日が異なる場合があります。収集日はご利用のクリーンステーション看板でご確認いただくか、環境局東灘事業所（電話：078-841-0161）へお問合せください。,は,4,4
東灘区,本庄町,ほんじょうちょう,3丁目,月木,24,金,毎週,火,毎週,水,,は,4,4
東灘区,御影石町,みかげいしまち,1丁目,月木,24,火,毎週,金,毎週,水,,ま,3,3
東灘区,御影石町,みかげいしまち,2丁目,月木,24,火,毎週,金,毎週,水,,ま,3,3
東灘区,御影石町,みかげいしまち,3丁目,月木,13,火,毎週,金,毎週,水,,ま,1,1
東灘区,御影石町,みかげいしまち,4丁目,火金,13,月,毎週,木,毎週,水,,ま,5,5
東灘区,御影塚町,みかげつかまち,1丁目,月木,24,火,毎週,金,毎週,水,,ま,3,3
東灘区,御影塚町,みかげつかまち,2丁目,月木,24,火,毎週,金,毎週,水,,ま,3,3
東灘区,御影塚町,みかげつかまち,3丁目,月木,24,火,毎週,金,毎週,水,,ま,3,3
東灘区,御影塚町,みかげつかまち,4丁目,月木,24,火,毎週,金,毎週,水,,ま,3,3
東灘区,御影中町,みかげなかまち,1丁目,月木,13,火,毎週,金,毎週,水,,ま,1,1
東灘区,御影中町,みかげなかまち,2丁目,火金,13,月,毎週,木,毎週,水,,ま,5,5
東灘区,御影中町,みかげなかまち,3丁目,月木,13,火,毎週,金,毎週,水,この地域は、同じ町内に「容器包装プラスチック」の収集日が異なる地域があります。収集日はご利用のクリーンステーション看板でご確認いただくか、環境局東灘事業所（電話：078-841-0161）へお問合せください。,ま,1,1
東灘区,御影中町,みかげなかまち,4丁目,火金,13,月,毎週,木,毎週,水,,ま,5,5
東灘区,御影中町,みかげなかまち,5丁目,月木,13,火,毎週,金,毎週,水,,ま,1,1
東灘区,御影中町,みかげなかまち,6丁目,火金,13,月,毎週,木,毎週,水,,ま,5,5
東灘区,御影中町,みかげなかまち,7丁目,月木,13,火,毎週,金,毎週,水,,ま,1,1
東灘区,御影中町,みかげなかまち,8丁目,火金,13,月,毎週,木,毎週,水,,ま,5,5
東灘区,御影本町,みかげほんまち,1丁目,月木,24,火,毎週,金,毎週,水,,ま,3,3
東灘区,御影本町,みかげほんまち,2丁目,月木,24,火,毎週,金,毎週,水,,ま,3,3
東灘区,御影本町,みかげほんまち,3丁目,月木,24,火,毎週,金,毎週,水,,ま,3,3
東灘区,御影本町,みかげほんまち,4丁目,月木,24,火,毎週,金,毎週,水,,ま,3,3
東灘区,御影本町,みかげほんまち,5丁目,月木,24,火,毎週,金,毎週,水,,ま,3,3
東灘区,御影本町,みかげほんまち,6丁目,月木,24,火,毎週,金,毎週,水,,ま,3,3
東灘区,御影本町,みかげほんまち,7丁目,月木,24,火,毎週,金,毎週,水,,ま,3,3
東灘区,御影本町,みかげほんまち,8丁目,月木,24,火,毎週,金,毎週,水,,ま,3,3
東灘区,御影山手,みかげやまて,1丁目,-,-,-,-,-,-,-,この地域は、同じ町内に収集日が異なる地域があるため収集日を表示することができません。収集日はご利用のクリーンステーション看板でご確認いただくか、環境局東灘事業所（電話：078-841-0161）へお問合せください。,ま,-,-
東灘区,御影山手,みかげやまて,2丁目,火金,13,月,毎週,木,毎週,水,,ま,5,5
東灘区,御影山手,みかげやまて,3丁目,火金,13,月,毎週,木,毎週,水,,ま,5,5
東灘区,御影山手,みかげやまて,4丁目,火金,13,月,毎週,木,毎週,水,,ま,5,5
東灘区,御影山手,みかげやまて,5丁目,火金,13,月,毎週,木,毎週,水,,ま,5,5
東灘区,御影山手,みかげやまて,6丁目,火金,13,月,毎週,木,毎週,水,,ま,5,5
東灘区,御影,みかげ,1丁目,火金,13,月,毎週,木,毎週,水,,ま,5,5
東灘区,御影,みかげ,2丁目,火金,13,月,毎週,木,毎週,水,,ま,5,5
東灘区,御影,みかげ,3丁目,火金,13,月,毎週,木,毎週,水,,ま,5,5
東灘区,御影郡家,みかげぐんげ,1丁目,火金,13,月,毎週,木,毎週,水,,ま,5,5
東灘区,御影郡家,みかげぐんげ,2丁目,火金,13,月,毎週,木,毎週,水,,ま,5,5
東灘区,本山北町,もとやまきたまち,1丁目,火金,24,木,毎週,月,毎週,水,,ま,8,8
東灘区,本山北町,もとやまきたまち,2丁目,火金,24,木,毎週,月,毎週,水,,ま,8,8
東灘区,本山北町,もとやまきたまち,3丁目,火金,24,木,毎週,月,毎週,水,,ま,8,8
東灘区,本山北町,もとやまきたまち,4丁目,火金,24,木,毎週,月,毎週,水,,ま,8,8
東灘区,本山北町,もとやまきたまち,5丁目,火金,24,木,毎週,月,毎週,水,,ま,8,8
東灘区,本山北町,もとやまきたまち,6丁目,-,-,-,-,-,-,-,この地域は、同じ町内に収集日が異なる地域があるため収集日を表示することができません。収集日はご利用のクリーンステーション看板でご確認いただくか、環境局東灘事業所（電話：078-841-0161）へお問合せください。,ま,-,-
東灘区,本山中町,もとやまなかまち,1丁目,火金,24,木,毎週,月,毎週,水,,ま,8,8
東灘区,本山中町,もとやまなかまち,2丁目,火金,24,木,毎週,月,毎週,水,,ま,8,8
東灘区,本山中町,もとやまなかまち,3丁目,火金,24,木,毎週,月,毎週,水,,ま,8,8
東灘区,本山中町,もとやまなかまち,4丁目,火金,24,木,毎週,月,毎週,水,,ま,8,8
東灘区,本山南町,もとやまみなみまち,1丁目,月木,24,金,毎週,火,毎週,水,注意！敷地内にコンテナ等を設置している集合住宅は収集日が異なる場合があります。収集日はご利用のクリーンステーション看板でご確認いただくか、環境局東灘事業所（電話：078-841-0161）へお問合せください。,ま,4,4
東灘区,本山南町,もとやまみなみまち,2丁目,月木,24,金,毎週,火,毎週,水,注意！敷地内にコンテナ等を設置している集合住宅は収集日が異なる場合があります。収集日はご利用のクリーンステーション看板でご確認いただくか、環境局東灘事業所（電話：078-841-0161）へお問合せください。,ま,4,4
東灘区,本山南町,もとやまみなみまち,3丁目,月木,24,金,毎週,火,毎週,水,注意！敷地内にコンテナ等を設置している集合住宅は収集日が異なる場合があります。収集日はご利用のクリーンステーション看板でご確認いただくか、環境局東灘事業所（電話：078-841-0161）へお問合せください。,ま,4,4
東灘区,本山南町,もとやまみなみまち,4丁目,月木,24,金,毎週,火,毎週,水,この地域は、同じ町内に「容器包装プラスチック」の収集日が異なる地域があります。収集日はご利用のクリーンステーション看板でご確認いただくか、環境局東灘事業所（電話：078-841-0161）へお問合せください。,ま,4,4
東灘区,本山南町,もとやまみなみまち,5丁目,月木,13,火,毎週,金,毎週,水,注意！敷地内にコンテナ等を設置している集合住宅は収集日が異なる場合があります。収集日はご利用のクリーンステーション看板でご確認いただくか、環境局東灘事業所（電話：078-841-0161）へお問合せください。,ま,1,1
東灘区,本山南町,もとやまみなみまち,6丁目,月木,24,金,毎週,火,毎週,水,注意！敷地内にコンテナ等を設置している集合住宅は収集日が異なる場合があります。収集日はご利用のクリーンステーション看板でご確認いただくか、環境局東灘事業所（電話：078-841-0161）へお問合せください。,ま,4,4
東灘区,本山南町,もとやまみなみまち,7丁目,月木,24,金,毎週,火,毎週,水,注意！敷地内にコンテナ等を設置している集合住宅は収集日が異なる場合があります。収集日はご利用のクリーンステーション看板でご確認いただくか、環境局東灘事業所（電話：078-841-0161）へお問合せください。,ま,4,4
東灘区,本山南町,もとやまみなみまち,8丁目,月木,24,金,毎週,火,毎週,水,注意！敷地内にコンテナ等を設置している集合住宅は収集日が異なる場合があります。収集日はご利用のクリーンステーション看板でご確認いただくか、環境局東灘事業所（電話：078-841-0161）へお問合せください。,ま,4,4
東灘区,本山南町,もとやまみなみまち,9丁目,月木,24,金,毎週,火,毎週,水,注意！敷地内にコンテナ等を設置している集合住宅は収集日が異なる場合があります。収集日はご利用のクリーンステーション看板でご確認いただくか、環境局東灘事業所（電話：078-841-0161）へお問合せください。,ま,4,4
東灘区,本山町,もとやまちょう,岡本,火金,13,木,毎週,月,毎週,水,,ま,6,6
東灘区,本山町,もとやまちょう,北畑,火金,24,木,毎週,月,毎週,水,,ま,8,8
東灘区,本山町,もとやまちょう,田中,火金,24,月,毎週,木,毎週,水,,ま,7,7
東灘区,森北町,もりきたまち,1丁目,火金,24,木,毎週,月,毎週,水,,ま,8,8
東灘区,森北町,もりきたまち,2丁目,火金,24,木,毎週,月,毎週,水,,ま,8,8
東灘区,森北町,もりきたまち,3丁目,火金,24,木,毎週,月,毎週,水,,ま,8,8
東灘区,森北町,もりきたまち,4丁目,火金,24,木,毎週,月,毎週,水,,ま,8,8
東灘区,森北町,もりきたまち,5丁目,火金,24,木,毎週,月,毎週,水,,ま,8,8
東灘区,森北町,もりきたまち,6丁目,火金,24,木,毎週,月,毎週,水,,ま,8,8
東灘区,森北町,もりきたまち,7丁目,火金,24,木,毎週,月,毎週,水,,ま,8,8
東灘区,森南町,もりみなみまち,1丁目,火金,24,木,毎週,月,毎週,水,,ま,8,8
東灘区,森南町,もりみなみまち,2丁目,火金,24,木,毎週,月,毎週,水,,ま,8,8
東灘区,森南町,もりみなみまち,3丁目,火金,24,木,毎週,月,毎週,水,,ま,8,8
灘区,青谷町,あおたにちょう,1丁目,火金,24,月,毎週,木,毎週,水,,あ,7,7
灘区,青谷町,あおたにちょう,2丁目,火金,24,月,毎週,木,毎週,水,,あ,7,7
灘区,青谷町,あおたにちょう,3丁目,火金,24,月,毎週,木,毎週,水,,あ,7,7
灘区,青谷町,あおたにちょう,4丁目,火金,24,月,毎週,木,毎週,水,,あ,7,7
灘区,赤坂通,あかさかどおり,1丁目,火金,24,月,毎週,木,毎週,水,,あ,7,7
灘区,赤坂通,あかさかどおり,2丁目,火金,24,月,毎週,木,毎週,水,,あ,7,7
灘区,赤坂通,あかさかどおり,3丁目,火金,24,月,毎週,木,毎週,水,,あ,7,7
灘区,赤坂通,あかさかどおり,4丁目,火金,24,月,毎週,木,毎週,水,,あ,7,7
灘区,赤坂通,あかさかどおり,5丁目,火金,24,月,毎週,木,毎週,水,,あ,7,7
灘区,赤坂通,あかさかどおり,6丁目,火金,24,月,毎週,木,毎週,水,,あ,7,7
灘区,赤坂通,あかさかどおり,7丁目,火金,24,月,毎週,木,毎週,水,,あ,7,7
灘区,赤坂通,あかさかどおり,8丁目,火金,24,月,毎週,木,毎週,水,,あ,7,7
灘区,赤松町,あかまつちょう,1丁目,月木,13,火,毎週,金,毎週,水,,あ,1,1
灘区,赤松町,あかまつちょう,2丁目,月木,13,火,毎週,金,毎週,水,,あ,1,1
灘区,赤松町,あかまつちょう,3丁目,月木,13,火,毎週,金,毎週,水,,あ,1,1
灘区,天城通,あまぎどおり,1丁目,火金,24,月,毎週,木,毎週,水,,あ,7,7
灘区,天城通,あまぎどおり,2丁目,火金,24,月,毎週,木,毎週,水,,あ,7,7
灘区,天城通,あまぎどおり,3丁目,火金,24,月,毎週,木,毎週,水,,あ,7,7
灘区,天城通,あまぎどおり,4丁目,火金,24,月,毎週,木,毎週,水,,あ,7,7
灘区,天城通,あまぎどおり,5丁目,火金,24,月,毎週,木,毎週,水,,あ,7,7
灘区,天城通,あまぎどおり,6丁目,火金,24,月,毎週,木,毎週,水,,あ,7,7
灘区,天城通,あまぎどおり,7丁目,火金,24,月,毎週,木,毎週,水,,あ,7,7
灘区,天城通,あまぎどおり,8丁目,火金,24,月,毎週,木,毎週,水,,あ,7,7
灘区,泉通,いずみどおり,1丁目,火金,13,木,毎週,水,毎週,水,,あ,20,20
灘区,泉通,いずみどおり,2丁目,火金,13,木,毎週,水,毎週,水,,あ,20,20
灘区,泉通,いずみどおり,3丁目,火金,13,木,毎週,水,毎週,水,,あ,20,20
灘区,泉通,いずみどおり,4丁目,火金,13,木,毎週,水,毎週,水,,あ,20,20
灘区,泉通,いずみどおり,5丁目,火金,13,木,毎週,水,毎週,水,,あ,20,20
灘区,泉通,いずみどおり,6丁目,火金,13,木,毎週,水,毎週,水,,あ,20,20
灘区,一王山町,いちのうさんちょう,,月木,13,火,毎週,金,毎週,水,,あ,1,1
灘区,岩屋北町,いわやきたまち,1丁目,火金,24,木,毎週,月,毎週,水,,あ,8,8
灘区,岩屋北町,いわやきたまち,2丁目,火金,24,木,毎週,月,毎週,水,,あ,8,8
灘区,岩屋北町,いわやきたまち,3丁目,火金,24,木,毎週,月,毎週,水,,あ,8,8
灘区,岩屋北町,いわやきたまち,4丁目,火金,24,木,毎週,月,毎週,水,,あ,8,8
灘区,岩屋北町,いわやきたまち,5丁目,火金,24,木,毎週,月,毎週,水,,あ,8,8
灘区,岩屋北町,いわやきたまち,6丁目,火金,24,木,毎週,月,毎週,水,,あ,8,8
灘区,岩屋北町,いわやきたまち,7丁目,火金,24,木,毎週,月,毎週,水,,あ,8,8
灘区,岩屋中町,いわやなかまち,1丁目,火金,24,木,毎週,月,毎週,水,,あ,8,8
灘区,岩屋中町,いわやなかまち,2丁目,火金,24,木,毎週,月,毎週,水,,あ,8,8
灘区,岩屋中町,いわやなかまち,3丁目,火金,24,木,毎週,月,毎週,水,,あ,8,8
灘区,岩屋中町,いわやなかまち,4丁目,火金,24,木,毎週,月,毎週,水,,あ,8,8
灘区,岩屋中町,いわやなかまち,5丁目,火金,24,木,毎週,月,毎週,水,,あ,8,8
灘区,岩屋南町,いわやみなみまち,,火金,24,木,毎週,月,毎週,水,,あ,8,8
灘区,上野通,うえのどおり,1丁目,火金,24,月,毎週,木,毎週,水,,あ,7,7
灘区,上野通,うえのどおり,2丁目,火金,24,月,毎週,木,毎週,水,,あ,7,7
灘区,上野通,うえのどおり,3丁目,火金,24,月,毎週,木,毎週,水,,あ,7,7
灘区,上野通,うえのどおり,4丁目,火金,24,月,毎週,木,毎週,水,,あ,7,7
灘区,上野通,うえのどおり,5丁目,火金,24,月,毎週,木,毎週,水,,あ,7,7
灘区,上野通,うえのどおり,6丁目,火金,24,月,毎週,木,毎週,水,,あ,7,7
灘区,上野通,うえのどおり,7丁目,火金,24,月,毎週,木,毎週,水,,あ,7,7
灘区,上野通,うえのどおり,8丁目,火金,24,月,毎週,木,毎週,水,,あ,7,7
灘区,烏帽子町,えぼしちょう,1丁目,月木,13,金,毎週,火,毎週,水,,あ,2,2
灘区,烏帽子町,えぼしちょう,2丁目,月木,13,金,毎週,火,毎週,水,,あ,2,2
灘区,烏帽子町,えぼしちょう,3丁目,月木,13,金,毎週,火,毎週,水,,あ,2,2
灘区,王子町,おうじちょう,1丁目,火金,13,月,毎週,水,毎週,水,,あ,17,17
灘区,王子町,おうじちょう,2丁目,火金,13,月,毎週,水,毎週,水,,あ,17,17
灘区,王子町,おうじちょう,3丁目,火金,13,月,毎週,水,毎週,水,,あ,17,17
灘区,大石北町,おおいしきたまち,,火金,24,木,毎週,月,毎週,水,,あ,8,8
灘区,大石東町,おおいしひがしまち,1丁目,月木,13,金,毎週,火,毎週,水,注意！敷地内にコンテナ等を設置している集合住宅は収集日が異なる場合があります。収集日はご利用のクリーンステーション看板でご確認いただくか、環境局灘事業所（電話：078-871-1081）へお問合せください。,あ,2,2
灘区,大石東町,おおいしひがしまち,2丁目,月木,13,金,毎週,火,毎週,水,,あ,2,2
灘区,大石東町,おおいしひがしまち,3丁目,月木,13,金,毎週,火,毎週,水,注意！敷地内にコンテナ等を設置している集合住宅は収集日が異なる場合があります。収集日はご利用のクリーンステーション看板でご確認いただくか、環境局灘事業所（電話：078-871-1081）へお問合せください。,あ,2,2
灘区,大石東町,おおいしひがしまち,4丁目,月木,13,金,毎週,火,毎週,水,注意！敷地内にコンテナ等を設置している集合住宅は収集日が異なる場合があります。収集日はご利用のクリーンステーション看板でご確認いただくか、環境局灘事業所（電話：078-871-1081）へお問合せください。,あ,2,2
灘区,大石東町,おおいしひがしまち,5丁目,月木,13,金,毎週,火,毎週,水,注意！敷地内にコンテナ等を設置している集合住宅は収集日が異なる場合があります。収集日はご利用のクリーンステーション看板でご確認いただくか、環境局灘事業所（電話：078-871-1081）へお問合せください。,あ,2,2
灘区,大石東町,おおいしひがしまち,6丁目,月木,13,金,毎週,火,毎週,水,,あ,2,2
灘区,大石南町,おおいしみなみまち,1丁目,火金,24,木,毎週,月,毎週,水,,あ,8,8
灘区,大石南町,おおいしみなみまち,2丁目,火金,24,木,毎週,月,毎週,水,,あ,8,8
灘区,大石南町,おおいしみなみまち,3丁目,火金,24,木,毎週,月,毎週,水,,あ,8,8
灘区,大内通,おおうちどおり,1丁目,火金,13,木,毎週,水,毎週,水,,あ,20,20
灘区,大内通,おおうちどおり,2丁目,火金,13,木,毎週,水,毎週,水,,あ,20,20
灘区,大内通,おおうちどおり,3丁目,火金,13,木,毎週,水,毎週,水,,あ,20,20
灘区,大内通,おおうちどおり,4丁目,火金,13,木,毎週,水,毎週,水,,あ,20,20
灘区,大内通,おおうちどおり,5丁目,火金,13,木,毎週,水,毎週,水,,あ,20,20
灘区,大内通,おおうちどおり,6丁目,火金,13,木,毎週,水,毎週,水,,あ,20,20
灘区,大月台,おおつきだい,,月木,24,火,毎週,金,毎週,水,,あ,3,3
灘区,大土平町,おおどがひらちょう,1丁目,月木,24,火,毎週,金,毎週,水,,あ,3,3
灘区,大土平町,おおどがひらちょう,2丁目,月木,24,火,毎週,金,毎週,水,,あ,3,3
灘区,上河原通,かみがわらどおり,1丁目,月木,24,金,毎週,水,毎週,水,,か,16,16
灘区,上河原通,かみがわらどおり,2丁目,月木,24,金,毎週,水,毎週,水,,か,16,16
灘区,上河原通,かみがわらどおり,3丁目,月木,24,金,毎週,水,毎週,水,,か,16,16
灘区,上河原通,かみがわらどおり,4丁目,月木,24,金,毎週,水,毎週,水,,か,16,16
灘区,神ノ木通,かみのきどおり,1丁目,月木,24,金,毎週,水,毎週,水,,か,16,16
灘区,神ノ木通,かみのきどおり,2丁目,月木,24,金,毎週,水,毎週,水,,か,16,16
灘区,神ノ木通,かみのきどおり,3丁目,月木,24,金,毎週,水,毎週,水,,か,16,16
灘区,神ノ木通,かみのきどおり,4丁目,月木,24,金,毎週,水,毎週,水,,か,16,16
灘区,神前町,かみまえちょう,1丁目,月木,24,金,毎週,水,毎週,水,,か,16,16
灘区,神前町,かみまえちょう,2丁目,月木,24,金,毎週,水,毎週,水,,か,16,16
灘区,神前町,かみまえちょう,3丁目,月木,24,金,毎週,水,毎週,水,,か,16,16
灘区,神前町,かみまえちょう,4丁目,月木,24,金,毎週,水,毎週,水,,か,16,16
灘区,岸地通,きしちどおり,1丁目,火金,13,木,毎週,水,毎週,水,,か,20,20
灘区,岸地通,きしちどおり,2丁目,火金,13,木,毎週,水,毎週,水,,か,20,20
灘区,岸地通,きしちどおり,3丁目,火金,13,木,毎週,水,毎週,水,,か,20,20
灘区,岸地通,きしちどおり,4丁目,火金,13,木,毎週,水,毎週,水,,か,20,20
灘区,岸地通,きしちどおり,5丁目,火金,13,木,毎週,水,毎週,水,,か,20,20
灘区,記田町,きだちょう,1丁目,月木,13,火,毎週,水,毎週,水,,か,10,10
灘区,記田町,きだちょう,2丁目,月木,13,火,毎週,水,毎週,水,,か,10,10
灘区,記田町,きだちょう,3丁目,月木,13,火,毎週,水,毎週,水,,か,10,10
灘区,記田町,きだちょう,4丁目,月木,13,火,毎週,水,毎週,水,,か,10,10
灘区,記田町,きだちょう,5丁目,月木,13,火,毎週,水,毎週,水,,か,10,10
灘区,楠丘町,くすがおかちょう,1丁目,月木,13,火,毎週,水,毎週,水,,か,10,10
灘区,楠丘町,くすがおかちょう,2丁目,月木,13,火,毎週,水,毎週,水,,か,10,10
灘区,楠丘町,くすがおかちょう,3丁目,月木,13,火,毎週,水,毎週,水,,か,10,10
灘区,楠丘町,くすがおかちょう,4丁目,月木,13,火,毎週,水,毎週,水,,か,10,10
灘区,楠丘町,くすがおかちょう,5丁目,月木,13,火,毎週,水,毎週,水,,か,10,10
灘区,楠丘町,くすがおかちょう,6丁目,月木,13,火,毎週,水,毎週,水,,か,10,10
灘区,国玉通,くにたまどおり,1丁目,火金,24,月,毎週,木,毎週,水,,か,7,7
灘区,国玉通,くにたまどおり,2丁目,火金,24,月,毎週,木,毎週,水,,か,7,7
灘区,国玉通,くにたまどおり,3丁目,火金,24,月,毎週,木,毎週,水,,か,7,7
灘区,国玉通,くにたまどおり,4丁目,火金,24,月,毎週,木,毎週,水,,か,7,7
灘区,倉石通,くらいしどおり,1丁目,火金,13,月,毎週,水,毎週,水,,か,17,17
灘区,倉石通,くらいしどおり,2丁目,火金,13,月,毎週,水,毎週,水,,か,17,17
灘区,倉石通,くらいしどおり,3丁目,火金,13,月,毎週,水,毎週,水,,か,17,17
灘区,倉石通,くらいしどおり,4丁目,火金,13,月,毎週,水,毎週,水,,か,17,17
灘区,倉石通,くらいしどおり,5丁目,火金,13,月,毎週,水,毎週,水,,か,17,17
灘区,倉石通,くらいしどおり,6丁目,火金,13,月,毎週,水,毎週,水,,か,17,17
灘区,高徳町,こうとくちょう,1丁目,月木,13,火,毎週,水,毎週,水,,か,10,10
灘区,高徳町,こうとくちょう,2丁目,月木,13,火,毎週,水,毎週,水,,か,10,10
灘区,高徳町,こうとくちょう,3丁目,月木,13,火,毎週,水,毎週,水,,か,10,10
灘区,高徳町,こうとくちょう,4丁目,月木,13,火,毎週,水,毎週,水,,か,10,10
灘区,高徳町,こうとくちょう,5丁目,月木,13,火,毎週,水,毎週,水,,か,10,10
灘区,高徳町,こうとくちょう,6丁目,月木,13,火,毎週,水,毎週,水,,か,10,10
灘区,五毛通,ごもうどおり,1丁目,火金,24,月,毎週,木,毎週,水,注意！敷地内にコンテナ等を設置している集合住宅は収集日が異なる場合があります。収集日はご利用のクリーンステーション看板でご確認いただくか、環境局灘事業所（電話：078-871-1081）へお問合せください。,か,7,7
灘区,五毛通,ごもうどおり,2丁目,火金,24,月,毎週,木,毎週,水,注意！敷地内にコンテナ等を設置している集合住宅は収集日が異なる場合があります。収集日はご利用のクリーンステーション看板でご確認いただくか、環境局灘事業所（電話：078-871-1081）へお問合せください。,か,7,7
灘区,五毛通,ごもうどおり,3丁目,火金,24,月,毎週,木,毎週,水,注意！敷地内にコンテナ等を設置している集合住宅は収集日が異なる場合があります。収集日はご利用のクリーンステーション看板でご確認いただくか、環境局灘事業所（電話：078-871-1081）へお問合せください。,か,7,7
灘区,五毛通,ごもうどおり,4丁目,火金,24,月,毎週,木,毎週,水,注意！敷地内にコンテナ等を設置している集合住宅は収集日が異なる場合があります。収集日はご利用のクリーンステーション看板でご確認いただくか、環境局灘事業所（電話：078-871-1081）へお問合せください。,か,7,7
灘区,桜ケ丘町,さくらがおかちょう,,月木,13,火,毎週,金,毎週,水,,さ,1,1
灘区,桜口町,さくらぐちちょう,1丁目,月木,13,金,毎週,水,毎週,水,,さ,11,11
灘区,桜口町,さくらぐちちょう,2丁目,月木,13,金,毎週,水,毎週,水,,さ,11,11
灘区,桜口町,さくらぐちちょう,3丁目,月木,13,金,毎週,水,毎週,水,,さ,11,11
灘区,桜口町,さくらぐちちょう,4丁目,月木,13,金,毎週,水,毎週,水,,さ,11,11
灘区,桜口町,さくらぐちちょう,5丁目,月木,13,金,毎週,水,毎週,水,,さ,11,11
灘区,鹿ノ下通,しかのしたどおり,1丁目,月木,13,金,毎週,火,毎週,水,,さ,2,2
灘区,鹿ノ下通,しかのしたどおり,2丁目,月木,13,金,毎週,火,毎週,水,,さ,2,2
灘区,鹿ノ下通,しかのしたどおり,3丁目,月木,13,金,毎週,火,毎週,水,,さ,2,2
灘区,篠原,しのはら,字小屋場山,月木,24,火,毎週,金,毎週,水,,さ,3,3
灘区,篠原伯母野山町,しのはらおばのやまちょう,1丁目,月木,24,火,毎週,金,毎週,水,,さ,3,3
灘区,篠原伯母野山町,しのはらおばのやまちょう,2丁目,月木,24,火,毎週,金,毎週,水,,さ,3,3
灘区,篠原伯母野山町,しのはらおばのやまちょう,3丁目,月木,24,火,毎週,金,毎週,水,,さ,3,3
灘区,篠原北町,しのはらきたまち,1丁目,月木,24,火,毎週,金,毎週,水,,さ,3,3
灘区,篠原北町,しのはらきたまち,2丁目,月木,24,火,毎週,金,毎週,水,,さ,3,3
灘区,篠原北町,しのはらきたまち,3丁目,月木,24,火,毎週,金,毎週,水,,さ,3,3
灘区,篠原北町,しのはらきたまち,4丁目,月木,24,火,毎週,金,毎週,水,,さ,3,3
灘区,篠原中町,しのはらなかまち,1丁目,火金,13,月,毎週,木,毎週,水,,さ,5,5
灘区,篠原中町,しのはらなかまち,2丁目,火金,13,月,毎週,木,毎週,水,,さ,5,5
灘区,篠原中町,しのはらなかまち,3丁目,火金,13,月,毎週,木,毎週,水,,さ,5,5
灘区,篠原中町,しのはらなかまち,4丁目,火金,13,月,毎週,木,毎週,水,,さ,5,5
灘区,篠原中町,しのはらなかまち,5丁目,火金,13,月,毎週,木,毎週,水,,さ,5,5
灘区,篠原中町,しのはらなかまち,6丁目,火金,13,月,毎週,木,毎週,水,,さ,5,5
灘区,篠原本町,しのはらほんまち,1丁目,火金,13,月,毎週,木,毎週,水,,さ,5,5
灘区,篠原本町,しのはらほんまち,2丁目,火金,13,月,毎週,木,毎週,水,,さ,5,5
灘区,篠原本町,しのはらほんまち,3丁目,火金,13,月,毎週,木,毎週,水,,さ,5,5
灘区,篠原本町,しのはらほんまち,4丁目,火金,13,月,毎週,木,毎週,水,,さ,5,5
灘区,篠原本町,しのはらほんまち,5丁目,火金,13,月,毎週,木,毎週,水,,さ,5,5
灘区,篠原南町,しのはらみなみまち,1丁目,火金,13,月,毎週,水,毎週,水,,さ,17,17
灘区,篠原南町,しのはらみなみまち,2丁目,火金,13,月,毎週,水,毎週,水,,さ,17,17
灘区,篠原南町,しのはらみなみまち,3丁目,火金,13,月,毎週,水,毎週,水,,さ,17,17
灘区,篠原南町,しのはらみなみまち,4丁目,火金,13,月,毎週,水,毎週,水,,さ,17,17
灘区,篠原南町,しのはらみなみまち,5丁目,火金,13,月,毎週,水,毎週,水,,さ,17,17
灘区,篠原南町,しのはらみなみまち,6丁目,火金,13,月,毎週,水,毎週,水,,さ,17,17
灘区,篠原南町,しのはらみなみまち,7丁目,火金,13,月,毎週,水,毎週,水,注意！敷地内にコンテナ等を設置している集合住宅は収集日が異なる場合があります。収集日はご利用のクリーンステーション看板でご確認いただくか、環境局灘事業所（電話：078-871-1081）へお問合せください。,さ,17,17
灘区,篠原台,しのはらだい,,月木,24,火,毎週,金,毎週,水,,さ,3,3
灘区,下河原通,しもがわらどおり,1丁目,月木,13,金,毎週,水,毎週,水,,さ,11,11
灘区,下河原通,しもがわらどおり,2丁目,月木,13,金,毎週,水,毎週,水,,さ,11,11
灘区,下河原通,しもがわらどおり,3丁目,月木,13,金,毎週,水,毎週,水,,さ,11,11
灘区,下河原通,しもがわらどおり,4丁目,月木,13,金,毎週,水,毎週,水,,さ,11,11
灘区,下河原通,しもがわらどおり,5丁目,月木,13,金,毎週,水,毎週,水,,さ,11,11
灘区,将軍通,しょうぐんどおり,1丁目,月木,24,金,毎週,水,毎週,水,,さ,16,16
灘区,将軍通,しょうぐんどおり,2丁目,月木,24,金,毎週,水,毎週,水,,さ,16,16
灘区,将軍通,しょうぐんどおり,3丁目,月木,24,金,毎週,水,毎週,水,,さ,16,16
灘区,将軍通,しょうぐんどおり,4丁目,月木,24,金,毎週,水,毎週,水,,さ,16,16
灘区,城内通,しろのうちどおり,1丁目,火金,13,木,毎週,水,毎週,水,,さ,20,20
灘区,城内通,しろのうちどおり,2丁目,火金,13,木,毎週,水,毎週,水,,さ,20,20
灘区,城内通,しろのうちどおり,3丁目,火金,13,木,毎週,水,毎週,水,,さ,20,20
灘区,城内通,しろのうちどおり,4丁目,火金,13,木,毎週,水,毎週,水,,さ,20,20
灘区,城内通,しろのうちどおり,5丁目,火金,13,木,毎週,水,毎週,水,,さ,20,20
灘区,城の下通,しろのしたどおり,1丁目,火金,24,月,毎週,木,毎週,水,,さ,7,7
灘区,城の下通,しろのしたどおり,2丁目,火金,24,月,毎週,木,毎週,水,,さ,7,7
灘区,城の下通,しろのしたどおり,3丁目,火金,24,月,毎週,木,毎週,水,,さ,7,7
灘区,新在家北町,しんざいけきたまち,1丁目,月木,13,金,毎週,火,毎週,水,,さ,2,2
灘区,新在家北町,しんざいけきたまち,2丁目,月木,13,金,毎週,火,毎週,水,,さ,2,2
灘区,新在家南町,しんざいけみなみまち,1丁目,月木,13,金,毎週,火,毎週,水,,さ,2,2
灘区,新在家南町,しんざいけみなみまち,2丁目,月木,13,金,毎週,火,毎週,水,,さ,2,2
灘区,新在家南町,しんざいけみなみまち,3丁目,月木,13,金,毎週,火,毎週,水,,さ,2,2
灘区,新在家南町,しんざいけみなみまち,4丁目,月木,13,金,毎週,火,毎週,水,,さ,2,2
灘区,新在家南町,しんざいけみなみまち,5丁目,月木,13,金,毎週,火,毎週,水,,さ,2,2
灘区,水車新田,すいしゃしんでん,,月木,24,火,毎週,金,毎週,水,,さ,3,3
灘区,水道筋,すいどうすじ,1丁目,火金,13,月,毎週,水,毎週,水,,さ,17,17
灘区,水道筋,すいどうすじ,2丁目,火金,13,月,毎週,水,毎週,水,,さ,17,17
灘区,水道筋,すいどうすじ,3丁目,火金,13,月,毎週,水,毎週,水,,さ,17,17
灘区,水道筋,すいどうすじ,4丁目,火金,13,月,毎週,水,毎週,水,,さ,17,17
灘区,水道筋,すいどうすじ,5丁目,火金,13,月,毎週,水,毎週,水,,さ,17,17
灘区,水道筋,すいどうすじ,6丁目,火金,13,月,毎週,水,毎週,水,,さ,17,17
灘区,千旦通,せんたんどおり,1丁目,月木,24,金,毎週,水,毎週,水,,さ,16,16
灘区,千旦通,せんたんどおり,2丁目,月木,24,金,毎週,水,毎週,水,,さ,16,16
灘区,千旦通,せんたんどおり,3丁目,月木,24,金,毎週,水,毎週,水,,さ,16,16
灘区,千旦通,せんたんどおり,4丁目,月木,24,金,毎週,水,毎週,水,,さ,16,16
灘区,曾和町,そわちょう,1丁目,月木,13,火,毎週,金,毎週,水,,さ,1,1
灘区,曾和町,そわちょう,2丁目,月木,13,火,毎週,金,毎週,水,,さ,1,1
灘区,曾和町,そわちょう,3丁目,月木,13,火,毎週,金,毎週,水,,さ,1,1
灘区,高尾通,たかおどおり,1丁目,火金,24,月,毎週,木,毎週,水,,た,7,7
灘区,高尾通,たかおどおり,2丁目,火金,24,月,毎週,木,毎週,水,,た,7,7
灘区,高尾通,たかおどおり,3丁目,火金,24,月,毎週,木,毎週,水,,た,7,7
灘区,高尾通,たかおどおり,4丁目,火金,24,月,毎週,木,毎週,水,,た,7,7
灘区,高羽,たかは,字滝ノ奥,月木,13,火,毎週,金,毎週,水,,た,1,1
灘区,高羽町,たかはちょう,1丁目,月木,24,金,毎週,水,毎週,水,,た,16,16
灘区,高羽町,たかはちょう,2丁目,月木,24,金,毎週,水,毎週,水,,た,16,16
灘区,高羽町,たかはちょう,3丁目,月木,24,金,毎週,水,毎週,水,,た,16,16
灘区,高羽町,たかはちょう,4丁目,月木,24,金,毎週,水,毎週,水,,た,16,16
灘区,高羽町,たかはちょう,5丁目,月木,24,金,毎週,水,毎週,水,,た,16,16
灘区,土山町,つちやまちょう,,月木,13,火,毎週,金,毎週,水,,た,1,1
灘区,鶴甲,つるかぶと）,1丁目,月木,24,火,毎週,金,毎週,水,,た,3,3
灘区,鶴甲,つるかぶと）,2丁目,月木,24,火,毎週,金,毎週,水,,た,3,3
灘区,鶴甲,つるかぶと）,3丁目,月木,24,火,毎週,金,毎週,水,,た,3,3
灘区,鶴甲,つるかぶと）,4丁目,月木,24,火,毎週,金,毎週,水,,た,3,3
灘区,鶴甲,つるかぶと）,5丁目,月木,24,火,毎週,金,毎週,水,,た,3,3
灘区,寺口町,てらぐちちょう,,月木,13,火,毎週,金,毎週,水,,た,1,1
灘区,徳井町,とくいちょう,1丁目,月木,13,火,毎週,水,毎週,水,,た,10,10
灘区,徳井町,とくいちょう,2丁目,月木,13,火,毎週,水,毎週,水,,た,10,10
灘区,徳井町,とくいちょう,3丁目,月木,13,火,毎週,水,毎週,水,,た,10,10
灘区,徳井町,とくいちょう,4丁目,月木,13,火,毎週,水,毎週,水,,た,10,10
灘区,徳井町,とくいちょう,5丁目,月木,13,火,毎週,水,毎週,水,,た,10,10
灘区,友田町,ともだちょう,1丁目,月木,13,金,毎週,火,毎週,水,,た,2,2
灘区,友田町,ともだちょう,2丁目,月木,13,金,毎週,火,毎週,水,,た,2,2
灘区,友田町,ともだちょう,3丁目,月木,13,金,毎週,火,毎週,水,,た,2,2
灘区,友田町,ともだちょう,4丁目,月木,13,金,毎週,火,毎週,水,,た,2,2
灘区,友田町,ともだちょう,5丁目,月木,13,金,毎週,火,毎週,水,,た,2,2
灘区,中郷町,なかごうちょう,1丁目,月木,13,火,毎週,水,毎週,水,,な,10,10
灘区,中郷町,なかごうちょう,2丁目,月木,13,火,毎週,水,毎週,水,,な,10,10
灘区,中郷町,なかごうちょう,3丁目,月木,13,火,毎週,水,毎週,水,,な,10,10
灘区,中郷町,なかごうちょう,4丁目,月木,13,火,毎週,水,毎週,水,,な,10,10
灘区,中原通,なかはらどおり,1丁目,火金,13,月,毎週,水,毎週,水,,な,17,17
灘区,中原通,なかはらどおり,2丁目,火金,13,月,毎週,水,毎週,水,,な,17,17
灘区,中原通,なかはらどおり,3丁目,火金,13,月,毎週,水,毎週,水,,な,17,17
灘区,中原通,なかはらどおり,4丁目,火金,13,月,毎週,水,毎週,水,,な,17,17
灘区,中原通,なかはらどおり,5丁目,火金,13,月,毎週,水,毎週,水,,な,17,17
灘区,中原通,なかはらどおり,6丁目,火金,13,月,毎週,水,毎週,水,,な,17,17
灘区,中原通,なかはらどおり,7丁目,火金,13,月,毎週,水,毎週,水,,な,17,17
灘区,永手町,ながてちょう,1丁目,月木,24,金,毎週,水,毎週,水,,な,16,16
灘区,永手町,ながてちょう,2丁目,月木,24,金,毎週,水,毎週,水,,な,16,16
灘区,永手町,ながてちょう,3丁目,月木,24,金,毎週,水,毎週,水,,な,16,16
灘区,永手町,ながてちょう,4丁目,月木,24,金,毎週,水,毎週,水,,な,16,16
灘区,永手町,ながてちょう,5丁目,月木,24,金,毎週,水,毎週,水,,な,16,16
灘区,長峰台,ながみねだい,1丁目,火金,24,月,毎週,木,毎週,水,,な,7,7
灘区,長峰台,ながみねだい,2丁目,火金,24,月,毎週,木,毎週,水,,な,7,7
灘区,灘北通,なだきたどおり,1丁目,火金,13,木,毎週,水,毎週,水,,な,20,20
灘区,灘北通,なだきたどおり,2丁目,火金,13,木,毎週,水,毎週,水,,な,20,20
灘区,灘北通,なだきたどおり,3丁目,火金,13,木,毎週,水,毎週,水,,な,20,20
灘区,灘北通,なだきたどおり,4丁目,火金,13,木,毎週,水,毎週,水,,な,20,20
灘区,灘北通,なだきたどおり,5丁目,火金,13,木,毎週,水,毎週,水,,な,20,20
灘区,灘北通,なだきたどおり,6丁目,火金,13,木,毎週,水,毎週,水,,な,20,20
灘区,灘北通,なだきたどおり,7丁目,火金,13,木,毎週,水,毎週,水,,な,20,20
灘区,灘北通,なだきたどおり,8丁目,火金,13,木,毎週,水,毎週,水,,な,20,20
灘区,灘北通,なだきたどおり,9丁目,火金,13,木,毎週,水,毎週,水,,な,20,20
灘区,灘北通,なだきたどおり,10丁目,火金,13,木,毎週,水,毎週,水,,な,20,20
灘区,灘南通,なだみなみどおり,1丁目,火金,13,木,毎週,月,毎週,水,,な,6,6
灘区,灘南通,なだみなみどおり,2丁目,火金,13,木,毎週,月,毎週,水,,な,6,6
灘区,灘南通,なだみなみどおり,3丁目,火金,13,木,毎週,月,毎週,水,,な,6,6
灘区,灘南通,なだみなみどおり,4丁目,火金,13,木,毎週,月,毎週,水,,な,6,6
灘区,灘南通,なだみなみどおり,5丁目,火金,13,木,毎週,月,毎週,水,,な,6,6
灘区,灘南通,なだみなみどおり,6丁目,火金,13,木,毎週,月,毎週,水,,な,6,6
灘区,畑原通,はたはらどおり,1丁目,火金,24,月,毎週,木,毎週,水,,は,7,7
灘区,畑原通,はたはらどおり,2丁目,火金,24,月,毎週,木,毎週,水,,は,7,7
灘区,畑原通,はたはらどおり,3丁目,火金,24,月,毎週,木,毎週,水,,は,7,7
灘区,畑原通,はたはらどおり,4丁目,火金,24,月,毎週,木,毎週,水,,は,7,7
灘区,畑原通,はたはらどおり,5丁目,火金,24,月,毎週,木,毎週,水,,は,7,7
灘区,浜田町,はまだちょう,1丁目,月木,13,金,毎週,火,毎週,水,,は,2,2
灘区,浜田町,はまだちょう,2丁目,月木,13,金,毎週,火,毎週,水,,は,2,2
灘区,浜田町,はまだちょう,3丁目,月木,13,金,毎週,火,毎週,水,,は,2,2
灘区,浜田町,はまだちょう,4丁目,月木,13,金,毎週,火,毎週,水,,は,2,2
灘区,原田通,はらだどおり,1丁目,火金,13,木,毎週,水,毎週,水,,は,20,20
灘区,原田通,はらだどおり,2丁目,火金,13,木,毎週,水,毎週,水,,は,20,20
灘区,原田通,はらだどおり,3丁目,火金,13,木,毎週,水,毎週,水,,は,20,20
灘区,稗原町,ひえはらちょう,1丁目,月木,24,金,毎週,水,毎週,水,,は,16,16
灘区,稗原町,ひえはらちょう,2丁目,月木,24,金,毎週,水,毎週,水,,は,16,16
灘区,稗原町,ひえはらちょう,3丁目,月木,24,金,毎週,水,毎週,水,,は,16,16
灘区,稗原町,ひえはらちょう,4丁目,月木,24,金,毎週,水,毎週,水,,は,16,16
灘区,日尾町,ひおちょう,1丁目,月木,24,金,毎週,水,毎週,水,,は,16,16
灘区,日尾町,ひおちょう,2丁目,月木,24,金,毎週,水,毎週,水,,は,16,16
灘区,日尾町,ひおちょう,3丁目,月木,24,金,毎週,水,毎週,水,,は,16,16
灘区,琵琶町,びわちょう,1丁目,月木,13,金,毎週,水,毎週,水,,は,11,11
灘区,琵琶町,びわちょう,2丁目,月木,13,金,毎週,水,毎週,水,,は,11,11
灘区,琵琶町,びわちょう,3丁目,月木,13,金,毎週,水,毎週,水,,は,11,11
灘区,備後町,びんごちょう,1丁目,月木,13,金,毎週,水,毎週,水,,は,11,11
灘区,備後町,びんごちょう,2丁目,月木,13,金,毎週,水,毎週,水,,は,11,11
灘区,備後町,びんごちょう,3丁目,月木,13,金,毎週,水,毎週,水,,は,11,11
灘区,備後町,びんごちょう,4丁目,月木,13,金,毎週,水,毎週,水,,は,11,11
灘区,備後町,びんごちょう,5丁目,月木,13,金,毎週,水,毎週,水,,は,11,11
灘区,深田町,ふかだちょう,1丁目,月木,13,金,毎週,水,毎週,水,,は,11,11
灘区,深田町,ふかだちょう,2丁目,月木,13,金,毎週,水,毎週,水,,は,11,11
灘区,深田町,ふかだちょう,3丁目,月木,13,金,毎週,水,毎週,水,,は,11,11
灘区,深田町,ふかだちょう,4丁目,月木,13,金,毎週,水,毎週,水,,は,11,11
灘区,福住通,ふくずみどおり,1丁目,火金,24,月,毎週,木,毎週,水,,は,7,7
灘区,福住通,ふくずみどおり,2丁目,火金,24,月,毎週,木,毎週,水,,は,7,7
灘区,福住通,ふくずみどおり,3丁目,火金,24,月,毎週,木,毎週,水,,は,7,7
灘区,福住通,ふくずみどおり,4丁目,火金,24,月,毎週,木,毎週,水,,は,7,7
灘区,福住通,ふくずみどおり,5丁目,火金,24,月,毎週,木,毎週,水,,は,7,7
灘区,福住通,ふくずみどおり,6丁目,火金,24,月,毎週,木,毎週,水,,は,7,7
灘区,福住通,ふくずみどおり,7丁目,火金,24,月,毎週,木,毎週,水,,は,7,7
灘区,福住通,ふくずみどおり,8丁目,火金,24,月,毎週,木,毎週,水,,は,7,7
灘区,船寺通,ふなでらどおり,1丁目,火金,24,木,毎週,月,毎週,水,,は,8,8
灘区,船寺通,ふなでらどおり,2丁目,火金,24,木,毎週,月,毎週,水,,は,8,8
灘区,船寺通,ふなでらどおり,3丁目,火金,24,木,毎週,月,毎週,水,,は,8,8
灘区,船寺通,ふなでらどおり,4丁目,火金,24,木,毎週,月,毎週,水,,は,8,8
灘区,船寺通,ふなでらどおり,5丁目,火金,24,木,毎週,月,毎週,水,,は,8,8
灘区,船寺通,ふなでらどおり,6丁目,火金,24,木,毎週,月,毎週,水,,は,8,8
灘区,摩耶海岸通,まやかいがんどおり,1丁目,火金,24,木,毎週,月,毎週,水,,ま,8,8
灘区,摩耶海岸通,まやかいがんどおり,2丁目,火金,24,木,毎週,月,毎週,水,,ま,8,8
灘区,味泥町,みどろちょう,,火金,24,木,毎週,月,毎週,水,,ま,8,8
灘区,箕岡通,みのおかどおり,1丁目,火金,24,月,毎週,木,毎週,水,,ま,7,7
灘区,箕岡通,みのおかどおり,2丁目,火金,24,月,毎週,木,毎週,水,,ま,7,7
灘区,箕岡通,みのおかどおり,3丁目,火金,24,月,毎週,木,毎週,水,,ま,7,7
灘区,箕岡通,みのおかどおり,4丁目,火金,24,月,毎週,木,毎週,水,,ま,7,7
灘区,都通,みやこどおり,1丁目,火金,24,木,毎週,月,毎週,水,,ま,8,8
灘区,都通,みやこどおり,2丁目,火金,24,木,毎週,月,毎週,水,,ま,8,8
灘区,都通,みやこどおり,3丁目,火金,24,木,毎週,月,毎週,水,,ま,8,8
灘区,都通,みやこどおり,4丁目,火金,24,木,毎週,月,毎週,水,,ま,8,8
灘区,都通,みやこどおり,5丁目,火金,24,木,毎週,月,毎週,水,,ま,8,8
灘区,宮山町,みややまちょう,1丁目,月木,24,金,毎週,水,毎週,水,,ま,16,16
灘区,宮山町,みややまちょう,2丁目,月木,24,金,毎週,水,毎週,水,,ま,16,16
灘区,宮山町,みややまちょう,3丁目,月木,24,金,毎週,水,毎週,水,,ま,16,16
灘区,森後町,もりごちょう,1丁目,月木,24,金,毎週,水,毎週,水,,ま,16,16
灘区,森後町,もりごちょう,2丁目,月木,24,金,毎週,水,毎週,水,,ま,16,16
灘区,森後町,もりごちょう,3丁目,月木,24,金,毎週,水,毎週,水,,ま,16,16
灘区,薬師通,やくしどおり,1丁目,火金,24,月,毎週,木,毎週,水,,や,7,7
灘区,薬師通,やくしどおり,2丁目,火金,24,月,毎週,木,毎週,水,,や,7,7
灘区,薬師通,やくしどおり,3丁目,火金,24,月,毎週,木,毎週,水,,や,7,7
灘区,薬師通,やくしどおり,4丁目,火金,24,月,毎週,木,毎週,水,,や,7,7
灘区,八幡町,やはたちょう,1丁目,月木,24,金,毎週,水,毎週,水,,や,16,16
灘区,八幡町,やはたちょう,2丁目,月木,24,金,毎週,水,毎週,水,,や,16,16
灘区,八幡町,やはたちょう,3丁目,月木,24,金,毎週,水,毎週,水,,や,16,16
灘区,八幡町,やはたちょう,4丁目,月木,24,金,毎週,水,毎週,水,,や,16,16
灘区,山田町,やまだちょう,1丁目,月木,24,金,毎週,水,毎週,水,,や,16,16
灘区,山田町,やまだちょう,2丁目,月木,24,金,毎週,水,毎週,水,,や,16,16
灘区,山田町,やまだちょう,3丁目,月木,24,金,毎週,水,毎週,水,,や,16,16
灘区,大和町,やまとちょう,1丁目,月木,13,火,毎週,水,毎週,水,,や,10,10
灘区,大和町,やまとちょう,2丁目,月木,13,火,毎週,水,毎週,水,,や,10,10
灘区,大和町,やまとちょう,3丁目,月木,13,火,毎週,水,毎週,水,,や,10,10
灘区,大和町,やまとちょう,4丁目,月木,13,火,毎週,水,毎週,水,,や,10,10
灘区,大和町,やまとちょう,5丁目,月木,13,火,毎週,水,毎週,水,,や,10,10
灘区,弓木町,ゆみのきちょう,2丁目,月木,13,火,毎週,水,毎週,水,,や,10,10
灘区,弓木町,ゆみのきちょう,3丁目,月木,13,火,毎週,水,毎週,水,,や,10,10
灘区,弓木町,ゆみのきちょう,4丁目,月木,13,火,毎週,水,毎週,水,,や,10,10
灘区,弓木町,ゆみのきちょう,5丁目,月木,13,火,毎週,水,毎週,水,,や,10,10
灘区,六甲台町,ろっこうだいちょう,,月木,24,火,毎週,金,毎週,水,注意！一部の地域で「燃えないごみ」「カセットボンベ・スプレー缶」の収集日が異なるクリーンステーションがあります。収集日はご利用のクリーンステーション看板でご確認いただくか、環境局灘事業所（電話：078-871-1081）へお問合せください。,ら,3,3
灘区,六甲町,ろっこうちょう,1丁目,月木,24,金,毎週,水,毎週,水,,ら,16,16
灘区,六甲町,ろっこうちょう,2丁目,月木,24,金,毎週,水,毎週,水,,ら,16,16
灘区,六甲町,ろっこうちょう,3丁目,月木,24,金,毎週,水,毎週,水,,ら,16,16
灘区,六甲町,ろっこうちょう,4丁目,月木,24,金,毎週,水,毎週,水,,ら,16,16
灘区,六甲町,ろっこうちょう,5丁目,月木,24,金,毎週,水,毎週,水,,ら,16,16
中央区,相生町,あいおいちょう,1丁目,火金,13,木,毎週,月,毎週,水,,あ,6,6
中央区,相生町,あいおいちょう,2丁目,火金,13,月,毎週,木,毎週,水,,あ,5,5
中央区,相生町,あいおいちょう,3丁目,火金,13,月,毎週,木,毎週,水,,あ,5,5
中央区,相生町,あいおいちょう,4丁目,火金,13,月,毎週,木,毎週,水,,あ,5,5
中央区,相生町,あいおいちょう,5丁目(国道2号線より北側）,火金,13,月,毎週,木,毎週,水,,あ,5,5
中央区,相生町,あいおいちょう,5丁目(国道2号線より南側）,火金,13,木,-,-,毎週,水,曜日の記載がない分別区分の収集日については、ご利用のクリーンステーション看板でご確認いただくか、環境局中央事業所（電話：078-251-3521）へお問合せください。,あ,-,-
中央区,明石町,あかしまち,,火金,13,木,-,-,毎週,水,曜日の記載がない分別区分の収集日については、ご利用のクリーンステーション看板でご確認いただくか、環境局中央事業所（電話：078-251-3521）へお問合せください。,あ,-,-
中央区,旭通,あさひどおり,1丁目,月木,13,火,毎週,金,毎週,水,,あ,1,1
中央区,旭通,あさひどおり,2丁目,月木,13,火,毎週,金,毎週,水,,あ,1,1
中央区,旭通,あさひどおり,3丁目,月木,13,火,毎週,金,毎週,水,,あ,1,1
中央区,旭通,あさひどおり,4丁目,月木,13,火,毎週,金,毎週,水,,あ,1,1
中央区,旭通,あさひどおり,5丁目,月木,13,火,毎週,金,毎週,水,,あ,1,1
中央区,吾妻通,あづまどおり,1丁目,月木,13,火,毎週,金,毎週,水,,あ,1,1
中央区,吾妻通,あづまどおり,2丁目,月木,13,火,毎週,金,毎週,水,,あ,1,1
中央区,吾妻通,あづまどおり,3丁目,月木,13,火,毎週,金,毎週,水,,あ,1,1
中央区,吾妻通,あづまどおり,4丁目,月木,13,火,毎週,金,毎週,水,,あ,1,1
中央区,吾妻通,あづまどおり,5丁目,月木,13,火,毎週,金,毎週,水,,あ,1,1
中央区,吾妻通,あづまどおり,6丁目,月木,13,火,毎週,金,毎週,水,,あ,1,1
中央区,生田町,いくたちょう,1丁目,火金,24,月,毎週,木,毎週,水,,あ,7,7
中央区,生田町,いくたちょう,2丁目,火金,24,月,毎週,木,毎週,水,,あ,7,7
中央区,生田町,いくたちょう,3丁目,火金,24,月,毎週,木,毎週,水,,あ,7,7
中央区,生田町,いくたちょう,4丁目,火金,24,月,毎週,木,毎週,水,,あ,7,7
中央区,磯上通,いそがみどおり,1丁目,月木,24,火,毎週,水,毎週,水,,あ,15,15
中央区,磯上通,いそがみどおり,2丁目,月木,24,火,毎週,水,毎週,水,,あ,15,15
中央区,磯上通,いそがみどおり,3丁目,月木,24,火,毎週,水,毎週,水,,あ,15,15
中央区,磯上通,いそがみどおり,4丁目,月木,24,火,毎週,水,毎週,水,,あ,15,15
中央区,磯上通,いそがみどおり,5丁目,月木,24,火,毎週,水,毎週,水,,あ,15,15
中央区,磯上通,いそがみどおり,6丁目,月木,24,火,毎週,水,毎週,水,,あ,15,15
中央区,磯上通,いそがみどおり,7丁目,月木,24,火,毎週,水,毎週,水,,あ,15,15
中央区,磯上通,いそがみどおり,8丁目,月木,24,火,毎週,水,毎週,水,,あ,15,15
中央区,磯辺通,いそべどおり,1丁目,月木,24,火,毎週,水,毎週,水,,あ,15,15
中央区,磯辺通,いそべどおり,2丁目,月木,24,火,毎週,水,毎週,水,,あ,15,15
中央区,磯辺通,いそべどおり,3丁目,月木,24,火,毎週,水,毎週,水,,あ,15,15
中央区,磯辺通,いそべどおり,4丁目,月木,24,火,毎週,水,毎週,水,,あ,15,15
中央区,伊藤町,いとうまち,,火金,13,木,毎週,水,毎週,水,,あ,20,20
中央区,江戸町,えどまち,,火金,13,木,毎週,水,毎週,水,,あ,20,20
中央区,小野柄通,おのえどおり,1丁目,月木,24,火,毎週,水,毎週,水,,あ,15,15
中央区,小野柄通,おのえどおり,2丁目,月木,24,火,毎週,水,毎週,水,,あ,15,15
中央区,小野柄通,おのえどおり,3丁目,月木,24,火,毎週,水,毎週,水,,あ,15,15
中央区,小野柄通,おのえどおり,4丁目,月木,24,火,毎週,水,毎週,水,,あ,15,15
中央区,小野柄通,おのえどおり,5丁目,月木,24,火,毎週,水,毎週,水,,あ,15,15
中央区,小野柄通,おのえどおり,6丁目,月木,24,火,毎週,水,毎週,水,,あ,15,15
中央区,小野柄通,おのえどおり,7丁目,月木,24,火,毎週,水,毎週,水,,あ,15,15
中央区,小野柄通,おのえどおり,8丁目,月木,24,火,毎週,水,毎週,水,,あ,15,15
中央区,海岸通,かいがんどおり,丁目なし,火金,13,木,毎週,月,毎週,水,,か,6,6
中央区,海岸通,かいがんどおり,1丁目,火金,13,木,毎週,月,毎週,水,,か,6,6
中央区,海岸通,かいがんどおり,2丁目,火金,13,木,毎週,月,毎週,水,,か,6,6
中央区,海岸通,かいがんどおり,3丁目,火金,13,木,毎週,月,毎週,水,,か,6,6
中央区,海岸通,かいがんどおり,4丁目,火金,13,木,毎週,月,毎週,水,,か,6,6
中央区,海岸通,かいがんどおり,5丁目,火金,13,木,毎週,月,毎週,水,,か,6,6
中央区,海岸通,かいがんどおり,6丁目,火金,13,木,毎週,月,毎週,水,,か,6,6
中央区,籠池通,かごいけどおり,1丁目,月木,13,金,毎週,火,毎週,水,,か,2,2
中央区,籠池通,かごいけどおり,2丁目,月木,13,金,毎週,火,毎週,水,,か,2,2
中央区,籠池通,かごいけどおり,3丁目,月木,13,金,毎週,火,毎週,水,,か,2,2
中央区,籠池通,かごいけどおり,4丁目,月木,13,金,毎週,火,毎週,水,,か,2,2
中央区,籠池通,かごいけどおり,5丁目,月木,13,金,毎週,火,毎週,水,,か,2,2
中央区,籠池通,かごいけどおり,6丁目,月木,13,金,毎週,火,毎週,水,,か,2,2
中央区,籠池通,かごいけどおり,7丁目,月木,13,金,毎週,火,毎週,水,,か,2,2
中央区,加納町,かのうちょう,1丁目,火金,24,月,毎週,木,毎週,水,注意！一部の地域で収集日が異なるクリーンステーションがあります。収集日はご利用のクリーンステーション看板でご確認いただくか、環境局中央事業所（電話：078-251-3521）へお問合せください。,か,7,7
中央区,加納町,かのうちょう,2丁目,火金,24,月,毎週,木,毎週,水,,か,7,7
中央区,加納町,かのうちょう,3丁目（山手幹線より北側）,火金,24,月,毎週,木,毎週,水,,か,7,7
中央区,加納町,かのうちょう,3丁目（山手幹線より南側）,火金,24,木,毎週,月,毎週,水,,か,8,8
中央区,加納町,かのうちょう,4丁目,火金,24,木,毎週,月,毎週,水,,か,8,8
中央区,加納町,かのうちょう,5丁目,火金,13,木,毎週,月,毎週,水,,か,6,6
中央区,加納町,かのうちょう,6丁目,火金,13,木,毎週,水,毎週,水,,か,20,20
中央区,上筒井通,かみつついどおり,1丁目,月木,13,金,毎週,火,毎週,水,,か,2,2
中央区,上筒井通,かみつついどおり,2丁目,月木,13,金,毎週,火,毎週,水,,か,2,2
中央区,上筒井通,かみつついどおり,3丁目,月木,13,金,毎週,火,毎週,水,,か,2,2
中央区,上筒井通,かみつついどおり,4丁目,月木,13,金,毎週,火,毎週,水,,か,2,2
中央区,上筒井通,かみつついどおり,5丁目,月木,13,金,毎週,火,毎週,水,,か,2,2
中央区,上筒井通,かみつついどおり,6丁目,月木,13,金,毎週,火,毎週,水,,か,2,2
中央区,上筒井通,かみつついどおり,7丁目,月木,13,金,毎週,火,毎週,水,,か,2,2
中央区,神若通,かみわかどおり,1丁目,月木,13,火,毎週,金,毎週,水,,か,1,1
中央区,神若通,かみわかどおり,2丁目,月木,13,火,毎週,金,毎週,水,,か,1,1
中央区,神若通,かみわかどおり,3丁目,月木,13,火,毎週,金,毎週,水,,か,1,1
中央区,神若通,かみわかどおり,4丁目,月木,13,火,毎週,金,毎週,水,,か,1,1
中央区,神若通,かみわかどおり,5丁目,月木,13,火,毎週,金,毎週,水,,か,1,1
中央区,神若通,かみわかどおり,6丁目,月木,13,火,毎週,金,毎週,水,,か,1,1
中央区,神若通,かみわかどおり,7丁目,月木,13,火,毎週,金,毎週,水,,か,1,1
中央区,北長狭通,きたながさどおり,2丁目,火金,24,木,毎週,月,毎週,水,,か,8,8
中央区,北長狭通,きたながさどおり,3丁目,火金,24,木,毎週,月,毎週,水,,か,8,8
中央区,北長狭通,きたながさどおり,4丁目,火金,24,木,毎週,月,毎週,水,,か,8,8
中央区,北長狭通,きたながさどおり,5丁目,火金,24,木,毎週,月,毎週,水,,か,8,8
中央区,北長狭通,きたながさどおり,6丁目,火金,24,木,毎週,月,毎週,水,,か,8,8
中央区,北長狭通,きたながさどおり,7丁目,火金,24,木,毎週,月,毎週,水,,か,8,8
中央区,北長狭通,きたながさどおり,8丁目,火金,13,月,毎週,木,毎週,水,,か,5,5
中央区,北本町通,きたほんまちどおり,1丁目,月木,24,火,毎週,水,毎週,水,,か,15,15
中央区,北本町通,きたほんまちどおり,2丁目,月木,24,火,毎週,水,毎週,水,,か,15,15
中央区,北本町通,きたほんまちどおり,3丁目,月木,24,火,毎週,水,毎週,水,,か,15,15
中央区,北本町通,きたほんまちどおり,4丁目,月木,24,火,毎週,水,毎週,水,,か,15,15
中央区,北本町通,きたほんまちどおり,5丁目,月木,24,火,毎週,水,毎週,水,,か,15,15
中央区,北本町通,きたほんまちどおり,6丁目,月木,24,火,毎週,水,毎週,水,,か,15,15
中央区,北野町,きたのちょう,1丁目,火金,24,月,毎週,木,毎週,水,,か,7,7
中央区,北野町,きたのちょう,2丁目,火金,24,月,毎週,木,毎週,水,,か,7,7
中央区,北野町,きたのちょう,3丁目,火金,24,月,毎週,木,毎週,水,,か,7,7
中央区,北野町,きたのちょう,4丁目,火金,24,月,毎週,木,毎週,水,,か,7,7
中央区,楠町,くすのきちょう,1丁目,火金,13,月,毎週,木,毎週,水,,か,5,5
中央区,楠町,くすのきちょう,2丁目,火金,13,月,毎週,木,毎週,水,,か,5,5
中央区,楠町,くすのきちょう,3丁目,火金,13,月,毎週,木,毎週,水,,か,5,5
中央区,楠町,くすのきちょう,4丁目,火金,13,月,毎週,木,毎週,水,,か,5,5
中央区,楠町,くすのきちょう,5丁目,火金,13,月,毎週,木,毎週,水,,か,5,5
中央区,楠町,くすのきちょう,6丁目,火金,13,月,毎週,木,毎週,水,,か,5,5
中央区,楠町,くすのきちょう,7丁目,火金,13,月,毎週,木,毎週,水,,か,5,5
中央区,楠町,くすのきちょう,8丁目,火金,13,月,毎週,木,毎週,水,,か,5,5
中央区,国香通,くにかどおり,1丁目,月木,13,火,毎週,金,毎週,水,,か,1,1
中央区,国香通,くにかどおり,2丁目,月木,13,火,毎週,金,毎週,水,,か,1,1
中央区,国香通,くにかどおり,3丁目,月木,13,火,毎週,金,毎週,水,,か,1,1
中央区,国香通,くにかどおり,4丁目,月木,13,火,毎週,金,毎週,水,,か,1,1
中央区,国香通,くにかどおり,5丁目,月木,13,火,毎週,金,毎週,水,,か,1,1
中央区,国香通,くにかどおり,6丁目,月木,13,火,毎週,金,毎週,水,,か,1,1
中央区,国香通,くにかどおり,7丁目,月木,13,火,毎週,金,毎週,水,,か,1,1
中央区,雲井通,くもいどおり,1丁目,月木,13,火,毎週,金,毎週,水,,か,1,1
中央区,雲井通,くもいどおり,2丁目,月木,13,火,毎週,金,毎週,水,,か,1,1
中央区,雲井通,くもいどおり,3丁目,月木,13,火,毎週,金,毎週,水,,か,1,1
中央区,雲井通,くもいどおり,4丁目,月木,13,火,毎週,金,毎週,水,,か,1,1
中央区,雲井通,くもいどおり,5丁目,月木,13,火,毎週,金,毎週,水,,か,1,1
中央区,雲井通,くもいどおり,6丁目,月木,13,火,毎週,金,毎週,水,,か,1,1
中央区,雲井通,くもいどおり,7丁目,月木,13,火,毎週,金,毎週,水,,か,1,1
中央区,雲井通,くもいどおり,8丁目,月木,13,火,毎週,金,毎週,水,,か,1,1
中央区,熊内町,くもちちょう,1丁目,月木,13,金,毎週,火,毎週,水,,か,2,2
中央区,熊内町,くもちちょう,2丁目,月木,13,金,毎週,火,毎週,水,,か,2,2
中央区,熊内町,くもちちょう,3丁目,月木,13,金,毎週,火,毎週,水,,か,2,2
中央区,熊内町,くもちちょう,4丁目,月木,13,金,毎週,火,毎週,水,,か,2,2
中央区,熊内町,くもちちょう,5丁目,月木,13,金,毎週,火,毎週,水,,か,2,2
中央区,熊内町,くもちちょう,6丁目,月木,13,金,毎週,火,毎週,水,,か,2,2
中央区,熊内町,くもちちょう,7丁目,月木,13,金,毎週,火,毎週,水,,か,2,2
中央区,熊内町,くもちちょう,8丁目,月木,13,金,毎週,火,毎週,水,,か,2,2
中央区,熊内町,くもちちょう,9丁目,月木,13,金,毎週,火,毎週,水,,か,2,2
中央区,熊内橋通,くもちばしどおり,1丁目,月木,13,火,毎週,金,毎週,水,,か,1,1
中央区,熊内橋通,くもちばしどおり,2丁目,月木,13,火,毎週,金,毎週,水,,か,1,1
中央区,熊内橋通,くもちばしどおり,3丁目,月木,13,火,毎週,金,毎週,水,,か,1,1
中央区,熊内橋通,くもちばしどおり,4丁目,月木,13,火,毎週,金,毎週,水,,か,1,1
中央区,熊内橋通,くもちばしどおり,5丁目,月木,13,火,毎週,金,毎週,水,,か,1,1
中央区,熊内橋通,くもちばしどおり,6丁目,月木,13,火,毎週,金,毎週,水,,か,1,1
中央区,熊内橋通,くもちばしどおり,7丁目,月木,13,火,毎週,金,毎週,水,,か,1,1
中央区,神戸港地方,こうべこうじかた,,火金,24,月,毎週,木,毎週,水,,か,7,7
中央区,琴ノ緒町,ことのおちょう,1丁目,月木,13,火,毎週,金,毎週,水,,か,1,1
中央区,琴ノ緒町,ことのおちょう,2丁目,月木,13,火,毎週,金,毎週,水,,か,1,1
中央区,琴ノ緒町,ことのおちょう,3丁目,月木,13,火,毎週,金,毎週,水,,か,1,1
中央区,琴ノ緒町,ことのおちょう,4丁目,月木,13,火,毎週,金,毎週,水,,か,1,1
中央区,琴ノ緒町,ことのおちょう,5丁目,月木,13,火,毎週,金,毎週,水,,か,1,1
中央区,古湊通,こみなとどおり,1丁目,火金,13,月,毎週,木,毎週,水,,か,5,5
中央区,古湊通,こみなとどおり,2丁目,火金,13,月,毎週,木,毎週,水,,か,5,5
中央区,御幸通,ごこうどおり,1丁目,月木,24,火,毎週,水,毎週,水,,か,15,15
中央区,御幸通,ごこうどおり,2丁目,月木,24,火,毎週,水,毎週,水,,か,15,15
中央区,御幸通,ごこうどおり,3丁目,月木,24,火,毎週,水,毎週,水,,か,15,15
中央区,御幸通,ごこうどおり,4丁目,月木,24,火,毎週,水,毎週,水,,か,15,15
中央区,御幸通,ごこうどおり,5丁目,月木,24,火,毎週,水,毎週,水,,か,15,15
中央区,御幸通,ごこうどおり,6丁目,月木,24,火,毎週,水,毎週,水,,か,15,15
中央区,御幸通,ごこうどおり,7丁目,月木,24,火,毎週,水,毎週,水,,か,15,15
中央区,御幸通,ごこうどおり,8丁目,月木,24,火,毎週,水,毎週,水,,か,15,15
中央区,栄町通,さかえまちどおり,1丁目,火金,13,木,毎週,月,毎週,水,,さ,6,6
中央区,栄町通,さかえまちどおり,2丁目,火金,13,木,毎週,月,毎週,水,,さ,6,6
中央区,栄町通,さかえまちどおり,3丁目,火金,13,木,毎週,月,毎週,水,,さ,6,6
中央区,栄町通,さかえまちどおり,4丁目,火金,13,木,毎週,月,毎週,水,,さ,6,6
中央区,栄町通,さかえまちどおり,5丁目,火金,13,木,毎週,月,毎週,水,,さ,6,6
中央区,栄町通,さかえまちどおり,6丁目,火金,13,木,毎週,月,毎週,水,,さ,6,6
中央区,栄町通,さかえまちどおり,7丁目,火金,13,木,毎週,月,毎週,水,,さ,6,6
中央区,坂口通,さかぐちどおり,1丁目,月木,24,火,毎週,金,毎週,水,,さ,3,3
中央区,坂口通,さかぐちどおり,2丁目,月木,24,火,毎週,金,毎週,水,,さ,3,3
中央区,坂口通,さかぐちどおり,3丁目,月木,24,火,毎週,金,毎週,水,,さ,3,3
中央区,坂口通,さかぐちどおり,4丁目,月木,24,火,毎週,金,毎週,水,,さ,3,3
中央区,坂口通,さかぐちどおり,5丁目,月木,24,火,毎週,金,毎週,水,,さ,3,3
中央区,坂口通,さかぐちどおり,6丁目,月木,24,火,毎週,金,毎週,水,,さ,3,3
中央区,坂口通,さかぐちどおり,7丁目,月木,24,火,毎週,金,毎週,水,,さ,3,3
中央区,三宮町,さんのみやちょう,1丁目,火金,13,木,毎週,水,毎週,水,,さ,20,20
中央区,三宮町,さんのみやちょう,2丁目,火金,13,木,毎週,水,毎週,水,,さ,20,20
中央区,三宮町,さんのみやちょう,3丁目,火金,13,木,毎週,水,毎週,水,,さ,20,20
中央区,東雲通,しののめどおり,1丁目,月木,13,火,毎週,金,毎週,水,,さ,1,1
中央区,東雲通,しののめどおり,2丁目,月木,13,火,毎週,金,毎週,水,,さ,1,1
中央区,東雲通,しののめどおり,3丁目,月木,13,火,毎週,金,毎週,水,,さ,1,1
中央区,東雲通,しののめどおり,4丁目,月木,13,火,毎週,金,毎週,水,,さ,1,1
中央区,東雲通,しののめどおり,5丁目,月木,13,火,毎週,金,毎週,水,,さ,1,1
中央区,東雲通,しののめどおり,6丁目,月木,13,火,毎週,金,毎週,水,,さ,1,1
中央区,下山手通,しもやまてどおり,1丁目,火金,24,木,毎週,月,毎週,水,,さ,8,8
中央区,下山手通,しもやまてどおり,2丁目,火金,24,木,毎週,月,毎週,水,,さ,8,8
中央区,下山手通,しもやまてどおり,3丁目,火金,24,木,毎週,月,毎週,水,,さ,8,8
中央区,下山手通,しもやまてどおり,4丁目,火金,24,木,毎週,月,毎週,水,,さ,8,8
中央区,下山手通,しもやまてどおり,5丁目,火金,24,木,毎週,月,毎週,水,,さ,8,8
中央区,下山手通,しもやまてどおり,6丁目（山手幹線より北側）,火金,13,月,毎週,木,毎週,水,,さ,5,5
中央区,下山手通,しもやまてどおり,6丁目（山手幹線より南側）,火金,24,木,毎週,月,毎週,水,,さ,8,8
中央区,下山手通,しもやまてどおり,7丁目（山手幹線より北側）,火金,13,月,毎週,木,毎週,水,,さ,5,5
中央区,下山手通,しもやまてどおり,7丁目（山手幹線より南側）,火金,24,木,毎週,月,毎週,水,,さ,8,8
中央区,下山手通,しもやまてどおり,8丁目,火金,24,木,毎週,月,毎週,水,,さ,8,8
中央区,下山手通,しもやまてどおり,9丁目（山手幹線より北側）,火金,13,月,毎週,木,毎週,水,,さ,5,5
中央区,下山手通,しもやまてどおり,9丁目（山手幹線より南側）,火金,24,木,毎週,月,毎週,水,,さ,8,8
中央区,新港町,しんこうちょう,,火金,13,木,毎週,水,毎週,水,,さ,20,20
中央区,神仙寺通,しんせんじどおり,1丁目,月木,13,金,毎週,火,毎週,水,,さ,2,2
中央区,神仙寺通,しんせんじどおり,2丁目,月木,13,金,毎週,火,毎週,水,,さ,2,2
中央区,神仙寺通,しんせんじどおり,3丁目,月木,13,金,毎週,火,毎週,水,,さ,2,2
中央区,神仙寺通,しんせんじどおり,4丁目,月木,13,金,毎週,火,毎週,水,,さ,2,2
中央区,諏訪山町,すわやまちょう,,火金,24,月,毎週,木,毎週,水,,さ,7,7
中央区,橘通,たちばなどおり,1丁目,火金,13,月,毎週,木,毎週,水,,た,5,5
中央区,橘通,たちばなどおり,2丁目,火金,13,月,毎週,木,毎週,水,,た,5,5
中央区,橘通,たちばなどおり,3丁目,火金,13,月,毎週,木,毎週,水,,た,5,5
中央区,橘通,たちばなどおり,4丁目,火金,13,月,毎週,木,毎週,水,,た,5,5
中央区,多聞通,たもんどおり,1丁目,火金,13,月,毎週,木,毎週,水,,た,5,5
中央区,多聞通,たもんどおり,2丁目,火金,13,月,毎週,木,毎週,水,,た,5,5
中央区,多聞通,たもんどおり,3丁目,火金,13,月,毎週,木,毎週,水,,た,5,5
中央区,多聞通,たもんどおり,4丁目,火金,13,月,毎週,木,毎週,水,,た,5,5
中央区,多聞通,たもんどおり,5丁目,火金,13,月,毎週,木,毎週,水,,た,5,5
中央区,大日通,だいにちどおり,1丁目,月木,24,火,毎週,金,毎週,水,,た,3,3
中央区,大日通,だいにちどおり,2丁目,月木,24,火,毎週,金,毎週,水,,た,3,3
中央区,大日通,だいにちどおり,3丁目,月木,24,火,毎週,金,毎週,水,,た,3,3
中央区,大日通,だいにちどおり,4丁目,月木,24,火,毎週,金,毎週,水,,た,3,3
中央区,大日通,だいにちどおり,5丁目,月木,24,火,毎週,金,毎週,水,,た,3,3
中央区,大日通,だいにちどおり,6丁目,月木,24,火,毎週,金,毎週,水,,た,3,3
中央区,大日通,だいにちどおり,7丁目,月木,24,火,毎週,金,毎週,水,,た,3,3
中央区,筒井町,つついちょう,1丁目,月木,24,火,毎週,水,毎週,水,,た,15,15
中央区,筒井町,つついちょう,2丁目,月木,24,火,毎週,水,毎週,水,,た,15,15
中央区,筒井町,つついちょう,3丁目,月木,24,火,毎週,水,毎週,水,,た,15,15
中央区,中尾町,なかおちょう,,月木,13,金,毎週,火,毎週,水,,な,2,2
中央区,中島通,なかじまどおり,1丁目,月木,13,金,毎週,火,毎週,水,,な,2,2
中央区,中島通,なかじまどおり,2丁目,月木,13,金,毎週,火,毎週,水,,な,2,2
中央区,中島通,なかじまどおり,3丁目,月木,13,金,毎週,火,毎週,水,,な,2,2
中央区,中島通,なかじまどおり,4丁目,月木,13,金,毎週,火,毎週,水,,な,2,2
中央区,中島通,なかじまどおり,5丁目,月木,13,金,毎週,火,毎週,水,,な,2,2
中央区,中山手通,なかやまてどおり,1丁目（山手幹線より北側）,火金,24,月,毎週,木,毎週,水,,な,7,7
中央区,中山手通,なかやまてどおり,1丁目（山手幹線より南側）,火金,24,木,毎週,月,毎週,水,,な,8,8
中央区,中山手通,なかやまてどおり,2丁目（山手幹線より北側）,火金,24,月,毎週,木,毎週,水,,な,7,7
中央区,中山手通,なかやまてどおり,2丁目（山手幹線より南側）,火金,24,木,毎週,月,毎週,水,,な,8,8
中央区,中山手通,なかやまてどおり,3丁目（山手幹線より北側）,火金,24,月,毎週,木,毎週,水,,な,7,7
中央区,中山手通,なかやまてどおり,3丁目（山手幹線より南側）,火金,24,木,毎週,月,毎週,水,,な,8,8
中央区,中山手通,なかやまてどおり,4丁目（山手幹線より北側）,火金,24,月,毎週,木,毎週,水,,な,7,7
中央区,中山手通,なかやまてどおり,4丁目（山手幹線より南側）,火金,24,木,毎週,月,毎週,水,,な,8,8
中央区,中山手通,なかやまてどおり,5丁目,火金,13,月,毎週,木,毎週,水,,な,5,5
中央区,中山手通,なかやまてどおり,6丁目,火金,13,月,毎週,木,毎週,水,,な,5,5
中央区,中山手通,なかやまてどおり,7丁目,火金,13,月,毎週,木,毎週,水,,な,5,5
中央区,中山手通,なかやまてどおり,8丁目,火金,13,月,毎週,木,毎週,水,,な,5,5
中央区,中町通,なかまちどおり,2丁目,火金,13,月,毎週,木,毎週,水,,な,5,5
中央区,中町通,なかまちどおり,3丁目,火金,13,月,毎週,木,毎週,水,,な,5,5
中央区,中町通,なかまちどおり,4丁目,火金,13,月,毎週,木,毎週,水,,な,5,5
中央区,二宮町,にのみやちょう,1丁目(山手幹線より北側）,火金,24,月,毎週,木,毎週,水,,な,7,7
中央区,二宮町,にのみやちょう,1丁目(山手幹線より南側）,月木,13,火,毎週,金,毎週,水,,な,1,1
中央区,二宮町,にのみやちょう,2丁目(山手幹線より北側）,火金,24,月,毎週,木,毎週,水,,な,7,7
中央区,二宮町,にのみやちょう,2丁目(山手幹線より南側）,月木,13,火,毎週,金,毎週,水,,な,1,1
中央区,二宮町,にのみやちょう,3丁目(山手幹線より北側）,火金,24,月,毎週,木,毎週,水,,な,7,7
中央区,二宮町,にのみやちょう,3丁目(山手幹線より南側）,月木,13,火,毎週,金,毎週,水,,な,1,1
中央区,二宮町,にのみやちょう,4丁目(山手幹線より北側）,火金,24,月,毎週,木,毎週,水,,な,7,7
中央区,二宮町,にのみやちょう,4丁目(山手幹線より南側）,月木,13,火,毎週,金,毎週,水,,な,1,1
中央区,布引町,ぬのびきちょう,1丁目,火金,24,月,毎週,木,毎週,水,,な,7,7
中央区,布引町,ぬのびきちょう,2丁目,火金,24,月,毎週,木,毎週,水,,な,7,7
中央区,布引町,ぬのびきちょう,3丁目,月木,13,火,毎週,金,毎週,水,,な,1,1
中央区,布引町,ぬのびきちょう,4丁目,月木,13,火,毎週,金,毎週,水,,な,1,1
中央区,野崎通,のざきどおり,1丁目,月木,13,金,毎週,火,毎週,水,,な,2,2
中央区,野崎通,のざきどおり,2丁目,月木,13,金,毎週,火,毎週,水,,な,2,2
中央区,野崎通,のざきどおり,3丁目,月木,13,金,毎週,火,毎週,水,,な,2,2
中央区,野崎通,のざきどおり,4丁目,月木,13,金,毎週,火,毎週,水,,な,2,2
中央区,野崎通,のざきどおり,5丁目,月木,13,金,毎週,火,毎週,水,,な,2,2
中央区,野崎通,のざきどおり,6丁目,月木,13,金,毎週,火,毎週,水,,な,2,2
中央区,野崎通,のざきどおり,7丁目,月木,13,金,毎週,火,毎週,水,,な,2,2
中央区,旗塚通,はたづかどおり,1丁目,月木,13,火,毎週,金,毎週,水,,は,1,1
中央区,旗塚通,はたづかどおり,2丁目,月木,13,火,毎週,金,毎週,水,,は,1,1
中央区,旗塚通,はたづかどおり,3丁目,月木,13,火,毎週,金,毎週,水,,は,1,1
中央区,旗塚通,はたづかどおり,4丁目,月木,13,火,毎週,金,毎週,水,,は,1,1
中央区,旗塚通,はたづかどおり,5丁目,月木,13,火,毎週,金,毎週,水,,は,1,1
中央区,旗塚通,はたづかどおり,6丁目,月木,13,火,毎週,金,毎週,水,,は,1,1
中央区,旗塚通,はたづかどおり,7丁目,月木,13,火,毎週,金,毎週,水,,は,1,1
中央区,八幡通,はちまんどおり,1丁目,月木,24,火,毎週,水,毎週,水,,は,15,15
中央区,八幡通,はちまんどおり,2丁目,月木,24,火,毎週,水,毎週,水,,は,15,15
中央区,八幡通,はちまんどおり,3丁目,月木,24,火,毎週,水,毎週,水,,は,15,15
中央区,八幡通,はちまんどおり,4丁目,月木,24,火,毎週,水,毎週,水,,は,15,15
中央区,波止場町,はとばちょう,,火金,13,木,毎週,月,毎週,水,,は,6,6
中央区,花隈町,はなくまちょう,,火金,24,木,毎週,月,毎週,水,,は,8,8
中央区,浜辺通,はまべどおり,1丁目,月木,24,火,毎週,水,毎週,水,,は,15,15
中央区,浜辺通,はまべどおり,2丁目,月木,24,火,毎週,水,毎週,水,,は,15,15
中央区,浜辺通,はまべどおり,3丁目,月木,24,火,毎週,水,毎週,水,,は,15,15
中央区,浜辺通,はまべどおり,4丁目,月木,24,火,毎週,水,毎週,水,,は,15,15
中央区,浜辺通,はまべどおり,5丁目,月木,24,火,毎週,水,毎週,水,,は,15,15
中央区,浜辺通,はまべどおり,6丁目,月木,24,火,毎週,水,毎週,水,,は,15,15
中央区,東町,ひがしまち,丁目なし,火金,13,木,毎週,水,毎週,水,,は,20,20
中央区,東川崎町,ひがしかわさきちょう,1丁目,火金,13,木,毎週,水,毎週,水,,は,20,20
中央区,東川崎町,ひがしかわさきちょう,2丁目,火金,13,木,毎週,水,毎週,水,,は,20,20
中央区,東川崎町,ひがしかわさきちょう,3丁目,火金,13,木,毎週,水,毎週,水,,は,20,20
中央区,東川崎町,ひがしかわさきちょう,4丁目,火金,13,木,毎週,水,毎週,水,,は,20,20
中央区,東川崎町,ひがしかわさきちょう,5丁目,火金,13,木,毎週,水,毎週,水,,は,20,20
中央区,東川崎町,ひがしかわさきちょう,6丁目,火金,13,木,毎週,水,毎週,水,,は,20,20
中央区,東川崎町,ひがしかわさきちょう,7丁目,火金,13,木,毎週,水,毎週,水,,は,20,20
中央区,日暮通,ひぐれどおり,1丁目,月木,13,火,毎週,金,毎週,水,,は,1,1
中央区,日暮通,ひぐれどおり,2丁目,月木,13,火,毎週,金,毎週,水,,は,1,1
中央区,日暮通,ひぐれどおり,3丁目,月木,13,火,毎週,金,毎週,水,,は,1,1
中央区,日暮通,ひぐれどおり,4丁目,月木,13,火,毎週,金,毎週,水,,は,1,1
中央区,日暮通,ひぐれどおり,5丁目,月木,13,火,毎週,金,毎週,水,,は,1,1
中央区,日暮通,ひぐれどおり,6丁目,月木,13,火,毎週,金,毎週,水,,は,1,1
中央区,葺合町,ふきあいちょう,,月木,13,金,毎週,火,毎週,水,,は,2,2
中央区,再度筋町,ふたたびすじちょう,,火金,24,月,毎週,木,毎週,水,,は,7,7
中央区,港島,みなとじま,,火金,24,金,毎週,水,毎週,水,,ま,45,45
中央区,港島中町,みなとじまなかまち,2丁目,火金,24,金,毎週,水,毎週,水,注意！一部の地域で収集日が異なるクリーンステーションがあります。収集日はご利用のクリーンステーション看板でご確認いただくか、環境局中央事業所（電話：078-251-3521）へお問合せください。,ま,45,45
中央区,港島中町,みなとじまなかまち,3丁目,火金,24,金,毎週,水,毎週,水,,ま,45,45
中央区,港島中町,みなとじまなかまち,4丁目,火金,24,金,毎週,水,毎週,水,,ま,45,45
中央区,港島中町,みなとじまなかまち,5丁目,月木,24,金,毎週,水,毎週,水,,ま,16,16
中央区,港島中町,みなとじまなかまち,6丁目,月木,24,金,毎週,水,毎週,水,,ま,16,16
中央区,港島中町,みなとじまなかまち,7丁目,月木,24,金,毎週,水,毎週,水,,ま,16,16
中央区,港島中町,みなとじまなかまち,8丁目,月木,24,金,毎週,水,毎週,水,,ま,16,16
中央区,南本町通,みなみほんまちどおり,1丁目,月木,24,火,毎週,水,毎週,水,,ま,15,15
中央区,南本町通,みなみほんまちどおり,2丁目,月木,24,火,毎週,水,毎週,水,,ま,15,15
中央区,南本町通,みなみほんまちどおり,3丁目,月木,24,火,毎週,水,毎週,水,,ま,15,15
中央区,南本町通,みなみほんまちどおり,4丁目,月木,24,火,毎週,水,毎週,水,,ま,15,15
中央区,南本町通,みなみほんまちどおり,5丁目,月木,24,火,毎週,水,毎週,水,,ま,15,15
中央区,南本町通,みなみほんまちどおり,6丁目,月木,24,火,毎週,水,毎週,水,,ま,15,15
中央区,宮本通,みやもとどおり,1丁目,月木,24,火,毎週,金,毎週,水,,ま,3,3
中央区,宮本通,みやもとどおり,2丁目,月木,24,火,毎週,金,毎週,水,,ま,3,3
中央区,宮本通,みやもとどおり,3丁目,月木,24,火,毎週,金,毎週,水,,ま,3,3
中央区,宮本通,みやもとどおり,4丁目,月木,24,火,毎週,金,毎週,水,,ま,3,3
中央区,宮本通,みやもとどおり,5丁目,月木,24,火,毎週,金,毎週,水,,ま,3,3
中央区,宮本通,みやもとどおり,6丁目,月木,24,火,毎週,金,毎週,水,,ま,3,3
中央区,宮本通,みやもとどおり,7丁目,月木,24,火,毎週,金,毎週,水,,ま,3,3
中央区,元町高架通,もとまちこうかどおり,,火金,13,木,毎週,月,毎週,水,,ま,6,6
中央区,元町通,もとまちどおり,1丁目,火金,13,木,毎週,月,毎週,水,,ま,6,6
中央区,元町通,もとまちどおり,2丁目,火金,13,木,毎週,月,毎週,水,,ま,6,6
中央区,元町通,もとまちどおり,3丁目,火金,13,木,毎週,月,毎週,水,,ま,6,6
中央区,元町通,もとまちどおり,4丁目,火金,13,木,毎週,月,毎週,水,,ま,6,6
中央区,元町通,もとまちどおり,5丁目,火金,13,木,毎週,月,毎週,水,,ま,6,6
中央区,元町通,もとまちどおり,6丁目,火金,13,木,毎週,月,毎週,水,,ま,6,6
中央区,元町通,もとまちどおり,7丁目,火金,13,木,毎週,月,毎週,水,,ま,6,6
中央区,八雲通,やぐもどおり,1丁目,月木,13,火,毎週,金,毎週,水,,や,1,1
中央区,八雲通,やぐもどおり,2丁目,月木,13,火,毎週,金,毎週,水,,や,1,1
中央区,八雲通,やぐもどおり,3丁目,月木,13,火,毎週,金,毎週,水,,や,1,1
中央区,八雲通,やぐもどおり,4丁目,月木,13,火,毎週,金,毎週,水,,や,1,1
中央区,八雲通,やぐもどおり,5丁目,月木,13,火,毎週,金,毎週,水,,や,1,1
中央区,八雲通,やぐもどおり,6丁目,月木,13,火,毎週,金,毎週,水,,や,1,1
中央区,山本通,やまもとどおり,1丁目,火金,24,月,毎週,木,毎週,水,,や,7,7
中央区,山本通,やまもとどおり,2丁目,火金,24,月,毎週,木,毎週,水,,や,7,7
中央区,山本通,やまもとどおり,3丁目,火金,24,月,毎週,木,毎週,水,,や,7,7
中央区,山本通,やまもとどおり,4丁目,火金,24,月,毎週,木,毎週,水,,や,7,7
中央区,山本通,やまもとどおり,5丁目,火金,24,月,毎週,木,毎週,水,,や,7,7
中央区,脇浜町,わきのはまちょう,1丁目,月木,24,火,毎週,水,毎週,水,,わ,15,15
中央区,脇浜町,わきのはまちょう,2丁目,月木,24,火,毎週,水,毎週,水,,わ,15,15
中央区,脇浜町,わきのはまちょう,3丁目,月木,24,火,毎週,水,毎週,水,,わ,15,15
中央区,若菜通,わかなどおり,1丁目,月木,13,火,毎週,金,毎週,水,,わ,1,1
中央区,若菜通,わかなどおり,2丁目,月木,13,火,毎週,金,毎週,水,,わ,1,1
中央区,若菜通,わかなどおり,3丁目,月木,13,火,毎週,金,毎週,水,,わ,1,1
中央区,若菜通,わかなどおり,4丁目,月木,13,火,毎週,金,毎週,水,,わ,1,1
中央区,若菜通,わかなどおり,5丁目,月木,13,火,毎週,金,毎週,水,,わ,1,1
中央区,若菜通,わかなどおり,6丁目,月木,13,火,毎週,金,毎週,水,,わ,1,1
中央区,割塚通,わりづかどおり,1丁目,月木,24,火,毎週,金,毎週,水,,わ,3,3
中央区,割塚通,わりづかどおり,2丁目,月木,24,火,毎週,金,毎週,水,,わ,3,3
中央区,割塚通,わりづかどおり,3丁目,月木,24,火,毎週,金,毎週,水,,わ,3,3
中央区,割塚通,わりづかどおり,4丁目,月木,24,火,毎週,金,毎週,水,,わ,3,3
中央区,割塚通,わりづかどおり,5丁目,月木,24,火,毎週,金,毎週,水,,わ,3,3
中央区,割塚通,わりづかどおり,6丁目,月木,24,火,毎週,金,毎週,水,,わ,3,3
中央区,割塚通,わりづかどおり,7丁目,月木,24,火,毎週,金,毎週,水,,わ,3,3
中央区,脇浜海岸通,わきのはまかいがんどおり,1丁目,月木,24,金,毎週,水,毎週,水,,わ,16,16
中央区,脇浜海岸通,わきのはまかいがんどおり,2丁目,月木,24,金,毎週,水,毎週,水,,わ,16,16
中央区,脇浜海岸通,わきのはまかいがんどおり,3丁目,月木,24,金,毎週,水,毎週,水,,わ,16,16
中央区,脇浜海岸通,わきのはまかいがんどおり,4丁目,月木,24,金,毎週,水,毎週,水,,わ,16,16
兵庫区,芦原通,あしはらどおり,1丁目,月木,24,火,毎週,金,毎週,水,注意！敷地内にコンテナ等を設置している集合住宅は収集日が異なる場合があります。収集日はご利用のクリーンステーション看板でご確認いただくか、環境局兵庫事業所（電話：078-652-0981）へお問合せください。,あ,3,3
兵庫区,芦原通,あしはらどおり,2丁目,月木,24,火,毎週,金,毎週,水,注意！敷地内にコンテナ等を設置している集合住宅は収集日が異なる場合があります。収集日はご利用のクリーンステーション看板でご確認いただくか、環境局兵庫事業所（電話：078-652-0981）へお問合せください。,あ,3,3
兵庫区,芦原通,あしはらどおり,3丁目,月木,24,火,毎週,金,毎週,水,注意！敷地内にコンテナ等を設置している集合住宅は収集日が異なる場合があります。収集日はご利用のクリーンステーション看板でご確認いただくか、環境局兵庫事業所（電話：078-652-0981）へお問合せください。,あ,3,3
兵庫区,芦原通,あしはらどおり,4丁目,月木,24,火,毎週,金,毎週,水,注意！敷地内にコンテナ等を設置している集合住宅は収集日が異なる場合があります。収集日はご利用のクリーンステーション看板でご確認いただくか、環境局兵庫事業所（電話：078-652-0981）へお問合せください。,あ,3,3
兵庫区,芦原通,あしはらどおり,5丁目,月木,24,火,毎週,金,毎週,水,注意！敷地内にコンテナ等を設置している集合住宅は収集日が異なる場合があります。収集日はご利用のクリーンステーション看板でご確認いただくか、環境局兵庫事業所（電話：078-652-0981）へお問合せください。,あ,3,3
兵庫区,芦原通,あしはらどおり,6丁目,月木,24,火,毎週,金,毎週,水,注意！敷地内にコンテナ等を設置している集合住宅は収集日が異なる場合があります。収集日はご利用のクリーンステーション看板でご確認いただくか、環境局兵庫事業所（電話：078-652-0981）へお問合せください。,あ,3,3
兵庫区,荒田町,あらたちょう,1丁目,火金,24,月,毎週,木,毎週,水,,あ,7,7
兵庫区,荒田町,あらたちょう,2丁目,火金,24,月,毎週,木,毎週,水,,あ,7,7
兵庫区,荒田町,あらたちょう,3丁目,火金,24,木,毎週,水,毎週,水,注意！一部の地域で収集日の異なるクリーンステーションがあります。収集日はご利用のクリーンステーション看板でご確認いただくか、環境局兵庫事業所（電話：078-652-0981）へお問合せください。,あ,24,24
兵庫区,荒田町,あらたちょう,4丁目,火金,24,木,毎週,水,毎週,水,注意！一部の地域で収集日の異なるクリーンステーションがあります。収集日はご利用のクリーンステーション看板でご確認いただくか、環境局兵庫事業所（電話：078-652-0981）へお問合せください。,あ,24,24
兵庫区,石井町,いしいちょう,1丁目,火金,24,木,毎週,月,毎週,水,,あ,8,8
兵庫区,石井町,いしいちょう,2丁目,火金,24,木,毎週,月,毎週,水,,あ,8,8
兵庫区,石井町,いしいちょう,3丁目,火金,24,木,毎週,月,毎週,水,,あ,8,8
兵庫区,石井町,いしいちょう,4丁目,火金,24,木,毎週,月,毎週,水,,あ,8,8
兵庫区,石井町,いしいちょう,5丁目,火金,13,木,毎週,月,毎週,水,,あ,6,6
兵庫区,石井町,いしいちょう,6丁目,火金,13,木,毎週,月,毎週,水,,あ,6,6
兵庫区,石井町,いしいちょう,7丁目,火金,13,木,毎週,月,毎週,水,,あ,6,6
兵庫区,石井町,いしいちょう,8丁目,火金,13,木,毎週,月,毎週,水,,あ,6,6
兵庫区,磯之町,いそのちょう,,月木,24,火,毎週,水,毎週,水,,あ,15,15
兵庫区,今出在家町,いまでざいけちょう,1丁目,月木,13,火,毎週,水,毎週,水,,あ,10,10
兵庫区,今出在家町,いまでざいけちょう,2丁目,月木,13,火,毎週,水,毎週,水,,あ,10,10
兵庫区,今出在家町,いまでざいけちょう,3丁目,月木,13,火,毎週,水,毎週,水,,あ,10,10
兵庫区,今出在家町,いまでざいけちょう,4丁目,月木,13,火,毎週,水,毎週,水,,あ,10,10
兵庫区,入江通,いりえどおり,1丁目,月木,24,火,毎週,金,毎週,水,,あ,3,3
兵庫区,入江通,いりえどおり,2丁目,月木,24,火,毎週,金,毎週,水,,あ,3,3
兵庫区,入江通,いりえどおり,3丁目,月木,24,火,毎週,金,毎週,水,,あ,3,3
兵庫区,梅元町,うめもとちょう,,月木,24,金,毎週,水,毎週,水,,あ,16,16
兵庫区,永沢町,えいざわちょう,2丁目,月木,24,金,毎週,水,毎週,水,,あ,16,16
兵庫区,永沢町,えいざわちょう,3丁目,月木,24,金,毎週,水,毎週,水,,あ,16,16
兵庫区,永沢町,えいざわちょう,4丁目,月木,24,金,毎週,水,毎週,水,,あ,16,16
兵庫区,駅前通,えきまえどおり,1丁目,月木,13,金,毎週,火,毎週,水,,あ,2,2
兵庫区,駅前通,えきまえどおり,2丁目,月木,13,金,毎週,火,毎週,水,,あ,2,2
兵庫区,駅前通,えきまえどおり,3丁目,月木,13,金,毎週,火,毎週,水,,あ,2,2
兵庫区,駅前通,えきまえどおり,4丁目,月木,13,金,毎週,火,毎週,水,,あ,2,2
兵庫区,駅前通,えきまえどおり,5丁目,月木,13,金,毎週,火,毎週,水,,あ,2,2
兵庫区,駅南通,えきみなみどおり,1丁目,月木,13,金,毎週,水,毎週,水,,あ,11,11
兵庫区,駅南通,えきみなみどおり,2丁目,月木,13,金,毎週,水,毎週,水,,あ,11,11
兵庫区,駅南通,えきみなみどおり,3丁目,月木,13,金,毎週,水,毎週,水,,あ,11,11
兵庫区,駅南通,えきみなみどおり,4丁目,月木,13,金,毎週,水,毎週,水,注意！敷地内にコンテナ等を設置している集合住宅は収集日が異なる場合があります。収集日はご利用のクリーンステーション看板でご確認いただくか、環境局兵庫事業所（電話：078-652-0981）へお問合せください。,あ,11,11
兵庫区,駅南通,えきみなみどおり,5丁目,月木,13,金,毎週,水,毎週,水,,あ,11,11
兵庫区,会下山町,えげやまちょう,1丁目,火金,13,月,毎週,木,毎週,水,注意！一部の地域で収集日の異なるクリーンステーションがあります。収集日はご利用のクリーンステーション看板でご確認いただくか、環境局兵庫事業所（電話：078-652-0981）へお問合せください。,あ,5,5
兵庫区,会下山町,えげやまちょう,2丁目,火金,13,月,毎週,木,毎週,水,注意！一部の地域で収集日の異なるクリーンステーションがあります。収集日はご利用のクリーンステーション看板でご確認いただくか、環境局兵庫事業所（電話：078-652-0981）へお問合せください。,あ,5,5
兵庫区,会下山町,えげやまちょう,3丁目,火金,13,月,毎週,木,毎週,水,注意！一部の地域で収集日の異なるクリーンステーションがあります。収集日はご利用のクリーンステーション看板でご確認いただくか、環境局兵庫事業所（電話：078-652-0981）へお問合せください。,あ,5,5
兵庫区,大井通,おおいどおり,1丁目,火金,13,月,毎週,木,毎週,水,,あ,5,5
兵庫区,大井通,おおいどおり,2丁目,火金,13,月,毎週,木,毎週,水,,あ,5,5
兵庫区,大井通,おおいどおり,3丁目,火金,13,月,毎週,木,毎週,水,,あ,5,5
兵庫区,小河通,おがわどおり,1丁目,月木,24,火,毎週,金,毎週,水,,あ,3,3
兵庫区,小河通,おがわどおり,2丁目,月木,24,火,毎週,金,毎週,水,,あ,3,3
兵庫区,小河通,おがわどおり,3丁目,月木,24,火,毎週,金,毎週,水,,あ,3,3
兵庫区,小河通,おがわどおり,4丁目,月木,24,火,毎週,金,毎週,水,,あ,3,3
兵庫区,小河通,おがわどおり,5丁目,月木,24,火,毎週,金,毎週,水,,あ,3,3
兵庫区,笠松通,かさまつどおり,5丁目,月木,13,火,毎週,水,毎週,水,,か,10,10
兵庫区,笠松通,かさまつどおり,6丁目,月木,13,火,毎週,水,毎週,水,,か,10,10
兵庫区,笠松通,かさまつどおり,7丁目,月木,13,火,毎週,水,毎週,水,,か,10,10
兵庫区,笠松通,かさまつどおり,8丁目,月木,13,火,毎週,水,毎週,水,,か,10,10
兵庫区,笠松通,かさまつどおり,9丁目,月木,13,火,毎週,水,毎週,水,,か,10,10
兵庫区,笠松通,かさまつどおり,10丁目,月木,13,火,毎週,水,毎週,水,,か,10,10
兵庫区,鍛冶屋町,かじやちょう,1丁目,月木,24,火,毎週,水,毎週,水,,か,15,15
兵庫区,鍛冶屋町,かじやちょう,2丁目,月木,24,火,毎週,水,毎週,水,,か,15,15
兵庫区,上祇園町,かみぎおんちょう,,火金,13,木,毎週,水,毎週,水,,か,20,20
兵庫区,上沢通,かみさわどおり,1丁目,火金,13,月,毎週,木,毎週,水,,か,5,5
兵庫区,上沢通,かみさわどおり,2丁目,火金,13,月,毎週,木,毎週,水,,か,5,5
兵庫区,上沢通,かみさわどおり,3丁目,火金,13,月,毎週,木,毎週,水,,か,5,5
兵庫区,上沢通,かみさわどおり,4丁目,火金,13,月,毎週,木,毎週,水,,か,5,5
兵庫区,上沢通,かみさわどおり,5丁目,火金,13,月,毎週,木,毎週,水,,か,5,5
兵庫区,上沢通,かみさわどおり,6丁目,火金,13,月,毎週,木,毎週,水,,か,5,5
兵庫区,上沢通,かみさわどおり,7丁目,火金,13,月,毎週,木,毎週,水,,か,5,5
兵庫区,上沢通,かみさわどおり,8丁目,火金,13,月,毎週,木,毎週,水,,か,5,5
兵庫区,上三条町,かみさんじょうちょう,,火金,24,木,毎週,月,毎週,水,注意！一部の地域で収集日の異なるクリーンステーションがあります。収集日はご利用のクリーンステーション看板でご確認いただくか、環境局兵庫事業所（電話：078-652-0981）へお問合せください。,か,8,8
兵庫区,上庄通,かみしょうどおり,1丁目,月木,13,火,毎週,水,毎週,水,,か,10,10
兵庫区,上庄通,かみしょうどおり,2丁目,月木,13,火,毎週,水,毎週,水,,か,10,10
兵庫区,上庄通,かみしょうどおり,3丁目,月木,13,火,毎週,水,毎週,水,,か,10,10
兵庫区,烏原町,からすはらちょう,,月木,13,金,毎週,火,毎週,水,,か,2,2
兵庫区,神田町,かんだちょう,丁目なし,火金,13,木,毎週,水,毎週,水,,か,20,20
兵庫区,菊水町,きくすいちょう,1丁目,火金,24,木,毎週,月,毎週,水,,か,8,8
兵庫区,菊水町,きくすいちょう,2丁目,火金,24,木,毎週,月,毎週,水,,か,8,8
兵庫区,菊水町,きくすいちょう,3丁目,火金,24,木,毎週,月,毎週,水,,か,8,8
兵庫区,菊水町,きくすいちょう,4丁目,火金,24,木,毎週,月,毎週,水,,か,8,8
兵庫区,菊水町,きくすいちょう,5丁目,火金,24,木,毎週,月,毎週,水,,か,8,8
兵庫区,菊水町,きくすいちょう,6丁目,火金,24,木,毎週,月,毎週,水,,か,8,8
兵庫区,菊水町,きくすいちょう,7丁目,火金,24,木,毎週,月,毎週,水,,か,8,8
兵庫区,菊水町,きくすいちょう,8丁目,火金,24,木,毎週,月,毎週,水,,か,8,8
兵庫区,菊水町,きくすいちょう,9丁目,火金,24,木,毎週,月,毎週,水,,か,8,8
兵庫区,菊水町,きくすいちょう,10丁目,火金,24,木,毎週,月,毎週,水,,か,8,8
兵庫区,北逆瀬川町,きたさかせがわちょう,,月木,24,火,毎週,水,毎週,水,注意！敷地内にコンテナ等を設置している集合住宅は収集日が異なる場合があります。収集日はご利用のクリーンステーション看板でご確認いただくか、環境局兵庫事業所（電話：078-652-0981）へお問合せください。,か,15,15
兵庫区,北山町,きたやまちょう,,火金,13,木,毎週,月,毎週,水,注意！一部の地域で収集日の異なるクリーンステーションがあります。収集日はご利用のクリーンステーション看板でご確認いただくか、環境局兵庫事業所（電話：078-652-0981）へお問合せください。,か,6,6
兵庫区,切戸町,きれとちょう,,月木,24,火,毎週,水,毎週,水,注意！敷地内にコンテナ等を設置している集合住宅は収集日が異なる場合があります。収集日はご利用のクリーンステーション看板でご確認いただくか、環境局兵庫事業所（電話：078-652-0981）へお問合せください。,か,15,15
兵庫区,金平町,きんぺいちょう,1丁目,月木,13,火,毎週,金,毎週,水,,か,1,1
兵庫区,金平町,きんぺいちょう,2丁目,月木,13,火,毎週,金,毎週,水,,か,1,1
兵庫区,楠谷町,くすだにちょう,,火金,13,木,毎週,水,毎週,水,,か,20,20
兵庫区,熊野町,くまのちょう,1丁目,火金,24,木,毎週,月,毎週,水,,か,8,8
兵庫区,熊野町,くまのちょう,2丁目,火金,13,木,毎週,月,毎週,水,,か,6,6
兵庫区,熊野町,くまのちょう,3丁目,火金,13,木,毎週,月,毎週,水,,か,6,6
兵庫区,熊野町,くまのちょう,4丁目,火金,13,木,毎週,月,毎週,水,,か,6,6
兵庫区,熊野町,くまのちょう,5丁目,火金,13,木,毎週,月,毎週,水,,か,6,6
兵庫区,小松通,こまつどおり,2丁目,月木,13,火,毎週,水,毎週,水,,か,10,10
兵庫区,小松通,こまつどおり,3丁目,月木,13,火,毎週,水,毎週,水,,か,10,10
兵庫区,小松通,こまつどおり,4丁目,月木,13,火,毎週,水,毎週,水,,か,10,10
兵庫区,小松通,こまつどおり,5丁目,月木,13,火,毎週,水,毎週,水,,か,10,10
兵庫区,小松通,こまつどおり,6丁目,月木,13,火,毎週,水,毎週,水,,か,10,10
兵庫区,小山町,こやまちょう,,火金,13,木,毎週,月,毎週,水,注意！一部の地域で収集日の異なるクリーンステーションがあります。収集日はご利用のクリーンステーション看板でご確認いただくか、環境局兵庫事業所（電話：078-652-0981）へお問合せください。,か,6,6
兵庫区,御所通,ごしょどおり,1丁目,月木,24,火,毎週,金,毎週,水,,か,3,3
兵庫区,御所通,ごしょどおり,2丁目,月木,24,火,毎週,金,毎週,水,,か,3,3
兵庫区,五宮町,ごのみやちょう,,火金,13,木,毎週,水,毎週,水,注意！一部の地域で収集日の異なるクリーンステーションがあります。収集日はご利用のクリーンステーション看板でご確認いただくか、環境局兵庫事業所（電話：078-652-0981）へお問合せください。,か,20,20
兵庫区,里山町,さとやまちょう,,月木,13,金,毎週,火,毎週,水,注意！一部の地域で収集日の異なるクリーンステーションがあります。収集日はご利用のクリーンステーション看板でご確認いただくか、環境局兵庫事業所（電話：078-652-0981）へお問合せください。,さ,2,2
兵庫区,佐比江町,さびえちょう,,火金,24,月,毎週,水,毎週,水,,さ,22,22
兵庫区,山王町,さんのうちょう,1丁目,火金,13,木,毎週,月,毎週,水,注意！一部の地域で収集日の異なるクリーンステーションがあります。収集日はご利用のクリーンステーション看板でご確認いただくか、環境局兵庫事業所（電話：078-652-0981）へお問合せください。,さ,6,6
兵庫区,山王町,さんのうちょう,2丁目,火金,13,木,毎週,月,毎週,水,,さ,6,6
兵庫区,材木町,ざいもくちょう,,月木,13,火,毎週,金,毎週,水,,さ,1,1
兵庫区,七宮町,しちのみやちょう,1丁目,月木,24,火,毎週,水,毎週,水,,さ,15,15
兵庫区,七宮町,しちのみやちょう,2丁目,月木,24,火,毎週,水,毎週,水,,さ,15,15
兵庫区,島上町,しまがみちょう,1丁目,月木,24,火,毎週,水,毎週,水,,さ,15,15
兵庫区,島上町,しまがみちょう,2丁目,月木,24,火,毎週,水,毎週,水,,さ,15,15
兵庫区,清水町,しみずちょう,,火金,13,木,毎週,月,毎週,水,,さ,6,6
兵庫区,下祇園町,しもぎおんちょう,,火金,13,木,毎週,水,毎週,水,注意！一部の地域で収集日の異なるクリーンステーションがあります。収集日はご利用のクリーンステーション看板でご確認いただくか、環境局兵庫事業所（電話：078-652-0981）へお問合せください。,さ,20,20
兵庫区,下沢通,しもさわどおり,1丁目,月木,24,金,毎週,火,毎週,水,,さ,4,4
兵庫区,下沢通,しもさわどおり,2丁目,月木,24,金,毎週,火,毎週,水,,さ,4,4
兵庫区,下沢通,しもさわどおり,3丁目,月木,24,金,毎週,火,毎週,水,,さ,4,4
兵庫区,下沢通,しもさわどおり,4丁目,月木,24,金,毎週,火,毎週,水,,さ,4,4
兵庫区,下沢通,しもさわどおり,5丁目,月木,24,金,毎週,火,毎週,水,,さ,4,4
兵庫区,下沢通,しもさわどおり,6丁目,月木,24,金,毎週,火,毎週,水,,さ,4,4
兵庫区,下沢通,しもさわどおり,7丁目,月木,24,金,毎週,火,毎週,水,,さ,4,4
兵庫区,下沢通,しもさわどおり,8丁目,月木,24,金,毎週,火,毎週,水,,さ,4,4
兵庫区,下三条町,しもさんじょうちょう,,火金,24,木,毎週,水,毎週,水,,さ,24,24
兵庫区,新開地,しんかいち,1丁目,火金,24,月,毎週,水,毎週,水,注意！敷地内にコンテナ等を設置している集合住宅は収集日が異なる場合があります。収集日はご利用のクリーンステーション看板でご確認いただくか、環境局兵庫事業所（電話：078-652-0981）へお問合せください。,さ,22,22
兵庫区,新開地,しんかいち,2丁目,火金,24,月,毎週,水,毎週,水,注意！敷地内にコンテナ等を設置している集合住宅は収集日が異なる場合があります。収集日はご利用のクリーンステーション看板でご確認いただくか、環境局兵庫事業所（電話：078-652-0981）へお問合せください。,さ,22,22
兵庫区,新開地,しんかいち,3丁目,火金,24,月,毎週,水,毎週,水,注意！敷地内にコンテナ等を設置している集合住宅は収集日が異なる場合があります。収集日はご利用のクリーンステーション看板でご確認いただくか、環境局兵庫事業所（電話：078-652-0981）へお問合せください。,さ,22,22
兵庫区,新開地,しんかいち,4丁目,火金,24,月,毎週,水,毎週,水,注意！敷地内にコンテナ等を設置している集合住宅は収集日が異なる場合があります。収集日はご利用のクリーンステーション看板でご確認いただくか、環境局兵庫事業所（電話：078-652-0981）へお問合せください。,さ,22,22
兵庫区,新開地,しんかいち,5丁目,火金,24,月,毎週,水,毎週,水,注意！敷地内にコンテナ等を設置している集合住宅は収集日が異なる場合があります。収集日はご利用のクリーンステーション看板でご確認いただくか、環境局兵庫事業所（電話：078-652-0981）へお問合せください。,さ,22,22
兵庫区,新開地,しんかいち,6丁目,火金,24,月,毎週,水,毎週,水,注意！敷地内にコンテナ等を設置している集合住宅は収集日が異なる場合があります。収集日はご利用のクリーンステーション看板でご確認いただくか、環境局兵庫事業所（電話：078-652-0981）へお問合せください。,さ,22,22
兵庫区,神明町,しんめいちょう,,月木,24,火,毎週,水,毎週,水,,さ,15,15
兵庫区,須佐野通,すさのどおり,1丁目,月木,24,火,毎週,金,毎週,水,,さ,3,3
兵庫区,須佐野通,すさのどおり,2丁目,月木,24,火,毎週,金,毎週,水,,さ,3,3
兵庫区,須佐野通,すさのどおり,3丁目,月木,24,火,毎週,金,毎週,水,,さ,3,3
兵庫区,須佐野通,すさのどおり,4丁目,月木,24,火,毎週,金,毎週,水,,さ,3,3
兵庫区,高松町,たかまつちょう,,月木,-,-,-,-,-,-,地域内に「燃えるごみ」のクリーンステーションしかない場合、「容器包装プラスチック」「燃えないごみ」「カセットボンベ・スプレー缶」の収集日については、環境局兵庫事業所（電話：078-652-0981）へお問合せください。,た,-,-
兵庫区,滝山町,たきやまちょう,,火金,24,木,毎週,月,毎週,水,注意！敷地内にコンテナ等を設置している集合住宅は収集日が異なる場合があります。収集日はご利用のクリーンステーション看板でご確認いただくか、環境局兵庫事業所（電話：078-652-0981）へお問合せください。,た,8,8
兵庫区,大開通,だいかいどおり,1丁目,月木,24,金,毎週,火,毎週,水,,た,4,4
兵庫区,大開通,だいかいどおり,2丁目,月木,24,金,毎週,火,毎週,水,,た,4,4
兵庫区,大開通,だいかいどおり,3丁目,月木,24,金,毎週,火,毎週,水,,た,4,4
兵庫区,大開通,だいかいどおり,4丁目,月木,24,金,毎週,火,毎週,水,,た,4,4
兵庫区,大開通,だいかいどおり,5丁目,月木,24,金,毎週,火,毎週,水,,た,4,4
兵庫区,大開通,だいかいどおり,6丁目,月木,13,金,毎週,火,毎週,水,,た,2,2
兵庫区,大開通,だいかいどおり,7丁目,月木,13,金,毎週,火,毎週,水,,た,2,2
兵庫区,大開通,だいかいどおり,8丁目,月木,13,金,毎週,火,毎週,水,,た,2,2
兵庫区,大開通,だいかいどおり,9丁目,月木,13,金,毎週,火,毎週,水,,た,2,2
兵庫区,大開通,だいかいどおり,10丁目,月木,13,金,毎週,火,毎週,水,,た,2,2
兵庫区,大同町,だいどうちょう,1丁目,火金,24,木,毎週,月,毎週,水,,た,8,8
兵庫区,大同町,だいどうちょう,2丁目,火金,24,木,毎週,月,毎週,水,,た,8,8
兵庫区,大同町,だいどうちょう,3丁目,火金,24,木,毎週,月,毎週,水,,た,8,8
兵庫区,大同町,だいどうちょう,4丁目,火金,24,木,毎週,月,毎週,水,,た,8,8
兵庫区,大同町,だいどうちょう,5丁目,火金,24,木,毎週,月,毎週,水,,た,8,8
兵庫区,千鳥町,ちどりちょう,1丁目,火金,13,木,毎週,月,毎週,水,,た,6,6
兵庫区,千鳥町,ちどりちょう,2丁目,火金,13,木,毎週,月,毎週,水,,た,6,6
兵庫区,千鳥町,ちどりちょう,3丁目,火金,13,木,毎週,月,毎週,水,,た,6,6
兵庫区,千鳥町,ちどりちょう,4丁目,火金,13,木,毎週,月,毎週,水,,た,6,6
兵庫区,塚本通,つかもとどおり,1丁目,月木,24,金,毎週,火,毎週,水,,た,4,4
兵庫区,塚本通,つかもとどおり,2丁目,月木,24,金,毎週,火,毎週,水,,た,4,4
兵庫区,塚本通,つかもとどおり,3丁目,月木,24,金,毎週,火,毎週,水,,た,4,4
兵庫区,塚本通,つかもとどおり,4丁目,月木,24,金,毎週,火,毎週,水,,た,4,4
兵庫区,塚本通,つかもとどおり,5丁目,月木,13,金,毎週,火,毎週,水,,た,2,2
兵庫区,塚本通,つかもとどおり,6丁目,月木,13,金,毎週,火,毎週,水,,た,2,2
兵庫区,塚本通,つかもとどおり,7丁目,月木,13,金,毎週,火,毎週,水,,た,2,2
兵庫区,塚本通,つかもとどおり,8丁目,月木,13,金,毎週,火,毎週,水,,た,2,2
兵庫区,都由乃町,つゆのちょう,1丁目,火金,13,木,毎週,月,毎週,水,,た,6,6
兵庫区,都由乃町,つゆのちょう,2丁目,火金,13,木,毎週,月,毎週,水,,た,6,6
兵庫区,都由乃町,つゆのちょう,3丁目,火金,13,木,毎週,月,毎週,水,,た,6,6
兵庫区,天王町,てんのうちょう,1丁目,火金,13,木,毎週,月,毎週,水,,た,6,6
兵庫区,天王町,てんのうちょう,2丁目,火金,13,木,毎週,月,毎週,水,,た,6,6
兵庫区,天王町,てんのうちょう,3丁目,火金,13,木,毎週,月,毎週,水,,た,6,6
兵庫区,天王町,てんのうちょう,4丁目,火金,13,木,毎週,月,毎週,水,,た,6,6
兵庫区,出在家町,でざいけちょう,1丁目,月木,24,火,毎週,水,毎週,水,,た,15,15
兵庫区,出在家町,でざいけちょう,2丁目,月木,24,火,毎週,水,毎週,水,注意！敷地内にコンテナ等を設置している集合住宅は収集日が異なる場合があります。収集日はご利用のクリーンステーション看板でご確認いただくか、環境局兵庫事業所（電話：078-652-0981）へお問合せください。,た,15,15
兵庫区,遠矢浜町,とおやはまちょう,,月木,13,火,毎週,金,毎週,水,,た,1,1
兵庫区,中之島,なかのしま,1丁目,月木,24,火,毎週,水,毎週,水,,な,15,15
兵庫区,中之島,なかのしま,2丁目,月木,24,火,毎週,水,毎週,水,,な,15,15
兵庫区,中道通,なかみちどおり,1丁目,-,-,-,-,-,-,-,この地域は、同じ町内に収集日が異なる地域があるため収集日を表示することができません。収集日はご利用のクリーンステーション看板でご確認いただくか、環境局兵庫事業所（電話：078-652-0981）へお問合せください。,な,-,-
兵庫区,中道通,なかみちどおり,2丁目,月木,24,金,毎週,火,毎週,水,注意！一部の地域で収集日の異なるクリーンステーションがあります。収集日はご利用のクリーンステーション看板でご確認いただくか、環境局兵庫事業所（電話：078-652-0981）へお問合せください。,な,4,4
兵庫区,中道通,なかみちどおり,3丁目,月木,24,金,毎週,火,毎週,水,注意！一部の地域で収集日の異なるクリーンステーションがあります。収集日はご利用のクリーンステーション看板でご確認いただくか、環境局兵庫事業所（電話：078-652-0981）へお問合せください。,な,4,4
兵庫区,中道通,なかみちどおり,4丁目,月木,24,金,毎週,火,毎週,水,注意！一部の地域で収集日の異なるクリーンステーションがあります。収集日はご利用のクリーンステーション看板でご確認いただくか、環境局兵庫事業所（電話：078-652-0981）へお問合せください。,な,4,4
兵庫区,中道通,なかみちどおり,5丁目,月木,24,金,毎週,火,毎週,水,注意！一部の地域で収集日の異なるクリーンステーションがあります。収集日はご利用のクリーンステーション看板でご確認いただくか、環境局兵庫事業所（電話：078-652-0981）へお問合せください。,な,4,4
兵庫区,中道通,なかみちどおり,6丁目,月木,24,金,毎週,火,毎週,水,注意！一部の地域で収集日の異なるクリーンステーションがあります。収集日はご利用のクリーンステーション看板でご確認いただくか、環境局兵庫事業所（電話：078-652-0981）へお問合せください。,な,4,4
兵庫区,中道通,なかみちどおり,7丁目,月木,24,金,毎週,火,毎週,水,注意！一部の地域で収集日の異なるクリーンステーションがあります。収集日はご利用のクリーンステーション看板でご確認いただくか、環境局兵庫事業所（電話：078-652-0981）へお問合せください。,な,4,4
兵庫区,中道通,なかみちどおり,8丁目,月木,24,金,毎週,火,毎週,水,注意！一部の地域で収集日の異なるクリーンステーションがあります。収集日はご利用のクリーンステーション看板でご確認いただくか、環境局兵庫事業所（電話：078-652-0981）へお問合せください。,な,4,4
兵庫区,中道通,なかみちどおり,9丁目,月木,24,金,毎週,火,毎週,水,注意！一部の地域で収集日の異なるクリーンステーションがあります。収集日はご利用のクリーンステーション看板でご確認いただくか、環境局兵庫事業所（電話：078-652-0981）へお問合せください。,な,4,4
兵庫区,西上橘通,にしかみたちばなどおり,1丁目,火金,24,月,毎週,水,毎週,水,,な,22,22
兵庫区,西上橘通,にしかみたちばなどおり,2丁目,火金,24,月,毎週,水,毎週,水,,な,22,22
兵庫区,西橘通,にしたちばなどおり,1丁目,火金,24,月,毎週,水,毎週,水,,な,22,22
兵庫区,西橘通,にしたちばなどおり,2丁目,火金,24,月,毎週,水,毎週,水,,な,22,22
兵庫区,西多聞通,にしたもんどおり,1丁目,火金,24,月,毎週,水,毎週,水,,な,22,22
兵庫区,西多聞通,にしたもんどおり,2丁目,火金,24,月,毎週,水,毎週,水,,な,22,22
兵庫区,西出町,にしでまち,丁目なし,火金,24,月,毎週,水,毎週,水,,な,22,22
兵庫区,西出町,にしでまち,1丁目,月木,24,火,毎週,水,毎週,水,,な,15,15
兵庫区,西出町,にしでまち,2丁目,月木,24,火,毎週,水,毎週,水,,な,15,15
兵庫区,西仲町,にしなかまち,,月木,24,火,毎週,水,毎週,水,,な,15,15
兵庫区,西宮内町,にしみやうちちょう,,月木,24,火,毎週,水,毎週,水,,な,15,15
兵庫区,西柳原町,にしやなぎわらちょう,,月木,24,火,毎週,水,毎週,水,注意！敷地内にコンテナ等を設置している集合住宅は収集日が異なる場合があります。収集日はご利用のクリーンステーション看板でご確認いただくか、環境局兵庫事業所（電話：078-652-0981）へお問合せください。,な,15,15
兵庫区,羽坂通,はさかどおり,1丁目,月木,24,金,毎週,火,毎週,水,,は,4,4
兵庫区,羽坂通,はさかどおり,2丁目,月木,24,金,毎週,火,毎週,水,,は,4,4
兵庫区,羽坂通,はさかどおり,3丁目,月木,13,金,毎週,火,毎週,水,,は,2,2
兵庫区,羽坂通,はさかどおり,4丁目,月木,13,金,毎週,火,毎週,水,,は,2,2
兵庫区,浜崎通,はまさきどおり,,月木,13,金,毎週,水,毎週,水,注意！敷地内にコンテナ等を設置している集合住宅は収集日が異なる場合があります。収集日はご利用のクリーンステーション看板でご確認いただくか、環境局兵庫事業所（電話：078-652-0981）へお問合せください。,は,11,11
兵庫区,浜中町,はまなかちょう,1丁目,月木,13,火,毎週,金,毎週,水,注意！敷地内にコンテナ等を設置している集合住宅は収集日が異なる場合があります。収集日はご利用のクリーンステーション看板でご確認いただくか、環境局兵庫事業所（電話：078-652-0981）へお問合せください。,は,1,1
兵庫区,浜中町,はまなかちょう,2丁目,月木,13,火,毎週,金,毎週,水,注意！敷地内にコンテナ等を設置している集合住宅は収集日が異なる場合があります。収集日はご利用のクリーンステーション看板でご確認いただくか、環境局兵庫事業所（電話：078-652-0981）へお問合せください。,は,1,1
兵庫区,浜山通,はまやまどおり,1丁目,月木,13,火,毎週,金,毎週,水,注意！敷地内にコンテナ等を設置している集合住宅は収集日が異なる場合があります。収集日はご利用のクリーンステーション看板でご確認いただくか、環境局兵庫事業所（電話：078-652-0981）へお問合せください。,は,1,1
兵庫区,浜山通,はまやまどおり,2丁目,月木,13,火,毎週,金,毎週,水,注意！敷地内にコンテナ等を設置している集合住宅は収集日が異なる場合があります。収集日はご利用のクリーンステーション看板でご確認いただくか、環境局兵庫事業所（電話：078-652-0981）へお問合せください。,は,1,1
兵庫区,浜山通,はまやまどおり,3丁目,月木,13,火,毎週,金,毎週,水,注意！敷地内にコンテナ等を設置している集合住宅は収集日が異なる場合があります。収集日はご利用のクリーンステーション看板でご確認いただくか、環境局兵庫事業所（電話：078-652-0981）へお問合せください。,は,1,1
兵庫区,浜山通,はまやまどおり,4丁目,月木,13,火,毎週,金,毎週,水,注意！敷地内にコンテナ等を設置している集合住宅は収集日が異なる場合があります。収集日はご利用のクリーンステーション看板でご確認いただくか、環境局兵庫事業所（電話：078-652-0981）へお問合せください。,は,1,1
兵庫区,浜山通,はまやまどおり,5丁目,月木,13,火,毎週,金,毎週,水,注意！敷地内にコンテナ等を設置している集合住宅は収集日が異なる場合があります。収集日はご利用のクリーンステーション看板でご確認いただくか、環境局兵庫事業所（電話：078-652-0981）へお問合せください。,は,1,1
兵庫区,浜山通,はまやまどおり,6丁目,月木,13,火,毎週,金,毎週,水,注意！敷地内にコンテナ等を設置している集合住宅は収集日が異なる場合があります。収集日はご利用のクリーンステーション看板でご確認いただくか、環境局兵庫事業所（電話：078-652-0981）へお問合せください。,は,1,1
兵庫区,馬場町,ばばちょう,,火金,13,木,毎週,水,毎週,水,,は,20,20
兵庫区,東出町,ひがしでまち,2丁目,月木,24,火,毎週,水,毎週,水,,は,15,15
兵庫区,東出町,ひがしでまち,3丁目,月木,24,火,毎週,水,毎週,水,,は,15,15
兵庫区,東柳原町,ひがしやなぎわらちょう,,月木,24,火,毎週,水,毎週,水,,は,15,15
兵庫区,東山町,ひがしやまちょう,1丁目,火金,13,月,毎週,木,毎週,水,,は,5,5
兵庫区,東山町,ひがしやまちょう,2丁目,火金,13,月,毎週,木,毎週,水,,は,5,5
兵庫区,東山町,ひがしやまちょう,3丁目,火金,13,月,毎週,木,毎週,水,,は,5,5
兵庫区,東山町,ひがしやまちょう,4丁目,火金,13,月,毎週,木,毎週,水,,は,5,5
兵庫区,氷室町,ひむろちょう,1丁目,火金,13,木,毎週,月,毎週,水,,は,6,6
兵庫区,氷室町,ひむろちょう,2丁目,火金,13,木,毎週,月,毎週,水,,は,6,6
兵庫区,兵庫町,ひょうごちょう,1丁目,月木,24,火,毎週,水,毎週,水,,は,15,15
兵庫区,兵庫町,ひょうごちょう,2丁目,月木,24,火,毎週,水,毎週,水,,は,15,15
兵庫区,鵯越筋,ひよどりごえすじ,,火金,-,-,-,-,-,-,地域内に「燃えるごみ」のクリーンステーションしかない場合、「容器包装プラスチック」「燃えないごみ」「カセットボンベ・スプレー缶」の収集日については、環境局兵庫事業所（電話：078-652-0981）へお問合せください。,は,-,-
兵庫区,鵯越町,ひよどりごえちょう,,火金,24,木,毎週,月,毎週,水,,は,8,8
兵庫区,平野町,ひらのちょう,丁目なし,火金,24,金,毎週,水,毎週,水,,は,45,45
兵庫区,福原町,ふくわらちょう,,火金,24,月,毎週,水,毎週,水,,は,22,22
兵庫区,船大工町,ふなだいくちょう,,月木,24,火,毎週,水,毎週,水,,は,15,15
兵庫区,本町,ほんまち,1丁目,月木,24,火,毎週,水,毎週,水,,は,15,15
兵庫区,本町,ほんまち,2丁目,月木,24,火,毎週,水,毎週,水,,は,15,15
兵庫区,松原通,まつばらどおり,1丁目,月木,24,火,毎週,金,毎週,水,,ま,3,3
兵庫区,松原通,まつばらどおり,2丁目,月木,24,火,毎週,金,毎週,水,,ま,3,3
兵庫区,松原通,まつばらどおり,3丁目,月木,24,火,毎週,金,毎週,水,,ま,3,3
兵庫区,松原通,まつばらどおり,4丁目,月木,24,火,毎週,金,毎週,水,注意！敷地内にコンテナ等を設置している集合住宅は収集日が異なる場合があります。収集日はご利用のクリーンステーション看板でご確認いただくか、環境局兵庫事業所（電話：078-652-0981）へお問合せください。,ま,3,3
兵庫区,松原通,まつばらどおり,5丁目,月木,24,火,毎週,金,毎週,水,,ま,3,3
兵庫区,松本通,まつもとどおり,2丁目,火金,13,月,毎週,木,毎週,水,,ま,5,5
兵庫区,松本通,まつもとどおり,3丁目,火金,13,月,毎週,木,毎週,水,,ま,5,5
兵庫区,松本通,まつもとどおり,4丁目,火金,13,月,毎週,木,毎週,水,,ま,5,5
兵庫区,松本通,まつもとどおり,5丁目,火金,13,月,毎週,木,毎週,水,,ま,5,5
兵庫区,松本通,まつもとどおり,6丁目,火金,13,月,毎週,木,毎週,水,,ま,5,5
兵庫区,松本通,まつもとどおり,7丁目,火金,13,月,毎週,木,毎週,水,,ま,5,5
兵庫区,松本通,まつもとどおり,8丁目,火金,13,月,毎週,木,毎週,水,,ま,5,5
兵庫区,三川口町,みかわぐちちょう,1丁目,月木,24,火,毎週,水,毎週,水,,ま,15,15
兵庫区,三川口町,みかわぐちちょう,2丁目,月木,24,金,毎週,水,毎週,水,,ま,16,16
兵庫区,三川口町,みかわぐちちょう,3丁目,月木,24,金,毎週,水,毎週,水,,ま,16,16
兵庫区,御崎町,みさきちょう,1丁目,月木,13,火,毎週,金,毎週,水,注意！敷地内にコンテナ等を設置している集合住宅は収集日が異なる場合があります。収集日はご利用のクリーンステーション看板でご確認いただくか、環境局兵庫事業所（電話：078-652-0981）へお問合せください。,ま,1,1
兵庫区,御崎町,みさきちょう,2丁目,月木,13,火,毎週,金,毎週,水,注意！敷地内にコンテナ等を設置している集合住宅は収集日が異なる場合があります。収集日はご利用のクリーンステーション看板でご確認いただくか、環境局兵庫事業所（電話：078-652-0981）へお問合せください。,ま,1,1
兵庫区,御崎本町,みさきほんまち,1丁目,月木,13,火,毎週,水,毎週,水,,ま,10,10
兵庫区,御崎本町,みさきほんまち,2丁目,月木,13,火,毎週,水,毎週,水,注意！敷地内にコンテナ等を設置している集合住宅は収集日が異なる場合があります。収集日はご利用のクリーンステーション看板でご確認いただくか、環境局兵庫事業所（電話：078-652-0981）へお問合せください。,ま,10,10
兵庫区,御崎本町,みさきほんまち,3丁目,月木,13,火,毎週,水,毎週,水,注意！敷地内にコンテナ等を設置している集合住宅は収集日が異なる場合があります。収集日はご利用のクリーンステーション看板でご確認いただくか、環境局兵庫事業所（電話：078-652-0981）へお問合せください。,ま,10,10
兵庫区,御崎本町,みさきほんまち,4丁目,月木,13,火,毎週,水,毎週,水,,ま,10,10
兵庫区,水木通,みずきどおり,1丁目,-,-,-,-,-,-,-,この地域は、同じ町内に収集日が異なる地域があるため収集日を表示することができません。収集日はご利用のクリーンステーション看板でご確認いただくか、環境局兵庫事業所（電話：078-652-0981）へお問合せください。,ま,-,-
兵庫区,水木通,みずきどおり,2丁目,月木,24,金,毎週,火,毎週,水,,ま,4,4
兵庫区,水木通,みずきどおり,3丁目,月木,24,金,毎週,火,毎週,水,,ま,4,4
兵庫区,水木通,みずきどおり,4丁目,月木,24,金,毎週,火,毎週,水,,ま,4,4
兵庫区,水木通,みずきどおり,5丁目,月木,24,金,毎週,火,毎週,水,,ま,4,4
兵庫区,水木通,みずきどおり,6丁目,月木,24,金,毎週,火,毎週,水,,ま,4,4
兵庫区,水木通,みずきどおり,7丁目,月木,24,金,毎週,火,毎週,水,,ま,4,4
兵庫区,水木通,みずきどおり,8丁目,月木,24,金,毎週,火,毎週,水,,ま,4,4
兵庫区,水木通,みずきどおり,9丁目,月木,24,金,毎週,火,毎週,水,,ま,4,4
兵庫区,水木通,みずきどおり,10丁目,月木,24,金,毎週,火,毎週,水,,ま,4,4
兵庫区,三石通,みついしどおり,1丁目,月木,13,火,毎週,水,毎週,水,,ま,10,10
兵庫区,三石通,みついしどおり,2丁目,月木,13,火,毎週,水,毎週,水,,ま,10,10
兵庫区,三石通,みついしどおり,3丁目,月木,13,火,毎週,水,毎週,水,注意！敷地内にコンテナ等を設置している集合住宅は収集日が異なる場合があります。収集日はご利用のクリーンステーション看板でご確認いただくか、環境局兵庫事業所（電話：078-652-0981）へお問合せください。,ま,10,10
兵庫区,湊川町,みなとがわちょう,1丁目,火金,13,月,毎週,木,毎週,水,,ま,5,5
兵庫区,湊川町,みなとがわちょう,2丁目,火金,13,月,毎週,木,毎週,水,,ま,5,5
兵庫区,湊川町,みなとがわちょう,3丁目,火金,13,月,毎週,木,毎週,水,,ま,5,5
兵庫区,湊川町,みなとがわちょう,4丁目,火金,13,月,毎週,木,毎週,水,,ま,5,5
兵庫区,湊川町,みなとがわちょう,5丁目,火金,13,月,毎週,木,毎週,水,,ま,5,5
兵庫区,湊川町,みなとがわちょう,6丁目,火金,13,月,毎週,木,毎週,水,,ま,5,5
兵庫区,湊川町,みなとがわちょう,7丁目,火金,13,月,毎週,木,毎週,水,,ま,5,5
兵庫区,湊川町,みなとがわちょう,8丁目,火金,13,月,毎週,木,毎週,水,,ま,5,5
兵庫区,湊川町,みなとがわちょう,9丁目,火金,13,月,毎週,木,毎週,水,,ま,5,5
兵庫区,湊川町,みなとがわちょう,10丁目,火金,13,月,毎週,木,毎週,水,,ま,5,5
兵庫区,湊町,みなとちょう,1丁目,火金,24,月,毎週,水,毎週,水,,ま,22,22
兵庫区,湊町,みなとちょう,2丁目,火金,24,月,毎週,水,毎週,水,,ま,22,22
兵庫区,湊町,みなとちょう,3丁目,火金,24,月,毎週,水,毎週,水,,ま,22,22
兵庫区,湊町,みなとちょう,4丁目,火金,24,月,毎週,水,毎週,水,,ま,22,22
兵庫区,湊山町,みなとやまちょう,,火金,13,木,毎週,月,毎週,水,注意！一部の地域で収集日の異なるクリーンステーションがあります。収集日はご利用のクリーンステーション看板でご確認いただくか、環境局兵庫事業所（電話：078-652-0981）へお問合せください。,ま,6,6
兵庫区,南逆瀬川町,みなみさかせがわちょう,,月木,24,火,毎週,金,毎週,水,注意！敷地内にコンテナ等を設置している集合住宅は収集日が異なる場合があります。収集日はご利用のクリーンステーション看板でご確認いただくか、環境局兵庫事業所（電話：078-652-0981）へお問合せください。,ま,3,3
兵庫区,南仲町,みなみなかまち,,月木,24,火,毎週,水,毎週,水,注意！敷地内にコンテナ等を設置している集合住宅は収集日が異なる場合があります。収集日はご利用のクリーンステーション看板でご確認いただくか、環境局兵庫事業所（電話：078-652-0981）へお問合せください。,ま,15,15
兵庫区,明和通,めいわどおり,1丁目,月木,24,火,毎週,金,毎週,水,,ま,3,3
兵庫区,明和通,めいわどおり,2丁目,月木,24,火,毎週,金,毎週,水,注意！敷地内にコンテナ等を設置している集合住宅は収集日が異なる場合があります。収集日はご利用のクリーンステーション看板でご確認いただくか、環境局兵庫事業所（電話：078-652-0981）へお問合せください。,ま,3,3
兵庫区,明和通,めいわどおり,3丁目,月木,24,火,毎週,金,毎週,水,,ま,3,3
兵庫区,門口町,もんぐちちょう,,月木,24,火,毎週,水,毎週,水,,ま,15,15
兵庫区,矢部町,やべちょう,,火金,24,木,毎週,水,毎週,水,注意！一部の地域で収集日の異なるクリーンステーションがあります。収集日はご利用のクリーンステーション看板でご確認いただくか、環境局兵庫事業所（電話：078-652-0981）へお問合せください。,や,24,24
兵庫区,雪御所町,ゆきのごしょちょう,,火金,24,木,毎週,月,毎週,水,,や,8,8
兵庫区,夢野町,ゆめのちょう,1丁目,火金,24,木,毎週,月,毎週,水,,や,8,8
兵庫区,夢野町,ゆめのちょう,2丁目,火金,24,木,毎週,月,毎週,水,,や,8,8
兵庫区,夢野町,ゆめのちょう,3丁目,火金,24,木,毎週,月,毎週,水,,や,8,8
兵庫区,夢野町,ゆめのちょう,4丁目,火金,24,木,毎週,月,毎週,水,,や,8,8
兵庫区,吉田町,よしだちょう,1丁目,月木,13,火,毎週,金,毎週,水,注意！敷地内にコンテナ等を設置している集合住宅は収集日が異なる場合があります。収集日はご利用のクリーンステーション看板でご確認いただくか、環境局兵庫事業所（電話：078-652-0981）へお問合せください。,や,1,1
兵庫区,吉田町,よしだちょう,2丁目,月木,13,火,毎週,金,毎週,水,注意！敷地内にコンテナ等を設置している集合住宅は収集日が異なる場合があります。収集日はご利用のクリーンステーション看板でご確認いただくか、環境局兵庫事業所（電話：078-652-0981）へお問合せください。,や,1,1
兵庫区,吉田町,よしだちょう,3丁目,月木,13,火,毎週,金,毎週,水,,や,1,1
兵庫区,和田崎町,わださきちょう,2丁目,月木,13,火,毎週,水,毎週,水,,わ,10,10
兵庫区,和田崎町,わださきちょう,3丁目,月木,13,火,毎週,水,毎週,水,,わ,10,10
兵庫区,和田宮通,わだみやどおり,3丁目,月木,13,火,毎週,水,毎週,水,,わ,10,10
兵庫区,和田宮通,わだみやどおり,4丁目,月木,13,火,毎週,水,毎週,水,,わ,10,10
兵庫区,和田宮通,わだみやどおり,5丁目,月木,13,火,毎週,水,毎週,水,,わ,10,10
兵庫区,和田宮通,わだみやどおり,6丁目,月木,13,火,毎週,水,毎週,水,,わ,10,10
兵庫区,和田宮通,わだみやどおり,7丁目,月木,13,火,毎週,水,毎週,水,,わ,10,10
北区,青葉台,あおばだい,,火金,24,金,毎週,月,毎週,水,,あ,44,44
北区,有野台,ありのだい,1丁目,火金,13,月,毎週,木,毎週,水,注意！敷地内にコンテナ等を設置している集合住宅は収集日が異なる場合があります。収集日はご利用のクリーンステーション看板でご確認いただくか、環境局北事業所（電話：078-581-0460）へお問合せください。,あ,5,5
北区,有野台,ありのだい,2丁目,火金,13,月,毎週,木,毎週,水,注意！敷地内にコンテナ等を設置している集合住宅は収集日が異なる場合があります。収集日はご利用のクリーンステーション看板でご確認いただくか、環境局北事業所（電話：078-581-0460）へお問合せください。,あ,5,5
北区,有野台,ありのだい,3丁目,火金,13,月,毎週,木,毎週,水,,あ,5,5
北区,有野台,ありのだい,4丁目,火金,13,月,毎週,木,毎週,水,,あ,5,5
北区,有野台,ありのだい,5丁目,火金,13,月,毎週,木,毎週,水,注意！敷地内にコンテナ等を設置している集合住宅は収集日が異なる場合があります。収集日はご利用のクリーンステーション看板でご確認いただくか、環境局北事業所（電話：078-581-0460）へお問合せください。,あ,5,5
北区,有野台,ありのだい,6丁目,火金,13,月,毎週,木,毎週,水,注意！敷地内にコンテナ等を設置している集合住宅は収集日が異なる場合があります。収集日はご利用のクリーンステーション看板でご確認いただくか、環境局北事業所（電話：078-581-0460）へお問合せください。,あ,5,5
北区,有野台,ありのだい,7丁目,火金,13,月,毎週,木,毎週,水,,あ,5,5
北区,有野台,ありのだい,8丁目,火金,13,月,毎週,木,毎週,水,,あ,5,5
北区,有野台,ありのだい,9丁目,火金,13,月,毎週,木,毎週,水,,あ,5,5
北区,有野町,ありのちょう,,-,-,-,-,-,-,-,この地域は、同じ町内に収集日が異なる地域があるため収集日を表示することができません。収集日はご利用のクリーンステーション看板でご確認いただくか、環境局北事業所（電話：078-581-0460）へお問合せください。,あ,-,-
北区,有野中町,ありのなかまち,1丁目,火金,13,月,毎週,水,毎週,水,,あ,17,17
北区,有野中町,ありのなかまち,2丁目,火金,13,月,毎週,水,毎週,水,,あ,17,17
北区,有野中町,ありのなかまち,3丁目,火金,13,月,毎週,水,毎週,水,注意！敷地内にコンテナ等を設置している集合住宅は収集日が異なる場合があります。収集日はご利用のクリーンステーション看板でご確認いただくか、環境局北事業所（電話：078-581-0460）へお問合せください。,あ,17,17
北区,有野中町,ありのなかまち,4丁目,火金,13,月,毎週,水,毎週,水,,あ,17,17
北区,有馬町,ありまちょう,,火金,24,月,毎週,水,毎週,水,,あ,22,22
北区,泉台,いずみだい,1丁目,月木,13,金,毎週,火,毎週,水,注意！一部の地域で収集日の異なるクリーンステーションがあります。収集日はご利用のクリーンステーション看板でご確認いただくか、環境局北事業所（電話：078-581-0460）へお問合せください。,あ,2,2
北区,泉台,いずみだい,2丁目,月木,13,金,毎週,火,毎週,水,,あ,2,2
北区,泉台,いずみだい,3丁目,月木,13,金,毎週,火,毎週,水,,あ,2,2
北区,泉台,いずみだい,4丁目,月木,13,金,毎週,火,毎週,水,,あ,2,2
北区,泉台,いずみだい,5丁目,月木,13,金,毎週,火,毎週,水,,あ,2,2
北区,泉台,いずみだい,6丁目,月木,13,金,毎週,火,毎週,水,,あ,2,2
北区,泉台,いずみだい,7丁目,月木,13,金,毎週,火,毎週,水,,あ,2,2
北区,大池見山台,おおいけみやまだい,,火金,13,木,毎週,月,毎週,水,,あ,6,6
北区,淡河町,おうごちょう,,月木,24,月,毎週,水,毎週,水,,あ,31,31
北区,大沢町,おおぞうちょう,,月木,24,月,毎週,水,毎週,水,,あ,31,31
北区,大原,おおはら,1丁目,月木,24,金,毎週,火,毎週,水,,あ,4,4
北区,大原,おおはら,2丁目,月木,24,金,毎週,火,毎週,水,,あ,4,4
北区,大原,おおはら,3丁目,月木,24,金,毎週,火,毎週,水,,あ,4,4
北区,大脇台,おおわきだい,,月木,13,金,毎週,火,毎週,水,注意！敷地内にコンテナ等を設置している集合住宅は収集日が異なる場合があります。収集日はご利用のクリーンステーション看板でご確認いただくか、環境局北事業所（電話：078-581-0460）へお問合せください。,あ,2,2
北区,小倉台,おぐらだい,1丁目,月木,24,金,毎週,火,毎週,水,,あ,4,4
北区,小倉台,おぐらだい,2丁目,月木,24,金,毎週,火,毎週,水,,あ,4,4
北区,小倉台,おぐらだい,3丁目,月木,24,金,毎週,火,毎週,水,,あ,4,4
北区,小倉台,おぐらだい,4丁目,月木,24,金,毎週,火,毎週,水,,あ,4,4
北区,小倉台,おぐらだい,5丁目,月木,24,金,毎週,火,毎週,水,,あ,4,4
北区,小倉台,おぐらだい,6丁目,月木,24,金,毎週,火,毎週,水,,あ,4,4
北区,小倉台,おぐらだい,7丁目,月木,24,金,毎週,火,毎週,水,,あ,4,4
北区,柏尾台,かしおだい,,火金,24,金,毎週,月,毎週,水,,か,44,44
北区,桂木,かつらぎ,1丁目,月木,24,金,毎週,火,毎週,水,,か,4,4
北区,桂木,かつらぎ,2丁目,月木,24,金,毎週,火,毎週,水,,か,4,4
北区,桂木,かつらぎ,3丁目,月木,24,金,毎週,火,毎週,水,,か,4,4
北区,桂木,かつらぎ,4丁目,月木,24,金,毎週,火,毎週,水,,か,4,4
北区,鹿の子台北町,かのこだいきたまち,1丁目,火金,24,木,毎週,水,毎週,水,,か,24,24
北区,鹿の子台北町,かのこだいきたまち,2丁目,火金,24,木,毎週,水,毎週,水,,か,24,24
北区,鹿の子台北町,かのこだいきたまち,3丁目,火金,24,木,毎週,水,毎週,水,,か,24,24
北区,鹿の子台北町,かのこだいきたまち,4丁目,火金,24,木,毎週,水,毎週,水,,か,24,24
北区,鹿の子台北町,かのこだいきたまち,5丁目,火金,24,木,毎週,水,毎週,水,,か,24,24
北区,鹿の子台北町,かのこだいきたまち,6丁目,火金,24,木,毎週,水,毎週,水,,か,24,24
北区,鹿の子台北町,かのこだいきたまち,7丁目,火金,24,木,毎週,水,毎週,水,,か,24,24
北区,鹿の子台北町,かのこだいきたまち,8丁目,火金,24,木,毎週,水,毎週,水,,か,24,24
北区,鹿の子台南町,かのこだいみなみまち,1丁目,火金,24,木,毎週,水,毎週,水,,か,24,24
北区,鹿の子台南町,かのこだいみなみまち,2丁目,火金,24,木,毎週,水,毎週,水,,か,24,24
北区,鹿の子台南町,かのこだいみなみまち,3丁目,火金,24,木,毎週,水,毎週,水,,か,24,24
北区,鹿の子台南町,かのこだいみなみまち,4丁目,火金,24,木,毎週,水,毎週,水,,か,24,24
北区,鹿の子台南町,かのこだいみなみまち,5丁目,火金,24,木,毎週,水,毎週,水,,か,24,24
北区,鹿の子台南町,かのこだいみなみまち,6丁目,火金,24,木,毎週,水,毎週,水,,か,24,24
北区,唐櫃台,からとだい,1丁目,火金,13,木,毎週,月,毎週,水,,か,6,6
北区,唐櫃台,からとだい,2丁目,火金,13,木,毎週,月,毎週,水,,か,6,6
北区,唐櫃台,からとだい,3丁目,火金,13,木,毎週,月,毎週,水,,か,6,6
北区,唐櫃台,からとだい,4丁目,火金,13,木,毎週,月,毎週,水,,か,6,6
北区,唐櫃六甲台,からとろっこうだい,,火金,13,木,毎週,月,毎週,水,,か,6,6
北区,北五葉,きたごよう,1丁目,月木,13,火,毎週,金,毎週,水,,か,1,1
北区,北五葉,きたごよう,2丁目,月木,13,火,毎週,金,毎週,水,,か,1,1
北区,北五葉,きたごよう,3丁目,月木,13,火,毎週,金,毎週,水,,か,1,1
北区,北五葉,きたごよう,4丁目,月木,13,火,毎週,金,毎週,水,,か,1,1
北区,北五葉,きたごよう,5丁目,月木,13,火,毎週,金,毎週,水,,か,1,1
北区,北五葉,きたごよう,6丁目,月木,13,火,毎週,金,毎週,水,,か,1,1
北区,北五葉,きたごよう,7丁目,月木,13,火,毎週,金,毎週,水,,か,1,1
北区,君影町,きみかげちょう,1丁目,月木,13,火,毎週,金,毎週,水,,か,1,1
北区,君影町,きみかげちょう,2丁目,月木,13,火,毎週,金,毎週,水,,か,1,1
北区,君影町,きみかげちょう,3丁目,月木,13,火,毎週,金,毎週,水,,か,1,1
北区,君影町,きみかげちょう,4丁目,月木,13,火,毎週,金,毎週,水,,か,1,1
北区,君影町,きみかげちょう,5丁目,月木,13,火,毎週,金,毎週,水,,か,1,1
北区,君影町,きみかげちょう,6丁目,月木,13,火,毎週,金,毎週,水,,か,1,1
北区,京地,きょうじ,1丁目,火金,24,木,毎週,水,毎週,水,,か,24,24
北区,京地,きょうじ,2丁目,火金,24,木,毎週,水,毎週,水,,か,24,24
北区,京地,きょうじ,3丁目,火金,24,木,毎週,水,毎週,水,,か,24,24
北区,京地,きょうじ,4丁目,火金,24,木,毎週,水,毎週,水,,か,24,24
北区,広陵町,こうりょうちょう,1丁目,月木,24,金,毎週,火,毎週,水,,か,4,4
北区,広陵町,こうりょうちょう,2丁目,月木,24,金,毎週,火,毎週,水,,か,4,4
北区,広陵町,こうりょうちょう,3丁目,月木,24,金,毎週,火,毎週,水,,か,4,4
北区,広陵町,こうりょうちょう,4丁目,月木,24,金,毎週,火,毎週,水,,か,4,4
北区,広陵町,こうりょうちょう,5丁目,月木,24,金,毎週,火,毎週,水,,か,4,4
北区,広陵町,こうりょうちょう,6丁目,月木,24,金,毎週,火,毎週,水,,か,4,4
北区,甲栄台,こうえいだい,1丁目,月木,13,金,毎週,火,毎週,水,注意！敷地内にコンテナ等を設置している集合住宅は収集日が異なる場合があります。収集日はご利用のクリーンステーション看板でご確認いただくか、環境局北事業所（電話：078-581-0460）へお問合せください。,か,2,2
北区,甲栄台,こうえいだい,2丁目,月木,13,金,毎週,火,毎週,水,,か,2,2
北区,甲栄台,こうえいだい,3丁目,月木,13,金,毎週,火,毎週,水,注意！敷地内にコンテナ等を設置している集合住宅は収集日が異なる場合があります。収集日はご利用のクリーンステーション看板でご確認いただくか、環境局北事業所（電話：078-581-0460）へお問合せください。,か,2,2
北区,甲栄台,こうえいだい,4丁目,月木,13,金,毎週,火,毎週,水,注意！敷地内にコンテナ等を設置している集合住宅は収集日が異なる場合があります。収集日はご利用のクリーンステーション看板でご確認いただくか、環境局北事業所（電話：078-581-0460）へお問合せください。,か,2,2
北区,甲栄台,こうえいだい,5丁目,月木,13,金,毎週,火,毎週,水,,か,2,2
北区,上津台,こうづだい,1丁目,火金,24,木,毎週,水,毎週,水,,か,24,24
北区,上津台,こうづだい,2丁目,火金,24,木,毎週,水,毎週,水,,か,24,24
北区,上津台,こうづだい,3丁目,火金,24,木,毎週,水,毎週,水,,か,24,24
北区,上津台,こうづだい,4丁目,火金,24,木,毎週,水,毎週,水,,か,24,24
北区,上津台,こうづだい,5丁目,火金,24,木,毎週,水,毎週,水,,か,24,24
北区,上津台,こうづだい,6丁目,火金,24,木,毎週,水,毎週,水,,か,24,24
北区,上津台,こうづだい,9丁目,火金,24,木,毎週,水,毎週,水,,か,24,24
北区,幸陽町,こうようちょう,1丁目,火金,13,木,毎週,月,毎週,水,,か,6,6
北区,幸陽町,こうようちょう,2丁目,火金,13,木,毎週,月,毎週,水,,か,6,6
北区,幸陽町,こうようちょう,3丁目,火金,13,木,毎週,月,毎週,水,,か,6,6
北区,桜森町,さくらしんまち,,月木,24,金,毎週,火,毎週,水,,さ,4,4
北区,菖蒲が丘,しょうぶがおか,1丁目,火金,24,木,毎週,水,毎週,水,,さ,24,24
北区,菖蒲が丘,しょうぶがおか,2丁目,火金,24,木,毎週,水,毎週,水,,さ,24,24
北区,菖蒲が丘,しょうぶがおか,3丁目,火金,24,木,毎週,水,毎週,水,,さ,24,24
北区,杉尾台,すぎおだい,1丁目,月木,13,金,毎週,火,毎週,水,,さ,2,2
北区,杉尾台,すぎおだい,2丁目,月木,13,金,毎週,火,毎週,水,,さ,2,2
北区,鈴蘭台西町,すずらんだいにしまち,1丁目,月木,24,火,毎週,金,毎週,水,,さ,3,3
北区,鈴蘭台西町,すずらんだいにしまち,2丁目,月木,24,火,毎週,金,毎週,水,,さ,3,3
北区,鈴蘭台西町,すずらんだいにしまち,3丁目,月木,24,火,毎週,金,毎週,水,,さ,3,3
北区,鈴蘭台西町,すずらんだいにしまち,4丁目,月木,24,火,毎週,金,毎週,水,注意！敷地内にコンテナ等を設置している集合住宅は収集日が異なる場合があります。収集日はご利用のクリーンステーション看板でご確認いただくか、環境局北事業所（電話：078-581-0460）へお問合せください。,さ,3,3
北区,鈴蘭台西町,すずらんだいにしまち,5丁目,月木,24,火,毎週,金,毎週,水,注意！敷地内にコンテナ等を設置している集合住宅は収集日が異なる場合があります。収集日はご利用のクリーンステーション看板でご確認いただくか、環境局北事業所（電話：078-581-0460）へお問合せください。,さ,3,3
北区,鈴蘭台西町,すずらんだいにしまち,6丁目,月木,24,火,毎週,金,毎週,水,,さ,3,3
北区,鈴蘭台南町,すずらんだいみなみまち,1丁目,月木,24,火,毎週,金,毎週,水,,さ,3,3
北区,鈴蘭台南町,すずらんだいみなみまち,2丁目,月木,24,火,毎週,金,毎週,水,,さ,3,3
北区,鈴蘭台南町,すずらんだいみなみまち,3丁目,月木,24,火,毎週,金,毎週,水,,さ,3,3
北区,鈴蘭台南町,すずらんだいみなみまち,4丁目,月木,24,火,毎週,金,毎週,水,,さ,3,3
北区,鈴蘭台南町,すずらんだいみなみまち,5丁目,月木,24,火,毎週,金,毎週,水,,さ,3,3
北区,鈴蘭台南町,すずらんだいみなみまち,6丁目,月木,24,火,毎週,金,毎週,水,,さ,3,3
北区,鈴蘭台南町,すずらんだいみなみまち,7丁目,月木,24,火,毎週,金,毎週,水,,さ,3,3
北区,鈴蘭台南町,すずらんだいみなみまち,8丁目,月木,24,火,毎週,金,毎週,水,,さ,3,3
北区,鈴蘭台南町,すずらんだいみなみまち,9丁目,月木,24,火,毎週,金,毎週,水,,さ,3,3
北区,鈴蘭台北町,すずらんだいきたまち,1丁目,月木,24,火,毎週,金,毎週,水,,さ,3,3
北区,鈴蘭台北町,すずらんだいきたまち,2丁目,月木,24,火,毎週,金,毎週,水,,さ,3,3
北区,鈴蘭台北町,すずらんだいきたまち,3丁目,月木,24,火,毎週,金,毎週,水,,さ,3,3
北区,鈴蘭台北町,すずらんだいきたまち,4丁目,月木,24,火,毎週,金,毎週,水,,さ,3,3
北区,鈴蘭台北町,すずらんだいきたまち,5丁目,月木,24,火,毎週,金,毎週,水,,さ,3,3
北区,鈴蘭台北町,すずらんだいきたまち,6丁目,月木,24,火,毎週,金,毎週,水,注意！敷地内にコンテナ等を設置している集合住宅は収集日が異なる場合があります。収集日はご利用のクリーンステーション看板でご確認いただくか、環境局北事業所（電話：078-581-0460）へお問合せください。,さ,3,3
北区,鈴蘭台北町,すずらんだいきたまち,7丁目,月木,24,火,毎週,金,毎週,水,,さ,3,3
北区,鈴蘭台北町,すずらんだいきたまち,8丁目,月木,24,火,毎週,金,毎週,水,,さ,3,3
北区,鈴蘭台北町,すずらんだいきたまち,9丁目,月木,24,火,毎週,金,毎週,水,注意！敷地内にコンテナ等を設置している集合住宅は収集日が異なる場合があります。収集日はご利用のクリーンステーション看板でご確認いただくか、環境局北事業所（電話：078-581-0460）へお問合せください。,さ,3,3
北区,鈴蘭台東町,すずらんだいひがしまち,1丁目,月木,24,火,毎週,金,毎週,水,,さ,3,3
北区,鈴蘭台東町,すずらんだいひがしまち,2丁目,月木,24,火,毎週,金,毎週,水,,さ,3,3
北区,鈴蘭台東町,すずらんだいひがしまち,3丁目,月木,24,火,毎週,金,毎週,水,,さ,3,3
北区,鈴蘭台東町,すずらんだいひがしまち,4丁目,月木,24,火,毎週,金,毎週,水,,さ,3,3
北区,鈴蘭台東町,すずらんだいひがしまち,5丁目,月木,24,火,毎週,金,毎週,水,,さ,3,3
北区,鈴蘭台東町,すずらんだいひがしまち,6丁目,月木,24,火,毎週,金,毎週,水,,さ,3,3
北区,鈴蘭台東町,すずらんだいひがしまち,7丁目,月木,24,火,毎週,金,毎週,水,,さ,3,3
北区,鈴蘭台東町,すずらんだいひがしまち,8丁目,月木,24,火,毎週,金,毎週,水,注意！敷地内にコンテナ等を設置している集合住宅は収集日が異なる場合があります。収集日はご利用のクリーンステーション看板でご確認いただくか、環境局北事業所（電話：078-581-0460）へお問合せください。,さ,3,3
北区,鈴蘭台東町,すずらんだいひがしまち,9丁目,月木,24,火,毎週,金,毎週,水,,さ,3,3
北区,星和台,せいわだい,1丁目,月木,13,火,毎週,金,毎週,水,,さ,1,1
北区,星和台,せいわだい,2丁目,月木,13,火,毎週,金,毎週,水,,さ,1,1
北区,星和台,せいわだい,3丁目,月木,13,火,毎週,金,毎週,水,,さ,1,1
北区,星和台,せいわだい,4丁目,月木,13,火,毎週,金,毎週,水,,さ,1,1
北区,星和台,せいわだい,5丁目,月木,13,火,毎週,金,毎週,水,,さ,1,1
北区,星和台,せいわだい,6丁目,月木,13,火,毎週,金,毎週,水,,さ,1,1
北区,星和台,せいわだい,7丁目,月木,13,火,毎週,金,毎週,水,,さ,1,1
北区,惣山町,そうやまちょう,1丁目,月木,13,金,毎週,火,毎週,水,,さ,2,2
北区,惣山町,そうやまちょう,2丁目,月木,13,金,毎週,火,毎週,水,,さ,2,2
北区,惣山町,そうやまちょう,3丁目,月木,13,金,毎週,火,毎週,水,,さ,2,2
北区,惣山町,そうやまちょう,4丁目,月木,13,金,毎週,火,毎週,水,,さ,2,2
北区,惣山町,そうやまちょう,5丁目,月木,13,金,毎週,火,毎週,水,,さ,2,2
北区,谷上西町,たにがみにしまち,,火金,24,金,毎週,月,毎週,水,,た,44,44
北区,谷上東町,たにがみひがしまち,,火金,13,木,毎週,月,毎週,水,,た,6,6
北区,谷上南町,たにがみみなみまち,,火金,13,木,毎週,月,毎週,水,,た,6,6
北区,筑紫が丘,つくしがおか,1丁目,月木,24,金,毎週,火,毎週,水,,た,4,4
北区,筑紫が丘,つくしがおか,2丁目,月木,24,金,毎週,火,毎週,水,,た,4,4
北区,筑紫が丘,つくしがおか,3丁目,月木,24,金,毎週,火,毎週,水,,た,4,4
北区,筑紫が丘,つくしがおか,4丁目,月木,24,金,毎週,火,毎週,水,,た,4,4
北区,筑紫が丘,つくしがおか,5丁目,月木,24,金,毎週,火,毎週,水,,た,4,4
北区,筑紫が丘,つくしがおか,6丁目,月木,24,金,毎週,火,毎週,水,,た,4,4
北区,筑紫が丘,つくしがおか,7丁目,月木,24,金,毎週,火,毎週,水,,た,4,4
北区,筑紫が丘,つくしがおか,8丁目,月木,24,金,毎週,火,毎週,水,,た,4,4
北区,筑紫が丘,つくしがおか,9丁目,月木,24,金,毎週,火,毎週,水,,た,4,4
北区,道場町,どうじょうちょう,,月木,24,月,毎週,水,毎週,水,,た,31,31
北区,長尾町,ながおちょう,丁目なし,月木,24,月,毎週,水,毎週,水,,た,31,31
北区,中里町,なかざとちょう,1丁目,月木,24,火,毎週,金,毎週,水,,な,15,3
北区,中里町,なかざとちょう,2丁目,月木,24,火,毎週,金,毎週,水,,な,15,3
北区,鳴子,なるこ,1丁目,月木,13,火,毎週,金,毎週,水,,な,1,1
北区,鳴子,なるこ,2丁目,月木,13,火,毎週,金,毎週,水,,な,1,1
北区,鳴子,なるこ,3丁目,月木,13,火,毎週,金,毎週,水,,な,1,1
北区,西大池,にしおおいけ,1丁目,火金,13,木,毎週,月,毎週,水,,な,6,6
北区,西大池,にしおおいけ,2丁目,火金,13,木,毎週,月,毎週,水,,な,6,6
北区,西山,にしやま,1丁目,火金,24,木,毎週,水,毎週,水,,な,24,24
北区,西山,にしやま,2丁目,火金,24,木,毎週,水,毎週,水,,な,24,24
北区,八多町,はたちょう,,月木,24,月,毎週,水,毎週,水,,な,31,31
北区,花山台,はなやまだい,,火金,13,木,毎週,月,毎週,水,,は,6,6
北区,花山中尾台,はなやまなかおだい,1丁目,火金,13,木,毎週,月,毎週,水,,は,6,6
北区,花山中尾台,はなやまなかおだい,2丁目,火金,13,木,毎週,月,毎週,水,,は,6,6
北区,花山中尾台,はなやまなかおだい,3丁目,火金,13,木,毎週,月,毎週,水,,は,6,6
北区,花山東町,はなやまひがしまち,,火金,13,木,毎週,月,毎週,水,,は,6,6
北区,東有野台,ひがしありのだい,1丁目,火金,13,月,毎週,木,毎週,水,,は,5,5
北区,東有野台,ひがしありのだい,2丁目,火金,13,月,毎週,木,毎週,水,,は,5,5
北区,東有野台,ひがしありのだい,3丁目,火金,13,月,毎週,木,毎週,水,,は,5,5
北区,東有野台,ひがしありのだい,4丁目,火金,13,月,毎週,木,毎週,水,,は,5,5
北区,東有野台,ひがしありのだい,5丁目,火金,13,月,毎週,木,毎週,水,,は,5,5
北区,東大池,ひがしおおいけ,1丁目,火金,13,木,毎週,月,毎週,水,,は,6,6
北区,東大池,ひがしおおいけ,2丁目,火金,13,木,毎週,月,毎週,水,,は,6,6
北区,東大池,ひがしおおいけ,3丁目,火金,13,木,毎週,月,毎週,水,,は,6,6
北区,日の峰,ひのみね,1丁目,月木,24,金,毎週,火,毎週,水,,は,4,4
北区,日の峰,ひのみね,2丁目,月木,24,金,毎週,火,毎週,水,,は,4,4
北区,日の峰,ひのみね,3丁目,月木,24,金,毎週,火,毎週,水,,は,4,4
北区,日の峰,ひのみね,4丁目,月木,24,金,毎週,火,毎週,水,,は,4,4
北区,日の峰,ひのみね,5丁目,月木,24,金,毎週,火,毎週,水,,は,4,4
北区,ひよどり台,ひよどりだい,1丁目,月木,13,火,毎週,金,毎週,水,,は,10,10
北区,ひよどり台,ひよどりだい,2丁目,月木,13,火,毎週,金,毎週,水,,は,10,10
北区,ひよどり台,ひよどりだい,3丁目,月木,13,火,毎週,金,毎週,水,,は,10,10
北区,ひよどり台,ひよどりだい,4丁目,月木,13,火,毎週,金,毎週,水,,は,10,10
北区,ひよどり台,ひよどりだい,5丁目,月木,13,火,毎週,金,毎週,水,,は,10,10
北区,ひよどり北町,ひよどりきたまち,2丁目,月木,13,火,毎週,金,毎週,水,,は,10,10
北区,ひよどり台南町,ひよどりだいみなみまち,1丁目,月木,13,火,毎週,金,毎週,水,,は,10,10
北区,ひよどり台南町,ひよどりだいみなみまち,2丁目,月木,13,火,毎週,金,毎週,水,,は,10,10
北区,ひよどり台南町,ひよどりだいみなみまち,3丁目,月木,13,火,毎週,金,毎週,水,,は,10,10
北区,ひよどり台南町,ひよどりだいみなみまち,4丁目,月木,13,火,毎週,金,毎週,水,,は,10,10
北区,藤原台中町,ふじわらだいなかまち,1丁目,火金,13,月,毎週,木,毎週,水,,は,5,5
北区,藤原台中町,ふじわらだいなかまち,2丁目,火金,13,月,毎週,木,毎週,水,,は,5,5
北区,藤原台中町,ふじわらだいなかまち,3丁目,火金,13,月,毎週,木,毎週,水,,は,5,5
北区,藤原台中町,ふじわらだいなかまち,4丁目,火金,13,月,毎週,木,毎週,水,,は,5,5
北区,藤原台中町,ふじわらだいなかまち,5丁目,火金,13,月,毎週,木,毎週,水,,は,5,5
北区,藤原台中町,ふじわらだいなかまち,6丁目,火金,13,月,毎週,木,毎週,水,,は,5,5
北区,藤原台中町,ふじわらだいなかまち,7丁目,火金,13,月,毎週,木,毎週,水,,は,5,5
北区,藤原台中町,ふじわらだいなかまち,8丁目,火金,13,月,毎週,木,毎週,水,,は,5,5
北区,藤原台南町,ふじわらだいみなみまち,1丁目,火金,13,月,毎週,木,毎週,水,,は,5,5
北区,藤原台南町,ふじわらだいみなみまち,2丁目,火金,13,月,毎週,木,毎週,水,,は,5,5
北区,藤原台南町,ふじわらだいみなみまち,3丁目,火金,13,月,毎週,木,毎週,水,,は,5,5
北区,藤原台南町,ふじわらだいみなみまち,4丁目,火金,13,月,毎週,木,毎週,水,,は,5,5
北区,藤原台南町,ふじわらだいみなみまち,5丁目,火金,13,月,毎週,木,毎週,水,,は,5,5
北区,藤原台北町,ふじわらだいきたまち,1丁目,火金,13,月,毎週,木,毎週,水,,は,5,5
北区,藤原台北町,ふじわらだいきたまち,2丁目,火金,13,月,毎週,木,毎週,水,,は,5,5
北区,藤原台北町,ふじわらだいきたまち,3丁目,火金,13,月,毎週,木,毎週,水,,は,5,5
北区,藤原台北町,ふじわらだいきたまち,4丁目,火金,13,月,毎週,木,毎週,水,,は,5,5
北区,藤原台北町,ふじわらだいきたまち,5丁目,火金,13,月,毎週,木,毎週,水,注意！敷地内にコンテナ等を設置している集合住宅は収集日が異なる場合があります。収集日はご利用のクリーンステーション看板でご確認いただくか、環境局北事業所（電話：078-581-0460）へお問合せください。,は,5,5
北区,藤原台北町,ふじわらだいきたまち,6丁目,火金,13,月,毎週,木,毎週,水,,は,5,5
北区,藤原台北町,ふじわらだいきたまち,7丁目,火金,13,月,毎週,木,毎週,水,,は,5,5
北区,松が枝町,まつがえちょう,1丁目,月木,24,金,毎週,火,毎週,水,注意！一部の地域で収集日の異なるクリーンステーションがあります。収集日はご利用のクリーンステーション看板でご確認いただくか、環境局北事業所（電話：078-581-0460）へお問合せください。,ま,4,4
北区,松が枝町,まつがえちょう,2丁目,月木,24,金,毎週,火,毎週,水,,ま,4,4
北区,松が枝町,まつがえちょう,3丁目,月木,24,金,毎週,火,毎週,水,,ま,4,4
北区,松宮台,まつみやだい,1丁目,月木,13,金,毎週,火,毎週,水,,ま,2,2
北区,松宮台,まつみやだい,2丁目,月木,13,金,毎週,火,毎週,水,,ま,2,2
北区,緑町,みどりまち,1丁目,月木,13,金,毎週,火,毎週,水,,ま,2,2
北区,緑町,みどりまち,2丁目,月木,13,金,毎週,火,毎週,水,,ま,2,2
北区,緑町,みどりまち,3丁目,月木,13,金,毎週,火,毎週,水,,ま,2,2
北区,緑町,みどりまち,4丁目,月木,13,金,毎週,火,毎週,水,,ま,2,2
北区,緑町,みどりまち,5丁目,月木,13,金,毎週,火,毎週,水,,ま,2,2
北区,緑町,みどりまち,6丁目,月木,13,金,毎週,火,毎週,水,,ま,2,2
北区,緑町,みどりまち,7丁目,月木,13,金,毎週,火,毎週,水,,ま,2,2
北区,緑町,みどりまち,8丁目,月木,13,金,毎週,火,毎週,水,注意！敷地内にコンテナ等を設置している集合住宅は収集日が異なる場合があります。収集日はご利用のクリーンステーション看板でご確認いただくか、環境局北事業所（電話：078-581-0460）へお問合せください。,ま,2,2
北区,南五葉,みなみごよう,1丁目,月木,13,火,毎週,金,毎週,水,,ま,1,1
北区,南五葉,みなみごよう,2丁目,月木,13,火,毎週,金,毎週,水,,ま,1,1
北区,南五葉,みなみごよう,3丁目,月木,13,火,毎週,金,毎週,水,,ま,1,1
北区,南五葉,みなみごよう,4丁目,月木,13,火,毎週,金,毎週,水,,ま,1,1
北区,南五葉,みなみごよう,5丁目,月木,13,火,毎週,金,毎週,水,,ま,1,1
北区,南五葉,みなみごよう,6丁目,月木,13,火,毎週,金,毎週,水,,ま,1,1
北区,山田町,やまだちょう,藍那,月木,13,火,毎週,金,毎週,水,,ま,1,1
北区,山田町,やまだちょう,小河,月木,13,火,毎週,金,毎週,水,,や,1,1
北区,山田町,やまだちょう,小部,月木,24,火,毎週,金,毎週,水,注意！敷地内にコンテナ等を設置している集合住宅は収集日が異なる場合があります。収集日はご利用のクリーンステーション看板でご確認いただくか、環境局北事業所（電話：078-581-0460）へお問合せください。,や,3,3
北区,山田町,やまだちょう,上谷上,火金,13,木,毎週,月,毎週,水,,や,6,6
北区,山田町,やまだちょう,坂本,火金,24,金,毎週,月,毎週,水,,や,44,44
北区,山田町,やまだちょう,下谷上字猪ころび,月木,13,金,毎週,火,毎週,水,注意！敷地内にコンテナ等を設置している集合住宅は収集日が異なる場合があります。収集日はご利用のクリーンステーション看板でご確認いただくか、環境局北事業所（電話：078-581-0460）へお問合せください。,や,2,2
北区,山田町,やまだちょう,下谷上字中一里山ひよどり台（シルバーハイツ）,月木,13,火,毎週,金,毎週,水,,や,1,1
北区,山田町,やまだちょう,下谷上（猪ころび・中一里山ひよどり台（シルバーハイツ）以外の地域）,火金,13,木,毎週,月,毎週,水,注意！一部の地域で収集日の異なるクリーンステーションがあります。収集日はご利用のクリーンステーション看板でご確認いただくか、環境局北事業所（電話：078-581-0460）へお問合せください。,や,6,6
北区,山田町,やまだちょう,衝原,火金,24,金,毎週,月,毎週,水,,や,44,44
北区,山田町,やまだちょう,中,火金,24,金,毎週,月,毎週,水,,や,44,44
北区,山田町,やまだちょう,西下,火金,24,金,毎週,月,毎週,水,,や,44,44
北区,山田町,やまだちょう,原野,火金,24,金,毎週,月,毎週,水,注意！一部の地域で収集日の異なるクリーンステーションがあります。収集日はご利用のクリーンステーション看板でご確認いただくか、環境局北事業所（電話：078-581-0460）へお問合せください。,や,44,44
北区,山田町,やまだちょう,東下,火金,24,金,毎週,月,毎週,水,,や,44,44
北区,山田町,やまだちょう,福地,火金,24,金,毎週,月,毎週,水,,や,44,44
北区,若葉台,わかばだい,1丁目,月木,13,金,毎週,火,毎週,水,,わ,2,2
北区,若葉台,わかばだい,2丁目,月木,13,金,毎週,火,毎週,水,,わ,2,2
北区,若葉台,わかばだい,3丁目,月木,13,金,毎週,火,毎週,水,,わ,2,2
北区,若葉台,わかばだい,4丁目,月木,13,金,毎週,火,毎週,水,,わ,2,2
長田区,池田上町,いけだうえまち,,火金,13,木,毎週,月,毎週,水,,あ,6,6
長田区,池田経町,いけだきょうまち,,火金,13,木,毎週,月,毎週,水,,あ,6,6
長田区,池田塩町,いけだしおまち,,火金,13,木,毎週,月,毎週,水,,あ,6,6
長田区,池田新町,いけだしんまち,,火金,13,木,毎週,月,毎週,水,,あ,6,6
長田区,池田谷町,いけだたにまち,,火金,13,木,毎週,月,毎週,水,,あ,6,6
長田区,池田寺町,いけだてらまち,,火金,13,木,毎週,月,毎週,水,,あ,6,6
長田区,池田広町,いけだひろまち,,火金,13,木,毎週,月,毎週,水,,あ,6,6
長田区,一番町,いちばんちょう,1丁目,火金,24,木,毎週,水,毎週,水,,あ,24,24
長田区,一番町,いちばんちょう,2丁目,火金,24,木,毎週,水,毎週,水,,あ,24,24
長田区,一番町,いちばんちょう,3丁目,火金,24,木,毎週,水,毎週,水,,あ,24,24
長田区,一番町,いちばんちょう,3丁目（コンテナ等を設置している集合住宅）,月木,24,木,毎週,水,毎週,水,,あ,34,34
長田区,一番町,いちばんちょう,4丁目,火金,24,木,毎週,水,毎週,水,,あ,24,24
長田区,一番町,いちばんちょう,5丁目,火金,24,木,毎週,水,毎週,水,,あ,24,24
長田区,一番町,いちばんちょう,5丁目（コンテナ等を設置している集合住宅）,月木,24,木,毎週,水,毎週,水,,あ,34,34
長田区,一里山町,いちりやまちょう,,月木,13,金,毎週,火,毎週,水,,あ,2,2
長田区,鶯町,うぐいすちょう,1丁目,月木,13,金,毎週,火,毎週,水,,あ,2,2
長田区,鶯町,うぐいすちょう,2丁目,月木,13,金,毎週,火,毎週,水,,あ,2,2
長田区,鶯町,うぐいすちょう,3丁目,月木,13,金,毎週,火,毎週,水,,あ,2,2
長田区,鶯町,うぐいすちょう,4丁目,月木,13,金,毎週,火,毎週,水,,あ,2,2
長田区,腕塚町,うでづかちょう,1丁目,月木,13,火,毎週,水,毎週,水,,あ,10,10
長田区,腕塚町,うでづかちょう,2丁目,月木,13,火,毎週,水,毎週,水,,あ,10,10
長田区,腕塚町,うでづかちょう,3丁目,月木,13,火,毎週,水,毎週,水,,あ,10,10
長田区,腕塚町,うでづかちょう,4丁目,月木,13,火,毎週,水,毎週,水,,あ,10,10
長田区,腕塚町,うでづかちょう,5丁目,月木,13,火,毎週,水,毎週,水,,あ,10,10
長田区,腕塚町,うでづかちょう,6丁目,月木,13,火,毎週,水,毎週,水,,あ,10,10
長田区,腕塚町,うでづかちょう,7丁目,月木,13,火,毎週,水,毎週,水,,あ,10,10
長田区,腕塚町,うでづかちょう,8丁目,月木,13,火,毎週,水,毎週,水,,あ,10,10
長田区,腕塚町,うでづかちょう,9丁目,月木,13,火,毎週,水,毎週,水,,あ,10,10
長田区,腕塚町,うでづかちょう,10丁目,月木,13,火,毎週,水,毎週,水,,あ,10,10
長田区,梅ケ香町,うめがかちょう,1丁目,月木,24,金,毎週,水,毎週,水,,あ,16,16
長田区,梅ケ香町,うめがかちょう,2丁目,月木,24,金,毎週,水,毎週,水,,あ,16,16
長田区,大谷町,おおたにちょう,1丁目,火金,13,木,毎週,月,毎週,水,,あ,6,6
長田区,大谷町,おおたにちょう,2丁目,火金,13,木,毎週,月,毎週,水,,あ,6,6
長田区,大谷町,おおたにちょう,3丁目,火金,13,木,毎週,月,毎週,水,,あ,6,6
長田区,大塚町,おおつかちょう,1丁目,火金,24,木,毎週,水,毎週,水,,あ,24,24
長田区,大塚町,おおつかちょう,2丁目,火金,24,木,毎週,水,毎週,水,,あ,24,24
長田区,大塚町,おおつかちょう,3丁目,火金,24,木,毎週,水,毎週,水,,あ,24,24
長田区,大塚町,おおつかちょう,4丁目,火金,24,木,毎週,水,毎週,水,,あ,24,24
長田区,大塚町,おおつかちょう,5丁目,火金,24,木,毎週,水,毎週,水,,あ,24,24
長田区,大塚町,おおつかちょう,6丁目,火金,24,木,毎週,水,毎週,水,,あ,24,24
長田区,大塚町,おおつかちょう,7丁目,火金,24,木,毎週,水,毎週,水,,あ,24,24
長田区,大塚町,おおつかちょう,8丁目,火金,24,木,毎週,水,毎週,水,,あ,24,24
長田区,大塚町,おおつかちょう,9丁目,火金,24,木,毎週,水,毎週,水,,あ,24,24
長田区,大橋町,おおはしちょう,1丁目,火金,13,月,毎週,木,毎週,水,,あ,5,5
長田区,大橋町,おおはしちょう,2丁目,火金,13,月,毎週,木,毎週,水,,あ,5,5
長田区,大橋町,おおはしちょう,3丁目,火金,13,月,毎週,木,毎週,水,,あ,5,5
長田区,大橋町,おおはしちょう,4丁目,火金,13,月,毎週,木,毎週,水,,あ,5,5
長田区,大橋町,おおはしちょう,5丁目,火金,13,月,毎週,木,毎週,水,,あ,5,5
長田区,大橋町,おおはしちょう,6丁目,火金,13,月,毎週,木,毎週,水,,あ,5,5
長田区,大橋町,おおはしちょう,7丁目,火金,13,月,毎週,木,毎週,水,,あ,5,5
長田区,大橋町,おおはしちょう,8丁目,火金,13,月,毎週,木,毎週,水,,あ,5,5
長田区,大橋町,おおはしちょう,9丁目,火金,13,月,毎週,木,毎週,水,,あ,5,5
長田区,大橋町,おおはしちょう,10丁目,火金,13,月,毎週,木,毎週,水,,あ,5,5
長田区,大道通,おおみちどおり,1丁目（神戸明石線より南側）,火金,13,月,毎週,木,毎週,水,,あ,5,5
長田区,大道通,おおみちどおり,1丁目（神戸明石線より北側）,火金,13,木,毎週,月,毎週,水,,あ,6,6
長田区,大道通,おおみちどおり,2丁目（神戸明石線より南側）,火金,13,月,毎週,木,毎週,水,,あ,5,5
長田区,大道通,おおみちどおり,2丁目（神戸明石線より北側）,火金,13,木,毎週,月,毎週,水,,あ,6,6
長田区,大道通,おおみちどおり,3丁目（神戸明石線より南側）,火金,13,月,毎週,木,毎週,水,,あ,5,5
長田区,大道通,おおみちどおり,3丁目（神戸明石線より南側で、コンテナ等を設置している集合住宅）,月木,13,月,毎週,木,毎週,水,,あ,51,51
長田区,大道通,おおみちどおり,3丁目（神戸明石線より北側）,火金,13,木,毎週,月,毎週,水,,あ,6,6
長田区,大道通,おおみちどおり,4丁目（神戸明石線より南側）,火金,13,月,毎週,木,毎週,水,,あ,5,5
長田区,大道通,おおみちどおり,4丁目（神戸明石線より北側）,火金,13,木,毎週,月,毎週,水,,あ,6,6
長田区,大道通,おおみちどおり,5丁目（神戸明石線より南側）,火金,13,月,毎週,木,毎週,水,,あ,5,5
長田区,大道通,おおみちどおり,5丁目（神戸明石線より北側）,火金,13,木,毎週,月,毎週,水,,あ,6,6
長田区,重池町,おもいけちょう,1丁目,火金,24,月,毎週,水,毎週,水,,あ,22,22
長田区,重池町,おもいけちょう,1丁目(コンテナ等を設置している集合住宅）,月木,24,月,毎週,水,毎週,水,,あ,31,31
長田区,重池町,おもいけちょう,2丁目,火金,24,月,毎週,水,毎週,水,,あ,22,22
長田区,御屋敷通,おやしきどおり,1丁目,火金,13,月,毎週,木,毎週,水,,あ,5,5
長田区,御屋敷通,おやしきどおり,1丁目(コンテナ等を設置している集合住宅）,月木,13,月,毎週,木,毎週,水,,あ,51,51
長田区,御屋敷通,おやしきどおり,2丁目,火金,13,月,毎週,木,毎週,水,,あ,5,5
長田区,御屋敷通,おやしきどおり,3丁目,火金,13,月,毎週,木,毎週,水,,あ,5,5
長田区,御屋敷通,おやしきどおり,3丁目(コンテナ等を設置している集合住宅）,月木,13,月,毎週,木,毎週,水,,あ,51,51
長田区,御屋敷通,おやしきどおり,4丁目,火金,13,月,毎週,木,毎週,水,,あ,5,5
長田区,御屋敷通,おやしきどおり,5丁目,火金,13,月,毎週,木,毎週,水,,あ,5,5
長田区,御屋敷通,おやしきどおり,6丁目,火金,13,月,毎週,木,毎週,水,,あ,5,5
長田区,海運町,かいうんちょう,2丁目,火金,13,月,毎週,木,毎週,水,,か,5,5
長田区,海運町,かいうんちょう,3丁目,火金,13,月,毎週,木,毎週,水,,か,5,5
長田区,海運町,かいうんちょう,4丁目,火金,13,月,毎週,木,毎週,水,,か,5,5
長田区,海運町,かいうんちょう,5丁目,月木,13,火,毎週,水,毎週,水,,か,10,10
長田区,海運町,かいうんちょう,6丁目,月木,13,火,毎週,水,毎週,水,,か,10,10
長田区,海運町,かいうんちょう,7丁目,月木,13,火,毎週,水,毎週,水,,か,10,10
長田区,海運町,かいうんちょう,8丁目,月木,13,火,毎週,水,毎週,水,,か,10,10
長田区,神楽町,かぐらちょう,1丁目,火金,13,月,毎週,木,毎週,水,,か,5,5
長田区,神楽町,かぐらちょう,2丁目,火金,13,月,毎週,木,毎週,水,,か,5,5
長田区,神楽町,かぐらちょう,3丁目,火金,13,月,毎週,木,毎週,水,,か,5,5
長田区,神楽町,かぐらちょう,4丁目,火金,13,月,毎週,木,毎週,水,,か,5,5
長田区,神楽町,かぐらちょう,5丁目,火金,13,月,毎週,木,毎週,水,,か,5,5
長田区,神楽町,かぐらちょう,5丁目(コンテナ等を設置している集合住宅）,月木,13,月,毎週,木,毎週,水,,か,51,51
長田区,神楽町,かぐらちょう,6丁目,火金,13,月,毎週,木,毎週,水,,か,5,5
長田区,片山町,かたやまちょう,1丁目,火金,24,月,毎週,水,毎週,水,,か,22,22
長田区,片山町,かたやまちょう,2丁目,火金,24,月,毎週,水,毎週,水,,か,22,22
長田区,片山町,かたやまちょう,3丁目,火金,24,月,毎週,水,毎週,水,,か,22,22
長田区,片山町,かたやまちょう,4丁目,火金,24,月,毎週,水,毎週,水,,か,22,22
長田区,片山町,かたやまちょう,5丁目,火金,24,月,毎週,水,毎週,水,,か,22,22
長田区,上池田,かみいけだ,1丁目,火金,13,木,毎週,月,毎週,水,,か,6,6
長田区,上池田,かみいけだ,2丁目,火金,13,木,毎週,月,毎週,水,,か,6,6
長田区,上池田,かみいけだ,3丁目,火金,13,木,毎週,月,毎週,水,,か,6,6
長田区,上池田,かみいけだ,4丁目,火金,13,木,毎週,月,毎週,水,,か,6,6
長田区,上池田,かみいけだ,5丁目,火金,13,木,毎週,月,毎週,水,,か,6,6
長田区,上池田,かみいけだ,6丁目,火金,13,木,毎週,月,毎週,水,,か,6,6
長田区,苅藻島町,かるもじまちょう,1丁目,月木,24,金,毎週,水,毎週,水,,か,16,16
長田区,苅藻島町,かるもじまちょう,2丁目,月木,24,金,毎週,水,毎週,水,,か,16,16
長田区,苅藻島町,かるもじまちょう,3丁目,月木,24,金,毎週,水,毎週,水,,か,16,16
長田区,苅藻通,かるもどおり,1丁目,月木,24,金,毎週,水,毎週,水,,か,16,16
長田区,苅藻通,かるもどおり,2丁目,月木,24,金,毎週,水,毎週,水,,か,16,16
長田区,苅藻通,かるもどおり,3丁目,月木,24,金,毎週,水,毎週,水,,か,16,16
長田区,苅藻通,かるもどおり,4丁目,月木,24,金,毎週,水,毎週,水,,か,16,16
長田区,苅藻通,かるもどおり,5丁目,月木,24,金,毎週,水,毎週,水,,か,16,16
長田区,苅藻通,かるもどおり,6丁目,月木,24,金,毎週,水,毎週,水,,か,16,16
長田区,苅藻通,かるもどおり,7丁目,月木,24,金,毎週,水,毎週,水,,か,16,16
長田区,川西通,かわにしどおり,1丁目,火金,13,月,毎週,木,毎週,水,,か,5,5
長田区,川西通,かわにしどおり,2丁目,火金,13,月,毎週,木,毎週,水,,か,5,5
長田区,川西通,かわにしどおり,3丁目,火金,13,月,毎週,木,毎週,水,,か,5,5
長田区,川西通,かわにしどおり,3丁目(コンテナ等を設置している集合住宅）,月木,13,月,毎週,木,毎週,水,,か,51,51
長田区,川西通,かわにしどおり,4丁目,火金,13,月,毎週,木,毎週,水,,か,5,5
長田区,川西通,かわにしどおり,5丁目,火金,13,月,毎週,木,毎週,水,,か,5,5
長田区,北町,きたまち,1丁目,火金,24,木,毎週,水,毎週,水,,か,24,24
長田区,北町,きたまち,2丁目,火金,24,木,毎週,水,毎週,水,,か,24,24
長田区,北町,きたまち,3丁目,火金,24,木,毎週,水,毎週,水,,か,24,24
長田区,北町,きたまち,3丁目(コンテナ等を設置している集合住宅）,月木,24,木,毎週,水,毎週,水,,か,34,34
長田区,久保町,くぼちょう,1丁目,月木,13,火,毎週,水,毎週,水,,か,10,10
長田区,久保町,くぼちょう,2丁目,月木,13,火,毎週,水,毎週,水,,か,10,10
長田区,久保町,くぼちょう,3丁目,月木,13,火,毎週,水,毎週,水,,か,10,10
長田区,久保町,くぼちょう,4丁目,月木,13,火,毎週,水,毎週,水,,か,10,10
長田区,久保町,くぼちょう,5丁目,月木,13,火,毎週,水,毎週,水,,か,10,10
長田区,久保町,くぼちょう,6丁目,月木,13,火,毎週,水,毎週,水,,か,10,10
長田区,久保町,くぼちょう,7丁目,月木,13,火,毎週,水,毎週,水,,か,10,10
長田区,久保町,くぼちょう,8丁目,月木,13,火,毎週,水,毎週,水,,か,10,10
長田区,久保町,くぼちょう,9丁目,月木,13,火,毎週,水,毎週,水,,か,10,10
長田区,久保町,くぼちょう,10丁目,月木,13,火,毎週,水,毎週,水,,か,10,10
長田区,源平町,げんぺいちょう,,月木,13,金,毎週,火,毎週,水,,か,2,2
長田区,五位ノ池町,ごいのいけちょう,1丁目,火金,13,木,毎週,月,毎週,水,,か,6,6
長田区,五位ノ池町,ごいのいけちょう,2丁目,火金,13,木,毎週,月,毎週,水,,か,6,6
長田区,五位ノ池町,ごいのいけちょう,3丁目,火金,13,木,毎週,月,毎週,水,,か,6,6
長田区,五位ノ池町,ごいのいけちょう,4丁目,火金,13,木,毎週,月,毎週,水,,か,6,6
長田区,高東町,こうとうちょう,1丁目,月木,13,金,毎週,火,毎週,水,,か,2,2
長田区,高東町,こうとうちょう,2丁目,月木,13,金,毎週,火,毎週,水,,か,2,2
長田区,高東町,こうとうちょう,3丁目,月木,13,金,毎週,火,毎週,水,,か,2,2
長田区,五番町,ごばんちょう,1丁目,火金,24,木,毎週,水,毎週,水,,か,24,24
長田区,五番町,ごばんちょう,2丁目,火金,24,木,毎週,水,毎週,水,,か,24,24
長田区,五番町,ごばんちょう,3丁目,火金,24,木,毎週,水,毎週,水,,か,24,24
長田区,五番町,ごばんちょう,4丁目,火金,24,木,毎週,水,毎週,水,,か,24,24
長田区,五番町,ごばんちょう,5丁目,火金,24,木,毎週,水,毎週,水,,か,24,24
長田区,五番町,ごばんちょう,6丁目,火金,24,木,毎週,水,毎週,水,,か,24,24
長田区,五番町,ごばんちょう,7丁目,火金,24,木,毎週,水,毎週,水,,か,24,24
長田区,五番町,ごばんちょう,8丁目,火金,24,木,毎週,水,毎週,水,,か,24,24
長田区,駒栄町,こまえちょう,1丁目,月木,24,金,毎週,水,毎週,水,,か,16,16
長田区,駒栄町,こまえちょう,2丁目,月木,24,金,毎週,水,毎週,水,,か,16,16
長田区,駒栄町,こまえちょう,3丁目,月木,24,金,毎週,水,毎週,水,,か,16,16
長田区,駒栄町,こまえちょう,4丁目,月木,24,金,毎週,水,毎週,水,,か,16,16
長田区,駒ケ林町,こまがばやしちょう,1丁目,月木,24,金,毎週,水,毎週,水,,か,16,16
長田区,駒ケ林町,こまがばやしちょう,2丁目,月木,24,金,毎週,水,毎週,水,,か,16,16
長田区,駒ケ林町,こまがばやしちょう,3丁目,月木,24,金,毎週,水,毎週,水,,か,16,16
長田区,駒ケ林町,こまがばやしちょう,4丁目,月木,24,金,毎週,水,毎週,水,,か,16,16
長田区,駒ケ林町,こまがばやしちょう,5丁目,月木,24,金,毎週,水,毎週,水,,か,16,16
長田区,駒ケ林町,こまがばやしちょう,6丁目,月木,24,金,毎週,水,毎週,水,,か,16,16
長田区,三番町,さんばんちょう,1丁目,火金,24,木,毎週,水,毎週,水,,さ,24,24
長田区,三番町,さんばんちょう,2丁目,火金,24,木,毎週,水,毎週,水,,さ,24,24
長田区,三番町,さんばんちょう,3丁目,火金,24,木,毎週,水,毎週,水,,さ,24,24
長田区,三番町,さんばんちょう,4丁目,火金,24,木,毎週,水,毎週,水,,さ,24,24
長田区,三番町,さんばんちょう,5丁目,火金,24,木,毎週,水,毎週,水,,さ,24,24
長田区,鹿松町,しかまつちょう,1丁目,月木,13,金,毎週,火,毎週,水,,さ,2,2
長田区,鹿松町,しかまつちょう,2丁目,月木,13,金,毎週,火,毎週,水,,さ,2,2
長田区,鹿松町,しかまつちょう,3丁目,月木,13,金,毎週,火,毎週,水,,さ,2,2
長田区,庄田町,しょうだちょう,1丁目,月木,24,金,毎週,水,毎週,水,,さ,16,16
長田区,庄田町,しょうだちょう,2丁目,月木,24,金,毎週,水,毎週,水,,さ,16,16
長田区,庄田町,しょうだちょう,3丁目,月木,24,金,毎週,水,毎週,水,,さ,16,16
長田区,庄田町,しょうだちょう,4丁目,月木,24,金,毎週,水,毎週,水,,さ,16,16
長田区,庄山町,しょうやまちょう,1丁目,火金,13,木,毎週,月,毎週,水,,さ,6,6
長田区,庄山町,しょうやまちょう,2丁目,火金,13,木,毎週,月,毎週,水,,さ,6,6
長田区,庄山町,しょうやまちょう,3丁目,火金,13,木,毎週,月,毎週,水,,さ,6,6
長田区,庄山町,しょうやまちょう,4丁目,火金,13,木,毎週,月,毎週,水,,さ,6,6
長田区,菅原通,すがはらどおり,1丁目,火金,24,木,毎週,水,毎週,水,,さ,24,24
長田区,菅原通,すがはらどおり,2丁目,火金,24,木,毎週,水,毎週,水,,さ,24,24
長田区,菅原通,すがはらどおり,3丁目,火金,24,木,毎週,水,毎週,水,,さ,24,24
長田区,菅原通,すがはらどおり,4丁目,火金,24,木,毎週,水,毎週,水,,さ,24,24
長田区,菅原通,すがはらどおり,5丁目,火金,24,木,毎週,水,毎週,水,,さ,24,24
長田区,菅原通,すがはらどおり,6丁目,火金,24,木,毎週,水,毎週,水,,さ,24,24
長田区,菅原通,すがはらどおり,7丁目,火金,24,木,毎週,水,毎週,水,,さ,24,24
長田区,大日丘町,だいにちがおかちょう,1丁目,月木,13,金,毎週,火,毎週,水,,た,2,2
長田区,大日丘町,だいにちがおかちょう,2丁目,月木,13,金,毎週,火,毎週,水,,た,2,2
長田区,大日丘町,だいにちがおかちょう,3丁目,月木,13,金,毎週,火,毎週,水,,た,2,2
長田区,大丸町,だいまるちょう,1丁目,火金,24,月,毎週,水,毎週,水,,た,22,22
長田区,大丸町,だいまるちょう,2丁目,火金,24,月,毎週,水,毎週,水,,た,22,22
長田区,大丸町,だいまるちょう,3丁目,火金,24,月,毎週,水,毎週,水,,た,22,22
長田区,高取山町,たかとりさんちょう,1丁目,月木,24,火,毎週,金,毎週,水,,た,3,3
長田区,高取山町,たかとりさんちょう,2丁目,月木,24,火,毎週,金,毎週,水,,た,3,3
長田区,滝谷町,たきたにちょう,1丁目,月木,13,金,毎週,火,毎週,水,,た,2,2
長田区,滝谷町,たきたにちょう,2丁目,月木,13,金,毎週,火,毎週,水,,た,2,2
長田区,滝谷町,たきたにちょう,3丁目,月木,13,金,毎週,火,毎週,水,,た,2,2
長田区,長者町,ちょうじゃまち,,-,-,-,-,-,-,-,この地域は、同じ町内に収集日が異なる地域があるため収集日を表示することができません。収集日はご利用のクリーンステーション看板でご確認いただくか、環境局長田事業所（電話：078-652-1441）へお問合せください。,た,-,-
長田区,寺池町,てらいけちょう,1丁目,火金,24,月,毎週,水,毎週,水,,た,22,22
長田区,寺池町,てらいけちょう,2丁目,火金,24,月,毎週,水,毎週,水,,た,22,22
長田区,寺池町,てらいけちょう,3丁目,火金,24,月,毎週,水,毎週,水,,た,22,22
長田区,戸崎通,とざきどおり,1丁目,火金,13,木,毎週,月,毎週,水,,た,6,6
長田区,戸崎通,とざきどおり,2丁目,火金,13,木,毎週,月,毎週,水,,た,6,6
長田区,戸崎通,とざきどおり,3丁目,火金,13,木,毎週,月,毎週,水,,た,6,6
長田区,長尾町,ながおちょう,1丁目,火金,13,木,毎週,月,毎週,水,,な,6,6
長田区,長尾町,ながおちょう,2丁目,月木,24,火,毎週,金,毎週,水,,な,3,3
長田区,長田町,ながたちょう,1丁目,火金,24,木,毎週,水,毎週,水,,な,24,24
長田区,長田町,ながたちょう,2丁目,火金,24,木,毎週,水,毎週,水,,な,24,24
長田区,長田町,ながたちょう,3丁目,火金,24,木,毎週,水,毎週,水,,な,24,24
長田区,長田町,ながたちょう,4丁目,火金,24,木,毎週,水,毎週,水,,な,24,24
長田区,長田町,ながたちょう,5丁目,火金,24,木,毎週,水,毎週,水,,な,24,24
長田区,長田町,ながたちょう,6丁目,火金,24,木,毎週,水,毎週,水,,な,24,24
長田区,長田町,ながたちょう,7丁目,火金,24,木,毎週,水,毎週,水,,な,24,24
長田区,長田町,ながたちょう,8丁目,火金,24,木,毎週,水,毎週,水,,な,24,24
長田区,長田町,ながたちょう,9丁目,火金,24,木,毎週,水,毎週,水,,な,24,24
長田区,長田天神町,ながたてんじんちょう,1丁目,月木,24,火,毎週,金,毎週,水,,な,3,3
長田区,長田天神町,ながたてんじんちょう,2丁目,月木,24,火,毎週,金,毎週,水,,な,3,3
長田区,長田天神町,ながたてんじんちょう,3丁目,月木,24,火,毎週,金,毎週,水,,な,3,3
長田区,長田天神町,ながたてんじんちょう,4丁目,月木,24,火,毎週,金,毎週,水,,な,3,3
長田区,長田天神町,ながたてんじんちょう,5丁目,月木,24,火,毎週,金,毎週,水,,な,3,3
長田区,長田天神町,ながたてんじんちょう,6丁目,月木,24,火,毎週,金,毎週,水,,な,3,3
長田区,長田天神町,ながたてんじんちょう,7丁目,月木,13,金,毎週,火,毎週,水,,な,2,2
長田区,長楽町,ながらちょう,2丁目,火金,13,月,毎週,木,毎週,水,,な,5,5
長田区,長楽町,ながらちょう,3丁目,火金,13,月,毎週,木,毎週,水,,な,5,5
長田区,長楽町,ながらちょう,4丁目,火金,13,月,毎週,木,毎週,水,,な,5,5
長田区,長楽町,ながらちょう,5丁目,月木,13,火,毎週,水,毎週,水,,な,10,10
長田区,長楽町,ながらちょう,6丁目,月木,13,火,毎週,水,毎週,水,,な,10,10
長田区,長楽町,ながらちょう,7丁目,月木,13,火,毎週,水,毎週,水,,な,10,10
長田区,名倉町,なぐらちょう,1丁目,月木,24,火,毎週,金,毎週,水,,な,3,3
長田区,名倉町,なぐらちょう,2丁目,月木,24,火,毎週,金,毎週,水,,な,3,3
長田区,名倉町,なぐらちょう,3丁目,月木,24,火,毎週,金,毎週,水,,な,3,3
長田区,名倉町,なぐらちょう,4丁目,月木,24,火,毎週,金,毎週,水,,な,3,3
長田区,名倉町,なぐらちょう,5丁目,月木,24,火,毎週,金,毎週,水,,な,3,3
長田区,七番町,ななばんちょう,,火金,24,木,毎週,水,毎週,水,,な,24,24
長田区,浪松町,なみまつちょう,2丁目,火金,13,月,毎週,木,毎週,水,,な,5,5
長田区,浪松町,なみまつちょう,3丁目,火金,13,月,毎週,木,毎週,水,,な,5,5
長田区,浪松町,なみまつちょう,4丁目,火金,13,月,毎週,木,毎週,水,,な,5,5
長田区,浪松町,なみまつちょう,5丁目,月木,13,火,毎週,水,毎週,水,,な,10,10
長田区,浪松町,なみまつちょう,6丁目,月木,13,火,毎週,水,毎週,水,,な,10,10
長田区,西尻池町,にししりいけちょう,1丁目,火金,13,月,毎週,木,毎週,水,,な,5,5
長田区,西尻池町,にししりいけちょう,1丁目(コンテナ等を設置している集合住宅）,月木,13,月,毎週,木,毎週,水,,な,51,51
長田区,西尻池町,にししりいけちょう,2丁目,火金,13,月,毎週,木,毎週,水,,な,5,5
長田区,西尻池町,にししりいけちょう,3丁目,月木,24,金,毎週,水,毎週,水,,な,16,16
長田区,西尻池町,にししりいけちょう,4丁目,月木,24,金,毎週,水,毎週,水,,な,16,16
長田区,西尻池町,にししりいけちょう,5丁目,月木,24,金,毎週,水,毎週,水,,な,16,16
長田区,西代通,にしだいどおり,1丁目,火金,13,木,毎週,月,毎週,水,,な,6,6
長田区,西代通,にしだいどおり,2丁目,火金,13,木,毎週,月,毎週,水,,な,6,6
長田区,西代通,にしだいどおり,3丁目,火金,13,木,毎週,月,毎週,水,,な,6,6
長田区,西代通,にしだいどおり,4丁目,火金,13,木,毎週,月,毎週,水,,な,6,6
長田区,西丸山町,にしまるやまちょう,1丁目,月木,13,金,毎週,火,毎週,水,,な,2,2
長田区,西丸山町,にしまるやまちょう,2丁目,月木,13,金,毎週,火,毎週,水,,な,2,2
長田区,西丸山町,にしまるやまちょう,3丁目,月木,13,金,毎週,火,毎週,水,,な,2,2
長田区,西山町,にしやまちょう,1丁目,火金,24,木,毎週,水,毎週,水,,な,24,24
長田区,西山町,にしやまちょう,2丁目,火金,24,木,毎週,水,毎週,水,,な,24,24
長田区,西山町,にしやまちょう,3丁目,火金,24,木,毎週,水,毎週,水,,な,24,24
長田区,西山町,にしやまちょう,4丁目,月木,24,火,毎週,金,毎週,水,,な,3,3
長田区,二番町,にばんちょう,1丁目,火金,24,木,毎週,水,毎週,水,,な,24,24
長田区,二番町,にばんちょう,2丁目,火金,24,木,毎週,水,毎週,水,,な,24,24
長田区,二番町,にばんちょう,3丁目,火金,24,木,毎週,水,毎週,水,,な,24,24
長田区,二番町,にばんちょう,4丁目,火金,24,木,毎週,水,毎週,水,,な,24,24
長田区,野田町,のだちょう,4丁目,火金,13,月,毎週,木,毎週,水,,な,5,5
長田区,野田町,のだちょう,5丁目,月木,13,火,毎週,水,毎週,水,,な,10,10
長田区,野田町,のだちょう,6丁目,月木,13,火,毎週,水,毎週,水,,な,10,10
長田区,野田町,のだちょう,7丁目,月木,13,火,毎週,水,毎週,水,,な,10,10
長田区,野田町,のだちょう,8丁目,月木,13,火,毎週,水,毎週,水,,な,10,10
長田区,野田町,のだちょう,9丁目,月木,13,火,毎週,水,毎週,水,,な,10,10
長田区,萩乃町,はぎのちょう,1丁目,月木,13,金,毎週,火,毎週,水,,は,2,2
長田区,萩乃町,はぎのちょう,2丁目,月木,13,金,毎週,火,毎週,水,,は,2,2
長田区,萩乃町,はぎのちょう,3丁目,月木,13,金,毎週,火,毎週,水,,は,2,2
長田区,蓮池町,はすいけちょう,,火金,13,木,毎週,月,毎週,水,,は,6,6
長田区,蓮宮通,はすみやどおり,1丁目,火金,13,木,毎週,月,毎週,水,,は,6,6
長田区,蓮宮通,はすみやどおり,2丁目,火金,13,木,毎週,月,毎週,水,,は,6,6
長田区,蓮宮通,はすみやどおり,3丁目,火金,13,木,毎週,月,毎週,水,,は,6,6
長田区,蓮宮通,はすみやどおり,4丁目,火金,13,木,毎週,月,毎週,水,,は,6,6
長田区,蓮宮通,はすみやどおり,5丁目,火金,13,木,毎週,月,毎週,水,,は,6,6
長田区,蓮宮通,はすみやどおり,6丁目,火金,13,木,毎週,月,毎週,水,,は,6,6
長田区,花山町,はなやまちょう,1丁目,月木,13,金,毎週,火,毎週,水,,は,2,2
長田区,花山町,はなやまちょう,2丁目,月木,13,金,毎週,火,毎週,水,,は,2,2
長田区,浜添通,はまぞえどおり,1丁目,月木,24,金,毎週,水,毎週,水,,は,16,16
長田区,浜添通,はまぞえどおり,2丁目,月木,24,金,毎週,水,毎週,水,,は,16,16
長田区,浜添通,はまぞえどおり,3丁目,月木,24,金,毎週,水,毎週,水,,は,16,16
長田区,浜添通,はまぞえどおり,4丁目,月木,24,金,毎週,水,毎週,水,,は,16,16
長田区,浜添通,はまぞえどおり,5丁目,月木,24,金,毎週,水,毎週,水,,は,16,16
長田区,浜添通,はまぞえどおり,6丁目,月木,24,金,毎週,水,毎週,水,,は,16,16
長田区,浜添通,はまぞえどおり,7丁目,月木,24,金,毎週,水,毎週,水,,は,16,16
長田区,浜添通,はまぞえどおり,8丁目,月木,24,金,毎週,水,毎週,水,,は,16,16
長田区,林山町,はやしやまちょう,,月木,24,火,毎週,金,毎週,水,,は,3,3
長田区,東尻池町,ひがししりいけちょう,1丁目,月木,24,金,毎週,水,毎週,水,,は,16,16
長田区,東尻池町,ひがししりいけちょう,2丁目,月木,24,金,毎週,水,毎週,水,,は,16,16
長田区,東尻池町,ひがししりいけちょう,3丁目,月木,24,金,毎週,水,毎週,水,,は,16,16
長田区,東尻池町,ひがししりいけちょう,4丁目,月木,24,金,毎週,水,毎週,水,,は,16,16
長田区,東尻池町,ひがししりいけちょう,5丁目,月木,24,金,毎週,水,毎週,水,,は,16,16
長田区,東尻池町,ひがししりいけちょう,6丁目,月木,24,金,毎週,水,毎週,水,,は,16,16
長田区,東尻池町,ひがししりいけちょう,7丁目,月木,24,金,毎週,水,毎週,水,,は,16,16
長田区,東尻池町,ひがししりいけちょう,8丁目,月木,24,金,毎週,水,毎週,水,,は,16,16
長田区,東尻池町,ひがししりいけちょう,9丁目,月木,24,金,毎週,水,毎週,水,,は,16,16
長田区,東尻池町,ひがししりいけちょう,10丁目,月木,24,金,毎週,水,毎週,水,,は,16,16
長田区,東丸山町,ひがしまるやまちょう,,月木,13,金,毎週,火,毎週,水,,は,2,2
長田区,檜川町,ひかわちょう,1丁目,月木,13,金,毎週,火,毎週,水,,は,2,2
長田区,檜川町,ひかわちょう,2丁目,月木,13,金,毎週,火,毎週,水,,は,2,2
長田区,檜川町,ひかわちょう,3丁目,月木,13,金,毎週,火,毎週,水,,は,2,2
長田区,雲雀ケ丘,ひばりがおか,1丁目,月木,13,金,毎週,火,毎週,水,,は,2,2
長田区,雲雀ケ丘,ひばりがおか,2丁目,月木,13,金,毎週,火,毎週,水,,は,2,2
長田区,雲雀ケ丘,ひばりがおか,3丁目,月木,13,金,毎週,火,毎週,水,,は,2,2
長田区,日吉町,ひよしちょう,1丁目,火金,13,月,毎週,木,毎週,水,,は,5,5
長田区,日吉町,ひよしちょう,2丁目,火金,13,月,毎週,木,毎週,水,,は,5,5
長田区,日吉町,ひよしちょう,3丁目,火金,13,月,毎週,木,毎週,水,,は,5,5
長田区,日吉町,ひよしちょう,4丁目,火金,13,月,毎週,木,毎週,水,,は,5,5
長田区,日吉町,ひよしちょう,5丁目,火金,13,月,毎週,木,毎週,水,,は,5,5
長田区,日吉町,ひよしちょう,6丁目,火金,13,月,毎週,木,毎週,水,,は,5,5
長田区,二葉町,ふたばちょう,1丁目,月木,13,火,毎週,水,毎週,水,,は,10,10
長田区,二葉町,ふたばちょう,2丁目,月木,13,火,毎週,水,毎週,水,,は,10,10
長田区,二葉町,ふたばちょう,3丁目,月木,13,火,毎週,水,毎週,水,,は,10,10
長田区,二葉町,ふたばちょう,4丁目,月木,13,火,毎週,水,毎週,水,,は,10,10
長田区,二葉町,ふたばちょう,5丁目,月木,13,火,毎週,水,毎週,水,,は,10,10
長田区,二葉町,ふたばちょう,6丁目,月木,13,火,毎週,水,毎週,水,,は,10,10
長田区,二葉町,ふたばちょう,7丁目,月木,13,火,毎週,水,毎週,水,,は,10,10
長田区,二葉町,ふたばちょう,8丁目,月木,13,火,毎週,水,毎週,水,,は,10,10
長田区,二葉町,ふたばちょう,9丁目,月木,13,火,毎週,水,毎週,水,,は,10,10
長田区,二葉町,ふたばちょう,10丁目,月木,13,火,毎週,水,毎週,水,,は,10,10
長田区,平和台町,へいわだいちょう,1丁目,火金,13,木,毎週,月,毎週,水,,は,6,6
長田区,平和台町,へいわだいちょう,2丁目,月木,24,火,毎週,金,毎週,水,,は,3,3
長田区,平和台町,へいわだいちょう,3丁目,月木,24,火,毎週,金,毎週,水,,は,3,3
長田区,房王寺町,ぼうおうじちょう,1丁目,火金,24,月,毎週,水,毎週,水,,は,22,22
長田区,房王寺町,ぼうおうじちょう,2丁目,火金,24,月,毎週,水,毎週,水,,は,22,22
長田区,房王寺町,ぼうおうじちょう,3丁目,火金,24,月,毎週,水,毎週,水,,は,22,22
長田区,房王寺町,ぼうおうじちょう,4丁目,火金,24,月,毎週,水,毎週,水,,は,22,22
長田区,房王寺町,ぼうおうじちょう,5丁目,火金,24,月,毎週,水,毎週,水,,は,22,22
長田区,房王寺町,ぼうおうじちょう,6丁目,月木,24,火,毎週,金,毎週,水,,は,3,3
長田区,房王寺町,ぼうおうじちょう,7丁目,月木,24,火,毎週,金,毎週,水,,は,3,3
長田区,細田町,ほそだちょう,1丁目,火金,13,月,毎週,木,毎週,水,,は,5,5
長田区,細田町,ほそだちょう,2丁目,火金,13,月,毎週,木,毎週,水,,は,5,5
長田区,細田町,ほそだちょう,3丁目,火金,13,月,毎週,木,毎週,水,,は,5,5
長田区,細田町,ほそだちょう,4丁目,火金,13,月,毎週,木,毎週,水,,は,5,5
長田区,細田町,ほそだちょう,5丁目,火金,13,月,毎週,木,毎週,水,,は,5,5
長田区,細田町,ほそだちょう,6丁目,火金,13,月,毎週,木,毎週,水,,は,5,5
長田区,細田町,ほそだちょう,7丁目,火金,13,月,毎週,木,毎週,水,,は,5,5
長田区,細田町,ほそだちょう,7丁目(コンテナ等を設置している集合住宅）,月木,13,月,毎週,木,毎週,水,,は,51,51
長田区,堀切町,ほりきりちょう,,月木,24,火,毎週,金,毎週,水,,は,3,3
長田区,本庄町,ほんじょうちょう,2丁目,火金,13,月,毎週,木,毎週,水,,は,5,5
長田区,本庄町,ほんじょうちょう,3丁目,火金,13,月,毎週,木,毎週,水,,は,5,5
長田区,本庄町,ほんじょうちょう,4丁目,火金,13,月,毎週,木,毎週,水,,は,5,5
長田区,本庄町,ほんじょうちょう,5丁目,月木,13,火,毎週,水,毎週,水,,は,10,10
長田区,本庄町,ほんじょうちょう,6丁目,月木,13,火,毎週,水,毎週,水,,は,10,10
長田区,本庄町,ほんじょうちょう,7丁目,月木,13,火,毎週,水,毎週,水,,は,10,10
長田区,本庄町,ほんじょうちょう,8丁目,月木,13,火,毎週,水,毎週,水,,は,10,10
長田区,前原町,まえばらちょう,1丁目,火金,24,月,毎週,水,毎週,水,,ま,22,22
長田区,前原町,まえばらちょう,2丁目,火金,24,月,毎週,水,毎週,水,,ま,22,22
長田区,松野通,まつのどおり,1丁目,火金,13,月,毎週,木,毎週,水,,ま,5,5
長田区,松野通,まつのどおり,2丁目,火金,13,月,毎週,木,毎週,水,,ま,5,5
長田区,松野通,まつのどおり,3丁目,火金,13,月,毎週,木,毎週,水,,ま,5,5
長田区,松野通,まつのどおり,3丁目(コンテナ等を設置している集合住宅）,月木,13,月,毎週,木,毎週,水,,ま,51,51
長田区,松野通,まつのどおり,4丁目,火金,13,月,毎週,木,毎週,水,,ま,5,5
長田区,松野通,まつのどおり,4丁目(コンテナ等を設置している集合住宅）,月木,13,月,毎週,木,毎週,水,,ま,51,51
長田区,真野町,まのちょう,,月木,24,金,毎週,水,毎週,水,,ま,16,16
長田区,丸山町,まるやまちょう,1丁目,月木,13,金,毎週,火,毎週,水,,ま,2,2
長田区,丸山町,まるやまちょう,2丁目,月木,13,金,毎週,火,毎週,水,,ま,2,2
長田区,丸山町,まるやまちょう,3丁目,月木,13,金,毎週,火,毎週,水,,ま,2,2
長田区,丸山町,まるやまちょう,4丁目,月木,13,金,毎週,火,毎週,水,,ま,2,2
長田区,御蔵通,みくらどおり,1丁目,火金,24,木,毎週,水,毎週,水,,ま,24,24
長田区,御蔵通,みくらどおり,2丁目,火金,24,木,毎週,水,毎週,水,,ま,24,24
長田区,御蔵通,みくらどおり,2丁目(コンテナ等を設置している集合住宅）,月木,24,木,毎週,水,毎週,水,,ま,34,34
長田区,御蔵通,みくらどおり,3丁目,火金,24,木,毎週,水,毎週,水,,ま,24,24
長田区,御蔵通,みくらどおり,4丁目,火金,24,木,毎週,水,毎週,水,,ま,24,24
長田区,御蔵通,みくらどおり,5丁目,火金,24,木,毎週,水,毎週,水,,ま,24,24
長田区,御蔵通,みくらどおり,5丁目(コンテナ等を設置している集合住宅）,月木,24,木,毎週,水,毎週,水,,ま,34,34
長田区,御蔵通,みくらどおり,6丁目,火金,24,木,毎週,水,毎週,水,,ま,24,24
長田区,御蔵通,みくらどおり,7丁目,火金,24,木,毎週,水,毎週,水,,ま,24,24
長田区,水笠通,みずかさどおり,1丁目,火金,13,月,毎週,木,毎週,水,,ま,5,5
長田区,水笠通,みずかさどおり,1丁目(コンテナ等を設置している集合住宅）,月木,13,月,毎週,木,毎週,水,,ま,51,51
長田区,水笠通,みずかさどおり,2丁目,火金,13,月,毎週,木,毎週,水,,ま,5,5
長田区,水笠通,みずかさどおり,3丁目,火金,13,月,毎週,木,毎週,水,,ま,5,5
長田区,水笠通,みずかさどおり,3丁目(コンテナ等を設置している集合住宅）,月木,13,月,毎週,木,毎週,水,,ま,51,51
長田区,水笠通,みずかさどおり,4丁目,火金,13,月,毎週,木,毎週,水,,ま,5,5
長田区,水笠通,みずかさどおり,4丁目(コンテナ等を設置している集合住宅）,月木,13,月,毎週,木,毎週,水,,ま,51,51
長田区,水笠通,みずかさどおり,5丁目,火金,13,月,毎週,木,毎週,水,,ま,5,5
長田区,水笠通,みずかさどおり,6丁目,火金,13,月,毎週,木,毎週,水,,ま,5,5
長田区,南駒栄町,みなみこまえちょう,,月木,24,金,毎週,水,毎週,水,,ま,16,16
長田区,御船通,みふねどおり,1丁目,火金,13,木,毎週,月,毎週,水,,ま,6,6
長田区,御船通,みふねどおり,2丁目,火金,13,木,毎週,月,毎週,水,,ま,6,6
長田区,御船通,みふねどおり,3丁目,火金,13,木,毎週,月,毎週,水,,ま,6,6
長田区,御船通,みふねどおり,4丁目,火金,13,木,毎週,月,毎週,水,,ま,6,6
長田区,御船通,みふねどおり,5丁目,火金,13,木,毎週,月,毎週,水,,ま,6,6
長田区,宮丘町,みやおかちょう,1丁目,月木,24,火,毎週,金,毎週,水,,ま,3,3
長田区,宮丘町,みやおかちょう,2丁目,月木,24,火,毎週,金,毎週,水,,ま,3,3
長田区,宮川町,みやがわちょう,1丁目,火金,24,木,毎週,水,毎週,水,,ま,24,24
長田区,宮川町,みやがわちょう,2丁目,火金,24,木,毎週,水,毎週,水,,ま,24,24
長田区,宮川町,みやがわちょう,3丁目,火金,24,木,毎週,水,毎週,水,,ま,24,24
長田区,宮川町,みやがわちょう,4丁目,火金,24,木,毎週,水,毎週,水,,ま,24,24
長田区,宮川町,みやがわちょう,5丁目,火金,24,木,毎週,水,毎週,水,,ま,24,24
長田区,宮川町,みやがわちょう,6丁目,火金,24,木,毎週,水,毎週,水,,ま,24,24
長田区,宮川町,みやがわちょう,7丁目,火金,24,木,毎週,水,毎週,水,,ま,24,24
長田区,宮川町,みやがわちょう,8丁目,火金,24,木,毎週,水,毎週,水,,ま,24,24
長田区,宮川町,みやがわちょう,9丁目（山麓線より南側）,火金,24,木,毎週,水,毎週,水,,ま,24,24
長田区,宮川町,みやがわちょう,9丁目（山麓線より北側）,月木,24,火,毎週,金,毎週,水,,ま,3,3
長田区,明泉寺町,みょうせんじちょう,1丁目,月木,24,火,毎週,金,毎週,水,,ま,3,3
長田区,明泉寺町,みょうせんじちょう,2丁目,月木,24,火,毎週,金,毎週,水,,ま,3,3
長田区,明泉寺町,みょうせんじちょう,3丁目,月木,24,火,毎週,金,毎週,水,,ま,3,3
長田区,山下町,やましたちょう,1丁目,火金,13,木,毎週,月,毎週,水,,や,6,6
長田区,山下町,やましたちょう,2丁目,火金,13,木,毎週,月,毎週,水,,や,6,6
長田区,山下町,やましたちょう,3丁目,火金,13,木,毎週,月,毎週,水,,や,6,6
長田区,山下町,やましたちょう,4丁目,火金,13,木,毎週,月,毎週,水,,や,6,6
長田区,四番町,よんばんちょう,1丁目,火金,24,木,毎週,水,毎週,水,,や,24,24
長田区,四番町,よんばんちょう,2丁目,火金,24,木,毎週,水,毎週,水,,や,24,24
長田区,四番町,よんばんちょう,3丁目,火金,24,木,毎週,水,毎週,水,,や,24,24
長田区,四番町,よんばんちょう,4丁目,火金,24,木,毎週,水,毎週,水,,や,24,24
長田区,四番町,よんばんちょう,5丁目,火金,24,木,毎週,水,毎週,水,,や,24,24
長田区,四番町,よんばんちょう,6丁目,火金,24,木,毎週,水,毎週,水,,や,24,24
長田区,四番町,よんばんちょう,7丁目,火金,24,木,毎週,水,毎週,水,,や,24,24
長田区,四番町,よんばんちょう,8丁目,火金,24,木,毎週,水,毎週,水,,や,24,24
長田区,六番町,ろくばんちょう,1丁目,火金,24,木,毎週,水,毎週,水,,や,24,24
長田区,六番町,ろくばんちょう,2丁目,火金,24,木,毎週,水,毎週,水,,ら,24,24
長田区,六番町,ろくばんちょう,3丁目,火金,24,木,毎週,水,毎週,水,,ら,24,24
長田区,六番町,ろくばんちょう,4丁目,火金,24,木,毎週,水,毎週,水,,ら,24,24
長田区,六番町,ろくばんちょう,5丁目,火金,24,木,毎週,水,毎週,水,,ら,24,24
長田区,六番町,ろくばんちょう,6丁目,火金,24,木,毎週,水,毎週,水,,ら,24,24
長田区,六番町,ろくばんちょう,7丁目,火金,24,木,毎週,水,毎週,水,,ら,24,24
長田区,六番町,ろくばんちょう,8丁目,火金,24,木,毎週,水,毎週,水,,ら,24,24
長田区,若松町,わかまつちょう,1丁目,火金,13,月,毎週,木,毎週,水,,わ,5,5
長田区,若松町,わかまつちょう,2丁目,火金,13,月,毎週,木,毎週,水,,わ,5,5
長田区,若松町,わかまつちょう,3丁目,火金,13,月,毎週,木,毎週,水,注意！敷地内にコンテナ等を設置している集合住宅は収集日が異なる場合があります。収集日はご利用のクリーンステーション看板でご確認いただくか、環境局長田事業所（電話：078-652-1441）へお問合せください。,わ,5,5
長田区,若松町,わかまつちょう,4丁目,火金,13,月,毎週,木,毎週,水,注意！敷地内にコンテナ等を設置している集合住宅は収集日が異なる場合があります。収集日はご利用のクリーンステーション看板でご確認いただくか、環境局長田事業所（電話：078-652-1441）へお問合せください。,わ,5,5
長田区,若松町,わかまつちょう,5丁目,火金,13,月,毎週,木,毎週,水,,わ,5,5
長田区,若松町,わかまつちょう,6丁目,火金,13,月,毎週,木,毎週,水,,わ,5,5
長田区,若松町,わかまつちょう,7丁目,火金,13,月,毎週,木,毎週,水,,わ,5,5
長田区,若松町,わかまつちょう,8丁目,火金,13,月,毎週,木,毎週,水,,わ,5,5
長田区,若松町,わかまつちょう,9丁目,火金,13,月,毎週,木,毎週,水,,わ,5,5
長田区,若松町,わかまつちょう,10丁目,火金,13,月,毎週,木,毎週,水,,わ,5,5
長田区,若松町,わかまつちょう,11丁目,火金,13,月,毎週,木,毎週,水,,わ,5,5
須磨区,青葉町,あおばちょう,1丁目,火金,13,月,毎週,金,毎週,水,,あ,18,18
須磨区,青葉町,あおばちょう,2丁目,火金,13,月,毎週,金,毎週,水,,あ,18,18
須磨区,青葉町,あおばちょう,3丁目,火金,13,月,毎週,金,毎週,水,,あ,18,18
須磨区,青葉町,あおばちょう,4丁目,火金,13,月,毎週,金,毎週,水,,あ,18,18
須磨区,磯馴町,いそなれちょう,1丁目,火金,13,火,毎週,金,毎週,水,,あ,55,55
須磨区,磯馴町,いそなれちょう,2丁目,火金,13,火,毎週,金,毎週,水,,あ,55,55
須磨区,磯馴町,いそなれちょう,3丁目,火金,13,火,毎週,金,毎週,水,,あ,55,55
須磨区,磯馴町,いそなれちょう,4丁目,火金,13,火,毎週,金,毎週,水,,あ,55,55
須磨区,磯馴町,いそなれちょう,5丁目,火金,13,火,毎週,金,毎週,水,,あ,55,55
須磨区,磯馴町,いそなれちょう,6丁目,火金,13,火,毎週,金,毎週,水,,あ,55,55
須磨区,板宿町,いたやどちょう,,火金,24,月,毎週,水,毎週,水,この地域は、同じ町内に「燃えるごみ」の収集日が異なる(月・木曜収集）地域があります。収集日はご利用のクリーンステーション看板でご確認いただくか、環境局須磨事業所（電話：078-731-2041）へお問合せください。,あ,22,22
須磨区,一ノ谷町,いちのたにちょう,1丁目,火金,24,木,毎週,月,毎週,水,,あ,8,8
須磨区,一ノ谷町,いちのたにちょう,2丁目,火金,13,金,毎週,月,毎週,水,この地域は、「容器包装プラスチック」「燃えないごみ」「カセットボンベ・スプレー缶」の収集日が異なる地域があります。収集日はご利用のクリーンステーション看板でご確認いただくか、環境局須磨事業所（電話：078-731-2041）へお問合せください。,あ,37,37
須磨区,一ノ谷町,いちのたにちょう,3丁目,火金,13,金,毎週,月,毎週,水,,あ,37,37
須磨区,一ノ谷町,いちのたにちょう,4丁目,火金,13,金,毎週,月,毎週,水,,あ,37,37
須磨区,一ノ谷町,いちのたにちょう,5丁目,火金,13,金,毎週,月,毎週,水,,あ,37,37
須磨区,稲葉町,いなばちょう,1丁目,火金,13,火,毎週,金,毎週,水,,あ,55,55
須磨区,稲葉町,いなばちょう,2丁目,火金,13,火,毎週,金,毎週,水,,あ,55,55
須磨区,稲葉町,いなばちょう,3丁目,火金,13,火,毎週,金,毎週,水,,あ,55,55
須磨区,稲葉町,いなばちょう,4丁目,火金,13,火,毎週,金,毎週,水,,あ,55,55
須磨区,稲葉町,いなばちょう,5丁目,火金,13,火,毎週,金,毎週,水,,あ,55,55
須磨区,稲葉町,いなばちょう,6丁目,火金,13,火,毎週,金,毎週,水,,あ,55,55
須磨区,稲葉町,いなばちょう,7丁目,火金,13,火,毎週,金,毎週,水,,あ,55,55
須磨区,永楽町,えいらくちょう,1丁目,火金,24,月,毎週,水,毎週,水,,あ,22,22
須磨区,永楽町,えいらくちょう,2丁目,火金,24,月,毎週,水,毎週,水,,あ,22,22
須磨区,永楽町,えいらくちょう,3丁目,火金,24,月,毎週,水,毎週,水,,あ,22,22
須磨区,戎町,えびすちょう,1丁目,火金,13,木,毎週,水,毎週,水,,あ,20,20
須磨区,戎町,えびすちょう,2丁目,火金,13,木,毎週,水,毎週,水,,あ,20,20
須磨区,戎町,えびすちょう,3丁目,火金,13,木,毎週,水,毎週,水,,あ,20,20
須磨区,戎町,えびすちょう,4丁目,火金,13,木,毎週,水,毎週,水,,あ,20,20
須磨区,戎町,えびすちょう,5丁目,火金,13,木,毎週,水,毎週,水,,あ,20,20
須磨区,戎町,えびすちょう,6丁目,火金,13,木,毎週,水,毎週,水,,あ,20,20
須磨区,大池町,おおいけちょう,1丁目,火金,13,月,毎週,水,毎週,水,,あ,17,17
須磨区,大池町,おおいけちょう,2丁目,火金,13,月,毎週,水,毎週,水,,あ,17,17
須磨区,大池町,おおいけちょう,3丁目,火金,13,月,毎週,水,毎週,水,,あ,17,17
須磨区,大池町,おおいけちょう,4丁目,火金,13,月,毎週,水,毎週,水,,あ,17,17
須磨区,大池町,おおいけちょう,5丁目,火金,13,月,毎週,水,毎週,水,,あ,17,17
須磨区,大田町,おおたちょう,1丁目,火金,13,月,毎週,水,毎週,水,,あ,17,17
須磨区,大田町,おおたちょう,2丁目,火金,13,月,毎週,水,毎週,水,,あ,17,17
須磨区,大田町,おおたちょう,3丁目,火金,13,月,毎週,水,毎週,水,,あ,17,17
須磨区,大田町,おおたちょう,4丁目,火金,13,月,毎週,水,毎週,水,,あ,17,17
須磨区,大田町,おおたちょう,5丁目,火金,13,月,毎週,水,毎週,水,,あ,17,17
須磨区,大田町,おおたちょう,6丁目,火金,13,月,毎週,水,毎週,水,,あ,17,17
須磨区,大田町,おおたちょう,7丁目,火金,13,月,毎週,水,毎週,水,,あ,17,17
須磨区,大田町,おおたちょう,8丁目,火金,13,月,毎週,水,毎週,水,,あ,17,17
須磨区,大手町,おおてちょう,,火金,24,月,毎週,水,毎週,水,この地域は、同じ町内に「燃えるごみ」の収集日が異なる(月・木曜収集）地域があります。収集日はご利用のクリーンステーション看板でご確認いただくか、環境局須磨事業所（電話：078-731-2041）へお問合せください。,あ,22,22
須磨区,大手,おおて,字稲荷尾,火金,24,月,毎週,水,毎週,水,,あ,22,22
須磨区,奥山畑町,おくやまはたちょう,,火金,24,月,毎週,水,毎週,水,,あ,22,22
須磨区,上細沢町,かみほそざわちょう,,火金,24,月,毎週,水,毎週,水,,か,22,22
須磨区,神の谷,かみのたに,1丁目,月木,24,月,毎週,水,毎週,水,,か,31,31
須磨区,神の谷,かみのたに,2丁目,月木,24,月,毎週,水,毎週,水,,か,31,31
須磨区,神の谷,かみのたに,3丁目,月木,24,月,毎週,水,毎週,水,,か,31,31
須磨区,神の谷,かみのたに,4丁目,月木,24,月,毎週,水,毎週,水,,か,31,31
須磨区,神の谷,かみのたに,5丁目,月木,24,月,毎週,水,毎週,水,,か,31,31
須磨区,神の谷,かみのたに,6丁目,月木,24,月,毎週,水,毎週,水,,か,31,31
須磨区,神の谷,かみのたに,7丁目,月木,24,月,毎週,水,毎週,水,,か,31,31
須磨区,川上町,かわかみちょう,1丁目,火金,24,月,毎週,水,毎週,水,,か,22,22
須磨区,川上町,かわかみちょう,2丁目,火金,24,月,毎週,水,毎週,水,,か,22,22
須磨区,川上町,かわかみちょう,3丁目,火金,24,月,毎週,水,毎週,水,,か,22,22
須磨区,菊池町,きくいけちょう,1丁目,火金,24,月,毎週,水,毎週,水,,か,22,22
須磨区,菊池町,きくいけちょう,2丁目,火金,24,月,毎週,水,毎週,水,,か,22,22
須磨区,北落合,きたおちあい,1丁目,月木,24,火,毎週,水,毎週,水,,か,15,15
須磨区,北落合,きたおちあい,2丁目,月木,24,火,毎週,水,毎週,水,,か,15,15
須磨区,北落合,きたおちあい,3丁目,月木,24,火,毎週,水,毎週,水,,か,15,15
須磨区,北落合,きたおちあい,4丁目,月木,24,火,毎週,水,毎週,水,,か,15,15
須磨区,北落合,きたおちあい,5丁目,月木,24,火,毎週,水,毎週,水,,か,15,15
須磨区,北落合,きたおちあい,6丁目,月木,24,火,毎週,水,毎週,水,,か,15,15
須磨区,北町,きたまち,1丁目,火金,13,火,毎週,金,毎週,水,,か,55,55
須磨区,北町,きたまち,2丁目,火金,13,火,毎週,金,毎週,水,,か,55,55
須磨区,北町,きたまち,3丁目,火金,13,火,毎週,金,毎週,水,,か,55,55
須磨区,衣掛町,きぬがけちょう,1丁目,火金,13,火,毎週,金,毎週,水,,か,55,55
須磨区,衣掛町,きぬがけちょう,2丁目,火金,13,火,毎週,金,毎週,水,,か,55,55
須磨区,衣掛町,きぬがけちょう,3丁目,火金,13,火,毎週,金,毎週,水,,か,55,55
須磨区,衣掛町,きぬがけちょう,4丁目,火金,13,火,毎週,金,毎週,水,,か,55,55
須磨区,衣掛町,きぬがけちょう,5丁目,火金,13,火,毎週,金,毎週,水,,か,55,55
須磨区,車,くるま,丁目なし,月木,24,金,毎週,水,毎週,水,この地域は、同じ町内に「容器包装プラスチック」の収集日が異なる地域があります。収集日はご利用のクリーンステーション看板でご確認いただくか、環境局須磨事業所（電話：078-731-2041）へお問合せください。,か,16,16
須磨区,車,くるま,（コンテナ等を設置している集合住宅）,火金,24,金,毎週,水,毎週,水,,か,45,45
須磨区,小寺町,こでらちょう,1丁目,火金,13,月,毎週,金,毎週,水,,か,18,18
須磨区,小寺町,こでらちょう,2丁目,火金,13,月,毎週,金,毎週,水,,か,18,18
須磨区,小寺町,こでらちょう,3丁目,火金,13,月,毎週,金,毎週,水,,か,18,18
須磨区,小寺町,こでらちょう,4丁目,火金,13,月,毎週,金,毎週,水,,か,18,18
須磨区,権現町,ごんげんちょう,1丁目,火金,13,木,毎週,水,毎週,水,,か,20,20
須磨区,権現町,ごんげんちょう,2丁目,火金,13,木,毎週,水,毎週,水,,か,20,20
須磨区,権現町,ごんげんちょう,3丁目,火金,13,木,毎週,水,毎週,水,,か,20,20
須磨区,桜木町,さくらぎちょう,1丁目,火金,24,火,毎週,月,毎週,水,,さ,40,40
須磨区,桜木町,さくらぎちょう,2丁目,火金,24,火,毎週,月,毎週,水,注意！一部の地域で収集日の異なるクリーンステーションがあります。収集日はご利用のクリーンステーション看板でご確認いただくか、環境局須磨事業所（電話：078-731-2041）へお問合せください。,さ,40,40
須磨区,桜木町,さくらぎちょう,3丁目,火金,24,火,毎週,月,毎週,水,,さ,40,40
須磨区,潮見台町,しおみだいちょう,1丁目,-,-,-,-,-,-,-,この地域は、同じ町内に収集日が異なる地域があるため収集日を表示することができません。収集日はご利用のクリーンステーション看板でご確認いただくか、環境局須磨事業所（電話：078-731-2041）へお問合せください。,さ,-,-
須磨区,潮見台町,しおみだいちょう,2丁目,-,-,-,-,-,-,-,この地域は、同じ町内に収集日が異なる地域があるため収集日を表示することができません。収集日はご利用のクリーンステーション看板でご確認いただくか、環境局須磨事業所（電話：078-731-2041）へお問合せください。,さ,-,-
須磨区,潮見台町,しおみだいちょう,3丁目,-,-,-,-,-,-,-,この地域は、同じ町内に収集日が異なる地域があるため収集日を表示することができません。収集日はご利用のクリーンステーション看板でご確認いただくか、環境局須磨事業所（電話：078-731-2041）へお問合せください。,さ,-,-
須磨区,潮見台町,しおみだいちょう,4丁目,-,-,-,-,-,-,-,この地域は、同じ町内に収集日が異なる地域があるため収集日を表示することができません。収集日はご利用のクリーンステーション看板でご確認いただくか、環境局須磨事業所（電話：078-731-2041）へお問合せください。,さ,-,-
須磨区,潮見台町,しおみだいちょう,5丁目,-,-,-,-,-,-,-,この地域は、同じ町内に収集日が異なる地域があるため収集日を表示することができません。収集日はご利用のクリーンステーション看板でご確認いただくか、環境局須磨事業所（電話：078-731-2041）へお問合せください。,さ,-,-
須磨区,清水台,しみずだい,丁目なし,月木,13,火,毎週,木,毎週,水,,さ,74,74
須磨区,清水台,しみずだい,（コンテナ等を設置している集合住宅）,火金,13,火,毎週,木,毎週,水,,さ,36,36
須磨区,白川,しらかわ,丁目なし,月木,13,月,毎週,水,毎週,水,,さ,26,26
須磨区,白川,しらかわ,（コンテナ等を設置している集合住宅）,火金,13,月,毎週,水,毎週,水,,さ,17,17
須磨区,白川台,しらかわだい,1丁目,-,13,月,毎週,水,毎週,水,この地域は、同じ町内に「燃えるごみ」の収集日が異なる地域があるため収集日を表示することができません。収集日はご利用のクリーンステーション看板でご確認いただくか、環境局須磨事業所（電話：078-731-2041）へお問合せください。,さ,-,-
須磨区,白川台,しらかわだい,2丁目,-,13,月,毎週,水,毎週,水,この地域は、同じ町内に「燃えるごみ」の収集日が異なる地域があるため収集日を表示することができません。収集日はご利用のクリーンステーション看板でご確認いただくか、環境局須磨事業所（電話：078-731-2041）へお問合せください。,さ,-,-
須磨区,白川台,しらかわだい,3丁目,月木,13,火,毎週,水,毎週,水,注意！敷地内にコンテナ等を設置している集合住宅は収集日が異なる場合があります。収集日はご利用のクリーンステーション看板でご確認いただくか、環境局須磨事業所（電話：078-731-2041）へお問合せください。,さ,10,10
須磨区,白川台,しらかわだい,4丁目,月木,13,火,毎週,水,毎週,水,注意！敷地内にコンテナ等を設置している集合住宅は収集日が異なる場合があります。収集日はご利用のクリーンステーション看板でご確認いただくか、環境局須磨事業所（電話：078-731-2041）へお問合せください。,さ,10,10
須磨区,白川台,しらかわだい,5丁目,月木,13,月,毎週,水,毎週,水,注意！敷地内にコンテナ等を設置している集合住宅は収集日が異なる場合があります。収集日はご利用のクリーンステーション看板でご確認いただくか、環境局須磨事業所（電話：078-731-2041）へお問合せください。,さ,26,26
須磨区,白川台,しらかわだい,6丁目,月木,13,火,毎週,水,毎週,水,注意！敷地内にコンテナ等を設置している集合住宅は収集日が異なる場合があります。収集日はご利用のクリーンステーション看板でご確認いただくか、環境局須磨事業所（電話：078-731-2041）へお問合せください。,さ,10,10
須磨区,白川台,しらかわだい,7丁目,月木,13,火,毎週,水,毎週,水,注意！敷地内にコンテナ等を設置している集合住宅は収集日が異なる場合があります。収集日はご利用のクリーンステーション看板でご確認いただくか、環境局須磨事業所（電話：078-731-2041）へお問合せください。,さ,10,10
須磨区,神撫町,じんぶちょう,1丁目,火金,24,月,毎週,水,毎週,水,,さ,22,22
須磨区,神撫町,じんぶちょう,2丁目,火金,24,月,毎週,水,毎週,水,,さ,22,22
須磨区,神撫町,じんぶちょう,3丁目,火金,24,月,毎週,水,毎週,水,,さ,22,22
須磨区,神撫町,じんぶちょう,4丁目,火金,24,月,毎週,水,毎週,水,,さ,22,22
須磨区,神撫町,じんぶちょう,5丁目,火金,24,月,毎週,水,毎週,水,,さ,22,22
須磨区,桜の杜,さくらのもり,1丁目,月木,24,金,毎週,水,毎週,水,,さ,16,16
須磨区,桜の杜,さくらのもり,2丁目,月木,24,金,毎週,水,毎週,水,,さ,16,16
須磨区,菅の台,すがのだい,1丁目,月木,24,木,毎週,火,毎週,水,,さ,47,47
須磨区,菅の台,すがのだい,2丁目,月木,24,木,毎週,火,毎週,水,,さ,47,47
須磨区,菅の台,すがのだい,3丁目,月木,24,木,毎週,火,毎週,水,,さ,47,47
須磨区,菅の台,すがのだい,4丁目,月木,24,木,毎週,火,毎週,水,,さ,47,47
須磨区,菅の台,すがのだい,5丁目,月木,24,木,毎週,火,毎週,水,,さ,47,47
須磨区,菅の台,すがのだい,6丁目,月木,24,木,毎週,火,毎週,水,,さ,47,47
須磨区,菅の台,すがのだい,7丁目,月木,24,木,毎週,火,毎週,水,,さ,47,47
須磨区,須磨浦通,すまうらどおり,1丁目,火金,13,金,毎週,月,毎週,水,,さ,37,37
須磨区,須磨浦通,すまうらどおり,2丁目,火金,13,金,毎週,月,毎週,水,,さ,37,37
須磨区,須磨浦通,すまうらどおり,3丁目,火金,13,金,毎週,月,毎週,水,,さ,37,37
須磨区,須磨浦通,すまうらどおり,4丁目,火金,13,金,毎週,月,毎週,水,,さ,37,37
須磨区,須磨浦通,すまうらどおり,5丁目,火金,13,金,毎週,月,毎週,水,,さ,37,37
須磨区,須磨浦通,すまうらどおり,6丁目,火金,13,金,毎週,月,毎週,水,,さ,37,37
須磨区,須磨寺町,すまでらちょう,1丁目,火金,24,火,毎週,月,毎週,水,,さ,40,40
須磨区,須磨寺町,すまでらちょう,2丁目,火金,24,火,毎週,月,毎週,水,,さ,40,40
須磨区,須磨寺町,すまでらちょう,3丁目,火金,24,火,毎週,月,毎週,水,,さ,40,40
須磨区,須磨寺町,すまでらちょう,4丁目,火金,24,火,毎週,月,毎週,水,,さ,40,40
須磨区,須磨本町,すまほんまち,1丁目,火金,24,金,毎週,月,毎週,水,,さ,44,44
須磨区,須磨本町,すまほんまち,2丁目,火金,24,金,毎週,月,毎週,水,,さ,44,44
須磨区,関守町,せきもりちょう,1丁目,火金,13,金,毎週,火,毎週,水,この地域は、同じ町内に「容器包装プラスチック」「燃えないごみ」「カセットボンベ・スプレー缶」の収集日が異なる地域があります。収集日はご利用のクリーンステーション看板でご確認いただくか、環境局須磨事業所(電話：078-731-2041)へお問い合わせください。,さ,38,38
須磨区,関守町,せきもりちょう,2丁目,火金,24,木,毎週,水,毎週,水,この地域は、同じ町内に「容器包装プラスチック」の収集日が異なる地域があります。収集日はご利用のクリーンステーション看板でご確認いただくか、環境局須磨事業所（電話：078-731-2041）へお問合せください。,さ,24,24
須磨区,関守町,せきもりちょう,3丁目,火金,24,木,毎週,水,毎週,水,この地域は、同じ町内に「容器包装プラスチック」の収集日が異なる地域があります。収集日はご利用のクリーンステーション看板でご確認いただくか、環境局須磨事業所（電話：078-731-2041）へお問合せください。,さ,24,24
須磨区,禅昌寺町,ぜんしょうじちょう,1丁目,火金,24,月,毎週,水,毎週,水,,さ,22,22
須磨区,禅昌寺町,ぜんしょうじちょう,2丁目,火金,24,月,毎週,水,毎週,水,,さ,22,22
須磨区,外浜町,そとはまちょう,1丁目,火金,13,月,毎週,金,毎週,水,,さ,18,18
須磨区,外浜町,そとはまちょう,2丁目,火金,13,月,毎週,金,毎週,水,,さ,18,18
須磨区,外浜町,そとはまちょう,3丁目,火金,13,月,毎週,金,毎週,水,,さ,18,18
須磨区,外浜町,そとはまちょう,4丁目,火金,13,月,毎週,金,毎週,水,,さ,18,18
須磨区,大黒町,だいこくちょう,1丁目,火金,13,木,毎週,水,毎週,水,,た,20,20
須磨区,大黒町,だいこくちょう,2丁目,火金,13,木,毎週,水,毎週,水,,た,20,20
須磨区,大黒町,だいこくちょう,3丁目,火金,13,木,毎週,水,毎週,水,,た,20,20
須磨区,大黒町,だいこくちょう,4丁目,火金,13,木,毎週,水,毎週,水,,た,20,20
須磨区,大黒町,だいこくちょう,5丁目,火金,13,木,毎週,水,毎週,水,,た,20,20
須磨区,多井畑,たいのはた,,月木,13,金,毎週,木,毎週,水,この地域は、同じ町内に「燃えないごみ」「カセットボンベ・スプレー缶」「容器包装プラスチック」の収集日が異なる地域があります。収集日はご利用のクリーンステーション看板でご確認いただくか、環境局須磨事業所（電話：078-731-2041）へお問合せください。,た,12,12
須磨区,高倉町,たかくらちょう,1丁目,火金,24,木,毎週,月,毎週,水,,た,8,8
須磨区,高倉町,たかくらちょう,2丁目,火金,24,木,毎週,月,毎週,水,,た,8,8
須磨区,高倉台,たかくらだい,1丁目,月木,13,金,毎週,木,毎週,水,,た,12,12
須磨区,高倉台,たかくらだい,2丁目,月木,13,金,毎週,木,毎週,水,,た,12,12
須磨区,高倉台,たかくらだい,3丁目,月木,13,金,毎週,木,毎週,水,,た,12,12
須磨区,高倉台,たかくらだい,4丁目,月木,13,金,毎週,木,毎週,水,,た,12,12
須磨区,高倉台,たかくらだい,5丁目,月木,13,金,毎週,木,毎週,水,,た,12,12
須磨区,高倉台,たかくらだい,6丁目,月木,13,金,毎週,木,毎週,水,,た,12,12
須磨区,高倉台,たかくらだい,7丁目,月木,13,金,毎週,木,毎週,水,,た,12,12
須磨区,高倉台,たかくらだい,8丁目,月木,13,金,毎週,木,毎週,水,,た,12,12
須磨区,多井畑東町,たいのはたひがしまち,,月木,13,金,毎週,木,毎週,水,注意！一部の地域で収集日の異なるクリーンステーションがあります。収集日はご利用のクリーンステーション看板でご確認いただくか、環境局須磨事業所（電話：078-731-2041）へお問合せください。,た,12,12
須磨区,多井畑南町,たいのはたみなみまち,,月木,13,金,毎週,木,毎週,水,,た,12,12
須磨区,高尾台,たかおだい,1丁目,火金,13,火,毎週,木,毎週,水,,た,36,36
須磨区,高尾台,たかおだい,2丁目,火金,13,火,毎週,木,毎週,水,,た,36,36
須磨区,高尾台,たかおだい,3丁目,火金,13,火,毎週,木,毎週,水,,た,36,36
須磨区,鷹取町,たかとりちょう,1丁目,火金,13,月,毎週,金,毎週,水,,た,18,18
須磨区,鷹取町,たかとりちょう,2丁目,火金,13,月,毎週,金,毎週,水,,た,18,18
須磨区,鷹取町,たかとりちょう,3丁目,火金,13,月,毎週,金,毎週,水,,た,18,18
須磨区,鷹取町,たかとりちょう,4丁目,火金,13,月,毎週,金,毎週,水,,た,18,18
須磨区,千歳町,ちとせちょう,1丁目,火金,13,月,毎週,水,毎週,水,,た,17,17
須磨区,千歳町,ちとせちょう,2丁目,火金,13,月,毎週,水,毎週,水,,た,17,17
須磨区,千歳町,ちとせちょう,3丁目,火金,13,月,毎週,水,毎週,水,,た,17,17
須磨区,千歳町,ちとせちょう,4丁目,火金,13,月,毎週,水,毎週,水,,た,17,17
須磨区,千守町,ちもりちょう,1丁目,火金,24,木,毎週,月,毎週,水,この地域は、同じ町内に「容器包装プラスチック」「燃えないごみ」「カセットボンベ・スプレー缶」の収集日が異なる地域があります。収集日はご利用のクリーンステーション看板でご確認いただくか、環境局須磨事業所（電話：078-731-2041）へお問合せください。,た,8,8
須磨区,千守町,ちもりちょう,2丁目,火金,24,木,毎週,月,毎週,水,この地域は、同じ町内に「容器包装プラスチック」「燃えないごみ」「カセットボンベ・スプレー缶」の収集日が異なる地域があります。収集日はご利用のクリーンステーション看板でご確認いただくか、環境局須磨事業所（電話：078-731-2041）へお問合せください。,た,8,8
須磨区,月見山本町,つきみやまほんまち,1丁目,火金,13,火,毎週,金,毎週,水,,た,55,55
須磨区,月見山本町,つきみやまほんまち,2丁目,火金,13,火,毎週,金,毎週,水,,た,55,55
須磨区,月見山町,つきみやまちょう,1丁目,火金,13,火,毎週,金,毎週,水,,た,55,55
須磨区,月見山町,つきみやまちょう,2丁目,火金,13,火,毎週,金,毎週,水,,た,55,55
須磨区,月見山町,つきみやまちょう,3丁目,火金,13,火,毎週,金,毎週,水,,た,55,55
須磨区,寺田町,てらだちょう,1丁目,火金,13,月,毎週,水,毎週,水,,た,17,17
須磨区,寺田町,てらだちょう,2丁目,火金,13,月,毎週,水,毎週,水,,た,17,17
須磨区,寺田町,てらだちょう,3丁目,火金,13,月,毎週,水,毎週,水,,た,17,17
須磨区,天神町,てんじんちょう,1丁目,火金,24,金,毎週,月,毎週,水,,た,44,44
須磨区,天神町,てんじんちょう,2丁目,火金,24,金,毎週,月,毎週,水,,た,44,44
須磨区,天神町,てんじんちょう,3丁目,火金,24,金,毎週,月,毎週,水,,た,44,44
須磨区,天神町,てんじんちょう,4丁目,火金,24,金,毎週,月,毎週,水,,た,44,44
須磨区,天神町,てんじんちょう,5丁目,火金,24,金,毎週,月,毎週,水,,た,44,44
須磨区,道正台,どうしょうだい,1丁目,月木,13,木,毎週,水,毎週,水,,た,29,29
須磨区,道正台,どうしょうだい,1丁目(コンテナ等を設置している集合住宅）,火金,13,木,毎週,金,毎週,水,,た,73,73
須磨区,常盤町,ときわちょう,1丁目,火金,13,月,毎週,水,毎週,水,,た,17,17
須磨区,常盤町,ときわちょう,2丁目,火金,13,月,毎週,水,毎週,水,,た,17,17
須磨区,常盤町,ときわちょう,3丁目,火金,13,月,毎週,水,毎週,水,,た,17,17
須磨区,常盤町,ときわちょう,4丁目,火金,13,月,毎週,水,毎週,水,,た,17,17
須磨区,飛松町,とびまつちょう,1丁目,火金,13,木,毎週,水,毎週,水,,た,20,20
須磨区,飛松町,とびまつちょう,2丁目,火金,13,木,毎週,水,毎週,水,,た,20,20
須磨区,飛松町,とびまつちょう,3丁目,火金,13,木,毎週,水,毎週,水,,た,20,20
須磨区,飛松町,とびまつちょう,4丁目,火金,13,木,毎週,水,毎週,水,,た,20,20
須磨区,飛松町,とびまつちょう,5丁目,火金,13,木,毎週,水,毎週,水,,た,20,20
須磨区,戸政町,とまさちょう,1丁目,火金,13,月,毎週,水,毎週,水,,た,17,17
須磨区,戸政町,とまさちょう,2丁目,火金,13,月,毎週,水,毎週,水,,た,17,17
須磨区,戸政町,とまさちょう,3丁目,火金,13,月,毎週,水,毎週,水,,た,17,17
須磨区,戸政町,とまさちょう,4丁目,火金,13,月,毎週,水,毎週,水,,た,17,17
須磨区,友が丘,ともがおか,1丁目,月木,24,木,毎週,火,毎週,水,,た,47,47
須磨区,友が丘,ともがおか,2丁目,月木,24,木,毎週,火,毎週,水,,た,47,47
須磨区,友が丘,ともがおか,3丁目,月木,24,木,毎週,火,毎週,水,,た,47,47
須磨区,友が丘,ともがおか,4丁目,月木,24,木,毎週,火,毎週,水,,た,47,47
須磨区,友が丘,ともがおか,5丁目,月木,24,木,毎週,火,毎週,水,,た,47,47
須磨区,友が丘,ともがおか,6丁目,月木,24,木,毎週,火,毎週,水,,た,47,47
須磨区,友が丘,ともがおか,7丁目,月木,24,木,毎週,火,毎週,水,,た,47,47
須磨区,友が丘,ともがおか,8丁目,月木,24,木,毎週,火,毎週,水,,た,47,47
須磨区,友が丘,ともがおか,9丁目,月木,24,木,毎週,火,毎週,水,,た,47,47
須磨区,中落合,なかおちあい,1丁目,月木,24,火,毎週,火,毎週,水,,な,14,14
須磨区,中落合,なかおちあい,2丁目,月木,24,火,毎週,火,毎週,水,,な,14,14
須磨区,中落合,なかおちあい,3丁目,月木,24,火,毎週,火,毎週,水,,な,14,14
須磨区,中落合,なかおちあい,4丁目,月木,24,火,毎週,火,毎週,水,,な,14,14
須磨区,中落合,なかおちあい,4丁目(コンテナ等を設置している集合住宅）,火金,24,火,毎週,火,毎週,水,,な,41,41
須磨区,中島町,なかじまちょう,1丁目,火金,13,月,毎週,水,毎週,水,,な,17,17
須磨区,中島町,なかじまちょう,2丁目,火金,13,月,毎週,水,毎週,水,,な,17,17
須磨区,中島町,なかじまちょう,3丁目,火金,13,月,毎週,水,毎週,水,,な,17,17
須磨区,西落合,にしおちあい,1丁目,月木,24,月,毎週,月,毎週,水,,な,72,72
須磨区,西落合,にしおちあい,2丁目,月木,24,月,毎週,月,毎週,水,,な,72,72
須磨区,西落合,にしおちあい,3丁目,月木,24,月,毎週,月,毎週,水,,な,72,72
須磨区,西落合,にしおちあい,4丁目,月木,24,月,毎週,月,毎週,水,,な,72,72
須磨区,西落合,にしおちあい,5丁目,月木,24,月,毎週,月,毎週,水,,な,72,72
須磨区,西落合,にしおちあい,6丁目,月木,24,月,毎週,月,毎週,水,,な,72,72
須磨区,西落合,にしおちあい,7丁目,月木,24,月,毎週,月,毎週,水,,な,72,72
須磨区,東落合,ひがしおちあい,1丁目,月木,24,火,毎週,火,毎週,水,,は,14,14
須磨区,東落合,ひがしおちあい,2丁目,月木,24,火,毎週,火,毎週,水,,は,14,14
須磨区,東落合,ひがしおちあい,3丁目,月木,24,火,毎週,火,毎週,水,,は,14,14
須磨区,東白川台,ひがししらかわだい,1丁目,月木,13,火,毎週,金,毎週,水,,は,1,1
須磨区,東白川台,ひがししらかわだい,2丁目,月木,13,火,毎週,金,毎週,水,,は,1,1
須磨区,東白川台,ひがししらかわだい,3丁目,月木,13,火,毎週,金,毎週,水,,は,1,1
須磨区,東白川台,ひがししらかわだい,4丁目,月木,13,火,毎週,金,毎週,水,,は,1,1
須磨区,東白川台,ひがししらかわだい,5丁目,月木,13,火,毎週,金,毎週,水,,は,1,1
須磨区,東須磨,ひがしすま,,火金,24,月,毎週,水,毎週,水,,は,22,22
須磨区,東町,ひがしまち,1丁目,火金,13,月,毎週,水,毎週,水,,は,17,17
須磨区,東町,ひがしまち,2丁目,火金,13,月,毎週,水,毎週,水,,は,17,17
須磨区,東町,ひがしまち,3丁目,火金,13,月,毎週,水,毎週,水,,は,17,17
須磨区,東町,ひがしまち,4丁目,火金,13,月,毎週,水,毎週,水,,は,17,17
須磨区,平田町,ひらたちょう,1丁目,火金,13,木,毎週,水,毎週,水,,は,20,20
須磨区,平田町,ひらたちょう,2丁目,火金,13,木,毎週,水,毎週,水,,は,20,20
須磨区,平田町,ひらたちょう,3丁目,火金,13,木,毎週,水,毎週,水,,は,20,20
須磨区,平田町,ひらたちょう,4丁目,火金,13,木,毎週,水,毎週,水,,は,20,20
須磨区,平田町,ひらたちょう,5丁目,火金,13,木,毎週,水,毎週,水,,は,20,20
須磨区,古川町,ふるかわちょう,1丁目,火金,13,月,毎週,金,毎週,水,,は,18,18
須磨区,古川町,ふるかわちょう,2丁目,火金,13,月,毎週,金,毎週,水,,は,18,18
須磨区,古川町,ふるかわちょう,3丁目,火金,13,月,毎週,金,毎週,水,,は,18,18
須磨区,古川町,ふるかわちょう,4丁目,火金,13,月,毎週,金,毎週,水,,は,18,18
須磨区,宝田町,ほうでんちょう,1丁目,火金,24,月,毎週,水,毎週,水,,は,22,22
須磨区,宝田町,ほうでんちょう,2丁目,火金,24,月,毎週,水,毎週,水,,は,22,22
須磨区,宝田町,ほうでんちょう,3丁目,火金,24,月,毎週,水,毎週,水,,は,22,22
須磨区,堀池町,ほりいけちょう,1丁目,火金,13,月,毎週,水,毎週,水,,は,17,17
須磨区,堀池町,ほりいけちょう,2丁目,火金,13,月,毎週,水,毎週,水,,は,17,17
須磨区,前池町,まえいけちょう,1丁目,火金,24,月,毎週,水,毎週,水,,ま,22,22
須磨区,前池町,まえいけちょう,2丁目,火金,24,月,毎週,水,毎週,水,,ま,22,22
須磨区,前池町,まえいけちょう,3丁目,火金,24,月,毎週,水,毎週,水,この地域は、同じ町内に「燃えないごみ」「カセットボンベ・スプレー缶」の収集日が異なる地域があります。収集日はご利用のクリーンステーション看板でご確認いただくか、環境局須磨事業所（電話：078-731-2041）へお問合せください。,ま,22,22
須磨区,前池町,まえいけちょう,4丁目,火金,24,月,毎週,水,毎週,水,,ま,22,22
須磨区,前池町,まえいけちょう,5丁目,火金,24,月,毎週,水,毎週,水,,ま,22,22
須磨区,前池町,まえいけちょう,6丁目,火金,24,月,毎週,水,毎週,水,,ま,22,22
須磨区,松風町,まつかぜちょう,1丁目,火金,13,火,毎週,金,毎週,水,,ま,55,55
須磨区,松風町,まつかぜちょう,2丁目,火金,13,火,毎週,金,毎週,水,,ま,55,55
須磨区,松風町,まつかぜちょう,3丁目,火金,13,火,毎週,金,毎週,水,,ま,55,55
須磨区,松風町,まつかぜちょう,4丁目,火金,13,火,毎週,金,毎週,水,,ま,55,55
須磨区,松風町,まつかぜちょう,5丁目,火金,13,火,毎週,金,毎週,水,,ま,55,55
須磨区,松風町,まつかぜちょう,6丁目,火金,13,火,毎週,金,毎週,水,,ま,55,55
須磨区,松風町,まつかぜちょう,7丁目,火金,13,火,毎週,金,毎週,水,,ま,55,55
須磨区,水野町,みずのちょう,,火金,13,火,毎週,木,毎週,水,,ま,36,36
須磨区,緑が丘,みどりがおか,1丁目,月木,24,金,毎週,水,毎週,水,,ま,16,16
須磨区,緑が丘,みどりがおか,2丁目,月木,24,金,毎週,水,毎週,水,,ま,16,16
須磨区,南落合,みなみおちあい,1丁目,月木,13,木,毎週,金,毎週,水,,ま,30,30
須磨区,南落合,みなみおちあい,1丁目(コンテナ等を設置している集合住宅）,火金,13,木,毎週,金,毎週,水,,ま,73,73
須磨区,南落合,みなみおちあい,2丁目,月木,13,木,毎週,金,毎週,水,,ま,30,30
須磨区,南落合,みなみおちあい,2丁目(コンテナ等を設置している集合住宅）,火金,13,木,毎週,金,毎週,水,,ま,73,73
須磨区,南落合,みなみおちあい,3丁目,月木,13,木,毎週,金,毎週,水,,ま,30,30
須磨区,南落合,みなみおちあい,3丁目(コンテナ等を設置している集合住宅）,火金,13,木,毎週,金,毎週,水,,ま,73,73
須磨区,南落合,みなみおちあい,4丁目,月木,13,木,毎週,金,毎週,水,,ま,30,30
須磨区,南落合,みなみおちあい,4丁目(コンテナ等を設置している集合住宅）,火金,13,木,毎週,金,毎週,水,,ま,73,73
須磨区,南町,みなみまち,1丁目,火金,13,火,毎週,金,毎週,水,,ま,55,55
須磨区,南町,みなみまち,2丁目,火金,13,火,毎週,金,毎週,水,,ま,55,55
須磨区,南町,みなみまち,3丁目,火金,13,火,毎週,金,毎週,水,,ま,55,55
須磨区,行幸町,みゆきちょう,1丁目,火金,24,金,毎週,月,毎週,水,,ま,44,44
須磨区,行幸町,みゆきちょう,2丁目,火金,24,金,毎週,月,毎週,水,,ま,44,44
須磨区,行幸町,みゆきちょう,3丁目,火金,24,金,毎週,月,毎週,水,,ま,44,44
須磨区,行幸町,みゆきちょう,4丁目,火金,24,金,毎週,月,毎週,水,,ま,44,44
須磨区,明神町,みょうじんちょう,1丁目,火金,24,月,毎週,水,毎週,水,,ま,22,22
須磨区,明神町,みょうじんちょう,2丁目,火金,24,月,毎週,水,毎週,水,,ま,22,22
須磨区,明神町,みょうじんちょう,3丁目,火金,24,月,毎週,水,毎週,水,,ま,22,22
須磨区,明神町,みょうじんちょう,4丁目,火金,24,月,毎週,水,毎週,水,,ま,22,22
須磨区,明神町,みょうじんちょう,5丁目,火金,24,月,毎週,水,毎週,水,,ま,22,22
須磨区,妙法寺,みょうほうじ,,-,-,-,-,-,-,-,この地域は、同じ町内に収集日が異なる地域があるため収集日を表示することができません。収集日はご利用のクリーンステーション看板でご確認いただくか、環境局須磨事業所（電話：078-731-2041）へお問合せください。,ま,-,-
須磨区,村雨町,むらさめちょう,3丁目,火金,13,火,毎週,金,毎週,水,,ま,55,55
須磨区,村雨町,むらさめちょう,4丁目,火金,13,火,毎週,金,毎週,水,,ま,55,55
須磨区,村雨町,むらさめちょう,5丁目,火金,13,火,毎週,金,毎週,水,,ま,55,55
須磨区,村雨町,むらさめちょう,6丁目,火金,13,火,毎週,金,毎週,水,,ま,55,55
須磨区,行平町,ゆきひらちょう,1丁目,火金,13,月,毎週,金,毎週,水,,や,18,18
須磨区,行平町,ゆきひらちょう,2丁目,火金,13,月,毎週,金,毎週,水,,や,18,18
須磨区,行平町,ゆきひらちょう,3丁目,火金,13,月,毎週,金,毎週,水,,や,18,18
須磨区,養老町,ようろうちょう,1丁目,火金,24,月,毎週,水,毎週,水,,や,22,22
須磨区,養老町,ようろうちょう,2丁目,火金,24,月,毎週,水,毎週,水,,や,22,22
須磨区,養老町,ようろうちょう,3丁目,火金,24,月,毎週,水,毎週,水,,や,22,22
須磨区,横尾,よこお,1丁目,月木,13,木,毎週,木,毎週,水,,や,76,76
須磨区,横尾,よこお,1丁目(コンテナ等を設置している集合住宅）,火金,13,木,毎週,木,毎週,水,,や,71,71
須磨区,横尾,よこお,2丁目,月木,13,木,毎週,木,毎週,水,,や,76,76
須磨区,横尾,よこお,3丁目,月木,13,木,毎週,木,毎週,水,,や,76,76
須磨区,横尾,よこお,4丁目,月木,13,木,毎週,木,毎週,水,,や,76,76
須磨区,横尾,よこお,4丁目(コンテナ等を設置している集合住宅）,火金,13,木,毎週,木,毎週,水,,や,71,71
須磨区,横尾,よこお,5丁目,月木,13,木,毎週,木,毎週,水,,や,76,76
須磨区,横尾,よこお,5丁目(コンテナ等を設置している集合住宅）,火金,13,木,毎週,木,毎週,水,,や,71,71
須磨区,横尾,よこお,6丁目,月木,13,木,毎週,木,毎週,水,,や,76,76
須磨区,横尾,よこお,6丁目(コンテナ等を設置している集合住宅）,火金,13,木,毎週,木,毎週,水,,や,71,71
須磨区,横尾,よこお,7丁目,月木,13,木,毎週,木,毎週,水,,や,76,76
須磨区,横尾,よこお,7丁目(コンテナ等を設置している集合住宅）,火金,13,木,毎週,木,毎週,水,,や,71,71
須磨区,横尾,よこお,8丁目,月木,13,木,毎週,木,毎週,水,,や,76,76
須磨区,横尾,よこお,8丁目(コンテナ等を設置している集合住宅）,火金,13,木,毎週,木,毎週,水,,や,71,71
須磨区,横尾,よこお,9丁目,月木,13,木,毎週,木,毎週,水,,や,76,76
須磨区,横尾,よこお,9丁目(コンテナ等を設置している集合住宅）,火金,13,木,毎週,木,毎週,水,,や,71,71
須磨区,離宮西町,りきゅうにしまち,1丁目,火金,24,火,毎週,月,毎週,水,,ら,40,40
須磨区,離宮西町,りきゅうにしまち,2丁目,火金,24,火,毎週,月,毎週,水,この地域は、同じ町内に「燃えるごみ」の収集日が異なる(月・木曜収集）地域があります。収集日はご利用のクリーンステーション看板でご確認いただくか、環境局須磨事業所（電話：078-731-2041）へお問合せください。,ら,40,40
須磨区,離宮前町,りきゅうまえまち,1丁目,火金,13,火,毎週,月,毎週,水,,ら,58,58
須磨区,離宮前町,りきゅうまえまち,2丁目,火金,13,火,毎週,月,毎週,水,,ら,58,58
須磨区,竜が台,りゅうがだい,1丁目,月木,24,木,毎週,火,毎週,水,,ら,47,47
須磨区,竜が台,りゅうがだい,2丁目,月木,24,木,毎週,火,毎週,水,,ら,47,47
須磨区,竜が台,りゅうがだい,3丁目,月木,24,木,毎週,火,毎週,水,,ら,47,47
須磨区,竜が台,りゅうがだい,4丁目,月木,24,木,毎週,火,毎週,水,,ら,47,47
須磨区,竜が台,りゅうがだい,5丁目,月木,24,木,毎週,火,毎週,水,,ら,47,47
須磨区,竜が台,りゅうがだい,6丁目,月木,24,木,毎週,火,毎週,水,,ら,47,47
須磨区,竜が台,りゅうがだい,7丁目,月木,24,木,毎週,火,毎週,水,,ら,47,47
須磨区,若木町,わかぎちょう,1丁目,火金,24,月,毎週,水,毎週,水,,わ,22,22
須磨区,若木町,わかぎちょう,2丁目,火金,24,月,毎週,水,毎週,水,,わ,22,22
須磨区,若木町,わかぎちょう,3丁目,火金,24,月,毎週,水,毎週,水,,わ,22,22
須磨区,若木町,わかぎちょう,4丁目,火金,24,月,毎週,水,毎週,水,,わ,22,22
須磨区,若草町,わかくさちょう,1丁目,月木,13,火,毎週,水,毎週,水,,わ,10,10
須磨区,若草町,わかくさちょう,1丁目(コンテナ等を設置している集合住宅）,火金,13,火,毎週,水,毎週,水,,わ,35,35
須磨区,若草町,わかくさちょう,2丁目,月木,13,火,毎週,水,毎週,水,,わ,10,10
須磨区,若草町,わかくさちょう,3丁目,月木,13,火,毎週,水,毎週,水,,わ,10,10
須磨区,若宮町,わかみやちょう,1丁目,火金,13,月,毎週,金,毎週,水,,わ,55,18
須磨区,若宮町,わかみやちょう,2丁目,火金,13,火,毎週,金,毎週,水,,わ,55,55
須磨区,若宮町,わかみやちょう,3丁目,火金,13,火,毎週,金,毎週,水,,わ,55,55
垂水区,青山台,あおやまだい,1丁目,火金,13,月,毎週,木,毎週,水,,あ,5,5
垂水区,青山台,あおやまだい,2丁目,火金,13,月,毎週,木,毎週,水,,あ,5,5
垂水区,青山台,あおやまだい,3丁目,火金,13,月,毎週,木,毎週,水,,あ,5,5
垂水区,青山台,あおやまだい,4丁目,火金,13,月,毎週,木,毎週,水,,あ,5,5
垂水区,青山台,あおやまだい,5丁目,火金,13,月,毎週,木,毎週,水,,あ,5,5
垂水区,青山台,あおやまだい,6丁目,火金,13,月,毎週,木,毎週,水,,あ,5,5
垂水区,青山台,あおやまだい,7丁目,火金,13,月,毎週,木,毎週,水,,あ,5,5
垂水区,青山台,あおやまだい,8丁目,火金,13,月,毎週,木,毎週,水,,あ,5,5
垂水区,旭が丘,あさひがおか,1丁目,月木,13,金,毎週,火,毎週,水,,あ,2,2
垂水区,旭が丘,あさひがおか,2丁目,月木,13,金,毎週,火,毎週,水,,あ,2,2
垂水区,旭が丘,あさひがおか,3丁目,月木,13,金,毎週,火,毎週,水,,あ,2,2
垂水区,朝谷町,あさたにちょう,,火金,13,木,毎週,月,毎週,水,,あ,6,6
垂水区,泉が丘,いずみがおか,1丁目,火金,13,月,毎週,木,毎週,水,,あ,5,5
垂水区,泉が丘,いずみがおか,2丁目,火金,13,月,毎週,木,毎週,水,,あ,5,5
垂水区,泉が丘,いずみがおか,3丁目,火金,13,月,毎週,木,毎週,水,,あ,5,5
垂水区,泉が丘,いずみがおか,4丁目,火金,13,月,毎週,木,毎週,水,,あ,5,5
垂水区,泉が丘,いずみがおか,5丁目,火金,13,月,毎週,木,毎週,水,,あ,5,5
垂水区,歌敷山,うたしきやま,1丁目,月木,13,火,毎週,金,毎週,水,,あ,1,1
垂水区,歌敷山,うたしきやま,2丁目,月木,13,火,毎週,金,毎週,水,,あ,1,1
垂水区,歌敷山,うたしきやま,3丁目,月木,13,火,毎週,金,毎週,水,,あ,1,1
垂水区,歌敷山,うたしきやま,4丁目,月木,13,火,毎週,金,毎週,水,,あ,1,1
垂水区,王居殿,おういでん,1丁目,火金,24,月,毎週,水,毎週,水,,あ,22,22
垂水区,王居殿,おういでん,2丁目,火金,24,月,毎週,水,毎週,水,,あ,22,22
垂水区,王居殿,おういでん,3丁目,火金,24,月,毎週,水,毎週,水,,あ,22,22
垂水区,乙木,おとぎ,1丁目,火金,24,月,毎週,水,毎週,水,,あ,22,22
垂水区,乙木,おとぎ,2丁目,火金,24,月,毎週,水,毎週,水,,あ,22,22
垂水区,乙木,おとぎ,3丁目,火金,24,月,毎週,水,毎週,水,,あ,22,22
垂水区,大町,おおまち,1丁目,火金,24,月,毎週,水,毎週,水,,あ,22,22
垂水区,大町,おおまち,2丁目,火金,24,月,毎週,水,毎週,水,,あ,22,22
垂水区,大町,おおまち,3丁目,火金,24,月,毎週,水,毎週,水,,あ,22,22
垂水区,大町,おおまち,4丁目,火金,24,月,毎週,水,毎週,水,,あ,22,22
垂水区,大町,おおまち,5丁目,火金,24,月,毎週,水,毎週,水,,あ,22,22
垂水区,神田町,かんだちょう,丁目なし,火金,24,月,毎週,水,毎週,水,,か,22,22
垂水区,海岸通,かいがんどおり,丁目なし,月木,13,火,毎週,金,毎週,水,,か,1,1
垂水区,川原,かわはら,1丁目,火金,24,月,毎週,水,毎週,水,地域内に「燃えるごみ」のクリーンステーションしかない場合、「容器包装プラスチック」「燃えないごみ」「カセットボンベ・スプレー缶」の収集日については、環境局垂水事業所（電話：078-783-0333）へお問合せください。,か,22,22
垂水区,川原,かわはら,2丁目,火金,24,月,毎週,水,毎週,水,,か,22,22
垂水区,川原,かわはら,3丁目,火金,24,月,毎週,水,毎週,水,,か,22,22
垂水区,川原,かわはら,4丁目,火金,24,月,毎週,水,毎週,水,地域内に「燃えるごみ」のクリーンステーションしかない場合、「容器包装プラスチック」「燃えないごみ」「カセットボンベ・スプレー缶」の収集日については、環境局垂水事業所（電話：078-783-0333）へお問合せください。,か,22,22
垂水区,川原,かわはら,5丁目,火金,24,月,毎週,水,毎週,水,地域内に「燃えるごみ」のクリーンステーションしかない場合、「容器包装プラスチック」「燃えないごみ」「カセットボンベ・スプレー缶」の収集日については、環境局垂水事業所（電話：078-783-0333）へお問合せください。,か,22,22
垂水区,霞ケ丘,かすみがおか,1丁目,月木,13,金,毎週,火,毎週,水,,か,2,2
垂水区,霞ケ丘,かすみがおか,2丁目,月木,13,金,毎週,火,毎週,水,,か,2,2
垂水区,霞ケ丘,かすみがおか,3丁目,月木,13,金,毎週,火,毎週,水,,か,2,2
垂水区,霞ケ丘,かすみがおか,4丁目,月木,13,金,毎週,火,毎週,水,,か,2,2
垂水区,霞ケ丘,かすみがおか,5丁目,月木,13,金,毎週,火,毎週,水,,か,2,2
垂水区,霞ケ丘,かすみがおか,6丁目,月木,13,金,毎週,火,毎週,水,,か,2,2
垂水区,霞ケ丘,かすみがおか,7丁目,月木,13,金,毎週,火,毎週,水,,か,2,2
垂水区,狩口台,かりぐちだい,1丁目,月木,24,火,毎週,金,毎週,水,,か,3,3
垂水区,狩口台,かりぐちだい,2丁目,月木,24,火,毎週,金,毎週,水,,か,3,3
垂水区,狩口台,かりぐちだい,3丁目,月木,24,火,毎週,金,毎週,水,地域内に「燃えるごみ」のクリーンステーションしかない場合、「容器包装プラスチック」「燃えないごみ」「カセットボンベ・スプレー缶」の収集日については、環境局垂水事業所（電話：078-783-0333）へお問合せください。,か,3,3
垂水区,狩口台,かりぐちだい,4丁目,月木,24,火,毎週,金,毎週,水,,か,3,3
垂水区,狩口台,かりぐちだい,5丁目,月木,24,火,毎週,金,毎週,水,,か,3,3
垂水区,狩口台,かりぐちだい,6丁目,月木,24,火,毎週,金,毎週,水,,か,3,3
垂水区,狩口台,かりぐちだい,7丁目,月木,24,火,毎週,金,毎週,水,地域内に「燃えるごみ」のクリーンステーションしかない場合、「容器包装プラスチック」「燃えないごみ」「カセットボンベ・スプレー缶」の収集日については、環境局垂水事業所（電話：078-783-0333）へお問合せください。,か,3,3
垂水区,狩口台,かりぐちだい,7丁目（ライオンズマンション舞子）,月木,13,火,毎週,金,毎週,水,,か,1,1
垂水区,上高丸,かみたかまる,1丁目,火金,24,木,毎週,水,毎週,水,,か,24,24
垂水区,上高丸,かみたかまる,2丁目,火金,24,木,毎週,水,毎週,水,,か,24,24
垂水区,上高丸,かみたかまる,3丁目,火金,24,木,毎週,水,毎週,水,,か,24,24
垂水区,北舞子,きたまいこ,1丁目,月木,13,金,毎週,火,毎週,水,,か,2,2
垂水区,北舞子,きたまいこ,2丁目,月木,13,金,毎週,火,毎週,水,,か,2,2
垂水区,北舞子,きたまいこ,3丁目,月木,13,金,毎週,火,毎週,水,,か,2,2
垂水区,北舞子,きたまいこ,4丁目,月木,13,金,毎週,火,毎週,水,この地域は、同じ町内に「容器包装プラスチック」「燃えないごみ」「カセットボンベ・スプレー缶」の収集日が異なる地域があります。収集日はご利用のクリーンステーション看板でご確認いただくか、環境局垂水事業所（電話：078-783-0333）へお問合せください。,か,2,2
垂水区,北舞子,きたまいこ,4丁目西自治会舞子坂地区,月木,24,火,毎週,金,毎週,水,,か,3,3
垂水区,北舞子,きたまいこ,4丁目西自治会舞子台地区,月木,13,火,毎週,金,毎週,水,,か,1,1
垂水区,陸ノ町,くがのちょう,,火金,24,月,毎週,水,毎週,水,,か,22,22
垂水区,御霊町,ごりょうちょう,,火金,24,月,毎週,水,毎週,水,,か,22,22
垂水区,向陽,こうよう,1丁目,火金,24,月,毎週,水,毎週,水,,か,22,22
垂水区,向陽,こうよう,2丁目,火金,24,月,毎週,水,毎週,水,,か,22,22
垂水区,向陽,こうよう,3丁目,火金,24,月,毎週,水,毎週,水,,か,22,22
垂水区,五色山,ごしきやま,1丁目,月木,13,金,毎週,火,毎週,水,,か,2,2
垂水区,五色山,ごしきやま,2丁目,月木,13,金,毎週,火,毎週,水,,か,2,2
垂水区,五色山,ごしきやま,3丁目,月木,13,金,毎週,火,毎週,水,,か,2,2
垂水区,五色山,ごしきやま,4丁目,月木,13,金,毎週,火,毎週,水,,か,2,2
垂水区,五色山,ごしきやま,5丁目,月木,13,金,毎週,火,毎週,水,,か,2,2
垂水区,五色山,ごしきやま,6丁目,月木,13,金,毎週,火,毎週,水,,か,2,2
垂水区,五色山,ごしきやま,7丁目,月木,13,金,毎週,火,毎週,水,,か,2,2
垂水区,五色山,ごしきやま,8丁目,月木,13,金,毎週,火,毎週,水,,か,2,2
垂水区,小束台,こづかだい,,火金,24,木,毎週,水,毎週,水,,か,24,24
垂水区,小束山,こづかやま,1丁目,火金,24,木,毎週,水,毎週,水,,か,24,24
垂水区,小束山,こづかやま,2丁目,火金,24,木,毎週,水,毎週,水,,か,24,24
垂水区,小束山,こづかやま,3丁目,火金,24,木,毎週,水,毎週,水,,か,24,24
垂水区,小束山,こづかやま,4丁目,火金,24,木,毎週,水,毎週,水,,か,24,24
垂水区,小束山,こづかやま,5丁目,火金,24,木,毎週,水,毎週,水,,か,24,24
垂水区,小束山,こづかやま,6丁目,火金,24,木,毎週,水,毎週,水,,か,24,24
垂水区,小束山,こづかやま,7丁目,火金,24,木,毎週,水,毎週,水,,か,24,24
垂水区,小束山手,こづかやまて,1丁目,火金,24,木,毎週,水,毎週,水,,か,24,24
垂水区,小束山手,こづかやまて,3丁目,火金,24,木,毎週,水,毎週,水,,か,24,24
垂水区,小束山本町,こづかやまほんまち,1丁目,火金,24,木,毎週,水,毎週,水,,か,24,24
垂水区,小束山本町,こづかやまほんまち,2丁目,火金,24,木,毎週,水,毎週,水,,か,24,24
垂水区,小束山本町,こづかやまほんまち,3丁目,火金,24,木,毎週,水,毎週,水,,か,24,24
垂水区,小束山本町,こづかやまほんまち,4丁目,火金,24,木,毎週,水,毎週,水,,か,24,24
垂水区,坂上,さかがみ,1丁目,火金,24,月,毎週,水,毎週,水,,さ,22,22
垂水区,坂上,さかがみ,2丁目,火金,24,月,毎週,水,毎週,水,,さ,22,22
垂水区,坂上,さかがみ,3丁目,火金,24,月,毎週,水,毎週,水,,さ,22,22
垂水区,坂上,さかがみ,4丁目,火金,24,月,毎週,水,毎週,水,,さ,22,22
垂水区,坂上,さかがみ,5丁目,火金,24,月,毎週,水,毎週,水,,さ,22,22
垂水区,潮見が丘,しおみがおか,1丁目,火金,24,木,毎週,水,毎週,水,,さ,24,24
垂水区,潮見が丘,しおみがおか,2丁目,火金,24,木,毎週,水,毎週,水,,さ,24,24
垂水区,塩屋北町,しおやきたまち,1丁目,火金,13,木,毎週,月,毎週,水,,さ,6,6
垂水区,塩屋北町,しおやきたまち,2丁目,火金,13,木,毎週,月,毎週,水,,さ,6,6
垂水区,塩屋北町,しおやきたまち,3丁目,火金,13,木,毎週,月,毎週,水,,さ,6,6
垂水区,塩屋北町,しおやきたまち,4丁目,火金,13,木,毎週,月,毎週,水,,さ,6,6
垂水区,清水が丘,しみずがおか,1丁目,月木,24,火,毎週,水,毎週,水,,さ,15,15
垂水区,清水が丘,しみずがおか,2丁目,月木,24,火,毎週,水,毎週,水,,さ,15,15
垂水区,清水が丘,しみずがおか,3丁目,月木,24,火,毎週,水,毎週,水,,さ,15,15
垂水区,神陵台,しんりょうだい,1丁目,月木,24,火,毎週,水,毎週,水,,さ,15,15
垂水区,神陵台,しんりょうだい,2丁目,月木,24,火,毎週,水,毎週,水,,さ,15,15
垂水区,神陵台,しんりょうだい,3丁目,月木,24,火,毎週,水,毎週,水,,さ,15,15
垂水区,神陵台,しんりょうだい,4丁目,月木,24,火,毎週,水,毎週,水,,さ,15,15
垂水区,神陵台,しんりょうだい,5丁目,月木,24,火,毎週,水,毎週,水,,さ,15,15
垂水区,神陵台,しんりょうだい,5丁目(県営神陵台鉄筋住宅),月木,24,金,毎週,水,毎週,水,,さ,16,16
垂水区,神陵台,しんりょうだい,6丁目,月木,24,火,毎週,水,毎週,水,,さ,15,15
垂水区,神陵台,しんりょうだい,7丁目,月木,24,火,毎週,水,毎週,水,,さ,15,15
垂水区,神陵台,しんりょうだい,8丁目,月木,24,火,毎週,水,毎週,水,,さ,15,15
垂水区,神陵台,しんりょうだい,9丁目,月木,24,火,毎週,水,毎週,水,,さ,15,15
垂水区,塩屋台,しおやだい,1丁目,火金,13,月,毎週,木,毎週,水,,さ,5,5
垂水区,塩屋台,しおやだい,2丁目,火金,13,月,毎週,木,毎週,水,,さ,5,5
垂水区,塩屋台,しおやだい,3丁目,火金,13,月,毎週,木,毎週,水,,さ,5,5
垂水区,城が山,しろがやま,1丁目,火金,13,月,毎週,木,毎週,水,,さ,5,5
垂水区,城が山,しろがやま,2丁目,火金,13,月,毎週,木,毎週,水,,さ,5,5
垂水区,城が山,しろがやま,3丁目,火金,13,月,毎週,木,毎週,水,,さ,5,5
垂水区,城が山,しろがやま,4丁目,火金,13,月,毎週,木,毎週,水,,さ,5,5
垂水区,城が山,しろがやま,5丁目,火金,13,月,毎週,木,毎週,水,,さ,5,5
垂水区,清水通,しみずどおり,,火金,24,月,毎週,水,毎週,水,,さ,22,22
垂水区,塩屋町,しおやちょう,丁目なし,火金,13,月,毎週,木,毎週,水,,さ,5,5
垂水区,塩屋町,しおやちょう,1丁目,火金,13,月,毎週,木,毎週,水,,さ,5,5
垂水区,塩屋町,しおやちょう,2丁目,火金,13,月,毎週,木,毎週,水,地域内に「燃えるごみ」のクリーンステーションしかない場合、「容器包装プラスチック」「燃えないごみ」「カセットボンベ・スプレー缶」の収集日については、環境局垂水事業所（電話：078-783-0333）へお問合せください。,さ,5,5
垂水区,塩屋町,しおやちょう,3丁目,火金,13,月,毎週,木,毎週,水,,さ,5,5
垂水区,塩屋町,しおやちょう,4丁目,火金,13,月,毎週,木,毎週,水,,さ,5,5
垂水区,塩屋町,しおやちょう,5丁目,火金,13,月,毎週,木,毎週,水,,さ,5,5
垂水区,塩屋町,しおやちょう,6丁目,火金,13,月,毎週,木,毎週,水,,さ,5,5
垂水区,塩屋町,しおやちょう,7丁目,火金,13,月,毎週,木,毎週,水,,さ,5,5
垂水区,塩屋町,しおやちょう,8丁目,火金,13,月,毎週,木,毎週,水,地域内に「燃えるごみ」のクリーンステーションしかない場合、「容器包装プラスチック」「燃えないごみ」「カセットボンベ・スプレー缶」の収集日については、環境局垂水事業所（電話：078-783-0333）へお問合せください。,さ,5,5
垂水区,塩屋町,しおやちょう,9丁目,火金,13,月,毎週,木,毎週,水,,さ,5,5
垂水区,塩屋町,しおやちょう,大谷,火金,13,月,毎週,木,毎週,水,,さ,5,5
垂水区,下畑町,しもはたちょう,第二神明以北,火金,13,木,毎週,月,毎週,水,この地域は、同じ町内に「容器包装プラスチック」「燃えないごみ」「カセットボンベ・スプレー缶」の収集日が異なる地域があります。収集日はご利用のクリーンステーション看板でご確認いただくか、環境局垂水事業所（電話：078-783-0333）へお問合せください。,さ,6,6
垂水区,下畑町,しもはたちょう,第二神明以南,火金,13,月,毎週,木,毎週,水,,さ,5,5
垂水区,神和台,しんわだい,1丁目,火金,13,木,毎週,月,毎週,水,,さ,6,6
垂水区,神和台,しんわだい,2丁目,火金,13,木,毎週,月,毎週,水,,さ,6,6
垂水区,神和台,しんわだい,3丁目,火金,13,木,毎週,月,毎週,水,,さ,6,6
垂水区,松風台,しょうふうだい,1丁目,火金,13,月,毎週,木,毎週,水,,さ,5,5
垂水区,松風台,しょうふうだい,2丁目,火金,13,月,毎週,木,毎週,水,,さ,5,5
垂水区,星陵台,せいりょうだい,1丁目,月木,13,金,毎週,火,毎週,水,,さ,2,2
垂水区,星陵台,せいりょうだい,2丁目,月木,13,金,毎週,火,毎週,水,,さ,2,2
垂水区,星陵台,せいりょうだい,3丁目,月木,13,金,毎週,火,毎週,水,,さ,2,2
垂水区,星陵台,せいりょうだい,4丁目,月木,13,金,毎週,火,毎週,水,,さ,2,2
垂水区,星陵台,せいりょうだい,5丁目,月木,13,金,毎週,火,毎週,水,,さ,2,2
垂水区,星陵台,せいりょうだい,6丁目,月木,13,金,毎週,火,毎週,水,,さ,2,2
垂水区,星陵台,せいりょうだい,7丁目,月木,13,金,毎週,火,毎週,水,,さ,2,2
垂水区,星陵台,せいりょうだい,8丁目,月木,13,金,毎週,火,毎週,水,,さ,2,2
垂水区,清玄町,せいげんちょう,,火金,13,木,毎週,月,毎週,水,,さ,6,6
垂水区,高丸,たかまる,1丁目,火金,24,木,毎週,水,毎週,水,,た,24,24
垂水区,高丸,たかまる,2丁目,火金,24,木,毎週,水,毎週,水,,た,24,24
垂水区,高丸,たかまる,3丁目,火金,24,木,毎週,水,毎週,水,,た,24,24
垂水区,高丸,たかまる,4丁目,火金,24,木,毎週,水,毎週,水,,た,24,24
垂水区,高丸,たかまる,5丁目,火金,24,木,毎週,水,毎週,水,,た,24,24
垂水区,高丸,たかまる,6丁目,火金,24,木,毎週,水,毎週,水,,た,24,24
垂水区,高丸,たかまる,7丁目,火金,24,木,毎週,水,毎週,水,,た,24,24
垂水区,高丸,たかまる,8丁目,火金,24,木,毎週,水,毎週,水,,た,24,24
垂水区,多聞台,たもんだい,1丁目,月木,24,金,毎週,水,毎週,水,,た,16,16
垂水区,多聞台,たもんだい,2丁目,月木,24,金,毎週,水,毎週,水,,た,16,16
垂水区,多聞台,たもんだい,3丁目,月木,24,金,毎週,水,毎週,水,,た,16,16
垂水区,多聞台,たもんだい,4丁目,月木,24,金,毎週,水,毎週,水,,た,16,16
垂水区,多聞台,たもんだい,5丁目,月木,24,金,毎週,水,毎週,水,,た,16,16
垂水区,多聞町,たもんちょう,,火金,24,木,毎週,水,毎週,水,,た,24,24
垂水区,千代が丘,ちよがおか,1丁目,火金,24,木,毎週,水,毎週,水,,た,24,24
垂水区,千代が丘,ちよがおか,2丁目,火金,24,木,毎週,水,毎週,水,,た,24,24
垂水区,千鳥が丘,ちどりがおか,1丁目,火金,24,木,毎週,水,毎週,水,,た,24,24
垂水区,千鳥が丘,ちどりがおか,2丁目,火金,24,木,毎週,水,毎週,水,,た,24,24
垂水区,千鳥が丘,ちどりがおか,3丁目,火金,24,木,毎週,水,毎週,水,,た,24,24
垂水区,つつじが丘,つつじがおか,1丁目,火金,13,木,毎週,月,毎週,水,,た,6,6
垂水区,つつじが丘,つつじがおか,2丁目,火金,13,木,毎週,月,毎週,水,,た,6,6
垂水区,つつじが丘,つつじがおか,3丁目,火金,13,木,毎週,月,毎週,水,,た,6,6
垂水区,つつじが丘,つつじがおか,4丁目,火金,13,木,毎週,月,毎週,水,,た,6,6
垂水区,つつじが丘,つつじがおか,5丁目,火金,13,木,毎週,月,毎週,水,,た,6,6
垂水区,つつじが丘,つつじがおか,6丁目,火金,13,木,毎週,月,毎週,水,,た,6,6
垂水区,つつじが丘,つつじがおか,7丁目,火金,13,木,毎週,月,毎週,水,,た,6,6
垂水区,天ノ下町,てんのしたちょう,,火金,24,月,毎週,水,毎週,水,,た,22,22
垂水区,仲田,なかた,1丁目,月木,13,金,毎週,火,毎週,水,,な,2,2
垂水区,仲田,なかた,2丁目,月木,13,金,毎週,火,毎週,水,,な,2,2
垂水区,仲田,なかた,3丁目,月木,13,金,毎週,火,毎週,水,,な,2,2
垂水区,中道,なかみち,1丁目,火金,24,月,毎週,水,毎週,水,地域内に「燃えるごみ」のクリーンステーションしかない場合、「容器包装プラスチック」「燃えないごみ」「カセットボンベ・スプレー缶」の収集日については、環境局垂水事業所（電話：078-783-0333）へお問合せください。,な,22,22
垂水区,中道,なかみち,2丁目,火金,24,月,毎週,水,毎週,水,,な,22,22
垂水区,中道,なかみち,3丁目,火金,24,月,毎週,水,毎週,水,,な,22,22
垂水区,中道,なかみち,4丁目,火金,24,月,毎週,水,毎週,水,,な,22,22
垂水区,中道,なかみち,5丁目,火金,24,月,毎週,水,毎週,水,,な,22,22
垂水区,中道,なかみち,6丁目,火金,24,月,毎週,水,毎週,水,,な,22,22
垂水区,西舞子,にしまいこ,1丁目,月木,13,火,毎週,金,毎週,水,,な,1,1
垂水区,西舞子,にしまいこ,2丁目,月木,13,火,毎週,金,毎週,水,,な,1,1
垂水区,西舞子,にしまいこ,3丁目,月木,13,火,毎週,金,毎週,水,,な,1,1
垂水区,西舞子,にしまいこ,4丁目,月木,13,火,毎週,金,毎週,水,,な,1,1
垂水区,西舞子,にしまいこ,5丁目,月木,13,火,毎週,金,毎週,水,,な,1,1
垂水区,西舞子,にしまいこ,6丁目,月木,13,火,毎週,金,毎週,水,,な,1,1
垂水区,西舞子,にしまいこ,6丁目（ライオンズマンション西舞子・舞子ビレッジ）,月木,24,火,毎週,金,毎週,水,,な,3,3
垂水区,西舞子,にしまいこ,7丁目,月木,13,火,毎週,金,毎週,水,,な,1,1
垂水区,西舞子,にしまいこ,8丁目,月木,13,火,毎週,金,毎週,水,,な,1,1
垂水区,西舞子,にしまいこ,9丁目,月木,13,火,毎週,金,毎週,水,,な,1,1
垂水区,西脇,にしわき,1丁目,月木,24,金,毎週,水,毎週,水,,な,16,16
垂水区,西脇,にしわき,2丁目,月木,24,金,毎週,水,毎週,水,,な,16,16
垂水区,野田通,のだどおり,,火金,24,月,毎週,水,毎週,水,,な,22,22
垂水区,馬場通,ばばどおり,,火金,24,月,毎週,水,毎週,水,,は,22,22
垂水区,東垂水,ひがしたるみ,1丁目,火金,24,月,毎週,水,毎週,水,,は,22,22
垂水区,東垂水,ひがしたるみ,2丁目,火金,24,月,毎週,水,毎週,水,,は,22,22
垂水区,東垂水,ひがしたるみ,3丁目,火金,24,月,毎週,水,毎週,水,,は,22,22
垂水区,東垂水町,ひがしたるみちょう,東高丸,火金,24,月,毎週,水,毎週,水,,は,22,22
垂水区,東垂水町,ひがしたるみちょう,字菅ノ口,火金,24,月,毎週,水,毎週,水,,は,22,22
垂水区,東垂水町,ひがしたるみちょう,字流田,火金,24,月,毎週,水,毎週,水,,は,22,22
垂水区,東垂水町,ひがしたるみちょう,字高丸,火金,13,月,毎週,木,毎週,水,,は,5,5
垂水区,東舞子町,ひがしまいこちょう,,月木,13,火,毎週,金,毎週,水,,は,1,1
垂水区,日向,ひゅうが,1丁目,火金,24,月,毎週,水,毎週,水,,は,22,22
垂水区,日向,ひゅうが,2丁目,火金,24,月,毎週,水,毎週,水,,は,22,22
垂水区,平磯,ひらいそ,1丁目,月木,13,火,毎週,金,毎週,水,,は,1,1
垂水区,平磯,ひらいそ,2丁目,月木,13,火,毎週,金,毎週,水,,は,1,1
垂水区,平磯,ひらいそ,3丁目,月木,13,火,毎週,金,毎週,水,,は,1,1
垂水区,平磯,ひらいそ,4丁目,月木,13,火,毎週,金,毎週,水,,は,1,1
垂水区,福田,ふくだ,1丁目,火金,24,月,毎週,水,毎週,水,,は,22,22
垂水区,福田,ふくだ,2丁目,火金,24,月,毎週,水,毎週,水,,は,22,22
垂水区,福田,ふくだ,3丁目,火金,24,月,毎週,水,毎週,水,,は,22,22
垂水区,福田,ふくだ,4丁目,火金,24,月,毎週,水,毎週,水,,は,22,22
垂水区,福田,ふくだ,5丁目,火金,24,月,毎週,水,毎週,水,,は,22,22
垂水区,星が丘,ほしがおか,1丁目,月木,13,金,毎週,火,毎週,水,,は,2,2
垂水区,星が丘,ほしがおか,2丁目,月木,13,金,毎週,火,毎週,水,,は,2,2
垂水区,星が丘,ほしがおか,3丁目,月木,13,金,毎週,火,毎週,水,,は,2,2
垂水区,本多聞,ほんたもん,1丁目,月木,24,金,毎週,水,毎週,水,,は,16,16
垂水区,本多聞,ほんたもん,2丁目,月木,24,金,毎週,水,毎週,水,,は,16,16
垂水区,本多聞,ほんたもん,3丁目,月木,24,金,毎週,水,毎週,水,,は,16,16
垂水区,本多聞,ほんたもん,4丁目,月木,24,金,毎週,水,毎週,水,,は,16,16
垂水区,本多聞,ほんたもん,5丁目,月木,24,金,毎週,水,毎週,水,,は,16,16
垂水区,本多聞,ほんたもん,6丁目,月木,24,金,毎週,水,毎週,水,,は,16,16
垂水区,本多聞,ほんたもん,7丁目,月木,24,金,毎週,水,毎週,水,,は,16,16
垂水区,舞子台,まいこだい,1丁目,月木,13,火,毎週,金,毎週,水,,ま,1,1
垂水区,舞子台,まいこだい,2丁目,月木,13,火,毎週,金,毎週,水,,ま,1,1
垂水区,舞子台,まいこだい,3丁目,月木,13,火,毎週,金,毎週,水,,ま,1,1
垂水区,舞子台,まいこだい,4丁目,月木,13,火,毎週,金,毎週,水,,ま,1,1
垂水区,舞子台,まいこだい,5丁目,月木,13,火,毎週,金,毎週,水,,ま,1,1
垂水区,舞子台,まいこだい,6丁目,月木,13,火,毎週,金,毎週,水,,ま,1,1
垂水区,舞子台,まいこだい,7丁目,月木,13,火,毎週,金,毎週,水,,ま,1,1
垂水区,舞子台,まいこだい,8丁目,月木,13,火,毎週,金,毎週,水,,ま,1,1
垂水区,舞子坂,まいこざか,1丁目,月木,24,火,毎週,金,毎週,水,,ま,3,3
垂水区,舞子坂,まいこざか,2丁目,月木,24,火,毎週,金,毎週,水,,ま,3,3
垂水区,舞子坂,まいこざか,3丁目,月木,24,火,毎週,金,毎週,水,,ま,3,3
垂水区,舞子坂,まいこざか,4丁目,月木,24,火,毎週,金,毎週,水,,ま,3,3
垂水区,舞多聞東,まいたもんひがし,1丁目,月木,24,金,毎週,水,毎週,水,,ま,16,16
垂水区,舞多聞東,まいたもんひがし,2丁目,月木,24,金,毎週,水,毎週,水,,ま,16,16
垂水区,舞多聞東,まいたもんひがし,3丁目,月木,24,金,毎週,水,毎週,水,,ま,16,16
垂水区,舞多聞西,まいたもんにし,1丁目,月木,24,金,毎週,水,毎週,水,,ま,16,16
垂水区,舞多聞西,まいたもんにし,2丁目,月木,24,金,毎週,水,毎週,水,,ま,16,16
垂水区,舞多聞西,まいたもんにし,3丁目,月木,24,金,毎週,水,毎週,水,,ま,16,16
垂水区,舞多聞西,まいたもんにし,4丁目,月木,24,金,毎週,水,毎週,水,,ま,16,16
垂水区,舞多聞西,まいたもんにし,5丁目,月木,24,金,毎週,水,毎週,水,,ま,16,16
垂水区,舞多聞西,まいたもんにし,6丁目,月木,24,金,毎週,水,毎週,水,,ま,16,16
垂水区,舞多聞西,まいたもんにし,7丁目,月木,24,金,毎週,水,毎週,水,,ま,16,16
垂水区,舞多聞西,まいたもんにし,8丁目,月木,24,金,毎週,水,毎週,水,,ま,16,16
垂水区,学が丘,まなびがおか,1丁目,月木,24,金,毎週,水,毎週,水,,ま,16,16
垂水区,学が丘,まなびがおか,2丁目,月木,24,金,毎週,水,毎週,水,,ま,16,16
垂水区,学が丘,まなびがおか,3丁目,月木,24,金,毎週,水,毎週,水,,ま,16,16
垂水区,学が丘,まなびがおか,3丁目（ドルミハイツＡ・Ｂ棟、ディオフォルティ学園都市Ｃ棟）,火金,24,金,毎週,水,毎週,水,,ま,45,45
垂水区,学が丘,まなびがおか,4丁目,月木,24,金,毎週,水,毎週,水,,ま,16,16
垂水区,学が丘,まなびがおか,5丁目,月木,24,金,毎週,水,毎週,水,,ま,16,16
垂水区,学が丘,まなびがおか,6丁目,月木,24,金,毎週,水,毎週,水,,ま,16,16
垂水区,学が丘,まなびがおか,7丁目,月木,24,金,毎週,水,毎週,水,,ま,16,16
垂水区,宮本町,みやもとちょう,,月木,13,火,毎週,金,毎週,水,,ま,1,1
垂水区,瑞ケ丘,みずがおか,,火金,24,月,毎週,水,毎週,水,,ま,22,22
垂水区,みずき台,みずきだい,,火金,13,木,毎週,月,毎週,水,,ま,6,6
垂水区,瑞穂通,みずほどおり,,火金,24,月,毎週,水,毎週,水,,ま,22,22
垂水区,美山台,みやまだい,1丁目,火金,24,月,毎週,水,毎週,水,,ま,22,22
垂水区,美山台,みやまだい,2丁目,火金,24,月,毎週,水,毎週,水,,ま,22,22
垂水区,美山台,みやまだい,3丁目,火金,24,月,毎週,水,毎週,水,,ま,22,22
垂水区,南多聞台,みなみたもんどおり,1丁目,月木,24,火,毎週,水,毎週,水,,ま,15,15
垂水区,南多聞台,みなみたもんどおり,2丁目,月木,24,火,毎週,水,毎週,水,,ま,15,15
垂水区,南多聞台,みなみたもんどおり,3丁目,月木,24,火,毎週,水,毎週,水,,ま,15,15
垂水区,南多聞台,みなみたもんどおり,4丁目,月木,24,火,毎週,水,毎週,水,,ま,15,15
垂水区,南多聞台,みなみたもんどおり,5丁目,月木,24,火,毎週,水,毎週,水,,ま,15,15
垂水区,南多聞台,みなみたもんどおり,6丁目,月木,24,火,毎週,水,毎週,水,,ま,15,15
垂水区,南多聞台,みなみたもんどおり,7丁目,月木,24,火,毎週,金,毎週,水,,ま,3,3
垂水区,南多聞台,みなみたもんどおり,8丁目,月木,24,火,毎週,金,毎週,水,,ま,3,3
垂水区,名谷町,みょうだにちょう,丁目なし,火金,13,木,毎週,月,毎週,水,この地域は、同じ町内に「容器包装プラスチック」「燃えないごみ」「カセットボンベ・スプレー缶」の収集日が異なる地域があります。収集日はご利用のクリーンステーション看板でご確認いただくか、環境局垂水事業所（電話：078-783-0333）へお問合せください。,ま,6,6
垂水区,名谷町,みょうだにちょう,権行司前田自治会,火金,24,月,毎週,水,毎週,水,,ま,22,22
垂水区,名谷町,みょうだにちょう,字猿倉（七曲り南側）,火金,24,木,毎週,水,毎週,水,,ま,24,24
垂水区,名谷町,みょうだにちょう,ディアージュ神戸,火金,24,金,毎週,水,毎週,水,,ま,45,45
垂水区,桃山台,ももやまだい,1丁目,火金,13,木,毎週,月,毎週,水,,ま,6,6
垂水区,桃山台,ももやまだい,2丁目,火金,13,木,毎週,月,毎週,水,,ま,6,6
垂水区,桃山台,ももやまだい,3丁目,火金,13,木,毎週,月,毎週,水,,ま,6,6
垂水区,桃山台,ももやまだい,4丁目,火金,13,木,毎週,月,毎週,水,,ま,6,6
垂水区,桃山台,ももやまだい,5丁目,火金,13,木,毎週,月,毎週,水,,ま,6,6
垂水区,桃山台,ももやまだい,6丁目,火金,13,木,毎週,月,毎週,水,,ま,6,6
垂水区,桃山台,ももやまだい,7丁目,火金,13,木,毎週,月,毎週,水,,ま,6,6
垂水区,山手,やまて,1丁目,火金,24,月,毎週,水,毎週,水,,や,22,22
垂水区,山手,やまて,2丁目,火金,24,月,毎週,水,毎週,水,,や,22,22
垂水区,山手,やまて,3丁目,火金,24,月,毎週,水,毎週,水,,や,22,22
垂水区,山手,やまて,4丁目,火金,24,月,毎週,水,毎週,水,,や,22,22
垂水区,山手,やまて,5丁目,火金,24,月,毎週,水,毎週,水,,や,22,22
垂水区,山手,やまて,6丁目,火金,24,月,毎週,水,毎週,水,,や,22,22
垂水区,山手,やまて,7丁目,火金,24,月,毎週,水,毎週,水,,や,22,22
垂水区,山手,やまて,8丁目,火金,24,月,毎週,水,毎週,水,,や,22,22
西区,秋葉台,あきばだい,1丁目,火金,13,月,毎週,水,毎週,水,,あ,17,17
西区,秋葉台,あきばだい,2丁目,火金,13,月,毎週,水,毎週,水,,あ,17,17
西区,秋葉台,あきばだい,3丁目,火金,13,月,毎週,水,毎週,水,,あ,17,17
西区,曙町,あけぼのちょう,,月木,24,火,毎週,水,毎週,水,,あ,15,15
西区,天が岡,あまがおか,,月木,13,木,毎週,火,毎週,水,,あ,28,28
西区,伊川谷町,いかわだにちょう,有瀬,火金,24,木,毎週,月,毎週,水,,あ,8,8
西区,伊川谷町,いかわだにちょう,井吹,火金,24,金,毎週,木,毎週,水,,あ,46,46
西区,伊川谷町,いかわだにちょう,上脇,火金,24,金,毎週,木,毎週,水,,あ,46,46
西区,伊川谷町,いかわだにちょう,小寺,火金,24,金,毎週,木,毎週,水,,あ,46,46
西区,伊川谷町,いかわだにちょう,前開,火金,24,月,毎週,木,毎週,水,,あ,7,7
西区,伊川谷町,いかわだにちょう,潤和,火金,24,木,毎週,月,毎週,水,,あ,8,8
西区,伊川谷町,いかわだにちょう,長坂,火金,24,金,毎週,木,毎週,水,,あ,46,46
西区,伊川谷町,いかわだにちょう,布施畑,火金,24,月,毎週,木,毎週,水,,あ,7,7
西区,伊川谷町,いかわだにちょう,別府,-,-,-,-,-,-,-,この地域は、同じ町内に収集日が異なる地域があるため収集日を表示することができません。収集日はご利用のクリーンステーション看板でご確認いただくか、環境局西事業所（電話：078-961-1414）へお問合せください。,あ,-,-
西区,池上,いけがみ,1丁目,火金,24,金,毎週,木,毎週,水,,あ,46,46
西区,池上,いけがみ,2丁目,火金,24,金,毎週,木,毎週,水,,あ,46,46
西区,池上,いけがみ,3丁目,火金,24,金,毎週,木,毎週,水,,あ,46,46
西区,池上,いけがみ,4丁目,火金,24,金,毎週,木,毎週,水,,あ,46,46
西区,池上,いけがみ,5丁目,火金,24,金,毎週,木,毎週,水,,あ,46,46
西区,井吹台西町,いぶきだいにしまち,1丁目,月木,24,月,毎週,金,毎週,水,,あ,32,32
西区,井吹台西町,いぶきだいにしまち,2丁目,月木,24,月,毎週,金,毎週,水,,あ,32,32
西区,井吹台西町,いぶきだいにしまち,3丁目,月木,24,月,毎週,金,毎週,水,,あ,32,32
西区,井吹台西町,いぶきだいにしまち,4丁目,月木,24,月,毎週,金,毎週,水,,あ,32,32
西区,井吹台西町,いぶきだいにしまち,5丁目,月木,24,月,毎週,金,毎週,水,,あ,32,32
西区,井吹台西町,いぶきだいにしまち,6丁目,月木,24,月,毎週,金,毎週,水,,あ,32,32
西区,井吹台西町,いぶきだいにしまち,8丁目,火金,24,月,毎週,金,毎週,水,,あ,7,7
西区,井吹台東町,いぶきだいひがしまち,1丁目,月木,24,月,毎週,金,毎週,水,,あ,32,32
西区,井吹台東町,いぶきだいひがしまち,2丁目,月木,24,月,毎週,金,毎週,水,,あ,32,32
西区,井吹台東町,いぶきだいひがしまち,3丁目,月木,24,月,毎週,金,毎週,水,,あ,32,32
西区,井吹台東町,いぶきだいひがしまち,4丁目,月木,24,月,毎週,金,毎週,水,,あ,32,32
西区,井吹台東町,いぶきだいひがしまち,5丁目,月木,24,月,毎週,金,毎週,水,,あ,32,32
西区,井吹台東町,いぶきだいひがしまち,6丁目,月木,24,月,毎週,金,毎週,水,,あ,32,32
西区,井吹台東町,いぶきだいひがしまち,7丁目,月木,24,月,毎週,金,毎週,水,,あ,32,32
西区,井吹台北町,いぶきだいきたまち,1丁目,月木,24,月,毎週,金,毎週,水,注意！敷地内に貯留機等を設置している集合住宅は収集日が異なる場合があります。収集日はご利用のクリーンステーション看板でご確認いただくか、環境局西事業所（電話：078-961-1414）へお問合せください。,あ,32,32
西区,井吹台北町,いぶきだいきたまち,2丁目,月木,24,月,毎週,金,毎週,水,注意！敷地内に貯留機等を設置している集合住宅は収集日が異なる場合があります。収集日はご利用のクリーンステーション看板でご確認いただくか、環境局西事業所（電話：078-961-1414）へお問合せください。,あ,32,32
西区,井吹台北町,いぶきだいきたまち,3丁目,月木,24,月,毎週,金,毎週,水,注意！敷地内に貯留機等を設置している集合住宅は収集日が異なる場合があります。収集日はご利用のクリーンステーション看板でご確認いただくか、環境局西事業所（電話：078-961-1414）へお問合せください。,あ,32,32
西区,井吹台北町,いぶきだいきたまち,4丁目,月木,24,月,毎週,金,毎週,水,注意！敷地内に貯留機等を設置している集合住宅は収集日が異なる場合があります。収集日はご利用のクリーンステーション看板でご確認いただくか、環境局西事業所（電話：078-961-1414）へお問合せください。,あ,32,32
西区,井吹台北町,いぶきだいきたまち,5丁目,月木,24,月,毎週,金,毎週,水,注意！敷地内に貯留機等を設置している集合住宅は収集日が異なる場合があります。収集日はご利用のクリーンステーション看板でご確認いただくか、環境局西事業所（電話：078-961-1414）へお問合せください。,あ,32,32
西区,今寺,いまでら,,火金,24,木,毎週,月,毎週,水,,あ,8,8
西区,岩岡町,いわおかちょう,岩岡,月木,13,火,毎週,水,毎週,水,,あ,10,10
西区,岩岡町,いわおかちょう,印路,月木,13,火,毎週,水,毎週,水,,あ,10,10
西区,岩岡町,いわおかちょう,西脇,月木,13,火,毎週,水,毎週,水,,あ,10,10
西区,岩岡町,いわおかちょう,野中,月木,13,火,毎週,水,毎週,水,,あ,10,10
西区,岩岡町,いわおかちょう,古郷,月木,13,火,毎週,水,毎週,水,,あ,10,10
西区,枝吉,えだよし,1丁目,月木,24,火,毎週,水,毎週,水,,あ,15,15
西区,枝吉,えだよし,2丁目,月木,24,火,毎週,水,毎週,水,,あ,15,15
西区,枝吉,えだよし,3丁目,月木,24,火,毎週,水,毎週,水,,あ,15,15
西区,枝吉,えだよし,4丁目,月木,24,火,毎週,水,毎週,水,,あ,15,15
西区,枝吉,えだよし,5丁目,月木,24,火,毎週,水,毎週,水,,あ,15,15
西区,王塚台,おうつかだい,1丁目,月木,24,火,毎週,水,毎週,水,,あ,15,15
西区,王塚台,おうつかだい,2丁目,月木,24,火,毎週,水,毎週,水,,あ,15,15
西区,王塚台,おうつかだい,3丁目,月木,24,火,毎週,水,毎週,水,,あ,15,15
西区,王塚台,おうつかだい,4丁目,月木,24,火,毎週,水,毎週,水,,あ,15,15
西区,王塚台,おうつかだい,5丁目,月木,24,火,毎週,水,毎週,水,,あ,15,15
西区,王塚台,おうつかだい,6丁目,月木,24,火,毎週,水,毎週,水,,あ,15,15
西区,王塚台,おうつかだい,7丁目,月木,24,火,毎週,水,毎週,水,,あ,15,15
西区,大沢,おおさわ,1丁目,月木,13,火,毎週,水,毎週,水,注意！敷地内にコンテナ等を設置している集合住宅は収集日が異なる場合があります。収集日はご利用のクリーンステーション看板でご確認いただくか、環境局西事業所（電話：078-961-1414）へお問合せください。,あ,10,10
西区,大沢,おおさわ,2丁目,月木,13,火,毎週,水,毎週,水,,あ,10,10
西区,大津和,おおつわ,1丁目,火金,24,金,毎週,木,毎週,水,,あ,46,46
西区,大津和,おおつわ,2丁目,火金,24,金,毎週,木,毎週,水,,あ,46,46
西区,大津和,おおつわ,3丁目,火金,24,金,毎週,木,毎週,水,,あ,46,46
西区,押部谷町,おしべだにちょう,押部,火金,13,月,毎週,水,毎週,水,,あ,17,17
西区,押部谷町,おしべだにちょう,木津,火金,13,月,毎週,水,毎週,水,,あ,17,17
西区,押部谷町,おしべだにちょう,近江,火金,13,月,毎週,水,毎週,水,,あ,17,17
西区,押部谷町,おしべだにちょう,木見,火金,13,月,毎週,水,毎週,水,,あ,17,17
西区,押部谷町,おしべだにちょう,木幡,火金,13,月,毎週,水,毎週,水,,あ,17,17
西区,押部谷町,おしべだにちょう,細田,火金,13,月,毎週,水,毎週,水,,あ,17,17
西区,押部谷町,おしべだにちょう,栄,火金,13,月,毎週,水,毎週,水,,あ,17,17
西区,押部谷町,おしべだにちょう,高和,火金,13,月,毎週,水,毎週,水,,あ,17,17
西区,押部谷町,おしべだにちょう,西盛,火金,13,月,毎週,水,毎週,水,,あ,17,17
西区,押部谷町,おしべだにちょう,福住,火金,13,月,毎週,水,毎週,水,,あ,17,17
西区,押部谷町,おしべだにちょう,養田,火金,13,月,毎週,水,毎週,水,,あ,17,17
西区,押部谷町,おしべだにちょう,和田,火金,13,月,毎週,水,毎週,水,,あ,17,17
西区,学園西町,がくえんにしまち,1丁目,火金,24,金,毎週,木,毎週,水,,か,46,46
西区,学園西町,がくえんにしまち,2丁目,火金,24,金,毎週,木,毎週,水,,か,46,46
西区,学園西町,がくえんにしまち,3丁目,火金,24,金,毎週,木,毎週,水,,か,46,46
西区,学園西町,がくえんにしまち,4丁目,火金,24,金,毎週,木,毎週,水,,か,46,46
西区,学園西町,がくえんにしまち,5丁目,火金,24,金,毎週,木,毎週,水,,か,46,46
西区,学園西町,がくえんにしまち,6丁目,火金,24,金,毎週,木,毎週,水,,か,46,46
西区,学園西町,がくえんにしまち,7丁目,火金,24,金,毎週,木,毎週,水,,か,46,46
西区,学園西町,がくえんにしまち,8丁目,火金,24,金,毎週,木,毎週,水,,か,46,46
西区,学園東町,がくえんひがしまち,1丁目,火金,24,金,毎週,木,毎週,水,,か,46,46
西区,学園東町,がくえんひがしまち,2丁目,火金,24,金,毎週,木,毎週,水,,か,46,46
西区,学園東町,がくえんひがしまち,3丁目,火金,24,金,毎週,木,毎週,水,,か,46,46
西区,学園東町,がくえんひがしまち,4丁目,火金,24,金,毎週,木,毎週,水,,か,46,46
西区,学園東町,がくえんひがしまち,5丁目,火金,24,金,毎週,木,毎週,水,,か,46,46
西区,学園東町,がくえんひがしまち,6丁目,火金,24,金,毎週,木,毎週,水,,か,46,46
西区,学園東町,がくえんひがしまち,7丁目,火金,24,金,毎週,木,毎週,水,,か,46,46
西区,学園東町,がくえんひがしまち,8丁目,火金,24,金,毎週,木,毎週,水,,か,46,46
西区,学園東町,がくえんひがしまち,9丁目,火金,24,金,毎週,木,毎週,水,,か,46,46
西区,樫野台,かしのだい,1丁目,月木,13,金,毎週,火,毎週,水,,か,2,2
西区,樫野台,かしのだい,2丁目,月木,13,金,毎週,火,毎週,水,,か,2,2
西区,樫野台,かしのだい,3丁目,月木,13,金,毎週,火,毎週,水,,か,2,2
西区,樫野台,かしのだい,4丁目,月木,13,金,毎週,火,毎週,水,,か,2,2
西区,樫野台,かしのだい,5丁目,月木,13,金,毎週,火,毎週,水,,か,2,2
西区,樫野台,かしのだい,6丁目,月木,13,金,毎週,火,毎週,水,,か,2,2
西区,春日台,かすがだい,1丁目,月木,13,金,毎週,火,毎週,水,,か,2,2
西区,春日台,かすがだい,2丁目,月木,13,金,毎週,火,毎週,水,,か,2,2
西区,春日台,かすがだい,3丁目,月木,13,金,毎週,火,毎週,水,,か,2,2
西区,春日台,かすがだい,4丁目,月木,13,金,毎週,火,毎週,水,,か,2,2
西区,春日台,かすがだい,5丁目,月木,13,金,毎週,火,毎週,水,,か,2,2
西区,春日台,かすがだい,6丁目,月木,13,金,毎週,火,毎週,水,,か,2,2
西区,春日台,かすがだい,7丁目,月木,13,金,毎週,火,毎週,水,,か,2,2
西区,春日台,かすがだい,8丁目,月木,13,金,毎週,火,毎週,水,,か,2,2
西区,春日台,かすがだい,9丁目,月木,13,金,毎週,火,毎週,水,,か,2,2
西区,上新地,かみしんち,1丁目,月木,13,火,毎週,水,毎週,水,,か,10,10
西区,上新地,かみしんち,2丁目,月木,13,火,毎週,水,毎週,水,,か,10,10
西区,上新地,かみしんち,3丁目,月木,13,火,毎週,水,毎週,水,,か,10,10
西区,神出町,かんでちょう,五百蔵,火金,13,火,毎週,水,毎週,水,,か,35,35
西区,神出町,かんでちょう,池田,火金,13,火,毎週,水,毎週,水,,か,35,35
西区,神出町,かんでちょう,北,火金,13,火,毎週,水,毎週,水,,か,35,35
西区,神出町,かんでちょう,古神,火金,13,火,毎週,水,毎週,水,,か,35,35
西区,神出町,かんでちょう,小束野,火金,13,火,毎週,水,毎週,水,,か,35,35
西区,神出町,かんでちょう,田井,火金,13,火,毎週,水,毎週,水,,か,35,35
西区,神出町,かんでちょう,東,火金,13,火,毎週,水,毎週,水,,か,35,35
西区,神出町,かんでちょう,広谷,火金,13,火,毎週,水,毎週,水,,か,35,35
西区,神出町,かんでちょう,宝勢,火金,13,火,毎週,水,毎週,水,,か,35,35
西区,神出町,かんでちょう,南,火金,13,火,毎週,水,毎週,水,,か,35,35
西区,神出町,かんでちょう,紫合,火金,13,火,毎週,水,毎週,水,,か,35,35
西区,神出町,かんでちょう,勝成,火金,13,火,毎週,水,毎週,水,,か,35,35
西区,狩場台,かりばだい,1丁目,月木,13,木,毎週,金,毎週,水,,か,30,30
西区,狩場台,かりばだい,2丁目,月木,13,木,毎週,金,毎週,水,,か,30,30
西区,狩場台,かりばだい,3丁目,月木,13,木,毎週,金,毎週,水,,か,30,30
西区,狩場台,かりばだい,4丁目,月木,13,木,毎週,金,毎週,水,,か,30,30
西区,狩場台,かりばだい,5丁目,月木,13,木,毎週,金,毎週,水,,か,30,30
西区,北別府,きたべふ,1丁目,火金,24,木,毎週,木,毎週,水,,か,25,25
西区,北別府,きたべふ,2丁目,火金,24,木,毎週,木,毎週,水,,か,25,25
西区,北別府,きたべふ,3丁目,火金,24,木,毎週,木,毎週,水,,か,25,25
西区,北別府,きたべふ,4丁目,火金,24,木,毎週,木,毎週,水,,か,25,25
西区,北別府,きたべふ,5丁目,火金,24,木,毎週,木,毎週,水,,か,25,25
西区,北山台,きたやまだい,1丁目,火金,13,月,毎週,水,毎週,水,,か,17,17
西区,北山台,きたやまだい,2丁目,火金,13,月,毎週,水,毎週,水,,か,17,17
西区,北山台,きたやまだい,3丁目,火金,13,月,毎週,水,毎週,水,,か,17,17
西区,糀台,こうじだい,1丁目,月木,13,木,毎週,金,毎週,水,,か,30,30
西区,糀台,こうじだい,2丁目,月木,13,木,毎週,金,毎週,水,,か,30,30
西区,糀台,こうじだい,3丁目,月木,13,木,毎週,金,毎週,水,,か,30,30
西区,糀台,こうじだい,4丁目,月木,13,木,毎週,金,毎週,水,,か,30,30
西区,糀台,こうじだい,5丁目,月木,13,木,毎週,金,毎週,水,,か,30,30
西区,糀台,こうじだい,6丁目,月木,13,木,毎週,金,毎週,水,,か,30,30
西区,小山,こやま,1丁目,月木,13,木,毎週,火,毎週,水,,か,28,28
西区,小山,こやま,2丁目,月木,13,木,毎週,火,毎週,水,,か,28,28
西区,小山,こやま,3丁目,月木,13,木,毎週,火,毎週,水,,か,28,28
西区,桜が丘中町,さくらがおかなかまち,1丁目,火金,13,月,毎週,水,毎週,水,,か,17,17
西区,桜が丘中町,さくらがおかなかまち,2丁目,火金,13,月,毎週,水,毎週,水,,さ,17,17
西区,桜が丘中町,さくらがおかなかまち,3丁目,火金,13,月,毎週,水,毎週,水,,さ,17,17
西区,桜が丘中町,さくらがおかなかまち,4丁目,火金,13,月,毎週,水,毎週,水,,さ,17,17
西区,桜が丘中町,さくらがおかなかまち,5丁目,火金,13,月,毎週,水,毎週,水,,さ,17,17
西区,桜が丘中町,さくらがおかなかまち,6丁目,火金,13,月,毎週,水,毎週,水,,さ,17,17
西区,桜が丘西町,さくらがおかにしまち,1丁目,火金,13,月,毎週,水,毎週,水,,さ,17,17
西区,桜が丘西町,さくらがおかにしまち,2丁目,火金,13,月,毎週,水,毎週,水,,さ,17,17
西区,桜が丘西町,さくらがおかにしまち,3丁目,火金,13,月,毎週,水,毎週,水,,さ,17,17
西区,桜が丘西町,さくらがおかにしまち,4丁目,火金,13,月,毎週,水,毎週,水,,さ,17,17
西区,桜が丘西町,さくらがおかにしまち,5丁目,火金,13,月,毎週,水,毎週,水,,さ,17,17
西区,桜が丘西町,さくらがおかにしまち,6丁目,火金,13,月,毎週,水,毎週,水,,さ,17,17
西区,桜が丘東町,さくらがおかひがしまち,1丁目,火金,13,月,毎週,水,毎週,水,,さ,17,17
西区,桜が丘東町,さくらがおかひがしまち,2丁目,火金,13,月,毎週,水,毎週,水,,さ,17,17
西区,桜が丘東町,さくらがおかひがしまち,3丁目,火金,13,月,毎週,水,毎週,水,,さ,17,17
西区,桜が丘東町,さくらがおかひがしまち,4丁目,火金,13,月,毎週,水,毎週,水,,さ,17,17
西区,桜が丘東町,さくらがおかひがしまち,5丁目,火金,13,月,毎週,水,毎週,水,,さ,17,17
西区,桜が丘東町,さくらがおかひがしまち,6丁目,火金,13,月,毎週,水,毎週,水,,さ,17,17
西区,白水,しらみず,1丁目,火金,24,木,毎週,木,毎週,水,,さ,25,25
西区,白水,しらみず,2丁目,火金,24,木,毎週,木,毎週,水,,さ,25,25
西区,白水,しらみず,3丁目,火金,24,木,毎週,木,毎週,水,,さ,25,25
西区,前開南町,ぜんかいみなみまち,1丁目,火金,24,月,毎週,木,毎週,水,,さ,7,7
西区,前開南町,ぜんかいみなみまち,2丁目,火金,24,月,毎週,木,毎週,水,,さ,7,7
西区,高雄台,たかおだい,丁目なし,火金,13,火,毎週,水,毎週,水,,さ,35,35
西区,竹の台,たけのだい,1丁目,月木,13,金,毎週,金,毎週,水,,た,13,13
西区,竹の台,たけのだい,2丁目,月木,13,金,毎週,金,毎週,水,,た,13,13
西区,竹の台,たけのだい,3丁目,月木,13,金,毎週,金,毎週,水,,た,13,13
西区,竹の台,たけのだい,4丁目,月木,13,金,毎週,金,毎週,水,,た,13,13
西区,竹の台,たけのだい,5丁目,月木,13,金,毎週,金,毎週,水,,た,13,13
西区,竹の台,たけのだい,6丁目,月木,13,金,毎週,金,毎週,水,注意！敷地内貯留機等を設置している集合住宅は収集日が異なる場合があります。収集日はご利用のクリーンステーション看板でご確認いただくか、環境局西事業所（電話：078-961-1414）へお問合せください。,た,13,13
西区,玉津町,たまつちょう,居住,月木,13,木,毎週,火,毎週,水,,た,28,28
西区,玉津町,たまつちょう,今津,火金,24,火,毎週,木,毎週,水,,た,42,42
西区,玉津町,たまつちょう,上池,月木,24,木,毎週,水,毎週,水,,た,34,34
西区,玉津町,たまつちょう,高津橋,火金,24,火,毎週,木,毎週,水,,た,42,42
西区,玉津町,たまつちょう,小山,月木,13,木,毎週,火,毎週,水,,た,28,28
西区,玉津町,たまつちょう,新方,-,-,-,-,-,-,-,この地域は、同じ町内に収集日が異なる地域があるため収集日を表示することができません。収集日はご利用のクリーンステーション看板でご確認いただくか、環境局西事業所（電話：078-961-1414）へお問合せください。,た,-,-
西区,玉津町,たまつちょう,田中,月木,13,木,毎週,火,毎週,水,,た,28,28
西区,玉津町,たまつちょう,出合,月木,24,火,毎週,火,毎週,水,,た,14,14
西区,玉津町,たまつちょう,西河原,-,-,-,-,-,-,-,この地域は、同じ町内に収集日が異なる地域があるため収集日を表示することができません。収集日はご利用のクリーンステーション看板でご確認いただくか、環境局西事業所（電話：078-961-1414）へお問合せください。,た,-,-
西区,玉津町,たまつちょう,二ツ屋,月木,13,木,毎週,火,毎週,水,,た,28,28
西区,玉津町,たまつちょう,水谷,火金,24,火,毎週,木,毎週,水,,た,42,42
西区,玉津町,たまつちょう,吉田,月木,24,火,毎週,水,毎週,水,,た,15,15
西区,月が丘,つきがおか,1丁目,火金,13,月,毎週,水,毎週,水,,た,17,17
西区,月が丘,つきがおか,2丁目,火金,13,月,毎週,水,毎週,水,,た,17,17
西区,月が丘,つきがおか,3丁目,火金,13,月,毎週,水,毎週,水,,た,17,17
西区,月が丘,つきがおか,4丁目,火金,13,月,毎週,水,毎週,水,,た,17,17
西区,月が丘,つきがおか,5丁目,火金,13,月,毎週,水,毎週,水,,た,17,17
西区,月が丘,つきがおか,6丁目,火金,13,月,毎週,水,毎週,水,,た,17,17
西区,月が丘,つきがおか,7丁目,火金,13,月,毎週,水,毎週,水,,た,17,17
西区,天王山,てんのうざん,,火金,24,木,毎週,木,毎週,水,,た,25,25
西区,中野,なかの,1丁目,月木,24,火,毎週,水,毎週,水,,な,15,15
西区,中野,なかの,2丁目,月木,24,火,毎週,水,毎週,水,,な,15,15
西区,長畑町,ながはたちょう,,月木,13,木,毎週,火,毎週,水,,な,28,28
西区,櫨谷町,はせたにちょう,池谷,月木,13,木,毎週,火,毎週,水,,は,28,28
西区,櫨谷町,はせたにちょう,菅野,月木,13,木,毎週,火,毎週,水,,は,28,28
西区,櫨谷町,はせたにちょう,谷口,月木,13,木,毎週,火,毎週,水,,は,28,28
西区,櫨谷町,はせたにちょう,寺谷,月木,13,木,毎週,火,毎週,水,,は,28,28
西区,櫨谷町,はせたにちょう,栃木,月木,13,木,毎週,火,毎週,水,,は,28,28
西区,櫨谷町,はせたにちょう,友清,月木,13,木,毎週,火,毎週,水,,は,28,28
西区,櫨谷町,はせたにちょう,長谷,月木,13,木,毎週,火,毎週,水,,は,28,28
西区,櫨谷町,はせたにちょう,福谷,月木,13,木,毎週,火,毎週,水,,は,28,28
西区,櫨谷町,はせたにちょう,松本,月木,13,木,毎週,火,毎週,水,,は,28,28
西区,平野町,ひらのちょう,印路,月木,13,火,毎週,水,毎週,水,,は,10,10
西区,平野町,ひらのちょう,大野,月木,13,火,毎週,水,毎週,水,,は,10,10
西区,平野町,ひらのちょう,大畑,月木,13,火,毎週,水,毎週,水,,は,10,10
西区,平野町,ひらのちょう,堅田,月木,13,火,毎週,水,毎週,水,,は,10,10
西区,平野町,ひらのちょう,黒田,月木,13,火,毎週,水,毎週,水,,は,10,10
西区,平野町,ひらのちょう,慶明,月木,13,火,毎週,水,毎週,水,,は,10,10
西区,平野町,ひらのちょう,繁田,月木,13,火,毎週,水,毎週,水,,は,10,10
西区,平野町,ひらのちょう,芝崎,月木,13,火,毎週,水,毎週,水,,は,10,10
西区,平野町,ひらのちょう,下村,月木,13,火,毎週,水,毎週,水,,は,10,10
西区,平野町,ひらのちょう,常本,月木,13,火,毎週,水,毎週,水,,は,10,10
西区,平野町,ひらのちょう,中津,月木,13,火,毎週,水,毎週,水,,は,10,10
西区,平野町,ひらのちょう,西戸田,月木,13,火,毎週,水,毎週,水,,は,10,10
西区,平野町,ひらのちょう,福中,月木,13,火,毎週,水,毎週,水,,は,10,10
西区,平野町,ひらのちょう,宮前,月木,13,火,毎週,水,毎週,水,,は,10,10
西区,平野町,ひらのちょう,向井,月木,13,火,毎週,水,毎週,水,,は,10,10
西区,福吉台,ふくよしだい,1丁目,月木,13,火,毎週,水,毎週,水,注意！敷地内にコンテナ等を設置している集合住宅は収集日が異なる場合があります。収集日はご利用のクリーンステーション看板でご確認いただくか、環境局西事業所（電話：078-961-1414）へお問合せください。,は,10,10
西区,福吉台,ふくよしだい,2丁目,月木,13,火,毎週,水,毎週,水,,は,10,10
西区,富士見が丘,ふじみがおか,1丁目,火金,13,月,毎週,水,毎週,水,,は,17,17
西区,富士見が丘,ふじみがおか,2丁目,火金,13,月,毎週,水,毎週,水,,は,17,17
西区,富士見が丘,ふじみがおか,3丁目,火金,13,月,毎週,水,毎週,水,,は,17,17
西区,富士見が丘,ふじみがおか,4丁目,火金,13,月,毎週,水,毎週,水,,は,17,17
西区,富士見が丘,ふじみがおか,5丁目,火金,13,月,毎週,水,毎週,水,,は,17,17
西区,二ツ屋,ふたつや,1丁目,月木,13,木,毎週,火,毎週,水,,は,28,28
西区,二ツ屋,ふたつや,2丁目,月木,13,木,毎週,火,毎週,水,,は,28,28
西区,丸塚,まるづか,1丁目,月木,13,木,毎週,火,毎週,水,,ま,28,28
西区,丸塚,まるづか,2丁目,月木,13,木,毎週,火,毎週,水,,ま,28,28
西区,美賀多台,みかただい,1丁目,月木,13,金,毎週,金,毎週,水,,ま,13,13
西区,美賀多台,みかただい,2丁目,月木,13,金,毎週,金,毎週,水,,ま,13,13
西区,美賀多台,みかただい,3丁目,月木,13,金,毎週,金,毎週,水,,ま,13,13
西区,美賀多台,みかただい,4丁目,月木,13,金,毎週,金,毎週,水,,ま,13,13
西区,美賀多台,みかただい,5丁目,月木,13,金,毎週,金,毎週,水,,ま,13,13
西区,美賀多台,みかただい,6丁目,月木,13,金,毎週,金,毎週,水,,ま,13,13
西区,美賀多台,みかただい,7丁目,月木,13,金,毎週,金,毎週,水,,ま,13,13
西区,美賀多台,みかただい,8丁目,月木,13,金,毎週,金,毎週,水,,ま,13,13
西区,美賀多台,みかただい,9丁目,月木,13,金,毎週,金,毎週,水,,ま,13,13
西区,水谷,みたに,1丁目,火金,24,火,毎週,木,毎週,水,,ま,42,42
西区,水谷,みたに,2丁目,火金,24,火,毎週,木,毎週,水,,ま,42,42
西区,水谷,みたに,3丁目,火金,24,火,毎週,木,毎週,水,,ま,42,42
西区,南別府,みなみべふ,1丁目,火金,24,木,毎週,月,毎週,水,,ま,8,8
西区,南別府,みなみべふ,2丁目,火金,24,木,毎週,月,毎週,水,,ま,8,8
西区,南別府,みなみべふ,3丁目,火金,24,木,毎週,月,毎週,水,,ま,8,8
西区,南別府,みなみべふ,4丁目,火金,24,木,毎週,月,毎週,水,,ま,8,8
西区,南別府,みなみべふ,5丁目,火金,24,木,毎週,月,毎週,水,,ま,8,8
西区,美穂が丘,みほがおか,1丁目,火金,13,月,毎週,水,毎週,水,,ま,17,17
西区,美穂が丘,みほがおか,2丁目,火金,13,月,毎週,水,毎週,水,,ま,17,17
西区,美穂が丘,みほがおか,3丁目,火金,13,月,毎週,水,毎週,水,,ま,17,17
西区,美穂が丘,みほがおか,4丁目,火金,13,月,毎週,水,毎週,水,,ま,17,17
西区,美穂が丘,みほがおか,5丁目,火金,13,月,毎週,水,毎週,水,,ま,17,17
西区,宮下,みやした,1丁目,月木,13,木,毎週,火,毎週,水,,ま,28,28
西区,宮下,みやした,2丁目,月木,13,木,毎週,火,毎週,水,,ま,28,28
西区,宮下,みやした,3丁目,月木,13,木,毎週,火,毎週,水,,ま,28,28
西区,持子,もちこ,1丁目,月木,24,火,毎週,水,毎週,水,,ま,15,15
西区,持子,もちこ,2丁目,月木,24,火,毎週,水,毎週,水,,ま,15,15
西区,持子,もちこ,3丁目,月木,24,火,毎週,水,毎週,水,,ま,15,15
西区,森友,もりとも,1丁目,月木,24,火,毎週,水,毎週,水,,ま,15,15
西区,森友,もりとも,2丁目,月木,24,火,毎週,水,毎週,水,,ま,15,15
西区,森友,もりとも,3丁目,月木,24,火,毎週,水,毎週,水,,ま,15,15
西区,森友,もりとも,4丁目,月木,24,火,毎週,水,毎週,水,,ま,15,15
西区,森友,もりとも,5丁目,月木,24,火,毎週,水,毎週,水,,ま,15,15
西区,竜が岡,りゅうがおか,1丁目,月木,13,火,毎週,水,毎週,水,,ら,10,10
西区,竜が岡,りゅうがおか,2丁目,月木,13,火,毎週,水,毎週,水,,ら,10,10
西区,竜が岡,りゅうがおか,3丁目,月木,13,火,毎週,水,毎週,水,,ら,10,10
西区,竜が岡,りゅうがおか,4丁目,月木,13,火,毎週,水,毎週,水,注意！敷地内にコンテナ等を設置している集合住宅は収集日が異なる場合があります。収集日はご利用のクリーンステーション看板でご確認いただくか、環境局西事業所（電話：078-961-1414）へお問合せください。,ら,10,10
西区,竜が岡,りゅうがおか,5丁目,月木,13,火,毎週,水,毎週,水,,ら,10,10
西区,和井取,わいどり,,火金,24,木,毎週,木,毎週,水,,わ,25,25
