地区名1,地区名2,地区名3,地区名4,地区名5,備考,雑ごみ,普通ごみ_収集時間要問合せ,普通ごみ_午前,普通ごみ_午後,普通ごみ_8:30~10:30,普通ごみ_9:00~11:00,普通ごみ_9:30~11:30,普通ごみ_10:00~12:00,普通ごみ_10:30~12:30,普通ごみ_11:00~13:00,普通ごみ_11:30~13:30,普通ごみ_12:00~14:00,普通ごみ_12:30~14:30,普通ごみ_13:00~15:00,普通ごみ_13:30~15:30,普通ごみ_14:00~16:00,普通ごみ_14:30~16:30,資源ごみ_収集時間要問合せ,資源ごみ_午前,資源ごみ_午後,資源ごみ_8:30~10:30,資源ごみ_9:00~11:00,資源ごみ_9:30~11:30,資源ごみ_10:00~12:00,資源ごみ_10:30~12:30,資源ごみ_11:00~13:00,資源ごみ_11:30~13:30,資源ごみ_12:00~14:00,資源ごみ_12:30~14:30,資源ごみ_13:00~15:00,資源ごみ_13:30~15:30,資源ごみ_14:00~16:00,資源ごみ_14:30~16:30,プラスチック資源_収集時間要問合せ,プラスチック資源_午前,プラスチック資源_午後,プラスチック資源_8:30~10:30,プラスチック資源_9:00~11:00,プラスチック資源_9:30~11:30,プラスチック資源_10:00~12:00,プラスチック資源_10:30~12:30,プラスチック資源_11:00~13:00,プラスチック資源_11:30~13:30,プラスチック資源_12:00~14:00,プラスチック資源_12:30~14:30,プラスチック資源_13:00~15:00,プラスチック資源_13:30~15:30,プラスチック資源_14:00~16:00,プラスチック資源_14:30~16:30,古紙衣類_収集時間要問合せ,古紙衣類_午前,古紙衣類_午後,古紙衣類_8:30~10:30,古紙衣類_9:00~11:00,古紙衣類_9:30~11:30,古紙衣類_10:00~12:00,古紙衣類_10:30~12:30,古紙衣類_11:00~13:00,古紙衣類_11:30~13:30,古紙衣類_12:00~14:00,古紙衣類_12:30~14:30,古紙衣類_13:00~15:00,古紙衣類_13:30~15:30,古紙衣類_14:00~16:00,古紙衣類_14:30~16:30
阿倍野区,相生通,1丁目,1番,軽四輪車(小さい車)で収集している地域,,,,,,,,,,,,,,,,,水土,,,,,月,,,,,,,,,,,,,,,,木,,,,,,,,,,,,,,,木,,,,,,,,,,,,,
阿倍野区,相生通,1丁目,1番,上記以外,,,,,,,,,,,,,,,水土,,,,,,,月,,,,,,,,,,,,,,,,木,,,,,,,,,,,,,,,木,,,,,,,,,,,,,
阿倍野区,相生通,1丁目,2番,軽四輪車(小さい車)で収集している地域,,,,,,,,,,,,,,,,,水土,,,,,月,,,,,,,,,,,,,,,,木,,,,,,,,,,,,,,,木,,,,,,,,,,,,,
阿倍野区,相生通,1丁目,2番,上記以外,,,,,,,,,,,,,,,水土,,,,,,,月,,,,,,,,,,,,,,,,木,,,,,,,,,,,,,,,木,,,,,,,,,,,,,
阿倍野区,相生通,1丁目,3番,軽四輪車(小さい車)で収集している地域,,,,,,,,,,,,,,,,,水土,,,,,月,,,,,,,,,,,,,,,,木,,,,,,,,,,,,,,,木,,,,,,,,,,,,,
阿倍野区,相生通,1丁目,3番,上記以外,,,,,,,,,,,,,,,,水土,,,,,,月,,,,,,,,,,,,,,,,木,,,,,,,,,,,,,,,木,,,,,,,,,,,,,
阿倍野区,相生通,1丁目,4番,軽四輪車(小さい車)で収集している地域,,,,,,,,,,,,,,,水土,,,,,,,月,,,,,,,,,,,,,,,,木,,,,,,,,,,,,,,,木,,,,,,,,,,,,,
阿倍野区,相生通,1丁目,4番,上記以外,,,,,,,,,,水土,,,,,,,,,,,,月,,,,,,,,,,,,,,,,木,,,,,,,,,,,,,,木,,,,,,,,,,,,,,
阿倍野区,相生通,1丁目,5番,アパガーデンコート北畠,,,,,,,,,,水土,,,,,,,,,,,,月,,,,,,,,,,,,,,,,木,,,,,,,,,,,,,,木,,,,,,,,,,,,,,
阿倍野区,相生通,1丁目,5番,上記以外,,,,,,,,,,,,,,,水土,,,,,,,月,,,,,,,,,,,,,,,,木,,,,,,,,,,,,,,木,,,,,,,,,,,,,,
阿倍野区,相生通,1丁目,6番,軽四輪車(小さい車)で収集している地域,,,,,,,,水土,,,,,,,,,,,,,,月,,,,,,,,,,,,,,,,木,,,,,,,,,,,,,,,木,,,,,,,,,,,,,
阿倍野区,相生通,1丁目,6番,上記以外,,,,,,,,,,,,,,,水土,,,,,,,月,,,,,,,,,,,,,,,,木,,,,,,,,,,,,,,木,,,,,,,,,,,,,,
阿倍野区,相生通,1丁目,7番,軽四輪車(小さい車)で収集している地域,,,,,,,,,,水土,,,,,,,,,,,,月,,,,,,,,,,,,,,,,木,,,,,,,,,,,,,,,木,,,,,,,,,,,,,
阿倍野区,相生通,1丁目,7番,上記以外,,,,,,,,,,,,,,,水土,,,,,,,月,,,,,,,,,,,,,,,,木,,,,,,,,,,,,,,木,,,,,,,,,,,,,,
阿倍野区,相生通,1丁目,8番,軽四輪車(小さい車)で収集している地域,,,,,,,,水土,,,,,,,,,,,,,,月,,,,,,,,,,,,,,,,木,,,,,,,,,,,,,,,木,,,,,,,,,,,,,
阿倍野区,相生通,1丁目,8番,上記以外,,,,,,,,,,,,,,,水土,,,,,,,月,,,,,,,,,,,,,,,,木,,,,,,,,,,,,,,木,,,,,,,,,,,,,,
阿倍野区,相生通,1丁目,9番,,,,,,,,,,,,,,,,水土,,,,,,,月,,,,,,,,,,,,,,,,木,,,,,,,,,,,,,,木,,,,,,,,,,,,,,
阿倍野区,相生通,1丁目,10番,,,,,,,,,,,,,,,,水土,,,,,,,月,,,,,,,,,,,,,,,,木,,,,,,,,,,,,,,木,,,,,,,,,,,,,,
阿倍野区,相生通,1丁目,11番,,,,,,,,,,,,,,,,水土,,,,,,,月,,,,,,,,,,,,,,,,木,,,,,,,,,,,,,,木,,,,,,,,,,,,,,
阿倍野区,相生通,1丁目,12番,,,,,,,,,,,,,,,,水土,,,,,,,月,,,,,,,,,,,,,,,,木,,,,,,,,,,,,,,木,,,,,,,,,,,,,,
阿倍野区,相生通,1丁目,13番,,,,,,,,,,,,,,,,水土,,,,,,,月,,,,,,,,,,,,,,,,木,,,,,,,,,,,,,,木,,,,,,,,,,,,,,
阿倍野区,相生通,1丁目,14番,,,,,,,,,,,,,,,,水土,,,,,,,月,,,,,,,,,,,,,,,,木,,,,,,,,,,,,,,木,,,,,,,,,,,,,,
阿倍野区,相生通,1丁目,15番,,,,,,,,,,,,,,,,水土,,,,,,,月,,,,,,,,,,,,,,,,木,,,,,,,,,,,,,,木,,,,,,,,,,,,,,
阿倍野区,相生通,2丁目,1番,15~20号,,,,,,,,,水土,,,,,,,,,,,,,月,,,,,,,,,,,,,,,,木,,,,,,,,,,,,,,,,,,,,,,,,,木,,,
阿倍野区,相生通,2丁目,1番,上記以外,,,,,,,,,,,,,,,,,水土,,,,,月,,,,,,,,,,,,,,,,木,,,,,,,,,,,,,,,,,,,,,,,,,木,,,
阿倍野区,相生通,2丁目,2番,軽四輪車(小さい車)で収集している地域,,,,,,,,,水土,,,,,,,,,,,,,月,,,,,,,,,,,,,,,,木,,,,,,,,,,,,,,,,,,,,,,,,,木,,,
阿倍野区,相生通,2丁目,2番,25~28号,,,,,,,,,,,,,,,,,水土,,,,,月,,,,,,,,,,,,,,,,木,,,,,,,,,,,,,,,,,,,,,,,,,木,,,
阿倍野区,相生通,2丁目,2番,上記以外,,,,,,,,,,,,,,,水土,,,,,,,月,,,,,,,,,,,,,,,,木,,,,,,,,,,,,,,,,,,,,,,,,,木,,,
阿倍野区,相生通,2丁目,3番,,,,,,,,,,,,,,,,水土,,,,,,,月,,,,,,,,,,,,,,,,木,,,,,,,,,,,,,,,,,,,,,,,,,木,,,
阿倍野区,相生通,2丁目,4番,2~19･32号,,,,,,,,,,,,,,,水土,,,,,,,月,,,,,,,,,,,,,,,,木,,,,,,,,,,,,,,,,,,,,,,,,,木,,,
阿倍野区,相生通,2丁目,4番,上記以外,,,,,,,,,,,,,,,,,水土,,,,,月,,,,,,,,,,,,,,,,木,,,,,,,,,,,,,,,,,,,,,,,,,木,,,
阿倍野区,相生通,2丁目,5番,14~25号,,,,,,,,,,,,,,,水土,,,,,,,月,,,,,,,,,,,,,,,,木,,,,,,,,,,,,,,,,,,,,,,,,,木,,,
阿倍野区,相生通,2丁目,5番,上記以外,,,,,,,,,,,,,,,,,水土,,,,,月,,,,,,,,,,,,,,,,木,,,,,,,,,,,,,,,,,,,,,,,,,木,,,
阿倍野区,相生通,2丁目,6番,,,,,,,,,,,,,,,,水土,,,,,,,月,,,,,,,,,,,,,,,,木,,,,,,,,,,,,,,,,,,,木,,,,,,,,,
阿倍野区,相生通,2丁目,7番,31~39号,,,,,,,,,,,,,,,水土,,,,,,,月,,,,,,,,,,,,,,,,木,,,,,,,,,,,,,,,,,,,,,,,,,木,,,
阿倍野区,相生通,2丁目,7番,上記以外,,,,,,,,,水土,,,,,,,,,,,,,月,,,,,,,,,,,,,,,,木,,,,,,,,,,,,,,,,,,,木,,,,,,,,,
阿倍野区,相生通,2丁目,8番,軽四輪車(小さい車)で収集している地域,,,,,,,,,,,,,,,水土,,,,,,,月,,,,,,,,,,,,,,,,木,,,,,,,,,,,,,,,,,,,,,,,,,木,,,
阿倍野区,相生通,2丁目,8番,上記以外,,,,,,,,,,,,,,,水土,,,,,,,月,,,,,,,,,,,,,,,,木,,,,,,,,,,,,,,,,,,,木,,,,,,,,,
阿倍野区,相生通,2丁目,9番,,,,,,,,,,,,,,,,水土,,,,,,,月,,,,,,,,,,,,,,,,木,,,,,,,,,,,,,,,,,,,木,,,,,,,,,
阿倍野区,相生通,2丁目,10番,,,,,,,,,,,,,,,,水土,,,,,,,月,,,,,,,,,,,,,,,,木,,,,,,,,,,,,,,,,,,,木,,,,,,,,,
阿倍野区,相生通,2丁目,11番,,,,,,,,,,,,,,,,水土,,,,,,,月,,,,,,,,,,,,,,,,木,,,,,,,,,,,,,,,,,,,木,,,,,,,,,
阿倍野区,相生通,2丁目,12番,軽四輪車(小さい車)で収集している地域,,,,,,,,,,,,,,,,,水土,,,,,月,,,,,,,,,,,,,,,,木,,,,,,,,,,,,,,,,,,,,,,,,,木,,,
阿倍野区,相生通,2丁目,12番,12･13号,,,,,,,,,,,,,,,水土,,,,,,,月,,,,,,,,,,,,,,,,木,,,,,,,,,,,,,,,,,,,木,,,,,,,,,
阿倍野区,相生通,2丁目,13番,軽四輪車(小さい車)で収集している地域,,,,,,,,,水土,,,,,,,,,,,,,,,,,,,,,月,,,,,,,,,,,,,,,,,木,,,,,,,,,,,,,,,,木,,,
阿倍野区,相生通,2丁目,13番,上記以外,,,,,,,,,,,,,,,水土,,,,,,,,,,,,,,,月,,,,,,,,,,,,,,,,木,,,,,,,,,,,木,,,,,,,,,
阿倍野区,相生通,2丁目,14番,軽四輪車(小さい車)で収集している地域,,,,,,,,,水土,,,,,,,,,,,,,,,,,,,,,月,,,,,,,,,,,,,,,,,木,,,,,,,,,,,,,,木,,,,,
阿倍野区,相生通,2丁目,14番,上記以外,,,,,,,,,,,,,,,水土,,,,,,,,,,,,,,,月,,,,,,,,,,,,,,,木,,,,,,,,,,,,木,,,,,,,,,
阿倍野区,相生通,2丁目,15番,軽四輪車(小さい車)で収集している地域,,,,,,,,,,,水土,,,,,,,,,,,,,,,,,,,月,,,,,,,,,,,,,,,,,木,,,,,,,,,,,,,,木,,,,,
阿倍野区,相生通,2丁目,15番,上記以外,,,,,,,,,,,,,,,水土,,,,,,,,,,,,,,,月,,,,,,,,,,,,,,,,木,,,,,,,,,,,木,,,,,,,,,
阿倍野区,旭町,1丁目,1番,,,,,,,月木,,,,,,,,,,,,,,,,,,,,,,,,火,,,,,,,,,,,,,,,,金,,,,,,,,,,,,,,,,,金,,,
阿倍野区,旭町,1丁目,2番,あべのメディックス,,,,,,,,,,,,,,,,,火金,,,,,火,,,,,,,,,,,,,,,,金,,,,,,,,,,,,,,,,,,,,,,,,,水,,,
阿倍野区,旭町,1丁目,3番,,,,,,,,,,,,,,,,月木,,,,,,,火,,,,,,,,,,,,,,,,金,,,,,,,,,,,,,,,,,,,,,,,,,,水,,
阿倍野区,旭町,1丁目,4番,,,,,,,,,,,,,,,,,月木,,,,,,火,,,,,,,,,,,,,,,,金,,,,,,,,,,,,,,,,,,,,,,,,,水,,,
阿倍野区,旭町,1丁目,5番,,,,,,,,,,,,,,,,,月木,,,,,,火,,,,,,,,,,,,,,,,金,,,,,,,,,,,,,,,,,,,,,,,,,水,,,
阿倍野区,旭町,1丁目,6番,CIコーポ,,,,,,火金,,,,,,,,,,,,,,,,火,,,,,,,,,,,,,,,,金,,,,,,,,,,,,,,,,,,,,,,,,,,水,,
阿倍野区,旭町,1丁目,6番,市営第1住宅,,,,,,,,,,,,,,,,,火金,,,,,火,,,,,,,,,,,,,,,,金,,,,,,,,,,,,,,,,,,,,,,,,,,水,,
阿倍野区,旭町,1丁目,6番,上記以外,,,,,,火金,,,,,,,,,,,,,,,,火,,,,,,,,,,,,,,,,金,,,,,,,,,,,,,,,,,,,,,,,,,水,,,
阿倍野区,旭町,2丁目,1番,マルシェ,,,,,,,,,,,,,,,,火金,,,,,,火,,,,,,,,,,,,,,,,金,,,,,,,,,,,,,,,,,,,,,,,,,,水,,
阿倍野区,旭町,2丁目,1番,パンセ,,,,,,,,,,,,,,,,,火金,,,,,火,,,,,,,,,,,,,,,,金,,,,,,,,,,,,,,,,,,,,,,,,,,水,,
阿倍野区,旭町,2丁目,1番,ポンテ,,,,,,,,,,,,,,,,,火金,,,,,火,,,,,,,,,,,,,,,,金,,,,,,,,,,,,,,,,,,,,,,,,,,水,,
阿倍野区,旭町,2丁目,2番,セレサ,,,,,,,,,,,,,,,,,,火金,,,,火,,,,,,,,,,,,,,,,金,,,,,,,,,,,,,,,,,,,,,,,,,,水,,
阿倍野区,旭町,3丁目,1番,あべのセントレーベ,,,,,,,火金,,,,,,,,,,,,,,,火,,,,,,,,,,,,,,,,金,,,,,,,,,,,,,,,,,,,,,,,,,,火,,
阿倍野区,旭町,3丁目,1番,あべのステラ,,,,,,,火金,,,,,,,,,,,,,,,火,,,,,,,,,,,,,,,,金,,,,,,,,,,,,,,,,,,,,,,,,,,火,,
阿倍野区,旭町,3丁目,2番,パークタワーあべのグランエア,,,,,,,,,,,,,火金,,,,,,,,,火,,,,,,,,,,,,,,,,金,,,,,,,,,,,,,,火,,,,,,,,,,,,,,
阿倍野区,旭町,3丁目,2番,あべのシャルム,,,,,,,,,,,,,火金,,,,,,,,,火,,,,,,,,,,,,,,,,金,,,,,,,,,,,,,,,,,,,,,,,,,,火,,
阿倍野区,旭町,3丁目,3番,あべのドルチェ,,,,,,火金,,,,,,,,,,,,,,,,火,,,,,,,,,,,,,,,,金,,,,,,,,,,,,,,,,,,,,,,,,,,火,,
阿倍野区,旭町,3丁目,4番,あべのラポア,,,,,,火金,,,,,,,,,,,,,,,,火,,,,,,,,,,,,,,,,金,,,,,,,,,,,,,,,,,,,,,,,,,,火,,
阿倍野区,旭町,3丁目,4番,あべのピアレ,,,,,,火金,,,,,,,,,,,,,,,,火,,,,,,,,,,,,,,,,金,,,,,,,,,,,,,,,,,,,,,,,,,,火,,
阿倍野区,阿倍野筋,1丁目,1番,,,,,,,,,,月木,,,,,,,,,,,,,,,,,,,,,,,火,,,,,,,,,,,,,,,,金,,,,,,,,,,,,,,,金,,,
阿倍野区,阿倍野筋,1丁目,2番,,,,,,,,,,月木,,,,,,,,,,,,,,,,,,,,,,,火,,,,,,,,,,,,,,,,金,,,,,,,,,,,,,,,,金,,
阿倍野区,阿倍野筋,1丁目,3番,,,,,,,,月木,,,,,,,,,,,,,,,,,,,,,,,,,火,,,,,,,,,,,,,,,,金,,,,,,,,,,,,,,,金,,,
阿倍野区,阿倍野筋,1丁目,4番,,,,,,,,月木,,,,,,,,,,,,,,,,,,,,,,,,,火,,,,,,,,,,,,,,,,金,,,,,,,,,,,,,,,金,,,
阿倍野区,阿倍野筋,1丁目,5番,あべのNINI,,,,,,火金,,,,,,,,,,,,,,,,火,,,,,,,,,,,,,,,,金,,,,,,,,,,,,,,,,水,,,,,,,,,,,,
阿倍野区,阿倍野筋,1丁目,6番,,,,,,,,,,月木,,,,,,,,,,,,,火,,,,,,,,,,,,,,,,金,,,,,,,,,,,,,,,,,,,,,,,,,土,,,
阿倍野区,阿倍野筋,1丁目,7番,あべのグラントゥール,,,,,,,,月木,,,,,,,,,,,,,,火,,,,,,,,,,,,,,,,金,,,,,,,,,,,,,,,,水,,,,,,,,,,,,
阿倍野区,阿倍野筋,1丁目,7番,上記以外,,,,,,,,,月木,,,,,,,,,,,,,火,,,,,,,,,,,,,,,,金,,,,,,,,,,,,,,,,,,水,,,,,,,,,,
阿倍野区,阿倍野筋,2丁目,1番,,,,,,,,,,月木,,,,,,,,,,,,,,,,,,,,,,,火,,,,,,,,,,,,,,,,金,,,,,,,,,,,,,,,,金,,
阿倍野区,阿倍野筋,2丁目,2番,,,,,,,,,月木,,,,,,,,,,,,,,,,,,,,,,,,火,,,,,,,,,,,,,,,,金,,,,,,,,,,,,,,,,,,金
阿倍野区,阿倍野筋,2丁目,3番,,,,,,,,,月木,,,,,,,,,,,,,,,,,,,,,,,,火,,,,,,,,,,,,,,,,金,,,,,,,,,,,,,,,,,,金
阿倍野区,阿倍野筋,2丁目,4番,20~34号,,,,,,,月木,,,,,,,,,,,,,,,,,,,,,,,,,火,,,,,,,,,,,,,,,,金,,,,,,,,,,,,,,,,,金,
阿倍野区,阿倍野筋,2丁目,4番,上記以外,,,,,,,,月木,,,,,,,,,,,,,,,,,,,,,,,,火,,,,,,,,,,,,,,,,金,,,,,,,,,,,,,,,,,金,
阿倍野区,阿倍野筋,2丁目,5番,,,,,,,,,月木,,,,,,,,,,,,,,,,,,,,,,,,火,,,,,,,,,,,,,,,,金,,,,,,,,,,,,,,,,金,,
阿倍野区,阿倍野筋,3丁目,1番,,,,,,,,,月木,,,,,,,,,,,,,,,,,,,,,,,,火,,,,,,,,,,,,,,,,金,,,,,,,,,,,,,,,,,,金
阿倍野区,阿倍野筋,3丁目,2番,,,,,,,,,月木,,,,,,,,,,,,,,,,,,,,,,,,火,,,,,,,,,,,,,,,,金,,,,,,,,,,,,,,,,,,金
阿倍野区,阿倍野筋,3丁目,3番,,,,,,,,,,月木,,,,,,,,,,,,,,,,,,,,,,,火,,,,,,,,,,,,,,,,金,,,,,,,,,,,,,,金,,,,
阿倍野区,阿倍野筋,3丁目,4番,,,,,,,,,月木,,,,,,,,,,,,,,,,,,,,,,,,火,,,,,,,,,,,,,,,,金,,,,,,,,,,,,,,金,,,,
阿倍野区,阿倍野筋,3丁目,5番,,,,,,,,,月木,,,,,,,,,,,,,,,,,,,,,,,,火,,,,,,,,,,,,,,,,金,,,,,,,,,,,,,,,金,,,
阿倍野区,阿倍野筋,3丁目,6番,,,,,,,,,月木,,,,,,,,,,,,,,,,,,,,,,,,火,,,,,,,,,,,,,,,,金,,,,,,,,,,,,,,金,,,,
阿倍野区,阿倍野筋,3丁目,7番,,,,,,,,,月木,,,,,,,,,,,,,,,,,,,,,,,,火,,,,,,,,,,,,,,,,金,,,,,,,,,,,,,,,金,,,
阿倍野区,阿倍野筋,3丁目,8番,,,,,,,,,,月木,,,,,,,,,,,,,,,,,,,,,,,火,,,,,,,,,,,,,,,,金,,,,,,,,,,,,,,,金,,,
阿倍野区,阿倍野筋,3丁目,9番,軽四輪車(小さい車)で収集している地域,,,,,,,,月木,,,,,,,,,,,,,,,,,,,,,,,,火,,,,,,,,,,,,,,,,金,,,,,,,,,,,,,,,金,,,
阿倍野区,阿倍野筋,3丁目,9番,上記以外,,,,,,,,,,,,,,,月木,,,,,,,,,,,,,,,,,火,,,,,,,,,,,,,,,,金,,,,,,,,,,,,,,,,,金,
阿倍野区,阿倍野筋,3丁目,10番,ベルタ,,,,,,,,,,,,,月木,,,,,,,,,火,,,,,,,,,,,,,,,,金,,,,,,,,,,,,,,,,,,,,,,,,,,火,,
阿倍野区,阿倍野筋,3丁目,12番,ベレーザ,,,,,,,,,,,,,火金,,,,,,,,,火,,,,,,,,,,,,,,,,金,,,,,,,,,,,,,,,,,,,,,,,,,,火,,
阿倍野区,阿倍野筋,3丁目,12番,クオレ,,,,,,,,,,,,,火金,,,,,,,,,火,,,,,,,,,,,,,,,,金,,,,,,,,,,,,,,,,,,,,,,,,,,火,,
阿倍野区,阿倍野筋,4丁目,1番,軽四輪車(小さい車)で収集している地域,,,,,,,,,,,,,,,月木,,,,,,,火,,,,,,,,,,,,,,,,金,,,,,,,,,,,,,,,,,,,,,,,,,,,火,
阿倍野区,阿倍野筋,4丁目,2番,,,,,,,,,,,,,,,,月木,,,,,,,,,,,,,,,火,,,,,,,,,,,,,,,,金,,,,,,火,,,,,,,,,,,,,,
阿倍野区,阿倍野筋,4丁目,3番,,,,,,,,,,,,,,,,月木,,,,,,,,,,,,,,,火,,,,,,,,,,,,,,,,金,,,,,,,火,,,,,,,,,,,,,
阿倍野区,阿倍野筋,4丁目,4番,軽四輪車(小さい車)で収集している地域,,,,,,,,,,,,,,,月木,,,,,,,火,,,,,,,,,,,,,,,,金,,,,,,,,,,,,,,,火,,,,,,,,,,,,,
阿倍野区,阿倍野筋,4丁目,4番,上記以外,,,,,,,,,,,,,,,,,月木,,,,,,,,,,,,,火,,,,,,,,,,,,,,,,金,,,,,,,火,,,,,,,,,,,,,
阿倍野区,阿倍野筋,4丁目,5番,軽四輪車(小さい車)で収集している地域,,,,,,,,,,,,,,,月木,,,,,,,,火,,,,,,,,,,,,,,,,金,,,,,,,,,,,,,,火,,,,,,,,,,,,,
阿倍野区,阿倍野筋,4丁目,5番,上記以外,,,,,,,,,,,,,,,月木,,,,,,,,,,,,,,,火,,,,,,,,,,,,,,,,金,,,,,,火,,,,,,,,,,,,,,
阿倍野区,阿倍野筋,4丁目,6番,,,,,,,,,,,,,,,,月木,,,,,,,,火,,,,,,,,,,,,,,,,金,,,,,,,,,,,,,,火,,,,,,,,,,,,,
阿倍野区,阿倍野筋,4丁目,7番,,,,,,,,,,,,,,,,月木,,,,,,,火,,,,,,,,,,,,,,,,金,,,,,,,,,,,,,,,火,,,,,,,,,,,,,
阿倍野区,阿倍野筋,4丁目,8番,,,,,,,,,,,,,,,,月木,,,,,,,,火,,,,,,,,,,,,,,,,金,,,,,,,,,,,,,火,,,,,,,,,,,,,,
阿倍野区,阿倍野筋,4丁目,9番,,,,,,,,,,,,,,,,月木,,,,,,,火,,,,,,,,,,,,,,,,金,,,,,,,,,,,,,,,火,,,,,,,,,,,,,
阿倍野区,阿倍野筋,4丁目,10番,軽四輪車(小さい車)で収集している地域,,,,,,月木,,,,,,,,,,,,,,,,火,,,,,,,,,,,,,,,,金,,,,,,,,,,,,,,,火,,,,,,,,,,,,,
阿倍野区,阿倍野筋,4丁目,10番,上記以外,,,,,,,,,,,,,,,月木,,,,,,,,,,,,,,,火,,,,,,,,,,,,,,,,金,,,,,,火,,,,,,,,,,,,,,
阿倍野区,阿倍野筋,4丁目,11番,軽四輪車(小さい車)で収集している地域,,,,,,月木,,,,,,,,,,,,,,,,火,,,,,,,,,,,,,,,,金,,,,,,,,,,,,,,,火,,,,,,,,,,,,,
阿倍野区,阿倍野筋,4丁目,11番,上記以外,,,,,,,,,,,,,,,,,月木,,,,,,,,,,,,,火,,,,,,,,,,,,,,,,金,,,,,,,火,,,,,,,,,,,,,
阿倍野区,阿倍野筋,4丁目,12番,軽四輪車(小さい車)で収集している地域,,,,,,月木,,,,,,,,,,,,,,,,火,,,,,,,,,,,,,,,,金,,,,,,,,,,,,,,,火,,,,,,,,,,,,,
阿倍野区,阿倍野筋,4丁目,12番,上記以外,,,,,,,,,,,,,,,,,月木,,,,,,,,,,,,,火,,,,,,,,,,,,,,,,金,,,,,,火,,,,,,,,,,,,,,
阿倍野区,阿倍野筋,4丁目,13番,,,,,,,月木,,,,,,,,,,,,,,,,火,,,,,,,,,,,,,,,,金,,,,,,,,,,,,,,,火,,,,,,,,,,,,,
阿倍野区,阿倍野筋,4丁目,14番,,,,,,,,,,,,,,,月木,,,,,,,,,火,,,,,,,,,,,,,,,,金,,,,,,,,,,,,,火,,,,,,,,,,,,,,
阿倍野区,阿倍野筋,4丁目,15番,,,,,,,,,,,,,,,,月木,,,,,,,,火,,,,,,,,,,,,,,,,金,,,,,,,,,,,,,,火,,,,,,,,,,,,,
阿倍野区,阿倍野筋,4丁目,16番,,,,,,,,,,,,,,,,,月木,,,,,,火,,,,,,,,,,,,,,,,金,,,,,,,,,,,,,,,火,,,,,,,,,,,,,
阿倍野区,阿倍野筋,4丁目,17番,,,,,,,月木,,,,,,,,,,,,,,,,火,,,,,,,,,,,,,,,,金,,,,,,,,,,,,,,,火,,,,,,,,,,,,,
阿倍野区,阿倍野筋,4丁目,18番,,,,,,,,,,,,,,,月木,,,,,,,,,,,,,,,,,火,,,,,,,,,,,,,,,,金,,,,,火,,,,,,,,,,,,,,
阿倍野区,阿倍野筋,4丁目,20番,軽四輪車(小さい車)で収集している地域,,,,,,,,,,,,,,月木,,,,,,,,,,,,,,,,火,,,,,,,,,,,,,,,,金,,,,,,,火,,,,,,,,,,,,,
阿倍野区,阿倍野筋,4丁目,20番,上記以外,,,,,,,,,,,,,,月木,,,,,,,,,,,,,,,,火,,,,,,,,,,,,,,,,金,,,,,,火,,,,,,,,,,,,,,
阿倍野区,阿倍野筋,4丁目,21番,,,,,,,,,,,,,,,月木,,,,,,,,,,,,,,,,火,,,,,,,,,,,,,,,,金,,,,,,火,,,,,,,,,,,,,,
阿倍野区,阿倍野筋,4丁目,22番,,,,,,,,,,,,,,,月木,,,,,,,,,,,,,,,,火,,,,,,,,,,,,,,,,金,,,,,,火,,,,,,,,,,,,,,
阿倍野区,阿倍野筋,4丁目,23番,軽四輪車(小さい車)で収集している地域,,,,,,,,,,,,,,月木,,,,,,,,,,,,,,,,火,,,,,,,,,,,,,,,,金,,,,,,,火,,,,,,,,,,,,,
阿倍野区,阿倍野筋,4丁目,23番,上記以外,,,,,,,,,,,,,,月木,,,,,,,,,,,,,,,,火,,,,,,,,,,,,,,,,金,,,,,,火,,,,,,,,,,,,,,
阿倍野区,阿倍野筋,4丁目,24番,軽四輪車(小さい車)で収集している地域,,,,,,月木,,,,,,,,,,,,,,,,,,,,,,,,火,,,,,,,,,,,,,,,,金,,,,,,,火,,,,,,,,,,,,,
阿倍野区,阿倍野筋,4丁目,24番,上記以外,,,,,,,,,,,,,,,月木,,,,,,,,,,,,,,,火,,,,,,,,,,,,,,,,,金,,,,,火,,,,,,,,,,,,,,
阿倍野区,阿倍野筋,5丁目,1番,,,,,,,,,,,,,,,,,月木,,,,,,,,,,,,,,,,,火,,,,,,,,,,,,,,金,,,,,,火,,,,,,,,,,,,,
阿倍野区,阿倍野筋,5丁目,2番,南側道路,,,,,,,月木,,,,,,,,,,,,,,,火,,,,,,,,,,,,,,,,金,,,,,,,,,,,,,,火,,,,,,,,,,,,,,
阿倍野区,阿倍野筋,5丁目,2番,北側道路,,,,,,,,,,,,,,月木,,,,,,,,火,,,,,,,,,,,,,,,,金,,,,,,,,,,,,,,火,,,,,,,,,,,,,,
阿倍野区,阿倍野筋,5丁目,3番,軽四輪車(小さい車)で収集している地域,,,,,,月木,,,,,,,,,,,,,,,,,,,,,,,,,,,火,,,,,,,,,,,,,,金,,,,,,火,,,,,,,,,,,,,
阿倍野区,阿倍野筋,5丁目,3番,上記以外,,,,,,,,,,,,,,,月木,,,,,,,,,,,,,,,,火,,,,,,,,,,,,,,,金,,,,,,火,,,,,,,,,,,,,,
阿倍野区,阿倍野筋,5丁目,4番,軽四輪車(小さい車)で収集している地域,,,,,,,,,,,,,,,月木,,,,,,,火,,,,,,,,,,,,,,,,金,,,,,,,,,,,,,,,火,,,,,,,,,,,,,
阿倍野区,阿倍野筋,5丁目,4番,上記以外,,,,,,,,,,,,,,,,,,月木,,,,,,,,,,,,,火,,,,,,,,,,,,,,,金,,,,,,火,,,,,,,,,,,,,,
阿倍野区,阿倍野筋,5丁目,5番,軽四輪車(小さい車)で収集している地域,,,,,,,,,,,,,,,月木,,,,,,,火,,,,,,,,,,,,,,,,金,,,,,,,,,,,,,,,火,,,,,,,,,,,,,
阿倍野区,阿倍野筋,5丁目,5番,上記以外,,,,,,,,,,,月木,,,,,,,,,,,,,,,,,,,火,,,,,,,,,,,,,,,,金,,,,,,火,,,,,,,,,,,,,,
阿倍野区,阿倍野筋,5丁目,6番,軽四輪車(小さい車)で収集している地域,,,,,,,,,,,,,,,月木,,,,,,,火,,,,,,,,,,,,,,,,金,,,,,,,,,,,,,,,火,,,,,,,,,,,,,
阿倍野区,阿倍野筋,5丁目,6番,上記以外,,,,,,,,,,,月木,,,,,,,,,,,,,,,,,,,火,,,,,,,,,,,,,,,,金,,,,,,火,,,,,,,,,,,,,,
阿倍野区,阿倍野筋,5丁目,7番,軽四輪車(小さい車)で収集している地域,,,,,,,,,,,,,,,月木,,,,,,,火,,,,,,,,,,,,,,,,金,,,,,,,,,,,,,,,火,,,,,,,,,,,,,
阿倍野区,阿倍野筋,5丁目,7番,上記以外,,,,,,,,,,,月木,,,,,,,,,,,,,,,,,,,火,,,,,,,,,,,,,,,,金,,,,,,火,,,,,,,,,,,,,,
阿倍野区,阿倍野筋,5丁目,8番,2~17号,,,,,,,,,,,月木,,,,,,,,,,,火,,,,,,,,,,,,,,,,金,,,,,,,,,,,,,,火,,,,,,,,,,,,,,
阿倍野区,阿倍野筋,5丁目,8番,軽四輪車(小さい車)で収集している地域,,,,,,,,,,,,,,,月木,,,,,,,火,,,,,,,,,,,,,,,,金,,,,,,,,,,,,,,,火,,,,,,,,,,,,,
阿倍野区,阿倍野筋,5丁目,8番,上記以外,,,,,,,,,,,,,,,月木,,,,,,,,,,,,,,,火,,,,,,,,,,,,,,,,金,,,,,,火,,,,,,,,,,,,,,
阿倍野区,阿倍野筋,5丁目,9番,,,,,,,,,,,,,,,,月木,,,,,,,,,,,,,,火,,,,,,,,,,,,,,,,,金,,,,,,火,,,,,,,,,,,,,,
阿倍野区,阿倍野筋,5丁目,10番,,,,,,,,,月木,,,,,,,,,,,,,,,,,,,,,,火,,,,,,,,,,,,,,,,金,,,,,,火,,,,,,,,,,,,,,
阿倍野区,阿倍野筋,5丁目,11番,,,,,,,月木,,,,,,,,,,,,,,,,,,,,,,,,火,,,,,,,,,,,,,,,,金,,,,,,火,,,,,,,,,,,,,,
阿倍野区,阿倍野筋,5丁目,12番,,,,,,,月木,,,,,,,,,,,,,,,,,,,,,,,,火,,,,,,,,,,,,,,,,金,,,,,,火,,,,,,,,,,,,,,
阿倍野区,阿倍野筋,5丁目,13番,,,,,,,,,,,,,,,,,,,月木,,,,,,,,,,,,火,,,,,,,,,,,,,,,,金,,,,,,火,,,,,,,,,,,,,,
阿倍野区,阿倍野元町,1番,,,,,,,,,,,,,,,,,月木,,,,,,,,,,,,,,,火,,,,,,,,,,,,,,,,金,,,,,,火,,,,,,,,,,,,,,
阿倍野区,阿倍野元町,2番,,,,,,,,,,,,,月木,,,,,,,,,,,,,,,,,,,火,,,,,,,,,,,,,,,,金,,,,,,,,,,,,,,,,,火,,,
阿倍野区,阿倍野元町,3番,プレイス阿倍野元町,,,,,,,,,,,,,,,,火金,,,,,,,,,,,,,,,,,,月,,,,,,,,,,,,,,,,木,,,,,,,,,,,,,,木,,,
阿倍野区,阿倍野元町,3番,上記以外,,,,,,,,,,,,火金,,,,,,,,,,,,,,,,,,,,,,月,,,,,,,,,,,,,,,,木,,,,,,,,,,,,,,木,,,
阿倍野区,阿倍野元町,4番,プロパレス北畠グラシオッソ,,,,,,,,,,,,,,,,火金,,,,,,,,,,,,,,,,,,月,,,,,,,,,,,,,,,,木,,,,,,,,,,,,,,木,,,
阿倍野区,阿倍野元町,4番,上記以外,,,,,,,,,,,,火金,,,,,,,,,,,,,,,,,,,,,,月,,,,,,,,,,,,,,,,木,,,,,,,,,,,,,,木,,,
阿倍野区,阿倍野元町,5番,3~9号,,,,,,,,,,,,,,,,,火金,,,,,,,,,,,,,,,,,月,,,,,,,,,,,,,,,,木,,,,,,,,,,,,,,木,,,
阿倍野区,阿倍野元町,5番,上記以外,,,,,,,,,,,,火金,,,,,,,,,,,,,,,,,,,,,,月,,,,,,,,,,,,,,,,木,,,,,,,,,,,,,,木,,,
阿倍野区,阿倍野元町,6番,,,,,,,,,,,,,火金,,,,,,,,,,,,,,,,,,,,,,月,,,,,,,,,,,,,,,,木,,,,,,,,,,,,,,木,,,
阿倍野区,阿倍野元町,7番,軽四輪車(小さい車)で収集している地域,,,,,,,火金,,,,,,,,,,,,,,,,,,,,,,,,,,,月,,,,,,,,,,,,,,,,木,,,,,,,,,,,,,,木,,,
阿倍野区,阿倍野元町,7番,上記以外,,,,,,,,,,,,火金,,,,,,,,,,,,,,,,,,,,,,月,,,,,,,,,,,,,,,,木,,,,,,,,,,,,,,木,,,
阿倍野区,阿倍野元町,8番,1~5号,,,,,,,,,,,,,,,,,火金,,,,,,,,,,,,,,,,,月,,,,,,,,,,,,,,,,木,,,,,,,,,,,,,,木,,,
阿倍野区,阿倍野元町,8番,上記以外,,,,,,,,,,,,火金,,,,,,,,,,,,,,,,,,,,,,月,,,,,,,,,,,,,,,,木,,,,,,,,,,,,,,木,,,
阿倍野区,阿倍野元町,9番,軽四輪車(小さい車)で収集している地域,,,,,,,火金,,,,,,,,,,,,,,,,,,,,,,,,,,,月,,,,,,,,,,,,,,,,木,,,,,,,,,,,,,,木,,,
阿倍野区,阿倍野元町,9番,阿倍野筋沿い,,,,,,,,,,,,,,,,,火金,,,,,,,,,,,,,,,,,月,,,,,,,,,,,,,,,,木,,,,,,,,,,,,,,木,,,
阿倍野区,阿倍野元町,9番,上記以外,,,,,,,,,,,,火金,,,,,,,,,,,,,,,,,,,,,,月,,,,,,,,,,,,,,,,木,,,,,,,,,,,,,,木,,,
阿倍野区,阿倍野元町,10番,軽四輪車(小さい車)で収集している地域,,,,,,,火金,,,,,,,,,,,,,,,,,,,,,,,,,,,月,,,,,,,,,,,,,,,,木,,,,,,,,,,,,,,木,,,
阿倍野区,阿倍野元町,10番,上記以外,,,,,,,,,,,,火金,,,,,,,,,,,,,,,,,,,,,,月,,,,,,,,,,,,,,,,木,,,,,,,,,,,,,,木,,,
阿倍野区,阿倍野元町,11番,,,,,,,,,,,,,火金,,,,,,,,,,,,,,,,,,,,,,月,,,,,,,,,,,,,,,,木,,,,,,,,,,,,,,木,,,
阿倍野区,阿倍野元町,12番,軽四輪車(小さい車)で収集している地域,,,,,,,,,,,,火金,,,,,,,,,,,,,,,,,,,月,,,,,,,,,,,,,,,,,,,木,,,,,,,,,,,,,,木,,,
阿倍野区,阿倍野元町,12番,上記以外,,,,,,,,,,,,火金,,,,,,,,,,,,,,,,,,,,,,月,,,,,,,,,,,,,,,,木,,,,,,,,,,,,,,木,,,
阿倍野区,阿倍野元町,13番,阿倍野筋沿い,,,,,,,,,,,,,,,,,火金,,,,,,,,,,,,,,月,,,,,,,,,,,,,,,,,,,木,,,,,,,,,,,,,,木,,,
阿倍野区,阿倍野元町,13番,上記以外,,,,,,,,,,,,火金,,,,,,,,,,,,,,,,,,,,,,月,,,,,,,,,,,,,,,,木,,,,,,,,,,,,,,木,,,
阿倍野区,阿倍野元町,14番,11~19号,,,,,,,,,,,,,,,,,火金,,,,,,,,,,,,,,,,,月,,,,,,,,,,,,,,,,木,,,,,,,,,,,,,,木,,,
阿倍野区,阿倍野元町,14番,阿倍野筋沿い,,,,,,,,,,,,,,,,,火金,,,,,,,,,,,,,,,,,月,,,,,,,,,,,,,,,,木,,,,,,,,,,,,,,木,,,
阿倍野区,阿倍野元町,14番,軽四輪車(小さい車)で収集している地域,,,,,,,,,,,,火金,,,,,,,,,,,,,,,,,,,月,,,,,,,,,,,,,,,,,,,木,,,,,,,,,,,,,,木,,,
阿倍野区,阿倍野元町,14番,上記以外,,,,,,,,,,,,火金,,,,,,,,,,,,,,,,,,,,,,月,,,,,,,,,,,,,,,,木,,,,,,,,,,,,,,木,,,
阿倍野区,阿倍野元町,15番,12~16号,,,,,,,,,,,,,,,,火金,,,,,,,,,,,,,,,,,,月,,,,,,,,,,,,,,,,木,,,,,,,,,,,,,,木,,,
阿倍野区,阿倍野元町,15番,ステイツ北畠,,,,,,,,,,,,,,,,火金,,,,,,,,,,,,,,,,,,月,,,,,,,,,,,,,,,,木,,,,,,,,,,,,,,木,,,
阿倍野区,阿倍野元町,15番,軽四輪車(小さい車)で収集している地域,,,,,,,,,,,,火金,,,,,,,,,,,,,,,,,,,月,,,,,,,,,,,,,,,,,,,木,,,,,,,,,,,,,,木,,,
阿倍野区,阿倍野元町,15番,上記以外,,,,,,,,,,,,火金,,,,,,,,,,,,,,,,,,,,,,月,,,,,,,,,,,,,,,,木,,,,,,,,,,,,,,木,,,
阿倍野区,阿倍野元町,16番,,,,,,,,,,,,,火金,,,,,,,,,,,,,,,,,,,,,,月,,,,,,,,,,,,,,,,木,,,,,,,,,,,,,,木,,,
阿倍野区,阿倍野元町,17番,,,,,,,,,,,,,,,,火金,,,,,,,,,,,,,,,,月,,,,,,,,,,,,,,,,木,,,,,,,,,,,,,,,,,木,,,
阿倍野区,阿倍野元町,18番,軽四輪車(小さい車)で収集している地域,,,,,,,,,,,,,,,,火金,,,,,,,,,,,,,,,月,,,,,,,,,,,,,,,,木,,,,,,,木,,,,,,,,,,,,,
阿倍野区,阿倍野元町,18番,上記以外,,,,,,,,,,,,,,,,火金,,,,,,,,,,,,,,,,,,月,,,,,,,,,,,,,,,,木,,,木,,,,,,,,,,,,,,
阿倍野区,阿倍野元町,19番,軽四輪車(小さい車)で収集している地域,,,,,,,,,,,火金,,,,,,,,,,,,,,,,,,,,月,,,,,,,,,,,,,,,,木,,,,,,,木,,,,,,,,,,,,,
阿倍野区,阿倍野元町,19番,上記以外,,,,,,,,,,,,,,,,火金,,,,,,,,,,,,,,,月,,,,,,,,,,,,,,,,木,,,,,,木,,,,,,,,,,,,,,
阿倍野区,王子町,1丁目,1番,軽四輪車(小さい車)で収集している地域,,,,,,,,,,,,,,,月木,,,,,,,火,,,,,,,,,,,,,,,,金,,,,,,,,,,,,,,,火,,,,,,,,,,,,,
阿倍野区,王子町,1丁目,1番,上記以外,,,,,,,,,,,,,,,月木,,,,,,,,,,,,,,,火,,,,,,,,,,,,,,,,金,,,,,,火,,,,,,,,,,,,,,
阿倍野区,王子町,1丁目,2番,軽四輪車(小さい車)で収集している地域,,,,,,,,,,,,,,月木,,,,,,,,火,,,,,,,,,,,,,,,,金,,,,,,,,,,,,,,,火,,,,,,,,,,,,,
阿倍野区,王子町,1丁目,2番,上記以外,,,,,,,,,,,,,,,月木,,,,,,,,,,,,,,,火,,,,,,,,,,,,,,,,金,,,,,,火,,,,,,,,,,,,,,
阿倍野区,王子町,1丁目,3番,軽四輪車(小さい車)で収集している地域,,,,,,,,,,,,,,,,,月木,,,,,火,,,,,,,,,,,,,,,,金,,,,,,,,,,,,,,,火,,,,,,,,,,,,,
阿倍野区,王子町,1丁目,3番,上記以外,,,,,,,,,,,,,,,月木,,,,,,,,,,,,,,,火,,,,,,,,,,,,,,,,金,,,,,,火,,,,,,,,,,,,,,
阿倍野区,王子町,1丁目,4番,軽四輪車(小さい車)で収集している地域,,,,,,,,,,,,,,,,,月木,,,,,火,,,,,,,,,,,,,,,,金,,,,,,,,,,,,,,,火,,,,,,,,,,,,,
阿倍野区,王子町,1丁目,4番,上記以外,,,,,,,,,,,,,,,月木,,,,,,,,,,,,,,,火,,,,,,,,,,,,,,,,金,,,,,,火,,,,,,,,,,,,,,
阿倍野区,王子町,1丁目,5番,軽四輪車(小さい車)で収集している地域,,,,,,,,,,,,,,,月木,,,,,,,火,,,,,,,,,,,,,,,,金,,,,,,,,,,,,,,,火,,,,,,,,,,,,,
阿倍野区,王子町,1丁目,5番,上記以外,,,,,,,,,,,,,,,月木,,,,,,,,,,,,,,,火,,,,,,,,,,,,,,,,金,,,,,,火,,,,,,,,,,,,,,
阿倍野区,王子町,1丁目,6番,軽四輪車(小さい車)で収集している地域,,,,,,,,,,,,,,,,,月木,,,,,火,,,,,,,,,,,,,,,,金,,,,,,,,,,,,,,,火,,,,,,,,,,,,,
阿倍野区,王子町,1丁目,6番,上記以外,,,,,,,,,,,,,,,月木,,,,,,,,,,,,,,,火,,,,,,,,,,,,,,,,金,,,,,,火,,,,,,,,,,,,,,
阿倍野区,王子町,1丁目,7番,軽四輪車(小さい車)で収集している地域,,,,,,,,,,,,,,,,,月木,,,,,火,,,,,,,,,,,,,,,,金,,,,,,,,,,,,,,,火,,,,,,,,,,,,,
阿倍野区,王子町,1丁目,7番,上記以外,,,,,,,,,,,,,,,月木,,,,,,,,,,,,,,,火,,,,,,,,,,,,,,,,金,,,,,,火,,,,,,,,,,,,,,
阿倍野区,王子町,1丁目,8番,軽四輪車(小さい車)で収集している地域,,,,,,,,,,,,,,月木,,,,,,,,火,,,,,,,,,,,,,,,,金,,,,,,,,,,,,,,,火,,,,,,,,,,,,,
阿倍野区,王子町,1丁目,8番,上記以外,,,,,,,,,,,,,,,月木,,,,,,,,,,,,,,,火,,,,,,,,,,,,,,,,金,,,,,,火,,,,,,,,,,,,,,
阿倍野区,王子町,1丁目,9番,軽四輪車(小さい車)で収集している地域,,,,,,,,,,,,,,月木,,,,,,,,,火,,,,,,,,,,,,,,,,金,,,,,,,,,,,,,,火,,,,,,,,,,,,,
阿倍野区,王子町,1丁目,9番,上記以外,,,,,,,,,,,,,,,月木,,,,,,,,,,,,,,,火,,,,,,,,,,,,,,,,金,,,,,,火,,,,,,,,,,,,,,
阿倍野区,王子町,1丁目,10番,軽四輪車(小さい車)で収集している地域,,,,,,,,,,,,,,,月木,,,,,,,火,,,,,,,,,,,,,,,,,金,,,,,,,,,,,,,,火,,,,,,,,,,,,,
阿倍野区,王子町,1丁目,10番,上記以外,,,,,,,,,,,,,,,月木,,,,,,,,,,,,,,,火,,,,,,,,,,,,,,,,金,,,,,,火,,,,,,,,,,,,,,
阿倍野区,王子町,1丁目,11番,軽四輪車(小さい車)で収集している地域,,,,,,,,,,,,,,,月木,,,,,,,火,,,,,,,,,,,,,,,,,金,,,,,,,,,,,,,,火,,,,,,,,,,,,,
阿倍野区,王子町,1丁目,11番,上記以外,,,,,,,,,,,,,,,月木,,,,,,,,,,,,,,,火,,,,,,,,,,,,,,,,金,,,,,,火,,,,,,,,,,,,,,
阿倍野区,王子町,2丁目,1番,,,,,,,,,,,,,,,,月木,,,,,,,,,,,,,,,火,,,,,,,,,,,,,,,,金,,,,,,,,,,,,,,,,,,,,
阿倍野区,王子町,2丁目,2番,軽四輪車(小さい車)で収集している地域,,,,,,,,火金,,,,,,,,,,,,,,,,,,,月,,,,,,,,,,,,,,,,木,,,,,,,,,,,,,,,,,,,,,,,
阿倍野区,王子町,2丁目,2番,上記以外,,,,,,,,火金,,,,,,,,,,,,,,,月,,,,,,,,,,,,,,,,木,,,,,,,,,,,,,,,,,,,,,,,,,,,
阿倍野区,王子町,2丁目,3番,,,,,,,,,,,,,,,,月木,,,,,,,,,,,,,,,火,,,,,,,,,,,,,,,,金,,,,,,,,,,,,,,,,,,,,
阿倍野区,王子町,2丁目,4番,,,,,,,,,,,,,,,,,火金,,,,,,,,,,,,,,,,月,,,,,,,,,,,,,,,,木,,,,,,,,,,,,,,,,,,
阿倍野区,王子町,2丁目,5番,,,,,,,,,,,,,,,,,火金,,,,,,,,,,,,,,,,,月,,,,,,,,,,,,,,,木,,,,,,,,,,,,,,,,,,
阿倍野区,王子町,2丁目,6番,軽四輪車(小さい車)で収集している地域,,,,,,,火金,,,,,,,,,,,,,,,,,,,,,,,月,,,,,,,,,,,,,,,,,,木,,,,,,,,,,,,,,,,,,
阿倍野区,王子町,2丁目,6番,上記以外,,,,,,,,,,,,,,,,,火金,,,,,,,,,,,,,,,,月,,,,,,,,,,,,,,,木,,,,,,,,,,,,,,,,,,
阿倍野区,王子町,2丁目,7番,軽四輪車(小さい車)で収集している地域,,,,,,,火金,,,,,,,,,,,,,,,,,,,,月,,,,,,,,,,,,,,,,木,,,,,,,,,,,,,,,,,,,,,,,
阿倍野区,王子町,2丁目,7番,上記以外,,,,,,,火金,,,,,,,,,,,,,,,,月,,,,,,,,,,,,,,,,木,,,,,,,,,,,,,,,,,,,,,,,,,,,
阿倍野区,王子町,2丁目,8番,軽四輪車(小さい車)で収集している地域,,,,,,火金,,,,,,,,,,,,,,,,,,,,,月,,,,,,,,,,,,,,,,木,,,,,,,,,,,,,,,,,,,,,,,
阿倍野区,王子町,2丁目,8番,上記以外,,,,,,火金,,,,,,,,,,,,,,,,,月,,,,,,,,,,,,,,,,木,,,,,,,,,,,,,,,,,,,,,,,,,,,
阿倍野区,王子町,2丁目,9番,,,,,,,火金,,,,,,,,,,,,,,,,,月,,,,,,,,,,,,,,,,木,,,,,,,,,,,,,,,,,,,,,,,,,,,
阿倍野区,王子町,2丁目,10番,軽四輪車(小さい車)で収集している地域,,,,,,火金,,,,,,,,,,,,,,,,,,,,,,,,,月,,,,,,,,,,,,,,,木,,,,,,,,,,,,,,,,,,,,
阿倍野区,王子町,2丁目,10番,上記以外,,,,,,,,,,,,,,,,,火金,,,,,,,,,,,,,,月,,,,,,,,,,,,,,,,木,,,,,,,,,,,,,,,,,,,
阿倍野区,王子町,2丁目,11番,軽四輪車(小さい車)で収集している地域,,,,,,,,,,,,,,,,火金,,,,,,,,,,,,,,,月,,,,,,,,,,,,,,,木,,,,,,,,,,,,,,,,,,,,
阿倍野区,王子町,2丁目,11番,上記以外,,,,,,,,,,,,,,,,火金,,,,,,,,,,,,,,,,,月,,,,,,,,,,,,,,,,木,,,,,,,,,,,,,,,,,
阿倍野区,王子町,2丁目,12番,軽四輪車(小さい車)で収集している地域,,,,,,火金,,,,,,,,,,,,,,,,,,,,,,,,,月,,,,,,,,,,,,,,,木,,,,,,,,,,,,,,,,,,,,
阿倍野区,王子町,2丁目,12番,上記以外,,,,,,,,,,,,,,,,火金,,,,,,,,,,,,,,,,,月,,,,,,,,,,,,,,木,,,,,,,,,,,,,,,,,,,
阿倍野区,王子町,2丁目,13番,軽四輪車(小さい車)で収集している地域,,,,,,火金,,,,,,,,,,,,,,,,,,,,,,,,,月,,,,,,,,,,,,,,,,,木,,,,,,,,,,,,,,,,,,
阿倍野区,王子町,2丁目,13番,上記以外,,,,,,,,,,,,,,,,,火金,,,,,,,,,,,,,,,,月,,,,,,,,,,,,,,,木,,,,,,,,,,,,,,,,,,
阿倍野区,王子町,2丁目,14番,軽四輪車(小さい車)で収集している地域,,,,,,火金,,,,,,,,,,,,,,,,,,,,,月,,,,,,,,,,,,,,,,木,,,,,,,,,,,,,,,,,,,,,,,
阿倍野区,王子町,2丁目,14番,上記以外,,,,,,,,,,,,,,,,,,火金,,,,,,,,,,,,,,,月,,,,,,,,,,,,,,,木,,,,,,,,,,,,,,,,,,
阿倍野区,王子町,2丁目,15番,軽四輪車(小さい車)で収集している地域,,,,,,火金,,,,,,,,,,,,,,,,,,,,,月,,,,,,,,,,,,,,,,木,,,,,,,,,,,,,,,,,,,,,,,
阿倍野区,王子町,2丁目,15番,上記以外,,,,,,火金,,,,,,,,,,,,,,,,,,月,,,,,,,,,,,,,,,木,,,,,,,,,,,,,,,,,,,,,,,,,,,
阿倍野区,王子町,2丁目,16番,軽四輪車(小さい車)で収集している地域,,,,,,火金,,,,,,,,,,,,,,,,,,,,,月,,,,,,,,,,,,,,,,木,,,,,,,,,,,,,,,,,,,,,,,
阿倍野区,王子町,2丁目,16番,上記以外,,,,,,火金,,,,,,,,,,,,,,,,月,,,,,,,,,,,,,,,,木,,,,,,,,,,,,,,,,,,,,,,,,,,,,
阿倍野区,王子町,2丁目,17番,軽四輪車(小さい車)で収集している地域,,,,,,,,,,,,,,,火金,,,,,,,月,,,,,,,,,,,,,,,,木,,,,,,,,,,,,,,,,,,,,,,,,,,,,
阿倍野区,王子町,2丁目,17番,上記以外,,,,,,,,,,,,,,,,火金,,,,,,,,,,,,,,,,,月,,,,,,,,,,,,,,,,木,,,,,,,,,,,,,,,,,
阿倍野区,王子町,3丁目,1番,,,,,,,火金,,,,,,,,,,,,,,,,月,,,,,,,,,,,,,,,,木,,,,,,,,,,,,,,,,,,,,,,,,,,,,
阿倍野区,王子町,3丁目,2番,,,,,,,火金,,,,,,,,,,,,,,,,月,,,,,,,,,,,,,,,,木,,,,,,,,,,,,,,,,,,,,,,,,,,,,
阿倍野区,王子町,3丁目,3番,,,,,,,,,,,,,,,,火金,,,,,,,,月,,,,,,,,,,,,,,,木,,,,,,,,,,,,,,,,,,,,,,,,,,,,
阿倍野区,王子町,3丁目,4番,,,,,,,,,,,,,,,,火金,,,,,,,,月,,,,,,,,,,,,,,,木,,,,,,,,,,,,,,,,,,,,,,,,,,,,
阿倍野区,王子町,3丁目,5番,,,,,,,,,,,,,,,,火金,,,,,,,月,,,,,,,,,,,,,,,,木,,,,,,,,,,,,,,,,,,,,,,,,,,,,
阿倍野区,王子町,3丁目,6番,,,,,,,,,,,,,,,,火金,,,,,,,月,,,,,,,,,,,,,,,,木,,,,,,,,,,,,,,,,,,,,,,,,,,,,
阿倍野区,王子町,3丁目,7番,軽四輪車(小さい車)で収集している地域,,,,,,,,,,,,,,,火金,,,,,,,月,,,,,,,,,,,,,,,,木,,,,,,,,,,,,,,,,,,,,,,,,,,,,
阿倍野区,王子町,3丁目,7番,上記以外,,,,,,,,,,,,,,,,火金,,,,,,,,,,,,,,,,,月,,,,,,,,,,,,,,,木,,,,,,,,,,,,,,,,,,
阿倍野区,王子町,3丁目,8番,軽四輪車(小さい車)で収集している地域,,,,,,,,,,,,,,,火金,,,,,,,月,,,,,,,,,,,,,,,,木,,,,,,,,,,,,,,,,,,,,,,,,,,,,
阿倍野区,王子町,3丁目,8番,上記以外,,,,,,,,,,,,,,火金,,,,,,,,,,,,,,,,,,,月,,,,,,,,,,,,,,,,木,,,,,,,,,,,,,,,,,
阿倍野区,王子町,3丁目,9番,,,,,,,,,,,,,,,,火金,,,,,,,月,,,,,,,,,,,,,,,,木,,,,,,,,,,,,,,,,,,,,,,,,,,,,
阿倍野区,王子町,3丁目,10番,,,,,,,火金,,,,,,,,,,,,,,,,月,,,,,,,,,,,,,,,,木,,,,,,,,,,,,,,,,,,,,,,,,,,,,
阿倍野区,王子町,3丁目,11番,,,,,,,火金,,,,,,,,,,,,,,,,月,,,,,,,,,,,,,,,,木,,,,,,,,,,,,,,,,,,,,,,,,,,,,
阿倍野区,王子町,3丁目,12番,軽四輪車(小さい車)で収集している地域,,,,,,火金,,,,,,,,,,,,,,,,月,,,,,,,,,,,,,,,,木,,,,,,,,,,,,,,,,,,,,,,,,,,,,
阿倍野区,王子町,3丁目,12番,上記以外,,,,,,火金,,,,,,,,,,,,,,,,,,,,,,,,月,,,,,,,,,,,,,,,,木,,,,,,,,,,,,,,,,,,,,
阿倍野区,王子町,3丁目,13番,軽四輪車(小さい車)で収集している地域,,,,,,火金,,,,,,,,,,,,,,,,月,,,,,,,,,,,,,,,,木,,,,,,,,,,,,,,,,,,,,,,,,,,,,
阿倍野区,王子町,3丁目,13番,上記以外,,,,,,,,,,,,,,,,火金,,,,,,,,,,,,,,,月,,,,,,,,,,,,,,,木,,,,,,,,,,,,,,,,,,,,
阿倍野区,王子町,4丁目,1番,,,,,,,火金,,,,,,,,,,,,,,,,,,,,,,,,,,月,,,,,,,,,,,,,,,,木,,,,,,,,,,,,,,,,月,,
阿倍野区,王子町,4丁目,2番,軽四輪車(小さい車)で収集している地域,,,,,,,,,,,,,,,,火金,,,,,,月,,,,,,,,,,,,,,,,木,,,,,,,,,,,,,,,,,,,,,,,,,,月,,
阿倍野区,王子町,4丁目,2番,上記以外,,,,,,火金,,,,,,,,,,,,,,,,,,,,,,,,月,,,,,,,,,,,,,,,,木,,,,,,,,,,,,,,,,,,月,,
阿倍野区,王子町,4丁目,3番,軽四輪車(小さい車)で収集している地域,,,,,,,,,,,,,,,,火金,,,,,,,,,,,,,,月,,,,,,,,,,,,,,,,木,,,,,,,,,,,,,,,,,,月,,
阿倍野区,王子町,4丁目,3番,上記以外,,,,,,,,,,,,,,,,火金,,,,,,,,,,,,,,月,,,,,,,,,,,,,,,,木,,,,,,,,,,,,,,,,,,月,,
阿倍野区,北畠,1丁目,1番,,,,,,,,,,,,,,,,火金,,,,,,,,,,,,,,,月,,,,,,,,,,,,,,,,木,,,,,,木,,,,,,,,,,,,,,
阿倍野区,北畠,1丁目,2番,軽四輪車(小さい車)で収集している地域,,,,,,,,,,,,,,,火金,,,,,,,,,,,,,,,,,,月,,,,,,,,,,,,,木,,,,,,,木,,,,,,,,,,,,,
阿倍野区,北畠,1丁目,2番,上記以外,,,,,,,,,,,,,,,火金,,,,,,,,,,,,,,,月,,,,,,,,,,,,,,,,木,,,,,,,木,,,,,,,,,,,,,
阿倍野区,北畠,1丁目,3番,軽四輪車(小さい車)で収集している地域,,,,,,,,,,,,,,火金,,,,,,,,,,,,,,,,,,,月,,,,,,,,,,,,,木,,,,,,,木,,,,,,,,,,,,,
阿倍野区,北畠,1丁目,3番,上記以外,,,,,,,,,,,,,,火金,,,,,,,,,,,,,,,,月,,,,,,,,,,,,,,,,木,,,,,,木,,,,,,,,,,,,,,
阿倍野区,北畠,1丁目,4番,,,,,,,,,,,,,,,,火金,,,,,,,,,,,,,,,月,,,,,,,,,,,,,,,,木,,,,,,木,,,,,,,,,,,,,,
阿倍野区,北畠,1丁目,5番,,,,,,,,,,,,,,,,火金,,,,,,,,,,,,,,,月,,,,,,,,,,,,,,,,木,,,,,,木,,,,,,,,,,,,,,
阿倍野区,北畠,1丁目,6番,,,,,,,,,,,,,,,火金,,,,,,,,,,,,,,,,月,,,,,,,,,,,,,,,,木,,,,,,木,,,,,,,,,,,,,,
阿倍野区,北畠,1丁目,7番,,,,,,,,,,,,,,,,火金,,,,,,,,,,,,,,,月,,,,,,,,,,,,,,,,木,,,,,,木,,,,,,,,,,,,,,
阿倍野区,北畠,1丁目,8番,,,,,,,,,,,,,,,,火金,,,,,,,,,,,,,,,月,,,,,,,,,,,,,,,,木,,,,,,木,,,,,,,,,,,,,,
阿倍野区,北畠,1丁目,9番,,,,,,,,,,,,,,,,火金,,,,,,,,,,,,,,,月,,,,,,,,,,,,,,,,木,,,,,,,木,,,,,,,,,,,,,
阿倍野区,北畠,1丁目,10番,,,,,,,,,,,,,,,,火金,,,,,,,,,,,,,,,月,,,,,,,,,,,,,,,,木,,,,,,木,,,,,,,,,,,,,,
阿倍野区,北畠,1丁目,11番,,,,,,,,,,,,,,,火金,,,,,,,,,,,,,,,,月,,,,,,,,,,,,,,,,木,,,,,,木,,,,,,,,,,,,,,
阿倍野区,北畠,1丁目,12番,,,,,,,,,,,,,,,,火金,,,,,,,,,,,,,,,月,,,,,,,,,,,,,,,,木,,,,,,木,,,,,,,,,,,,,,
阿倍野区,北畠,1丁目,13番,,,,,,,,,,,,,,,,火金,,,,,,,,,,,,,,,月,,,,,,,,,,,,,,,,木,,,,,,木,,,,,,,,,,,,,,
阿倍野区,北畠,1丁目,14番,,,,,,,,,,,,,,,火金,,,,,,,,,,,,,,,,月,,,,,,,,,,,,,,,,木,,,,,,木,,,,,,,,,,,,,,
阿倍野区,北畠,1丁目,15番,,,,,,,,,,,,,,,火金,,,,,,,,,,,,,,,,月,,,,,,,,,,,,,,,,木,,,,,,木,,,,,,,,,,,,,,
阿倍野区,北畠,1丁目,16番,,,,,,,,,,,,,,,火金,,,,,,,,,,,,,,,,月,,,,,,,,,,,,,,,,木,,,,,,木,,,,,,,,,,,,,,
阿倍野区,北畠,1丁目,18番,,,,,,,,,,,,,,,火金,,,,,,,,,,,,,,,,月,,,,,,,,,,,,,,,,木,,,,,,木,,,,,,,,,,,,,,
阿倍野区,北畠,1丁目,19番,,,,,,,,,,,,,,,火金,,,,,,,,,,,,,,,,月,,,,,,,,,,,,,,,,木,,,,,,,木,,,,,,,,,,,,,
阿倍野区,北畠,1丁目,20番,,,,,,,,,,,,,,,,火金,,,,,,,,,,,,,,,月,,,,,,,,,,,,,,,,木,,,,,,,木,,,,,,,,,,,,,
阿倍野区,北畠,1丁目,21番,軽四輪車(小さい車)で収集している地域,,,,,,,,,,火金,,,,,,,,,,,,,,,,,,,,月,,,,,,,,,,,,,,,,木,,,,,,,木,,,,,,,,,,,,,
阿倍野区,北畠,1丁目,21番,上記以外,,,,,,,,,,,,,,,火金,,,,,,,,,,,,,,,月,,,,,,,,,,,,,,,,木,,,,,,,木,,,,,,,,,,,,,
阿倍野区,北畠,1丁目,22番,,,,,,,,,,,,,,,,火金,,,,,,,,,,,,,,,月,,,,,,,,,,,,,,,,木,,,,,,,木,,,,,,,,,,,,,
阿倍野区,北畠,1丁目,23番,,,,,,,,,,,,,,,,火金,,,,,,,,,,,,,,,月,,,,,,,,,,,,,,,,木,,,,,,,木,,,,,,,,,,,,,
阿倍野区,北畠,1丁目,24番,,,,,,,,,,,,,,,,火金,,,,,,,,,,,,,,,月,,,,,,,,,,,,,,,,木,,,,,,,木,,,,,,,,,,,,,
阿倍野区,北畠,1丁目,25番,,,,,,,,,,,,,,,火金,,,,,,,,,,,,,,,,月,,,,,,,,,,,,,,,,木,,,,,,,木,,,,,,,,,,,,,
阿倍野区,北畠,1丁目,26番,,,,,,,,,,,,,,,火金,,,,,,,,,,,,,,,,月,,,,,,,,,,,,,,,,木,,,,,,,木,,,,,,,,,,,,,
阿倍野区,北畠,1丁目,27番,,,,,,,,,,,,,,,火金,,,,,,,,,,,,,,,,月,,,,,,,,,,,,,,,,木,,,,,,,木,,,,,,,,,,,,,
阿倍野区,北畠,2丁目,1番,,,,,,,,,,,,,,,水土,,,,,,,,,,,,,,,,月,,,,,,,,,,,,,,,,木,,,,,,木,,,,,,,,,,,,,,
阿倍野区,北畠,2丁目,2番,,,,,,,,,,,,,,,水土,,,,,,,,,,,,,,,,月,,,,,,,,,,,,,,,,木,,,,,,木,,,,,,,,,,,,,,
阿倍野区,北畠,2丁目,3番,,,,,,,,,,,,,,,水土,,,,,,,,,,,,,,,,月,,,,,,,,,,,,,,,,木,,,,,,木,,,,,,,,,,,,,,
阿倍野区,北畠,2丁目,4番,,,,,,,,,,,,,,,,水土,,,,,,,,,,,,,,,月,,,,,,,,,,,,,,,,木,,,,,,木,,,,,,,,,,,,,,
阿倍野区,北畠,2丁目,5番,軽四輪車(小さい車)で収集している地域,,,,,,,水土,,,,,,,,,,,,,,,,,,,,,,,月,,,,,,,,,,,,,,,,木,,,,,,,木,,,,,,,,,,,,,
阿倍野区,北畠,2丁目,5番,上記以外,,,,,,,,,,,,,,,水土,,,,,,,,,,,,,,,月,,,,,,,,,,,,,,,,木,,,,,,,木,,,,,,,,,,,,,
阿倍野区,北畠,2丁目,6番,軽四輪車(小さい車)で収集している地域,,,,,,,水土,,,,,,,,,,,,,,,,,,,,,,,月,,,,,,,,,,,,,,,,木,,,,,,,木,,,,,,,,,,,,,
阿倍野区,北畠,2丁目,6番,上記以外,,,,,,,水土,,,,,,,,,,,,,,,,,,,,,,,月,,,,,,,,,,,,,,,,木,,,,,,,木,,,,,,,,,,,,,
阿倍野区,北畠,2丁目,7番,,,,,,,,,,,,,,,,水土,,,,,,,,,,,,,,,月,,,,,,,,,,,,,,,,木,,,,,,,木,,,,,,,,,,,,,
阿倍野区,北畠,2丁目,8番,,,,,,,,,,,,,,,,水土,,,,,,,,,,,,,,,月,,,,,,,,,,,,,,,,木,,,,,,木,,,,,,,,,,,,,,
阿倍野区,北畠,2丁目,9番,,,,,,,,,,,,,,,,水土,,,,,,,,,,,,,,,月,,,,,,,,,,,,,,,,木,,,,,,木,,,,,,,,,,,,,,
阿倍野区,北畠,2丁目,10番,,,,,,,,,,,,,,,,水土,,,,,,,,,,,,,,,月,,,,,,,,,,,,,,,,木,,,,,,木,,,,,,,,,,,,,,
阿倍野区,北畠,2丁目,11番,軽四輪車(小さい車)で収集している地域,,,,,,水土,,,,,,,,,,,,,,,,,,,,,,,,,,月,,,,,,,,,,,,,,,木,,,,,,木,,,,,,,,,,,,,
阿倍野区,北畠,2丁目,11番,上記以外,,,,,,水土,,,,,,,,,,,,,,,,,,,,,,,,月,,,,,,,,,,,,,,,,木,,,,,,木,,,,,,,,,,,,,,
阿倍野区,北畠,3丁目,1番,25･26号,,,,,,水土,,,,,,,,,,,,,,,,,,,,,,,,月,,,,,,,,,,,,,,,,木,,,,,,木,,,,,,,,,,,,,,
阿倍野区,北畠,3丁目,1番,軽四輪車(小さい車)で収集している地域,,,,,,,水土,,,,,,,,,,,,,,,,,,,,,,,月,,,,,,,,,,,,,,,,木,,,,,,,木,,,,,,,,,,,,,
阿倍野区,北畠,3丁目,1番,上記以外,,,,,,,,,,,,,,,水土,,,,,,,,,,,,,,,月,,,,,,,,,,,,,,,,木,,,,,,木,,,,,,,,,,,,,,
阿倍野区,北畠,3丁目,2番,軽四輪車(小さい車)で収集している地域,,,,,,,,水土,,,,,,,,,,,,,,,,,,,,,,月,,,,,,,,,,,,,,,,木,,,,,,,木,,,,,,,,,,,,,
阿倍野区,北畠,3丁目,2番,上記以外,,,,,,,,,,,,,,,水土,,,,,,,,,,,,,,,月,,,,,,,,,,,,,,,,木,,,,,,木,,,,,,,,,,,,,,
阿倍野区,北畠,3丁目,3番,軽四輪車(小さい車)で収集している地域,,,,,,水土,,,,,,,,,,,,,,,,,,,,,月,,,,,,,,,,,,,,,,木,,,,,,,,,,木,,,,,,,,,,,,,
阿倍野区,北畠,3丁目,3番,上記以外,,,,,,,,,,,,,,,水土,,,,,,,,,,,,月,,,,,,,,,,,,,,,,木,,,,,,,,,木,,,,,,,,,,,,,,
阿倍野区,北畠,3丁目,4番,軽四輪車(小さい車)で収集している地域,,,,,,,,,,,,,,,水土,,,,,,,,,,,,月,,,,,,,,,,,,,,,,木,,,,,,,,,,木,,,,,,,,,,,,,
阿倍野区,北畠,3丁目,4番,上記以外,,,,,,,,,,,,,,,水土,,,,,,,,,,,,月,,,,,,,,,,,,,,,,木,,,,,,,,,木,,,,,,,,,,,,,,
阿倍野区,北畠,3丁目,5番,,,,,,,,,,,,,,,,水土,,,,,,,,,,,,,,,月,,,,,,,,,,,,,,,,木,,,,,,,木,,,,,,,,,,,,,
阿倍野区,北畠,3丁目,6番,,,,,,,水土,,,,,,,,,,,,,,,,,,,,,,,,月,,,,,,,,,,,,,,,,木,,,,,,,木,,,,,,,,,,,,,
阿倍野区,北畠,3丁目,7番,軽四輪車(小さい車)で収集している地域,,,,,,,,,,水土,,,,,,,,,,,,,,,,,,,,月,,,,,,,,,,,,,,,,木,,,,,,,木,,,,,,,,,,,,,
阿倍野区,北畠,3丁目,7番,上記以外,,,,,,水土,,,,,,,,,,,,,,,,,,,,,,,,月,,,,,,,,,,,,,,,,木,,,,,,木,,,,,,,,,,,,,,
阿倍野区,北畠,3丁目,8番,軽四輪車(小さい車)で収集している地域,,,,,,,水土,,,,,,,,,,,,,,,,,,,,,,,月,,,,,,,,,,,,,,,,木,,,,,,,木,,,,,,,,,,,,,
阿倍野区,北畠,3丁目,8番,上記以外,,,,,,,,,,,,,,,水土,,,,,,,,,,,,,,,月,,,,,,,,,,,,,,,,木,,,,,,木,,,,,,,,,,,,,,
阿倍野区,北畠,3丁目,9番,軽四輪車(小さい車)で収集している地域,,,,,,水土,,,,,,,,,,,,,,,,,,,,,,,,月,,,,,,,,,,,,,,,,,木,,,,,,木,,,,,,,,,,,,,
阿倍野区,北畠,3丁目,9番,上記以外,,,,,,,,,,,,,,,水土,,,,,,,,,,,,,,,月,,,,,,,,,,,,,,,,木,,,,,,木,,,,,,,,,,,,,,
阿倍野区,北畠,3丁目,10番,軽四輪車(小さい車)で収集している地域,,,,,,水土,,,,,,,,,,,,,,,,,,,,,,,,月,,,,,,,,,,,,,,,,,木,,,,,,木,,,,,,,,,,,,,
阿倍野区,北畠,3丁目,10番,上記以外,,,,,,,,,,,,,,,水土,,,,,,,,,,,,,,,月,,,,,,,,,,,,,,,,木,,,,,,木,,,,,,,,,,,,,,
阿倍野区,北畠,3丁目,11番,軽四輪車(小さい車)で収集している地域,,,,,,,水土,,,,,,,,,,,,,,,,,,,,,,,月,,,,,,,,,,,,,,,,木,,,,,,,木,,,,,,,,,,,,,
阿倍野区,北畠,3丁目,11番,上記以外,,,,,,,,,,,,,,,水土,,,,,,,,,,,,,,,月,,,,,,,,,,,,,,,,木,,,,,,木,,,,,,,,,,,,,,
阿倍野区,北畠,3丁目,12番,,,,,,,,,,,,,,,水土,,,,,,,,,,,,,,,,月,,,,,,,,,,,,,,,,木,,,,,,木,,,,,,,,,,,,,,
阿倍野区,北畠,3丁目,13番,軽四輪車(小さい車)で収集している地域,,,,,,水土,,,,,,,,,,,,,,,,,,,,,,,,月,,,,,,,,,,,,,,,,木,,,,,,,木,,,,,,,,,,,,,
阿倍野区,北畠,3丁目,13番,上記以外,,,,,,水土,,,,,,,,,,,,,,,,,,,,,,,,月,,,,,,,,,,,,,,,,木,,,,,,木,,,,,,,,,,,,,,
阿倍野区,北畠,3丁目,14番,,,,,,,水土,,,,,,,,,,,,,,,,,,,,,,,,月,,,,,,,,,,,,,,,,木,,,,,,木,,,,,,,,,,,,,,
阿倍野区,北畠,3丁目,15番,,,,,,,水土,,,,,,,,,,,,,,,,,,,,,,,,月,,,,,,,,,,,,,,,,木,,,,,,木,,,,,,,,,,,,,,
阿倍野区,北畠,3丁目,16番,,,,,,,水土,,,,,,,,,,,,,,,,,,,,,,,,月,,,,,,,,,,,,,,,,木,,,,,,木,,,,,,,,,,,,,,
阿倍野区,北畠,3丁目,17番,,,,,,,水土,,,,,,,,,,,,,,,,,,,,,,,,月,,,,,,,,,,,,,,,,木,,,,,,木,,,,,,,,,,,,,,
阿倍野区,北畠,3丁目,18番,,,,,,,水土,,,,,,,,,,,,,,,,,,,,,,,,月,,,,,,,,,,,,,,,,木,,,,,,木,,,,,,,,,,,,,,
阿倍野区,共立通,1丁目,1番,軽四輪車(小さい車)で収集している地域,,,,,,月木,,,,,,,,,,,,,,,,,,,,,,,,火,,,,,,,,,,,,,,,,金,,,,,,,火,,,,,,,,,,,,,
阿倍野区,共立通,1丁目,1番,上記以外,,,,,,,,,,,,,,月木,,,,,,,,,,,,,,,,火,,,,,,,,,,,,,,,,金,,,,,,火,,,,,,,,,,,,,,
阿倍野区,共立通,1丁目,2番,軽四輪車(小さい車)で収集している地域,,,,,,,,,,,月木,,,,,,,,,,,,,,,,,,,火,,,,,,,,,,,,,,,,金,,,,,,,火,,,,,,,,,,,,,
阿倍野区,共立通,1丁目,2番,上記以外,,,,,,,,,,,,,,,月木,,,,,,,,,,,,,,,火,,,,,,,,,,,,,,,,金,,,,,,火,,,,,,,,,,,,,,
阿倍野区,共立通,1丁目,3番,12~15号,,,,,,,,,,,月木,,,,,,,,,,,,,,,,,,,火,,,,,,,,,,,,,,,,金,,,,,,火,,,,,,,,,,,,,,
阿倍野区,共立通,1丁目,3番,軽四輪車(小さい車)で収集している地域,,,,,,,,,,,月木,,,,,,,,,,,,,,,,,,,火,,,,,,,,,,,,,,,,金,,,,,,,火,,,,,,,,,,,,,
阿倍野区,共立通,1丁目,3番,上記以外,,,,,,,,,,,,,,,月木,,,,,,,,,,,,,,,火,,,,,,,,,,,,,,,,金,,,,,,火,,,,,,,,,,,,,,
阿倍野区,共立通,1丁目,4番,軽四輪車(小さい車)で収集している地域,,,,,,,,,,,月木,,,,,,,,,,,,,,,,,,,火,,,,,,,,,,,,,,,,金,,,,,,,火,,,,,,,,,,,,,
阿倍野区,共立通,1丁目,4番,上記以外,,,,,,,,,,,,,,,月木,,,,,,,,,,,,,,,火,,,,,,,,,,,,,,,,金,,,,,,火,,,,,,,,,,,,,,
阿倍野区,共立通,1丁目,5番,軽四輪車(小さい車)で収集している地域,,,,,,月木,,,,,,,,,,,,,,,,,,,,,,,,火,,,,,,,,,,,,,,,,金,,,,,,火,,,,,,,,,,,,,,
阿倍野区,共立通,1丁目,5番,6~13号,,,,,,,,,,,月木,,,,,,,,,,,,,,,,,,,火,,,,,,,,,,,,,,,,金,,,,,,火,,,,,,,,,,,,,,
阿倍野区,共立通,1丁目,5番,上記以外,,,,,,月木,,,,,,,,,,,,,,,,,,,,,,,,火,,,,,,,,,,,金,,,,,,,,,,,火,,,,,,,,,,,,,,
阿倍野区,共立通,1丁目,6番,10~16号,,,,,,,,,,,月木,,,,,,,,,,,,,,,,,,,火,,,,,,,,,,,,,,,,金,,,,,,火,,,,,,,,,,,,,,
阿倍野区,共立通,1丁目,6番,軽四輪車(小さい車)で収集している地域,,,,,,月木,,,,,,,,,,,,,,,,,,,,,,,,火,,,,,,,,,,,,,,,,金,,,,,,,火,,,,,,,,,,,,,
阿倍野区,共立通,1丁目,6番,上記以外,,,,,,,,,,,,,,,月木,,,,,,,,,,,,,,,火,,,,,,,,,,,,,,,,金,,,,,,火,,,,,,,,,,,,,,
阿倍野区,共立通,1丁目,7番,軽四輪車(小さい車)で収集している地域,,,,,,月木,,,,,,,,,,,,,,,,,,,,,,,,火,,,,,,,,,,,,,,,,金,,,,,,,火,,,,,,,,,,,,,
阿倍野区,共立通,1丁目,7番,上記以外,,,,,,月木,,,,,,,,,,,,,,,,,,,,,,,,火,,,,,,,,,,,,,,,,金,,,,,,,火,,,,,,,,,,,,,
阿倍野区,共立通,1丁目,8番,9~15号,,,,,,,,,,,月木,,,,,,,,,,,,,,,,,,,火,,,,,,,,,,,,,,,,金,,,,,,火,,,,,,,,,,,,,,
阿倍野区,共立通,1丁目,8番,軽四輪車(小さい車)で収集している地域,,,,,,月木,,,,,,,,,,,,,,,,,,,,,,,,火,,,,,,,,,,,,,,,,金,,,,,,,火,,,,,,,,,,,,,
阿倍野区,共立通,1丁目,8番,上記以外,,,,,,,,,,,,,,,,月木,,,,,,,,,,,,,,火,,,,,,,,,,,,,,,,金,,,,,,火,,,,,,,,,,,,,,
阿倍野区,共立通,1丁目,9番,3~21号,,,,,,,,,,,月木,,,,,,,,,,,,,,,,,,,火,,,,,,,,,,,,,,,,金,,,,,,火,,,,,,,,,,,,,,
阿倍野区,共立通,1丁目,9番,軽四輪車(小さい車)で収集している地域,,,,,,月木,,,,,,,,,,,,,,,,,,,,,,,,火,,,,,,,,,,,,,,,,金,,,,,,,火,,,,,,,,,,,,,
阿倍野区,共立通,1丁目,9番,上記以外,,,,,,,,,,,,,,,月木,,,,,,,,,,,,,,,火,,,,,,,,,,,,,,,,金,,,,,,火,,,,,,,,,,,,,,
阿倍野区,共立通,1丁目,10番,2･25~27号,,,,,,,,,,,月木,,,,,,,,,,,,,,,,,,,火,,,,,,,,,,,,,,,,金,,,,,,火,,,,,,,,,,,,,,
阿倍野区,共立通,1丁目,10番,軽四輪車(小さい車)で収集している地域,,,,,,,,,月木,,,,,,,,,,,,,,,,,,,,,火,,,,,,,,,,,,,,,,金,,,,,,,火,,,,,,,,,,,,,
阿倍野区,共立通,1丁目,10番,上記以外,,,,,,,,,,,,,,,月木,,,,,,,,,,,,,,,火,,,,,,,,,,,,,,,,金,,,,,,火,,,,,,,,,,,,,,
阿倍野区,共立通,1丁目,11番,28~34号,,,,,,,,,,,月木,,,,,,,,,,,,,,,,,,,火,,,,,,,,,,,,,,,,金,,,,,,火,,,,,,,,,,,,,,
阿倍野区,共立通,1丁目,11番,軽四輪車(小さい車)で収集している地域,,,,,,,,,,月木,,,,,,,,,,,,,,,,,,,,火,,,,,,,,,,,,,,,,金,,,,,,,火,,,,,,,,,,,,,
阿倍野区,共立通,1丁目,11番,上記以外,,,,,,,,,,,,,,,,月木,,,,,,,,,,,,,,火,,,,,,,,,,,,,,,,金,,,,,,火,,,,,,,,,,,,,,
阿倍野区,共立通,1丁目,12番,,,,,,,月木,,,,,,,,,,,,,,,,,,,,,,,,火,,,,,,,,,,,,,,,,金,,,,,,火,,,,,,,,,,,,,,
阿倍野区,共立通,1丁目,13番,,,,,,,月木,,,,,,,,,,,,,,,,,,,,,,,,火,,,,,,,,,,,,,,,,金,,,,,,火,,,,,,,,,,,,,,
阿倍野区,共立通,2丁目,1番,軽四輪車(小さい車)で収集している地域,,,,,,月木,,,,,,,,,,,,,,,,,,,,,,,,火,,,,,,,,,,,,,,,,金,,,,,,,火,,,,,,,,,,,,,
阿倍野区,共立通,2丁目,1番,上記以外,,,,,,,,,,,,,,,月木,,,,,,,,,,,,,,,火,,,,,,,,,,,,,,,,金,,,,,,火,,,,,,,,,,,,,,
阿倍野区,共立通,2丁目,2番,1･12~20号,,,,,,月木,,,,,,,,,,,,,,,,,,,,,,,,火,,,,,,,,,,,,,,,,金,,,,,,,火,,,,,,,,,,,,,
阿倍野区,共立通,2丁目,2番,3~11号,,,,,,,,,,,,,月木,,,,,,,,,,,,,,,,,火,,,,,,,,,,,,,,,,金,,,,,,,火,,,,,,,,,,,,,
阿倍野区,共立通,2丁目,3番,3~18号,,,,,,月木,,,,,,,,,,,,,,,,,,,,,,,,火,,,,,,,,,,,,,,,,金,,,,,,火,,,,,,,,,,,,,,
阿倍野区,共立通,2丁目,3番,19~32号,,,,,,,,,,,,,月木,,,,,,,,,,,,,,,,,火,,,,,,,,,,,,,,,,金,,,,,,火,,,,,,,,,,,,,,
阿倍野区,共立通,2丁目,4番,軽四輪車(小さい車)で収集している地域,,,,,,月木,,,,,,,,,,,,,,,,,,,,,,,,火,,,,,,,,,,,,,,,,金,,,,,,,火,,,,,,,,,,,,,
阿倍野区,共立通,2丁目,4番,上記以外,,,,,,,,,,,,,,,月木,,,,,,,,,,,,,,,火,,,,,,,,,,,,,,,,金,,,,,,火,,,,,,,,,,,,,,
阿倍野区,共立通,2丁目,5番,4~6号,,,,,,月木,,,,,,,,,,,,,,,,,,,,,,,,火,,,,,,,,,,,,,,,,金,,,,,,火,,,,,,,,,,,,,,
阿倍野区,共立通,2丁目,5番,7~13･20~22号,,,,,,,,,,,,,,,月木,,,,,,,,,,,,,,,火,,,,,,,,,,,,,,,,金,,,,,,火,,,,,,,,,,,,,,
阿倍野区,共立通,2丁目,5番,15~19号(軽四輪車(小さい車)で収集している地域),,,,,,月木,,,,,,,,,,,,,,,,,,,,,,,,火,,,,,,,,,,,,,,,,金,,,,,,,火,,,,,,,,,,,,,
阿倍野区,共立通,2丁目,5番,15~19号(上記以外),,,,,,,,,,,,,月木,,,,,,,,,,,,,,,,,火,,,,,,,,,,,,,,,,金,,,,,,火,,,,,,,,,,,,,,
阿倍野区,共立通,2丁目,6番,,,,,,,,,,,,,,,,月木,,,,,,,,,,,,,,,火,,,,,,,,,,,,,,,,金,,,,,,火,,,,,,,,,,,,,,
阿倍野区,共立通,2丁目,7番,,,,,,,,,,,,,,,,月木,,,,,,,,,,,,,,,火,,,,,,,,,,,,,,,,金,,,,,,火,,,,,,,,,,,,,,
阿倍野区,共立通,2丁目,8番,軽四輪車(小さい車)で収集している地域,,,,,,月木,,,,,,,,,,,,,,,,,,,,,,,,火,,,,,,,,,,,,,金,,,,,,,,,,火,,,,,,,,,,,,,
阿倍野区,共立通,2丁目,8番,21~25号,,,,,,,,,,,月木,,,,,,,,,,,,,,,,,,,火,,,,,,,,,,,,,,,,金,,,,,,火,,,,,,,,,,,,,,
阿倍野区,共立通,2丁目,8番,上記以外,,,,,,,,,,,,,,,月木,,,,,,,,,,,,,,,火,,,,,,,,,,,,,,,,金,,,,,,火,,,,,,,,,,,,,,
阿倍野区,三明町,1丁目,1番,,,,,,,,月木,,,,,,,,,,,,,,,,,,,,,,,,,火,,,,,,,,,,,,,,,,金,,,,,,,,,,,,,,,金,,,
阿倍野区,三明町,1丁目,2番,,,,,,,,月木,,,,,,,,,,,,,,,,,,,,,,,,,火,,,,,,,,,,,,,,,,金,,,,,,,,,,,,,,,金,,,
阿倍野区,三明町,1丁目,3番,,,,,,,,,,月木,,,,,,,,,,,,,,,,,,,,,,,火,,,,,,,,,,,,,,,,金,,,,,,,,,,,,,,,,金,,
阿倍野区,三明町,1丁目,4番,,,,,,,,,,月木,,,,,,,,,,,,,,,,,,,,,,,火,,,,,,,,,,,,,,,,金,,,,,,,,,,,,,,,金,,,
阿倍野区,三明町,1丁目,5番,,,,,,,,,,月木,,,,,,,,,,,,,,,,,,,,,,,火,,,,,,,,,,,,,,,,金,,,,,,,,,,,,,,,金,,,
阿倍野区,三明町,1丁目,6番,,,,,,,,,,月木,,,,,,,,,,,,,,,,,,,,,,,火,,,,,,,,,,,,,,,,金,,,,,,,,,,,,,,金,,,,
阿倍野区,三明町,1丁目,7番,,,,,,,,,,月木,,,,,,,,,,,,,,,,,,,,,,火,,,,,,,,,,,,,,,金,,,,,,,,,,,,,,,,,,金,,
阿倍野区,三明町,1丁目,8番,,,,,,,,,,月木,,,,,,,,,,,,,,,,,,,,,,火,,,,,,,,,,,,,,,,金,,,,,,,,,,,,,,,,金,,,
阿倍野区,三明町,1丁目,9番,,,,,,,,,,月木,,,,,,,,,,,,,,,,,,,,,,,火,,,,,,,,,,,,,,,,金,,,,,,,,,,,,,,,金,,,
阿倍野区,三明町,1丁目,10番,,,,,,,,,,月木,,,,,,,,,,,,,,,,,,,,,,火,,,,,,,,,,,,,,,,,金,,,,,,,,,,,,,,,金,,,
阿倍野区,三明町,1丁目,11番,,,,,,,,,,月木,,,,,,,,,,,,,,,,,,,,,,,火,,,,,,,,,,,,,,,,金,,,,,,,,,,,,,,,金,,,
阿倍野区,三明町,1丁目,12番,,,,,,,,,,月木,,,,,,,,,,,,,,,,,,,,,,,火,,,,,,,,,,,,,,,,金,,,,,,,,,,,,,,,金,,,
阿倍野区,三明町,1丁目,13番,,,,,,,,,,月木,,,,,,,,,,,,,,,,,,,,,,,火,,,,,,,,,,,,,,,,金,,,,,,,,,,,,,,,金,,,
阿倍野区,三明町,1丁目,14番,,,,,,,,月木,,,,,,,,,,,,,,,,,,,,,,,,,火,,,,,,,,,,,,,,,,金,,,,,,,,,,,,,,,,金,,
阿倍野区,三明町,2丁目,1番,,,,,,,,月木,,,,,,,,,,,,,,,,,,,,,,,,,火,,,,,,,,,,,,,,,,金,,,,,,,,,,,,,,,金,,,
阿倍野区,三明町,2丁目,2番,,,,,,,,,,月木,,,,,,,,,,,,,,,,,,,,,,,火,,,,,,,,,,,,,,,,金,,,,,,,,,,,,,,,金,,,
阿倍野区,三明町,2丁目,3番,,,,,,,,,月木,,,,,,,,,,,,,,,,,,,,,,,火,,,,,,,,,,,,,,,,金,,,,,,,,,,,,,,,,金,,,
阿倍野区,三明町,2丁目,4番,,,,,,,,月木,,,,,,,,,,,,,,,,,,,,,,,,,火,,,,,,,,,,,,,,,,金,,,,,,,,,,,,,,,,金,,
阿倍野区,三明町,2丁目,5番,,,,,,,,月木,,,,,,,,,,,,,,,,,,,,,,,,,火,,,,,,,,,,,,,,,,金,,,,,,,,,,,,,,,,金,,
阿倍野区,三明町,2丁目,6番,,,,,,,,,,月木,,,,,,,,,,,,,,,,,,,,,,,火,,,,,,,,,,,,,,,,金,,,,,,,,,,,,,,,金,,,
阿倍野区,三明町,2丁目,7番,,,,,,,,,,月木,,,,,,,,,,,,,,,,,,,,,,,火,,,,,,,,,,,,,,,,金,,,,,,,,,,,,,,,金,,,
阿倍野区,三明町,2丁目,8番,,,,,,,,月木,,,,,,,,,,,,,,,,,,,,,,,,,火,,,,,,,,,,,,,,,,金,,,,,,,,,,,,,,,,金,,
阿倍野区,三明町,2丁目,9番,,,,,,,,,月木,,,,,,,,,,,,,,,,,,,,,,,,火,,,,,,,,,,,,,,,,金,,,,,,,,,,,,,,,金,,,
阿倍野区,三明町,2丁目,10番,,,,,,,月木,,,,,,,,,,,,,,,,,,,,,,,,火,,,,,,,,,,,,,,,,金,,,,,,,,,,,,,,,,,金,,,
阿倍野区,三明町,2丁目,11番,,,,,,,月木,,,,,,,,,,,,,,,,,,,,,,,,火,,,,,,,,,,,,,,,,金,,,,,,,,,,,,,,,,,金,,,
阿倍野区,昭和町,1丁目,1番,,,,,,,火金,,,,,,,,,,,,,,,,,,水,,,,,,,,,,,,,,,,土,,,,,,,,,,,,,土,,,,,,,,,,,,,
阿倍野区,昭和町,1丁目,2番,,,,,,,火金,,,,,,,,,,,,,,,,,,水,,,,,,,,,,,,,,,,土,,,,,,,,,,,,土,,,,,,,,,,,,,,
阿倍野区,昭和町,1丁目,3番,軽四輪車(小さい車)で収集している地域,,,,,,火金,,,,,,,,,,,,,,,,,,水,,,,,,,,,,,,,,,,土,,,,,,,,,,,,土,,,,,,,,,,,,,,
阿倍野区,昭和町,1丁目,3番,上記以外,,,,,,火金,,,,,,,,,,,,,,,,,,水,,,,,,,,,,,,,,,,土,,,,,,,,,,,,,土,,,,,,,,,,,,,
阿倍野区,昭和町,1丁目,4番,軽四輪車(小さい車)で収集している地域,,,,,,火金,,,,,,,,,,,,,,,,,,水,,,,,,,,,,,,,,,,土,,,,,,,,,,,,土,,,,,,,,,,,,,,
阿倍野区,昭和町,1丁目,4番,上記以外,,,,,,火金,,,,,,,,,,,,,,,,,,,,,,,,水,,,,,,,,,,,,,,,,土,,,,,,,土,,,,,,,,,,,,,
阿倍野区,昭和町,1丁目,5番,軽四輪車(小さい車)で収集している地域,,,,,,火金,,,,,,,,,,,,,,,,,,水,,,,,,,,,,,,,,,,土,,,,,,,,,,,,土,,,,,,,,,,,,,,
阿倍野区,昭和町,1丁目,5番,上記以外,,,,,,火金,,,,,,,,,,,,,,,,,,,,,,,,水,,,,,,,,,,,,,,,,土,,,,,,,土,,,,,,,,,,,,,
阿倍野区,昭和町,1丁目,6番,軽四輪車(小さい車)で収集している地域,,,,,,火金,,,,,,,,,,,,,,,,,,水,,,,,,,,,,,,,,,,土,,,,,,,,,,,,土,,,,,,,,,,,,,,
阿倍野区,昭和町,1丁目,6番,上記以外,,,,,,火金,,,,,,,,,,,,,,,,,,,,,,,,水,,,,,,,,,,,,,,,,土,,,,,,,土,,,,,,,,,,,,,
阿倍野区,昭和町,1丁目,7番,軽四輪車(小さい車)で収集している地域,,,,,,火金,,,,,,,,,,,,,,,,,,水,,,,,,,,,,,,,,,,土,,,,,,,,,,,,土,,,,,,,,,,,,,,
阿倍野区,昭和町,1丁目,7番,上記以外,,,,,,火金,,,,,,,,,,,,,,,,,,,,,,,,水,,,,,,,,,,,,,,,,土,,,,,,,土,,,,,,,,,,,,,
阿倍野区,昭和町,1丁目,8番,軽四輪車(小さい車)で収集している地域,,,,,,火金,,,,,,,,,,,,,,,,,,水,,,,,,,,,,,,,,,,土,,,,,,,,,,,,土,,,,,,,,,,,,,,
阿倍野区,昭和町,1丁目,8番,上記以外,,,,,,火金,,,,,,,,,,,,,,,,,,,,,,,,水,,,,,,,,,,,,,,,,土,,,,,,,土,,,,,,,,,,,,,
阿倍野区,昭和町,1丁目,9番,,,,,,,,火金,,,,,,,,,,,,,,,,,,,,,,,水,,,,,,,,,,,,,,,,土,,,,,,,土,,,,,,,,,,,,,
阿倍野区,昭和町,1丁目,10番,,,,,,,,火金,,,,,,,,,,,,,,,,,,,,,,,水,,,,,,,,,,,,,,,,土,,,,,,,土,,,,,,,,,,,,,
阿倍野区,昭和町,1丁目,11番,,,,,,,,火金,,,,,,,,,,,,,,,,,,,,,,,水,,,,,,,,,,,,,,,,土,,,,,,土,,,,,,,,,,,,,,
阿倍野区,昭和町,1丁目,12番,,,,,,,火金,,,,,,,,,,,,,,,,,,,,,,,,水,,,,,,,,,,,,,,,,土,,,,,,,土,,,,,,,,,,,,,
阿倍野区,昭和町,1丁目,13番,軽四輪車(小さい車)で収集している地域,,,,,,,,,,火金,,,,,,,,,,,,,水,,,,,,,,,,,,,,,,土,,,,,,,,,,,,,土,,,,,,,,,,,,,,
阿倍野区,昭和町,1丁目,13番,上記以外,,,,,,,火金,,,,,,,,,,,,,,,,,,,,,,,水,,,,,,,,,,,,,,,,土,,,,,,土,,,,,,,,,,,,,,
阿倍野区,昭和町,1丁目,14番,,,,,,,,火金,,,,,,,,,,,,,,,,,,,,,,,水,,,,,,,,,,,,,,,,土,,,,,,土,,,,,,,,,,,,,,
阿倍野区,昭和町,1丁目,15番,,,,,,,,火金,,,,,,,,,,,,,,,,,,,,,,,水,,,,,,,,,,,,,,,,土,,,,,,土,,,,,,,,,,,,,,
阿倍野区,昭和町,1丁目,16番,,,,,,,,火金,,,,,,,,,,,,,,,,,,,,,,,水,,,,,,,,,,,,,,,,土,,,,,,土,,,,,,,,,,,,,,
阿倍野区,昭和町,1丁目,17番,,,,,,,,火金,,,,,,,,,,,,,,,,,,,,,,,水,,,,,,,,,,,,,,,,土,,,,,,土,,,,,,,,,,,,,,
阿倍野区,昭和町,1丁目,18番,,,,,,,火金,,,,,,,,,,,,,,,,,,,,,,,,水,,,,,,,,,,,,,,,,土,,,,,,土,,,,,,,,,,,,,,
阿倍野区,昭和町,1丁目,19番,,,,,,,,火金,,,,,,,,,,,,,,,,,,,,,,,水,,,,,,,,,,,,,,,,土,,,,,,土,,,,,,,,,,,,,,
阿倍野区,昭和町,1丁目,20番,,,,,,,火金,,,,,,,,,,,,,,,,,,,,,,,,水,,,,,,,,,,,,,,,,土,,,,,,土,,,,,,,,,,,,,,
阿倍野区,昭和町,1丁目,21番,軽四輪車(小さい車)で収集している地域,,,,,,火金,,,,,,,,,,,,,,,,,,水,,,,,,,,,,,,,,,,土,,,,,,,,,,,,土,,,,,,,,,,,,,,
阿倍野区,昭和町,1丁目,21番,上記以外,,,,,,火金,,,,,,,,,,,,,,,,,,,,,,,,水,,,,,,,,,,,,,,,,土,,,,,,土,,,,,,,,,,,,,,
阿倍野区,昭和町,2丁目,1番,軽四輪車(小さい車)で収集している地域,,,,,,,,火金,,,,,,,,,,,,,,,,,,,水,,,,,,,,,,,,,,,,土,,,,,,,,,,,,,,,,,,,,,,,
阿倍野区,昭和町,2丁目,1番,上記以外,,,,,,,,火金,,,,,,,,,,,,,,,,,,,,,,,,水,,,,,,,,,,,,,,,,土,,,,,,,,,,,,,,,,,,
阿倍野区,昭和町,2丁目,2番,軽四輪車(小さい車)で収集している地域,,,,,,,,火金,,,,,,,,,,,,,,,,,,,水,,,,,,,,,,,,,,,,土,,,,,,,,,,,,,,,,,,,,,,,
阿倍野区,昭和町,2丁目,2番,上記以外,,,,,,,,火金,,,,,,,,,,,,,,,,,,,,,,,,水,,,,,,,,,,,,,,,,土,,,,,,,,,,,,,,,,,,
阿倍野区,昭和町,2丁目,3番,軽四輪車(小さい車)で収集している地域,,,,,,,,火金,,,,,,,,,,,,,,,,,,,水,,,,,,,,,,,,,,,,土,,,,,,,,,,,,,,,,,,,,,,,
阿倍野区,昭和町,2丁目,3番,上記以外,,,,,,,,火金,,,,,,,,,,,,,,,,,,,,,,,,水,,,,,,,,,,,,,,,,土,,,,,,,,,,,,,,,,,,
阿倍野区,昭和町,2丁目,4番,軽四輪車(小さい車)で収集している地域,,,,,,,,,火金,,,,,,,,,,,,,,,,,,水,,,,,,,,,,,,,,,,土,,,,,,,,,,,,,,,,,,,,,,,
阿倍野区,昭和町,2丁目,4番,上記以外,,,,,,,,,火金,,,,,,,,,,,,,,,,,,,,,,,水,,,,,,,,,,,,,,,,土,,,,,,,,,,,,,,,,,,
阿倍野区,昭和町,2丁目,5番,軽四輪車(小さい車)で収集している地域,,,,,,,,,火金,,,,,,,,,,,,,,,,,,水,,,,,,,,,,,,,,,,土,,,,,,,,,,,,,,,,,,,,,,,
阿倍野区,昭和町,2丁目,5番,上記以外,,,,,,,,,火金,,,,,,,,,,,,,,,,,,,,,,,水,,,,,,,,,,,,,,,,土,,,,,,,,,,,,,,,,,,
阿倍野区,昭和町,2丁目,6番,軽四輪車(小さい車)で収集している地域,,,,,,,,,火金,,,,,,,,,,,,,,,,,,水,,,,,,,,,,,,,,,,土,,,,,,,,,,,,,,,,,,,,,,,
阿倍野区,昭和町,2丁目,6番,上記以外,,,,,,,,,火金,,,,,,,,,,,,,,,,,,,,,,,水,,,,,,,,,,,,,,,,土,,,,,,,,,,,,,,,,,,
阿倍野区,昭和町,2丁目,7番,,,,,,,,,,火金,,,,,,,,,,,,,,,,,,,,,,,水,,,,,,,,,,,,,,,,土,,,,,,,,,,,,,,,,,,
阿倍野区,昭和町,2丁目,8番,,,,,,,,,,火金,,,,,,,,,,,,,,,,,,,,,,,水,,,,,,,,,,,,,,,,土,,,,,,,,,,,,,,,,,,
阿倍野区,昭和町,2丁目,9番,,,,,,,,,,火金,,,,,,,,,,,,,,,,,,,,,,,水,,,,,,,,,,,,,,,,土,,,,,,,,,,,,,,,,,,
阿倍野区,昭和町,2丁目,10番,,,,,,,,,火金,,,,,,,,,,,,,,,,,,,,,,,,水,,,,,,,,,,,,,,,,土,,,,,,,,,,,,,,,,,,
阿倍野区,昭和町,2丁目,11番,,,,,,,,,,火金,,,,,,,,,,,,,,,,,,,,,,,水,,,,,,,,,,,,,,,,土,,,,,,,,,,,,,,,,,,
阿倍野区,昭和町,2丁目,12番,,,,,,,,,,火金,,,,,,,,,,,,,,,,,,,,,,,水,,,,,,,,,,,,,,,,土,,,,,,,,,,,,,,,,,,
阿倍野区,昭和町,2丁目,13番,,,,,,,,,,火金,,,,,,,,,,,,,,,,,,,,,,,水,,,,,,,,,,,,,,,,土,,,,,,,,,,,,,,,,,,
阿倍野区,昭和町,2丁目,14番,,,,,,,,,,火金,,,,,,,,,,,,,,,,,,,,,,,水,,,,,,,,,,,,,,,,土,,,,,,,,,,,,,,,,,,
阿倍野区,昭和町,2丁目,15番,,,,,,,,,,火金,,,,,,,,,,,,,,,,,,,,,,,水,,,,,,,,,,,,,,,,土,,,,,,,,,,,,,,,,,,
阿倍野区,昭和町,2丁目,16番,,,,,,,,,,火金,,,,,,,,,,,,,,,,,,,,,,,水,,,,,,,,,,,,,,,,土,,,,,,,,,,,,,,,,,,
阿倍野区,昭和町,2丁目,17番,,,,,,,,,,火金,,,,,,,,,,,,,,,,,,,,,,,水,,,,,,,,,,,,,,,,土,,,,,,,,,,,,,,,,,,
阿倍野区,昭和町,2丁目,18番,,,,,,,,,,火金,,,,,,,,,,,,,,,,,,,,,,,水,,,,,,,,,,,,,,,,土,,,,,,,,,,,,,,,,,,
阿倍野区,昭和町,2丁目,19番,,,,,,,,,,火金,,,,,,,,,,,,,,,,,,,,,,,水,,,,,,,,,,,,,,,,土,,,,,,,,,,,,,,,,,,
阿倍野区,昭和町,2丁目,20番,,,,,,,,,,火金,,,,,,,,,,,,,,,,,,,,,,,水,,,,,,,,,,,,,,,,土,,,,,,,,,,,,,,,,,,
阿倍野区,昭和町,2丁目,21番,,,,,,,,,,火金,,,,,,,,,,,,,,,,,,,,,,,水,,,,,,,,,,,,,,,,土,,,,,,,,,,,,,,,,,,
阿倍野区,昭和町,3丁目,1番,,,,,,,,,火金,,,,,,,,,,,,,,水,,,,,,,,,,,,,,,,土,,,,,,,,,,,,,,,,,,,,,,,,,,,,
阿倍野区,昭和町,3丁目,2番,,,,,,,,,火金,,,,,,,,,,,,,,水,,,,,,,,,,,,,,,,土,,,,,,,,,,,,,,,,,,,,,,,,,,,,
阿倍野区,昭和町,3丁目,3番,,,,,,,,,火金,,,,,,,,,,,,,,水,,,,,,,,,,,,,,,,土,,,,,,,,,,,,,,,,,,,,,,,,,,,,
阿倍野区,昭和町,3丁目,4番,,,,,,,,,,火金,,,,,,,,,,,,,水,,,,,,,,,,,,,,,,土,,,,,,,,,,,,,,,,,,,,,,,,,,,,
阿倍野区,昭和町,3丁目,5番,,,,,,,,,,火金,,,,,,,,,,,,,水,,,,,,,,,,,,,,,,土,,,,,,,,,,,,,,,,,,,,,,,,,,,,
阿倍野区,昭和町,3丁目,6番,,,,,,,,,,火金,,,,,,,,,,,,,,,,,,,,,水,,,,,,,,,,,,,,,,土,,,,,,,,,,,,,,,,,,,,
阿倍野区,昭和町,3丁目,7番,,,,,,,,,,火金,,,,,,,,,,,,,,,,,,,,,水,,,,,,,,,,,,,,,,土,,,,,,,,,,,,,,,,,,,,
阿倍野区,昭和町,3丁目,8番,,,,,,,,,,火金,,,,,,,,,,,,,,,,,,,,,水,,,,,,,,,,,,,,,,土,,,,,,,,,,,,,,,,,,,,
阿倍野区,昭和町,3丁目,9番,,,,,,,,,,火金,,,,,,,,,,,,,水,,,,,,,,,,,,,,,,土,,,,,,,,,,,,,,,,,,,,,,,,,,,,
阿倍野区,昭和町,3丁目,10番,,,,,,,,,,火金,,,,,,,,,,,,,水,,,,,,,,,,,,,,,,土,,,,,,,,,,,,,,,,,,,,,,,,,,,,
阿倍野区,昭和町,3丁目,11番,,,,,,,,,,火金,,,,,,,,,,,,,,,,,,,,,水,,,,,,,,,,,,,,,,土,,,,,,,,,,,,,,,,,,,,
阿倍野区,昭和町,4丁目,1番,,,,,,,,,,火金,,,,,,,,,,,,,,,,,,,,,水,,,,,,,,,,,,,,,,土,,,,,,,,,,,,,,,,,,,,
阿倍野区,昭和町,4丁目,2番,,,,,,,,,,火金,,,,,,,,,,,,,,,,,,,,,水,,,,,,,,,,,,,,,,土,,,,,,,,,,,,,,,,,,,,
阿倍野区,昭和町,4丁目,3番,,,,,,,,火金,,,,,,,,,,,,,,,,,,,,,,,水,,,,,,,,,,,,,,,,土,,,,,,,,,,,,,,,,,,,,
阿倍野区,昭和町,4丁目,4番,,,,,,,,火金,,,,,,,,,,,,,,,,,,,,,,,水,,,,,,,,,,,,,,,,土,,,,,,,,,,,,,,,,,,,,
阿倍野区,昭和町,4丁目,5番,,,,,,,,火金,,,,,,,,,,,,,,,,,,,,,,,水,,,,,,,,,,,,,,,,土,,,,,,,,,,,,,,,,,,,,
阿倍野区,昭和町,4丁目,6番,,,,,,,,火金,,,,,,,,,,,,,,,,,,,,,,,水,,,,,,,,,,,,,,,,土,,,,,,,,,,,,,,,,,,,,
阿倍野区,昭和町,4丁目,7番,,,,,,,,,,火金,,,,,,,,,,,,,,,,,,,,,水,,,,,,,,,,,,,,,,土,,,,,,,,,,,,,,,,,,,,
阿倍野区,昭和町,4丁目,8番,,,,,,,,,,火金,,,,,,,,,,,,,,,,,,,,,水,,,,,,,,,,,,,,,,土,,,,,,,,,,,,,,,,,,,,
阿倍野区,昭和町,4丁目,9番,,,,,,,,,,火金,,,,,,,,,,,,,,,,,,,,,水,,,,,,,,,,,,,,,,土,,,,,,,,,,,,,,,,,,,,
阿倍野区,昭和町,4丁目,10番,,,,,,,,,,火金,,,,,,,,,,,,,,,,,,,,,水,,,,,,,,,,,,,,,,土,,,,,,,,,,,,,,,,,,,,
阿倍野区,昭和町,4丁目,11番,,,,,,,,,,火金,,,,,,,,,,,,,,,,,,,,,水,,,,,,,,,,,,,,,,土,,,,,,,,,,,,,,,,,,,,
阿倍野区,昭和町,4丁目,12番,,,,,,,,,,火金,,,,,,,,,,,,,,,,,,,,,水,,,,,,,,,,,,,,,,土,,,,,,,,,,,,,,,,,,,,
阿倍野区,昭和町,5丁目,1番,,,,,,,,,,火金,,,,,,,,,,,,,,,,,,,,,水,,,,,,,,,,,,,,,,土,,,,,,,,,,,,,,,,,,,,
阿倍野区,昭和町,5丁目,2番,,,,,,,,火金,,,,,,,,,,,,,,,,,,,,,,,水,,,,,,,,,,,,,,,,土,,,,,,,,,,,,,,,,,,,,
阿倍野区,昭和町,5丁目,3番,,,,,,,,火金,,,,,,,,,,,,,,,,,,,,,,,水,,,,,,,,,,,,,,,,土,,,,,,,,,,,,,,,,,,,,
阿倍野区,昭和町,5丁目,4番,,,,,,,,火金,,,,,,,,,,,,,,,,,,,,,,,水,,,,,,,,,,,,,,,,土,,,,,,,,,,,,,,,,,,,,
阿倍野区,昭和町,5丁目,5番,,,,,,,,火金,,,,,,,,,,,,,,,,,,,,,,,水,,,,,,,,,,,,,,,,土,,,,,,,,,,,,,,,,,,,,
阿倍野区,昭和町,5丁目,6番,,,,,,,火金,,,,,,,,,,,,,,,,,,,,,,,,水,,,,,,,,,,,,,,,,土,,,,,,,,,,,,,,,,,,,,
阿倍野区,昭和町,5丁目,7番,,,,,,,,火金,,,,,,,,,,,,,,,,,,,,,,,水,,,,,,,,,,,,,,,,土,,,,,,,,,,,,,,,,,,,,
阿倍野区,昭和町,5丁目,8番,,,,,,,,火金,,,,,,,,,,,,,,,,,,,,,,,水,,,,,,,,,,,,,,,,土,,,,,,,,,,,,,,,,,,,,
阿倍野区,昭和町,5丁目,9番,,,,,,,,,火金,,,,,,,,,,,,,,,,,,,,,,水,,,,,,,,,,,,,,,,土,,,,,,,,,,,,,,,,,,,,
阿倍野区,昭和町,5丁目,10番,,,,,,,,,火金,,,,,,,,,,,,,,,,,,,,,,水,,,,,,,,,,,,,,,,土,,,,,,,,,,,,,,,,,,,,
阿倍野区,昭和町,5丁目,11番,,,,,,,,,火金,,,,,,,,,,,,,,,,,,,,,,水,,,,,,,,,,,,,,,,土,,,,,,,,,,,,,,,,,,,,
阿倍野区,昭和町,5丁目,12番,,,,,,,,,,火金,,,,,,,,,,,,,,,,,,,,,水,,,,,,,,,,,,,,,,土,,,,,,,,,,,,,,,,,,,,
阿倍野区,晴明通,1番,,,,,,,,,,,,,,,,,水土,,,,,,,月,,,,,,,,,,,,,,,,木,,,,,,,,,,,,,,,,,,,,,,,,,,,,木
阿倍野区,晴明通,2番,7~11号,,,,,,,,,,,,,,,,水土,,,,,,,月,,,,,,,,,,,,,,,,木,,,,,,,,,,,,,,,,,,,,,,,,,,,,木
阿倍野区,晴明通,2番,軽四輪車(小さい車)で収集している地域,,,,,,,水土,,,,,,,,,,,,,,,,月,,,,,,,,,,,,,,,,木,,,,,,,,,,,,,,,,,,,,,,,,,,,,木
阿倍野区,晴明通,2番,上記以外,,,,,,,,,,,,,,,,水土,,,,,,,月,,,,,,,,,,,,,,,,木,,,,,,,,,,,,,,,,,,,,,,,,,,,,木
阿倍野区,晴明通,3番,,,,,,,,,,,,,,,,,水土,,,,,,,月,,,,,,,,,,,,,,,,木,,,,,,,,,,,,,,,,,,,,,,,,,,,,木
阿倍野区,晴明通,4番,,,,,,,,,,,,,,,,,水土,,,,,,,月,,,,,,,,,,,,,,,,,木,,,,,,,,,,,,,,,,,,,,,,,,,,,木
阿倍野区,晴明通,5番,,,,,,,,,,,,,,,,,水土,,,,,,,月,,,,,,,,,,,,,,,,木,,,,,,,,,,,,,,,,,,,,,,,,,,,,木
阿倍野区,晴明通,6番,,,,,,,,,,,,,,,,,水土,,,,,,,月,,,,,,,,,,,,,,,,木,,,,,,,,,,,,,,,,,,,,,,,,,,,,木
阿倍野区,晴明通,7番,,,,,,,,,,,,,,,,,水土,,,,,,,,月,,,,,,,,,,,,,,,,木,,,,,,,,,,,,,,,,,,,,,,,,,,,木
阿倍野区,晴明通,8番,,,,,,,,,,,,,,,,,水土,,,,,,,,月,,,,,,,,,,,,,,,,木,,,,,,,,,,,,,,,,,,,,,,,,,,,木
阿倍野区,晴明通,9番,,,,,,,,,,,,,,,,,水土,,,,,,,月,,,,,,,,,,,,,,,,,木,,,,,,,,,,,,,,,,,,,,,,,,,,,木
阿倍野区,晴明通,10番,軽四輪車(小さい車)で収集している地域,,,,,,,,,水土,,,,,,,,,,,,,,,月,,,,,,,,,,,,,,,,木,,,,,,,,,,,,,,,,,,,,,,,,,木,,
阿倍野区,晴明通,10番,上記以外,,,,,,,,,,,,,,,,水土,,,,,,,月,,,,,,,,,,,,,,,,,木,,,,,,,,,,,,,,,,,,,,,,,,,木,,
阿倍野区,晴明通,11番,軽四輪車(小さい車)で収集している地域,,,,,,,,,,,,,,,,,,水土,,,,,,月,,,,,,,,,,,,,,,,木,,,,,,,,,,,,,,,,,,,,,,,,,,,木
阿倍野区,晴明通,11番,上記以外,,,,,,,,,,,,,,,,水土,,,,,,,月,,,,,,,,,,,,,,,,,木,,,,,,,,,,,,,,,,,,,,,,,,,,,木
阿倍野区,晴明通,12番,軽四輪車(小さい車)で収集している地域,,,,,,,,,水土,,,,,,,,,,,,,,,月,,,,,,,,,,,,,,,,木,,,,,,,,,,,,,,,,,,,,,,,,,,,木
阿倍野区,晴明通,12番,上記以外,,,,,,,,,,,,,,,,水土,,,,,,,,月,,,,,,,,,,,,,,,,木,,,,,,,,,,,,,,,,,,,,,,,,,,,木
阿倍野区,晴明通,13番,軽四輪車(小さい車)で収集している地域,,,,,,,,,,,,,,,,,水土,,,,,,,月,,,,,,,,,,,,,,,,木,,,,,,,,,,,,,,,,,,,,,,,,,,,木
阿倍野区,晴明通,13番,上記以外,,,,,,,,,,,,,,,,水土,,,,,,,月,,,,,,,,,,,,,,,,,木,,,,,,,,,,,,,,,,,,,,,,,,,,,木
阿倍野区,晴明通,14番,軽四輪車(小さい車)で収集している地域,,,,,,,,,,,,,,,,,,水土,,,,,,月,,,,,,,,,,,,,,,,木,,,,,,,,,,,,,,,,,,,,,,,,,,,木
阿倍野区,晴明通,14番,上記以外,,,,,,,,,,,,,,,,水土,,,,,,,月,,,,,,,,,,,,,,,,,木,,,,,,,,,,,,,,,,,,,,,,,,,,,木
阿倍野区,晴明通,15番,,,,,,,,,,,,,,,,,水土,,,,,,,,月,,,,,,,,,,,,,,,,木,,,,,,,,,,,,,,,,,,,,,,,,,,木,
阿倍野区,晴明通,16番,,,,,,,,,,,,,,,,,水土,,,,,,,月,,,,,,,,,,,,,,,,,木,,,,,,,,,,,,,,,,,,,,,,,,,木,,
阿倍野区,帝塚山,1丁目,1番,,,,,,,,,,,,水土,,,,,,,,,,,,,,,,,,,月,,,,,,,,,,,,,,,,木,,,,,,,木,,,,,,,,,,,,,
阿倍野区,帝塚山,1丁目,2番,,,,,,,,,,,,水土,,,,,,,,,,,,,,,,,,,月,,,,,,,,,,,,,,,,木,,,,,,,木,,,,,,,,,,,,,
阿倍野区,帝塚山,1丁目,3番,,,,,,,,,,,,水土,,,,,,,,,,,,,,,,,,,月,,,,,,,,,,,,,,,,木,,,,,,,木,,,,,,,,,,,,,
阿倍野区,帝塚山,1丁目,4番,,,,,,,,,,,,水土,,,,,,,,,,,,,,,,,,,月,,,,,,,,,,,,,,,,木,,,,,,,木,,,,,,,,,,,,,
阿倍野区,帝塚山,1丁目,5番,,,,,,,,,,,,水土,,,,,,,,,,,,,,,,,,,月,,,,,,,,,,,,,,,,木,,,,,,,木,,,,,,,,,,,,,
阿倍野区,帝塚山,1丁目,6番,,,,,,,,,,,,水土,,,,,,,,,,,,,,,,,,,月,,,,,,,,,,,,,,,,木,,,,,,,木,,,,,,,,,,,,,
阿倍野区,帝塚山,1丁目,7番,,,,,,,,,,,,水土,,,,,,,,,,,,,,,,,,,月,,,,,,,,,,,,,,,,木,,,,,,木,,,,,,,,,,,,,,
阿倍野区,帝塚山,1丁目,8番,,,,,,,,,,,,水土,,,,,,,,,,,,,,,,,,,月,,,,,,,,,,,,,,,,木,,,,,,木,,,,,,,,,,,,,,
阿倍野区,帝塚山,1丁目,9番,,,,,,,,,,,,水土,,,,,,,,,,,,,,,,,,,月,,,,,,,,,,,,,,,,木,,,,,,木,,,,,,,,,,,,,,
阿倍野区,帝塚山,1丁目,10番,ジオ帝塚山・エスリード帝塚山,,,,,,水土,,,,,,,,,,,,,,,,,,,,,,,,月,,,,,,,,,,,,,,,,木,,,,,,木,,,,,,,,,,,,,,
阿倍野区,帝塚山,1丁目,10番,上記以外,,,,,,,,,,,水土,,,,,,,,,,,,,,,,,,,月,,,,,,,,,,,,,,,,木,,,,,,木,,,,,,,,,,,,,,
阿倍野区,帝塚山,1丁目,11番,軽四輪車(小さい車)で収集している地域,,,,,,水土,,,,,,,,,,,,,,,,,,,,,,,,月,,,,,,,,,,,,,,,,木,,,,,,,木,,,,,,,,,,,,,
阿倍野区,帝塚山,1丁目,11番,2･25号,,,,,,,,,,,,,,,水土,,,,,,,,,,,,,,,月,,,,,,,,,,,,,,,,木,,,,,,木,,,,,,,,,,,,,,
阿倍野区,帝塚山,1丁目,11番,上記以外,,,,,,,,,,,水土,,,,,,,,,,,,,,,,,,,月,,,,,,,,,,,,,,,,木,,,,,,木,,,,,,,,,,,,,,
阿倍野区,帝塚山,1丁目,12番,軽四輪車(小さい車)で収集している地域,,,,,,,,,,,水土,,,,,,,,,,,,,,,,,,,月,,,,,,,,,,,,,,,,木,,,,,,,木,,,,,,,,,,,,,
阿倍野区,帝塚山,1丁目,12番,上記以外,,,,,,,,,,,水土,,,,,,,,,,,,,,,,,,,月,,,,,,,,,,,,,,,,木,,,,,,木,,,,,,,,,,,,,,
阿倍野区,帝塚山,1丁目,13番,軽四輪車(小さい車)で収集している地域,,,,,,水土,,,,,,,,,,,,,,,,,,,,,,,,月,,,,,,,,,,,,,,,,木,,,,,,,木,,,,,,,,,,,,,
阿倍野区,帝塚山,1丁目,13番,上記以外,,,,,,水土,,,,,,,,,,,,,,,,,,,,,,,,月,,,,,,,,,,,,,,,,木,,,,,,木,,,,,,,,,,,,,,
阿倍野区,帝塚山,1丁目,14番,,,,,,,水土,,,,,,,,,,,,,,,,,,,,,,,,月,,,,,,,,,,,,,,,,木,,,,,,木,,,,,,,,,,,,,,
阿倍野区,帝塚山,1丁目,15番,軽四輪車(小さい車)で収集している地域,,,,,,,,,,水土,,,,,,,,,,,,,,,,,月,,,,,,,,,,,,,,,,木,,,,,,,,,,木,,,,,,,,,,,,,
阿倍野区,帝塚山,1丁目,15番,上記以外,,,,,,水土,,,,,,,,,,,,,,,,,,,,,月,,,,,,,,,,,,,,,,木,,,,,,,,,,木,,,,,,,,,,,,,
阿倍野区,帝塚山,1丁目,16番,,,,,,,水土,,,,,,,,,,,,,,,,,,,,,月,,,,,,,,,,,,,,,,木,,,,,,,,,木,,,,,,,,,,,,,,
阿倍野区,帝塚山,1丁目,17番,軽四輪車(小さい車)で収集している地域,,,,,,,,,,水土,,,,,,,,,,,,,,,,,月,,,,,,,,,,,,,,,,木,,,,,,,,,木,,,,,,,,,,,,,,
阿倍野区,帝塚山,1丁目,17番,上記以外,,,,,,水土,,,,,,,,,,,,,,,,,,,,,月,,,,,,,,,,,,,,,,木,,,,,,,,,木,,,,,,,,,,,,,,
阿倍野区,帝塚山,1丁目,18番,,,,,,,水土,,,,,,,,,,,,,,,,,,月,,,,,,,,,,,,,,,,木,,,,,,,,,,,,木,,,,,,,,,,,,,,
阿倍野区,帝塚山,1丁目,19番,軽四輪車(小さい車)で収集している地域,,,,,,水土,,,,,,,,,,,,,,,,,,月,,,,,,,,,,,,,,,,木,,,,,,,,,,,,,木,,,,,,,,,,,,,
阿倍野区,帝塚山,1丁目,19番,上記以外,,,,,,水土,,,,,,,,,,,,,,,,,,月,,,,,,,,,,,,,,,,木,,,,,,,,,,,,木,,,,,,,,,,,,,,
阿倍野区,帝塚山,1丁目,20番,,,,,,,水土,,,,,,,,,,,,,,,,,,月,,,,,,,,,,,,,,,,木,,,,,,,,,,,,,木,,,,,,,,,,,,,
阿倍野区,帝塚山,1丁目,21番,軽四輪車(小さい車)で収集している地域,,,,,,水土,,,,,,,,,,,,,,,,,,月,,,,,,,,,,,,,,,,木,,,,,,,,,,,,,木,,,,,,,,,,,,,
阿倍野区,帝塚山,1丁目,21番,上記以外,,,,,,水土,,,,,,,,,,,,,,,,,,月,,,,,,,,,,,,,,,,木,,,,,,,,,,,,木,,,,,,,,,,,,,,
阿倍野区,帝塚山,1丁目,22番,,,,,,,水土,,,,,,,,,,,,,,,,,,月,,,,,,,,,,,,,,,,木,,,,,,,,,,,,木,,,,,,,,,,,,,,
阿倍野区,帝塚山,1丁目,23番,帝塚山セントポーリア,,,,,,,,,,,火金,,,,,,,,,,,,,,,,,,,月,,,,,,,,,,,,,,,,木,,,,,,木,,,,,,,,,,,,,,
阿倍野区,天王寺町北,1丁目,1番,,,,,,,月木,,,,,,,,,,,,,,,,,,,,,,,,火,,,,,,,,,,,,,,,,金,,,,,,,,,,,,,,,,,,,,
阿倍野区,天王寺町北,1丁目,2番,,,,,,,,月木,,,,,,,,,,,,,,,,,,,,,,,火,,,,,,,,,,,,,,,,金,,,,,,,,,,,,,,,,,,,,
阿倍野区,天王寺町北,1丁目,3番,,,,,,,月木,,,,,,,,,,,,,,,,,,,,,,,,火,,,,,,,,,,,,,,,,金,,,,,,,,,,,,,,,,,,,,
阿倍野区,天王寺町北,1丁目,4番,,,,,,,月木,,,,,,,,,,,,,,,,,,,,,,,,火,,,,,,,,,,,,,,,,金,,,,,,,,,,,,,,,,,,,,
阿倍野区,天王寺町北,1丁目,5番,,,,,,,月木,,,,,,,,,,,,,,,,,,,,,,,,火,,,,,,,,,,,,,,,,金,,,,,,,,,,,,,,,,,,,,
阿倍野区,天王寺町北,1丁目,6番,,,,,,,月木,,,,,,,,,,,,,,,,,,,,,,,,火,,,,,,,,,,,,,,,,金,,,,,,,,,,,,,,,,,,,,
阿倍野区,天王寺町北,1丁目,7番,,,,,,,月木,,,,,,,,,,,,,,,,,,,,,,,,火,,,,,,,,,,,,,,,,金,,,,,,,,,,,,,,,,,,,,
阿倍野区,天王寺町北,1丁目,8番,,,,,,,月木,,,,,,,,,,,,,,,,,,,,,,,,火,,,,,,,,,,,,,,,,金,,,,,,,,,,,,,,,,,,,,
阿倍野区,天王寺町北,1丁目,9番,,,,,,,月木,,,,,,,,,,,,,,,,,,,,,,,,,,火,,,,,,,,,,,,,,,,金,,,,,,,,,,,,,,,,,,
阿倍野区,天王寺町北,1丁目,10番,軽四輪車(小さい車)で収集している地域,,,,,,,,月木,,,,,,,,,,,,,,,,,,,,,,,,火,,,,,,,,,,,,,,,,金,,,,,,,,,,,,,,,,,,
阿倍野区,天王寺町北,1丁目,10番,上記以外,,,,,,,月木,,,,,,,,,,,,,,,,,,,,,,,火,,,,,,,,,,,,,,,,金,,,,,,,,,,,,,,,,,,,,
阿倍野区,天王寺町北,2丁目,1番,,,,,,,,月木,,,,,,,,,,,,,,,,,,,,,,,火,,,,,,,,,,,,,,,,金,,,,,,,,,,,,,,,,,,,,
阿倍野区,天王寺町北,2丁目,2番,,,,,,,,月木,,,,,,,,,,,,,,,,,,,,,,,火,,,,,,,,,,,,,,,,金,,,,,,,,,,,,,,,,,,,,
阿倍野区,天王寺町北,2丁目,3番,,,,,,,,月木,,,,,,,,,,,,,,,,,,,,,,,火,,,,,,,,,,,,,,,,金,,,,,,,,,,,,,,,,,,,,
阿倍野区,天王寺町北,2丁目,4番,,,,,,,,月木,,,,,,,,,,,,,,,,,,,,,,,火,,,,,,,,,,,,,,,,金,,,,,,,,,,,,,,,,,,,,
阿倍野区,天王寺町北,2丁目,5番,,,,,,,,月木,,,,,,,,,,,,,,,,,,,,,,,火,,,,,,,,,,,,,,,,金,,,,,,,,,,,,,,,,,,,,
阿倍野区,天王寺町北,2丁目,6番,,,,,,,月木,,,,,,,,,,,,,,,,,,,,,,,,火,,,,,,,,,,,,,,,,金,,,,,,,,,,,,,,,,,,,,
阿倍野区,天王寺町北,2丁目,7番,,,,,,,月木,,,,,,,,,,,,,,,,,,,,,,,,火,,,,,,,,,,,,,,,,金,,,,,,,,,,,,,,,,,,,,
阿倍野区,天王寺町北,2丁目,8番,,,,,,,月木,,,,,,,,,,,,,,,,,,,,,,,,火,,,,,,,,,,,,,,,,金,,,,,,,,,,,,,,,,,,,,
阿倍野区,天王寺町北,2丁目,9番,,,,,,,月木,,,,,,,,,,,,,,,,,,,,,,,,火,,,,,,,,,,,,,,,,金,,,,,,,,,,,,,,,,,,,,
阿倍野区,天王寺町北,2丁目,10番,,,,,,,月木,,,,,,,,,,,,,,,,,,,,,,,,火,,,,,,,,,,,,,,,,金,,,,,,,,,,,,,,,,,,,,
阿倍野区,天王寺町北,2丁目,11番,,,,,,,,月木,,,,,,,,,,,,,,,,,,,,,,,火,,,,,,,,,,,,,,,,金,,,,,,,,,,,,,,,,,,,,
阿倍野区,天王寺町北,2丁目,12番,,,,,,,,月木,,,,,,,,,,,,,,,,,,,,,,,火,,,,,,,,,,,,,,,,金,,,,,,,,,,,,,,,,,,,,
阿倍野区,天王寺町北,2丁目,13番,,,,,,,,月木,,,,,,,,,,,,,,,,,,,,,,,火,,,,,,,,,,,,,,,,金,,,,,,,,,,,,,,,,,,,,
阿倍野区,天王寺町北,2丁目,14番,,,,,,,,月木,,,,,,,,,,,,,,,,,,,,,,,火,,,,,,,,,,,,,,,,金,,,,,,,,,,,,,,,,,,,,
阿倍野区,天王寺町北,2丁目,15番,,,,,,,月木,,,,,,,,,,,,,,,,,,,,,,,,火,,,,,,,,,,,,,,,,金,,,,,,,,,,,,,,,,,,,,
阿倍野区,天王寺町北,2丁目,16番,,,,,,,,月木,,,,,,,,,,,,,,,,,,,,,,,火,,,,,,,,,,,,,,,,金,,,,,,,,,,,,,,,,,,,,
阿倍野区,天王寺町北,2丁目,17番,,,,,,,,月木,,,,,,,,,,,,,,,,,,,,,,,火,,,,,,,,,,,,,,,,金,,,,,,,,,,,,,,,,,,,,
阿倍野区,天王寺町北,2丁目,18番,,,,,,,,月木,,,,,,,,,,,,,,,,,,,,,,,火,,,,,,,,,,,,,,,,金,,,,,,,,,,,,,,,,,,,,
阿倍野区,天王寺町北,2丁目,19番,,,,,,,,月木,,,,,,,,,,,,,,,,,,,,,,,火,,,,,,,,,,,,,,,,金,,,,,,,,,,,,,,,,,,,,
阿倍野区,天王寺町北,2丁目,20番,,,,,,,月木,,,,,,,,,,,,,,,,,,,,,,,,火,,,,,,,,,,,,,,,,金,,,,,,,,,,,,,,,,,,,,
阿倍野区,天王寺町北,2丁目,21番,,,,,,,,月木,,,,,,,,,,,,,,,,,,,,,,,火,,,,,,,,,,,,,,,,金,,,,,,,,,,,,,,,,,,,,
阿倍野区,天王寺町北,2丁目,22番,,,,,,,,月木,,,,,,,,,,,,,,,,,,,,,,,火,,,,,,,,,,,,,,,,金,,,,,,,,,,,,,,,,,,,,
阿倍野区,天王寺町北,2丁目,23番,,,,,,,月木,,,,,,,,,,,,,,,,,,,,,,,,火,,,,,,,,,,,,,,,,金,,,,,,,,,,,,,,,,,,,,
阿倍野区,天王寺町北,2丁目,24番,,,,,,,月木,,,,,,,,,,,,,,,,,,,,,,,,火,,,,,,,,,,,,,,,,金,,,,,,,,,,,,,,,,,,,,
阿倍野区,天王寺町北,2丁目,25番,,,,,,,月木,,,,,,,,,,,,,,,,,,,,,,,,火,,,,,,,,,,,,,,,,金,,,,,,,,,,,,,,,,,,,,
阿倍野区,天王寺町北,2丁目,26番,,,,,,,,月木,,,,,,,,,,,,,,,,,,,,,,,火,,,,,,,,,,,,,,,,金,,,,,,,,,,,,,,,,,,,,
阿倍野区,天王寺町北,2丁目,27番,,,,,,,月木,,,,,,,,,,,,,,,,,,,,,,,,火,,,,,,,,,,,,,,,,金,,,,,,,,,,,,,,,,,,,,
阿倍野区,天王寺町北,2丁目,28番,,,,,,,,月木,,,,,,,,,,,,,,,,,,,,,,,火,,,,,,,,,,,,,,,,金,,,,,,,,,,,,,,,,,,,,
阿倍野区,天王寺町北,2丁目,29番,,,,,,,,月木,,,,,,,,,,,,,,,,,,,,,,,火,,,,,,,,,,,,,,,,金,,,,,,,,,,,,,,,,,,,,
阿倍野区,天王寺町北,2丁目,30番,,,,,,,,月木,,,,,,,,,,,,,,,,,,,,,,,火,,,,,,,,,,,,,,,,金,,,,,,,,,,,,,,,,,,,,
阿倍野区,天王寺町北,2丁目,31番,,,,,,,月木,,,,,,,,,,,,,,,,,,,,,,,,火,,,,,,,,,,,,,,,,金,,,,,,,,,,,,,,,,,,,,
阿倍野区,天王寺町北,3丁目,1番,,,,,,,月木,,,,,,,,,,,,,,,,,,,,,,,,火,,,,,,,,,,,,,,,,金,,,,,,,,,,,,,,,,,,,,
阿倍野区,天王寺町北,3丁目,2番,,,,,,,月木,,,,,,,,,,,,,,,,,,,,,,,,火,,,,,,,,,,,,,,,,金,,,,,,,,,,,,,,,,,,,,
阿倍野区,天王寺町北,3丁目,3番,,,,,,,,月木,,,,,,,,,,,,,,,,,,,,,,,火,,,,,,,,,,,,,,,,金,,,,,,,,,,,,,,,,,,,,
阿倍野区,天王寺町北,3丁目,4番,,,,,,,月木,,,,,,,,,,,,,,,,,,,,,,,,火,,,,,,,,,,,,,,,,金,,,,,,,,,,,,,,,,,,,,
阿倍野区,天王寺町北,3丁目,5番,,,,,,,,月木,,,,,,,,,,,,,,,,,,,,,,,火,,,,,,,,,,,,,,,,金,,,,,,,,,,,,,,,,,,,,
阿倍野区,天王寺町北,3丁目,6番,,,,,,,,月木,,,,,,,,,,,,,,,,,,,,,,,火,,,,,,,,,,,,,,,,金,,,,,,,,,,,,,,,,,,,,
阿倍野区,天王寺町北,3丁目,7番,,,,,,,,月木,,,,,,,,,,,,,,,,,,,,,,,火,,,,,,,,,,,,,,,,金,,,,,,,,,,,,,,,,,,,,
阿倍野区,天王寺町北,3丁目,8番,,,,,,,月木,,,,,,,,,,,,,,,,,,,,,,,,火,,,,,,,,,,,,,,,,金,,,,,,,,,,,,,,,,,,,,
阿倍野区,天王寺町北,3丁目,9番,,,,,,,,月木,,,,,,,,,,,,,,,,,,,,,,,火,,,,,,,,,,,,,,,,金,,,,,,,,,,,,,,,,,,,,
阿倍野区,天王寺町北,3丁目,10番,,,,,,,月木,,,,,,,,,,,,,,,,,,,,,,,,火,,,,,,,,,,,,,,,,金,,,,,,,,,,,,,,,,,,,,
阿倍野区,天王寺町北,3丁目,11番,,,,,,,月木,,,,,,,,,,,,,,,,,,,,,,,,火,,,,,,,,,,,,,,,,金,,,,,,,,,,,,,,,,,,,,
阿倍野区,天王寺町北,3丁目,12番,,,,,,,月木,,,,,,,,,,,,,,,,,,,,,,,,火,,,,,,,,,,,,,,,,金,,,,,,,,,,,,,,,,,,,,
阿倍野区,天王寺町北,3丁目,13番,,,,,,,月木,,,,,,,,,,,,,,,,,,,,,,,,火,,,,,,,,,,,,,,,,金,,,,,,,,,,,,,,,,,,,,
阿倍野区,天王寺町北,3丁目,14番,,,,,,,,月木,,,,,,,,,,,,,,,,,,,,,,,火,,,,,,,,,,,,,,,,金,,,,,,,,,,,,,,,,,,,,
阿倍野区,天王寺町北,3丁目,15番,,,,,,,,月木,,,,,,,,,,,,,,,,,,,,,,,火,,,,,,,,,,,,,,,,金,,,,,,,,,,,,,,,,,,,,
阿倍野区,天王寺町北,3丁目,16番,,,,,,,,月木,,,,,,,,,,,,,,,,,,,,,,,火,,,,,,,,,,,,,,,,金,,,,,,,,,,,,,,,,,,,,
阿倍野区,天王寺町北,3丁目,17番,,,,,,,月木,,,,,,,,,,,,,,,,,,,,,,,,火,,,,,,,,,,,,,,,,金,,,,,,,,,,,,,,,,,,,,
阿倍野区,天王寺町北,3丁目,18番,,,,,,,,月木,,,,,,,,,,,,,,,,,,,,,,,火,,,,,,,,,,,,,,,,金,,,,,,,,,,,,,,,,,,,,
阿倍野区,天王寺町南,1丁目,1番,,,,,,,月木,,,,,,,,,,,,,,,,,,,,,,,,,火,,,,,,,,,,,,,,,,金,,,,,,,,,,,,,,,,,,,
阿倍野区,天王寺町南,1丁目,2番,,,,,,,月木,,,,,,,,,,,,,,,,,,,,,,,,,火,,,,,,,,,,,,,,,,金,,,,,,,,,,,,,,,,,,,
阿倍野区,天王寺町南,1丁目,3番,,,,,,,,月木,,,,,,,,,,,,,,,,,,,,,,,,火,,,,,,,,,,,,,,,,金,,,,,,,,,,,,,,,,,,,
阿倍野区,天王寺町南,1丁目,4番,,,,,,,,,,月木,,,,,,,,,,,,,,,,,,,,,,火,,,,,,,,,,,,,,,,金,,,,,,,,,,,,,,,,,,,
阿倍野区,天王寺町南,1丁目,5番,,,,,,,,,,月木,,,,,,,,,,,,,,,,,,,,,,火,,,,,,,,,,,,,,,,金,,,,,,,,,,,,,,,,,,,
阿倍野区,天王寺町南,1丁目,6番,,,,,,,,,,月木,,,,,,,,,,,,,,,,,,,,,,火,,,,,,,,,,,,,,,,金,,,,,,,,,,,,,,,,,,,
阿倍野区,天王寺町南,1丁目,7番,,,,,,,,,,,月木,,,,,,,,,,,,,,,,,,,,,火,,,,,,,,,,,,,,,,金,,,,,,,,,,,,,,,,,,,
阿倍野区,天王寺町南,2丁目,1番,,,,,,,,月木,,,,,,,,,,,,,,,,,,,,,,,火,,,,,,,,,,,,,,,,金,,,,,,,,,,,,,,,,,,,,
阿倍野区,天王寺町南,2丁目,2番,,,,,,,月木,,,,,,,,,,,,,,,,,,,,,,,,火,,,,,,,,,,,,,,,,金,,,,,,,,,,,,,,,,,,,,
阿倍野区,天王寺町南,2丁目,5番,,,,,,,月木,,,,,,,,,,,,,,,,,,,,,,,,火,,,,,,,,,,,,,,,,金,,,,,,,,,,,,,,,,,,,,
阿倍野区,天王寺町南,2丁目,6番,,,,,,,月木,,,,,,,,,,,,,,,,,,,,,,,,火,,,,,,,,,,,,,,,,金,,,,,,,,,,,,,,,,,,,,
阿倍野区,天王寺町南,2丁目,8番,,,,,,,,,,月木,,,,,,,,,,,,,,,,,,,,,,火,,,,,,,,,,,,,,,,金,,,,,,,,,,,,,,,,,,,
阿倍野区,天王寺町南,2丁目,9番,,,,,,,月木,,,,,,,,,,,,,,,,,,,,,,,,,火,,,,,,,,,,,,,,,,金,,,,,,,,,,,,,,,,,,,
阿倍野区,天王寺町南,2丁目,10番,,,,,,,,月木,,,,,,,,,,,,,,,,,,,,,,,,火,,,,,,,,,,,,,,,,金,,,,,,,,,,,,,,,,,,,
阿倍野区,天王寺町南,2丁目,11番,,,,,,,,月木,,,,,,,,,,,,,,,,,,,,,,,,火,,,,,,,,,,,,,,,,金,,,,,,,,,,,,,,,,,,,
阿倍野区,天王寺町南,2丁目,12番,,,,,,,,,月木,,,,,,,,,,,,,,,,,,,,,,,火,,,,,,,,,,,,,,,,金,,,,,,,,,,,,,,,,,,,
阿倍野区,天王寺町南,2丁目,13番,,,,,,,,月木,,,,,,,,,,,,,,,,,,,,,,,,火,,,,,,,,,,,,,,,,金,,,,,,,,,,,,,,,,,,,
阿倍野区,天王寺町南,2丁目,14番,,,,,,,,月木,,,,,,,,,,,,,,,,,,,,,,,,火,,,,,,,,,,,,,,,,金,,,,,,,,,,,,,,,,,,,
阿倍野区,天王寺町南,2丁目,15番,,,,,,,,,月木,,,,,,,,,,,,,,,,,,,,,,,火,,,,,,,,,,,,,,,,金,,,,,,,,,,,,,,,,,,,
阿倍野区,天王寺町南,2丁目,16番,,,,,,,,月木,,,,,,,,,,,,,,,,,,,,,,,,火,,,,,,,,,,,,,,,,金,,,,,,,,,,,,,,,,,,,
阿倍野区,天王寺町南,2丁目,17番,,,,,,,月木,,,,,,,,,,,,,,,,,,,,,,,,,火,,,,,,,,,,,,,,,,金,,,,,,,,,,,,,,,,,,,
阿倍野区,天王寺町南,2丁目,18番,,,,,,,,,,月木,,,,,,,,,,,,,,,,,,,,,,火,,,,,,,,,,,,,,,,金,,,,,,,,,,,,,,,,,,,
阿倍野区,天王寺町南,2丁目,19番,,,,,,,,,,月木,,,,,,,,,,,,,,,,,,,,,,火,,,,,,,,,,,,,,,,金,,,,,,,,,,,,,,,,,,,
阿倍野区,天王寺町南,2丁目,20番,,,,,,,,,,月木,,,,,,,,,,,,,,,,,,,,,,火,,,,,,,,,,,,,,,,金,,,,,,,,,,,,,,,,,,,
阿倍野区,天王寺町南,2丁目,21番,,,,,,,,,,月木,,,,,,,,,,,,,,,,,,,,,,火,,,,,,,,,,,,,,,,金,,,,,,,,,,,,,,,,,,,
阿倍野区,天王寺町南,2丁目,22番,,,,,,,,,,月木,,,,,,,,,,,,,,,,,,,,,,火,,,,,,,,,,,,,,,,金,,,,,,,,,,,,,,,,,,,
阿倍野区,天王寺町南,2丁目,23番,,,,,,,,,,,月木,,,,,,,,,,,,,,,,,,,,,火,,,,,,,,,,,,,,,,金,,,,,,,,,,,,,,,,,,,
阿倍野区,天王寺町南,2丁目,24番,,,,,,,,,月木,,,,,,,,,,,,,,,,,,,,,,,火,,,,,,,,,,,,,,,,金,,,,,,,,,,,,,,,,,,,
阿倍野区,天王寺町南,2丁目,25番,,,,,,,,,,,月木,,,,,,,,,,,,,,,,,,,,,火,,,,,,,,,,,,,,,,金,,,,,,,,,,,,,,,,,,,
阿倍野区,天王寺町南,2丁目,26番,,,,,,,,,,月木,,,,,,,,,,,,,,,,,,,,,,火,,,,,,,,,,,,,,,,金,,,,,,,,,,,,,,,,,,,
阿倍野区,天王寺町南,3丁目,1番,,,,,,,月木,,,,,,,,,,,,,,,,,,,,,,,,火,,,,,,,,,,,,,,,,金,,,,,,,,,,,,,,,,,,,,
阿倍野区,天王寺町南,3丁目,4番,,,,,,,,月木,,,,,,,,,,,,,,,,,,,,,,,,,火,,,,,,,,,,,,,,,,金,,,,,,,,,,,,,,,,,,
阿倍野区,天王寺町南,3丁目,5番,,,,,,,,月木,,,,,,,,,,,,,,,,,,,,,,,,,火,,,,,,,,,,,,,,,,金,,,,,,,,,,,,,,,,,,
阿倍野区,天王寺町南,3丁目,6番,,,,,,,,月木,,,,,,,,,,,,,,,,,,,,,,,,,火,,,,,,,,,,,,,,,,金,,,,,,,,,,,,,,,,,,
阿倍野区,天王寺町南,3丁目,7番,,,,,,,,,,月木,,,,,,,,,,,,,,,,,,,,,,,火,,,,,,,,,,,,,,,,金,,,,,,,,,,,,,,,,,,
阿倍野区,天王寺町南,3丁目,8番,,,,,,,,,,月木,,,,,,,,,,,,,,,,,,,,,,,火,,,,,,,,,,,,,,,,金,,,,,,,,,,,,,,,,,,
阿倍野区,天王寺町南,3丁目,9番,,,,,,,,月木,,,,,,,,,,,,,,,,,,,,,,,,,火,,,,,,,,,,,,,,,,金,,,,,,,,,,,,,,,,,,
阿倍野区,天王寺町南,3丁目,10番,,,,,,,,月木,,,,,,,,,,,,,,,,,,,,,,,,,火,,,,,,,,,,,,,,,,金,,,,,,,,,,,,,,,,,,
阿倍野区,天王寺町南,3丁目,11番,,,,,,,,月木,,,,,,,,,,,,,,,,,,,,,,,,,火,,,,,,,,,,,,,,,,金,,,,,,,,,,,,,,,,,,
阿倍野区,天王寺町南,3丁目,12番,,,,,,,,月木,,,,,,,,,,,,,,,,,,,,,,,,,火,,,,,,,,,,,,,,,,金,,,,,,,,,,,,,,,,,,
阿倍野区,長池町,1番,,,,,,,,,,,火金,,,,,,,,,,,,,,,,,,,,,水,,,,,,,,,,,,,,,,土,,,,,,,,,,,,,,,,,,,,
阿倍野区,長池町,2番,,,,,,,,,,,火金,,,,,,,,,,,,,,,,,,,,,水,,,,,,,,,,,,,,,,土,,,,,,,,,,,,,,,,,,,,
阿倍野区,長池町,3番,,,,,,,,,,,火金,,,,,,,,,,,,,,,,,,,,,水,,,,,,,,,,,,,,,,土,,,,,,,,,,,,,,,,,,,,
阿倍野区,長池町,4番,,,,,,,,,,,,火金,,,,,,,,,,,,,,,,,,,,水,,,,,,,,,,,,,,,,土,,,,,,,,,,,,,,,,,,,,
阿倍野区,長池町,5番,,,,,,,,,,,火金,,,,,,,,,,,,,,,,,,,,,水,,,,,,,,,,,,,,,,土,,,,,,,,,,,,,,,,,,,,
阿倍野区,長池町,6番,,,,,,,,,火金,,,,,,,,,,,,,,,,,,,,,,,水,,,,,,,,,,,,,,,,土,,,,,,,,,,,,,,,,,,,,
阿倍野区,長池町,7番,,,,,,,,,火金,,,,,,,,,,,,,,,,,,,,,,,水,,,,,,,,,,,,,,,,土,,,,,,,,,,,,,,,,,,,,
阿倍野区,長池町,8番,,,,,,,,,火金,,,,,,,,,,,,,,,,,,,,,,,水,,,,,,,,,,,,,,,,土,,,,,,,,,,,,,,,,,,,,
阿倍野区,長池町,9番,,,,,,,,,火金,,,,,,,,,,,,,,,,,,,,,,,水,,,,,,,,,,,,,,,,,,土,,,,,,,,,,,,,,,,,,
阿倍野区,長池町,10番,,,,,,,,,火金,,,,,,,,,,,,,,,,,,,,,,,水,,,,,,,,,,,,,,,,,,土,,,,,,,,,,,,,,,,,,
阿倍野区,長池町,11番,軽四輪車(小さい車)で収集している地域,,,,,,,,火金,,,,,,,,,,,,,,,,,,,,,,水,,,,,,,,,,,,,,,,土,,,,,,,,,,,,,,,,,,,,,
阿倍野区,長池町,11番,上記以外,,,,,,,,火金,,,,,,,,,,,,,,,,,,,,,,,,水,,,,,,,,,,,,,,,,,土,,,,,,,,,,,,,,,,,,
阿倍野区,長池町,12番,軽四輪車(小さい車)で収集している地域,,,,,,,,火金,,,,,,,,,,,,,,,,,,,,,,水,,,,,,,,,,,,,,,,土,,,,,,,,,,,,,,,,,,,,,
阿倍野区,長池町,12番,上記以外,,,,,,,,火金,,,,,,,,,,,,,,,,,,,,,,,,水,,,,,,,,,,,,,,,,,土,,,,,,,,,,,,,,,,,,
阿倍野区,長池町,13番,軽四輪車(小さい車)で収集している地域,,,,,,,,火金,,,,,,,,,,,,,,,,,,,,,,水,,,,,,,,,,,,,,,,土,,,,,,,,,,,,,,,,,,,,,
阿倍野区,長池町,13番,上記以外,,,,,,,,火金,,,,,,,,,,,,,,,,,,,,,,,,水,,,,,,,,,,,,,,,,,土,,,,,,,,,,,,,,,,,,
阿倍野区,長池町,14番,軽四輪車(小さい車)で収集している地域,,,,,,,火金,,,,,,,,,,,,,,,,,,,,,,,水,,,,,,,,,,,,,,,,土,,,,,,,,,,,,,,,,,,,,,
阿倍野区,長池町,14番,上記以外,,,,,,,火金,,,,,,,,,,,,,,,,,,,,,,,,,水,,,,,,,,,,,,,,,,,土,,,,,,,,,,,,,,,,,,
阿倍野区,長池町,15番,軽四輪車(小さい車)で収集している地域,,,,,,,,火金,,,,,,,,,,,,,,,,,,,,,,水,,,,,,,,,,,,,,,,土,,,,,,,,,,,,,,,,,,,,,
阿倍野区,長池町,15番,上記以外,,,,,,,,火金,,,,,,,,,,,,,,,,,,,,,,,,水,,,,,,,,,,,,,,,,,土,,,,,,,,,,,,,,,,,,
阿倍野区,長池町,16番,軽四輪車(小さい車)で収集している地域,,,,,,,,火金,,,,,,,,,,,,,,,,,,,,,,水,,,,,,,,,,,,,,,,土,,,,,,,,,,,,,,,,,,,,,
阿倍野区,長池町,16番,上記以外,,,,,,,,火金,,,,,,,,,,,,,,,,,,,,,,,,水,,,,,,,,,,,,,,,,,土,,,,,,,,,,,,,,,,,,
阿倍野区,長池町,17番,軽四輪車(小さい車)で収集している地域,,,,,,,,火金,,,,,,,,,,,,,,,,,,,,,,水,,,,,,,,,,,,,,,,土,,,,,,,,,,,,,,,,,,,,,
阿倍野区,長池町,17番,上記以外,,,,,,,,火金,,,,,,,,,,,,,,,,,,,,,,,,水,,,,,,,,,,,,,,,,,土,,,,,,,,,,,,,,,,,,
阿倍野区,長池町,18番,軽四輪車(小さい車)で収集している地域,,,,,,,,火金,,,,,,,,,,,,,,,,,,,,,,水,,,,,,,,,,,,,,,,土,,,,,,,,,,,,,,,,,,,,,
阿倍野区,長池町,18番,上記以外,,,,,,,,火金,,,,,,,,,,,,,,,,,,,,,,,,水,,,,,,,,,,,,,,,,,土,,,,,,,,,,,,,,,,,,
阿倍野区,長池町,21番,軽四輪車(小さい車)で収集している地域,,,,,,,,,火金,,,,,,,,,,,,,,,,,,,,,水,,,,,,,,,,,,,,,,土,,,,,,,,,,,,,,,,,,,,,
阿倍野区,長池町,21番,上記以外,,,,,,,,,火金,,,,,,,,,,,,,,,,,,,,,,,水,,,,,,,,,,,,,,,,,土,,,,,,,,,,,,,,,,,,
阿倍野区,西田辺町,1丁目,1番,,,,,,,水土,,,,,,,,,,,,,,,,,,,,,,,,,月,,,,,,,,,,,,,,,,木,,,,,,,,,,,,,,,,,,,
阿倍野区,西田辺町,1丁目,2番,,,,,,,水土,,,,,,,,,,,,,,,,,,,,,,,,,月,,,,,,,,,,,,,,,,木,,,,,,,,,,,,,,,,,,,
阿倍野区,西田辺町,1丁目,3番,,,,,,,,,水土,,,,,,,,,,,,,,,,,,,,,,,月,,,,,,,,,,,,,,,,木,,,,,,,,,,,,,,,,,,,
阿倍野区,西田辺町,1丁目,4番,軽四輪車(小さい車)で収集している地域,,,,,,水土,,,,,,,,,,,,,,,,,,,,,,,,,,月,,,,,,,,,,,,,,,,木,,,,,,,,,,,,,,,,,,
阿倍野区,西田辺町,1丁目,4番,上記以外,,,,,,,,水土,,,,,,,,,,,,,,,,,,,,,,,月,,,,,,,,,,,,,,,,木,,,,,,,,,,,,,,,,,,,
阿倍野区,西田辺町,1丁目,5番,軽四輪車(小さい車)で収集している地域,,,,,,水土,,,,,,,,,,,,,,,,,,,,,,,,,,月,,,,,,,,,,,,,,,,木,,,,,,,,,,,,,,,,,,
阿倍野区,西田辺町,1丁目,5番,上記以外,,,,,,,,水土,,,,,,,,,,,,,,,,,,,,,,,月,,,,,,,,,,,,,,,,木,,,,,,,,,,,,,,,,,,,
阿倍野区,西田辺町,1丁目,6番,軽四輪車(小さい車)で収集している地域,,,,,,水土,,,,,,,,,,,,,,,,,,,,,,,,,,月,,,,,,,,,,,,,,,,木,,,,,,,,,,,,,,,,,,
阿倍野区,西田辺町,1丁目,6番,上記以外,,,,,,,,水土,,,,,,,,,,,,,,,,,,,,,,,月,,,,,,,,,,,,,,,,木,,,,,,,,,,,,,,,,,,,
阿倍野区,西田辺町,1丁目,7番,,,,,,,,,水土,,,,,,,,,,,,,,,,,,,,,,,月,,,,,,,,,,,,,,,,木,,,,,,,,,,,,,,,,,,,
阿倍野区,西田辺町,1丁目,8番,,,,,,,,,水土,,,,,,,,,,,,,,,,,,,,,,,月,,,,,,,,,,,,,,,,木,,,,,,,,,,,,,,,,,,,
阿倍野区,西田辺町,1丁目,9番,,,,,,,,,水土,,,,,,,,,,,,,,,,,,,,,,,月,,,,,,,,,,,,,,,,木,,,,,,,,,,,,,,,,,,,
阿倍野区,西田辺町,1丁目,10番,,,,,,,,,水土,,,,,,,,,,,,,,,,,,,,,,,月,,,,,,,,,,,,,,,,木,,,,,,,,,,,,,,,,,,,
阿倍野区,西田辺町,1丁目,11番,,,,,,,,,水土,,,,,,,,,,,,,,,,,,,,,,,月,,,,,,,,,,,,,,,,木,,,,,,,,,,,,,,,,,,,
阿倍野区,西田辺町,1丁目,12番,,,,,,,,,水土,,,,,,,,,,,,,,,,,,,,,,,月,,,,,,,,,,,,,,,,木,,,,,,,,,,,,,,,,,,,
阿倍野区,西田辺町,1丁目,13番,,,,,,,,,水土,,,,,,,,,,,,,,,,,,,,,,,月,,,,,,,,,,,,,,,,木,,,,,,,,,,,,,,,,,,,
阿倍野区,西田辺町,1丁目,14番,,,,,,,,,水土,,,,,,,,,,,,,,,,,,,,,,,月,,,,,,,,,,,,,,,,木,,,,,,,,,,,,,,,,,,,
阿倍野区,西田辺町,1丁目,15番,,,,,,,,,水土,,,,,,,,,,,,,,,,,,,,,,,月,,,,,,,,,,,,,,,,木,,,,,,,,,,,,,,,,,,,
阿倍野区,西田辺町,1丁目,16番,,,,,,,,,水土,,,,,,,,,,,,,,,,,,,,,,,月,,,,,,,,,,,,,,,,木,,,,,,,,,,,,,,,,,,,
阿倍野区,西田辺町,1丁目,17番,,,,,,,,水土,,,,,,,,,,,,,,,,,,,,,,,,月,,,,,,,,,,,,,,,,木,,,,,,,,,,,,,,,,,,,
阿倍野区,西田辺町,1丁目,18番,,,,,,,,水土,,,,,,,,,,,,,,,,,,,,,,,月,,,,,,,,,,,,,,,,木,,,,,,,,,,,,,,,,,,,,
阿倍野区,西田辺町,1丁目,19番,,,,,,,,水土,,,,,,,,,,,,,,,,,,,,,,,月,,,,,,,,,,,,,,,,木,,,,,,,,,,,,,,,,,,,,
阿倍野区,西田辺町,1丁目,20番,,,,,,,,水土,,,,,,,,,,,,,,,,,,,,,,,月,,,,,,,,,,,,,,,,木,,,,,,,,,,,,,,,,,,,,
阿倍野区,西田辺町,1丁目,21番,,,,,,,,水土,,,,,,,,,,,,,,,,,,,,,,,月,,,,,,,,,,,,,,,,木,,,,,,,,,,,,,,,,,,,,
阿倍野区,西田辺町,2丁目,1番,,,,,,,,水土,,,,,,,,,,,,,,,,,,,,,,,,月,,,,,,,,,,,,,,,,木,,,,,,,,,,,,,,,,,,,
阿倍野区,西田辺町,2丁目,2番,,,,,,,,,水土,,,,,,,,,,,,,,,,,,,,,,,月,,,,,,,,,,,,,,,,木,,,,,,,,,,,,,,,,,,,
阿倍野区,西田辺町,2丁目,3番,,,,,,,,,水土,,,,,,,,,,,,,,,,,,,,,,,月,,,,,,,,,,,,,,,,木,,,,,,,,,,,,,,,,,,,
阿倍野区,西田辺町,2丁目,4番,,,,,,,,,水土,,,,,,,,,,,,,,,,,,,,,,,月,,,,,,,,,,,,,,,,木,,,,,,,,,,,,,,,,,,,
阿倍野区,西田辺町,2丁目,5番,,,,,,,,,,水土,,,,,,,,,,,,,,,,,,,,,,月,,,,,,,,,,,,,,,,木,,,,,,,,,,,,,,,,,,,
阿倍野区,西田辺町,2丁目,6番,,,,,,,,,,水土,,,,,,,,,,,,,,,,,,,,,,月,,,,,,,,,,,,,,,,木,,,,,,,,,,,,,,,,,,,
阿倍野区,西田辺町,2丁目,7番,,,,,,,,,,水土,,,,,,,,,,,,,,,,,,,,,,月,,,,,,,,,,,,,,,,木,,,,,,,,,,,,,,,,,,,
阿倍野区,西田辺町,2丁目,8番,,,,,,,,水土,,,,,,,,,,,,,,,,,,,,,,,,月,,,,,,,,,,,,,,,,木,,,,,,,,,,,,,,,,,,,
阿倍野区,西田辺町,2丁目,9番,,,,,,,,水土,,,,,,,,,,,,,,,,,,,,,,,,月,,,,,,,,,,,,,,,,木,,,,,,,,,,,,,,,,,,,
阿倍野区,西田辺町,2丁目,10番,,,,,,,,水土,,,,,,,,,,,,,,,,,,,,,,,,月,,,,,,,,,,,,,,,,木,,,,,,,,,,,,,,,,,,,
阿倍野区,西田辺町,2丁目,11番,,,,,,,,水土,,,,,,,,,,,,,,,,,,,,,,,,月,,,,,,,,,,,,,,,,木,,,,,,,,,,,,,,,,,,,
阿倍野区,橋本町,1番,,,,,,,,,,,,,,,,水土,,,,,,,,,月,,,,,,,,,,,,,,,,,木,,,,,,,,,,,,,,,,,,,,,,,,,,木
阿倍野区,橋本町,2番,3~10･33号,,,,,,,,,,,,,,,,水土,,,,,,,,,月,,,,,,,,,,,,,,,,,木,,,,,,,,,,,,,,,,,,,,,,,,木,
阿倍野区,橋本町,2番,軽四輪車(小さい車)で収集している地域,,,,,,,,,,,,,,,,水土,,,,,,,,,月,,,,,,,,,,,,,,,,,木,,,,,,,,,,,,,,,,,,,,,,,,木,
阿倍野区,橋本町,2番,上記以外,,,,,,,,,,,,,,,,,,水土,,,,,,,月,,,,,,,,,,,,,,,,,木,,,,,,,,,,,,,,,,,,,,,,,,,木
阿倍野区,橋本町,3番,40･48･51号,,,,,,,,,,,,,,,,,月木,,,,,,,,火,,,,,,,,,,,,,,,,金,,,,,,,,,,,,,,,,金,,,,,,,,,,
阿倍野区,橋本町,3番,軽四輪車(小さい車)で収集している地域,,,,,,,,,,,,,,,,水土,,,,,,,,,月,,,,,,,,,,,,,,,,,木,,,,,,,,,,,,,,,,,,,,,,,,木,
阿倍野区,橋本町,3番,上記以外,,,,,,,,,,,,,,,,,,,水土,,,,,,月,,,,,,,,,,,,,,,,,木,,,,,,,,,,,,,,,,,,,,,,,,木,
阿倍野区,橋本町,4番,　2~13･27号,,,,,,,,,,,,,,,,水土,,,,,,,,,月,,,,,,,,,,,,,,,,,木,,,,,,,,,,,,,,,,,,,,,,,,木,
阿倍野区,橋本町,4番,軽四輪車(小さい車)で収集している地域,,,,,,,,,,,,,,,,水土,,,,,,,,,月,,,,,,,,,,,,,,,,,木,,,,,,,,,,,,,,,,,,,,,,,,木,
阿倍野区,橋本町,4番,上記以外,,,,,,,,,,,,,,,,,,,水土,,,,,,月,,,,,,,,,,,,,,,,,木,,,,,,,,,,,,,,,,,,,,,,,,木,
阿倍野区,橋本町,5番,9~21号,,,,,,,,,,,,,,,,水土,,,,,,,,,月,,,,,,,,,,,,,,,,,木,,,,,,,,,,,,,,,,,,,,,,,,木,
阿倍野区,橋本町,5番,軽四輪車(小さい車)で収集している地域,,,,,,,,,,,,,,,,水土,,,,,,,,,月,,,,,,,,,,,,,,,,,木,,,,,,,,,,,,,,,,,,,,,,,,木,
阿倍野区,橋本町,5番,上記以外,,,,,,,,,,,,,,,,,,水土,,,,,,,月,,,,,,,,,,,,,,,,,木,,,,,,,,,,,,,,,,,,,,,,,,木,
阿倍野区,橋本町,6番,,,,,,,,,,,,,,,,,水土,,,,,,,,,月,,,,,,,,,,,,,,,,,木,,,,,,,,,,,,,,,,,,,,,,,,木,
阿倍野区,橋本町,7番,18~37号,,,,,,,,,,水土,,,,,,,,,,,,,,,月,,,,,,,,,,,,,,,,,木,,,,,,,,,,,,,,,,,,,,,,,,木,
阿倍野区,橋本町,7番,軽四輪車(小さい車)で収集している地域,,,,,,,,,,水土,,,,,,,,,,,,,,,月,,,,,,,,,,,,,,,,,木,,,,,,,,,,,,,,,,,,,,,,,,木,
阿倍野区,橋本町,7番,上記以外,,,,,,,,,,,,,,,,水土,,,,,,,,,月,,,,,,,,,,,,,,,,,木,,,,,,,,,,,,,,,,,,,,,,,,木,
阿倍野区,橋本町,8番,1~8号,,,,,,,,,,,,,,,,水土,,,,,,,,,月,,,,,,,,,,,,,,,,木,,,,,,,,,,,,,,,,,,,,,,,,,,木
阿倍野区,橋本町,8番,軽四輪車(小さい車)で収集している地域,,,,,,,,,,,,,,,,水土,,,,,,,,,月,,,,,,,,,,,,,,,,木,,,,,,,,,,,,,,,,,,,,,,,,,,木
阿倍野区,橋本町,8番,上記以外,,,,,,,,,,,,,,,,,,,水土,,,,,,月,,,,,,,,,,,,,,,,,木,,,,,,,,,,,,,,,,,,,,,,,,木,
阿倍野区,橋本町,9番,軽四輪車(小さい車)で収集している地域,,,,,,,,,,,,,,,,,,,水土,,,,,,月,,,,,,,,,,,,,,,,,木,,,,,,,,,,,,,,,,,,,,,,,,木,
阿倍野区,橋本町,9番,上記以外,,,,,,,,,,,,,,,,水土,,,,,,,,,月,,,,,,,,,,,,,,,,,木,,,,,,,,,,,,,,,,,,,,,,,,木,
阿倍野区,播磨町,1丁目,1番,2~27号,,,,,,,,,,,火金,,,,,,,,,,,,,,,,,,,,,月,,,,,,,,,,,,,,,,木,,,,,,,,,,,,,,,,,,月
阿倍野区,播磨町,1丁目,1番,上記以外,,,,,,,,,,,,,,,,火金,,,,,,,,,,,,,,,,月,,,,,,,,,,,,,,,,木,,,,,,,,,,,,,,,,,,月
阿倍野区,播磨町,1丁目,2番,,,,,,,,,,,,火金,,,,,,,,,,,,,,,,,,,,月,,,,,,,,,,,,,,,,,木,,,,,,,,,,,,,,,,,,月
阿倍野区,播磨町,1丁目,3番,,,,,,,,,,,,火金,,,,,,,,,,,,,,,,,,,,月,,,,,,,,,,,,,,,,,木,,,,,,,,,,,,,,,,,,月
阿倍野区,播磨町,1丁目,4番,,,,,,,,,,,,火金,,,,,,,,,,,,,,,,,,,,月,,,,,,,,,,,,,,,,,木,,,,,,,,,,,,,,,,,,月
阿倍野区,播磨町,1丁目,5番,,,,,,,,,,,,火金,,,,,,,,,,,,,,,,,,,,月,,,,,,,,,,,,,,,,,木,,,,,,,,,,,,,,,,,,月
阿倍野区,播磨町,1丁目,6番,,,,,,,,,,,,火金,,,,,,,,,,,,,,,,,,,,月,,,,,,,,,,,,,,,,,木,,,,,,,,,,,,,,,,,,月
阿倍野区,播磨町,1丁目,7番,,,,,,,,,,,,火金,,,,,,,,,,,,,,,,,,,,月,,,,,,,,,,,,,,,,,木,,,,,,,,,,,,,,,,,,月
阿倍野区,播磨町,1丁目,8番,,,,,,,,,,,,,,,,,火金,,,,,,,,,,,,,,月,,,,,,,,,,,,,,,,木,,,,,,,,,,,,,,,,,,,,月
阿倍野区,播磨町,1丁目,9番,,,,,,,,,,,,,,,,火金,,,,,,,,,,,,,,,,月,,,,,,,,,,,,,,,,,木,,,,,,,,,,,,,,,,,,月
阿倍野区,播磨町,1丁目,10番,1~4･22~33号,,,,,,,,,,,火金,,,,,,,,,,,,,,,,,,,,月,,,,,,,,,,,,,,,,,木,,,,,,,,,,,,,,,,,,月
阿倍野区,播磨町,1丁目,10番,上記以外,,,,,,,,,,,,,,,火金,,,,,,,,,,,,,,,,月,,,,,,,,,,,,,,,,,木,,,,,,,,,,,,,,,,,,月
阿倍野区,播磨町,1丁目,11番,1~16号,,,,,,,,,,,,,,,火金,,,,,,,,,,,,,,,,月,,,,,,,,,,,,,,,,,木,,,,,,,,,,,,,,,,,,月
阿倍野区,播磨町,1丁目,11番,上記以外,,,,,,,,,,,火金,,,,,,,,,,,,,,,,,,,,月,,,,,,,,,,,,,,,,,木,,,,,,,,,,,,,,,,,,月
阿倍野区,播磨町,1丁目,12番,2･15･16号,,,,,,,,,,,火金,,,,,,,,,,,,,,,,,,,,月,,,,,,,,,,,,,,,,,木,,,,,,,,,,,,,,,,,,月
阿倍野区,播磨町,1丁目,12番,上記以外,,,,,,,,,,,,,,,火金,,,,,,,,,,,,,,,,月,,,,,,,,,,,,,,,,,木,,,,,,,,,,,,,,,,,,月
阿倍野区,播磨町,1丁目,13番,9号,,,,,,,,,,,火金,,,,,,,,,,,,,,,,,,,,,月,,,,,,,,,,,,,,,,木,,,,,,,,,,,,,,,,,,月
阿倍野区,播磨町,1丁目,13番,上記以外,,,,,,,,,,,,,,,火金,,,,,,,,,,,,,,,,,月,,,,,,,,,,,,,,,,木,,,,,,,,,,,,,,,,,,月
阿倍野区,播磨町,1丁目,14番,,,,,,,,,,,,,,,,火金,,,,,,,,,,,,,,,,,月,,,,,,,,,,,,,,,,木,,,,,,,,,,,,,,,,,,月
阿倍野区,播磨町,1丁目,15番,1~4号,,,,,,,,,,,火金,,,,,,,,,,,,,,,,,,,,,月,,,,,,,,,,,,,,,,木,,,,,,,,,,,,,,,,,,月
阿倍野区,播磨町,1丁目,15番,上記以外,,,,,,,,,,,,,,,火金,,,,,,,,,,,,,,,,,月,,,,,,,,,,,,,,,,木,,,,,,,,,,,,,,,,,,月
阿倍野区,播磨町,1丁目,16番,3･5･16･17号,,,,,,,,,,,火金,,,,,,,,,,,,,,,,,,,,,月,,,,,,,,,,,,,,,,木,,,,,,,,,,,,,,,,,,月
阿倍野区,播磨町,1丁目,16番,上記以外,,,,,,,,,,,,,,,火金,,,,,,,,,,,,,,,,,月,,,,,,,,,,,,,,,,木,,,,,,,,,,,,,,,,,,月
阿倍野区,播磨町,1丁目,17番,1･3号,,,,,,,,,,,火金,,,,,,,,,,,,,,,,,,,,,月,,,,,,,,,,,,,,,,木,,,,,,,,,,,,,,,,,,月
阿倍野区,播磨町,1丁目,17番,上記以外,,,,,,,,,,,,,,,火金,,,,,,,,,,,,,,,,,月,,,,,,,,,,,,,,,,木,,,,,,,,,,,,,,,,,,月
阿倍野区,播磨町,1丁目,18番,3･4号,,,,,,,,,,,火金,,,,,,,,,,,,,,,,,,,,,月,,,,,,,,,,,,,,,,木,,,,,,,,,,,,,,,,,,月
阿倍野区,播磨町,1丁目,18番,上記以外,,,,,,,,,,,,,,,火金,,,,,,,,,,,,,,,,,月,,,,,,,,,,,,,,,,木,,,,,,,,,,,,,,,,,,月
阿倍野区,播磨町,1丁目,19番,,,,,,,,,,,,,,,,火金,,,,,,,,,,,,,,,,,月,,,,,,,,,,,,,,,,木,,,,,,,,,,,,,,,,,,月
阿倍野区,播磨町,1丁目,20番,,,,,,,,,,,,,,,,,火金,,,,,,,,,,,,,,,,月,,,,,,,,,,,,,,,,木,,,,,,,,,,,,,,,,,月,
阿倍野区,播磨町,1丁目,21番,,,,,,,,,,,,,,,,火金,,,,,,,,,,,,,,,,,月,,,,,,,,,,,,,,,,木,,,,,,,,,,,,,,,,,,月
阿倍野区,播磨町,1丁目,22番,,,,,,,,,,,,,,,,,火金,,,,,,,,,,,,,,,,月,,,,,,,,,,,,,,,,木,,,,,,,,,,,,,,,,,,月
阿倍野区,播磨町,1丁目,23番,,,,,,,,水土,,,,,,,,,,,,,,,,,,,,,,,,,月,,,,,,,,,,,,,,,,木,,,,,,,,,,,,,,,,,,月
阿倍野区,播磨町,1丁目,24番,,,,,,,,水土,,,,,,,,,,,,,,,,,,,,,,,,,月,,,,,,,,,,,,,,,,木,,,,,,,,,,,,,,,,,,月
阿倍野区,播磨町,2丁目,1番,,,,,,,,水土,,,,,,,,,,,,,,,,,,,,,,,月,,,,,,,,,,,,,,,,木,,,,,,,,,,,,,,,,,,,,月
阿倍野区,播磨町,2丁目,2番,,,,,,,,水土,,,,,,,,,,,,,,,,,,,,,,,月,,,,,,,,,,,,,,,,木,,,,,,,,,,,,,,,,,,,月,
阿倍野区,播磨町,2丁目,3番,,,,,,,水土,,,,,,,,,,,,,,,,,,,,,,,,月,,,,,,,,,,,,,,,,木,,,,,,,,,,,,,,,,,月,,,
阿倍野区,播磨町,2丁目,4番,,,,,,,,水土,,,,,,,,,,,,,,,,,,,,,,,月,,,,,,,,,,,,,,,,木,,,,,,,,,,,,,,,,,,,,月
阿倍野区,播磨町,2丁目,5番,,,,,,,水土,,,,,,,,,,,,,,,,,,,,,,,,月,,,,,,,,,,,,,,,,木,,,,,,,,,,,,,,,,,,,,月
阿倍野区,播磨町,2丁目,6番,,,,,,,水土,,,,,,,,,,,,,,,,,,,,,,,,月,,,,,,,,,,,,,,,,木,,,,,,,,,,,,,,,,,,,月,
阿倍野区,播磨町,2丁目,7番,,,,,,,水土,,,,,,,,,,,,,,,,,,,,,,,,月,,,,,,,,,,,,,,,,木,,,,,,,,,,,,,,,,,,,月,
阿倍野区,播磨町,2丁目,8番,,,,,,,水土,,,,,,,,,,,,,,,,,,,,,,,,月,,,,,,,,,,,,,,,,木,,,,,,,,,,,,,,,,,,,,月
阿倍野区,播磨町,2丁目,9番,,,,,,,,水土,,,,,,,,,,,,,,,,,,,,,,,月,,,,,,,,,,,,,,,,木,,,,,,,,,,,,,,,,,,,,月
阿倍野区,播磨町,2丁目,10番,,,,,,,,,水土,,,,,,,,,,,,,,,,,,,,,,月,,,,,,,,,,,,,,,,木,,,,,,,,,,,,,,,,,,,,月
阿倍野区,播磨町,3丁目,1番,軽四輪車(小さい車)で収集している地域,,,,,,,,,,火金,,,,,,,,,,,,,,,,,,,,,,月,,,,,,,,,,,,,,,木,,,,,,,,,,,,,,,,,,月,
阿倍野区,播磨町,3丁目,1番,上記以外,,,,,,,火金,,,,,,,,,,,,,,,,,,,,,,,,,月,,,,,,,,,,,,,,,木,,,,,,,,,,,,,,,,,月,,
阿倍野区,播磨町,3丁目,2番,軽四輪車(小さい車)で収集している地域,,,,,,,,,,,,,,,,,火金,,,,,,,,,,,,,,,月,,,,,,,,,,,,,,,木,,,,,,,,,,,,,,,,,,,月
阿倍野区,播磨町,3丁目,2番,上記以外,,,,,,火金,,,,,,,,,,,,,,,,,,,,,,,,,,月,,,,,,,,,,,,,,,木,,,,,,,,,,,,,,,,,月,,
阿倍野区,播磨町,3丁目,6番,軽四輪車(小さい車)で収集している地域,,,,,,,,,,,,,,,,,火金,,,,,,,,,,,,,,,月,,,,,,,,,,,,,,,木,,,,,,,,,,,,,,,,,月,,
阿倍野区,播磨町,3丁目,6番,上記以外,,,,,,,,,火金,,,,,,,,,,,,,,,,,,,,,,,月,,,,,,,,,,,,,,,木,,,,,,,,,,,,,,,,,月,,
阿倍野区,播磨町,3丁目,7番,,,,,,,,,,火金,,,,,,,,,,,,,,,,,,,,,,,月,,,,,,,,,,,,,,,木,,,,,,,,,,,,,,,,,月,,
阿倍野区,播磨町,3丁目,8番,4~18号,,,,,,,,,火金,,,,,,,,,,,,,,,,,,,,,,,月,,,,,,,,,,,,,,,木,,,,,,,,,,,,,,,,,月,,
阿倍野区,播磨町,3丁目,8番,24~35号,,,,,,火金,,,,,,,,,,,,,,,,,,,,,,,,,,月,,,,,,,,,,,,,,,木,,,,,,,,,,,,,,,,,月,,
阿倍野区,万代,1丁目,1番,トーカンマンション帝塚山,,,,,,,,,,,,,,,水土,,,,,,,,,,,,,,,月,,,,,,,,,,,,,,,,木,,,,,,,,,,,,,,,,,,,,木
阿倍野区,万代,1丁目,1番,軽四輪車(小さい車)で収集している地域,,,,,,,水土,,,,,,,,,,,,,,,,,,,,,,,,,月,,,,,,,,,,,,,,木,,,,,,,,,,,,,木,,,,,,,
阿倍野区,万代,1丁目,1番,上記以外,,,,,,,,,,,水土,,,,,,,,,,,,,,,,,,,月,,,,,,,,,,,,,,,,木,,,,,,,,,,,,,,,,,,,,木
阿倍野区,万代,1丁目,2番,軽四輪車(小さい車)で収集している地域,,,,,,水土,,,,,,,,,,,,,,,,,,,,,,,,,,月,,,,,,,,,,,,,,木,,,,,,,,,,,,,木,,,,,,,
阿倍野区,万代,1丁目,2番,上記以外,,,,,,,,,,,水土,,,,,,,,,,,,,,,,,,,月,,,,,,,,,,,,,,,,木,,,,,,,,,,,,,,,,,,,,木
阿倍野区,万代,1丁目,3番,,,,,,,,,,,,水土,,,,,,,,,,,,,,,,,,,月,,,,,,,,,,,,,,,,木,,,,,,,,,,,,,,,,,,,,木
阿倍野区,万代,1丁目,4番,,,,,,,,,,,,水土,,,,,,,,,,,,,,,,,,,月,,,,,,,,,,,,,,,,木,,,,,,,,,,,,,,,,,,,,木
阿倍野区,万代,1丁目,5番,,,,,,,,,,,,水土,,,,,,,,,,,,,,,,,,,月,,,,,,,,,,,,,,,,木,,,,,,,,,,,,,,,,,,,,木
阿倍野区,万代,1丁目,6番,21号･サンハイム帝塚山,,,,,,,,,,,,,,,水土,,,,,,,,,,,,,,,月,,,,,,,,,,,,,,,,木,,,,,,,,,,,,,,,,,,,,木
阿倍野区,万代,1丁目,6番,軽四輪車(小さい車)で収集している地域,,,,,,,水土,,,,,,,,,,,,,,,,,,,,,,,月,,,,,,,,,,,,,,,,木,,,,,,,,,,,,,,,,,,,,木
阿倍野区,万代,1丁目,6番,上記以外,,,,,,,,,,,水土,,,,,,,,,,,,,,,,,,,月,,,,,,,,,,,,,,,,木,,,,,,,,,,,,,,,,,,,,木
阿倍野区,阪南町,1丁目,1番,,,,,,,,,,,,,,,,,,,月木,,,,,,,,,,,,,火,,,,,,,,,,,,,,,,金,,,,,,,,,,,,,,,,,火,,
阿倍野区,阪南町,1丁目,2番,,,,,,,,,,,,,,,,,,,月木,,,,,,,,,,,,,火,,,,,,,,,,,,,,,,金,,,,,,,,,,,,,,,,,,,火
阿倍野区,阪南町,1丁目,3番,,,,,,,,,,,,,,,,,,月木,,,,,,,,,,,,,,火,,,,,,,,,,,,,,,,金,,,,,,,,,,,,,,,,,,,火
阿倍野区,阪南町,1丁目,4番,,,,,,,,,,,,,,,,,,,月木,,,,,,,,,,,,,火,,,,,,,,,,,,,,,,金,,,,,,,,,,,,,,,,,,,火
阿倍野区,阪南町,1丁目,5番,軽四輪車(小さい車)で収集している地域,,,,,,,,,,,,,,,,月木,,,,,,火,,,,,,,,,,,,,,,,金,,,,,,,,,,,,,,,,,,,,,,,,,,,火,
阿倍野区,阪南町,1丁目,5番,上記以外,,,,,,,,,,,,,,,,,,月木,,,,,,,,,,,,,火,,,,,,,,,,,,,,,,金,,,,,,,,,,,,,,,,,,,火
阿倍野区,阪南町,1丁目,6番,軽四輪車(小さい車)で収集している地域,,,,,,,,,,,,,,,,,月木,,,,,火,,,,,,,,,,,,,,,,金,,,,,,,,,,,,,,,,,,,,,,,,,,,,火
阿倍野区,阪南町,1丁目,6番,上記以外,,,,,,,,,,,,,,,,,,月木,,,,,,,,,,,,,火,,,,,,,,,,,,,,,,金,,,,,,,,,,,,,,,,,,,火
阿倍野区,阪南町,1丁目,7番,,,,,,,,,,,,,,,,月木,,,,,,,火,,,,,,,,,,,,,,,,金,,,,,,,,,,,,,,,,,,,,,,,,,,,火,
阿倍野区,阪南町,1丁目,8番,軽四輪車(小さい車)で収集している地域,,,,,,,,,,,,,,,,月木,,,,,,火,,,,,,,,,,,,,,,,金,,,,,,,,,,,,,,,,,,,,,,,,,,火,,
阿倍野区,阪南町,1丁目,8番,上記以外,,,,,,,,,,,,,,,,,,月木,,,,,,,,,,,,,火,,,,,,,,,,,,,,,,金,,,,,,,,,,,,,,,,,,,火
阿倍野区,阪南町,1丁目,9番,軽四輪車(小さい車)で収集している地域,,,,,,,,,,,,,,,,月木,,,,,,火,,,,,,,,,,,,,,,,金,,,,,,,,,,,,,,,,,,,,,,,,,,火,,
阿倍野区,阪南町,1丁目,9番,上記以外,,,,,,,,,,,,,,,,,,月木,,,,,,,,,,,,,火,,,,,,,,,,,,,,,,金,,,,,,,,,,,,,,,,,,,火
阿倍野区,阪南町,1丁目,10番,軽四輪車(小さい車)で収集している地域,,,,,,,,,,,,,,,,月木,,,,,,,,,,,,,,,火,,,,,,,,,,,,,,,,金,,,,,,,,,,,,,,,,,火,,
阿倍野区,阪南町,1丁目,10番,上記以外,,,,,,,,,,,,,,,,月木,,,,,,,,,,,,,,,火,,,,,,,,,,,,,,,,金,,,,,,,,,,,,,,,,,,,火
阿倍野区,阪南町,1丁目,11番,,,,,,,,,,,,,,,,,,月木,,,,,,,,,,,,,,火,,,,,,,,,,,,,,,,金,,,,,火,,,,,,,,,,,,,,
阿倍野区,阪南町,1丁目,12番,,,,,,,,,,,,,,,,,,月木,,,,,,,,,,,,,,火,,,,,,,,,,,,,,,,金,,,,,火,,,,,,,,,,,,,,
阿倍野区,阪南町,1丁目,13番,,,,,,,,,,,,,,,,,,月木,,,,,,,,,,,,,,火,,,,,,,,,,,,,,,,金,,,,,火,,,,,,,,,,,,,,
阿倍野区,阪南町,1丁目,14番,,,,,,,,,,,,,,,,,月木,,,,,,,,,,,,,,,火,,,,,,,,,,,,,,,,金,,,,,,,,,,,,,,,,,,火,
阿倍野区,阪南町,1丁目,15番,,,,,,,,,,,,,,,,,月木,,,,,,,,,,,,,,,火,,,,,,,,,,,,,,,,金,,,,,火,,,,,,,,,,,,,,
阿倍野区,阪南町,1丁目,16番,,,,,,,,,,,,,,,,,月木,,,,,,,,,,,,,,,火,,,,,,,,,,,,,,,,金,,,,,火,,,,,,,,,,,,,,
阿倍野区,阪南町,1丁目,17番,軽四輪車(小さい車)で収集している地域,,,,,,,,,,,,,,,,,月木,,,,,,火,,,,,,,,,,,,,,,,金,,,,,,,,,,,,,,,,,,,,,,,,,,火,
阿倍野区,阪南町,1丁目,17番,上記以外,,,,,,,,,,,,,,,,,月木,,,,,,,,,,,,,火,,,,,,,,,,,,,,,,,金,,,,,,,,,,,,,,,,,,,火
阿倍野区,阪南町,1丁目,18番,軽四輪車(小さい車)で収集している地域,,,,,,,,,,,,,,,,,月木,,,,,,火,,,,,,,,,,,,,,,,金,,,,,,,,,,,,,,,,,,,,,,,,,火,,
阿倍野区,阪南町,1丁目,18番,上記以外,,,,,,,,,,,,,,,,,,月木,,,,,,,,,,,,火,,,,,,,,,,,,,,,,,金,,,,,,,,,,,,,,,,,,,火
阿倍野区,阪南町,1丁目,19番,15~20号,,,,,,,,,,,月木,,,,,,,,,,,,,,,,,,,火,,,,,,,,,,,,,,,,,金,,,,,火,,,,,,,,,,,,,,
阿倍野区,阪南町,1丁目,19番,軽四輪車(小さい車)で収集している地域,,,,,,,,,,,,,,,月木,,,,,,,火,,,,,,,,,,,,,,,,金,,,,,,,,,,,,,,,,,,,,,,,,,火,,,
阿倍野区,阪南町,1丁目,19番,上記以外,,,,,,,,,,,,,,,,月木,,,,,,,,,,,,,,火,,,,,,,,,,,,,,,,,金,,,,,,,,,,,,,,,,,,,火
阿倍野区,阪南町,1丁目,20番,17･18号,,,,,,,,,,,月木,,,,,,,,,,,,,,,,,,,火,,,,,,,,,,,,,,,,,金,,,,,火,,,,,,,,,,,,,,
阿倍野区,阪南町,1丁目,20番,軽四輪車(小さい車)で収集している地域,,,,,,,,,,,,,,,月木,,,,,,,火,,,,,,,,,,,,,,,,金,,,,,,,,,,,,,,,,,,,,,,,,,火,,,
阿倍野区,阪南町,1丁目,20番,上記以外,,,,,,,,,,,,,,,,月木,,,,,,,,,,,,,,火,,,,,,,,,,,,,,,,,金,,,,,,,,,,,,,,,,,,,火
阿倍野区,阪南町,1丁目,21番,軽四輪車(小さい車)で収集している地域,,,,,,,,,,,,,,,,,月木,,,,,,火,,,,,,,,,,,,,,,,金,,,,,,,,,,,,,,,,,,,,,,,,,火,,
阿倍野区,阪南町,1丁目,21番,上記以外,,,,,,,,,,,,,,,,,,月木,,,,,,,,,,,,火,,,,,,,,,,,,,,,,,金,,,,,,,,,,,,,,,,,,,火
阿倍野区,阪南町,1丁目,22番,軽四輪車(小さい車)で収集している地域,,,,,,,,,,,,,,,,,月木,,,,,,火,,,,,,,,,,,,,,,,金,,,,,,,,,,,,,,,,,,,,,,,,,,火,
阿倍野区,阪南町,1丁目,22番,上記以外,,,,,,,,,,,,,,,,,月木,,,,,,,,,,,,,火,,,,,,,,,,,,,,,,,金,,,,,,,,,,,,,,,,,,火,
阿倍野区,阪南町,1丁目,23番,軽四輪車(小さい車)で収集している地域,,,,,,,,,,,,,,,,,月木,,,,,,火,,,,,,,,,,,,,,,,金,,,,,,,,,,,,,,,,,,,,,,,,,,火,
阿倍野区,阪南町,1丁目,23番,上記以外,,,,,,,,,,,,,,,,,月木,,,,,,,,,,,,,火,,,,,,,,,,,,,,,,金,,,,,,火,,,,,,,,,,,,,,
阿倍野区,阪南町,1丁目,24番,,,,,,,,,,,,,,,,,月木,,,,,,,,,,,,,,火,,,,,,,,,,,,,,,,金,,,,,,火,,,,,,,,,,,,,,
阿倍野区,阪南町,1丁目,25番,,,,,,,,,,,,,,,,,月木,,,,,,,,,,,,,,火,,,,,,,,,,,,,,,,金,,,,,,火,,,,,,,,,,,,,,
阿倍野区,阪南町,1丁目,26番,,,,,,,,,,,,,,,,,月木,,,,,,,,,,,,,,火,,,,,,,,,,,,,,,,金,,,,,,,,,,,,,,,,,,,,火
阿倍野区,阪南町,1丁目,27番,,,,,,,,,,,,,,,,,,月木,,,,,,,,,,,,,火,,,,,,,,,,,,,,,,金,,,,,,,,,,,,,,,,,,,火,
阿倍野区,阪南町,1丁目,28番,,,,,,,,,,,,,,,,,,月木,,,,,,,,,,,,,火,,,,,,,,,,,,,,,,金,,,,,,,,,,,,,,,,,,,火,
阿倍野区,阪南町,1丁目,29番,,,,,,,,,,,,,,,,,月木,,,,,,,,,,,,,,火,,,,,,,,,,,,,,,,金,,,,,,火,,,,,,,,,,,,,,
阿倍野区,阪南町,1丁目,30番,,,,,,,,,,,,,,,,,,月木,,,,,,,,,,,,,火,,,,,,,,,,,,,,,,金,,,,,,火,,,,,,,,,,,,,,
阿倍野区,阪南町,1丁目,31番,,,,,,,,,,,,,,,,,,,月木,,,,,,,,,,,,火,,,,,,,,,,,,,,,,金,,,,,,,,,,,,,,,,,,,,火
阿倍野区,阪南町,1丁目,32番,,,,,,,,,,,,,,,,,,,月木,,,,,,,,,,,,火,,,,,,,,,,,,,,,,金,,,,,,,,,,,,,,,,,,,火,
阿倍野区,阪南町,1丁目,33番,,,,,,,,,,,,,,,,,,,月木,,,,,,,,,,,,火,,,,,,,,,,,,,,,,金,,,,,,,,,,,,,,,,,,,火,
阿倍野区,阪南町,1丁目,34番,,,,,,,,,,,,,,,,,月木,,,,,,,,,,,,,,火,,,,,,,,,,,,,,,,金,,,,,,火,,,,,,,,,,,,,,
阿倍野区,阪南町,1丁目,35番,,,,,,,,,,,,,,,,,月木,,,,,,,,,,,,,,火,,,,,,,,,,,,,,,,金,,,,,,火,,,,,,,,,,,,,,
阿倍野区,阪南町,1丁目,36番,,,,,,,,,,,,,,,,,,,月木,,,,,,,,,,,,火,,,,,,,,,,,,,,,,金,,,,,,,,,,,,,,,,,,,,火
阿倍野区,阪南町,1丁目,37番,,,,,,,,,,,,,,,,,,,月木,,,,,,,,,,,,火,,,,,,,,,,,,,,,,金,,,,,,,,,,,,,,,,,,,,火
阿倍野区,阪南町,1丁目,38番,,,,,,,,,,,,,,,,月木,,,,,,,,,,,,,,,火,,,,,,,,,,,,,,,,金,,,,,,火,,,,,,,,,,,,,,
阿倍野区,阪南町,1丁目,39番,軽四輪車(小さい車)で収集している地域,,,,,,,,,,,,,,,,,,月木,,,,火,,,,,,,,,,,,,,,,金,,,,,,,,,,,,,,,,,,,,,,,,,,,火,
阿倍野区,阪南町,1丁目,39番,上記以外,,,,,,,,,,,,,,,月木,,,,,,,,,,,,,,,火,,,,,,,,,,,,,,,,金,,,,,,火,,,,,,,,,,,,,,
阿倍野区,阪南町,1丁目,40番,,,,,,,,,,,,,,,,,,,月木,,,,火,,,,,,,,,,,,,,,,金,,,,,,,,,,,,,,,,,,,,,,,,,,,,火
阿倍野区,阪南町,1丁目,41番,,,,,,,,,,,,,,,,,,,月木,,,,火,,,,,,,,,,,,,,,,金,,,,,,,,,,,,,,,,,,,,,,,,,,火,,
阿倍野区,阪南町,1丁目,42番,軽四輪車(小さい車)で収集している地域,,,,,,,,,,,,,,,月木,,,,,,,火,,,,,,,,,,,,,,,,金,,,,,,,,,,,,,,,,,,,,,,,,,火,,,
阿倍野区,阪南町,1丁目,42番,上記以外,,,,,,,,,,,,,,,月木,,,,,,,,,,,,,,,火,,,,,,,,,,,,,,,,金,,,,,,,,,,,,,,,,,,,,火
阿倍野区,阪南町,1丁目,43番,,,,,,,,,,,,,,,,,月木,,,,,,,,,,,,,,火,,,,,,,,,,,,,,,,金,,,,,,,,,,,,,,,,,,,,火
阿倍野区,阪南町,1丁目,44番,,,,,,,,,,,,,,,,,月木,,,,,,,,,,,,,,火,,,,,,,,,,,,,,,,金,,,,,,,,,,,,,,,,,,,,火
阿倍野区,阪南町,1丁目,45番,,,,,,,,,,,,,,,,,月木,,,,,,,,,,,,,,火,,,,,,,,,,,,,,,,金,,,,,,火,,,,,,,,,,,,,,
阿倍野区,阪南町,1丁目,46番,,,,,,,,,,,,,,,,,月木,,,,,,,,,,,,,,火,,,,,,,,,,,,,,,,金,,,,,,,,,,,,,,,,,,,火,
阿倍野区,阪南町,1丁目,47番,,,,,,,,,,,,,,,,,月木,,,,,,,,,,,,,,火,,,,,,,,,,,,,,,,金,,,,,,,,,,,,,,,,,,,,火
阿倍野区,阪南町,1丁目,48番,,,,,,,,,,,,,,,,,月木,,,,,,,,,,,,,,火,,,,,,,,,,,,,,,,金,,,,,,,,,,,,,,,,,,,火,
阿倍野区,阪南町,1丁目,49番,,,,,,,,,,,,,,,,,月木,,,,,,,,,,,,,,火,,,,,,,,,,,,,,,,金,,,,,,火,,,,,,,,,,,,,,
阿倍野区,阪南町,1丁目,50番,,,,,,,,,,,,,,,,,月木,,,,,,,,,,,,,,火,,,,,,,,,,,,,,,,金,,,,,,,,,,,,,,,,,,火,,
阿倍野区,阪南町,1丁目,51番,,,,,,,,,,,,,,,,月木,,,,,,,,,,,,,,,火,,,,,,,,,,,,,,,,金,,,,,,火,,,,,,,,,,,,,,
阿倍野区,阪南町,1丁目,52番,,,,,,,,,,,,,,,,月木,,,,,,,,,,,,,,,火,,,,,,,,,,,,,,,,金,,,,,,火,,,,,,,,,,,,,,
阿倍野区,阪南町,1丁目,53番,,,,,,,,,,,,,,,,,月木,,,,,,,,,,,,,,火,,,,,,,,,,,,,,,,金,,,,,,火,,,,,,,,,,,,,,
阿倍野区,阪南町,1丁目,54番,,,,,,,,,,,,,,,,月木,,,,,,,,,,,,,,,火,,,,,,,,,,,,,,,,金,,,,,,,,,,,,,,,,,火,,,
阿倍野区,阪南町,1丁目,55番,,,,,,,,,,,,,,,,月木,,,,,,,,,,,,,,,火,,,,,,,,,,,,,,,,金,,,,,,火,,,,,,,,,,,,,,
阿倍野区,阪南町,1丁目,56番,,,,,,,,,,,,,,,,月木,,,,,,,,,,,,,,,火,,,,,,,,,,,,,,,,金,,,,,,火,,,,,,,,,,,,,,
阿倍野区,阪南町,1丁目,57番,,,,,,,,,,,,,,,,月木,,,,,,,,,,,,,,,火,,,,,,,,,,,,,,,,金,,,,,,火,,,,,,,,,,,,,,
阿倍野区,阪南町,2丁目,1番,軽四輪車(小さい車)で収集している地域,,,,,,,火金,,,,,,,,,,,,,,,,,,,,,,,月,,,,,,,,,,,,,,,,木,,,,,,,,,,,,,,,,,,,,
阿倍野区,阪南町,2丁目,1番,上記以外,,,,,,,,,,,,,,,,火金,,,,,,,,,,,,,,月,,,,,,,,,,,,,,,,木,,,,,,,,,,,,,,,,,,,,
阿倍野区,阪南町,2丁目,2番,,,,,,,,,,,,,,,,,,火金,,,,,,,,,,,,,月,,,,,,,,,,,,,,,,木,,,,,,,,,,,,,,,,,,,,
阿倍野区,阪南町,2丁目,3番,,,,,,,,,,,,,,,,,,火金,,,,,,,,,,,,,月,,,,,,,,,,,,,,,,木,,,,,,,,,,,,,,,,,,,,
阿倍野区,阪南町,2丁目,4番,,,,,,,,,,,,,,,,,火金,,,,,,,,,,,,,,月,,,,,,,,,,,,,,,,木,,,,,,,,,,,,,,,,,,,,
阿倍野区,阪南町,2丁目,5番,,,,,,,,,,,,,,,,,,火金,,,,,,,,,,,,,月,,,,,,,,,,,,,,,,木,,,,,,,,,,,,,,,,,,,,
阿倍野区,阪南町,2丁目,6番,,,,,,,,,,,,,,,,,,火金,,,,,,,,,,,,,月,,,,,,,,,,,,,,,,木,,,,,,,,,,,,,,,,,,,,
阿倍野区,阪南町,2丁目,7番,軽四輪車(小さい車)で収集している地域,,,,,,,,火金,,,,,,,,,,,,,,,,,,,,,,,,月,,,,,,,,,,,,,,木,,,,,,,,,,,,,,,,,,,,
阿倍野区,阪南町,2丁目,7番,上記以外,,,,,,,,,,,,,,,,,火金,,,,,,,,,,,,,月,,,,,,,,,,,,,,,,木,,,,,,,,,,,,,,,,,,,,
阿倍野区,阪南町,2丁目,8番,軽四輪車(小さい車)で収集している地域,,,,,,,,火金,,,,,,,,,,,,,,,,,,,,,,,,月,,,,,,,,,,,,,,木,,,,,,,,,,,,,,,,,,,,
阿倍野区,阪南町,2丁目,8番,上記以外,,,,,,,,,,,,,,,,,火金,,,,,,,,,,,,,月,,,,,,,,,,,,,,,,,木,,,,,,,,,,,,,,,,,,,
阿倍野区,阪南町,2丁目,9番,軽四輪車(小さい車)で収集している地域,,,,,,,,火金,,,,,,,,,,,,,,,,,,,,,,,,月,,,,,,,,,,,,,,木,,,,,,,,,,,,,,,,,,,,
阿倍野区,阪南町,2丁目,9番,上記以外,,,,,,,,,,,,,,,,火金,,,,,,,,,,,,,,月,,,,,,,,,,,,,,,,,木,,,,,,,,,,,,,,,,,,,
阿倍野区,阪南町,2丁目,10番,軽四輪車(小さい車)で収集している地域,,,,,,火金,,,,,,,,,,,,,,,,,,,,,,,,,,月,,,,,,,,,,,,,,木,,,,,,,,,,,,,,,,,,,,
阿倍野区,阪南町,2丁目,10番,上記以外,,,,,,,,,,,,,,,,,火金,,,,,,,,,,,,,月,,,,,,,,,,,,,,,,,木,,,,,,,,,,,,,,,,,,,
阿倍野区,阪南町,2丁目,11番,軽四輪車(小さい車)で収集している地域,,,,,,火金,,,,,,,,,,,,,,,,,,,,,,,,,,月,,,,,,,,,,,,,,木,,,,,,,,,,,,,,,,,,,,
阿倍野区,阪南町,2丁目,11番,上記以外,,,,,,,,,,,,,,,,,火金,,,,,,,,,,,,,,月,,,,,,,,,,,,,,,,木,,,,,,,,,,,,,,,,,,,
阿倍野区,阪南町,2丁目,12番,軽四輪車(小さい車)で収集している地域,,,,,,火金,,,,,,,,,,,,,,,,,,,,,,,,,,月,,,,,,,,,,,,,,木,,,,,,,,,,,,,,,,,,,,
阿倍野区,阪南町,2丁目,12番,上記以外,,,,,,,,,,,,,,,,,火金,,,,,,,,,,,,,月,,,,,,,,,,,,,,,,,木,,,,,,,,,,,,,,,,,,,
阿倍野区,阪南町,2丁目,13番,,,,,,,,,火金,,,,,,,,,,,,,,,,,,,,,,月,,,,,,,,,,,,,,,,,木,,,,,,,,,,,,,,,,,,,
阿倍野区,阪南町,2丁目,14番,軽四輪車(小さい車)で収集している地域,,,,,,火金,,,,,,,,,,,,,,,,,,,,,,,,,,月,,,,,,,,,,,,,,木,,,,,,,,,,,,,,,,,,,,
阿倍野区,阪南町,2丁目,14番,上記以外,,,,,,,,,,,,,,,,,火金,,,,,,,,,,,,,,月,,,,,,,,,,,,,,,,木,,,,,,,,,,,,,,,,,,,
阿倍野区,阪南町,2丁目,15番,軽四輪車(小さい車)で収集している地域,,,,,,火金,,,,,,,,,,,,,,,,,,,,,,,,,,月,,,,,,,,,,,,,,木,,,,,,,,,,,,,,,,,,,,
阿倍野区,阪南町,2丁目,15番,上記以外,,,,,,,,,,,,,,,,,火金,,,,,,,,,,,,,,月,,,,,,,,,,,,,,,,木,,,,,,,,,,,,,,,,,,,
阿倍野区,阪南町,2丁目,16番,,,,,,,,火金,,,,,,,,,,,,,,,,,,,,,,,,月,,,,,,,,,,,,,,,,木,,,,,,,,,,,,,,,,,,,
阿倍野区,阪南町,2丁目,17番,軽四輪車(小さい車)で収集している地域,,,,,,,,火金,,,,,,,,,,,,,,,,,,,,,,月,,,,,,,,,,,,,,,,木,,,,,,,,,,,,,,,,,,,,
阿倍野区,阪南町,2丁目,17番,上記以外,,,,,,,,,,,,,,,,,,火金,,,,,,,,,,,,月,,,,,,,,,,,,,,,,木,,,,,,,,,,,,,,,,,,,,
阿倍野区,阪南町,2丁目,18番,,,,,,,,,,,,,,,,,火金,,,,,,,,,,,,,,月,,,,,,,,,,,,,,,,木,,,,,,,,,,,,,,,,,,,,
阿倍野区,阪南町,2丁目,19番,,,,,,,,,,,,,,,,,火金,,,,,,,,,,,,,,月,,,,,,,,,,,,,,,,木,,,,,,,,,,,,,,,,,,,,
阿倍野区,阪南町,2丁目,20番,,,,,,,,,,,,,,,,,火金,,,,,,,,,,,,,,月,,,,,,,,,,,,,,,,木,,,,,,,,,,,,,,,,,,,,
阿倍野区,阪南町,2丁目,21番,,,,,,,,,,,,,,,,,火金,,,,,,,,,,,,,,月,,,,,,,,,,,,,,,,木,,,,,,,,,,,,,,,,,,,,
阿倍野区,阪南町,2丁目,22番,,,,,,,,,,,,,,,,,,火金,,,,,,,,,,,,,月,,,,,,,,,,,,,,,,木,,,,,,,,,,,,,,,,,,,,
阿倍野区,阪南町,2丁目,23番,,,,,,,,,,,,,,,,,,火金,,,,,,,,,,,,,月,,,,,,,,,,,,,,,,木,,,,,,,,,,,,,,,,,,,,
阿倍野区,阪南町,2丁目,24番,,,,,,,,,,,,,,,,,,,火金,,,,,,,,,,,,月,,,,,,,,,,,,,,,,木,,,,,,,,,,,,,,,,,,,,
阿倍野区,阪南町,2丁目,25番,軽四輪車(小さい車)で収集している地域,,,,,,,,,,火金,,,,,,,,,,,,月,,,,,,,,,,,,,,,,木,,,,,,,,,,,,,,,,,,,,,,,,,,,,
阿倍野区,阪南町,2丁目,25番,上記以外,,,,,,,,,,,,,,,,,,火金,,,,,,,,,,,,月,,,,,,,,,,,,,,,,木,,,,,,,,,,,,,,,,,,,,
阿倍野区,阪南町,2丁目,26番,,,,,,,,火金,,,,,,,,,,,,,,,,月,,,,,,,,,,,,,,,,木,,,,,,,,,,,,,,,,,,,,,,,,,,,
阿倍野区,阪南町,2丁目,27番,,,,,,,,,,,火金,,,,,,,,,,,,,月,,,,,,,,,,,,,,,,木,,,,,,,,,,,,,,,,,,,,,,,,,,,
阿倍野区,阪南町,2丁目,28番,軽四輪車(小さい車)で収集している地域,,,,,,,,,,火金,,,,,,,,,,,,,月,,,,,,,,,,,,,,,,木,,,,,,,,,,,,,,,,,,,,,,,,,,,
阿倍野区,阪南町,2丁目,28番,上記以外,,,,,,,,,,,,,,,,,火金,,,,,,,,,,,,,月,,,,,,,,,,,,,,,,木,,,,,,,,,,,,,,,,,,,,
阿倍野区,阪南町,2丁目,29番,,,,,,,,,,,,,,,,,,火金,,,,,,,,,,,,,月,,,,,,,,,,,,,,,,木,,,,,,,,,,,,,,,,,,,,
阿倍野区,阪南町,2丁目,30番,,,,,,,,,,,,,,,,,,火金,,,,,,,,,,,,,月,,,,,,,,,,,,,,,,木,,,,,,,,,,,,,,,,,,,,
阿倍野区,阪南町,3丁目,1番,,,,,,,,,,,,,,,,,,,火金,,,,,,,,,,,,月,,,,,,,,,,,,,,,,木,,,,,,,,,,,,,,,,,,,,
阿倍野区,阪南町,3丁目,2番,,,,,,,,,,,,,,,,,,,火金,,,,,,,,,,,,月,,,,,,,,,,,,,,,,木,,,,,,,,,,,,,,,,,,,,
阿倍野区,阪南町,3丁目,3番,,,,,,,,,,,,,,,,,,火金,,,,,,,,,,,,,月,,,,,,,,,,,,,,,,木,,,,,,,,,,,,,,,,,,,,
阿倍野区,阪南町,3丁目,4番,軽四輪車(小さい車)で収集している地域,,,,,,,,,,火金,,,,,,,,,,,,月,,,,,,,,,,,,,,,,木,,,,,,,,,,,,,,,,,,,,,,,,,,,,
阿倍野区,阪南町,3丁目,4番,上記以外,,,,,,,,,,,,,,,,,火金,,,,,,,,,,,,,月,,,,,,,,,,,,,,,,木,,,,,,,,,,,,,,,,,,,,
阿倍野区,阪南町,3丁目,5番,,,,,,,,,,,火金,,,,,,,,,,,,月,,,,,,,,,,,,,,,,木,,,,,,,,,,,,,,,,,,,,,,,,,,,,
阿倍野区,阪南町,3丁目,6番,,,,,,,,,,,,,,,,火金,,,,,,,月,,,,,,,,,,,,,,,,木,,,,,,,,,,,,,,,,,,,,,,,,,,,,
阿倍野区,阪南町,3丁目,7番,軽四輪車(小さい車)で収集している地域,,,,,,,,,,火金,,,,,,,,,,,,月,,,,,,,,,,,,,,,,木,,,,,,,,,,,,,,,,,,,,,,,,,,,,
阿倍野区,阪南町,3丁目,7番,上記以外,,,,,,,,,,,,,,,,,,火金,,,,,,,,,,,,月,,,,,,,,,,,,,,,,木,,,,,,,,,,,,,,,,,,,,
阿倍野区,阪南町,3丁目,8番,軽四輪車(小さい車)で収集している地域,,,,,,,,,,火金,,,,,,,,,,,,月,,,,,,,,,,,,,,,,木,,,,,,,,,,,,,,,,,,,,,,,,,,,,
阿倍野区,阪南町,3丁目,8番,上記以外,,,,,,,,,,,,,,,,,火金,,,,,,,,,,,,,月,,,,,,,,,,,,,,,,木,,,,,,,,,,,,,,,,,,,,
阿倍野区,阪南町,3丁目,9番,軽四輪車(小さい車)で収集している地域,,,,,,,,,,火金,,,,,,,,,,,,月,,,,,,,,,,,,,,,,木,,,,,,,,,,,,,,,,,,,,,,,,,,,,
阿倍野区,阪南町,3丁目,9番,上記以外,,,,,,,,,,,,,,,,,,火金,,,,,,,,,,,,月,,,,,,,,,,,,,,,,木,,,,,,,,,,,,,,,,,,,,
阿倍野区,阪南町,3丁目,10番,,,,,,,,,,,,,,,,,,,火金,,,,,,,,,,,,月,,,,,,,,,,,,,,,,木,,,,,,,,,,,,,,,,,,,,
阿倍野区,阪南町,3丁目,11番,,,,,,,,,,,,,,,,,,,火金,,,,,,,,,,,,月,,,,,,,,,,,,,,,,木,,,,,,,,,,,,,,,,,,,,
阿倍野区,阪南町,3丁目,12番,軽四輪車(小さい車)で収集している地域,,,,,,,,,,火金,,,,,,,,,,,,月,,,,,,,,,,,,,,,,木,,,,,,,,,,,,,,,,,,,,,,,,,,,,
阿倍野区,阪南町,3丁目,12番,上記以外,,,,,,,,,,,,,,,,,,火金,,,,,,,,,,,,月,,,,,,,,,,,,,,,,木,,,,,,,,,,,,,,,,,,,,
阿倍野区,阪南町,3丁目,13番,,,,,,,,,,,,,,,,火金,,,,,,,月,,,,,,,,,,,,,,,,木,,,,,,,,,,,,,,,,,,,,,,,,,,,,
阿倍野区,阪南町,3丁目,14番,,,,,,,,,,,,,,,,火金,,,,,,,月,,,,,,,,,,,,,,,,木,,,,,,,,,,,,,,,,,,,,,,,,,,,,
阿倍野区,阪南町,3丁目,15番,,,,,,,火金,,,,,,,,,,,,,,,,,,,,,,,,月,,,,,,,,,,,,,,,,木,,,,,,,,,,,,,,,,,,,,
阿倍野区,阪南町,3丁目,16番,軽四輪車(小さい車)で収集している地域,,,,,,,,,,火金,,,,,,,,,,,,月,,,,,,,,,,,,,,,,木,,,,,,,,,,,,,,,,,,,,,,,,,,,,
阿倍野区,阪南町,3丁目,16番,上記以外,,,,,,,,,,,,,,,,,,火金,,,,,,,,,,,,月,,,,,,,,,,,,,,,,木,,,,,,,,,,,,,,,,,,,,
阿倍野区,阪南町,3丁目,17番,,,,,,,,,,,,,,,,,,,火金,,,,,,,,,,,,月,,,,,,,,,,,,,,,,木,,,,,,,,,,,,,,,,,,,,
阿倍野区,阪南町,3丁目,18番,,,,,,,,,,,,,,,,,,,火金,,,,,,,,,,,,月,,,,,,,,,,,,,,,,木,,,,,,,,,,,,,,,,,,,,
阿倍野区,阪南町,3丁目,19番,,,,,,,,,,,,,,,,,,,火金,,,,,,,,,,,,月,,,,,,,,,,,,,,,,木,,,,,,,,,,,,,,,,,,,,
阿倍野区,阪南町,3丁目,20番,,,,,,,,,,,,,,,,,,,火金,,,,,,,,,,,,月,,,,,,,,,,,,,,,,木,,,,,,,,,,,,,,,,,,,,
阿倍野区,阪南町,3丁目,21番,軽四輪車(小さい車)で収集している地域,,,,,,火金,,,,,,,,,,,,,,,,月,,,,,,,,,,,,,,,,木,,,,,,,,,,,,,,,,,,,,,,,,,,,,
阿倍野区,阪南町,3丁目,21番,上記以外,,,,,,,,,,,,,,,,,,火金,,,,,,,,,,,,月,,,,,,,,,,,,,,,,木,,,,,,,,,,,,,,,,,,,,
阿倍野区,阪南町,3丁目,22番,,,,,,,火金,,,,,,,,,,,,,,,,,,,,,,,,月,,,,,,,,,,,,,,,,木,,,,,,,,,,,,,,,,,,,,
阿倍野区,阪南町,3丁目,23番,,,,,,,,,,,,,,,,火金,,,,,,,月,,,,,,,,,,,,,,,,木,,,,,,,,,,,,,,,,,,,,,,,,,,,,
阿倍野区,阪南町,3丁目,24番,軽四輪車(小さい車)で収集している地域,,,,,,,,,,火金,,,,,,,,,,,,月,,,,,,,,,,,,,,,,木,,,,,,,,,,,,,,,,,,,,,,,,,,,,
阿倍野区,阪南町,3丁目,24番,上記以外,,,,,,,,,,,,,,,,,火金,,,,,,,,,,,,,月,,,,,,,,,,,,,,,,木,,,,,,,,,,,,,,,,,,,,
阿倍野区,阪南町,3丁目,25番,,,,,,,,,,,,,,,,,,火金,,,,,,,,,,,,,月,,,,,,,,,,,,,,,,木,,,,,,,,,,,,,,,,,,,,
阿倍野区,阪南町,3丁目,26番,軽四輪車(小さい車)で収集している地域,,,,,,,,,,,,,,,,火金,,,,,,月,,,,,,,,,,,,,,,,木,,,,,,,,,,,,,,,,,,,,,,,,,,,,
阿倍野区,阪南町,3丁目,26番,上記以外,,,,,,,,,,,,,,,,,,火金,,,,,,,,,,,,月,,,,,,,,,,,,,,,,木,,,,,,,,,,,,,,,,,,,,
阿倍野区,阪南町,3丁目,27番,,,,,,,,,,,,,,,,,,火金,,,,,,,,,,,,,月,,,,,,,,,,,,,,,,木,,,,,,,,,,,,,,,,,,,,
阿倍野区,阪南町,3丁目,28番,,,,,,,,,,,,,,,,,,火金,,,,,,,,,,,,,月,,,,,,,,,,,,,,,,木,,,,,,,,,,,,,,,,,,,,
阿倍野区,阪南町,3丁目,29番,軽四輪車(小さい車)で収集している地域,,,,,,,,,,火金,,,,,,,,,,,,月,,,,,,,,,,,,,,,,木,,,,,,,,,,,,,,,,,,,,,,,,,,,,
阿倍野区,阪南町,3丁目,29番,上記以外,,,,,,,,,,,,,,,,,火金,,,,,,,,,,,,,月,,,,,,,,,,,,,,,,木,,,,,,,,,,,,,,,,,,,,
阿倍野区,阪南町,3丁目,30番,,,,,,,,,,,火金,,,,,,,,,,,,月,,,,,,,,,,,,,,,,木,,,,,,,,,,,,,,,,,,,,,,,,,,,,
阿倍野区,阪南町,3丁目,31番,軽四輪車(小さい車)で収集している地域,,,,,,,,,,,,,,,火金,,,,,月,,,,,,,,,,,,,,,,木,,,,,,,,,,,,,,,,,,,,,,,,,,,,,,
阿倍野区,阪南町,3丁目,31番,上記以外,,,,,,,,,,,,,,,火金,,,,,,,月,,,,,,,,,,,,,,,,木,,,,,,,,,,,,,,,,,,,,,,,,,,,,
阿倍野区,阪南町,3丁目,32番,軽四輪車(小さい車)で収集している地域,,,,,,,,,,,,,,,火金,,,,,,,月,,,,,,,,,,,,,,,,木,,,,,,,,,,,,,,,,,,,,,,,,,,,,
阿倍野区,阪南町,3丁目,32番,上記以外,,,,,,,,,,,,,,,,,,火金,,,,,,,,,,,,月,,,,,,,,,,,,,,,,木,,,,,,,,,,,,,,,,,,,,
阿倍野区,阪南町,3丁目,33番,軽四輪車(小さい車)で収集している地域,,,,,,,,,,,,,,,,,火金,,,,,月,,,,,,,,,,,,,,,,木,,,,,,,,,,,,,,,,,,,,,,,,,,,,
阿倍野区,阪南町,3丁目,33番,上記以外,,,,,,,,,,,,,,,,,火金,,,,,,,,,,,,,月,,,,,,,,,,,,,,,,木,,,,,,,,,,,,,,,,,,,,
阿倍野区,阪南町,3丁目,34番,軽四輪車(小さい車)で収集している地域,,,,,,,,,,,,,,,,,火金,,,,,月,,,,,,,,,,,,,,,,木,,,,,,,,,,,,,,,,,,,,,,,,,,,,
阿倍野区,阪南町,3丁目,34番,上記以外,,,,,,,,,,,,,,,,,,火金,,,,,,,,,,,,月,,,,,,,,,,,,,,,,木,,,,,,,,,,,,,,,,,,,,
阿倍野区,阪南町,3丁目,35番,軽四輪車(小さい車)で収集している地域,,,,,,,,,,,,,,,,火金,,,,,,月,,,,,,,,,,,,,,,,木,,,,,,,,,,,,,,,,,,,,,,,,,,,,
阿倍野区,阪南町,3丁目,35番,上記以外,,,,,,,,,,,,,,,,,,火金,,,,,,,,,,,,月,,,,,,,,,,,,,,,,木,,,,,,,,,,,,,,,,,,,,
阿倍野区,阪南町,3丁目,36番,軽四輪車(小さい車)で収集している地域,,,,,,,,,,,,,,,,,火金,,,,,月,,,,,,,,,,,,,,,,木,,,,,,,,,,,,,,,,,,,,,,,,,,,,
阿倍野区,阪南町,3丁目,36番,上記以外,,,,,,,,,,,,,,,,,,火金,,,,,,,,,,,,月,,,,,,,,,,,,,,,,木,,,,,,,,,,,,,,,,,,,,
阿倍野区,阪南町,3丁目,37番,軽四輪車(小さい車)で収集している地域,,,,,,,,,,,,,,,火金,,,,,,,月,,,,,,,,,,,,,,,,木,,,,,,,,,,,,,,,,,,,,,,,,,,,,
阿倍野区,阪南町,3丁目,37番,上記以外,,,,,,,,,,,,,,,,,,火金,,,,,,,,,,,,月,,,,,,,,,,,,,,,,木,,,,,,,,,,,,,,,,,,,,
阿倍野区,阪南町,3丁目,38番,軽四輪車(小さい車)で収集している地域,,,,,,,,,,,,,,,火金,,,,,月,,,,,,,,,,,,,,,,木,,,,,,,,,,,,,,,,,,,,,,,,,,,,,,
阿倍野区,阪南町,3丁目,38番,上記以外,,,,,,,,,,,,,,,,,,火金,,,,,,,,,,,,月,,,,,,,,,,,,,,,,木,,,,,,,,,,,,,,,,,,,,
阿倍野区,阪南町,3丁目,39番,軽四輪車(小さい車)で収集している地域,,,,,,,,,,,,,,,,火金,,,,月,,,,,,,,,,,,,,,,木,,,,,,,,,,,,,,,,,,,,,,,,,,,,,,
阿倍野区,阪南町,3丁目,39番,上記以外,,,,,,,,,,,,,,,,火金,,,,,,月,,,,,,,,,,,,,,,,木,,,,,,,,,,,,,,,,,,,,,,,,,,,,
阿倍野区,阪南町,3丁目,40番,軽四輪車(小さい車)で収集している地域,,,,,,火金,,,,,,,,,,,,,,月,,,,,,,,,,,,,,,,木,,,,,,,,,,,,,,,,,,,,,,,,,,,,,,
阿倍野区,阪南町,3丁目,40番,上記以外,,,,,,火金,,,,,,,,,,,,,,,,,,,,,,,,月,,,,,,,,,,,,,,,,木,,,,,,,,,,,,,,,,,,,,
阿倍野区,阪南町,3丁目,41番,軽四輪車(小さい車)で収集している地域,,,,,,,,,,,,,,,火金,,,,,月,,,,,,,,,,,,,,,,木,,,,,,,,,,,,,,,,,,,,,,,,,,,,,,
阿倍野区,阪南町,3丁目,41番,上記以外,,,,,,,,,,,,,,,,,,火金,,,,,,,,,,,,月,,,,,,,,,,,,,,,,木,,,,,,,,,,,,,,,,,,,,
阿倍野区,阪南町,3丁目,42番,,,,,,,,,,,,,,,,,,,火金,,,,,,,,,,,,月,,,,,,,,,,,,,,,,木,,,,,,,,,,,,,,,,,,,,
阿倍野区,阪南町,3丁目,43番,軽四輪車(小さい車)で収集している地域,,,,,,,,,,,,,,,火金,,,,,,,月,,,,,,,,,,,,,,,,木,,,,,,,,,,,,,,,,,,,,,,,,,,,,
阿倍野区,阪南町,3丁目,43番,上記以外,,,,,,,,,,,,,,,,,,火金,,,,,,,,,,,,月,,,,,,,,,,,,,,,,木,,,,,,,,,,,,,,,,,,,,
阿倍野区,阪南町,4丁目,1番,軽四輪車(小さい車)で収集している地域,,,,,,,,,,,,,,,火金,,,,,,,月,,,,,,,,,,,,,,,,木,,,,,,,,,,,,,,,,,,,,,,,,,,,,月
阿倍野区,阪南町,4丁目,1番,上記以外,,,,,,,,,,,,,,,,,,火金,,,,,,,,,,,,月,,,,,,,,,,,,,,,,木,,,,,,,,,,,,,,,,,,,,月
阿倍野区,阪南町,4丁目,2番,軽四輪車(小さい車)で収集している地域,,,,,,,,,,,,,,,火金,,,,,,,月,,,,,,,,,,,,,,,,木,,,,,,,,,,,,,,,,,,,,,,,,,,,,月
阿倍野区,阪南町,4丁目,2番,上記以外,,,,,,,,,,,,,,,,,,火金,,,,,,,,,,,,月,,,,,,,,,,,,,,,,木,,,,,,,,,,,,,,,,,,,,月
阿倍野区,阪南町,4丁目,3番,軽四輪車(小さい車)で収集している地域,,,,,,,,,,,,,,,火金,,,,,,,月,,,,,,,,,,,,,,,,木,,,,,,,,,,,,,,,,,,,,,,,,,,,,月
阿倍野区,阪南町,4丁目,3番,上記以外,,,,,,,,,,,,,,,,,,火金,,,,,,,,,,,,月,,,,,,,,,,,,,,,,木,,,,,,,,,,,,,,,,,,,,月
阿倍野区,阪南町,4丁目,4番,,,,,,,,,,,,,,,,,火金,,,,,,,,,,,,,,月,,,,,,,,,,,,,,,,木,,,,,,,,,,,,,,,,,,,,月
阿倍野区,阪南町,4丁目,5番,,,,,,,,,,,,,,,,,,,火金,,,,,,,,,,,,月,,,,,,,,,,,,,,,,木,,,,,,,,,,,,,,,,,,,,月
阿倍野区,阪南町,4丁目,6番,,,,,,,,,,,,,,,,,,,火金,,,,,,,,,,,,月,,,,,,,,,,,,,,,,木,,,,,,,,,,,,,,,,,,,,月
阿倍野区,阪南町,4丁目,7番,,,,,,,,,,,,,,,,,,,火金,,,,,,,,,,,,月,,,,,,,,,,,,,,,,木,,,,,,,,,,,,,,,,,,,,月
阿倍野区,阪南町,4丁目,8番,軽四輪車(小さい車)で収集している地域,,,,,,,,,,,,,,,,火金,,,,,,,,,,,,,,,,月,,,,,,,,,,,,,,木,,,,,,,,,,,,,,,,,,,,月
阿倍野区,阪南町,4丁目,8番,上記以外,,,,,,,,,,,,,,,,火金,,,,,,,,,,,,,,月,,,,,,,,,,,,,,,,木,,,,,,,,,,,,,,,,,,,,月
阿倍野区,阪南町,4丁目,9番,,,,,,,,,,,,,,,,,火金,,,,,,,,,,,,,,月,,,,,,,,,,,,,,,,木,,,,,,,,,,,,,,,,,,,,月
阿倍野区,阪南町,4丁目,10番,,,,,,,,,,,,,,,,,火金,,,,,,,,,,,,,,月,,,,,,,,,,,,,,,,木,,,,,,,,,,,,,,,,,,,,月
阿倍野区,阪南町,4丁目,11番,軽四輪車(小さい車)で収集している地域,,,,,,,,,,,,,,,,火金,,,,,,,,,,,,,,,,月,,,,,,,,,,,,,,木,,,,,,,,,,,,,,,,,,,,月
阿倍野区,阪南町,4丁目,11番,上記以外,,,,,,,,,,,,,,,,火金,,,,,,,,,,,,,,月,,,,,,,,,,,,,,,,木,,,,,,,,,,,,,,,,,,,,月
阿倍野区,阪南町,4丁目,12番,,,,,,,,,,,,,,,,,,火金,,,,,,,,,,,,,月,,,,,,,,,,,,,,,,木,,,,,,,,,,,,,,,,,,,,月
阿倍野区,阪南町,4丁目,13番,,,,,,,,,,,,,,,,,,火金,,,,,,,,,,,,,月,,,,,,,,,,,,,,,,木,,,,,,,,,,,,,,,,,,,,月
阿倍野区,阪南町,4丁目,14番,軽四輪車(小さい車)で収集している地域,,,,,,,,,,,,,,,,火金,,,,,,,,,,,,,,,,月,,,,,,,,,,,,,,木,,,,,,,,,,,,,,,,,,,,月
阿倍野区,阪南町,4丁目,14番,上記以外,,,,,,,,,,,,,,,,火金,,,,,,,,,,,,,,月,,,,,,,,,,,,,,,,木,,,,,,,,,,,,,,,,,,,,月
阿倍野区,阪南町,4丁目,15番,,,,,,,,,,,,,,,,,火金,,,,,,,,,,,,,,月,,,,,,,,,,,,,,,,木,,,,,,,,,,,,,,,,,,,,月
阿倍野区,阪南町,4丁目,16番,4~15号,,,,,,,,,,,,,,,,火金,,,,,,,,,,,,,,,,月,,,,,,,,,,,,,,木,,,,,,,,,,,,,,,,,,,,月
阿倍野区,阪南町,4丁目,16番,軽四輪車(小さい車)で収集している地域,,,,,,,,,,,火金,,,,,,,,,,,,,,,,,,,月,,,,,,,,,,,,,,,,木,,,,,,,,,,,,,,,,,,,,月
阿倍野区,阪南町,4丁目,16番,上記以外,,,,,,,,,,,,,,,,,火金,,,,,,,,,,,,,月,,,,,,,,,,,,,,,,木,,,,,,,,,,,,,,,,,,,,月
阿倍野区,阪南町,4丁目,17番,3~15号,,,,,,,,,,,火金,,,,,,,,,,,,,,,,,,,月,,,,,,,,,,,,,,,,木,,,,,,,,,,,,,,,,,,,,月
阿倍野区,阪南町,4丁目,17番,上記以外,,,,,,,,,,,,,,,,,火金,,,,,,,,,,,,,月,,,,,,,,,,,,,,,,木,,,,,,,,,,,,,,,,,,,,月
阿倍野区,阪南町,4丁目,18番,5~12号,,,,,,,,,,,火金,,,,,,,,,,,,,,,,,,,月,,,,,,,,,,,,,,,,木,,,,,,,,,,,,,,,,,,,,月
阿倍野区,阪南町,4丁目,18番,上記以外,,,,,,,,,,,,,,,,,火金,,,,,,,,,,,,,月,,,,,,,,,,,,,,,,木,,,,,,,,,,,,,,,,,,,,月
阿倍野区,阪南町,5丁目,1番,,,,,,,,,,,,火金,,,,,,,,,,,,,,,,,,,月,,,,,,,,,,,,,,,,木,,,,,,,,,,,,,,,,,,,,月
阿倍野区,阪南町,5丁目,2番,,,,,,,,,,,,火金,,,,,,,,,,,,,,,,,,,月,,,,,,,,,,,,,,,,木,,,,,,,,,,,,,,,,,,,,月
阿倍野区,阪南町,5丁目,3番,,,,,,,,,,,,火金,,,,,,,,,,,,,,,,,,,月,,,,,,,,,,,,,,,,木,,,,,,,,,,,,,,,,,,,,月
阿倍野区,阪南町,5丁目,4番,軽四輪車(小さい車)で収集している地域,,,,,,,,,,,,,,,火金,,,,,,,,,,,,,,,,,月,,,,,,,,,,,,,,木,,,,,,,,,,,,,,,,,,,,月
阿倍野区,阪南町,5丁目,4番,上記以外,,,,,,,,,,,火金,,,,,,,,,,,,,,,,,,,月,,,,,,,,,,,,,,,,木,,,,,,,,,,,,,,,,,,,,月
阿倍野区,阪南町,5丁目,5番,軽四輪車(小さい車)で収集している地域,,,,,,,,,,,,,,,火金,,,,,,,,,,,,,,,,,月,,,,,,,,,,,,,,木,,,,,,,,,,,,,,,,,,,,月
阿倍野区,阪南町,5丁目,5番,上記以外,,,,,,,,,,,火金,,,,,,,,,,,,,,,,,,,月,,,,,,,,,,,,,,,,木,,,,,,,,,,,,,,,,,,,,月
阿倍野区,阪南町,5丁目,6番,,,,,,,,,,,,火金,,,,,,,,,,,,,,,,,,,月,,,,,,,,,,,,,,,,木,,,,,,,,,,,,,,,,,,,,月
阿倍野区,阪南町,5丁目,7番,,,,,,,,,,,,火金,,,,,,,,,,,,,,,,,,,月,,,,,,,,,,,,,,,,木,,,,,,,,,,,,,,,,,,,,月
阿倍野区,阪南町,5丁目,8番,3･16~30号,,,,,,,,,,,火金,,,,,,,,,,,,,,,,,,,月,,,,,,,,,,,,,,,,木,,,,,,,,,,,,,,,,,,,,月
阿倍野区,阪南町,5丁目,8番,上記以外,,,,,,,,,,,,,,,火金,,,,,,,,,,,,,,,月,,,,,,,,,,,,,,,,木,,,,,,,,,,,,,,,,,,,,月
阿倍野区,阪南町,5丁目,9番,1･15~28号,,,,,,,,,,,火金,,,,,,,,,,,,,,,,,,,月,,,,,,,,,,,,,,,,木,,,,,,,,,,,,,,,,,,,,月
阿倍野区,阪南町,5丁目,9番,上記以外,,,,,,,,,,,,,,,火金,,,,,,,,,,,,,,,月,,,,,,,,,,,,,,,,木,,,,,,,,,,,,,,,,,,,,月
阿倍野区,阪南町,5丁目,10番,軽四輪車(小さい車)で収集している地域,,,,,,,,,,,,,,,,火金,,,,,,,,,,,,,,,,月,,,,,,,,,,,,,,木,,,,,,,,,,,,,,,,,,,,月
阿倍野区,阪南町,5丁目,10番,上記以外,,,,,,,,,,,,,,,,火金,,,,,,,,,,,,,,月,,,,,,,,,,,,,,,,木,,,,,,,,,,,,,,,,,,,,月
阿倍野区,阪南町,5丁目,11番,軽四輪車(小さい車)で収集している地域,,,,,,,,,,,,,,,火金,,,,,,,,,,,,,,,,,月,,,,,,,,,,,,,,木,,,,,,,,,,,,,,,,,,,,月
阿倍野区,阪南町,5丁目,11番,上記以外,,,,,,,,,,,,,,,火金,,,,,,,,,,,,,,,月,,,,,,,,,,,,,,,,木,,,,,,,,,,,,,,,,,,,,月
阿倍野区,阪南町,5丁目,12番,,,,,,,,,,,,,,,,,火金,,,,,,,,,,,,,,,月,,,,,,,,,,,,,,,,,木,,,,,,,,,,,,,,,,,,月
阿倍野区,阪南町,5丁目,13番,,,,,,,,,,,,,,,,火金,,,,,,,,,,,,,,,,月,,,,,,,,,,,,,,,,,木,,,,,,,,,,,,,,,,,,月
阿倍野区,阪南町,5丁目,14番,,,,,,,,,,,,,,,,火金,,,,,,,,,,,,,,,,月,,,,,,,,,,,,,,,,,木,,,,,,,,,,,,,,,,,,月
阿倍野区,阪南町,5丁目,15番,,,,,,,,,,,,,,,,火金,,,,,,,,,,,,,,,,月,,,,,,,,,,,,,,,,,木,,,,,,,,,,,,,,,,,,月
阿倍野区,阪南町,5丁目,16番,軽四輪車(小さい車)で収集している地域,,,,,,,,,,,,,,,,火金,,,,,,,,,,,,,,,,月,,,,,,,,,,,,,,,,木,,,,,,,,,,,,,,,,,,月
阿倍野区,阪南町,5丁目,16番,上記以外,,,,,,,,,,,,,,,,火金,,,,,,,,,,,,,,,月,,,,,,,,,,,,,,,,,木,,,,,,,,,,,,,,,,,,月
阿倍野区,阪南町,5丁目,17番,軽四輪車(小さい車)で収集している地域,,,,,,,,,,,,,,,火金,,,,,,,,,,,,,,,,,月,,,,,,,,,,,,,,,,木,,,,,,,,,,,,,,,,,,月
阿倍野区,阪南町,5丁目,17番,上記以外,,,,,,,,,,,,,,,火金,,,,,,,,,,,,,,,,月,,,,,,,,,,,,,,,,,木,,,,,,,,,,,,,,,,,,月
阿倍野区,阪南町,5丁目,18番,,,,,,,,,,,,,,,火金,,,,,,,,,,,,,,,,,月,,,,,,,,,,,,,,,,,木,,,,,,,,,,,,,,,,,,月
阿倍野区,阪南町,5丁目,19番,,,,,,,,,,,,,,,火金,,,,,,,,,,,,,,,,,月,,,,,,,,,,,,,,,,,木,,,,,,,,,,,,,,,,,,月
阿倍野区,阪南町,5丁目,20番,,,,,,,,,,,,,,,,,火金,,,,,,,,,,,,,,,月,,,,,,,,,,,,,,,,,木,,,,,,,,,,,,,,,,,,月
阿倍野区,阪南町,5丁目,21番,,,,,,,,,,,,,,,,,火金,,,,,,,,,,,,,,,月,,,,,,,,,,,,,,,,,木,,,,,,,,,,,,,,,,,,月
阿倍野区,阪南町,5丁目,22番,軽四輪車(小さい車)で収集している地域,,,,,,,,,,,,,,,,,火金,,,,,,,,,,,,,,,月,,,,,,,,,,,,,,,,木,,,,,,,,,,,,,,,,,,月
阿倍野区,阪南町,5丁目,22番,上記以外,,,,,,,,,,,,,,,,,火金,,,,,,,,,,,,,月,,,,,,,,,,,,,,,,木,,,,,,,,,,,,,,,,,,,,月
阿倍野区,阪南町,5丁目,23番,,,,,,,水土,,,,,,,,,,,,,,,,,,,,,,,,月,,,,,,,,,,,,,,,,木,,,,,,,,,,,,,,,,,,,,月
阿倍野区,阪南町,5丁目,24番,,,,,,,水土,,,,,,,,,,,,,,,,,,,,,,,,月,,,,,,,,,,,,,,,,木,,,,,,,,,,,,,,,,,,,,月
阿倍野区,阪南町,5丁目,25番,,,,,,,水土,,,,,,,,,,,,,,,,,,,,,,,,月,,,,,,,,,,,,,,,,木,,,,,,,,,,,,,,,,,,,,月
阿倍野区,阪南町,6丁目,1番,,,,,,,水土,,,,,,,,,,,,,,,,,,,,,,,,月,,,,,,,,,,,,,,,,木,,,,,,,,,,,,,,,,,,,,月
阿倍野区,阪南町,6丁目,2番,,,,,,,,水土,,,,,,,,,,,,,,,,,,,,,,,月,,,,,,,,,,,,,,,,木,,,,,,,,,,,,,,,,,,,,月
阿倍野区,阪南町,6丁目,3番,,,,,,,,水土,,,,,,,,,,,,,,,,,,,,,,,月,,,,,,,,,,,,,,,,木,,,,,,,,,,,,,,,,,,,,月
阿倍野区,阪南町,6丁目,4番,,,,,,,水土,,,,,,,,,,,,,,,,,,,,,,,,月,,,,,,,,,,,,,,,,木,,,,,,,,,,,,,,,,,,,,月
阿倍野区,阪南町,6丁目,5番,,,,,,,水土,,,,,,,,,,,,,,,,,,,,,,,,月,,,,,,,,,,,,,,,,木,,,,,,,,,,,,,,,,,,,,月
阿倍野区,阪南町,6丁目,6番,,,,,,,水土,,,,,,,,,,,,,,,,,,,,,,,,月,,,,,,,,,,,,,,,,木,,,,,,,,,,,,,,,,,,,,月
阿倍野区,阪南町,6丁目,7番,,,,,,,水土,,,,,,,,,,,,,,,,,,,,,,,,月,,,,,,,,,,,,,,,,木,,,,,,,,,,,,,,,,,,,,月
阿倍野区,阪南町,6丁目,8番,,,,,,,水土,,,,,,,,,,,,,,,,,,,,,,,,月,,,,,,,,,,,,,,,,木,,,,,,,,,,,,,,,,,,,,月
阿倍野区,阪南町,6丁目,9番,,,,,,,水土,,,,,,,,,,,,,,,,,,,,,,,,月,,,,,,,,,,,,,,,,木,,,,,,,,,,,,,,,,,,,,月
阿倍野区,阪南町,6丁目,10番,,,,,,,水土,,,,,,,,,,,,,,,,,,,,,,,,月,,,,,,,,,,,,,,,,木,,,,,,,,,,,,,,,,,,,,月
阿倍野区,阪南町,6丁目,11番,,,,,,,水土,,,,,,,,,,,,,,,,,,,,,,,,月,,,,,,,,,,,,,,,,木,,,,,,,,,,,,,,,,,,,月,
阿倍野区,阪南町,6丁目,12番,,,,,,,,水土,,,,,,,,,,,,,,,,,,,,,,,月,,,,,,,,,,,,,,,,木,,,,,,,,,,,,,,,,,,,月,
阿倍野区,阪南町,7丁目,1番,,,,,,,,水土,,,,,,,,,,,,,,,,,,,,,,,,,月,,,,,,,,,,,,,,,,木,,,,,,,,,,,,,,,,,,
阿倍野区,阪南町,7丁目,2番,,,,,,,,水土,,,,,,,,,,,,,,,,,,,,,,,,,月,,,,,,,,,,,,,,,,木,,,,,,,,,,,,,,,,月,,
阿倍野区,阪南町,7丁目,3番,,,,,,,,水土,,,,,,,,,,,,,,,,,,,,,,,,,月,,,,,,,,,,,,,,,,木,,,,,,,,,,,,,,,,月,,
阿倍野区,阪南町,7丁目,4番,,,,,,,,水土,,,,,,,,,,,,,,,,,,,,,,,,,月,,,,,,,,,,,,,,,,木,,,,,,,,,,,,,,,,,,
阿倍野区,阪南町,7丁目,5番,,,,,,,,水土,,,,,,,,,,,,,,,,,,,,,,,,,月,,,,,,,,,,,,,,,,木,,,,,,,,,,,,,,,,,,
阿倍野区,阪南町,7丁目,6番,,,,,,,,,水土,,,,,,,,,,,,,,,,,,,,,,,,月,,,,,,,,,,,,,,,,木,,,,,,,,,,,,,,,,,,
阿倍野区,阪南町,7丁目,7番,,,,,,,,,水土,,,,,,,,,,,,,,,,,,,,,,,,月,,,,,,,,,,,,,,,,木,,,,,,,,,,,,,,,,月,,
阿倍野区,阪南町,7丁目,8番,,,,,,,水土,,,,,,,,,,,,,,,,,,,,,,,,,,月,,,,,,,,,,,,,,,,木,,,,,,,,,,,,,,,,月,,
阿倍野区,阪南町,7丁目,9番,,,,,,,水土,,,,,,,,,,,,,,,,,,,,,,,,,,月,,,,,,,,,,,,,,,,木,,,,,,,,,,,,,,,,,,
阿倍野区,美章園,1丁目,1番,,,,,,,,,,月木,,,,,,,,,,,,,,,,,,,,,,火,,,,,,,,,,,,,,,,金,,,,,,,,,,,,,,,,,金,,
阿倍野区,美章園,1丁目,2番,,,,,,,,,,月木,,,,,,,,,,,,,,,,,,,,,火,,,,,,,,,,,,,,,,金,,,,,,,,,,,,,,,,,,金,,
阿倍野区,美章園,1丁目,3番,,,,,,,,,,,月木,,,,,,,,,,,,,,,,,,,,火,,,,,,,,,,,,,,,,金,,,,,,,,,,,,,,,,,,金,,
阿倍野区,美章園,1丁目,4番,,,,,,,,,,月木,,,,,,,,,,,,,,,,,,,,,火,,,,,,,,,,,,,,,,金,,,,,,,,,,,,,,,,,,金,,
阿倍野区,美章園,1丁目,5番,,,,,,,,,月木,,,,,,,,,,,,,,,,,,,,,,火,,,,,,,,,,,,,,,,金,,,,,,,,,,,,,,,,,金,,,
阿倍野区,美章園,1丁目,6番,,,,,,,,月木,,,,,,,,,,,,,,,,,,,,,,,火,,,,,,,,,,,,,,,,金,,,,,,,,,,,,,,,,,金,,,
阿倍野区,美章園,1丁目,7番,,,,,,,,月木,,,,,,,,,,,,,,,,,,,,,,,火,,,,,,,,,,,,,,,,金,,,,,,,,,,,,,,,,,金,,,
阿倍野区,美章園,1丁目,8番,,,,,,,,月木,,,,,,,,,,,,,,,,,,,,,,,火,,,,,,,,,,,,,,,,金,,,,,,,,,,,,,,,,,金,,,
阿倍野区,美章園,1丁目,9番,,,,,,,月木,,,,,,,,,,,,,,,,,,,,,,,,火,,,,,,,,,,,,,,,,金,,,,,,,,,,,,,,,,,,金,,
阿倍野区,美章園,1丁目,10番,,,,,,,,月木,,,,,,,,,,,,,,,,,,,,,,,火,,,,,,,,,,,,,,,,金,,,,,,,,,,,,,,,,,,金,,
阿倍野区,美章園,1丁目,11番,,,,,,,,月木,,,,,,,,,,,,,,,,,,,,,,,火,,,,,,,,,,,,,,,,金,,,,,,,,,,,,,,,,,金,,,
阿倍野区,美章園,2丁目,1番,,,,,,,,,月木,,,,,,,,,,,,,,,,,,,,,,火,,,,,,,,,,,,,,,,金,,,,,,,,,,,,,,,,,,金,,
阿倍野区,美章園,2丁目,2番,,,,,,,,,,月木,,,,,,,,,,,,,,,,,,,,,火,,,,,,,,,,,,,,,,金,,,,,,,,,,,,,,,,,,金,,
阿倍野区,美章園,2丁目,3番,,,,,,,,,,月木,,,,,,,,,,,,,,,,,,,,,火,,,,,,,,,,,,,,,,金,,,,,,,,,,,,,,,,,,金,,
阿倍野区,美章園,2丁目,4番,,,,,,,,,,月木,,,,,,,,,,,,,,,,,,,,,火,,,,,,,,,,,,,,,,金,,,,,,,,,,,,,,,,,,金,,
阿倍野区,美章園,2丁目,5番,,,,,,,,月木,,,,,,,,,,,,,,,,,,,,,,,火,,,,,,,,,,,,,,,,金,,,,,,,,,,,,,,,,,,金,,
阿倍野区,美章園,2丁目,6番,,,,,,,,,,月木,,,,,,,,,,,,,,,,,,,,,火,,,,,,,,,,,,,,,,金,,,,,,,,,,,,,,,,,金,,,
阿倍野区,美章園,2丁目,7番,,,,,,,,,,月木,,,,,,,,,,,,,,,,,,,,,火,,,,,,,,,,,,,,,,金,,,,,,,,,,,,,,,,,,金,,
阿倍野区,美章園,2丁目,8番,,,,,,,,,,月木,,,,,,,,,,,,,,,,,,,,,火,,,,,,,,,,,,,,,,金,,,,,,,,,,,,,,,,,,金,,
阿倍野区,美章園,2丁目,9番,,,,,,,,月木,,,,,,,,,,,,,,,,,,,,,,,火,,,,,,,,,,,,,,,,金,,,,,,,,,,,,,,,,,,金,,
阿倍野区,美章園,2丁目,10番,,,,,,,,月木,,,,,,,,,,,,,,,,,,,,,,,火,,,,,,,,,,,,,,,,金,,,,,,,,,,,,,,,,,,金,,
阿倍野区,美章園,2丁目,11番,,,,,,,,,,月木,,,,,,,,,,,,,,,,,,,,,火,,,,,,,,,,,,,,,,金,,,,,,,,,,,,,,,,,金,,,
阿倍野区,美章園,2丁目,12番,,,,,,,,月木,,,,,,,,,,,,,,,,,,,,,,,火,,,,,,,,,,,,,,,,金,,,,,,,,,,,,,,,,,,金,,
阿倍野区,美章園,2丁目,13番,,,,,,,,月木,,,,,,,,,,,,,,,,,,,,,,,火,,,,,,,,,,,,,,,,金,,,,,,,,,,,,,,,,,金,,,
阿倍野区,美章園,2丁目,14番,,,,,,,,月木,,,,,,,,,,,,,,,,,,,,,,,火,,,,,,,,,,,,,,,,金,,,,,,,,,,,,,,,,,,金,,
阿倍野区,美章園,2丁目,15番,,,,,,,,月木,,,,,,,,,,,,,,,,,,,,,,,火,,,,,,,,,,,,,,,,金,,,,,,,,,,,,,,,,,金,,,
阿倍野区,美章園,2丁目,16番,,,,,,,,月木,,,,,,,,,,,,,,,,,,,,,,,火,,,,,,,,,,,,,,,,金,,,,,,,,,,,,,,,,,金,,,
阿倍野区,美章園,2丁目,17番,,,,,,,,月木,,,,,,,,,,,,,,,,,,,,,,,火,,,,,,,,,,,,,,,,金,,,,,,,,,,,,,,,,,金,,,
阿倍野区,美章園,2丁目,18番,,,,,,,月木,,,,,,,,,,,,,,,,,,,,,,,,火,,,,,,,,,,,,,,,,金,,,,,,,,,,,,,,,,,金,,,
阿倍野区,美章園,2丁目,19番,,,,,,,,月木,,,,,,,,,,,,,,,,,,,,,,,火,,,,,,,,,,,,,,,,金,,,,,,,,,,,,,,,,,金,,,
阿倍野区,美章園,2丁目,20番,,,,,,,,月木,,,,,,,,,,,,,,,,,,,,,,,火,,,,,,,,,,,,,,,,金,,,,,,,,,,,,,,,,,金,,,
阿倍野区,美章園,2丁目,21番,,,,,,,,月木,,,,,,,,,,,,,,,,,,,,,,,火,,,,,,,,,,,,,,,,金,,,,,,,,,,,,,,,,,,金,,
阿倍野区,美章園,2丁目,22番,,,,,,,,月木,,,,,,,,,,,,,,,,,,,,,,,火,,,,,,,,,,,,,,,,金,,,,,,,,,,,,,,,,,,金,,
阿倍野区,美章園,2丁目,23番,,,,,,,,月木,,,,,,,,,,,,,,,,,,,,,,,火,,,,,,,,,,,,,,,,金,,,,,,,,,,,,,,,,,,金,,
阿倍野区,美章園,2丁目,24番,,,,,,,,月木,,,,,,,,,,,,,,,,,,,,,,,火,,,,,,,,,,,,,,,,金,,,,,,,,,,,,,,,,,,金,,
阿倍野区,美章園,2丁目,25番,,,,,,,,月木,,,,,,,,,,,,,,,,,,,,,,,火,,,,,,,,,,,,,,,,金,,,,,,,,,,,,,,,,,金,,,
阿倍野区,美章園,2丁目,26番,,,,,,,,月木,,,,,,,,,,,,,,,,,,,,,,,火,,,,,,,,,,,,,,,,金,,,,,,,,,,,,,,,,,,金,,
阿倍野区,美章園,2丁目,27番,,,,,,,,月木,,,,,,,,,,,,,,,,,,,,,,,火,,,,,,,,,,,,,,,,金,,,,,,,,,,,,,,,,,,金,,
阿倍野区,美章園,2丁目,28番,,,,,,,,月木,,,,,,,,,,,,,,,,,,,,,,,火,,,,,,,,,,,,,,,,金,,,,,,,,,,,,,,,,,,金,,
阿倍野区,美章園,3丁目,1番,,,,,,,火金,,,,,,,,,,,,,,,,,,,,,,,,,,水,,,,,,,,,,,,,,,土,,,,,,,,,,,,,,,,,土,,
阿倍野区,美章園,3丁目,2番,,,,,,,火金,,,,,,,,,,,,,,,,,,,,,,,,,,水,,,,,,,,,,,,,,,土,,,,,,,,,,,,,,,,土,,,
阿倍野区,美章園,3丁目,3番,,,,,,,,火金,,,,,,,,,,,,,,,,,,,,,,,,,水,,,,,,,,,,,,,,,土,,,,,,,,,,,,,,,,土,,,
阿倍野区,美章園,3丁目,4番,,,,,,,火金,,,,,,,,,,,,,,,,,,,,,,,,,,水,,,,,,,,,,,,,,,土,,,,,,,,,,,,,,,,土,,,
阿倍野区,美章園,3丁目,5番,,,,,,,,火金,,,,,,,,,,,,,,,,,,,,,,,,,水,,,,,,,,,,,,,,,土,,,,,,,,,,,,,,,土,,,,
阿倍野区,美章園,3丁目,6番,,,,,,,,火金,,,,,,,,,,,,,,,,,,,,,,,,,水,,,,,,,,,,,,,,,土,,,,,,,,,,,,,,,土,,,,
阿倍野区,美章園,3丁目,7番,,,,,,,火金,,,,,,,,,,,,,,,,,,,,,,,,,,水,,,,,,,,,,,,,,,土,,,,,,,,,,,,,,,,土,,,
阿倍野区,美章園,3丁目,8番,,,,,,,火金,,,,,,,,,,,,,,,,,,,,,,,,,,水,,,,,,,,,,,,,,,土,,,,,,,,,,,,,,,,,土,,
阿倍野区,文の里,1丁目,1番,,,,,,,,,火金,,,,,,,,,,,,,,,,,,,,,,,,水,,,,,,,,,,,,,,,土,,,,,,土,,,,,,,,,,,,,
阿倍野区,文の里,1丁目,2番,軽四輪車(小さい車)で収集している地域,,,,,,,,火金,,,,,,,,,,,,,,,,,,,,,,,,水,,,,,,,,,,,,,,,土,,,,,土,,,,,,,,,,,,,,
阿倍野区,文の里,1丁目,2番,上記以外,,,,,,火金,,,,,,,,,,,,,,,,,,,,,,,,,,水,,,,,,,,,,,,,,,土,,,,,,土,,,,,,,,,,,,,
阿倍野区,文の里,1丁目,3番,軽四輪車(小さい車)で収集している地域,,,,,,,,,火金,,,,,,,,,,,,,,,,,,,,,,,水,,,,,,,,,,,,,,,土,,,,,土,,,,,,,,,,,,,,
阿倍野区,文の里,1丁目,3番,上記以外,,,,,,火金,,,,,,,,,,,,,,,,,,,,,,,,,,水,,,,,,,,,,,,,,,土,,,,,,土,,,,,,,,,,,,,
阿倍野区,文の里,1丁目,4番,,,,,,,火金,,,,,,,,,,,,,,,,,,,,,,,,,,水,,,,,,,,,,,,,,,土,,,,,,土,,,,,,,,,,,,,
阿倍野区,文の里,1丁目,5番,,,,,,,,火金,,,,,,,,,,,,,,,,,,,,,,,,,水,,,,,,,,,,,,,,,土,,,,,,土,,,,,,,,,,,,,
阿倍野区,文の里,1丁目,6番,軽四輪車(小さい車)で収集している地域,,,,,,,,火金,,,,,,,,,,,,,,,,,,,,,,,,水,,,,,,,,,,,,,,,土,,,,,土,,,,,,,,,,,,,,
阿倍野区,文の里,1丁目,6番,上記以外,,,,,,,火金,,,,,,,,,,,,,,,,,,,,,,,,,水,,,,,,,,,,,,,,,土,,,,,,土,,,,,,,,,,,,,
阿倍野区,文の里,1丁目,7番,,,,,,,,火金,,,,,,,,,,,,,,,,,,,,,,,,,水,,,,,,,,,,,,,,,土,,,,,,土,,,,,,,,,,,,,
阿倍野区,文の里,1丁目,8番,軽四輪車(小さい車)で収集している地域,,,,,,,,火金,,,,,,,,,,,,,,水,,,,,,,,,,,,,,,,土,,,,,,,,,,,,,,土,,,,,,,,,,,,,,
阿倍野区,文の里,1丁目,8番,上記以外,,,,,,火金,,,,,,,,,,,,,,,,,,,,,,,,,,水,,,,,,,,,,,,,,,土,,,,,,土,,,,,,,,,,,,,
阿倍野区,文の里,2丁目,1番,軽四輪車(小さい車)で収集している地域,,,,,,火金,,,,,,,,,,,,,,,,水,,,,,,,,,,,,,,,,土,,,,,,,,,,,,,,,,,,,,,,,,,,土,,
阿倍野区,文の里,2丁目,1番,上記以外,,,,,,火金,,,,,,,,,,,,,,,,,,,,,,,,,,水,,,,,,,,,,,,,,,土,,,,,,,,,,土,,,,,,,,,
阿倍野区,文の里,2丁目,2番,,,,,,,火金,,,,,,,,,,,,,,,,,,,,,,,,,,水,,,,,,,,,,,,,,,土,,,,,,,,,,,,,,,,,土,,
阿倍野区,文の里,2丁目,3番,軽四輪車(小さい車)で収集している地域,,,,,,,,火金,,,,,,,,,,,,,,,,,,,,,,,,水,,,,,,,,,,,,,,,土,,,,,,,,,,,,,,,,,,,土
阿倍野区,文の里,2丁目,3番,上記以外,,,,,,,火金,,,,,,,,,,,,,,,,,,,,,,,,,水,,,,,,,,,,,,,,,土,,,,,,,,,,,,,,,,,土,,
阿倍野区,文の里,2丁目,4番,軽四輪車(小さい車)で収集している地域,,,,,,,火金,,,,,,,,,,,,,,,,,,,,,,,,,水,,,,,,,,,,,,,,,土,,,,,,,,,,,,,,,,,,,土
阿倍野区,文の里,2丁目,4番,上記以外,,,,,,,火金,,,,,,,,,,,,,,,,,,,,,,,,,水,,,,,,,,,,,,,,,土,,,,,,,,,,,,,,,,,,土,
阿倍野区,文の里,2丁目,5番,軽四輪車(小さい車)で収集している地域,,,,,,,,火金,,,,,,,,,,,,,,,,,,,,,,,,水,,,,,,,,,,,,,,,土,,,,,,,,,,,,,,,,,,,土
阿倍野区,文の里,2丁目,5番,上記以外,,,,,,火金,,,,,,,,,,,,,,,,,,,,,,,,,,水,,,,,,,,,,,,,,,土,,,,,,,,,,,,,,,,,,土,
阿倍野区,文の里,2丁目,6番,軽四輪車(小さい車)で収集している地域,,,,,,,,火金,,,,,,,,,,,,,,,,,,,,,,,,水,,,,,,,,,,,,,,,土,,,,,,,,,,,,,,,,,,,土
阿倍野区,文の里,2丁目,6番,上記以外,,,,,,火金,,,,,,,,,,,,,,,,,,,,,,,,,,水,,,,,,,,,,,,,,,土,,,,,,,,,,,,,,,,,,土,
阿倍野区,文の里,2丁目,7番,軽四輪車(小さい車)で収集している地域,,,,,,,,火金,,,,,,,,,,,,,,,,,,,,,,,,水,,,,,,,,,,,,,,,土,,,,,,,,,,,,,,,,,,,土
阿倍野区,文の里,2丁目,7番,上記以外,,,,,,,火金,,,,,,,,,,,,,,,,,,,,,,,,,水,,,,,,,,,,,,,,,土,,,,,,,,,,,,,,,,,土,,
阿倍野区,文の里,2丁目,8番,軽四輪車(小さい車)で収集している地域,,,,,,,,火金,,,,,,,,,,,,,,,,,,,,,,,,水,,,,,,,,,,,,,,,土,,,,,,,,,,,,,,,,,,,土
阿倍野区,文の里,2丁目,8番,上記以外,,,,,,火金,,,,,,,,,,,,,,,,,,,,,,,,,,水,,,,,,,,,,,,,,,土,,,,,,,,,,,,,,,,,土,,
阿倍野区,文の里,2丁目,9番,軽四輪車(小さい車)で収集している地域,,,,,,,,火金,,,,,,,,,,,,,,,,,,,,,,,,水,,,,,,,,,,,,,,,土,,,,,,,,,,,,,,,,,,,土
阿倍野区,文の里,2丁目,9番,上記以外,,,,,,,火金,,,,,,,,,,,,,,,,,,,,,,,,,水,,,,,,,,,,,,,,,土,,,,,,,,,,,,,,,,,,土,
阿倍野区,文の里,2丁目,10番,軽四輪車(小さい車)で収集している地域,,,,,,,,火金,,,,,,,,,,,,,,水,,,,,,,,,,,,,,,,土,,,,,,,,,,,,,,,,,,,,,,,,,,,,土
阿倍野区,文の里,2丁目,10番,上記以外,,,,,,火金,,,,,,,,,,,,,,,,,,,,,,,,,,水,,,,,,,,,,,,,,,土,,,,,,,,,,,,,,,,,,土,
阿倍野区,文の里,2丁目,11番,,,,,,,,火金,,,,,,,,,,,,,,,水,,,,,,,,,,,,,,,,土,,,,,,,,,,,,,,,,,,,,,,,,,土,,,
阿倍野区,文の里,2丁目,12番,,,,,,,火金,,,,,,,,,,,,,,,,水,,,,,,,,,,,,,,,,土,,,,,,,,,,,,,,,,,,,,,,,,,,,,土
阿倍野区,文の里,2丁目,13番,,,,,,,火金,,,,,,,,,,,,,,,,水,,,,,,,,,,,,,,,,土,,,,,,,,,,,,,,,,,,,,,,,,,,,土,
阿倍野区,文の里,2丁目,14番,,,,,,,,,火金,,,,,,,,,,,,,,水,,,,,,,,,,,,,,,,土,,,,,,,,,,,,,,,,,,,,,,,,,,,,土
阿倍野区,文の里,2丁目,15番,,,,,,,,,火金,,,,,,,,,,,,,,水,,,,,,,,,,,,,,,,土,,,,,,,,,,,,,,,,,,,,,,,,,,,,土
阿倍野区,文の里,2丁目,16番,,,,,,,,,火金,,,,,,,,,,,,,,水,,,,,,,,,,,,,,,,土,,,,,,,,,,,,,,,,,,,,,,,,,,,,土
阿倍野区,文の里,2丁目,17番,,,,,,,,,火金,,,,,,,,,,,,,,水,,,,,,,,,,,,,,,,土,,,,,,,,,,,,,,,,,,,,,,,,,,,,土
阿倍野区,文の里,2丁目,18番,,,,,,,,火金,,,,,,,,,,,,,,,水,,,,,,,,,,,,,,,,土,,,,,,,,,,,,,,,,,,,,,,,,,,,,土
阿倍野区,文の里,3丁目,1番,,,,,,,火金,,,,,,,,,,,,,,,,,,,,,,,,,,水,,,,,,,,,,,,,,,,土,,,,,土,,,,,,,,,,,,,
阿倍野区,文の里,3丁目,2番,軽四輪車(小さい車)で収集している地域,,,,,,,火金,,,,,,,,,,,,,,,,,,,,,,,,,水,,,,,,,,,,,,,,,,土,,,,土,,,,,,,,,,,,,,
阿倍野区,文の里,3丁目,2番,    上記以外,,,,,,,火金,,,,,,,,,,,,,,,,,,,,,,,,,水,,,,,,,,,,,,,,,,土,,,,,土,,,,,,,,,,,,,
阿倍野区,文の里,3丁目,3番,,,,,,,,火金,,,,,,,,,,,,,,,,,,,,,,,,,水,,,,,,,,,,,,,,,,土,,,,,土,,,,,,,,,,,,,
阿倍野区,文の里,3丁目,4番,,,,,,,火金,,,,,,,,,,,,,,,,,,,,,,,,,,水,,,,,,,,,,,,,,,,土,,,,,土,,,,,,,,,,,,,
阿倍野区,文の里,3丁目,6番,,,,,,,火金,,,,,,,,,,,,,,,,,,,,,,,,,,水,,,,,,,,,,,,,,,,土,,,,,土,,,,,,,,,,,,,
阿倍野区,文の里,3丁目,7番,,,,,,,火金,,,,,,,,,,,,,,,,,,,,,,,,,,水,,,,,,,,,,,,,,,,土,,,,,土,,,,,,,,,,,,,
阿倍野区,文の里,3丁目,8番,,,,,,,,火金,,,,,,,,,,,,,,,,,,,,,,,,,水,,,,,,,,,,,,,,,,土,,,,,土,,,,,,,,,,,,,
阿倍野区,文の里,3丁目,9番,,,,,,,火金,,,,,,,,,,,,,,,,,,,,,,,,,,水,,,,,,,,,,,,,,,,土,,,,,土,,,,,,,,,,,,,
阿倍野区,文の里,3丁目,10番,,,,,,,,火金,,,,,,,,,,,,,,,,,,,,,,,,,水,,,,,,,,,,,,,,,,土,,,,,土,,,,,,,,,,,,,
阿倍野区,文の里,3丁目,11番,,,,,,,火金,,,,,,,,,,,,,,,,,,,,,,,,,,水,,,,,,,,,,,,,,,,土,,,,,土,,,,,,,,,,,,,
阿倍野区,文の里,3丁目,12番,,,,,,,火金,,,,,,,,,,,,,,,,,,,,,,,,水,,,,,,,,,,,,,,,,土,,,,,,,土,,,,,,,,,,,,,
阿倍野区,文の里,3丁目,13番,,,,,,,火金,,,,,,,,,,,,,,,,,,,,,,,,水,,,,,,,,,,,,,,,,土,,,,,,,土,,,,,,,,,,,,,
阿倍野区,文の里,3丁目,14番,,,,,,,火金,,,,,,,,,,,,,,,,,,,,,,,,水,,,,,,,,,,,,,,,,土,,,,,,,土,,,,,,,,,,,,,
阿倍野区,文の里,3丁目,15番,,,,,,,,火金,,,,,,,,,,,,,,,,,,,,,,,水,,,,,,,,,,,,,,,,土,,,,,,,土,,,,,,,,,,,,,
阿倍野区,文の里,3丁目,16番,軽四輪車(小さい車)で収集している地域,,,,,,火金,,,,,,,,,,,,,,,,,,,,,,,,水,,,,,,,,,,,,,,,,土,,,,,,土,,,,,,,,,,,,,,
阿倍野区,文の里,3丁目,16番,    上記以外,,,,,,火金,,,,,,,,,,,,,,,,,,,,,,,,水,,,,,,,,,,,,,,,,土,,,,,,,土,,,,,,,,,,,,,
阿倍野区,文の里,3丁目,17番,軽四輪車(小さい車)で収集している地域,,,,,,火金,,,,,,,,,,,,,,,,,,,,,,,,水,,,,,,,,,,,,,,,,土,,,,,,土,,,,,,,,,,,,,,
阿倍野区,文の里,3丁目,17番,    上記以外,,,,,,火金,,,,,,,,,,,,,,,,,,,,,,,,水,,,,,,,,,,,,,,,,土,,,,,,,土,,,,,,,,,,,,,
阿倍野区,文の里,4丁目,1番,,,,,,,,火金,,,,,,,,,,,,,,,水,,,,,,,,,,,,,,,,土,,,,,,,,,,,,,,,土,,,,,,,,,,,,,
阿倍野区,文の里,4丁目,2番,,,,,,,,火金,,,,,,,,,,,,,,,水,,,,,,,,,,,,,,,,土,,,,,,,,,,,,,,,土,,,,,,,,,,,,,
阿倍野区,文の里,4丁目,3番,,,,,,,火金,,,,,,,,,,,,,,,,,,,,,,,,水,,,,,,,,,,,,,,,,土,,,,,,,土,,,,,,,,,,,,,
阿倍野区,文の里,4丁目,4番,,,,,,,火金,,,,,,,,,,,,,,,,,,,,,,,,水,,,,,,,,,,,,,,,,土,,,,,,,土,,,,,,,,,,,,,
阿倍野区,文の里,4丁目,5番,,,,,,,火金,,,,,,,,,,,,,,,,,,,,,,,,水,,,,,,,,,,,,,,,,土,,,,,,,土,,,,,,,,,,,,,
阿倍野区,文の里,4丁目,6番,軽四輪車(小さい車)で収集している地域,,,,,,火金,,,,,,,,,,,,,,,,,,,,,,,,水,,,,,,,,,,,,,,,,土,,,,,,土,,,,,,,,,,,,,,
阿倍野区,文の里,4丁目,6番,    上記以外,,,,,,火金,,,,,,,,,,,,,,,,,,,,,,,,水,,,,,,,,,,,,,,,,土,,,,,,土,,,,,,,,,,,,,,
阿倍野区,文の里,4丁目,7番,軽四輪車(小さい車)で収集している地域,,,,,,火金,,,,,,,,,,,,,,,,,,,,,,,,水,,,,,,,,,,,,,,,,土,,,,,,土,,,,,,,,,,,,,,
阿倍野区,文の里,4丁目,7番,    上記以外,,,,,,火金,,,,,,,,,,,,,,,,,,,,,,,,水,,,,,,,,,,,,,,,,土,,,,,,土,,,,,,,,,,,,,,
阿倍野区,文の里,4丁目,8番,軽四輪車(小さい車)で収集している地域,,,,,,火金,,,,,,,,,,,,,,,,,,,,,,,,水,,,,,,,,,,,,,,,,土,,,,,,土,,,,,,,,,,,,,,
阿倍野区,文の里,4丁目,8番,    上記以外,,,,,,火金,,,,,,,,,,,,,,,,,,,,,,,,水,,,,,,,,,,,,,,,,土,,,,,,,土,,,,,,,,,,,,,
阿倍野区,文の里,4丁目,9番,軽四輪車(小さい車)で収集している地域,,,,,,火金,,,,,,,,,,,,,,,,,,,,,,,,水,,,,,,,,,,,,,,,,土,,,,,,土,,,,,,,,,,,,,,
阿倍野区,文の里,4丁目,9番,    上記以外,,,,,,火金,,,,,,,,,,,,,,,,,,,,,,,,水,,,,,,,,,,,,,,,,土,,,,,,,土,,,,,,,,,,,,,
阿倍野区,文の里,4丁目,10番,軽四輪車(小さい車)で収集している地域,,,,,,,火金,,,,,,,,,,,,,,,,,,,,,,,水,,,,,,,,,,,,,,,,土,,,,,,土,,,,,,,,,,,,,,
阿倍野区,文の里,4丁目,10番,    上記以外,,,,,,,火金,,,,,,,,,,,,,,,,,,,,,,,水,,,,,,,,,,,,,,,,土,,,,,,,土,,,,,,,,,,,,,
阿倍野区,文の里,4丁目,11番,軽四輪車(小さい車)で収集している地域,,,,,,,火金,,,,,,,,,,,,,,,,,,,,,,,水,,,,,,,,,,,,,,,,土,,,,,,土,,,,,,,,,,,,,,
阿倍野区,文の里,4丁目,11番,    上記以外,,,,,,,火金,,,,,,,,,,,,,,,,,,,,,,,水,,,,,,,,,,,,,,,,土,,,,,,,土,,,,,,,,,,,,,
阿倍野区,文の里,4丁目,12番,,,,,,,,火金,,,,,,,,,,,,,,,,,,,,,,,水,,,,,,,,,,,,,,,,土,,,,,,,土,,,,,,,,,,,,,
阿倍野区,文の里,4丁目,13番,,,,,,,,火金,,,,,,,,,,,,,,,,,,,,,,,水,,,,,,,,,,,,,,,,土,,,,,,,土,,,,,,,,,,,,,
阿倍野区,文の里,4丁目,14番,,,,,,,,火金,,,,,,,,,,,,,,,,,,,,,,,水,,,,,,,,,,,,,,,,土,,,,,,,土,,,,,,,,,,,,,
阿倍野区,文の里,4丁目,15番,,,,,,,,火金,,,,,,,,,,,,,,,,,,,,,,,水,,,,,,,,,,,,,,,,土,,,,,,,土,,,,,,,,,,,,,
阿倍野区,文の里,4丁目,16番,,,,,,,,火金,,,,,,,,,,,,,,,,,,,,,,,水,,,,,,,,,,,,,,,,土,,,,,,,土,,,,,,,,,,,,,
阿倍野区,文の里,4丁目,17番,,,,,,,,火金,,,,,,,,,,,,,,,,,,,,,,,水,,,,,,,,,,,,,,,,土,,,,,,,土,,,,,,,,,,,,,
阿倍野区,文の里,4丁目,18番,軽四輪車(小さい車)で収集している地域,,,,,,火金,,,,,,,,,,,,,,,,,,,,,,,,水,,,,,,,,,,,,,,,,土,,,,,,土,,,,,,,,,,,,,,
阿倍野区,文の里,4丁目,18番,    上記以外,,,,,,火金,,,,,,,,,,,,,,,,,,,,,,,,水,,,,,,,,,,,,,,,,土,,,,,,,土,,,,,,,,,,,,,
阿倍野区,文の里,4丁目,19番,軽四輪車(小さい車)で収集している地域,,,,,,,火金,,,,,,,,,,,,,,,,,,,,,,,水,,,,,,,,,,,,,,,,土,,,,,,土,,,,,,,,,,,,,,
阿倍野区,文の里,4丁目,19番,    上記以外,,,,,,,火金,,,,,,,,,,,,,,,,,,,,,,,水,,,,,,,,,,,,,,,,土,,,,,,,土,,,,,,,,,,,,,
阿倍野区,文の里,4丁目,20番,軽四輪車(小さい車)で収集している地域,,,,,,火金,,,,,,,,,,,,,,,,,,,,,,,,水,,,,,,,,,,,,,,,,土,,,,,,土,,,,,,,,,,,,,,
阿倍野区,文の里,4丁目,20番,    上記以外,,,,,,火金,,,,,,,,,,,,,,,,,,,,,,,,水,,,,,,,,,,,,,,,,土,,,,,,,土,,,,,,,,,,,,,
阿倍野区,文の里,4丁目,21番,,,,,,,,火金,,,,,,,,,,,,,,,,,,,,,,,水,,,,,,,,,,,,,,,,土,,,,,,,土,,,,,,,,,,,,,
阿倍野区,文の里,4丁目,22番,,,,,,,,火金,,,,,,,,,,,,,,,,,,,,,,,水,,,,,,,,,,,,,,,,土,,,,,,,土,,,,,,,,,,,,,
阿倍野区,文の里,4丁目,23番,軽四輪車(小さい車)で収集している地域,,,,,,,火金,,,,,,,,,,,,,,,,,水,,,,,,,,,,,,,,,,土,,,,,,,,,,,,土,,,,,,,,,,,,,,
阿倍野区,文の里,4丁目,23番,    上記以外,,,,,,,火金,,,,,,,,,,,,,,,,,水,,,,,,,,,,,,,,,,土,,,,,,,,,,,,,土,,,,,,,,,,,,,
阿倍野区,文の里,4丁目,24番,,,,,,,火金,,,,,,,,,,,,,,,,,,水,,,,,,,,,,,,,,,,土,,,,,,,,,,,,土,,,,,,,,,,,,,,
阿倍野区,文の里,4丁目,25番,,,,,,,,,火金,,,,,,,,,,,,,,,,,水,,,,,,,,,,,,,,,,土,,,,,,,,,,,土,,,,,,,,,,,,,,
阿倍野区,松崎町,1丁目,1番,,,,,,,,月木,,,,,,,,,,,,,,,,,,,,,,火,,,,,,,,,,,,,,,,金,,,,,,,,,,,,,,,,,,金,,,
阿倍野区,松崎町,1丁目,2番,,,,,,,,月木,,,,,,,,,,,,,,,,,,,,,,火,,,,,,,,,,,,,,,,金,,,,,,,,,,,,,,,,,,,,金,
阿倍野区,松崎町,2丁目,1番,軽四輪車(小さい車)で収集している地域,,,,,,,,月木,,,,,,,,,,,,,,,,,,,,,,,,火,,,,,,,,,,,,,,,金,,,,,,,,,,,,,,,,,,,金
阿倍野区,松崎町,2丁目,1番,上記以外,,,,,,,,,,,,,,,,月木,,,,,,,,,,,,,,,,火,,,,,,,,,,,,,,,金,,,,,,,,,,,,,,,,金,,,
阿倍野区,松崎町,2丁目,2番,軽四輪車(小さい車)で収集している地域,,,,,,,,月木,,,,,,,,,,,,,,,,,,,,,,,,火,,,,,,,,,,,,,,,金,,,,,,,,,,,,,,,,,,,金
阿倍野区,松崎町,2丁目,2番,上記以外,,,,,,,,,,,,,,,,月木,,,,,,,,,,,,,,,,火,,,,,,,,,,,,,,,金,,,,,,,,,,,,,,,,金,,,
阿倍野区,松崎町,2丁目,3番,軽四輪車(小さい車)で収集している地域,,,,,,,,月木,,,,,,,,,,,,,,,,,,,,,,,,火,,,,,,,,,,,,,,,金,,,,,,,,,,,,,,,,,,,金
阿倍野区,松崎町,2丁目,3番,上記以外,,,,,,,,,月木,,,,,,,,,,,,,,,,,,,,,,,火,,,,,,,,,,,,,,,金,,,,,,,,,,,,,,,,金,,,
阿倍野区,松崎町,2丁目,4番,,,,,,,,,,,,,,,,,,,月木,,,,,,,,,,,,,,火,,,,,,,,,,,,,,,,金,,,,,,,,,,,,,,,金,,,
阿倍野区,松崎町,2丁目,5番,,,,,,,,,,,,,,,,,,月木,,,,,,,,,,,,,,,火,,,,,,,,,,,,,,,,金,,,,,,,,,,,,,,,金,,,
阿倍野区,松崎町,2丁目,6番,,,,,,,,,,,,,,,,,,月木,,,,,,,,,,,,,,,火,,,,,,,,,,,,,,,,金,,,,,,,,,,,,,,,金,,,
阿倍野区,松崎町,2丁目,7番,,,,,,,,,,,,,,,,,,月木,,,,,,,,,,,,,,,火,,,,,,,,,,,,,,,,金,,,,,,,,,,,,,,,金,,,
阿倍野区,松崎町,2丁目,8番,,,,,,,,,,,,,,,,,,月木,,,,,,,,,,,,,,,火,,,,,,,,,,,,,,,,金,,,,,,,,,,,,,,,金,,,
阿倍野区,松崎町,2丁目,9番,,,,,,,,,,,,,,,,,,,月木,,,,,,,,,,,,,,火,,,,,,,,,,,,,,,,金,,,,,,,,,,,,,,,金,,,
阿倍野区,松崎町,2丁目,10番,軽四輪車(小さい車)で収集している地域,,,,,,,,月木,,,,,,,,,,,,,,,,,,,,,,,,火,,,,,,,,,,,,,,,,金,,,,,,,,,,,,,,,,,,金
阿倍野区,松崎町,2丁目,10番,上記以外,,,,,,,,,,,,,,,,,月木,,,,,,,,,,,,,,,火,,,,,,,,,,,,,,,,金,,,,,,,,,,,,,,,金,,,
阿倍野区,松崎町,3丁目,1番,,,,,,,,,,,,,,,,,月木,,,,,,,,,,,,,,,,火,,,,,,,,,,,,,,,,金,,,,,,,,,,,,,,,金,,,
阿倍野区,松崎町,3丁目,2番,,,,,,,,,,,,,,,,,月木,,,,,,,,,,,,,,,,火,,,,,,,,,,,,,,,,金,,,,,,,,,,,,,,,金,,,
阿倍野区,松崎町,3丁目,3番,,,,,,,,,,,,,,,,,月木,,,,,,,,,,,,,,,,火,,,,,,,,,,,,,,,,金,,,,,,,,,,,,,,,金,,,
阿倍野区,松崎町,3丁目,4番,,,,,,,,,,,,,,,,,月木,,,,,,,,,,,,,,,,火,,,,,,,,,,,,,,,,金,,,,,,,,,,,,,,,金,,,
阿倍野区,松崎町,3丁目,5番,,,,,,,,月木,,,,,,,,,,,,,,,,,,,,,,,,,火,,,,,,,,,,,,,,,,金,,,,,,,,,,,,,,,金,,,
阿倍野区,松崎町,3丁目,6番,,,,,,,,,,,月木,,,,,,,,,,,,,,,,,,,,,,火,,,,,,,,,,,,,,,,金,,,,,,,,,,,,,,,,,,金
阿倍野区,松崎町,3丁目,7番,軽四輪車(小さい車)で収集している地域,,,,,,,,,,,月木,,,,,,,,,,,,,,,,,,,,,火,,,,,,,,,,,,,,,,金,,,,,,,,,,,,,,,金,,,
阿倍野区,松崎町,3丁目,7番,上記以外,,,,,,,,,月木,,,,,,,,,,,,,,,,,,,,,,,火,,,,,,,,,,,,,,,,金,,,,,,,,,,,,,,,,金,,
阿倍野区,松崎町,3丁目,8番,軽四輪車(小さい車)で収集している地域,,,,,,,,,,,月木,,,,,,,,,,,,,,,,,,,,,火,,,,,,,,,,,,,,,,金,,,,,,,,,,,,,,,,金,,
阿倍野区,松崎町,3丁目,8番,上記以外,,,,,,,,月木,,,,,,,,,,,,,,,,,,,,,,,,火,,,,,,,,,,,,,,,,金,,,,,,,,,,,,,,,,金,,
阿倍野区,松崎町,3丁目,9番,軽四輪車(小さい車)で収集している地域,,,,,,,,,,,月木,,,,,,,,,,,,,,,,,,,,,火,,,,,,,,,,,,,,,,金,,,,,,,,,,,,,,,,金,,
阿倍野区,松崎町,3丁目,9番,上記以外,,,,,,,月木,,,,,,,,,,,,,,,,,,,,,,,,,火,,,,,,,,,,,,,,,,金,,,,,,,,,,,,,,,,金,,
阿倍野区,松崎町,3丁目,10番,,,,,,,,月木,,,,,,,,,,,,,,,,,,,,,,,,,火,,,,,,,,,,,,,,,,金,,,,,,,,,,,,,,,,金,,
阿倍野区,松崎町,3丁目,11番,軽四輪車(小さい車)で収集している地域,,,,,,,,,,,月木,,,,,,,,,,,,,,,,,,,,,火,,,,,,,,,,,,,,,,金,,,,,,,,,,,,,,,,,,金
阿倍野区,松崎町,3丁目,11番,上記以外,,,,,,,,,,,,,,,,月木,,,,,,,,,,,,,,,,火,,,,,,,,,,,,,,,,金,,,,,,,,,,,,,,,金,,,
阿倍野区,松崎町,3丁目,12番,,,,,,,,,,,,,,,,月木,,,,,,,,,,,,,,,,,火,,,,,,,,,,,,,,,,金,,,,,,,,,,,,,,,金,,,
阿倍野区,松崎町,3丁目,13番,,,,,,,,,,,,,,,,月木,,,,,,,,,,,,,,,,,火,,,,,,,,,,,,,,,,金,,,,,,,,,,,,,,,,金,,
阿倍野区,松崎町,3丁目,14番,,,,,,,,,,,,,,,,月木,,,,,,,,,,,,,,,,,火,,,,,,,,,,,,,,,,金,,,,,,,,,,,,,,,金,,,
阿倍野区,松崎町,3丁目,15番,,,,,,,,月木,,,,,,,,,,,,,,,,,,,,,,,,,火,,,,,,,,,,,,,,,,金,,,,,,,,,,,,,,,,金,,
阿倍野区,松崎町,3丁目,16番,,,,,,,,,,,,,,,,,月木,,,,,,,,,,,,,,,,火,,,,,,,,,,,,,,,,金,,,,,,,,,,,,,,,,金,,
阿倍野区,松崎町,3丁目,17番,,,,,,,,,,月木,,,,,,,,,,,,,,,,,,,,,,,火,,,,,,,,,,,,,,,,金,,,,,,,,,,,,,,,,金,,
阿倍野区,松崎町,4丁目,1番,,,,,,,,,,,,,,,,月木,,,,,,,,,,,,,,,,,火,,,,,,,,,,,,,,,,金,,,,土,,,,,,,,,,,,,,
阿倍野区,松崎町,4丁目,2番,,,,,,,,,,,,,,,,,,月木,,,,,,,,,,,,,,,火,,,,,,,,,,,,,,,,金,,,,土,,,,,,,,,,,,,,
阿倍野区,松崎町,4丁目,3番,,,,,,,,,,,,,,,,,月木,,,,,,,,,,,,,,,,火,,,,,,,,,,,,,,,,金,,,,土,,,,,,,,,,,,,,
阿倍野区,松崎町,4丁目,4番,,,,,,,,,,,,,,,,,月木,,,,,,,,,,,,,,,,火,,,,,,,,,,,,,,,,金,,,,土,,,,,,,,,,,,,,
阿倍野区,松崎町,4丁目,5番,,,,,,,,,,,,,,,,,,,月木,,,,,,,,,,,,,,火,,,,,,,,,,,,,,,,金,,,,土,,,,,,,,,,,,,,
阿倍野区,松崎町,4丁目,6番,,,,,,,,,,,,,,,,,,月木,,,,,,,,,,,,,,,火,,,,,,,,,,,,,,,,金,,,,土,,,,,,,,,,,,,,
阿倍野区,松崎町,4丁目,7番,軽四輪車(小さい車)で収集している地域,,,,,,,,,,,,,,,,,月木,,,,,,,,,,,,,,,火,,,,,,,,,,,,,,,,金,,,,土,,,,,,,,,,,,,,
阿倍野区,松崎町,4丁目,7番,    上記以外,,,,,,,,,,,,,,,,,月木,,,,,,,,,,,,,,,火,,,,,,,,,,,,,,,,金,,,,,土,,,,,,,,,,,,,
阿倍野区,松崎町,4丁目,8番,軽四輪車(小さい車)で収集している地域,,,,,,,,,,,,,,,,,月木,,,,,,,,,,,,,,,火,,,,,,,,,,,,,,,,金,,,,土,,,,,,,,,,,,,,
阿倍野区,松崎町,4丁目,8番,    上記以外,,,,,,,,,,,,,,,,,月木,,,,,,,,,,,,,,,火,,,,,,,,,,,,,,,,金,,,,,土,,,,,,,,,,,,,
阿倍野区,松崎町,4丁目,9番,,,,,,,,,,,,,,,,,,,月木,,,,,,,,,,,,,,火,,,,,,,,,,,,,,,,金,,,,土,,,,,,,,,,,,,,
阿倍野区,松崎町,4丁目,10番,,,,,,,,,,,,,,,,,,,月木,,,,,,,,,,,,,,火,,,,,,,,,,,,,,,,金,,,,土,,,,,,,,,,,,,,
阿倍野区,松崎町,4丁目,11番,,,,,,,,,,,,,,,,,,月木,,,,,,,,,,,,,,,火,,,,,,,,,,,,,,,,金,,,,土,,,,,,,,,,,,,,
阿倍野区,松虫通,1丁目,1番,軽四輪車(小さい車)で収集している地域,,,,,,,,,,月木,,,,,,,,,,火,,,,,,,,,,,,,,,,金,,,,,,,,,,,,,,,,,,,,,火,,,,,,,,,
阿倍野区,松虫通,1丁目,1番,上記以外,,,,,,,,,,,,,,,,月木,,,,,,,,,,,,,,火,,,,,,,,,,,,,,,,金,,,,,,,,,,,,,,,,,,,,火
阿倍野区,松虫通,1丁目,2番,20~25号,,,,,,,,,,,月木,,,,,,,,,,,,,,,,,,,火,,,,,,,,,,,,,,,,金,,,,,,,,,,,,,,,,,,,,火
阿倍野区,松虫通,1丁目,2番,軽四輪車(小さい車)で収集している地域,,,,,,,,,,月木,,,,,,,,,,火,,,,,,,,,,,,,,,,金,,,,,,,,,,,,,,,,,,,,,火,,,,,,,,,
阿倍野区,松虫通,1丁目,2番,上記以外,,,,,,,,,,,,,,,,月木,,,,,,,,,,,,,,火,,,,,,,,,,,,,,,,金,,,,,,,,,,,,,,,,,,,,火
阿倍野区,松虫通,1丁目,3番,軽四輪車(小さい車)で収集している地域,,,,,,,,,,,,,,,,,月木,,,,,,,,,,,,,火,,,,,,,,,,,,,金,,,,,,,,,,,,,,火,,,,,,,,,
阿倍野区,松虫通,1丁目,3番,上記以外,,,,,,,,,,,,,,,,月木,,,,,,,,,,,,,,火,,,,,,,,,,,,,,,,金,,,,,,,,,,,,,,,,,,,,火
阿倍野区,松虫通,1丁目,4番,軽四輪車(小さい車)で収集している地域,,,,,,,,,,,月木,,,,,,,,,,,,,,,,,,,火,,,,,,,,,,,,,金,,,,,,,,,,,,,,,,,,,,,,,火
阿倍野区,松虫通,1丁目,4番,上記以外,,,,,,,,,,,,,,,月木,,,,,,,,,,,,,,,火,,,,,,,,,,,,,,,,金,,,,,,,,,,,,,,,,,,,,火
阿倍野区,松虫通,1丁目,5番,3~5号,,,,,,,,,,,月木,,,,,,,,,,,,,,,,,,,火,,,,,,,,,,,,,,,,金,,,,,,,,,,,,,,,,,,,,火
阿倍野区,松虫通,1丁目,5番,軽四輪車(小さい車)で収集している地域,,,,,,,,,月木,,,,,,,,,,,,,,,,,,,,,火,,,,,,,,,,,,,金,,,,,,,,,,,,,,,,,,,,,,,火
阿倍野区,松虫通,1丁目,5番,上記以外,,,,,,,,,,,,,,,,月木,,,,,,,,,,,,,,火,,,,,,,,,,,,,,,,金,,,,,,,,,,,,,,,,,,,,火
阿倍野区,松虫通,1丁目,6番,17~21･26号,,,,,,,,,,,月木,,,,,,,,,,,,,,,,,,,火,,,,,,,,,,,,,,,,金,,,,,,,,,,,,,,,,,,,,火
阿倍野区,松虫通,1丁目,6番,軽四輪車(小さい車)で収集している地域,,,,,,,,,月木,,,,,,,,,,,,,,,,,,,,,火,,,,,,,,,,,,,金,,,,,,,,,,,,,,,,,,,,,,,火
阿倍野区,松虫通,1丁目,6番,上記以外,,,,,,,,,,,,,,月木,,,,,,,,,,,,,,,,火,,,,,,,,,,,,,,,,金,,,,,,,,,,,,,,,,,,,,火
阿倍野区,松虫通,1丁目,7番,2~8･18~26号,,,,,,,,,,,月木,,,,,,,,,,,,,,,,,,,火,,,,,,,,,,,,,,,,金,,,,,,,,,,,,,,,,,,,,火
阿倍野区,松虫通,1丁目,7番,軽四輪車(小さい車)で収集している地域,,,,,,,,,,,,,,,,,,月木,,火,,,,,,,,,,,,,,,,金,,,,,,,,,,,,,,,,,,,,,,,,,,,,,,火
阿倍野区,松虫通,1丁目,7番,上記以外,,,,,,,,,,,,,,,,,,月木,,,,,,,,,,,,火,,,,,,,,,,,,,,,,金,,,,,,,,,,,,,,,,,,,,火
阿倍野区,松虫通,1丁目,8番,9~21号,,,,,,,,,,,月木,,,,,,,,,,,,,,,,,,,火,,,,,,,,,,,,,,,金,,,,,,,,,,,,,,,,,,,,,火
阿倍野区,松虫通,1丁目,8番,上記以外,,,,,,,,,,,,,,,,,月木,,,,,,,,,,,,,火,,,,,,,,,,,,,,,金,,,,,,,,,,,,,,,,,,,,,火
阿倍野区,松虫通,1丁目,9番,,,,,,,,,,,,,,,月木,,,,,,,,,,,,,,,,火,,,,,,,,,,,,,,,,金,,,,,,,,,,,,,,,,火,,,,
阿倍野区,松虫通,1丁目,10番,2･5~10号,,,,,,,,,,,月木,,,,,,,,,,,,,,,,,,,火,,,,,,,,,,,,,,,金,,,,,,,,,,,,,,,,,,,,,火
阿倍野区,松虫通,1丁目,10番,軽四輪車(小さい車)で収集している地域,,,,,,,,,,,,,,月木,,,,,,,,,,,,,,,,火,,,,,,,,,,,,,,,,金,,,,,,,,,,,,,,,,,,,,火
阿倍野区,松虫通,1丁目,10番,上記以外,,,,,,,,,,,,,,月木,,,,,,,,,,,,,,,,火,,,,,,,,,,,,,,,金,,,,,,,,,,,,,,,,,,,,,火
阿倍野区,松虫通,1丁目,11番,,,,,,,,,,,,,,,月木,,,,,,,,,,,,,,,,火,,,,,,,,,,,,,,,,金,,,,,,,,,,,,,,,,火,,,,
阿倍野区,松虫通,1丁目,12番,,,,,,,,,,,,,,,月木,,,,,,,,,,,,,,,,火,,,,,,,,,,,,,,,,金,,,,,,,,,,,,,,,,火,,,,
阿倍野区,松虫通,1丁目,13番,,,,,,,,,,,,,,,,,,水土,,,,,月,,,,,,,,,,,,,,,,木,,,,,,,,,,,,,,,,,,,,,,,,,,,,木
阿倍野区,松虫通,1丁目,14番,,,,,,,,,,,,,,,,,,水土,,,,,月,,,,,,,,,,,,,,,,木,,,,,,,,,,,,,,,,,,,,,,,,,,,,木
阿倍野区,松虫通,2丁目,1番,軽四輪車(小さい車)で収集している地域,,,,,,,月木,,,,,,,,,,,,,,,,,,,,,,,火,,,,,,,,,,,,,金,,,,,,,,,,,,,,火,,,,,,,,,
阿倍野区,松虫通,2丁目,1番,上記以外,,,,,,,,,,,,,,,月木,,,,,,,,,,,,,,,火,,,,,,,,,,,,,,,,金,,,,,,,,,,,,,,,,,,,,火
阿倍野区,松虫通,2丁目,2番,16･18号,,,,,,,,,,,月木,,,,,,,,,,,,,,,,,,,火,,,,,,,,,,,,,,,,金,,,,,,,,,,,,,,,,,,,,火
阿倍野区,松虫通,2丁目,2番,軽四輪車(小さい車)で収集している地域,,,,,,月木,,,,,,,,,,,,,,,,,,,,,,,,火,,,,,,,,,,,,,金,,,,,,,,,,,,,火,,,,,,,,,,
阿倍野区,松虫通,2丁目,2番,上記以外,,,,,,,,,,,,,,,月木,,,,,,,,,,,,,,,火,,,,,,,,,,,,,,,,金,,,,,,,,,,,,,,,,,,,,火
阿倍野区,松虫通,2丁目,3番,30~40号,,,,,,,,,,,月木,,,,,,,,,,,,,,,,,,,火,,,,,,,,,,,,,,,,金,,,,,,,,,,,,,,,,,,,,火
阿倍野区,松虫通,2丁目,3番,軽四輪車(小さい車)で収集している地域,,,,,,月木,,,,,,,,,,,,,,,,,,,,,,,,火,,,,,,,,,,,,,金,,,,,,,,,,,,,火,,,,,,,,,,
阿倍野区,松虫通,2丁目,3番,上記以外,,,,,,,,,,,,,,,月木,,,,,,,,,,,,,,,火,,,,,,,,,,,,,,,,金,,,,,,,,,,,,,,,,,,,,火
阿倍野区,松虫通,2丁目,4番,1･8~30号,,,,,,,,,,,月木,,,,,,,,,,,,,,,,,,,火,,,,,,,,,,,,,,,,,金,,,,,,,,,,,,,,,,,,,火
阿倍野区,松虫通,2丁目,4番,上記以外,,,,,,,,,,,,,,,月木,,,,,,,,,,,,,,,火,,,,,,,,,,,,,,,,,金,,,,,,,,,,,,,,,,,,,火
阿倍野区,松虫通,2丁目,5番,,,,,,,,,,,,月木,,,,,,,,,,,,,,,,,,,火,,,,,,,,,,,,,,,,,金,,,,,,,,,,,,,,,,,,,火
阿倍野区,松虫通,2丁目,6番,,,,,,,,,,,,,,,,月木,,,,,,,,,,,,,,,火,,,,,,,,,,,,,,,,金,,,,,,,,,,,,,,,,,,,,火
阿倍野区,松虫通,2丁目,7番,,,,,,,,,,,,,,,,月木,,,,,,,,,,,,,,,火,,,,,,,,,,,,,,,,金,,,,,,,,,,,,,,,,,,,,火
阿倍野区,松虫通,2丁目,8番,,,,,,,,,,,,,,,,月木,,,,,,,,,,,,,,,火,,,,,,,,,,,,,,,,金,,,,,,,,,,,,,,,,,,,,火
阿倍野区,松虫通,2丁目,9番,,,,,,,,,,,,,,,月木,,,,,,,,,,,,,,,,火,,,,,,,,,,,,,,,,金,,,,,,,,,,,,,,,,火,,,,
阿倍野区,松虫通,2丁目,10番,,,,,,,,,,,,,,,,月木,,,,,,,,,,,,,,,火,,,,,,,,,,,,,,,,金,,,,,,,,,,,,,,,,,,,,火
阿倍野区,松虫通,3丁目,1番,軽四輪車(小さい車)で収集している地域,,,,,,,,,,,,,,,月木,,,,,,,,,火,,,,,,,,,,,,,,,,金,,,,,,,,,,,,,,,,,火,,,,,,,,,
阿倍野区,松虫通,3丁目,1番,上記以外,,,,,,,,,,,,,,,月木,,,,,,,,,,,,,,,火,,,,,,,,,,,,,,,,金,,,,,,,,,,,,,,,,,,,,火
阿倍野区,松虫通,3丁目,2番,,,,,,,,,,,,,,,月木,,,,,,,,,,,,,,,,火,,,,,,,,,,,,,,,,金,,,,,,,,,,,,,,,,火,,,,
阿倍野区,松虫通,3丁目,3番,軽四輪車(小さい車)で収集している地域,,,,,,,,,,,,,,月木,,,,,,,,,,火,,,,,,,,,,,,,,,,金,,,,,,,,,,,,,,,,,火,,,,,,,,,
阿倍野区,松虫通,3丁目,3番,上記以外,,,,,,,,,,,,,,,月木,,,,,,,,,,,,,,,火,,,,,,,,,,,,,,,,金,,,,,,,,,,,,,,,,,,,,火
阿倍野区,松虫通,3丁目,4番,軽四輪車(小さい車)で収集している地域,,,,,,,,,,,,,,月木,,,,,,,,,,,,,,,,火,,,,,,,,,,金,,,,,,,,,,,,,,,,,,,,,,,,,,火
阿倍野区,松虫通,3丁目,4番,上記以外,,,,,,,,,,,,,,,月木,,,,,,,,,,,,,,,火,,,,,,,,,,,,,,,,金,,,,,,,,,,,,,,,,,,,,火
阿倍野区,松虫通,3丁目,5番,軽四輪車(小さい車)で収集している地域,,,,,,,,,,,,,,月木,,,,,,,,月,,,,,,,,,,,,,,,,木,,,,,,,,,,,,,,,,,,,,,,,,,,,,木
阿倍野区,松虫通,3丁目,5番,上記以外,,,,,,,,,,,,,,,,,水土,,,,,月,,,,,,,,,,,,,,,,木,,,,,,,,,,,,,,,,,,,,,,,,,,,,木
阿倍野区,松虫通,3丁目,6番,軽四輪車(小さい車)で収集している地域,,,,,,,,水土,,,,,,,,,,,,,,月,,,,,,,,,,,,,,,,木,,,,,,,,,,,,,,,,,,,,,,,,,,,,木
阿倍野区,松虫通,3丁目,6番,上記以外,,,,,,,,,,,,,,,,,水土,,,,,月,,,,,,,,,,,,,,,,木,,,,,,,,,,,,,,,,,,,,,,,,,,,,木
阿倍野区,松虫通,3丁目,7番,,,,,,,,,,,,,,,,,,水土,,,,,月,,,,,,,,,,,,,,,,木,,,,,,,,,,,,,,,,,,,,,,,,,,,,木
阿倍野区,松虫通,3丁目,8番,,,,,,,,,,,,,,,月木,,,,,,,,,,,,,,,,火,,,,,,,,,,,,,,,,金,,,,,,,,,,,,,,,,火,,,,
阿倍野区,丸山通,1丁目,1番,,,,,,,,,,,,,,,,月木,,,,,,,,,,,,,,,火,,,,,,,,,,,,,,,,金,,,,,,火,,,,,,,,,,,,,,
阿倍野区,丸山通,1丁目,2番,,,,,,,,,,,,,,,,月木,,,,,,,,,,,,,,,火,,,,,,,,,,,,,,,,金,,,,,,火,,,,,,,,,,,,,,
阿倍野区,丸山通,1丁目,3番,,,,,,,,,,,,,,,,月木,,,,,,,,,,,,,,,火,,,,,,,,,,,,,,,,金,,,,,,,,,,,,,,,,,,,,火
阿倍野区,丸山通,1丁目,4番,,,,,,,,,,,,,,,,月木,,,,,,,,,,,,,,,火,,,,,,,,,,,,,,,,金,,,,,,,,,,,,,,,,,,火,,
阿倍野区,丸山通,1丁目,5番,軽四輪車(小さい車)で収集している地域,,,,,,,,,,,,,,月木,,,,,,,,,,,,,,,,火,,,,,,,,,,,,,金,,,,,,,,,,,,,,,火,,,,,,,,
阿倍野区,丸山通,1丁目,5番,上記以外,,,,,,,,,,,,,,月木,,,,,,,,,,,,,,,,火,,,,,,,,,,,,,,,,金,,,,,,,,,,,,火,,,,,,,,
阿倍野区,丸山通,1丁目,6番,軽四輪車(小さい車)で収集している地域,,,,,,,,,,,,,,,,月木,,,,火,,,,,,,,,,,,,,,,金,,,,,,,,,,,,,,,,,,,,,,火,,,,,,,,
阿倍野区,丸山通,1丁目,6番,上記以外,,,,,,,,,,,,,,,,月木,,,,,,,,,,,,,,火,,,,,,,,,,,,,,,,金,,,,,,,,,,,,火,,,,,,,,
阿倍野区,丸山通,2丁目,1番,,,,,,,,,,,,,,,,月木,,,,,,,,,,,,,,,火,,,,,,,,,,,,,金,,,,,,,,,,,,,,,火,,,,,,,,
阿倍野区,丸山通,2丁目,2番,16･18号,,,,,,,,,,,月木,,,,,,,,,,,,,,,,,,,火,,,,,,,,,,,,,金,,,,,,,,,,,,,,,火,,,,,,,,
阿倍野区,丸山通,2丁目,2番,上記以外,,,,,,,,,,,,,,,月木,,,,,,,,,,,,,,,火,,,,,,,,,,,,,金,,,,,,,,,,,,,,,火,,,,,,,,
阿倍野区,丸山通,2丁目,3番,30~40号,,,,,,,,,,,月木,,,,,,,,,,,,,,,,,,,火,,,,,,,,,,,,,,,,金,,,,,,,,,,,,,,,,,,,,火
阿倍野区,丸山通,2丁目,3番,軽四輪車(小さい車)で収集している地域,,,,,,,,,,,月木,,,,,,,,,,,,,火,,,,,,,,,,,,,,,,金,,,,,,,,,,,,,,,,,火,,,,,,,,,
阿倍野区,丸山通,2丁目,3番,上記以外,,,,,,,,,,,,,,,月木,,,,,,,,,,,,,,,火,,,,,,,,,,,,,,,,金,,,,,,,,,,,,,,,,,,,,火
阿倍野区,丸山通,2丁目,4番,1･11~20号,,,,,,,,,,,月木,,,,,,,,,,,,,,,,,,,火,,,,,,,,,,,,,,,,金,,,,,,,,,,,,,,,,,,,,火
阿倍野区,丸山通,2丁目,4番,上記以外,,,,,,,,,,,,,,,月木,,,,,,,,,,,,,,,火,,,,,,,,,,,,,,,,金,,,,,,,,,,,,,,,,,,,,火
阿倍野区,丸山通,2丁目,5番,,,,,,,,,,,,月木,,,,,,,,,,,,,,,,,,,火,,,,,,,,,,,,,,,,金,,,,,,,,,,,,,,,,,,,,火
阿倍野区,丸山通,2丁目,6番,軽四輪車(小さい車)で収集している地域,,,,,,,,,,,,,,,月木,,,,,,,,,火,,,,,,,,,,,,,,,,金,,,,,,,,,,,,,,,,,火,,,,,,,,,
阿倍野区,丸山通,2丁目,6番,上記以外,,,,,,,,,,,,,,,月木,,,,,,,,,,,,,,,火,,,,,,,,,,,,,,,,金,,,,,,,,,,,,,,,,,,,,火
阿倍野区,丸山通,2丁目,7番,2･15･18号,,,,,,,,,,,月木,,,,,,,,,,,,,,,,,,,火,,,,,,,,,,,,,,,,金,,,,,,,,,,,,,,,,,,,,火
阿倍野区,丸山通,2丁目,7番,上記以外,,,,,,,,,,,,,,,月木,,,,,,,,,,,,,,,火,,,,,,,,,,,,,,,,金,,,,,,,,,,,,,,,,,,,,火
阿倍野区,丸山通,2丁目,8番,軽四輪車(小さい車)で収集している地域,,,,,,,,,,,,,,,月木,,,,,,,,,火,,,,,,,,,,,,,,,,金,,,,,,,,,,,,,,,,,火,,,,,,,,,
阿倍野区,丸山通,2丁目,8番,上記以外,,,,,,,,,,,,,,,月木,,,,,,,,,,,,,,,火,,,,,,,,,,,,,,,,金,,,,,,,,,,,,,,,,,,,,火
阿倍野区,丸山通,2丁目,9番,軽四輪車(小さい車)で収集している地域,,,,,,,,,,,,,,,月木,,,,,,,,,火,,,,,,,,,,,,,,,,金,,,,,,,,,,,,,,,,,火,,,,,,,,,
阿倍野区,丸山通,2丁目,9番,上記以外,,,,,,,,,,,,,,,月木,,,,,,,,,,,,,,,火,,,,,,,,,,,,,,,,金,,,,,,,,,,,,,,,,,,,,火
阿倍野区,丸山通,2丁目,10番,軽四輪車(小さい車)で収集している地域,,,,,,,,,,,,,,,月木,,,,,,,,,,,,,,,火,,,,,,,,,,,,,金,,,,,,,,,,,,,,火,,,,,,,,,
阿倍野区,丸山通,2丁目,10番,上記以外,,,,,,,,,,,,,,,月木,,,,,,,,,,,,,,,火,,,,,,,,,,,,,,,,金,,,,,,,,,,,,,,,,,,,,火
阿倍野区,桃ケ池町,1丁目,1番,軽四輪車(小さい車)で収集している地域,,,,,,,,火金,,,,,,,,,,,,,,,,水,,,,,,,,,,,,,,,,土,,,,,,,,,,,,,,,,,,,,,,,土,,,
阿倍野区,桃ケ池町,1丁目,1番,上記以外,,,,,,,,火金,,,,,,,,,,,,,,,,,,,,,,水,,,,,,,,,,,,,,,,土,,,,,,,,,,,,,,,,,土,,,
阿倍野区,桃ケ池町,1丁目,2番,軽四輪車(小さい車)で収集している地域,,,,,,,火金,,,,,,,,,,,,,,,,,水,,,,,,,,,,,,,,,,土,,,,,,,,,,,,,,,,,,,,,,,土,,,
阿倍野区,桃ケ池町,1丁目,2番,上記以外,,,,,,火金,,,,,,,,,,,,,,,,,,,,,,,,水,,,,,,,,,,,,,,,,土,,,,,,,,,,,,,,,,土,,,,
阿倍野区,桃ケ池町,1丁目,3番,軽四輪車(小さい車)で収集している地域,,,,,,,,火金,,,,,,,,,,,,,,,,,,,水,,,,,,,,,,,,,,,,土,,,,,,,,,,,,,,,,,,,,,,,
阿倍野区,桃ケ池町,1丁目,3番,上記以外,,,,,,,,火金,,,,,,,,,,,,,,,,,,,,,,水,,,,,,,,,,,,,,,,土,,,,,,,,,,,,,,,,,,,,
阿倍野区,桃ケ池町,1丁目,4番,軽四輪車(小さい車)で収集している地域,,,,,,,,火金,,,,,,,,,,,,,,,,,,,水,,,,,,,,,,,,,,,,土,,,,,,,,,,,,,,,,,,,,,,,
阿倍野区,桃ケ池町,1丁目,4番,上記以外,,,,,,,,火金,,,,,,,,,,,,,,,,,,,,,,,水,,,,,,,,,,,,,,,土,,,,,,,,,,,,,,,,,,,,
阿倍野区,桃ケ池町,1丁目,5番,軽四輪車(小さい車)で収集している地域,,,,,,,,火金,,,,,,,,,,,,,,水,,,,,,,,,,,,,,,,土,,,,,,,,,,,,,,,,,,,,,,,,,,,,
阿倍野区,桃ケ池町,1丁目,5番,上記以外,,,,,,,,火金,,,,,,,,,,,,,,,,,,,,,,,水,,,,,,,,,,,,,,,,土,,,,,,,,,,,,,,,,,,,
阿倍野区,桃ケ池町,1丁目,7番,,,,,,,,,火金,,,,,,,,,,,,,,,,,,,,,,,水,,,,,,,,,,,,,,,,土,,,,,,,,,,,,,,,,,,,
阿倍野区,桃ケ池町,1丁目,8番,,,,,,,,,火金,,,,,,,,,,,,,,水,,,,,,,,,,,,,,,,土,,,,,,,,,,,,,,,,,,,,,,,,,,,,
阿倍野区,桃ケ池町,1丁目,9番,,,,,,,,,火金,,,,,,,,,,,,,,水,,,,,,,,,,,,,,,,土,,,,,,,,,,,,,,,,,,,,,,,,,,,,
阿倍野区,桃ケ池町,1丁目,10番,,,,,,,,,,火金,,,,,,,,,,,,,水,,,,,,,,,,,,,,,,土,,,,,,,,,,,,,,,,,,,,,,,,,,,,
阿倍野区,桃ケ池町,1丁目,11番,,,,,,,,,火金,,,,,,,,,,,,,,水,,,,,,,,,,,,,,,,土,,,,,,,,,,,,,,,,,,,,,,,,,,,,
阿倍野区,桃ケ池町,1丁目,12番,,,,,,,,,火金,,,,,,,,,,,,,,水,,,,,,,,,,,,,,,,土,,,,,,,,,,,,,,,,,,,,,,,,,,,,
阿倍野区,桃ケ池町,1丁目,13番,,,,,,,,,,火金,,,,,,,,,,,,,水,,,,,,,,,,,,,,,,土,,,,,,,,,,,,,,,,,,,,,,,,,,,,
阿倍野区,桃ケ池町,1丁目,14番,軽四輪車(小さい車)で収集している地域,,,,,,,火金,,,,,,,,,,,,,,,水,,,,,,,,,,,,,,,,土,,,,,,,,,,,,,,,,,,,,,,,,,,,,
阿倍野区,桃ケ池町,1丁目,14番,上記以外,,,,,,,,,火金,,,,,,,,,,,,,,,,,,,,,水,,,,,,,,,,,,,,,,土,,,,,,,,,,,,,,,,,,,,
阿倍野区,桃ケ池町,2丁目,2番,,,,,,,,,,火金,,,,,,,,,,,,,,水,,,,,,,,,,,,,,,,,,,,,,,土,,,,,,,,,,,,,,,,,,,,
阿倍野区,桃ケ池町,2丁目,3番,,,,,,,,,,火金,,,,,,,,,,,,,,,,,,,,,水,,,,,,,,,,,,,,,,土,,,,,,,,,,,,,,,,,,,,
阿倍野区,桃ケ池町,2丁目,4番,,,,,,,,,,火金,,,,,,,,,,,,,,,,,,,,,水,,,,,,,,,,,,,,,,土,,,,,,,,,,,,,,,,,,,,
阿倍野区,桃ケ池町,2丁目,5番,軽四輪車(小さい車)で収集している地域,,,,,,,,,火金,,,,,,,,,,,,,水,,,,,,,,,,,,,,,,土,,,,,,,,,,,,,,,,,,,,,,,,,,,,
阿倍野区,桃ケ池町,2丁目,5番,上記以外,,,,,,,,,火金,,,,,,,,,,,,,,,,,,,,,水,,,,,,,,,,,,,,,,土,,,,,,,,,,,,,,,,,,,,
阿倍野区,桃ケ池町,2丁目,6番,軽四輪車(小さい車)で収集している地域,,,,,,,,,火金,,,,,,,,,,,,,水,,,,,,,,,,,,,,,,土,,,,,,,,,,,,,,,,,,,,,,,,,,,,
阿倍野区,桃ケ池町,2丁目,6番,上記以外,,,,,,,,,火金,,,,,,,,,,,,,,,,,,,,,水,,,,,,,,,,,,,,,,土,,,,,,,,,,,,,,,,,,,,
阿倍野区,桃ケ池町,2丁目,7番,,,,,,,,,,火金,,,,,,,,,,,,,,,,,,,,,水,,,,,,,,,,,,,,,,土,,,,,,,,,,,,,,,,,,,,
阿倍野区,桃ケ池町,2丁目,8番,,,,,,,,,,火金,,,,,,,,,,,,,,,,,,,,,水,,,,,,,,,,,,,,,,土,,,,,,,,,,,,,,,,,,,,
阿倍野区,桃ケ池町,2丁目,9番,,,,,,,,,,火金,,,,,,,,,,,,,,,,,,,,,水,,,,,,,,,,,,,,,,土,,,,,,,,,,,,,,,,,,,,
阿倍野区,桃ケ池町,2丁目,10番,軽四輪車(小さい車)で収集している地域,,,,,,,,,火金,,,,,,,,,,,,,水,,,,,,,,,,,,,,,,土,,,,,,,,,,,,,,,,,,,,,,,,,,,,
阿倍野区,桃ケ池町,2丁目,10番,上記以外,,,,,,,,,火金,,,,,,,,,,,,,,,,,,,,,水,,,,,,,,,,,,,,,,土,,,,,,,,,,,,,,,,,,,,
阿倍野区,桃ケ池町,2丁目,11番,軽四輪車(小さい車)で収集している地域,,,,,,,,,火金,,,,,,,,,,,,,水,,,,,,,,,,,,,,,,土,,,,,,,,,,,,,,,,,,,,,,,,,,,,
阿倍野区,桃ケ池町,2丁目,11番,上記以外,,,,,,,,,火金,,,,,,,,,,,,,,,,,,,,,水,,,,,,,,,,,,,,,,土,,,,,,,,,,,,,,,,,,,,
阿倍野区,桃ケ池町,2丁目,12番,,,,,,,,,,火金,,,,,,,,,,,,,,,,,,,,,水,,,,,,,,,,,,,,,,土,,,,,,,,,,,,,,,,,,,,
阿倍野区,桃ケ池町,2丁目,13番,,,,,,,,,,火金,,,,,,,,,,,,,,,,,,,,,水,,,,,,,,,,,,,,,,土,,,,,,,,,,,,,,,,,,,,
