地区名1,地区名2,地区名3,地区名4,地区名5,備考,雑ごみ,普通ごみ_収集時間要問合せ,普通ごみ_午前,普通ごみ_午後,普通ごみ_8:30~10:30,普通ごみ_9:00~11:00,普通ごみ_9:30~11:30,普通ごみ_10:00~12:00,普通ごみ_10:30~12:30,普通ごみ_11:00~13:00,普通ごみ_11:30~13:30,普通ごみ_12:00~14:00,普通ごみ_12:30~14:30,普通ごみ_13:00~15:00,普通ごみ_13:30~15:30,普通ごみ_14:00~16:00,普通ごみ_14:30~16:30,資源ごみ_収集時間要問合せ,資源ごみ_午前,資源ごみ_午後,資源ごみ_8:30~10:30,資源ごみ_9:00~11:00,資源ごみ_9:30~11:30,資源ごみ_10:00~12:00,資源ごみ_10:30~12:30,資源ごみ_11:00~13:00,資源ごみ_11:30~13:30,資源ごみ_12:00~14:00,資源ごみ_12:30~14:30,資源ごみ_13:00~15:00,資源ごみ_13:30~15:30,資源ごみ_14:00~16:00,資源ごみ_14:30~16:30,プラスチック資源_収集時間要問合せ,プラスチック資源_午前,プラスチック資源_午後,プラスチック資源_8:30~10:30,プラスチック資源_9:00~11:00,プラスチック資源_9:30~11:30,プラスチック資源_10:00~12:00,プラスチック資源_10:30~12:30,プラスチック資源_11:00~13:00,プラスチック資源_11:30~13:30,プラスチック資源_12:00~14:00,プラスチック資源_12:30~14:30,プラスチック資源_13:00~15:00,プラスチック資源_13:30~15:30,プラスチック資源_14:00~16:00,プラスチック資源_14:30~16:30,古紙衣類_収集時間要問合せ,古紙衣類_午前,古紙衣類_午後,古紙衣類_8:30~10:30,古紙衣類_9:00~11:00,古紙衣類_9:30~11:30,古紙衣類_10:00~12:00,古紙衣類_10:30~12:30,古紙衣類_11:00~13:00,古紙衣類_11:30~13:30,古紙衣類_12:00~14:00,古紙衣類_12:30~14:30,古紙衣類_13:00~15:00,古紙衣類_13:30~15:30,古紙衣類_14:00~16:00,古紙衣類_14:30~16:30
中央区,安土町,1丁目,2番,,,,,,,,,水土,,,,,,,,,,,,,,,,金,,,,,,,,,,,,,,,,火,,,,,,,,,,,,,,木,,,,,,,,,,,,
中央区,安土町,1丁目,3番,,,,,,,,,水土,,,,,,,,,,,,,,,,金,,,,,,,,,,,,,,,,火,,,,,,,,,,,,,,木,,,,,,,,,,,,
中央区,安土町,1丁目,4番,プライムハイツ,,,,,,,,水土,,,,,,,,,,,,,,,,金,,,,,,,,,,,,,,,,火,,,,,,,,,,,,,,,,,,,,,,木,,,,
中央区,安土町,1丁目,4番,上記以外,,,,,,,,水土,,,,,,,,,,,,,,,,金,,,,,,,,,,,,,,,,火,,,,,,,,,,,,,,木,,,,,,,,,,,,
中央区,安土町,1丁目,5番,,,,,,,,,水土,,,,,,,,,,,,,,,,金,,,,,,,,,,,,,,,,火,,,,,,,,,,,,,,,,,,,,,,木,,,,
中央区,安土町,1丁目,6番,,,,,,,,,水土,,,,,,,,,,,,,,,,金,,,,,,,,,,,,,,,,火,,,,,,,,,,,,,,,,,,,,,,木,,,,
中央区,安土町,1丁目,7番,,,,,,,,,水土,,,,,,,,,,,,,,,,金,,,,,,,,,,,,,,,,火,,,,,,,,,,,,,,,,,,,,,,木,,,,
中央区,安土町,1丁目,8番,,,,,,,,,水土,,,,,,,,,,,,,,,,金,,,,,,,,,,,,,,,,火,,,,,,,,,,,,,,,,,,,,,,木,,,,
中央区,安土町,2丁目,1番,,,,,,,,水土,,,,,,,,,,,,,,,,,,,,,,,,木,,,,,,,,,,,,,,,,月,,,,,,,水,,,,,,,,,,,,
中央区,安土町,2丁目,2番,,,,,,,,水土,,,,,,,,,,,,,,,,,,,,,,,,木,,,,,,,,,,,,,,,,月,,,,,,,水,,,,,,,,,,,,
中央区,安土町,2丁目,3番,,,,,,,,水土,,,,,,,,,,,,,,,,,,,,,,,,木,,,,,,,,,,,,,,,,月,,,,,,,水,,,,,,,,,,,,
中央区,安土町,2丁目,4番,シティタワー大阪本町,,,,,,,,,火金,,,,,,,,,,,,,,,,,,,,,,木,,,,,,,,,,,,,,,,月,,,,,,,,,,,,,,,,,,,
中央区,安土町,2丁目,4番,上記以外,,,,,,,水土,,,,,,,,,,,,,,,,,,,,,,,,木,,,,,,,,,,,,,,,,月,,,,,,,水,,,,,,,,,,,,
中央区,安土町,2丁目,5番,,,,,,,,水土,,,,,,,,,,,,,,,,,,,,,,,,木,,,,,,,,,,,,,,,,月,,,,,,,水,,,,,,,,,,,,
中央区,安土町,2丁目,6番,,,,,,,,水土,,,,,,,,,,,,,,,,,,,,,,,,木,,,,,,,,,,,,,,,,月,,,,,,,水,,,,,,,,,,,,
中央区,安土町,3丁目,1番,ヴィアーレ大阪コーシャハイツ安土町,,,,,,,水土,,,,,,,,,,,,,,,,,,,,,,,,木,,,,,,,,,,,,,,,,月,,,,,,,木,,,,,,,,,,,,
中央区,安土町,3丁目,1番,上記以外,,,,,,,水土,,,,,,,,,,,,,,,,,,,,,,,,木,,,,,,,,,,,,,,,,月,,,,,,,水,,,,,,,,,,,,
中央区,安土町,3丁目,2番,,,,,,,,水土,,,,,,,,,,,,,,,,,,,,,,,,木,,,,,,,,,,,,,,,,月,,,,,,,水,,,,,,,,,,,,
中央区,安土町,3丁目,3番,,,,,,,,水土,,,,,,,,,,,,,,,,,,,,,,,,木,,,,,,,,,,,,,,,,月,,,,,,,水,,,,,,,,,,,,
中央区,安土町,3丁目,4番,,,,,,,,水土,,,,,,,,,,,,,,,,,,,,,,,,木,,,,,,,,,,,,,,,,月,,,,,,,水,,,,,,,,,,,,
中央区,淡路町,1丁目,1番,,,,,,,,,水土,,,,,,,,,,,,,,,,金,,,,,,,,,,,,,,,,火,,,,,,,,,,,,,,,,,,,,,,木,,,,
中央区,淡路町,1丁目,2番,,,,,,,,,水土,,,,,,,,,,,,,,,,金,,,,,,,,,,,,,,,,火,,,,,,,,,,,,,,,,,,,,,,木,,,,
中央区,淡路町,1丁目,3番,,,,,,,,,,水土,,,,,,,,,,,,,,,金,,,,,,,,,,,,,,,,火,,,,,,,,,,,,,,,,,,,,,,木,,,,
中央区,淡路町,1丁目,4番,,,,,,,,,水土,,,,,,,,,,,,,,,,金,,,,,,,,,,,,,,,,火,,,,,,,,,,,,,,,,,,,,,,木,,,,
中央区,淡路町,1丁目,5番,,,,,,,,,水土,,,,,,,,,,,,,,,,金,,,,,,,,,,,,,,,,火,,,,,,,,,,,,,,,,,,,,,,木,,,,
中央区,淡路町,1丁目,6番,,,,,,,,,水土,,,,,,,,,,,,,,,,金,,,,,,,,,,,,,,,,火,,,,,,,,,,,,,,,,,,,,,,木,,,,
中央区,淡路町,1丁目,7番,,,,,,,,,水土,,,,,,,,,,,,,,,,金,,,,,,,,,,,,,,,,火,,,,,,,,,,,,,,,,,,,,,,木,,,,
中央区,淡路町,2丁目,1番,,,,,,,,水土,,,,,,,,,,,,,,,,,,,,,,,,木,,,,,,,,,,,,,,,,月,,,,,,,水,,,,,,,,,,,,
中央区,淡路町,2丁目,2番,,,,,,,,水土,,,,,,,,,,,,,,,,,,,,,,,,木,,,,,,,,,,,,,,,,月,,,,,,,水,,,,,,,,,,,,
中央区,淡路町,2丁目,3番,,,,,,,,水土,,,,,,,,,,,,,,,,,,,,,,,,木,,,,,,,,,,,,,,,,月,,,,,,,水,,,,,,,,,,,,
中央区,淡路町,2丁目,4番,UR都市機構船場淡路町,,,,,,,水土,,,,,,,,,,,,,,,,,,,,,,,,木,,,,,,,,,,,,,,,,月,,,,,,,,,,,,,,,木,,,,
中央区,淡路町,2丁目,4番,上記以外,,,,,,,水土,,,,,,,,,,,,,,,,,,,,,,,,木,,,,,,,,,,,,,,,,月,,,,,,,水,,,,,,,,,,,,
中央区,淡路町,2丁目,5番,,,,,,,,水土,,,,,,,,,,,,,,,,,,,,,,,,木,,,,,,,,,,,,,,,,月,,,,,,,水,,,,,,,,,,,,
中央区,淡路町,2丁目,6番,,,,,,,,水土,,,,,,,,,,,,,,,,,,,,,,,,木,,,,,,,,,,,,,,,,月,,,,,,,水,,,,,,,,,,,,
中央区,淡路町,3丁目,1番,,,,,,,,水土,,,,,,,,,,,,,,,,,,,,,,,,木,,,,,,,,,,,,,,,,月,,,,,,,水,,,,,,,,,,,,
中央区,淡路町,3丁目,2番,,,,,,,,水土,,,,,,,,,,,,,,,,,,,,,,,,木,,,,,,,,,,,,,,,,月,,,,,,,水,,,,,,,,,,,,
中央区,淡路町,3丁目,3番,クラッシィタワー淀屋橋,,,,,,,,,,,,,,,火金,,,,,,,,,,,,,,,,木,,,,,,,,,,,,,,,,月,,,,,,,木,,,,,,,,,,,,
中央区,淡路町,3丁目,3番,上記以外,,,,,,,水土,,,,,,,,,,,,,,,,,,,,,,,,木,,,,,,,,,,,,,,,,月,,,,,,,水,,,,,,,,,,,,
中央区,淡路町,3丁目,4番,,,,,,,,水土,,,,,,,,,,,,,,,,,,,,,,,,木,,,,,,,,,,,,,,,,月,,,,,,,水,,,,,,,,,,,,
中央区,淡路町,3丁目,5番,,,,,,,,水土,,,,,,,,,,,,,,,,,,,,,,,,木,,,,,,,,,,,,,,,,月,,,,,,,水,,,,,,,,,,,,
中央区,淡路町,3丁目,6番,,,,,,,,水土,,,,,,,,,,,,,,,,,,,,,,,,木,,,,,,,,,,,,,,,,月,,,,,,,水,,,,,,,,,,,,
中央区,淡路町,4丁目,1番,,,,,,,,水土,,,,,,,,,,,,,,,,,,,,,,,,木,,,,,,,,,,,,,,,,月,,,,,,,水,,,,,,,,,,,,
中央区,淡路町,4丁目,2番,,,,,,,,水土,,,,,,,,,,,,,,,,,,,,,,,,木,,,,,,,,,,,,,,,,月,,,,,,,水,,,,,,,,,,,,
中央区,淡路町,4丁目,3番,,,,,,,,水土,,,,,,,,,,,,,,,,,,,,,,,,木,,,,,,,,,,,,,,,,月,,,,,,,水,,,,,,,,,,,,
中央区,淡路町,4丁目,4番,,,,,,,,水土,,,,,,,,,,,,,,,,,,,,,,,,木,,,,,,,,,,,,,,,,月,,,,,,,水,,,,,,,,,,,,
中央区,淡路町,4丁目,5番,,,,,,,,水土,,,,,,,,,,,,,,,,,,,,,,,,木,,,,,,,,,,,,,,,,月,,,,,,,水,,,,,,,,,,,,
中央区,淡路町,4丁目,6番,,,,,,,,水土,,,,,,,,,,,,,,,,,,,,,,,,木,,,,,,,,,,,,,,,,月,,,,,,,水,,,,,,,,,,,,
中央区,淡路町,4丁目,7番,,,,,,,,水土,,,,,,,,,,,,,,,,,,,,,,,,木,,,,,,,,,,,,,,,,月,,,,,,,水,,,,,,,,,,,,
中央区,安堂寺町,1丁目,1番,,,,,,,,,,,,,,,,,,月木,,,,,,,,,,,,,,土,,,,,,,,,,,,,,,,水,,,,,,,月,,,,,,,,,,,,
中央区,安堂寺町,1丁目,2番,,,,,,,,,,,,,,,,,,月木,,,,,,,,,,,,,,土,,,,,,,,,,,,,,,,水,,,,,,,月,,,,,,,,,,,,
中央区,安堂寺町,1丁目,3番,,,,,,,,,,,,,,,,,,月木,,,,,,,,,,,,,,土,,,,,,,,,,,,,,,,水,,,,,,,月,,,,,,,,,,,,
中央区,安堂寺町,1丁目,4番,,,,,,,,,,,,,,,,,,月木,,,,,,,,,,,,,,土,,,,,,,,,,,,,,,,水,,,,,,,月,,,,,,,,,,,,
中央区,安堂寺町,1丁目,5番,,,,,,,,,,,,,,,,,,月木,,,,,,,,,,,,,,土,,,,,,,,,,,,,,,,水,,,,,,,月,,,,,,,,,,,,
中央区,安堂寺町,1丁目,6番,,,,,,,,,,,,,,,,,,月木,,,,,,,,,,,,,,土,,,,,,,,,,,,,,,,水,,,,,,,月,,,,,,,,,,,,
中央区,安堂寺町,2丁目,1番,,,,,,,,火金,,,,,,,,,,,,,,,,,,,,,,,,,,土,,,,,,,,,,,,,,,,水,,,,,,,,,,,,,火,,,,
中央区,安堂寺町,2丁目,2番,,,,,,,,火金,,,,,,,,,,,,,,,,,,,,,,,,,,土,,,,,,,,,,,,,,,,水,,,,,,,,,,,,,火,,,,
中央区,安堂寺町,2丁目,3番,,,,,,,,火金,,,,,,,,,,,,,,,,,,,,,,,,,,土,,,,,,,,,,,,,,,,水,,,,,,,,,,,,,火,,,,
中央区,安堂寺町,2丁目,4番,,,,,,,,火金,,,,,,,,,,,,,,,,,,,,,,,,,,土,,,,,,,,,,,,,,,,水,,,,,,,,,,,,,火,,,,
中央区,安堂寺町,2丁目,5番,,,,,,,,火金,,,,,,,,,,,,,,,,,,,,,,,,,,土,,,,,,,,,,,,,,,,水,,,,,,,,,,,,,火,,,,
中央区,安堂寺町,2丁目,6番,,,,,,,,火金,,,,,,,,,,,,,,,,,,,,,,,,,,土,,,,,,,,,,,,,,,,水,,,,,,,,,,,,,火,,,,
中央区,安堂寺町,2丁目,7番,,,,,,,,火金,,,,,,,,,,,,,,,,,,,,,,,,,,土,,,,,,,,,,,,,,,,水,,,,,,,,,,,,,火,,,,
中央区,和泉町,1丁目,1番,,,,,,,,火金,,,,,,,,,,,,,,,,,,,,,,,,,,土,,,,,,,,,,,,,,,,水,,,,,,,,,,,,,火,,,,
中央区,和泉町,1丁目,2番,,,,,,,,火金,,,,,,,,,,,,,,,,,,,,,,,,,,土,,,,,,,,,,,,,,,,水,,,,,,,,,,,,,火,,,,
中央区,和泉町,1丁目,3番,,,,,,,,火金,,,,,,,,,,,,,,,,,,,,,,,,,,土,,,,,,,,,,,,,,,,水,,,,,,,,,,,,,火,,,,
中央区,和泉町,1丁目,4番,,,,,,,,火金,,,,,,,,,,,,,,,,,,,,,,,,,,土,,,,,,,,,,,,,,,,水,,,,,,,,,,,,,火,,,,
中央区,和泉町,2丁目,1番,,,,,,,,火金,,,,,,,,,,,,,,,,,,,,,,,,,,土,,,,,,,,,,,,,,,,水,,,,,,,,,,,,,火,,,,
中央区,和泉町,2丁目,2番,,,,,,,,火金,,,,,,,,,,,,,,,,,,,,,,,,,,土,,,,,,,,,,,,,,,,水,,,,,,,,,,,,,火,,,,
中央区,和泉町,2丁目,3番,,,,,,,,火金,,,,,,,,,,,,,,,,,,,,,,,,,,土,,,,,,,,,,,,,,,,水,,,,,,,,,,,,,火,,,,
中央区,和泉町,2丁目,4番,,,,,,,,火金,,,,,,,,,,,,,,,,,,,,,,,,,,土,,,,,,,,,,,,,,,,水,,,,,,,,,,,,,火,,,,
中央区,糸屋町,1丁目,1番,,,,,,,,,,,,,,,,水土,,,,,,,,,,,,,,,,金,,,,,,,,,,,,,,,,火,,,,,,,木,,,,,,,,,,,,
中央区,糸屋町,1丁目,2番,,,,,,,,,,,,,,,,水土,,,,,,,,,,,,,,,,金,,,,,,,,,,,,,,,,火,,,,,,,木,,,,,,,,,,,,
中央区,糸屋町,1丁目,3番,,,,,,,,,,,,,,,,水土,,,,,,,,,,,,,,,,金,,,,,,,,,,,,,,,,火,,,,,,,木,,,,,,,,,,,,
中央区,糸屋町,1丁目,4番,,,,,,,,,,,,,,,,水土,,,,,,,,,,,,,,,,金,,,,,,,,,,,,,,,,火,,,,,,,木,,,,,,,,,,,,
中央区,糸屋町,2丁目,1番,,,,,,,,,,,,,,,,水土,,,,,,,,,,,,,,,,金,,,,,,,,,,,,,,,,火,,,,,,,木,,,,,,,,,,,,
中央区,糸屋町,2丁目,2番,,,,,,,,,,,,,,,,水土,,,,,,,,,,,,,,,,金,,,,,,,,,,,,,,,,火,,,,,,,木,,,,,,,,,,,,
中央区,糸屋町,2丁目,3番,,,,,,,,,,水土,,,,,,,,,,,,,,,,,,,,,,金,,,,,,,,,,,,,,,,火,,,,,,,木,,,,,,,,,,,,
中央区,糸屋町,2丁目,4番,,,,,,,,,,水土,,,,,,,,,,,,,,,,,,,,,,金,,,,,,,,,,,,,,,,火,,,,,,,木,,,,,,,,,,,,
中央区,今橋,1丁目,1番,,,,,,,,,,水土,,,,,,,,,,,,,,,金,,,,,,,,,,,,,,,,,火,,,,,,,,,,,,,,,,,,,,,木,,,,
中央区,今橋,1丁目,2番,,,,,,,,,,水土,,,,,,,,,,,,,,,金,,,,,,,,,,,,,,,,,火,,,,,,,,,,,,,,,,,,,,,木,,,,
中央区,今橋,1丁目,3番,,,,,,,,,,水土,,,,,,,,,,,,,,,金,,,,,,,,,,,,,,,,,火,,,,,,,,,,,,,,,,,,,,,木,,,,
中央区,今橋,1丁目,4番,,,,,,,,,,水土,,,,,,,,,,,,,,,金,,,,,,,,,,,,,,,,,火,,,,,,,,,,,,,,,,,,,,,木,,,,
中央区,今橋,1丁目,5番,,,,,,,,,,水土,,,,,,,,,,,,,,,金,,,,,,,,,,,,,,,,,火,,,,,,,,,,,,,,,,,,,,,木,,,,
中央区,今橋,1丁目,6番,,,,,,,,,,水土,,,,,,,,,,,,,,,金,,,,,,,,,,,,,,,,,火,,,,,,,,,,,,,,,,,,,,,木,,,,
中央区,今橋,1丁目,7番,,,,,,,,,,水土,,,,,,,,,,,,,,,金,,,,,,,,,,,,,,,,,火,,,,,,,,,,,,,,,,,,,,,木,,,,
中央区,今橋,1丁目,8番,,,,,,,,,,水土,,,,,,,,,,,,,,,金,,,,,,,,,,,,,,,,,火,,,,,,,,,,,,,,,,,,,,,木,,,,
中央区,今橋,2丁目,1番,,,,,,,,水土,,,,,,,,,,,,,,,,,,,,,,,,木,,,,,,,,,,,,,,,,月,,,,,,,水,,,,,,,,,,,,
中央区,今橋,2丁目,2番,,,,,,,,水土,,,,,,,,,,,,,,,,,,,,,,,,木,,,,,,,,,,,,,,,,月,,,,,,,水,,,,,,,,,,,,
中央区,今橋,2丁目,3番,,,,,,,,水土,,,,,,,,,,,,,,,,,,,,,,,,木,,,,,,,,,,,,,,,,月,,,,,,,水,,,,,,,,,,,,
中央区,今橋,2丁目,4番,,,,,,,,水土,,,,,,,,,,,,,,,,,,,,,,,,木,,,,,,,,,,,,,,,,月,,,,,,,水,,,,,,,,,,,,
中央区,今橋,2丁目,5番,,,,,,,,水土,,,,,,,,,,,,,,,,,,,,,,,,木,,,,,,,,,,,,,,,,月,,,,,,,水,,,,,,,,,,,,
中央区,今橋,2丁目,6番,,,,,,,,水土,,,,,,,,,,,,,,,,,,,,,,,,木,,,,,,,,,,,,,,,,月,,,,,,,水,,,,,,,,,,,,
中央区,今橋,3丁目,1番,,,,,,,,水土,,,,,,,,,,,,,,,,,,,,,,,,木,,,,,,,,,,,,,,,,月,,,,,,,水,,,,,,,,,,,,
中央区,今橋,3丁目,2番,,,,,,,,水土,,,,,,,,,,,,,,,,,,,,,,,,木,,,,,,,,,,,,,,,,月,,,,,,,水,,,,,,,,,,,,
中央区,今橋,3丁目,3番,,,,,,,,水土,,,,,,,,,,,,,,,,,,,,,,,,木,,,,,,,,,,,,,,,,月,,,,,,,水,,,,,,,,,,,,
中央区,今橋,3丁目,4番,,,,,,,,水土,,,,,,,,,,,,,,,,,,,,,,,,木,,,,,,,,,,,,,,,,月,,,,,,,水,,,,,,,,,,,,
中央区,今橋,3丁目,5番,,,,,,,,水土,,,,,,,,,,,,,,,,,,,,,,,,木,,,,,,,,,,,,,,,,月,,,,,,,水,,,,,,,,,,,,
中央区,今橋,3丁目,6番,,,,,,,,水土,,,,,,,,,,,,,,,,,,,,,,,,木,,,,,,,,,,,,,,,,月,,,,,,,水,,,,,,,,,,,,
中央区,今橋,4丁目,1番,,,,,,,,水土,,,,,,,,,,,,,,,,,,,,,,,,木,,,,,,,,,,,,,,,,月,,,,,,,水,,,,,,,,,,,,
中央区,今橋,4丁目,2番,,,,,,,,水土,,,,,,,,,,,,,,,,,,,,,,,,木,,,,,,,,,,,,,,,,月,,,,,,,水,,,,,,,,,,,,
中央区,今橋,4丁目,3番,,,,,,,,水土,,,,,,,,,,,,,,,,,,,,,,,,木,,,,,,,,,,,,,,,,月,,,,,,,水,,,,,,,,,,,,
中央区,今橋,4丁目,5番,,,,,,,,水土,,,,,,,,,,,,,,,,,,,,,,,,木,,,,,,,,,,,,,,,,月,,,,,,,水,,,,,,,,,,,,
中央区,上汐,1丁目,1番,,,,,,,,,,月木,,,,,,,,,,,,,,,土,,,,,,,,,,,,,,,,水,,,,,,,,,,,,,,金,,,,,,,,,,,,
中央区,上汐,1丁目,2番,,,,,,,,,,月木,,,,,,,,,,,,,,,土,,,,,,,,,,,,,,,,水,,,,,,,,,,,,,,金,,,,,,,,,,,,
中央区,上汐,1丁目,3番,,,,,,,,,,月木,,,,,,,,,,,,,,,土,,,,,,,,,,,,,,,,水,,,,,,,,,,,,,,金,,,,,,,,,,,,
中央区,上汐,1丁目,4番,,,,,,,,,,月木,,,,,,,,,,,,,,,土,,,,,,,,,,,,,,,,水,,,,,,,,,,,,,,金,,,,,,,,,,,,
中央区,上汐,1丁目,5番,,,,,,,,,,月木,,,,,,,,,,,,,,,土,,,,,,,,,,,,,,,,水,,,,,,,,,,,,,,金,,,,,,,,,,,,
中央区,上汐,1丁目,6番,,,,,,,,,,月木,,,,,,,,,,,,,,,土,,,,,,,,,,,,,,,,水,,,,,,,,,,,,,,金,,,,,,,,,,,,
中央区,上汐,2丁目,1番,,,,,,,,,,月木,,,,,,,,,,,,,,,土,,,,,,,,,,,,,,,,水,,,,,,,,,,,,,,金,,,,,,,,,,,,
中央区,上汐,2丁目,2番,,,,,,,,,,月木,,,,,,,,,,,,,,,土,,,,,,,,,,,,,,,,水,,,,,,,,,,,,,,金,,,,,,,,,,,,
中央区,上汐,2丁目,3番,,,,,,,,,,月木,,,,,,,,,,,,,,,土,,,,,,,,,,,,,,,,水,,,,,,,,,,,,,,金,,,,,,,,,,,,
中央区,上汐,2丁目,4番,,,,,,,,,,月木,,,,,,,,,,,,,,,土,,,,,,,,,,,,,,,,水,,,,,,,,,,,,,,金,,,,,,,,,,,,
中央区,上汐,2丁目,5番,,,,,,,,,,月木,,,,,,,,,,,,,,,土,,,,,,,,,,,,,,,,水,,,,,,,,,,,,,,金,,,,,,,,,,,,
中央区,上汐,2丁目,6番,,,,,,,,,,月木,,,,,,,,,,,,,,,土,,,,,,,,,,,,,,,,水,,,,,,,,,,,,,,金,,,,,,,,,,,,
中央区,上本町西,1丁目,1番,,,,,,,月木,,,,,,,,,,,,,,,,土,,,,,,,,,,,,,,,,水,,,,,,,,,,,,,,,,金,,,,,,,,,,,,
中央区,上本町西,1丁目,2番,,,,,,,月木,,,,,,,,,,,,,,,,土,,,,,,,,,,,,,,,,水,,,,,,,,,,,,,,,,金,,,,,,,,,,,,
中央区,上本町西,1丁目,3番,,,,,,,月木,,,,,,,,,,,,,,,,土,,,,,,,,,,,,,,,,水,,,,,,,,,,,,,,,,金,,,,,,,,,,,,
中央区,上本町西,1丁目,4番,軽四輪車（小さい車）で収集している地域,,,,,,月木,,,,,,,,,,,,,,,,土,,,,,,,,,,,,,,,,水,,,,,,,,,,,,,,,,金,,,,,,,,,,,,
中央区,上本町西,1丁目,4番,上記以外,,,,,,月木,,,,,,,,,,,,,,,,土,,,,,,,,,,,,,,,,水,,,,,,,,,,,,,,,,金,,,,,,,,,,,,
中央区,上本町西,1丁目,5番,,,,,,,月木,,,,,,,,,,,,,,,,土,,,,,,,,,,,,,,,,水,,,,,,,,,,,,,,,,金,,,,,,,,,,,,
中央区,上本町西,2丁目,1番,軽四輪車（小さい車）で収集している地域,,,,,,月木,,,,,,,,,,,,,,,,土,,,,,,,,,,,,,,,,水,,,,,,,,,,,,,,,,金,,,,,,,,,,,,
中央区,上本町西,2丁目,1番,上記以外,,,,,,月木,,,,,,,,,,,,,,,,土,,,,,,,,,,,,,,,,水,,,,,,,,,,,,,,,,金,,,,,,,,,,,,
中央区,上本町西,2丁目,2番,,,,,,,月木,,,,,,,,,,,,,,,,土,,,,,,,,,,,,,,,,水,,,,,,,,,,,,,,,,金,,,,,,,,,,,,
中央区,上本町西,2丁目,3番,,,,,,,月木,,,,,,,,,,,,,,,,土,,,,,,,,,,,,,,,,水,,,,,,,,,,,,,,,,金,,,,,,,,,,,,
中央区,上本町西,2丁目,4番,軽四輪車（小さい車）で収集している地域,,,,,,月木,,,,,,,,,,,,,,,,土,,,,,,,,,,,,,,,,水,,,,,,,,,,,,,,,,金,,,,,,,,,,,,
中央区,上本町西,2丁目,4番,上記以外,,,,,,月木,,,,,,,,,,,,,,,,土,,,,,,,,,,,,,,,,水,,,,,,,,,,,,,,,,金,,,,,,,,,,,,
中央区,上本町西,2丁目,5番,軽四輪車（小さい車）で収集している地域,,,,,,月木,,,,,,,,,,,,,,,,土,,,,,,,,,,,,,,,,水,,,,,,,,,,,,,,,,金,,,,,,,,,,,,
中央区,上本町西,2丁目,5番,上記以外,,,,,,月木,,,,,,,,,,,,,,,,土,,,,,,,,,,,,,,,,水,,,,,,,,,,,,,,,,金,,,,,,,,,,,,
中央区,上本町西,2丁目,6番,軽四輪車（小さい車）で収集している地域,,,,,,月木,,,,,,,,,,,,,,,,土,,,,,,,,,,,,,,,,水,,,,,,,,,,,,,,,,金,,,,,,,,,,,,
中央区,上本町西,2丁目,6番,上記以外,,,,,,月木,,,,,,,,,,,,,,,,土,,,,,,,,,,,,,,,,水,,,,,,,,,,,,,,,,金,,,,,,,,,,,,
中央区,上本町西,3丁目,1番,,,,,,,月木,,,,,,,,,,,,,,,,土,,,,,,,,,,,,,,,,水,,,,,,,,,,,,,,,,金,,,,,,,,,,,,
中央区,上本町西,3丁目,2番,,,,,,,月木,,,,,,,,,,,,,,,,土,,,,,,,,,,,,,,,,水,,,,,,,,,,,,,,,,金,,,,,,,,,,,,
中央区,上本町西,3丁目,3番,軽四輪車（小さい車）で収集している地域,,,,,,月木,,,,,,,,,,,,,,,,土,,,,,,,,,,,,,,,,水,,,,,,,,,,,,,,,,金,,,,,,,,,,,,
中央区,上本町西,3丁目,3番,上記以外,,,,,,月木,,,,,,,,,,,,,,,,土,,,,,,,,,,,,,,,,水,,,,,,,,,,,,,,,,金,,,,,,,,,,,,
中央区,上本町西,4丁目,1番,,,,,,,,月木,,,,,,,,,,,,,,,,,土,,,,,,,,,,,,,,,,水,,,,,,,,,,,,,,金,,,,,,,,,,,,
中央区,上本町西,5丁目,1番,,,,,,,,月木,,,,,,,,,,,,,,,,,土,,,,,,,,,,,,,,,,水,,,,,,,,,,,,,,金,,,,,,,,,,,,
中央区,上本町西,5丁目,2番,,,,,,,,月木,,,,,,,,,,,,,,,,,土,,,,,,,,,,,,,,,,水,,,,,,,,,,,,,,金,,,,,,,,,,,,
中央区,上本町西,5丁目,3番,,,,,,,,月木,,,,,,,,,,,,,,,,,土,,,,,,,,,,,,,,,,水,,,,,,,,,,,,,,金,,,,,,,,,,,,
中央区,上町,A,,,,,,,,,,,,,,,,,,,月木,,,,,,,,,,,,,,,,金,,,,,,,,,,,,,,,,火,,,,,月,,,,,,,,,,,,
中央区,上町,B,,,,,,,,,,,,,,,,,,,月木,,,,,,,,,,,,,,土,,,,,,,,,,,,,,,,水,,,,,,,月,,,,,,,,,,,,
中央区,上町,C,,,,,,,,,,,,,,,,,,,月木,,,,,,,,,,,,,,土,,,,,,,,,,,,,,,,水,,,,,,,月,,,,,,,,,,,,
中央区,上町,1丁目,1番,,,,,,,,,,,,,,,,,,月木,,,,,,,,,,,,,,,,金,,,,,,,,,,,,,,,,火,,,,,月,,,,,,,,,,,,
中央区,上町,1丁目,2番,,,,,,,,,,,,,,,,,,月木,,,,,,,,,,,,,,,,金,,,,,,,,,,,,,,,,火,,,,,月,,,,,,,,,,,,
中央区,上町,1丁目,3番,,,,,,,,,,,,,,,,,,月木,,,,,,,,,,,,,,,,金,,,,,,,,,,,,,,,,火,,,,,月,,,,,,,,,,,,
中央区,上町,1丁目,4番,,,,,,,,,,,,,,,,,,月木,,,,,,,,,,,,,,,,金,,,,,,,,,,,,,,,,火,,,,,月,,,,,,,,,,,,
中央区,上町,1丁目,5番,,,,,,,,,,,,,,,,,,月木,,,,,,,,,,,,,,,,金,,,,,,,,,,,,,,,,火,,,,,月,,,,,,,,,,,,
中央区,上町,1丁目,6番,,,,,,,,,,,,,,,,,,月木,,,,,,,,,,,,,,,,金,,,,,,,,,,,,,,,,火,,,,,月,,,,,,,,,,,,
中央区,上町,1丁目,7番,,,,,,,,,,,,,,,,,,月木,,,,,,,,,,,,,,,,金,,,,,,,,,,,,,,,,火,,,,,月,,,,,,,,,,,,
中央区,上町,1丁目,8番,,,,,,,,,,,,,,,,,,月木,,,,,,,,,,,,,,,,金,,,,,,,,,,,,,,,,火,,,,,月,,,,,,,,,,,,
中央区,上町,1丁目,9番,,,,,,,,,,,,,,,,,,月木,,,,,,,,,,,,,,,,金,,,,,,,,,,,,,,,,火,,,,,月,,,,,,,,,,,,
中央区,上町,1丁目,10番,軽四輪車（小さい車）で収集している地域,,,,,,,,,,,,,,,,,月木,,,,,,,,,,,,,,,,金,,,,,,,,,,,,,,,,火,,,,,月,,,,,,,,,,,,
中央区,上町,1丁目,10番,上記以外,,,,,,,,,,,,,,,,,月木,,,,,,,,,,,,,,,,金,,,,,,,,,,,,,,,,火,,,,,月,,,,,,,,,,,,
中央区,上町,1丁目,11番,軽四輪車（小さい車）で収集している地域,,,,,,,,,,,,,,,,,月木,,,,,,,,,,,,,,,,金,,,,,,,,,,,,,,,,火,,,,,月,,,,,,,,,,,,
中央区,上町,1丁目,11番,上記以外,,,,,,,,,,,,,,,,,月木,,,,,,,,,,,,,,,,金,,,,,,,,,,,,,,,,火,,,,,月,,,,,,,,,,,,
中央区,上町,1丁目,12番,軽四輪車（小さい車）で収集している地域,,,,,,,,,,,,,,,,,月木,,,,,,,,,,,,,,,,金,,,,,,,,,,,,,,,,火,,,,,月,,,,,,,,,,,,
中央区,上町,1丁目,12番,上記以外,,,,,,,,,,,,,,,,,月木,,,,,,,,,,,,,,,,金,,,,,,,,,,,,,,,,火,,,,,月,,,,,,,,,,,,
中央区,上町,1丁目,13番,軽四輪車（小さい車）で収集している地域,,,,,,,,,,,,,,,,,月木,,,,,,,,,,,,,,,,金,,,,,,,,,,,,,,,,火,,,,,月,,,,,,,,,,,,
中央区,上町,1丁目,13番,上記以外,,,,,,,,,,,,,,,,,月木,,,,,,,,,,,,,,,,金,,,,,,,,,,,,,,,,火,,,,,月,,,,,,,,,,,,
中央区,上町,1丁目,14番,軽四輪車（小さい車）で収集している地域,,,,,,,,,,,,,,,,,月木,,,,,,,,,,,,,,,,金,,,,,,,,,,,,,,,,火,,,,,月,,,,,,,,,,,,
中央区,上町,1丁目,14番,上記以外,,,,,,,,,,,,,,,,,月木,,,,,,,,,,,,,,,,金,,,,,,,,,,,,,,,,火,,,,,月,,,,,,,,,,,,
中央区,上町,1丁目,15番,軽四輪車（小さい車）で収集している地域,,,,,,,,,,,,,,,,,月木,,,,,,,,,,,,,,,,金,,,,,,,,,,,,,,,,火,,,,,月,,,,,,,,,,,,
中央区,上町,1丁目,15番,上記以外,,,,,,,,,,,,,,,,,月木,,,,,,,,,,,,,,,,金,,,,,,,,,,,,,,,,火,,,,,月,,,,,,,,,,,,
中央区,上町,1丁目,16番,軽四輪車（小さい車）で収集している地域,,,,,,,,,,,,,,,,,月木,,,,,,,,,,,,,,,,金,,,,,,,,,,,,,,,,火,,,,,月,,,,,,,,,,,,
中央区,上町,1丁目,16番,上記以外,,,,,,,,,,,,,,,,,月木,,,,,,,,,,,,,,,,金,,,,,,,,,,,,,,,,火,,,,,月,,,,,,,,,,,,
中央区,上町,1丁目,17番,軽四輪車（小さい車）で収集している地域,,,,,,,,,,,,,,,,,月木,,,,,,,,,,,,,,,,金,,,,,,,,,,,,,,,,火,,,,,月,,,,,,,,,,,,
中央区,上町,1丁目,17番,上記以外,,,,,,,,,,,,,,,,,月木,,,,,,,,,,,,,,,,金,,,,,,,,,,,,,,,,火,,,,,月,,,,,,,,,,,,
中央区,上町,1丁目,18番,軽四輪車（小さい車）で収集している地域,,,,,,,,,,,,,,,,,月木,,,,,,,,,,,,,,,,金,,,,,,,,,,,,,,,,火,,,,,月,,,,,,,,,,,,
中央区,上町,1丁目,18番,上記以外,,,,,,,,,,,,,,,,,月木,,,,,,,,,,,,,,,,金,,,,,,,,,,,,,,,,火,,,,,月,,,,,,,,,,,,
中央区,上町,1丁目,19番,,,,,,,,,,,,,,,,,,月木,,,,,,,,,,,,,,,,金,,,,,,,,,,,,,,,,火,,,,,月,,,,,,,,,,,,
中央区,上町,1丁目,20番,,,,,,,,,,,,,,,,,,月木,,,,,,,,,,,,,,,,金,,,,,,,,,,,,,,,,火,,,,,月,,,,,,,,,,,,
中央区,上町,1丁目,21番,,,,,,,,,,,,,,,,,,月木,,,,,,,,,,,,,,,,金,,,,,,,,,,,,,,,,火,,,,,月,,,,,,,,,,,,
中央区,上町,1丁目,22番,,,,,,,,,,,,,,,,,,月木,,,,,,,,,,,,,,,,金,,,,,,,,,,,,,,,,火,,,,,月,,,,,,,,,,,,
中央区,上町,1丁目,23番,,,,,,,,,,,,,,,,,,月木,,,,,,,,,,,,,,,,金,,,,,,,,,,,,,,,,火,,,,,月,,,,,,,,,,,,
中央区,上町,1丁目,24番,,,,,,,,,,,,,,,,,,月木,,,,,,,,,,,,,,,,金,,,,,,,,,,,,,,,,火,,,,,月,,,,,,,,,,,,
中央区,上町,1丁目,25番,,,,,,,,,,,,,,,,,,月木,,,,,,,,,,,,,,,,金,,,,,,,,,,,,,,,,火,,,,,月,,,,,,,,,,,,
中央区,上町,1丁目,26番,,,,,,,,,,,,,,,,,,月木,,,,,,,,,,,,,,,,金,,,,,,,,,,,,,,,,火,,,,,月,,,,,,,,,,,,
中央区,上町,1丁目,27番,,,,,,,,,,,,,,,,,,月木,,,,,,,,,,,,,,,,金,,,,,,,,,,,,,,,,火,,,,,月,,,,,,,,,,,,
中央区,上町,1丁目,28番,,,,,,,,,,,,,,,,,,月木,,,,,,,,,,,,,,,,金,,,,,,,,,,,,,,,,火,,,,,月,,,,,,,,,,,,
中央区,内淡路町,1丁目,1番,,,,,,,,,,,,,,,,,,水土,,,,,,,,,,,,,,金,,,,,,,,,,,,,,,,火,,,,,,,,,,,,,,,木,,,,
中央区,内淡路町,1丁目,2番,,,,,,,,,,,,,,,,,,水土,,,,,,,,,,,,,,金,,,,,,,,,,,,,,,,火,,,,,,,,,,,,,,,木,,,,
中央区,内淡路町,1丁目,3番,,,,,,,,,,,,,,,,,,水土,,,,,,,,,,,,,,金,,,,,,,,,,,,,,,,火,,,,,,,,,,,,,,,木,,,,
中央区,内淡路町,1丁目,4番,,,,,,,,,,,,,,,,,,水土,,,,,,,,,,,,,,金,,,,,,,,,,,,,,,,火,,,,,,,,,,,,,,,木,,,,
中央区,内淡路町,2丁目,1番,,,,,,,,,,,,,,,,,,水土,,,,,,,,,,,,,,金,,,,,,,,,,,,,,,,火,,,,,,,,,,,,,,,木,,,,
中央区,内淡路町,2丁目,2番,,,,,,,,,,,,,,,,,,水土,,,,,,,,,,,,,,金,,,,,,,,,,,,,,,,火,,,,,,,,,,,,,,,木,,,,
中央区,内淡路町,2丁目,3番,,,,,,,,,,,,,,,,,,水土,,,,,,,,,,,,,,金,,,,,,,,,,,,,,,,火,,,,,,,,,,,,,,,木,,,,
中央区,内淡路町,2丁目,4番,,,,,,,,,,,,,,,,,,水土,,,,,,,,,,,,,,金,,,,,,,,,,,,,,,,火,,,,,,,,,,,,,,,木,,,,
中央区,内淡路町,3丁目,1番,,,,,,,,,,水土,,,,,,,,,,,,,,,金,,,,,,,,,,,,,,,,火,,,,,,,,,,,,,,木,,,,,,,,,,,,
中央区,内淡路町,3丁目,2番,,,,,,,,,,水土,,,,,,,,,,,,,,,金,,,,,,,,,,,,,,,,火,,,,,,,,,,,,,,木,,,,,,,,,,,,
中央区,内淡路町,3丁目,3番,,,,,,,,,,水土,,,,,,,,,,,,,,,金,,,,,,,,,,,,,,,,火,,,,,,,,,,,,,,木,,,,,,,,,,,,
中央区,内久宝寺町,1丁目,1番,,,,,,,,,,,,,,,,,,月木,,,,,,,,,,,,,,土,,,,,,,,,,,,,,,,水,,,,,,,月,,,,,,,,,,,,
中央区,内久宝寺町,2丁目,1番,,,,,,,,,,,,,,,,,,月木,,,,,,,,,,,,,,土,,,,,,,,,,,,,,,,水,,,,,,,月,,,,,,,,,,,,
中央区,内久宝寺町,2丁目,2番,,,,,,,,,,,,,,,,,,月木,,,,,,,,,,,,,,土,,,,,,,,,,,,,,,,水,,,,,,,月,,,,,,,,,,,,
中央区,内久宝寺町,2丁目,3番,,,,,,,,,,,,,,,,,,月木,,,,,,,,,,,,,,土,,,,,,,,,,,,,,,,水,,,,,,,月,,,,,,,,,,,,
中央区,内久宝寺町,2丁目,4番,,,,,,,,,,,,,,,,,,月木,,,,,,,,,,,,,,土,,,,,,,,,,,,,,,,水,,,,,,,月,,,,,,,,,,,,
中央区,内久宝寺町,2丁目,5番,,,,,,,,,,,,,,,,,,月木,,,,,,,,,,,,,,土,,,,,,,,,,,,,,,,水,,,,,,,月,,,,,,,,,,,,
中央区,内久宝寺町,2丁目,6番,,,,,,,,月木,,,,,,,,,,,,,,,,,,,,,,,,土,,,,,,,,,,,,,,,,水,,,,,,,月,,,,,,,,,,,,
中央区,内久宝寺町,2丁目,7番,,,,,,,,,,,,,,,,,,月木,,,,,,,,,,,,,,土,,,,,,,,,,,,,,,,水,,,,,,,月,,,,,,,,,,,,
中央区,内久宝寺町,2丁目,8番,,,,,,,,,,,,,,,,,,月木,,,,,,,,,,,,,,土,,,,,,,,,,,,,,,,水,,,,,,,月,,,,,,,,,,,,
中央区,内久宝寺町,2丁目,9番,,,,,,,,,,,,,,,,,,月木,,,,,,,,,,,,,,土,,,,,,,,,,,,,,,,水,,,,,,,月,,,,,,,,,,,,
中央区,内久宝寺町,2丁目,10番,,,,,,,,,,,,,,,,,,月木,,,,,,,,,,,,,,土,,,,,,,,,,,,,,,,水,,,,,,,月,,,,,,,,,,,,
中央区,内久宝寺町,3丁目,1番,,,,,,,,火金,,,,,,,,,,,,,,,,,,,,,,,,,,土,,,,,,,,,,,,,,,,水,,,,,,,,,,,,,火,,,,
中央区,内久宝寺町,3丁目,2番,,,,,,,,火金,,,,,,,,,,,,,,,,,,,,,,,,,,土,,,,,,,,,,,,,,,,水,,,,,,,,,,,,,火,,,,
中央区,内久宝寺町,3丁目,3番,,,,,,,,火金,,,,,,,,,,,,,,,,,,,,,,,,,,土,,,,,,,,,,,,,,,,水,,,,,,,,,,,,,火,,,,
中央区,内久宝寺町,3丁目,4番,,,,,,,,火金,,,,,,,,,,,,,,,,,,,,,,,,,,土,,,,,,,,,,,,,,,,水,,,,,,,,,,,,,火,,,,
中央区,内久宝寺町,4丁目,1番,グランドメゾン上町台レジデンスタワー,,,,,,,,,,,,,,,月木,,,,,,,,,,,,,,,,,,土,,,,,,,,,,,,,,,,水,,,,,火,,,,,,,,,,,,
中央区,内久宝寺町,4丁目,1番,上記以外,,,,,,,火金,,,,,,,,,,,,,,,,,,,,,,,,,,土,,,,,,,,,,,,,,,,水,,,,,,,,,,,,,火,,,,
中央区,内久宝寺町,4丁目,2番,,,,,,,,火金,,,,,,,,,,,,,,,,,,,,,,,,,,土,,,,,,,,,,,,,,,,水,,,,,,,,,,,,,火,,,,
中央区,内久宝寺町,4丁目,3番,,,,,,,,火金,,,,,,,,,,,,,,,,,,,,,,,,,,土,,,,,,,,,,,,,,,,水,,,,,,,,,,,,,火,,,,
中央区,内久宝寺町,4丁目,4番,,,,,,,,火金,,,,,,,,,,,,,,,,,,,,,,,,,,土,,,,,,,,,,,,,,,,水,,,,,,,,,,,,,火,,,,
中央区,内平野町,1丁目,1番,,,,,,,,,,,,,,,,水土,,,,,,,,,,,,,,,,金,,,,,,,,,,,,,,,,火,,,,,,,,,,,,,,,木,,,,
中央区,内平野町,1丁目,2番,,,,,,,,,,,,,,,,水土,,,,,,,,,,,,,,,,金,,,,,,,,,,,,,,,,火,,,,,,,,,,,,,,,木,,,,
中央区,内平野町,1丁目,3番,,,,,,,,,,,,,,,,水土,,,,,,,,,,,,,,,,金,,,,,,,,,,,,,,,,火,,,,,,,,,,,,,,,木,,,,
中央区,内平野町,1丁目,4番,,,,,,,,,,,,,,,,水土,,,,,,,,,,,,,,,,金,,,,,,,,,,,,,,,,火,,,,,,,,,,,,,,,木,,,,
中央区,内平野町,1丁目,5番,,,,,,,,,,,,,,,,水土,,,,,,,,,,,,,,,,金,,,,,,,,,,,,,,,,火,,,,,,,,,,,,,,,木,,,,
中央区,内平野町,2丁目,1番,,,,,,,,,,,,,,,,水土,,,,,,,,,,,,,,,,金,,,,,,,,,,,,,,,,火,,,,,,,,,,,,,,,木,,,,
中央区,内平野町,2丁目,2番,,,,,,,,,,,,,,,,水土,,,,,,,,,,,,,,,,金,,,,,,,,,,,,,,,,火,,,,,,,,,,,,,,,木,,,,
中央区,内平野町,2丁目,3番,,,,,,,,,,,,,,,,水土,,,,,,,,,,,,,,,,金,,,,,,,,,,,,,,,,火,,,,,,,,,,,,,,,木,,,,
中央区,内平野町,2丁目,4番,,,,,,,,,,,,,,,,水土,,,,,,,,,,,,,,,,金,,,,,,,,,,,,,,,,火,,,,,,,,,,,,,,,木,,,,
中央区,内平野町,3丁目,1番,,,,,,,,,,水土,,,,,,,,,,,,,,,金,,,,,,,,,,,,,,,,火,,,,,,,,,,,,,,木,,,,,,,,,,,,
中央区,内平野町,3丁目,2番,,,,,,,,,,水土,,,,,,,,,,,,,,,金,,,,,,,,,,,,,,,,火,,,,,,,,,,,,,,木,,,,,,,,,,,,
中央区,内平野町,3丁目,3番,,,,,,,,,,水土,,,,,,,,,,,,,,,金,,,,,,,,,,,,,,,,火,,,,,,,,,,,,,,木,,,,,,,,,,,,
中央区,内本町,1丁目,1番,,,,,,,,,,水土,,,,,,,,,,,,,,,,,,,,,,金,,,,,,,,,,,,,,,,火,,,,,,,木,,,,,,,,,,,,
中央区,内本町,1丁目,2番,,,,,,,,,,水土,,,,,,,,,,,,,,,,,,,,,,金,,,,,,,,,,,,,,,,火,,,,,,,木,,,,,,,,,,,,
中央区,内本町,1丁目,3番,,,,,,,,,,水土,,,,,,,,,,,,,,,,,,,,,,金,,,,,,,,,,,,,,,,火,,,,,,,木,,,,,,,,,,,,
中央区,内本町,1丁目,4番,,,,,,,,,,水土,,,,,,,,,,,,,,,,,,,,,,金,,,,,,,,,,,,,,,,火,,,,,,,木,,,,,,,,,,,,
中央区,内本町,2丁目,1番,,,,,,,,,,水土,,,,,,,,,,,,,,,,,,,,,,金,,,,,,,,,,,,,,,,火,,,,,,,木,,,,,,,,,,,,
中央区,内本町,2丁目,2番,,,,,,,,,,水土,,,,,,,,,,,,,,,,,,,,,,金,,,,,,,,,,,,,,,,火,,,,,,,木,,,,,,,,,,,,
中央区,内本町,2丁目,3番,,,,,,,,,,水土,,,,,,,,,,,,,,,,,,,,,,金,,,,,,,,,,,,,,,,火,,,,,,,木,,,,,,,,,,,,
中央区,内本町,2丁目,4番,,,,,,,,,,水土,,,,,,,,,,,,,,,,,,,,,,金,,,,,,,,,,,,,,,,火,,,,,,,木,,,,,,,,,,,,
中央区,大手通,1丁目,1番,,,,,,,,,,,,,,,,水土,,,,,,,,,,,,,,,,金,,,,,,,,,,,,,,,,火,,,,,,,,,,,,,,,木,,,,
中央区,大手通,1丁目,2番,,,,,,,,,,,,,,,,水土,,,,,,,,,,,,,,,,金,,,,,,,,,,,,,,,,火,,,,,,,木,,,,,,,,,,,,
中央区,大手通,1丁目,3番,,,,,,,,,,,,,,,,水土,,,,,,,,,,,,,,,,金,,,,,,,,,,,,,,,,火,,,,,,,木,,,,,,,,,,,,
中央区,大手通,1丁目,4番,,,,,,,,,,,,,,,,水土,,,,,,,,,,,,,,,,金,,,,,,,,,,,,,,,,火,,,,,,,,,,,,,,,木,,,,
中央区,大手通,2丁目,1番,,,,,,,,,,,,,,,,水土,,,,,,,,,,,,,,,,金,,,,,,,,,,,,,,,,火,,,,,,,,,,,,,,,木,,,,
中央区,大手通,2丁目,2番,,,,,,,,,,,,,,,,水土,,,,,,,,,,,,,,,,金,,,,,,,,,,,,,,,,火,,,,,,,木,,,,,,,,,,,,
中央区,大手通,2丁目,3番,,,,,,,,,,,,,,,,水土,,,,,,,,,,,,,,,,金,,,,,,,,,,,,,,,,火,,,,,,,木,,,,,,,,,,,,
中央区,大手通,2丁目,4番,,,,,,,,,,,,,,,,水土,,,,,,,,,,,,,,,,金,,,,,,,,,,,,,,,,火,,,,,,,,,,,,,,,木,,,,
中央区,大手通,3丁目,1番,,,,,,,,,,水土,,,,,,,,,,,,,,,金,,,,,,,,,,,,,,,,火,,,,,,,,,,,,,,木,,,,,,,,,,,,
中央区,大手通,3丁目,2番,,,,,,,,,,水土,,,,,,,,,,,,,,,金,,,,,,,,,,,,,,,,火,,,,,,,,,,,,,,木,,,,,,,,,,,,
中央区,大手通,3丁目,3番,,,,,,,,,,水土,,,,,,,,,,,,,,,金,,,,,,,,,,,,,,,,火,,,,,,,,,,,,,,木,,,,,,,,,,,,
中央区,大手通,3丁目,4番,,,,,,,,,,水土,,,,,,,,,,,,,,,金,,,,,,,,,,,,,,,,火,,,,,,,,,,,,,,木,,,,,,,,,,,,
中央区,大手前,1丁目,6番,,,,,,,,,,,,,,,,水土,,,,,,,,,,,,,,,,金,,,,,,,,,,,,,,,,火,,,,,,,木,,,,,,,,,,,,
中央区,大手前,1丁目,7番,,,,,,,,,,,,,,,,水土,,,,,,,,,,,,,,,,金,,,,,,,,,,,,,,,,火,,,,,,,木,,,,,,,,,,,,
中央区,大手前,2丁目,1番,,,,,,,月木,,,,,,,,,,,,,,,,,,,,,,,,,土,,,,,,,,,,,,,,,,水,,,,,,,,,,,,,,,,,,,
中央区,大手前,3丁目,2番,,,,,,,月木,,,,,,,,,,,,,,,,,,,,,,,,,土,,,,,,,,,,,,,,,,水,,,,,,,,,,,,,,,,,,,
中央区,瓦町,1丁目,2番,,,,,,,,,,水土,,,,,,,,,,,,,,,金,,,,,,,,,,,,,,,,火,,,,,,,,,,,,,,,,,,,,,,木,,,,
中央区,瓦町,1丁目,3番,,,,,,,,,,水土,,,,,,,,,,,,,,,金,,,,,,,,,,,,,,,,火,,,,,,,,,,,,,,,,,,,,,,木,,,,
中央区,瓦町,1丁目,4番,,,,,,,,,,水土,,,,,,,,,,,,,,,金,,,,,,,,,,,,,,,,火,,,,,,,,,,,,,,,,,,,,,,木,,,,
中央区,瓦町,1丁目,5番,,,,,,,,,,水土,,,,,,,,,,,,,,,金,,,,,,,,,,,,,,,,火,,,,,,,,,,,,,,,,,,,,,,木,,,,
中央区,瓦町,1丁目,6番,シティタワー大阪,,,,,,,,,,,,,,,,,火金,,,,,,,金,,,,,,,,,,,,,,,,火,,,,,,,,,,,,,,,,,,,,,,,,,,
中央区,瓦町,1丁目,6番,上記以外,,,,,,,,,水土,,,,,,,,,,,,,,,金,,,,,,,,,,,,,,,,火,,,,,,,,,,,,,,,,,,,,,,木,,,,
中央区,瓦町,1丁目,7番,,,,,,,,,,水土,,,,,,,,,,,,,,,金,,,,,,,,,,,,,,,,火,,,,,,,,,,,,,,,,,,,,,,木,,,,
中央区,瓦町,2丁目,1番,,,,,,,,水土,,,,,,,,,,,,,,,,,,,,,,,,木,,,,,,,,,,,,,,,,月,,,,,,,水,,,,,,,,,,,,
中央区,瓦町,2丁目,2番,,,,,,,,水土,,,,,,,,,,,,,,,,,,,,,,,,木,,,,,,,,,,,,,,,,月,,,,,,,水,,,,,,,,,,,,
中央区,瓦町,2丁目,3番,,,,,,,,水土,,,,,,,,,,,,,,,,,,,,,,,,木,,,,,,,,,,,,,,,,月,,,,,,,水,,,,,,,,,,,,
中央区,瓦町,2丁目,4番,,,,,,,,水土,,,,,,,,,,,,,,,,,,,,,,,,木,,,,,,,,,,,,,,,,月,,,,,,,水,,,,,,,,,,,,
中央区,瓦町,2丁目,5番,,,,,,,,水土,,,,,,,,,,,,,,,,,,,,,,,,木,,,,,,,,,,,,,,,,月,,,,,,,水,,,,,,,,,,,,
中央区,瓦町,2丁目,6番,,,,,,,,水土,,,,,,,,,,,,,,,,,,,,,,,,木,,,,,,,,,,,,,,,,月,,,,,,,水,,,,,,,,,,,,
中央区,瓦町,3丁目,1番,,,,,,,,水土,,,,,,,,,,,,,,,,,,,,,,,,木,,,,,,,,,,,,,,,,月,,,,,,,水,,,,,,,,,,,,
中央区,瓦町,3丁目,2番,,,,,,,,水土,,,,,,,,,,,,,,,,,,,,,,,,木,,,,,,,,,,,,,,,,月,,,,,,,水,,,,,,,,,,,,
中央区,瓦町,3丁目,3番,,,,,,,,水土,,,,,,,,,,,,,,,,,,,,,,,,木,,,,,,,,,,,,,,,,月,,,,,,,水,,,,,,,,,,,,
中央区,瓦町,3丁目,4番,,,,,,,,水土,,,,,,,,,,,,,,,,,,,,,,,,木,,,,,,,,,,,,,,,,月,,,,,,,水,,,,,,,,,,,,
中央区,瓦町,3丁目,5番,,,,,,,,水土,,,,,,,,,,,,,,,,,,,,,,,,木,,,,,,,,,,,,,,,,月,,,,,,,水,,,,,,,,,,,,
中央区,瓦町,3丁目,6番,,,,,,,,水土,,,,,,,,,,,,,,,,,,,,,,,,木,,,,,,,,,,,,,,,,月,,,,,,,水,,,,,,,,,,,,
中央区,瓦町,4丁目,1番,,,,,,,,水土,,,,,,,,,,,,,,,,,,,,,,,,木,,,,,,,,,,,,,,,,月,,,,,,,水,,,,,,,,,,,,
中央区,瓦町,4丁目,2番,,,,,,,,水土,,,,,,,,,,,,,,,,,,,,,,,,木,,,,,,,,,,,,,,,,月,,,,,,,水,,,,,,,,,,,,
中央区,瓦町,4丁目,3番,,,,,,,,水土,,,,,,,,,,,,,,,,,,,,,,,,木,,,,,,,,,,,,,,,,月,,,,,,,水,,,,,,,,,,,,
中央区,瓦町,4丁目,4番,,,,,,,,水土,,,,,,,,,,,,,,,,,,,,,,,,木,,,,,,,,,,,,,,,,月,,,,,,,水,,,,,,,,,,,,
中央区,瓦町,4丁目,5番,,,,,,,,水土,,,,,,,,,,,,,,,,,,,,,,,,木,,,,,,,,,,,,,,,,月,,,,,,,水,,,,,,,,,,,,
中央区,瓦町,4丁目,6番,,,,,,,,水土,,,,,,,,,,,,,,,,,,,,,,,,木,,,,,,,,,,,,,,,,月,,,,,,,水,,,,,,,,,,,,
中央区,瓦町,4丁目,7番,,,,,,,,水土,,,,,,,,,,,,,,,,,,,,,,,,木,,,,,,,,,,,,,,,,月,,,,,,,水,,,,,,,,,,,,
中央区,瓦町,4丁目,8番,,,,,,,,水土,,,,,,,,,,,,,,,,,,,,,,,,木,,,,,,,,,,,,,,,,月,,,,,,,水,,,,,,,,,,,,
中央区,瓦屋町,1丁目,1番,,,,,,,月木,,,,,,,,,,,,,,,,金,,,,,,,,,,,,,,,,火,,,,,,,,,,,,,,,,火,,,,,,,,,,,,
中央区,瓦屋町,1丁目,2番,,,,,,,月木,,,,,,,,,,,,,,,,金,,,,,,,,,,,,,,,,火,,,,,,,,,,,,,,,,火,,,,,,,,,,,,
中央区,瓦屋町,1丁目,3番,,,,,,,月木,,,,,,,,,,,,,,,,金,,,,,,,,,,,,,,,,火,,,,,,,,,,,,,,,,火,,,,,,,,,,,,
中央区,瓦屋町,1丁目,4番,,,,,,,月木,,,,,,,,,,,,,,,,金,,,,,,,,,,,,,,,,火,,,,,,,,,,,,,,,,火,,,,,,,,,,,,
中央区,瓦屋町,1丁目,5番,,,,,,,月木,,,,,,,,,,,,,,,,金,,,,,,,,,,,,,,,,火,,,,,,,,,,,,,,,,火,,,,,,,,,,,,
中央区,瓦屋町,1丁目,6番,,,,,,,月木,,,,,,,,,,,,,,,,金,,,,,,,,,,,,,,,,火,,,,,,,,,,,,,,,,火,,,,,,,,,,,,
中央区,瓦屋町,1丁目,7番,,,,,,,月木,,,,,,,,,,,,,,,,金,,,,,,,,,,,,,,,,火,,,,,,,,,,,,,,,,火,,,,,,,,,,,,
中央区,瓦屋町,1丁目,8番,,,,,,,月木,,,,,,,,,,,,,,,,金,,,,,,,,,,,,,,,,火,,,,,,,,,,,,,,,,火,,,,,,,,,,,,
中央区,瓦屋町,1丁目,9番,,,,,,,月木,,,,,,,,,,,,,,,,金,,,,,,,,,,,,,,,,火,,,,,,,,,,,,,,,,火,,,,,,,,,,,,
中央区,瓦屋町,1丁目,10番,,,,,,,,月木,,,,,,,,,,,,,,,,,金,,,,,,,,,,,,,,,,火,,,,,,,,,,,,,,火,,,,,,,,,,,,
中央区,瓦屋町,1丁目,11番,,,,,,,,月木,,,,,,,,,,,,,,,,,金,,,,,,,,,,,,,,,,火,,,,,,,,,,,,,,火,,,,,,,,,,,,
中央区,瓦屋町,1丁目,12番,,,,,,,,月木,,,,,,,,,,,,,,,,,金,,,,,,,,,,,,,,,,火,,,,,,,,,,,,,,火,,,,,,,,,,,,
中央区,瓦屋町,1丁目,13番,,,,,,,,月木,,,,,,,,,,,,,,,,,金,,,,,,,,,,,,,,,,火,,,,,,,,,,,,,,火,,,,,,,,,,,,
中央区,瓦屋町,1丁目,14番,,,,,,,,月木,,,,,,,,,,,,,,,,,金,,,,,,,,,,,,,,,,火,,,,,,,,,,,,,,火,,,,,,,,,,,,
中央区,瓦屋町,2丁目,1番,,,,,,,,,月木,,,,,,,,,,,,,,土,,,,,,,,,,,,,,,,水,,,,,,,,,,,,,,,,火,,,,,,,,,,,,
中央区,瓦屋町,2丁目,2番,,,,,,,,,月木,,,,,,,,,,,,,,土,,,,,,,,,,,,,,,,水,,,,,,,,,,,,,,,,火,,,,,,,,,,,,
中央区,瓦屋町,2丁目,3番,,,,,,,,,月木,,,,,,,,,,,,,,土,,,,,,,,,,,,,,,,水,,,,,,,,,,,,,,,,火,,,,,,,,,,,,
中央区,瓦屋町,2丁目,4番,,,,,,,,,月木,,,,,,,,,,,,,,土,,,,,,,,,,,,,,,,水,,,,,,,,,,,,,,,,火,,,,,,,,,,,,
中央区,瓦屋町,2丁目,5番,,,,,,,,,月木,,,,,,,,,,,,,,土,,,,,,,,,,,,,,,,水,,,,,,,,,,,,,,,,火,,,,,,,,,,,,
中央区,瓦屋町,2丁目,6番,,,,,,,,,月木,,,,,,,,,,,,,,土,,,,,,,,,,,,,,,,水,,,,,,,,,,,,,,,,火,,,,,,,,,,,,
中央区,瓦屋町,2丁目,7番,,,,,,,,,月木,,,,,,,,,,,,,,土,,,,,,,,,,,,,,,,水,,,,,,,,,,,,,,,,火,,,,,,,,,,,,
中央区,瓦屋町,2丁目,8番,,,,,,,,,月木,,,,,,,,,,,,,,土,,,,,,,,,,,,,,,,水,,,,,,,,,,,,,,,,火,,,,,,,,,,,,
中央区,瓦屋町,2丁目,9番,,,,,,,,,月木,,,,,,,,,,,,,,土,,,,,,,,,,,,,,,,水,,,,,,,,,,,,,,,,火,,,,,,,,,,,,
中央区,瓦屋町,2丁目,10番,,,,,,,,,月木,,,,,,,,,,,,,,土,,,,,,,,,,,,,,,,水,,,,,,,,,,,,,,,,火,,,,,,,,,,,,
中央区,瓦屋町,2丁目,11番,,,,,,,,,月木,,,,,,,,,,,,,,土,,,,,,,,,,,,,,,,水,,,,,,,,,,,,,,,,火,,,,,,,,,,,,
中央区,瓦屋町,2丁目,12番,松屋町グランドハイツ,,,,,,,月木,,,,,,,,,,,,,,,土,,,,,,,,,,,,,,,,水,,,,,,,,,,,,,,,,火,,,,,,,,,,,,
中央区,瓦屋町,2丁目,12番,上記以外,,,,,,,,月木,,,,,,,,,,,,,,土,,,,,,,,,,,,,,,,水,,,,,,,,,,,,,,,,火,,,,,,,,,,,,
中央区,瓦屋町,2丁目,13番,,,,,,,,,月木,,,,,,,,,,,,,,土,,,,,,,,,,,,,,,,水,,,,,,,,,,,,,,,,火,,,,,,,,,,,,
中央区,瓦屋町,2丁目,14番,,,,,,,,月木,,,,,,,,,,,,,,,,,金,,,,,,,,,,,,,,,,火,,,,,,,,,,,,,,火,,,,,,,,,,,,
中央区,瓦屋町,2丁目,15番,,,,,,,,月木,,,,,,,,,,,,,,,,,金,,,,,,,,,,,,,,,,火,,,,,,,,,,,,,,火,,,,,,,,,,,,
中央区,瓦屋町,2丁目,16番,,,,,,,,月木,,,,,,,,,,,,,,,,,金,,,,,,,,,,,,,,,,火,,,,,,,,,,,,,,火,,,,,,,,,,,,
中央区,瓦屋町,2丁目,17番,,,,,,,,月木,,,,,,,,,,,,,,,,,金,,,,,,,,,,,,,,,,火,,,,,,,,,,,,,,火,,,,,,,,,,,,
中央区,瓦屋町,2丁目,18番,,,,,,,,月木,,,,,,,,,,,,,,,,,金,,,,,,,,,,,,,,,,火,,,,,,,,,,,,,,火,,,,,,,,,,,,
中央区,瓦屋町,3丁目,1番,,,,,,,,,月木,,,,,,,,,,,,,,土,,,,,,,,,,,,,,,,水,,,,,,,,,,,,,,,,火,,,,,,,,,,,,
中央区,瓦屋町,3丁目,2番,,,,,,,,,月木,,,,,,,,,,,,,,土,,,,,,,,,,,,,,,,水,,,,,,,,,,,,,,,,火,,,,,,,,,,,,
中央区,瓦屋町,3丁目,3番,,,,,,,,,月木,,,,,,,,,,,,,,土,,,,,,,,,,,,,,,,水,,,,,,,,,,,,,,,,火,,,,,,,,,,,,
中央区,瓦屋町,3丁目,4番,,,,,,,,,月木,,,,,,,,,,,,,,土,,,,,,,,,,,,,,,,水,,,,,,,,,,,,,,,,火,,,,,,,,,,,,
中央区,瓦屋町,3丁目,5番,,,,,,,,,月木,,,,,,,,,,,,,,土,,,,,,,,,,,,,,,,水,,,,,,,,,,,,,,,,火,,,,,,,,,,,,
中央区,瓦屋町,3丁目,6番,,,,,,,,,月木,,,,,,,,,,,,,,土,,,,,,,,,,,,,,,,水,,,,,,,,,,,,,,,,火,,,,,,,,,,,,
中央区,瓦屋町,3丁目,7番,,,,,,,,月木,,,,,,,,,,,,,,,,,金,,,,,,,,,,,,,,,,火,,,,,,,,,,,,,,火,,,,,,,,,,,,
中央区,瓦屋町,3丁目,8番,,,,,,,,月木,,,,,,,,,,,,,,,,,金,,,,,,,,,,,,,,,,火,,,,,,,,,,,,,,火,,,,,,,,,,,,
中央区,瓦屋町,3丁目,9番,,,,,,,,月木,,,,,,,,,,,,,,,,,金,,,,,,,,,,,,,,,,火,,,,,,,,,,,,,,火,,,,,,,,,,,,
中央区,瓦屋町,3丁目,10番,,,,,,,,月木,,,,,,,,,,,,,,,,,金,,,,,,,,,,,,,,,,火,,,,,,,,,,,,,,火,,,,,,,,,,,,
中央区,神崎町,1番,,,,,,,,,火金,,,,,,,,,,,,,,,,,,,,,,,,,,土,,,,,,,,,,,,,,,,水,,,,,,,,,,,,,火,,,,
中央区,神崎町,2番,,,,,,,,,火金,,,,,,,,,,,,,,,,,,,,,,,,,,土,,,,,,,,,,,,,,,,水,,,,,,,,,,,,,火,,,,
中央区,神崎町,3番,,,,,,,,,火金,,,,,,,,,,,,,,,,,,,,,,,,,,土,,,,,,,,,,,,,,,,水,,,,,,,,,,,,,火,,,,
中央区,神崎町,4番,,,,,,,,,火金,,,,,,,,,,,,,,,,,,,,,,,,,,土,,,,,,,,,,,,,,,,水,,,,,,,,,,,,,火,,,,
中央区,神崎町,5番,,,,,,,,,火金,,,,,,,,,,,,,,,,,,,,,,,,,,土,,,,,,,,,,,,,,,,水,,,,,,,,,,,,,火,,,,
中央区,北久宝寺町,1丁目,1番,,,,,,,,月木,,,,,,,,,,,,,,,,,金,,,,,,,,,,,,,,,,火,,,,,,,,,,,,,,,,,,,,,,金,,,,
中央区,北久宝寺町,1丁目,2番,,,,,,,,月木,,,,,,,,,,,,,,,,,金,,,,,,,,,,,,,,,,火,,,,,,,,,,,,,,,,,,,,,,金,,,,
中央区,北久宝寺町,1丁目,3番,,,,,,,,月木,,,,,,,,,,,,,,,,,金,,,,,,,,,,,,,,,,火,,,,,,,,,,,,,,,,,,,,,,金,,,,
中央区,北久宝寺町,1丁目,4番,,,,,,,,月木,,,,,,,,,,,,,,,,,金,,,,,,,,,,,,,,,,火,,,,,,,,,,,,,,,,,,,,,,金,,,,
中央区,北久宝寺町,1丁目,5番,,,,,,,,月木,,,,,,,,,,,,,,,,,金,,,,,,,,,,,,,,,,火,,,,,,,,,,,,,,,,,,,,,,金,,,,
中央区,北久宝寺町,1丁目,6番,,,,,,,,月木,,,,,,,,,,,,,,,,,金,,,,,,,,,,,,,,,,火,,,,,,,,,,,,,,,,,,,,,,金,,,,
中央区,北久宝寺町,1丁目,7番,,,,,,,,月木,,,,,,,,,,,,,,,,,金,,,,,,,,,,,,,,,,火,,,,,,,,,,,,,,,,,,,,,,金,,,,
中央区,北久宝寺町,1丁目,8番,,,,,,,,月木,,,,,,,,,,,,,,,,,金,,,,,,,,,,,,,,,,火,,,,,,,,,,,,,,,,,,,,,,金,,,,
中央区,北久宝寺町,1丁目,9番,,,,,,,,月木,,,,,,,,,,,,,,,,,金,,,,,,,,,,,,,,,,火,,,,,,,,,,,,,,,,,,,,,,金,,,,
中央区,北久宝寺町,2丁目,2番,,,,,,,水土,,,,,,,,,,,,,,,,金,,,,,,,,,,,,,,,,火,,,,,,,,,,,,,,,,木,,,,,,,,,,,,
中央区,北久宝寺町,2丁目,3番,,,,,,,水土,,,,,,,,,,,,,,,,金,,,,,,,,,,,,,,,,火,,,,,,,,,,,,,,,,木,,,,,,,,,,,,
中央区,北久宝寺町,2丁目,5番,,,,,,,水土,,,,,,,,,,,,,,,,金,,,,,,,,,,,,,,,,火,,,,,,,,,,,,,,,,木,,,,,,,,,,,,
中央区,北久宝寺町,3丁目,2番,,,,,,,水土,,,,,,,,,,,,,,,,金,,,,,,,,,,,,,,,,火,,,,,,,,,,,,,,,,木,,,,,,,,,,,,
中央区,北久宝寺町,3丁目,3番,,,,,,,水土,,,,,,,,,,,,,,,,金,,,,,,,,,,,,,,,,火,,,,,,,,,,,,,,,,木,,,,,,,,,,,,
中央区,北久宝寺町,3丁目,4番,,,,,,,水土,,,,,,,,,,,,,,,,金,,,,,,,,,,,,,,,,火,,,,,,,,,,,,,,,,木,,,,,,,,,,,,
中央区,北久宝寺町,3丁目,5番,,,,,,,水土,,,,,,,,,,,,,,,,金,,,,,,,,,,,,,,,,火,,,,,,,,,,,,,,,,木,,,,,,,,,,,,
中央区,北久宝寺町,3丁目,6番,,,,,,,水土,,,,,,,,,,,,,,,,金,,,,,,,,,,,,,,,,火,,,,,,,,,,,,,,,,木,,,,,,,,,,,,
中央区,北久宝寺町,4丁目,1番,,,,,,,水土,,,,,,,,,,,,,,,,金,,,,,,,,,,,,,,,,火,,,,,,,,,,,,,,,,水,,,,,,,,,,,,
中央区,北久宝寺町,4丁目,2番,,,,,,,水土,,,,,,,,,,,,,,,,金,,,,,,,,,,,,,,,,火,,,,,,,,,,,,,,,,水,,,,,,,,,,,,
中央区,北久宝寺町,4丁目,3番,,,,,,,水土,,,,,,,,,,,,,,,,金,,,,,,,,,,,,,,,,火,,,,,,,,,,,,,,,,水,,,,,,,,,,,,
中央区,北久宝寺町,4丁目,4番,,,,,,,水土,,,,,,,,,,,,,,,,金,,,,,,,,,,,,,,,,火,,,,,,,,,,,,,,,,水,,,,,,,,,,,,
中央区,北久宝寺町,4丁目,5番,,,,,,,水土,,,,,,,,,,,,,,,,金,,,,,,,,,,,,,,,,火,,,,,,,,,,,,,,,,水,,,,,,,,,,,,
中央区,北新町,1番,,,,,,,,,,,,,,,,,水土,,,,,,,,,,,,,,,,金,,,,,,,,,,,,,,,,火,,,,,,,木,,,,,,,,,,,,
中央区,北新町,2番,,,,,,,,,,,,,,,,,水土,,,,,,,,,,,,,,,,金,,,,,,,,,,,,,,,,火,,,,,,,木,,,,,,,,,,,,
中央区,北新町,3番,,,,,,,,,,,,,,,,,水土,,,,,,,,,,,,,,,,金,,,,,,,,,,,,,,,,火,,,,,,,木,,,,,,,,,,,,
中央区,北新町,4番,,,,,,,,,,,,,,,,,水土,,,,,,,,,,,,,,,,金,,,,,,,,,,,,,,,,火,,,,,,,木,,,,,,,,,,,,
中央区,北浜,1丁目,2番,,,,,,,,,,水土,,,,,,,,,,,,,,,金,,,,,,,,,,,,,,,,火,,,,,,,,,,,,,,,,,,,,,,木,,,,
中央区,北浜,1丁目,3番,,,,,,,,,,水土,,,,,,,,,,,,,,,金,,,,,,,,,,,,,,,,火,,,,,,,,,,,,,,,,,,,,,,木,,,,
中央区,北浜,1丁目,4番,,,,,,,,,,水土,,,,,,,,,,,,,,,金,,,,,,,,,,,,,,,,火,,,,,,,,,,,,,,,,,,,,,,木,,,,
中央区,北浜,1丁目,5番,,,,,,,,,,水土,,,,,,,,,,,,,,,金,,,,,,,,,,,,,,,,火,,,,,,,,,,,,,,,,,,,,,,木,,,,
中央区,北浜,1丁目,6番,,,,,,,,,,水土,,,,,,,,,,,,,,,金,,,,,,,,,,,,,,,,火,,,,,,,,,,,,,,,,,,,,,,木,,,,
中央区,北浜,1丁目,7番,,,,,,,,,,水土,,,,,,,,,,,,,,,金,,,,,,,,,,,,,,,,火,,,,,,,,,,,,,,,,,,,,,,木,,,,
中央区,北浜,1丁目,9番,,,,,,,,,,水土,,,,,,,,,,,,,,,金,,,,,,,,,,,,,,,,火,,,,,,,,,,,,,,,,,,,,,,木,,,,
中央区,北浜,2丁目,1番,,,,,,,,水土,,,,,,,,,,,,,,,,,,,,,,,,木,,,,,,,,,,,,,,,,月,,,,,,,水,,,,,,,,,,,,
中央区,北浜,2丁目,2番,北浜ミッドタワー,,,,,,,,火金,,,,,,,,,,,,,,,,,,,,,,,木,,,,,,,,,,,,,,,,月,,,,,,,,,,,,,,,,,,,
中央区,北浜,2丁目,2番,上記以外,,,,,,,水土,,,,,,,,,,,,,,,,,,,,,,,,木,,,,,,,,,,,,,,,,月,,,,,,,水,,,,,,,,,,,,
中央区,北浜,2丁目,3番,,,,,,,,水土,,,,,,,,,,,,,,,,,,,,,,,,木,,,,,,,,,,,,,,,,月,,,,,,,水,,,,,,,,,,,,
中央区,北浜,2丁目,4番,,,,,,,,水土,,,,,,,,,,,,,,,,,,,,,,,,木,,,,,,,,,,,,,,,,月,,,,,,,水,,,,,,,,,,,,
中央区,北浜,2丁目,5番,,,,,,,,水土,,,,,,,,,,,,,,,,,,,,,,,,木,,,,,,,,,,,,,,,,月,,,,,,,水,,,,,,,,,,,,
中央区,北浜,2丁目,6番,,,,,,,,水土,,,,,,,,,,,,,,,,,,,,,,,,木,,,,,,,,,,,,,,,,月,,,,,,,水,,,,,,,,,,,,
中央区,北浜,2丁目,7番,,,,,,,,水土,,,,,,,,,,,,,,,,,,,,,,,,木,,,,,,,,,,,,,,,,月,,,,,,,水,,,,,,,,,,,,
中央区,北浜,3丁目,2番,,,,,,,,水土,,,,,,,,,,,,,,,,,,,,,,,,木,,,,,,,,,,,,,,,,月,,,,,,,水,,,,,,,,,,,,
中央区,北浜,3丁目,3番,,,,,,,,水土,,,,,,,,,,,,,,,,,,,,,,,,木,,,,,,,,,,,,,,,,月,,,,,,,水,,,,,,,,,,,,
中央区,北浜,3丁目,4番,,,,,,,,水土,,,,,,,,,,,,,,,,,,,,,,,,木,,,,,,,,,,,,,,,,月,,,,,,,水,,,,,,,,,,,,
中央区,北浜東,1番,,,,,,,,,,,,,,,,,水土,,,,,,,,,,,,,,,,金,,,,,,,,,火,,,,,,,,,,,,,,,,,,,,,,木,,,,
中央区,北浜東,2番,,,,,,,,,,,,,,,,,水土,,,,,,,,,,,,,,,,金,,,,,,,,,火,,,,,,,,,,,,,,,,,,,,,,木,,,,
中央区,北浜東,3番,,,,,,,,,,,,,,,,,水土,,,,,,,,,,,,,,,,金,,,,,,,,,火,,,,,,,,,,,,,,,,,,,,,,木,,,,
中央区,北浜東,4番,,,,,,,,,,火金,,,,,,,,,,,,,,,,金,,,,,,,,,,,,,,,,火,,,,,,,,,,,,,,,,,,,,,,木,,,,
中央区,北浜東,5番,,,,,,,,,,,水土,,,,,,,,,,,,,,,金,,,,,,,,,,,,,,,,火,,,,,,,,,,,,,,,,,,,,,,木,,,,
中央区,北浜東,6番,,,,,,,,,,,水土,,,,,,,,,,,,,,,金,,,,,,,,,,,,,,,,火,,,,,,,,,,,,,,,,,,,,,,木,,,,
中央区,久太郎町,1丁目,1番,,,,,,,,月木,,,,,,,,,,,,,,,,,金,,,,,,,,,,,,,,,,火,,,,,,,,,,,,,,,,,,,,,,金,,,,
中央区,久太郎町,1丁目,2番,,,,,,,,月木,,,,,,,,,,,,,,,,,金,,,,,,,,,,,,,,,,火,,,,,,,,,,,,,,,,,,,,,,金,,,,
中央区,久太郎町,1丁目,3番,,,,,,,,月木,,,,,,,,,,,,,,,,,金,,,,,,,,,,,,,,,,火,,,,,,,,,,,,,,,,,,,,,,金,,,,
中央区,久太郎町,1丁目,4番,,,,,,,,月木,,,,,,,,,,,,,,,,,金,,,,,,,,,,,,,,,,火,,,,,,,,,,,,,,,,,,,,,,金,,,,
中央区,久太郎町,1丁目,5番,,,,,,,,月木,,,,,,,,,,,,,,,,,金,,,,,,,,,,,,,,,,火,,,,,,,,,,,,,,,,,,,,,,金,,,,
中央区,久太郎町,1丁目,6番,,,,,,,,月木,,,,,,,,,,,,,,,,,金,,,,,,,,,,,,,,,,火,,,,,,,,,,,,,,,,,,,,,,金,,,,
中央区,久太郎町,1丁目,7番,プレサンスレジェンド堺筋本町タワー,,,,,,,,月木,,,,,,,,,,,,,,,,金,,,,,,,,,,,,,,,,火,,,,,,,,,,,,,,,,,,,,,,金,,,,
中央区,久太郎町,1丁目,7番,上記以外,,,,,,,月木,,,,,,,,,,,,,,,,,金,,,,,,,,,,,,,,,,火,,,,,,,,,,,,,,,,,,,,,,金,,,,
中央区,久太郎町,2丁目,3番,,,,,,,水土,,,,,,,,,,,,,,,,金,,,,,,,,,,,,,,,,火,,,,,,,,,,,,,,,,木,,,,,,,,,,,,
中央区,久太郎町,2丁目,4番,,,,,,,水土,,,,,,,,,,,,,,,,金,,,,,,,,,,,,,,,,火,,,,,,,,,,,,,,,,木,,,,,,,,,,,,
中央区,久太郎町,2丁目,6番,,,,,,,水土,,,,,,,,,,,,,,,,金,,,,,,,,,,,,,,,,火,,,,,,,,,,,,,,,,木,,,,,,,,,,,,
中央区,久太郎町,3丁目,3番,,,,,,,水土,,,,,,,,,,,,,,,,金,,,,,,,,,,,,,,,,火,,,,,,,,,,,,,,,,木,,,,,,,,,,,,
中央区,久太郎町,4丁目,2番,,,,,,,水土,,,,,,,,,,,,,,,,金,,,,,,,,,,,,,,,,火,,,,,,,,,,,,,,,,水,,,,,,,,,,,,
中央区,久太郎町,4丁目,3番,,,,,,,水土,,,,,,,,,,,,,,,,金,,,,,,,,,,,,,,,,火,,,,,,,,,,,,,,,,水,,,,,,,,,,,,
中央区,高津,1丁目,1番,,,,,,,,,,月木,,,,,,,,,,,,,土,,,,,,,,,,,,,,,,水,,,,,,,,,,,,,,,,火,,,,,,,,,,,,
中央区,高津,1丁目,2番,,,,,,,,,,月木,,,,,,,,,,,,,土,,,,,,,,,,,,,,,,水,,,,,,,,,,,,,,,,火,,,,,,,,,,,,
中央区,高津,1丁目,3番,,,,,,,,,,月木,,,,,,,,,,,,,土,,,,,,,,,,,,,,,,水,,,,,,,,,,,,,,,,火,,,,,,,,,,,,
中央区,高津,1丁目,4番,,,,,,,,,,月木,,,,,,,,,,,,,土,,,,,,,,,,,,,,,,水,,,,,,,,,,,,,,,,火,,,,,,,,,,,,
中央区,高津,1丁目,5番,,,,,,,,,,月木,,,,,,,,,,,,,土,,,,,,,,,,,,,,,,水,,,,,,,,,,,,,,,,火,,,,,,,,,,,,
中央区,高津,1丁目,6番,,,,,,,,,,月木,,,,,,,,,,,,,土,,,,,,,,,,,,,,,,水,,,,,,,,,,,,,,,,火,,,,,,,,,,,,
中央区,高津,1丁目,7番,,,,,,,,,,月木,,,,,,,,,,,,,土,,,,,,,,,,,,,,,,水,,,,,,,,,,,,,,,,火,,,,,,,,,,,,
中央区,高津,1丁目,8番,,,,,,,,,,月木,,,,,,,,,,,,,土,,,,,,,,,,,,,,,,水,,,,,,,,,,,,,,,,火,,,,,,,,,,,,
中央区,高津,1丁目,9番,,,,,,,,,,月木,,,,,,,,,,,,,土,,,,,,,,,,,,,,,,水,,,,,,,,,,,,,,,,火,,,,,,,,,,,,
中央区,高津,1丁目,10番,,,,,,,,,,月木,,,,,,,,,,,,,土,,,,,,,,,,,,,,,,水,,,,,,,,,,,,,,,,火,,,,,,,,,,,,
中央区,高津,2丁目,1番,,,,,,,,月木,,,,,,,,,,,,,,,,,金,,,,,,,,,,,,,,,,火,,,,,,,,,,,,,,,,,,,,,,金,,,,
中央区,高津,2丁目,2番,,,,,,,,月木,,,,,,,,,,,,,,,,,金,,,,,,,,,,,,,,,,火,,,,,,,,,,,,,,,,,,,,,,金,,,,
中央区,高津,2丁目,3番,,,,,,,,月木,,,,,,,,,,,,,,,,,金,,,,,,,,,,,,,,,,火,,,,,,,,,,,,,,,,,,,,,,金,,,,
中央区,高津,2丁目,4番,,,,,,,,月木,,,,,,,,,,,,,,,,,金,,,,,,,,,,,,,,,,火,,,,,,,,,,,,,,,,,,,,,,金,,,,
中央区,高津,2丁目,5番,,,,,,,,月木,,,,,,,,,,,,,,,,,金,,,,,,,,,,,,,,,,火,,,,,,,,,,,,,,,,,,,,,,金,,,,
中央区,高津,2丁目,6番,,,,,,,,月木,,,,,,,,,,,,,,,,,金,,,,,,,,,,,,,,,,火,,,,,,,,,,,,,,,,,,,,,,金,,,,
中央区,高津,2丁目,7番,,,,,,,,月木,,,,,,,,,,,,,,,,,金,,,,,,,,,,,,,,,,火,,,,,,,,,,,,,,,,,,,,,,金,,,,
中央区,高津,2丁目,8番,,,,,,,,月木,,,,,,,,,,,,,,,,,金,,,,,,,,,,,,,,,,火,,,,,,,,,,,,,,,,,,,,,,金,,,,
中央区,高津,3丁目,1番,,,,,,,水土,,,,,,,,,,,,,,,,金,,,,,,,,,,,,,,,,火,,,,,,,,,,,,,,,,金,,,,,,,,,,,,
中央区,高津,3丁目,2番,,,,,,,水土,,,,,,,,,,,,,,,,金,,,,,,,,,,,,,,,,火,,,,,,,,,,,,,,,,金,,,,,,,,,,,,
中央区,高津,3丁目,3番,,,,,,,水土,,,,,,,,,,,,,,,,金,,,,,,,,,,,,,,,,火,,,,,,,,,,,,,,,,金,,,,,,,,,,,,
中央区,高津,3丁目,4番,,,,,,,水土,,,,,,,,,,,,,,,,金,,,,,,,,,,,,,,,,火,,,,,,,,,,,,,,,,金,,,,,,,,,,,,
中央区,高津,3丁目,5番,,,,,,,水土,,,,,,,,,,,,,,,,金,,,,,,,,,,,,,,,,火,,,,,,,,,,,,,,,,金,,,,,,,,,,,,
中央区,高津,3丁目,6番,,,,,,,水土,,,,,,,,,,,,,,,,金,,,,,,,,,,,,,,,,火,,,,,,,,,,,,,,,,金,,,,,,,,,,,,
中央区,高津,3丁目,7番,,,,,,,水土,,,,,,,,,,,,,,,,金,,,,,,,,,,,,,,,,火,,,,,,,,,,,,,,,,金,,,,,,,,,,,,
中央区,高津,3丁目,8番,,,,,,,水土,,,,,,,,,,,,,,,,金,,,,,,,,,,,,,,,,火,,,,,,,,,,,,,,,,金,,,,,,,,,,,,
中央区,高津,3丁目,9番,,,,,,,水土,,,,,,,,,,,,,,,,金,,,,,,,,,,,,,,,,火,,,,,,,,,,,,,,,,金,,,,,,,,,,,,
中央区,高津,3丁目,10番,,,,,,,水土,,,,,,,,,,,,,,,,金,,,,,,,,,,,,,,,,火,,,,,,,,,,,,,,,,金,,,,,,,,,,,,
中央区,高津,3丁目,11番,,,,,,,水土,,,,,,,,,,,,,,,,金,,,,,,,,,,,,,,,,火,,,,,,,,,,,,,,,,金,,,,,,,,,,,,
中央区,高津,3丁目,12番,,,,,,,水土,,,,,,,,,,,,,,,,金,,,,,,,,,,,,,,,,火,,,,,,,,,,,,,,,,金,,,,,,,,,,,,
中央区,高津,3丁目,13番,,,,,,,水土,,,,,,,,,,,,,,,,金,,,,,,,,,,,,,,,,火,,,,,,,,,,,,,,,,金,,,,,,,,,,,,
中央区,高津,3丁目,14番,,,,,,,水土,,,,,,,,,,,,,,,,金,,,,,,,,,,,,,,,,火,,,,,,,,,,,,,,,,金,,,,,,,,,,,,
中央区,高津,3丁目,15番,,,,,,,水土,,,,,,,,,,,,,,,,金,,,,,,,,,,,,,,,,火,,,,,,,,,,,,,,,,金,,,,,,,,,,,,
中央区,高津,3丁目,16番,,,,,,,水土,,,,,,,,,,,,,,,,金,,,,,,,,,,,,,,,,火,,,,,,,,,,,,,,,,金,,,,,,,,,,,,
中央区,高麗橋,1丁目,1番,,,,,,,,,,水土,,,,,,,,,,,,,,,金,,,,,,,,,,,,,,,,火,,,,,,,,,,,,,,,,,,,,,,木,,,,
中央区,高麗橋,1丁目,2番,,,,,,,,,,水土,,,,,,,,,,,,,,,金,,,,,,,,,,,,,,,,火,,,,,,,,,,,,,,,,,,,,,,木,,,,
中央区,高麗橋,1丁目,3番,,,,,,,,,,水土,,,,,,,,,,,,,,,金,,,,,,,,,,,,,,,,火,,,,,,,,,,,,,,,,,,,,,,木,,,,
中央区,高麗橋,1丁目,4番,,,,,,,,,,水土,,,,,,,,,,,,,,,金,,,,,,,,,,,,,,,,火,,,,,,,,,,,,,,,,,,,,,,木,,,,
中央区,高麗橋,1丁目,5番,,,,,,,,,,水土,,,,,,,,,,,,,,,金,,,,,,,,,,,,,,,,火,,,,,,,,,,,,,,,,,,,,,,木,,,,
中央区,高麗橋,1丁目,6番,,,,,,,,,,水土,,,,,,,,,,,,,,,金,,,,,,,,,,,,,,,,火,,,,,,,,,,,,,,,,,,,,,,木,,,,
中央区,高麗橋,1丁目,7番,The　Kitahama,,,,,,,,,,,,,,,,,火金,,,,,,,金,,,,,,,,,,,,,,,,火,,,,,,,,,,,,,,金,,,,,,,,,,,,
中央区,高麗橋,1丁目,7番,上記以外,,,,,,,,,水土,,,,,,,,,,,,,,,金,,,,,,,,,,,,,,,,火,,,,,,,,,,,,,,,,,,,,,,木,,,,
中央区,高麗橋,1丁目,8番,,,,,,,,,,水土,,,,,,,,,,,,,,,金,,,,,,,,,,,,,,,,火,,,,,,,,,,,,,,,,,,,,,,木,,,,
中央区,高麗橋,2丁目,1番,,,,,,,水土,,,,,,,,,,,,,,,,,,,,,,,,,木,,,,,,,,,,,,,,,,月,,,,,,,水,,,,,,,,,,,,
中央区,高麗橋,2丁目,2番,,,,,,,水土,,,,,,,,,,,,,,,,,,,,,,,,,木,,,,,,,,,,,,,,,,月,,,,,,,水,,,,,,,,,,,,
中央区,高麗橋,2丁目,3番,,,,,,,水土,,,,,,,,,,,,,,,,,,,,,,,,,木,,,,,,,,,,,,,,,,月,,,,,,,水,,,,,,,,,,,,
中央区,高麗橋,2丁目,4番,,,,,,,水土,,,,,,,,,,,,,,,,,,,,,,,,,木,,,,,,,,,,,,,,,,月,,,,,,,水,,,,,,,,,,,,
中央区,高麗橋,2丁目,5番,,,,,,,水土,,,,,,,,,,,,,,,,,,,,,,,,,木,,,,,,,,,,,,,,,,月,,,,,,,水,,,,,,,,,,,,
中央区,高麗橋,2丁目,6番,,,,,,,水土,,,,,,,,,,,,,,,,,,,,,,,,,木,,,,,,,,,,,,,,,,月,,,,,,,水,,,,,,,,,,,,
中央区,高麗橋,3丁目,1番,,,,,,,水土,,,,,,,,,,,,,,,,,,,,,,,,,木,,,,,,,,,,,,,,,,月,,,,,,,水,,,,,,,,,,,,
中央区,高麗橋,3丁目,2番,淀屋橋アップルタワーレジデンス,,,,,,,,水土,,,,,,,,,,,,,,,,,,,,,,,木,,,,,,,,,,,,,,,,月,,,,,,,,,,,,,,,,,,,
中央区,高麗橋,3丁目,2番,上記以外,,,,,,水土,,,,,,,,,,,,,,,,,,,,,,,,,木,,,,,,,,,,,,,,,,月,,,,,,,水,,,,,,,,,,,,
中央区,高麗橋,3丁目,5番,,,,,,,水土,,,,,,,,,,,,,,,,,,,,,,,,,木,,,,,,,,,,,,,,,,月,,,,,,,水,,,,,,,,,,,,
中央区,高麗橋,3丁目,6番,,,,,,,水土,,,,,,,,,,,,,,,,,,,,,,,,,木,,,,,,,,,,,,,,,,月,,,,,,,水,,,,,,,,,,,,
中央区,高麗橋,4丁目,1番,,,,,,,水土,,,,,,,,,,,,,,,,,,,,,,,,,木,,,,,,,,,,,,,,,,月,,,,,,,水,,,,,,,,,,,,
中央区,高麗橋,4丁目,2番,,,,,,,水土,,,,,,,,,,,,,,,,,,,,,,,,,木,,,,,,,,,,,,,,,,月,,,,,,,水,,,,,,,,,,,,
中央区,高麗橋,4丁目,3番,,,,,,,水土,,,,,,,,,,,,,,,,,,,,,,,,,木,,,,,,,,,,,,,,,,月,,,,,,,水,,,,,,,,,,,,
中央区,高麗橋,4丁目,4番,,,,,,,水土,,,,,,,,,,,,,,,,,,,,,,,,,木,,,,,,,,,,,,,,,,月,,,,,,,水,,,,,,,,,,,,
中央区,高麗橋,4丁目,5番,,,,,,,水土,,,,,,,,,,,,,,,,,,,,,,,,,木,,,,,,,,,,,,,,,,月,,,,,,,水,,,,,,,,,,,,
中央区,高麗橋,4丁目,6番,,,,,,,水土,,,,,,,,,,,,,,,,,,,,,,,,,木,,,,,,,,,,,,,,,,月,,,,,,,水,,,,,,,,,,,,
中央区,高麗橋,4丁目,7番,,,,,,,水土,,,,,,,,,,,,,,,,,,,,,,,,,木,,,,,,,,,,,,,,,,月,,,,,,,水,,,,,,,,,,,,
中央区,高麗橋,4丁目,8番,,,,,,,水土,,,,,,,,,,,,,,,,,,,,,,,,,木,,,,,,,,,,,,,,,,月,,,,,,,水,,,,,,,,,,,,
中央区,粉川町,1番,,,,,,,,,火金,,,,,,,,,,,,,,,,,,,,,,,,,,土,,,,,,,,,,,,,,,,水,,,,,,,,,,,,,火,,,,
中央区,粉川町,2番,,,,,,,,,火金,,,,,,,,,,,,,,,,,,,,,,,,,,土,,,,,,,,,,,,,,,,水,,,,,,,,,,,,,火,,,,
中央区,粉川町,3番,,,,,,,,,火金,,,,,,,,,,,,,,,,,,,,,,,,,,土,,,,,,,,,,,,,,,,水,,,,,,,,,,,,,火,,,,
中央区,粉川町,4番,,,,,,,,,火金,,,,,,,,,,,,,,,,,,,,,,,,,,土,,,,,,,,,,,,,,,,水,,,,,,,,,,,,,火,,,,
中央区,粉川町,5番,,,,,,,,,火金,,,,,,,,,,,,,,,,,,,,,,,,,,土,,,,,,,,,,,,,,,,水,,,,,,,,,,,,,火,,,,
中央区,粉川町,6番,,,,,,,,,火金,,,,,,,,,,,,,,,,,,,,,,,,,,土,,,,,,,,,,,,,,,,水,,,,,,,,,,,,,火,,,,
中央区,粉川町,7番,,,,,,,,,火金,,,,,,,,,,,,,,,,,,,,,,,,,,土,,,,,,,,,,,,,,,,水,,,,,,,,,,,,,火,,,,
中央区,石町,1丁目,1番,,,,,,,,,,,,,,,,水土,,,,,,,,,,,,,,,,金,,,,,,,,,,,,,,,,火,,,,,,,,,,,,,,,木,,,,
中央区,石町,1丁目,2番,,,,,,,,,,,,,,,,水土,,,,,,,,,,,,,,,,金,,,,,,,,,,,,,,,,火,,,,,,,,,,,,,,,木,,,,
中央区,石町,1丁目,3番,,,,,,,,,,,,,,,,水土,,,,,,,,,,,,,,,,金,,,,,,,,,,,,,,,,火,,,,,,,,,,,,,,,木,,,,
中央区,石町,2丁目,1番,,,,,,,,,,,,,,,,水土,,,,,,,,,,,,,,,,金,,,,,,,,,,,,,,,,火,,,,,,,,,,,,,,,木,,,,
中央区,石町,2丁目,2番,,,,,,,,,,,,,,,,水土,,,,,,,,,,,,,,,,金,,,,,,,,,,,,,,,,火,,,,,,,,,,,,,,,木,,,,
中央区,石町,2丁目,3番,軽四輪車（小さい車）で収集している地域,,,,,,,,,,,,,,,水土,,,,,,,,,,,,,,,,金,,,,,,,,,,,,,,,,火,,,,,,,,,,,,,,,木,,,,
中央区,石町,2丁目,3番,上記以外,,,,,,,,,,,,,,,水土,,,,,,,,,,,,,,,,金,,,,,,,,,,,,,,,,火,,,,,,,,,,,,,,,木,,,,
中央区,石町,2丁目,4番,,,,,,,,,,水土,,,,,,,,,,,,,,,,,,,,,,金,,,,,,,,,,,,,,,,火,,,,,,,,,,,,,,,木,,,,
中央区,石町,2丁目,5番,,,,,,,,,,水土,,,,,,,,,,,,,,,,,,,,,,金,,,,,,,,,,,,,,,,火,,,,,,,,,,,,,,,木,,,,
中央区,材木町,1番,,,,,,,,,月木,,,,,,,,,,,,,,,,,,,,,,,,土,,,,,,,,,,,,,,,,水,,,,,,,火,,,,,,,,,,,,
中央区,材木町,2番,,,,,,,,,月木,,,,,,,,,,,,,,,,,,,,,,,,土,,,,,,,,,,,,,,,,水,,,,,,,火,,,,,,,,,,,,
中央区,材木町,3番,,,,,,,,,月木,,,,,,,,,,,,,,,,,,,,,,,,土,,,,,,,,,,,,,,,,水,,,,,,,火,,,,,,,,,,,,
中央区,島之内,1丁目,1番,,,,,,,,,水土,,,,,,,,,,,,,,,,金,,,,,,,,,,,,,,,,火,,,,,,,,,,,,,,,,,,,,,,金,,,,
中央区,島之内,1丁目,2番,,,,,,,,,水土,,,,,,,,,,,,,,,,金,,,,,,,,,,,,,,,,火,,,,,,,,,,,,,,,,,,,,,,金,,,,
中央区,島之内,1丁目,3番,,,,,,,,,水土,,,,,,,,,,,,,,,,金,,,,,,,,,,,,,,,,火,,,,,,,,,,,,,,,,,,,,,,金,,,,
中央区,島之内,1丁目,4番,,,,,,,水土,,,,,,,,,,,,,,,,,,金,,,,,,,,,,,,,,,,火,,,,,,,,,,,,,,,,,,,,,,金,,,,
中央区,島之内,1丁目,5番,,,,,,,水土,,,,,,,,,,,,,,,,,,金,,,,,,,,,,,,,,,,火,,,,,,,,,,,,,,,,,,,,,,金,,,,
中央区,島之内,1丁目,6番,,,,,,,水土,,,,,,,,,,,,,,,,,,金,,,,,,,,,,,,,,,,火,,,,,,,,,,,,,,,,,,,,,,金,,,,
中央区,島之内,1丁目,7番,,,,,,,水土,,,,,,,,,,,,,,,,,,金,,,,,,,,,,,,,,,,火,,,,,,,,,,,,,,,,,,,,,,金,,,,
中央区,島之内,1丁目,8番,,,,,,,水土,,,,,,,,,,,,,,,,,,金,,,,,,,,,,,,,,,,火,,,,,,,,,,,,,,,,,,,,,,金,,,,
中央区,島之内,1丁目,9番,,,,,,,水土,,,,,,,,,,,,,,,,,,金,,,,,,,,,,,,,,,,火,,,,,,,,,,,,,,,,,,,,,,金,,,,
中央区,島之内,1丁目,10番,,,,,,,水土,,,,,,,,,,,,,,,,,,金,,,,,,,,,,,,,,,,火,,,,,,,,,,,,,,,,,,,,,,金,,,,
中央区,島之内,1丁目,11番,,,,,,,水土,,,,,,,,,,,,,,,,,,金,,,,,,,,,,,,,,,,火,,,,,,,,,,,,,,,,,,,,,,金,,,,
中央区,島之内,1丁目,12番,,,,,,,水土,,,,,,,,,,,,,,,,,,金,,,,,,,,,,,,,,,,火,,,,,,,,,,,,,,,,,,,,,,金,,,,
中央区,島之内,1丁目,13番,,,,,,,水土,,,,,,,,,,,,,,,,,,金,,,,,,,,,,,,,,,,火,,,,,,,,,,,,,,,,,,,,,,金,,,,
中央区,島之内,1丁目,14番,,,,,,,水土,,,,,,,,,,,,,,,,,,金,,,,,,,,,,,,,,,,火,,,,,,,,,,,,,,,,,,,,,,金,,,,
中央区,島之内,1丁目,15番,,,,,,,水土,,,,,,,,,,,,,,,,,,金,,,,,,,,,,,,,,,,火,,,,,,,,,,,,,,,,,,,,,,金,,,,
中央区,島之内,1丁目,16番,,,,,,,水土,,,,,,,,,,,,,,,,,,金,,,,,,,,,,,,,,,,火,,,,,,,,,,,,,,,,,,,,,,金,,,,
中央区,島之内,1丁目,17番,,,,,,,,,水土,,,,,,,,,,,,,,,,金,,,,,,,,,,,,,,,,火,,,,,,,,,,,,,,,,,,,,,,金,,,,
中央区,島之内,1丁目,18番,,,,,,,水土,,,,,,,,,,,,,,,,,,金,,,,,,,,,,,,,,,,火,,,,,,,,,,,,,,,,,,,,,,金,,,,
中央区,島之内,1丁目,19番,,,,,,,水土,,,,,,,,,,,,,,,,,,金,,,,,,,,,,,,,,,,火,,,,,,,,,,,,,,,,,,,,,,金,,,,
中央区,島之内,1丁目,20番,,,,,,,水土,,,,,,,,,,,,,,,,,,金,,,,,,,,,,,,,,,,火,,,,,,,,,,,,,,,,,,,,,,金,,,,
中央区,島之内,1丁目,21番,,,,,,,,,水土,,,,,,,,,,,,,,,,金,,,,,,,,,,,,,,,,火,,,,,,,,,,,,,,,,,,,,,,金,,,,
中央区,島之内,1丁目,22番,,,,,,,,,水土,,,,,,,,,,,,,,,,金,,,,,,,,,,,,,,,,火,,,,,,,,,,,,,,,,,,,,,,金,,,,
中央区,島之内,2丁目,1番,,,,,,,,,水土,,,,,,,,,,,,,,,,金,,,,,,,,,,,,,,,,火,,,,,,,,,,,,,,,,,,,,,,金,,,,
中央区,島之内,2丁目,2番,,,,,,,,,水土,,,,,,,,,,,,,,,,金,,,,,,,,,,,,,,,,火,,,,,,,,,,,,,,,,,,,,,,金,,,,
中央区,島之内,2丁目,3番,,,,,,,水土,,,,,,,,,,,,,,,,,,金,,,,,,,,,,,,,,,,火,,,,,,,,,,,,,,,,,,,,,,金,,,,
中央区,島之内,2丁目,4番,,,,,,,水土,,,,,,,,,,,,,,,,,,金,,,,,,,,,,,,,,,,火,,,,,,,,,,,,,,,,,,,,,,金,,,,
中央区,島之内,2丁目,5番,,,,,,,水土,,,,,,,,,,,,,,,,,,金,,,,,,,,,,,,,,,,火,,,,,,,,,,,,,,,,,,,,,,金,,,,
中央区,島之内,2丁目,6番,,,,,,,水土,,,,,,,,,,,,,,,,,,金,,,,,,,,,,,,,,,,火,,,,,,,,,,,,,,,,,,,,,,金,,,,
中央区,島之内,2丁目,7番,,,,,,,水土,,,,,,,,,,,,,,,,,,金,,,,,,,,,,,,,,,,火,,,,,,,,,,,,,,,,,,,,,,金,,,,
中央区,島之内,2丁目,8番,,,,,,,水土,,,,,,,,,,,,,,,,,,金,,,,,,,,,,,,,,,,火,,,,,,,,,,,,,,,,,,,,,,金,,,,
中央区,島之内,2丁目,9番,,,,,,,水土,,,,,,,,,,,,,,,,,,金,,,,,,,,,,,,,,,,火,,,,,,,,,,,,,,,,,,,,,,金,,,,
中央区,島之内,2丁目,10番,,,,,,,水土,,,,,,,,,,,,,,,,,,金,,,,,,,,,,,,,,,,火,,,,,,,,,,,,,,,,,,,,,,金,,,,
中央区,島之内,2丁目,11番,,,,,,,水土,,,,,,,,,,,,,,,,,,金,,,,,,,,,,,,,,,,火,,,,,,,,,,,,,,,,,,,,,,金,,,,
中央区,島之内,2丁目,12番,,,,,,,水土,,,,,,,,,,,,,,,,,,金,,,,,,,,,,,,,,,,火,,,,,,,,,,,,,,,,,,,,,,金,,,,
中央区,島之内,2丁目,13番,,,,,,,水土,,,,,,,,,,,,,,,,,,金,,,,,,,,,,,,,,,,火,,,,,,,,,,,,,,,,,,,,,,金,,,,
中央区,島之内,2丁目,14番,,,,,,,,,水土,,,,,,,,,,,,,,,,金,,,,,,,,,,,,,,,,火,,,,,,,,,,,,,,,,,,,,,,金,,,,
中央区,島之内,2丁目,15番,,,,,,,水土,,,,,,,,,,,,,,,,,,金,,,,,,,,,,,,,,,,火,,,,,,,,,,,,,,,,,,,,,,金,,,,
中央区,島之内,2丁目,16番,,,,,,,,,水土,,,,,,,,,,,,,,,,金,,,,,,,,,,,,,,,,火,,,,,,,,,,,,,,,,,,,,,,金,,,,
中央区,島之内,2丁目,17番,,,,,,,,,水土,,,,,,,,,,,,,,,,金,,,,,,,,,,,,,,,,火,,,,,,,,,,,,,,,,,,,,,,金,,,,
中央区,島町,1丁目,1番,,,,,,,,,,,,,,,,水土,,,,,,,,,,,,,,,,金,,,,,,,,,,,,,,,,火,,,,,,,,,,,,,,,木,,,,
中央区,島町,1丁目,2番,,,,,,,,,,,,,,,,水土,,,,,,,,,,,,,,,,金,,,,,,,,,,,,,,,,火,,,,,,,,,,,,,,,木,,,,
中央区,島町,1丁目,3番,,,,,,,,,,,,,,,,水土,,,,,,,,,,,,,,,,金,,,,,,,,,,,,,,,,火,,,,,,,,,,,,,,,木,,,,
中央区,島町,1丁目,4番,,,,,,,,,,,,,,,,水土,,,,,,,,,,,,,,,,金,,,,,,,,,,,,,,,,火,,,,,,,,,,,,,,,木,,,,
中央区,島町,1丁目,5番,,,,,,,,,,,,,,,,水土,,,,,,,,,,,,,,,,金,,,,,,,,,,,,,,,,火,,,,,,,,,,,,,,,木,,,,
中央区,島町,2丁目,1番,,,,,,,,,,,,,,,,水土,,,,,,,,,,,,,,,,金,,,,,,,,,,,,,,,,火,,,,,,,,,,,,,,,木,,,,
中央区,島町,2丁目,2番,,,,,,,,,,,,,,,,水土,,,,,,,,,,,,,,,,金,,,,,,,,,,,,,,,,火,,,,,,,,,,,,,,,木,,,,
中央区,島町,2丁目,3番,,,,,,,,,,水土,,,,,,,,,,,,,,,,,,,,,,金,,,,,,,,,,,,,,,,火,,,,,,,,,,,,,,,木,,,,
中央区,島町,2丁目,4番,,,,,,,,,,水土,,,,,,,,,,,,,,,,,,,,,,金,,,,,,,,,,,,,,,,火,,,,,,,,,,,,,,,木,,,,
中央区,十二軒町,1番,,,,,,,,,火金,,,,,,,,,,,,,,,,,,,,,,,,,,土,,,,,,,,,,,,,,,,水,,,,,,,,,,,,,火,,,,
中央区,十二軒町,2番,,,,,,,,,火金,,,,,,,,,,,,,,,,,,,,,,,,,,土,,,,,,,,,,,,,,,,水,,,,,,,,,,,,,火,,,,
中央区,十二軒町,3番,,,,,,,,,火金,,,,,,,,,,,,,,,,,,,,,,,,,,土,,,,,,,,,,,,,,,,水,,,,,,,,,,,,,火,,,,
中央区,十二軒町,4番,,,,,,,,,火金,,,,,,,,,,,,,,,,,,,,,,,,,,土,,,,,,,,,,,,,,,,水,,,,,,,,,,,,,火,,,,
中央区,十二軒町,5番,,,,,,,,,火金,,,,,,,,,,,,,,,,,,,,,,,,,,土,,,,,,,,,,,,,,,,水,,,,,,,,,,,,,火,,,,
中央区,十二軒町,6番,,,,,,,,,火金,,,,,,,,,,,,,,,,,,,,,,,,,,土,,,,,,,,,,,,,,,,水,,,,,,,,,,,,,火,,,,
中央区,十二軒町,7番,,,,,,,,,火金,,,,,,,,,,,,,,,,,,,,,,,,,,土,,,,,,,,,,,,,,,,水,,,,,,,,,,,,,火,,,,
中央区,心斎橋筋,1丁目,3番,,,,,,,水土,,,,,,,,,,,,,,,,金,,,,,,,,,,,,,,,,火,,,,,,,,,,,,,,,,水,,,,,,,,,,,,
中央区,心斎橋筋,1丁目,4番,,,,,,,水土,,,,,,,,,,,,,,,,金,,,,,,,,,,,,,,,,火,,,,,,,,,,,,,,,,水,,,,,,,,,,,,
中央区,心斎橋筋,2丁目,1番,,,,,,,水土,,,,,,,,,,,,,,,,金,,,,,,,,,,,,,,,,火,,,,,,,,,,,,,,,,水,,,,,,,,,,,,
中央区,千日前,1丁目,1番,,,,,,,水土,,,,,,,,,,,,,,,,金,,,,,,,,,,,,,,,,火,,,,,,,,,,,,,,,,金,,,,,,,,,,,,
中央区,千日前,1丁目,2番,,,,,,,水土,,,,,,,,,,,,,,,,金,,,,,,,,,,,,,,,,火,,,,,,,,,,,,,,,,金,,,,,,,,,,,,
中央区,千日前,1丁目,3番,,,,,,,水土,,,,,,,,,,,,,,,,金,,,,,,,,,,,,,,,,火,,,,,,,,,,,,,,,,金,,,,,,,,,,,,
中央区,千日前,1丁目,4番,,,,,,,水土,,,,,,,,,,,,,,,,金,,,,,,,,,,,,,,,,火,,,,,,,,,,,,,,,,金,,,,,,,,,,,,
中央区,千日前,1丁目,5番,,,,,,,水土,,,,,,,,,,,,,,,,金,,,,,,,,,,,,,,,,火,,,,,,,,,,,,,,,,金,,,,,,,,,,,,
中央区,千日前,1丁目,6番,,,,,,,水土,,,,,,,,,,,,,,,,金,,,,,,,,,,,,,,,,火,,,,,,,,,,,,,,,,金,,,,,,,,,,,,
中央区,千日前,1丁目,9番,,,,,,,水土,,,,,,,,,,,,,,,,金,,,,,,,,,,,,,,,,火,,,,,,,,,,,,,,,,金,,,,,,,,,,,,
中央区,千日前,2丁目,1番,,,,,,,水土,,,,,,,,,,,,,,,,金,,,,,,,,,,,,,,,,火,,,,,,,,,,,,,,,,金,,,,,,,,,,,,
中央区,千日前,2丁目,2番,,,,,,,水土,,,,,,,,,,,,,,,,金,,,,,,,,,,,,,,,,火,,,,,,,,,,,,,,,,金,,,,,,,,,,,,
中央区,千日前,2丁目,4番,,,,,,,水土,,,,,,,,,,,,,,,,金,,,,,,,,,,,,,,,,火,,,,,,,,,,,,,,,,金,,,,,,,,,,,,
中央区,千日前,2丁目,5番,,,,,,,水土,,,,,,,,,,,,,,,,金,,,,,,,,,,,,,,,,火,,,,,,,,,,,,,,,,金,,,,,,,,,,,,
中央区,千日前,2丁目,6番,,,,,,,水土,,,,,,,,,,,,,,,,金,,,,,,,,,,,,,,,,火,,,,,,,,,,,,,,,,金,,,,,,,,,,,,
中央区,千日前,2丁目,7番,,,,,,,水土,,,,,,,,,,,,,,,,金,,,,,,,,,,,,,,,,火,,,,,,,,,,,,,,,,金,,,,,,,,,,,,
中央区,千日前,2丁目,8番,,,,,,,水土,,,,,,,,,,,,,,,,金,,,,,,,,,,,,,,,,火,,,,,,,,,,,,,,,,金,,,,,,,,,,,,
中央区,千日前,2丁目,10番,,,,,,,水土,,,,,,,,,,,,,,,,金,,,,,,,,,,,,,,,,火,,,,,,,,,,,,,,,,金,,,,,,,,,,,,
中央区,谷町,1丁目,1番,,,,,,,,,,,,,,,,水土,,,,,,,,,,,,,,,,金,,,,,,,,,,,,,,,,火,,,,,,,木,,,,,,,,,,,,
中央区,谷町,1丁目,2番,,,,,,,,,,,,,,,,水土,,,,,,,,,,,,,,,,金,,,,,,,,,,,,,,,,火,,,,,,,木,,,,,,,,,,,,
中央区,谷町,1丁目,3番,ウェリス大手前,,,,,,,月木,,,,,,,,,,,,,,,,,,,,,,,,土,,,,,,,,,,,,,,,,水,,,,,,,木,,,,,,,,,,,,
中央区,谷町,1丁目,3番,上記以外,,,,,,,月木,,,,,,,,,,,,,,,,,,,,,,,,土,,,,,,,,,,,,,,,,水,,,,,,,木,,,,,,,,,,,,
中央区,谷町,1丁目,4番,,,,,,,,,,,,,,,,水土,,,,,,,,,,,,,,,,金,,,,,,,,,,,,,,,,火,,,,,,,,,,,,,,,木,,,,
中央区,谷町,1丁目,5番,,,,,,,,,,,,,,,,水土,,,,,,,,,,,,,,,,金,,,,,,,,,,,,,,,,火,,,,,,,,,,,,,,,木,,,,
中央区,谷町,1丁目,6番,,,,,,,,,,,,,,,,水土,,,,,,,,,,,,,,,,金,,,,,,,,,,,,,,,,火,,,,,,,,,,,,,,,木,,,,
中央区,谷町,1丁目,7番,,,,,,,,,,,,,,,,水土,,,,,,,,,,,,,,,,金,,,,,,,,,,,,,,,,火,,,,,,,,,,,,,,,木,,,,
中央区,谷町,2丁目,1番,,,,,,,,月木,,,,,,,,,,,,,,,,,,,,,,,,土,,,,,,,,,,,,,,,,水,,,,,,,木,,,,,,,,,,,,
中央区,谷町,2丁目,2番,,,,,,,,月木,,,,,,,,,,,,,,,,,,,,,,,,土,,,,,,,,,,,,,,,,水,,,,,,,木,,,,,,,,,,,,
中央区,谷町,2丁目,3番,,,,,,,,月木,,,,,,,,,,,,,,,,,,,,,,,,土,,,,,,,,,,,,,,,,水,,,,,,,木,,,,,,,,,,,,
中央区,谷町,2丁目,4番,,,,,,,,,,,,,,,,水土,,,,,,,,,,,,,,,,金,,,,,,,,,,,,,,,,火,,,,,,,木,,,,,,,,,,,,
中央区,谷町,2丁目,5番,,,,,,,,,,,,,,,,水土,,,,,,,,,,,,,,,,金,,,,,,,,,,,,,,,,火,,,,,,,木,,,,,,,,,,,,
中央区,谷町,2丁目,6番,,,,,,,,,,,,,,,,水土,,,,,,,,,,,,,,,,金,,,,,,,,,,,,,,,,火,,,,,,,木,,,,,,,,,,,,
中央区,谷町,2丁目,7番,,,,,,,,,,,,,,,,水土,,,,,,,,,,,,,,,,金,,,,,,,,,,,,,,,,火,,,,,,,,,,,,,,,木,,,,
中央区,谷町,2丁目,8番,,,,,,,,,,,,,,,,水土,,,,,,,,,,,,,,,,金,,,,,,,,,,,,,,,,火,,,,,,,,,,,,,,,木,,,,
中央区,谷町,2丁目,9番,,,,,,,,,,,,,,,,水土,,,,,,,,,,,,,,,,金,,,,,,,,,,,,,,,,火,,,,,,,,,,,,,,,木,,,,
中央区,谷町,3丁目,1番,,,,,,,,月木,,,,,,,,,,,,,,,,,,,,,,,,土,,,,,,,,,,,,,,,,水,,,,,,,木,,,,,,,,,,,,
中央区,谷町,3丁目,2番,,,,,,,,月木,,,,,,,,,,,,,,,,,,,,,,,,土,,,,,,,,,,,,,,,,水,,,,,,,木,,,,,,,,,,,,
中央区,谷町,3丁目,3番,,,,,,,,,,水土,,,,,,,,,,,,,,,,,,,,,,金,,,,,,,,,,,,,,,,火,,,,,,,木,,,,,,,,,,,,
中央区,谷町,3丁目,4番,,,,,,,,,,水土,,,,,,,,,,,,,,,,,,,,,,金,,,,,,,,,,,,,,,,火,,,,,,,木,,,,,,,,,,,,
中央区,谷町,3丁目,5番,,,,,,,,,,水土,,,,,,,,,,,,,,,,,,,,,,金,,,,,,,,,,,,,,,,火,,,,,,,木,,,,,,,,,,,,
中央区,谷町,3丁目,6番,,,,,,,,,,水土,,,,,,,,,,,,,,,,,,,,,,金,,,,,,,,,,,,,,,,火,,,,,,,木,,,,,,,,,,,,
中央区,谷町,3丁目,7番,,,,,,,,,,水土,,,,,,,,,,,,,,,,,,,,,,金,,,,,,,,,,,,,,,,火,,,,,,,木,,,,,,,,,,,,
中央区,谷町,4丁目,1番,,,,,,,,月木,,,,,,,,,,,,,,,,,,,,,,,,土,,,,,,,,,,,,,,,,水,,,,,,,月,,,,,,,,,,,,
中央区,谷町,4丁目,2番,,,,,,,,月木,,,,,,,,,,,,,,,,,,,,,,,,土,,,,,,,,,,,,,,,,水,,,,,,,月,,,,,,,,,,,,
中央区,谷町,4丁目,3番,,,,,,,,月木,,,,,,,,,,,,,,,,,,,,,,,,土,,,,,,,,,,,,,,,,水,,,,,,,月,,,,,,,,,,,,
中央区,谷町,4丁目,4番,,,,,,,,月木,,,,,,,,,,,,,,,,,,,,,,,,土,,,,,,,,,,,,,,,,水,,,,,,,月,,,,,,,,,,,,
中央区,谷町,4丁目,5番,,,,,,,,月木,,,,,,,,,,,,,,,,,,,,,,,,土,,,,,,,,,,,,,,,,水,,,,,,,月,,,,,,,,,,,,
中央区,谷町,4丁目,6番,,,,,,,,月木,,,,,,,,,,,,,,,,,,,,,,,,土,,,,,,,,,,,,,,,,水,,,,,,,月,,,,,,,,,,,,
中央区,谷町,4丁目,7番,,,,,,,,月木,,,,,,,,,,,,,,,,,,,,,,,,土,,,,,,,,,,,,,,,,水,,,,,,,月,,,,,,,,,,,,
中央区,谷町,4丁目,8番,,,,,,,,月木,,,,,,,,,,,,,,,,,,,,,,,,土,,,,,,,,,,,,,,,,水,,,,,,,月,,,,,,,,,,,,
中央区,谷町,4丁目,9番,,,,,,,,火金,,,,,,,,,,,,,,,,,,,,,,,,,,土,,,,,,,,,,,,,,水,,,,,,,,,,,,,,,火,,,,
中央区,谷町,4丁目,10番,,,,,,,,火金,,,,,,,,,,,,,,,,,,,,,,,,,,土,,,,,,,,,,,,,,水,,,,,,,,,,,,,,,火,,,,
中央区,谷町,4丁目,11番,軽四輪車（小さい車）で収集している地域,,,,,,,火金,,,,,,,,,,,,,,,,,,,,,,,,,,土,,,,,,,,,,,,,,水,,,,,,,,,,,,,,,火,,,,
中央区,谷町,4丁目,11番,上記以外,,,,,,,火金,,,,,,,,,,,,,,,,,,,,,,,,,,土,,,,,,,,,,,,,,水,,,,,,,,,,,,,,,火,,,,
中央区,谷町,5丁目,1番,,,,,,,,,,,,,,,,,,月木,,,,,,,,,,,,,,,,土,,,,,,,,,,,,,,水,,,,,,,月,,,,,,,,,,,,
中央区,谷町,5丁目,2番,ザ・パークハウス谷町5丁目,,,,,,,月木,,,,,,,,,,,,,,,,,,,,,,,,,,土,,,,,,,,,,,,,,水,,,,,,,,,,,,,,,,,,,
中央区,谷町,5丁目,2番,上記以外,,,,,,,,,,,,,,,,,月木,,,,,,,,,,,,,,,,土,,,,,,,,,,,,,,水,,,,,,,月,,,,,,,,,,,,
中央区,谷町,5丁目,3番,,,,,,,,,,,,,,,,,,月木,,,,,,,,,,,,,,,,土,,,,,,,,,,,,,,水,,,,,,,月,,,,,,,,,,,,
中央区,谷町,5丁目,4番,,,,,,,,,,,,,,,,,,月木,,,,,,,,,,,,,,,,土,,,,,,,,,,,,,,水,,,,,,,月,,,,,,,,,,,,
中央区,谷町,5丁目,5番,,,,,,,火金,,,,,,,,,,,,,,,,,,,,,,,,,,,土,,,,,,,,,,,,,,,,水,,,,,,,,,,,,,火,,,,
中央区,谷町,5丁目,6番,,,,,,,火金,,,,,,,,,,,,,,,,,,,,,,,,,,,土,,,,,,,,,,,,,,,,水,,,,,,,,,,,,,火,,,,
中央区,谷町,5丁目,7番,,,,,,,火金,,,,,,,,,,,,,,,,,,,,,,,,,,,土,,,,,,,,,,,,,,,,水,,,,,,,,,,,,,火,,,,
中央区,谷町,6丁目,1番,,,,,,,月木,,,,,,,,,,,,,,,,土,,,,,,,,,,,,,,,,水,,,,,,,,,,,,,,,,金,,,,,,,,,,,,
中央区,谷町,6丁目,2番,,,,,,,月木,,,,,,,,,,,,,,,,土,,,,,,,,,,,,,,,,水,,,,,,,,,,,,,,,,金,,,,,,,,,,,,
中央区,谷町,6丁目,3番,,,,,,,月木,,,,,,,,,,,,,,,,土,,,,,,,,,,,,,,,,水,,,,,,,,,,,,,,,,金,,,,,,,,,,,,
中央区,谷町,6丁目,4番,,,,,,,月木,,,,,,,,,,,,,,,,金,,,,,,,,,,,,,,,,火,,,,,,,,,,,,,,,,火,,,,,,,,,,,,
中央区,谷町,6丁目,5番,,,,,,,月木,,,,,,,,,,,,,,,,金,,,,,,,,,,,,,,,,火,,,,,,,,,,,,,,,,火,,,,,,,,,,,,
中央区,谷町,6丁目,6番,,,,,,,月木,,,,,,,,,,,,,,,,金,,,,,,,,,,,,,,,,火,,,,,,,,,,,,,,,,火,,,,,,,,,,,,
中央区,谷町,6丁目,7番,,,,,,,月木,,,,,,,,,,,,,,,,金,,,,,,,,,,,,,,,,火,,,,,,,,,,,,,,,,火,,,,,,,,,,,,
中央区,谷町,6丁目,8番,,,,,,,月木,,,,,,,,,,,,,,,,金,,,,,,,,,,,,,,,,火,,,,,,,,,,,,,,,,火,,,,,,,,,,,,
中央区,谷町,6丁目,9番,,,,,,,月木,,,,,,,,,,,,,,,,金,,,,,,,,,,,,,,,,火,,,,,,,,,,,,,,,,火,,,,,,,,,,,,
中央区,谷町,6丁目,10番,,,,,,,月木,,,,,,,,,,,,,,,,金,,,,,,,,,,,,,,,,火,,,,,,,,,,,,,,,,火,,,,,,,,,,,,
中央区,谷町,6丁目,11番,,,,,,,月木,,,,,,,,,,,,,,,,金,,,,,,,,,,,,,,,,火,,,,,,,,,,,,,,,,火,,,,,,,,,,,,
中央区,谷町,6丁目,12番,,,,,,,月木,,,,,,,,,,,,,,,,金,,,,,,,,,,,,,,,,火,,,,,,,,,,,,,,,,火,,,,,,,,,,,,
中央区,谷町,6丁目,13番,,,,,,,月木,,,,,,,,,,,,,,,,金,,,,,,,,,,,,,,,,火,,,,,,,,,,,,,,,,火,,,,,,,,,,,,
中央区,谷町,6丁目,14番,,,,,,,月木,,,,,,,,,,,,,,,,金,,,,,,,,,,,,,,,,火,,,,,,,,,,,,,,,,火,,,,,,,,,,,,
中央区,谷町,6丁目,15番,,,,,,,月木,,,,,,,,,,,,,,,,金,,,,,,,,,,,,,,,,火,,,,,,,,,,,,,,,,火,,,,,,,,,,,,
中央区,谷町,6丁目,16番,,,,,,,月木,,,,,,,,,,,,,,,,金,,,,,,,,,,,,,,,,火,,,,,,,,,,,,,,,,火,,,,,,,,,,,,
中央区,谷町,6丁目,17番,,,,,,,月木,,,,,,,,,,,,,,,,金,,,,,,,,,,,,,,,,火,,,,,,,,,,,,,,,,火,,,,,,,,,,,,
中央区,谷町,6丁目,18番,,,,,,,月木,,,,,,,,,,,,,,,,金,,,,,,,,,,,,,,,,火,,,,,,,,,,,,,,,,火,,,,,,,,,,,,
中央区,谷町,7丁目,1番,,,,,,,月木,,,,,,,,,,,,,,,,土,,,,,,,,,,,,,,,,水,,,,,,,,,,,,,,,,金,,,,,,,,,,,,
中央区,谷町,7丁目,2番,,,,,,,月木,,,,,,,,,,,,,,,,金,,,,,,,,,,,,,,,,火,,,,,,,,,,,,,,,,火,,,,,,,,,,,,
中央区,谷町,7丁目,3番,,,,,,,月木,,,,,,,,,,,,,,,,金,,,,,,,,,,,,,,,,火,,,,,,,,,,,,,,,,火,,,,,,,,,,,,
中央区,谷町,7丁目,4番,,,,,,,月木,,,,,,,,,,,,,,,,金,,,,,,,,,,,,,,,,火,,,,,,,,,,,,,,,,火,,,,,,,,,,,,
中央区,谷町,7丁目,5番,,,,,,,月木,,,,,,,,,,,,,,,,金,,,,,,,,,,,,,,,,火,,,,,,,,,,,,,,,,火,,,,,,,,,,,,
中央区,谷町,7丁目,6番,,,,,,,月木,,,,,,,,,,,,,,,,金,,,,,,,,,,,,,,,,火,,,,,,,,,,,,,,,,火,,,,,,,,,,,,
中央区,谷町,8丁目,1番,,,,,,,,,,月木,,,,,,,,,,,,,,,土,,,,,,,,,,,,,,,,水,,,,,,,,,,,,,,金,,,,,,,,,,,,
中央区,谷町,8丁目,2番,,,,,,,,,,月木,,,,,,,,,,,,,土,,,,,,,,,,,,,,,,水,,,,,,,,,,,,,,,,火,,,,,,,,,,,,
中央区,谷町,9丁目,1番,,,,,,,,,,月木,,,,,,,,,,,,,,,土,,,,,,,,,,,,,,,,水,,,,,,,,,,,,,,金,,,,,,,,,,,,
中央区,谷町,9丁目,2番,,,,,,,,,,月木,,,,,,,,,,,,,,,土,,,,,,,,,,,,,,,,水,,,,,,,,,,,,,,金,,,,,,,,,,,,
中央区,谷町,9丁目,3番,,,,,,,,,,月木,,,,,,,,,,,,,,,土,,,,,,,,,,,,,,,,水,,,,,,,,,,,,,,金,,,,,,,,,,,,
中央区,谷町,9丁目,4番,,,,,,,,,,月木,,,,,,,,,,,,,土,,,,,,,,,,,,,,,,水,,,,,,,,,,,,,,,,火,,,,,,,,,,,,
中央区,谷町,9丁目,5番,谷町グランドハイツ,,,,,,,,,月木,,,,,,,,,,,,,土,,,,,,,,,,,,,,,,水,,,,,,,,,,,,,,,,火,,,,,,,,,,,,
中央区,谷町,9丁目,5番,上記以外,,,,,,,,,月木,,,,,,,,,,,,,土,,,,,,,,,,,,,,,,水,,,,,,,,,,,,,,,,火,,,,,,,,,,,,
中央区,玉造,1丁目,1番,,,,,,,,,,,,,,,,月木,,,,,,,,,,,,,,,,,,金,,,,,,,,,,,,,,,,火,,,,,月,,,,,,,,,,,,
中央区,玉造,1丁目,2番,,,,,,,,,,,,,,,,月木,,,,,,,,,,,,,,,,,,金,,,,,,,,,,,,,,,,火,,,,,月,,,,,,,,,,,,
中央区,玉造,1丁目,3番,,,,,,,,,,,,,,,,月木,,,,,,,,,,,,,,,,,,金,,,,,,,,,,,,,,,,火,,,,,月,,,,,,,,,,,,
中央区,玉造,1丁目,4番,,,,,,,,,,,,,,,,月木,,,,,,,,,,,,,,,,,,金,,,,,,,,,,,,,,,,火,,,,,月,,,,,,,,,,,,
中央区,玉造,1丁目,5番,,,,,,,,,,,,,,,,月木,,,,,,,,,,,,,,,,,,金,,,,,,,,,,,,,,,,火,,,,,月,,,,,,,,,,,,
中央区,玉造,1丁目,6番,,,,,,,,,,,,,,,,月木,,,,,,,,,,,,,,,,,,金,,,,,,,,,,,,,,,,火,,,,,,,,,,,,,月,,,,
中央区,玉造,1丁目,7番,,,,,,,,,,,,,,,,月木,,,,,,,,,,,,,,,,,,金,,,,,,,,,,,,,,,,火,,,,,,,,,,,,,月,,,,
中央区,玉造,1丁目,8番,,,,,,,,,,,,,,,,月木,,,,,,,,,,,,,,,,,,金,,,,,,,,,,,,,,,,火,,,,,,,,,,,,,月,,,,
中央区,玉造,1丁目,9番,,,,,,,,,,,,,,,,月木,,,,,,,,,,,,,,,,,,金,,,,,,,,,,,,,,,,火,,,,,,,,,,,,,月,,,,
中央区,玉造,1丁目,10番,,,,,,,,,,,,,,,,月木,,,,,,,,,,,,,,,,,,金,,,,,,,,,,,,,,,,火,,,,,,,,,,,,,月,,,,
中央区,玉造,1丁目,11番,,,,,,,,,,,,,,,,月木,,,,,,,,,,,,,,,,,,金,,,,,,,,,,,,,,,,火,,,,,,,,,,,,,月,,,,
中央区,玉造,1丁目,12番,,,,,,,,,,,,,,,,月木,,,,,,,,,,,,,,,,,,金,,,,,,,,,,,,,,,,火,,,,,,,,,,,,,月,,,,
中央区,玉造,1丁目,13番,,,,,,,,,,,,,,,,月木,,,,,,,,,,,,,,,,,,金,,,,,,,,,,,,,,,,火,,,,,,,,,,,,,月,,,,
中央区,玉造,1丁目,14番,,,,,,,,,,,,,,,,月木,,,,,,,,,,,,,,,,,,金,,,,,,,,,,,,,,,,火,,,,,,,,,,,,,月,,,,
中央区,玉造,1丁目,15番,,,,,,,,,,,,,,,,月木,,,,,,,,,,,,,,,,,,金,,,,,,,,,,,,,,,,火,,,,,,,,,,,,,月,,,,
中央区,玉造,1丁目,16番,,,,,,,,,,,,,,,,月木,,,,,,,,,,,,,,,,,,金,,,,,,,,,,,,,,,,火,,,,,,,,,,,,,月,,,,
中央区,玉造,1丁目,17番,,,,,,,,,,,,,,,,月木,,,,,,,,,,,,,,,,,,金,,,,,,,,,,,,,,,,火,,,,,,,,,,,,,月,,,,
中央区,玉造,1丁目,18番,,,,,,,,,,,,,,,,月木,,,,,,,,,,,,,,,,,,金,,,,,,,,,,,,,,,,火,,,,,,,,,,,,,月,,,,
中央区,玉造,1丁目,19番,,,,,,,,,,,,,,,,月木,,,,,,,,,,,,,,,,,,金,,,,,,,,,,,,,,,,火,,,,,,,,,,,,,月,,,,
中央区,玉造,1丁目,20番,,,,,,,,,,,,,,,,月木,,,,,,,,,,,,,,,,,,金,,,,,,,,,,,,,,,,火,,,,,,,,,,,,,月,,,,
中央区,玉造,1丁目,21番,,,,,,,,,,,,,,,,月木,,,,,,,,,,,,,,,,,,金,,,,,,,,,,,,,,,,火,,,,,,,,,,,,,月,,,,
中央区,玉造,1丁目,22番,,,,,,,,,,,,,,,,月木,,,,,,,,,,,,,,,,,,金,,,,,,,,,,,,,,,,火,,,,,,,,,,,,,月,,,,
中央区,玉造,1丁目,23番,,,,,,,,,,,,,,,,月木,,,,,,,,,,,,,,,,,,金,,,,,,,,,,,,,,,,火,,,,,,,,,,,,,月,,,,
中央区,玉造,1丁目,24番,,,,,,,,,,,,,,,,月木,,,,,,,,,,,,,,,,,,金,,,,,,,,,,,,,,,,火,,,,,,,,,,,,,月,,,,
中央区,玉造,2丁目,1番,,,,,,,,,,,,,,,,月木,,,,,,,,,,,,,,,,金,,,,,,,,,,,,,,,,火,,,,,,,,,,,,,,,月,,,,
中央区,玉造,2丁目,2番,,,,,,,,,,,,,,,,月木,,,,,,,,,,,,,,,,金,,,,,,,,,,,,,,,,火,,,,,,,,,,,,,,,月,,,,
中央区,玉造,2丁目,3番,,,,,,,,,,,,,,,,月木,,,,,,,,,,,,,,,,金,,,,,,,,,,,,,,,,火,,,,,,,,,,,,,,,月,,,,
中央区,玉造,2丁目,4番,,,,,,,,,,,,,,,,月木,,,,,,,,,,,,,,,,,,金,,,,,,,,,,,,,,,,火,,,,,,,,,,,,,月,,,,
中央区,玉造,2丁目,5番,,,,,,,,,,,,,,,,月木,,,,,,,,,,,,,,,,,,金,,,,,,,,,,,,,,,,火,,,,,,,,,,,,,月,,,,
中央区,玉造,2丁目,6番,,,,,,,,,,,,,,,,月木,,,,,,,,,,,,,,,,,,金,,,,,,,,,,,,,,,,火,,,,,,,,,,,,,月,,,,
中央区,玉造,2丁目,7番,,,,,,,,,,,,,,,,月木,,,,,,,,,,,,,,,,,,金,,,,,,,,,,,,,,,,火,,,,,,,,,,,,,月,,,,
中央区,玉造,2丁目,8番,,,,,,,,,,,,,,,,月木,,,,,,,,,,,,,,,,,,金,,,,,,,,,,,,,,,,火,,,,,,,,,,,,,月,,,,
中央区,玉造,2丁目,9番,,,,,,,,,,,,,,,,月木,,,,,,,,,,,,,,,,,,金,,,,,,,,,,,,,,,,火,,,,,,,,,,,,,月,,,,
中央区,玉造,2丁目,10番,,,,,,,,,,,,,,,,月木,,,,,,,,,,,,,,,,,,金,,,,,,,,,,,,,,,,火,,,,,,,,,,,,,月,,,,
中央区,玉造,2丁目,11番,,,,,,,,,,,,,,,,月木,,,,,,,,,,,,,,,,,,金,,,,,,,,,,,,,,,,火,,,,,,,,,,,,,月,,,,
中央区,玉造,2丁目,12番,,,,,,,,,,,,,,,,月木,,,,,,,,,,,,,,,,,,金,,,,,,,,,,,,,,,,火,,,,,,,,,,,,,月,,,,
中央区,玉造,2丁目,13番,,,,,,,,,,,,,,,,月木,,,,,,,,,,,,,,,,,,金,,,,,,,,,,,,,,,,火,,,,,,,,,,,,,月,,,,
中央区,玉造,2丁目,14番,,,,,,,,,,,,,,,,月木,,,,,,,,,,,,,,,,,,金,,,,,,,,,,,,,,,,火,,,,,,,,,,,,,月,,,,
中央区,玉造,2丁目,15番,,,,,,,,,,,,,,,,月木,,,,,,,,,,,,,,,,,,金,,,,,,,,,,,,,,,,火,,,,,,,,,,,,,月,,,,
中央区,玉造,2丁目,16番,,,,,,,,,,,,,,,,月木,,,,,,,,,,,,,,,,,,金,,,,,,,,,,,,,,,,火,,,,,月,,,,,,,,,,,,
中央区,玉造,2丁目,17番,,,,,,,,,,,,,,,,月木,,,,,,,,,,,,,,,,,,金,,,,,,,,,,,,,,,,火,,,,,月,,,,,,,,,,,,
中央区,玉造,2丁目,18番,,,,,,,,,,,,,,,,月木,,,,,,,,,,,,,,,,,,金,,,,,,,,,,,,,,,,火,,,,,月,,,,,,,,,,,,
中央区,玉造,2丁目,19番,,,,,,,,,,,,,,,,月木,,,,,,,,,,,,,,,,,,金,,,,,,,,,,,,,,,,火,,,,,月,,,,,,,,,,,,
中央区,玉造,2丁目,20番,,,,,,,,,,,,,,,,月木,,,,,,,,,,,,,,,,,,金,,,,,,,,,,,,,,,,火,,,,,,,,,,,,,月,,,,
中央区,玉造,2丁目,21番,,,,,,,,,,,,,,,,月木,,,,,,,,,,,,,,,,,,金,,,,,,,,,,,,,,,,火,,,,,,,,,,,,,月,,,,
中央区,玉造,2丁目,22番,,,,,,,,,,,,,,,,月木,,,,,,,,,,,,,,,,,,金,,,,,,,,,,,,,,,,火,,,,,,,,,,,,,月,,,,
中央区,玉造,2丁目,23番,,,,,,,,,,,,,,,,月木,,,,,,,,,,,,,,,,金,,,,,,,,,,,,,,,,火,,,,,,,,,,,,,,,月,,,,
中央区,玉造,2丁目,24番,,,,,,,,,,,,,,,,月木,,,,,,,,,,,,,,,,金,,,,,,,,,,,,,,,,火,,,,,,,,,,,,,,,月,,,,
中央区,玉造,2丁目,25番,,,,,,,,,,,,,,,,月木,,,,,,,,,,,,,,,,,,金,,,,,,,,,,,,,,,,火,,,,,,,,,,,,,月,,,,
中央区,玉造,2丁目,26番,,,,,,,,,,,,,,,,月木,,,,,,,,,,,,,,,,,,金,,,,,,,,,,,,,,,,火,,,,,,,,,,,,,月,,,,
中央区,玉造,2丁目,27番,,,,,,,,,,,,,,,,月木,,,,,,,,,,,,,,,,,,金,,,,,,,,,,,,,,,,火,,,,,,,,,,,,,月,,,,
中央区,玉造,2丁目,28番,,,,,,,,,,,,,,,,月木,,,,,,,,,,,,,,,,,,金,,,,,,,,,,,,,,,,火,,,,,,,,,,,,,月,,,,
中央区,釣鐘町,1丁目,1番,,,,,,,,,,,,,,,,水土,,,,,,,,,,,,,,,,金,,,,,,,,,,,,,,,,火,,,,,,,,,,,,,,,木,,,,
中央区,釣鐘町,1丁目,2番,,,,,,,,,,,,,,,,水土,,,,,,,,,,,,,,,,金,,,,,,,,,,,,,,,,火,,,,,,,,,,,,,,,木,,,,
中央区,釣鐘町,1丁目,3番,,,,,,,,,,,,,,,,水土,,,,,,,,,,,,,,,,金,,,,,,,,,,,,,,,,火,,,,,,,,,,,,,,,木,,,,
中央区,釣鐘町,1丁目,4番,,,,,,,,,,,,,,,,水土,,,,,,,,,,,,,,,,金,,,,,,,,,,,,,,,,火,,,,,,,,,,,,,,,木,,,,
中央区,釣鐘町,1丁目,5番,,,,,,,,,,,,,,,,水土,,,,,,,,,,,,,,,,金,,,,,,,,,,,,,,,,火,,,,,,,,,,,,,,,木,,,,
中央区,釣鐘町,1丁目,6番,,,,,,,,,,,,,,,,水土,,,,,,,,,,,,,,,,金,,,,,,,,,,,,,,,,火,,,,,,,,,,,,,,,木,,,,
中央区,釣鐘町,2丁目,1番,,,,,,,,,,,,,,,,水土,,,,,,,,,,,,,,,,金,,,,,,,,,,,,,,,,火,,,,,,,,,,,,,,,木,,,,
中央区,釣鐘町,2丁目,2番,,,,,,,,,,,,,,,,水土,,,,,,,,,,,,,,,,金,,,,,,,,,,,,,,,,火,,,,,,,,,,,,,,,木,,,,
中央区,釣鐘町,2丁目,3番,,,,,,,,,,水土,,,,,,,,,,,,,,,,,,,,,,金,,,,,,,,,,,,,,,,火,,,,,,,,,,,,,,,木,,,,
中央区,釣鐘町,2丁目,4番,,,,,,,,,,水土,,,,,,,,,,,,,,,,,,,,,,金,,,,,,,,,,,,,,,,火,,,,,,,,,,,,,,,木,,,,
中央区,天満橋京町,1番,,,,,,,,,,,,,,,,,水土,,,,,,,,,,,,,,,,金,,,,,,,,,,,,,,,,火,,,,,,,,,,,,,,,木,,,,
中央区,天満橋京町,2番,,,,,,,,,,,,,,,,,水土,,,,,,,,,,,,,,,,金,,,,,,,,,,,,,,,,火,,,,,,,,,,,,,,,木,,,,
中央区,天満橋京町,3番,,,,,,,,,,,,,,,,,水土,,,,,,,,,,,,,,,,金,,,,,,,,,,,,,,,,火,,,,,,,,,,,,,,,木,,,,
中央区,道頓堀,1丁目,東1,,,,,,,,月木,,,,,,,,,,,,,,,,,金,,,,,,,,,,,,,,,,火,,,,,,,,,,,,,,,,,,,,,,金,,,,
中央区,道頓堀,1丁目,東2,,,,,,,,月木,,,,,,,,,,,,,,,,,金,,,,,,,,,,,,,,,,火,,,,,,,,,,,,,,,,,,,,,,金,,,,
中央区,道頓堀,1丁目,東3,,,,,,,,月木,,,,,,,,,,,,,,,,,金,,,,,,,,,,,,,,,,火,,,,,,,,,,,,,,,,,,,,,,金,,,,
中央区,道頓堀,1丁目,東4,,,,,,,,月木,,,,,,,,,,,,,,,,,金,,,,,,,,,,,,,,,,火,,,,,,,,,,,,,,,,,,,,,,金,,,,
中央区,道頓堀,1丁目,東5,,,,,,,,月木,,,,,,,,,,,,,,,,,金,,,,,,,,,,,,,,,,火,,,,,,,,,,,,,,,,,,,,,,金,,,,
中央区,道頓堀,1丁目,東6,,,,,,,,月木,,,,,,,,,,,,,,,,,金,,,,,,,,,,,,,,,,火,,,,,,,,,,,,,,,,,,,,,,金,,,,
中央区,道頓堀,1丁目,東7,,,,,,,,月木,,,,,,,,,,,,,,,,,金,,,,,,,,,,,,,,,,火,,,,,,,,,,,,,,,,,,,,,,金,,,,
中央区,道頓堀,2丁目,1番,,,,,,,水土,,,,,,,,,,,,,,,,金,,,,,,,,,,,,,,,,火,,,,,,,,,,,,,,,,金,,,,,,,,,,,,
中央区,道頓堀,2丁目,2番,,,,,,,水土,,,,,,,,,,,,,,,,金,,,,,,,,,,,,,,,,火,,,,,,,,,,,,,,,,金,,,,,,,,,,,,
中央区,道頓堀,2丁目,3番,,,,,,,水土,,,,,,,,,,,,,,,,金,,,,,,,,,,,,,,,,火,,,,,,,,,,,,,,,,金,,,,,,,,,,,,
中央区,道頓堀,2丁目,4番,,,,,,,水土,,,,,,,,,,,,,,,,金,,,,,,,,,,,,,,,,火,,,,,,,,,,,,,,,,金,,,,,,,,,,,,
中央区,東平,1丁目,1番,,,,,,,,,,月木,,,,,,,,,,,,,,,土,,,,,,,,,,,,,,,,水,,,,,,,,,,,,,,金,,,,,,,,,,,,
中央区,東平,1丁目,2番,,,,,,,,,,月木,,,,,,,,,,,,,,,土,,,,,,,,,,,,,,,,水,,,,,,,,,,,,,,金,,,,,,,,,,,,
中央区,東平,1丁目,3番,,,,,,,,,,月木,,,,,,,,,,,,,,,土,,,,,,,,,,,,,,,,水,,,,,,,,,,,,,,金,,,,,,,,,,,,
中央区,東平,1丁目,4番,,,,,,,,,,月木,,,,,,,,,,,,,,,土,,,,,,,,,,,,,,,,水,,,,,,,,,,,,,,金,,,,,,,,,,,,
中央区,東平,2丁目,1番,,,,,,,,,,月木,,,,,,,,,,,,,,,土,,,,,,,,,,,,,,,,水,,,,,,,,,,,,,,金,,,,,,,,,,,,
中央区,東平,2丁目,2番,,,,,,,,,,月木,,,,,,,,,,,,,,,土,,,,,,,,,,,,,,,,水,,,,,,,,,,,,,,金,,,,,,,,,,,,
中央区,東平,2丁目,3番,,,,,,,,,,月木,,,,,,,,,,,,,,,土,,,,,,,,,,,,,,,,水,,,,,,,,,,,,,,金,,,,,,,,,,,,
中央区,東平,2丁目,4番,,,,,,,,,,月木,,,,,,,,,,,,,,,土,,,,,,,,,,,,,,,,水,,,,,,,,,,,,,,金,,,,,,,,,,,,
中央区,東平,2丁目,5番,,,,,,,,,,月木,,,,,,,,,,,,,,,土,,,,,,,,,,,,,,,,水,,,,,,,,,,,,,,金,,,,,,,,,,,,
中央区,常盤町,1丁目,1番,,,,,,,,,,水土,,,,,,,,,,,,,,,,,,,,,,金,,,,,,,,,,,,,,,,火,,,,,,,木,,,,,,,,,,,,
中央区,常盤町,1丁目,2番,,,,,,,,,,水土,,,,,,,,,,,,,,,,,,,,,,金,,,,,,,,,,,,,,,,火,,,,,,,木,,,,,,,,,,,,
中央区,常盤町,1丁目,3番,,,,,,,,,,水土,,,,,,,,,,,,,,,,,,,,,,金,,,,,,,,,,,,,,,,火,,,,,,,木,,,,,,,,,,,,
中央区,常盤町,1丁目,4番,,,,,,,,,,水土,,,,,,,,,,,,,,,,,,,,,,金,,,,,,,,,,,,,,,,火,,,,,,,木,,,,,,,,,,,,
中央区,常盤町,2丁目,1番,,,,,,,,,,水土,,,,,,,,,,,,,,,,,,,,,,金,,,,,,,,,,,,,,,,火,,,,,,,木,,,,,,,,,,,,
中央区,常盤町,2丁目,2番,,,,,,,,,,水土,,,,,,,,,,,,,,,,,,,,,,金,,,,,,,,,,,,,,,,火,,,,,,,木,,,,,,,,,,,,
中央区,常盤町,2丁目,3番,,,,,,,,,,水土,,,,,,,,,,,,,,,,,,,,,,金,,,,,,,,,,,,,,,,火,,,,,,,木,,,,,,,,,,,,
中央区,常盤町,2丁目,4番,,,,,,,,,,水土,,,,,,,,,,,,,,,,,,,,,,金,,,,,,,,,,,,,,,,火,,,,,,,木,,,,,,,,,,,,
中央区,徳井町,1丁目,1番,,,,,,,,,,水土,,,,,,,,,,,,,,,,,,,,,,金,,,,,,,,,,,,,,,,火,,,,,,,木,,,,,,,,,,,,
中央区,徳井町,1丁目,2番,,,,,,,,,,水土,,,,,,,,,,,,,,,,,,,,,,金,,,,,,,,,,,,,,,,火,,,,,,,木,,,,,,,,,,,,
中央区,徳井町,1丁目,3番,,,,,,,,,,水土,,,,,,,,,,,,,,,,,,,,,,金,,,,,,,,,,,,,,,,火,,,,,,,木,,,,,,,,,,,,
中央区,徳井町,1丁目,4番,,,,,,,,,,水土,,,,,,,,,,,,,,,,,,,,,,金,,,,,,,,,,,,,,,,火,,,,,,,木,,,,,,,,,,,,
中央区,徳井町,2丁目,1番,,,,,,,,,,水土,,,,,,,,,,,,,,,,,,,,,,金,,,,,,,,,,,,,,,,火,,,,,,,木,,,,,,,,,,,,
中央区,徳井町,2丁目,2番,,,,,,,,,,水土,,,,,,,,,,,,,,,,,,,,,,金,,,,,,,,,,,,,,,,火,,,,,,,木,,,,,,,,,,,,
中央区,徳井町,2丁目,3番,,,,,,,,,,水土,,,,,,,,,,,,,,,,,,,,,,金,,,,,,,,,,,,,,,,火,,,,,,,木,,,,,,,,,,,,
中央区,徳井町,2丁目,4番,,,,,,,,,,水土,,,,,,,,,,,,,,,,,,,,,,金,,,,,,,,,,,,,,,,火,,,,,,,木,,,,,,,,,,,,
中央区,道修町,1丁目,1番,,,,,,,,,,水土,,,,,,,,,,,,,,,金,,,,,,,,,,,,,,,,火,,,,,,,,,,,,,,,,,,,,,,木,,,,
中央区,道修町,1丁目,2番,,,,,,,,,,水土,,,,,,,,,,,,,,,金,,,,,,,,,,,,,,,,火,,,,,,,,,,,,,,,,,,,,,,木,,,,
中央区,道修町,1丁目,3番,,,,,,,,,,水土,,,,,,,,,,,,,,,金,,,,,,,,,,,,,,,,火,,,,,,,,,,,,,,,,,,,,,,木,,,,
中央区,道修町,1丁目,4番,,,,,,,,,,水土,,,,,,,,,,,,,,,金,,,,,,,,,,,,,,,,火,,,,,,,,,,,,,,,,,,,,,,木,,,,
中央区,道修町,1丁目,5番,,,,,,,,,,水土,,,,,,,,,,,,,,,金,,,,,,,,,,,,,,,,火,,,,,,,,,,,,,,,,,,,,,,木,,,,
中央区,道修町,1丁目,6番,,,,,,,,,,水土,,,,,,,,,,,,,,,金,,,,,,,,,,,,,,,,火,,,,,,,,,,,,,,,,,,,,,,木,,,,
中央区,道修町,1丁目,7番,,,,,,,,,,水土,,,,,,,,,,,,,,,金,,,,,,,,,,,,,,,,火,,,,,,,,,,,,,,,,,,,,,,木,,,,
中央区,道修町,2丁目,1番,,,,,,,,水土,,,,,,,,,,,,,,,,,,,,,,,,木,,,,,,,,,,,,,,,,月,,,,,,,水,,,,,,,,,,,,
中央区,道修町,2丁目,2番,,,,,,,,水土,,,,,,,,,,,,,,,,,,,,,,,,木,,,,,,,,,,,,,,,,月,,,,,,,水,,,,,,,,,,,,
中央区,道修町,2丁目,3番,,,,,,,,水土,,,,,,,,,,,,,,,,,,,,,,,,木,,,,,,,,,,,,,,,,月,,,,,,,水,,,,,,,,,,,,
中央区,道修町,2丁目,4番,,,,,,,,水土,,,,,,,,,,,,,,,,,,,,,,,,木,,,,,,,,,,,,,,,,月,,,,,,,水,,,,,,,,,,,,
中央区,道修町,2丁目,5番,,,,,,,,水土,,,,,,,,,,,,,,,,,,,,,,,,木,,,,,,,,,,,,,,,,月,,,,,,,水,,,,,,,,,,,,
中央区,道修町,2丁目,6番,,,,,,,,水土,,,,,,,,,,,,,,,,,,,,,,,,木,,,,,,,,,,,,,,,,月,,,,,,,水,,,,,,,,,,,,
中央区,道修町,3丁目,1番,,,,,,,,水土,,,,,,,,,,,,,,,,,,,,,,,,木,,,,,,,,,,,,,,,,月,,,,,,,水,,,,,,,,,,,,
中央区,道修町,3丁目,2番,軽四輪車（小さい車）で収集している地域,,,,,,,水土,,,,,,,,,,,,,,,,,,,,,,,,木,,,,,,,,,,,,,,,,月,,,,,,,水,,,,,,,,,,,,
中央区,道修町,3丁目,2番,上記以外,,,,,,,水土,,,,,,,,,,,,,,,,,,,,,,,,木,,,,,,,,,,,,,,,,月,,,,,,,水,,,,,,,,,,,,
中央区,道修町,3丁目,3番,,,,,,,,水土,,,,,,,,,,,,,,,,,,,,,,,,木,,,,,,,,,,,,,,,,月,,,,,,,水,,,,,,,,,,,,
中央区,道修町,3丁目,4番,軽四輪車（小さい車）で収集している地域,,,,,,,水土,,,,,,,,,,,,,,,,,,,,,,,,木,,,,,,,,,,,,,,,,月,,,,,,,水,,,,,,,,,,,,
中央区,道修町,3丁目,4番,上記以外,,,,,,,水土,,,,,,,,,,,,,,,,,,,,,,,,木,,,,,,,,,,,,,,,,月,,,,,,,水,,,,,,,,,,,,
中央区,道修町,3丁目,5番,,,,,,,,水土,,,,,,,,,,,,,,,,,,,,,,,,木,,,,,,,,,,,,,,,,月,,,,,,,水,,,,,,,,,,,,
中央区,道修町,3丁目,6番,,,,,,,,水土,,,,,,,,,,,,,,,,,,,,,,,,木,,,,,,,,,,,,,,,,月,,,,,,,水,,,,,,,,,,,,
中央区,道修町,4丁目,2番,,,,,,,,水土,,,,,,,,,,,,,,,,,,,,,,,,木,,,,,,,,,,,,,,,,月,,,,,,,水,,,,,,,,,,,,
中央区,道修町,4丁目,3番,,,,,,,,水土,,,,,,,,,,,,,,,,,,,,,,,,木,,,,,,,,,,,,,,,,月,,,,,,,水,,,,,,,,,,,,
中央区,道修町,4丁目,4番,,,,,,,,水土,,,,,,,,,,,,,,,,,,,,,,,,木,,,,,,,,,,,,,,,,月,,,,,,,水,,,,,,,,,,,,
中央区,道修町,4丁目,5番,,,,,,,,水土,,,,,,,,,,,,,,,,,,,,,,,,木,,,,,,,,,,,,,,,,月,,,,,,,水,,,,,,,,,,,,
中央区,道修町,4丁目,6番,,,,,,,,水土,,,,,,,,,,,,,,,,,,,,,,,,木,,,,,,,,,,,,,,,,月,,,,,,,水,,,,,,,,,,,,
中央区,道修町,4丁目,7番,,,,,,,,水土,,,,,,,,,,,,,,,,,,,,,,,,木,,,,,,,,,,,,,,,,月,,,,,,,水,,,,,,,,,,,,
中央区,中寺,1丁目,1番,,,,,,,,,,月木,,,,,,,,,,,,,土,,,,,,,,,,,,,,,,水,,,,,,,,,,,,,,,,火,,,,,,,,,,,,
中央区,中寺,1丁目,2番,,,,,,,,,,月木,,,,,,,,,,,,,土,,,,,,,,,,,,,,,,水,,,,,,,,,,,,,,,,火,,,,,,,,,,,,
中央区,中寺,1丁目,3番,,,,,,,,,,月木,,,,,,,,,,,,,土,,,,,,,,,,,,,,,,水,,,,,,,,,,,,,,,,火,,,,,,,,,,,,
中央区,中寺,1丁目,4番,,,,,,,,,,月木,,,,,,,,,,,,,土,,,,,,,,,,,,,,,,水,,,,,,,,,,,,,,,,火,,,,,,,,,,,,
中央区,中寺,2丁目,1番,,,,,,,,,,月木,,,,,,,,,,,,,土,,,,,,,,,,,,,,,,水,,,,,,,,,,,,,,,,火,,,,,,,,,,,,
中央区,中寺,2丁目,2番,,,,,,,,,,月木,,,,,,,,,,,,,土,,,,,,,,,,,,,,,,水,,,,,,,,,,,,,,,,火,,,,,,,,,,,,
中央区,中寺,2丁目,3番,,,,,,,,,,月木,,,,,,,,,,,,,土,,,,,,,,,,,,,,,,水,,,,,,,,,,,,,,,,火,,,,,,,,,,,,
中央区,中寺,2丁目,4番,,,,,,,,,,月木,,,,,,,,,,,,,土,,,,,,,,,,,,,,,,水,,,,,,,,,,,,,,,,火,,,,,,,,,,,,
中央区,難波,1丁目,4番,,,,,,,水土,,,,,,,,,,,,,,,,金,,,,,,,,,,,,,,,,火,,,,,,,,,,,,,,,,金,,,,,,,,,,,,
中央区,難波,1丁目,5番,,,,,,,水土,,,,,,,,,,,,,,,,金,,,,,,,,,,,,,,,,火,,,,,,,,,,,,,,,,金,,,,,,,,,,,,
中央区,難波,1丁目,7番,,,,,,,水土,,,,,,,,,,,,,,,,金,,,,,,,,,,,,,,,,火,,,,,,,,,,,,,,,,金,,,,,,,,,,,,
中央区,難波,1丁目,9番,,,,,,,水土,,,,,,,,,,,,,,,,金,,,,,,,,,,,,,,,,火,,,,,,,,,,,,,,,,金,,,,,,,,,,,,
中央区,難波,2丁目,1番,,,,,,,水土,,,,,,,,,,,,,,,,金,,,,,,,,,,,,,,,,火,,,,,,,,,,,,,,,,金,,,,,,,,,,,,
中央区,難波,2丁目,2番,,,,,,,水土,,,,,,,,,,,,,,,,金,,,,,,,,,,,,,,,,火,,,,,,,,,,,,,,,,金,,,,,,,,,,,,
中央区,難波,2丁目,3番,,,,,,,水土,,,,,,,,,,,,,,,,金,,,,,,,,,,,,,,,,火,,,,,,,,,,,,,,,,金,,,,,,,,,,,,
中央区,難波,2丁目,4番,,,,,,,水土,,,,,,,,,,,,,,,,金,,,,,,,,,,,,,,,,火,,,,,,,,,,,,,,,,金,,,,,,,,,,,,
中央区,難波,2丁目,5番,,,,,,,水土,,,,,,,,,,,,,,,,金,,,,,,,,,,,,,,,,火,,,,,,,,,,,,,,,,金,,,,,,,,,,,,
中央区,難波,3丁目,4番,,,,,,,水土,,,,,,,,,,,,,,,,金,,,,,,,,,,,,,,,,火,,,,,,,,,,,,,,,,金,,,,,,,,,,,,
中央区,難波,3丁目,5番,,,,,,,水土,,,,,,,,,,,,,,,,金,,,,,,,,,,,,,,,,火,,,,,,,,,,,,,,,,金,,,,,,,,,,,,
中央区,難波千日前,1番,,,,,,,,水土,,,,,,,,,,,,,,,,金,,,,,,,,,,,,,,,,火,,,,,,,,,,,,,,,,金,,,,,,,,,,,,
中央区,難波千日前,2番,,,,,,,,水土,,,,,,,,,,,,,,,,金,,,,,,,,,,,,,,,,火,,,,,,,,,,,,,,,,金,,,,,,,,,,,,
中央区,難波千日前,3番,,,,,,,,水土,,,,,,,,,,,,,,,,金,,,,,,,,,,,,,,,,火,,,,,,,,,,,,,,,,金,,,,,,,,,,,,
中央区,難波千日前,4番,,,,,,,,水土,,,,,,,,,,,,,,,,金,,,,,,,,,,,,,,,,火,,,,,,,,,,,,,,,,金,,,,,,,,,,,,
中央区,難波千日前,5番,,,,,,,,水土,,,,,,,,,,,,,,,,金,,,,,,,,,,,,,,,,火,,,,,,,,,,,,,,,,金,,,,,,,,,,,,
中央区,難波千日前,6番,,,,,,,,水土,,,,,,,,,,,,,,,,金,,,,,,,,,,,,,,,,火,,,,,,,,,,,,,,,,金,,,,,,,,,,,,
中央区,難波千日前,7番,,,,,,,,水土,,,,,,,,,,,,,,,,金,,,,,,,,,,,,,,,,火,,,,,,,,,,,,,,,,金,,,,,,,,,,,,
中央区,難波千日前,8番,,,,,,,,水土,,,,,,,,,,,,,,,,金,,,,,,,,,,,,,,,,火,,,,,,,,,,,,,,,,金,,,,,,,,,,,,
中央区,難波千日前,9番,,,,,,,,水土,,,,,,,,,,,,,,,,金,,,,,,,,,,,,,,,,火,,,,,,,,,,,,,,,,金,,,,,,,,,,,,
中央区,難波千日前,13番,,,,,,,,水土,,,,,,,,,,,,,,,,金,,,,,,,,,,,,,,,,火,,,,,,,,,,,,,,,,金,,,,,,,,,,,,
中央区,難波千日前,14番,,,,,,,,水土,,,,,,,,,,,,,,,,金,,,,,,,,,,,,,,,,火,,,,,,,,,,,,,,,,金,,,,,,,,,,,,
中央区,西心斎橋,1丁目,1番,,,,,,,水土,,,,,,,,,,,,,,,,金,,,,,,,,,,,,,,,,火,,,,,,,,,,,,,,,,水,,,,,,,,,,,,
中央区,西心斎橋,1丁目,2番,,,,,,,水土,,,,,,,,,,,,,,,,金,,,,,,,,,,,,,,,,火,,,,,,,,,,,,,,,,水,,,,,,,,,,,,
中央区,西心斎橋,1丁目,3番,,,,,,,水土,,,,,,,,,,,,,,,,金,,,,,,,,,,,,,,,,火,,,,,,,,,,,,,,,,水,,,,,,,,,,,,
中央区,西心斎橋,1丁目,4番,,,,,,,水土,,,,,,,,,,,,,,,,金,,,,,,,,,,,,,,,,火,,,,,,,,,,,,,,,,水,,,,,,,,,,,,
中央区,西心斎橋,1丁目,5番,,,,,,,水土,,,,,,,,,,,,,,,,金,,,,,,,,,,,,,,,,火,,,,,,,,,,,,,,,,水,,,,,,,,,,,,
中央区,西心斎橋,1丁目,6番,,,,,,,水土,,,,,,,,,,,,,,,,金,,,,,,,,,,,,,,,,火,,,,,,,,,,,,,,,,水,,,,,,,,,,,,
中央区,西心斎橋,1丁目,7番,,,,,,,水土,,,,,,,,,,,,,,,,金,,,,,,,,,,,,,,,,火,,,,,,,,,,,,,,,,水,,,,,,,,,,,,
中央区,西心斎橋,1丁目,8番,,,,,,,水土,,,,,,,,,,,,,,,,金,,,,,,,,,,,,,,,,火,,,,,,,,,,,,,,,,水,,,,,,,,,,,,
中央区,西心斎橋,1丁目,9番,,,,,,,水土,,,,,,,,,,,,,,,,金,,,,,,,,,,,,,,,,火,,,,,,,,,,,,,,,,水,,,,,,,,,,,,
中央区,西心斎橋,1丁目,10番,,,,,,,水土,,,,,,,,,,,,,,,,金,,,,,,,,,,,,,,,,火,,,,,,,,,,,,,,,,水,,,,,,,,,,,,
中央区,西心斎橋,1丁目,11番,,,,,,,水土,,,,,,,,,,,,,,,,金,,,,,,,,,,,,,,,,火,,,,,,,,,,,,,,,,水,,,,,,,,,,,,
中央区,西心斎橋,1丁目,12番,,,,,,,水土,,,,,,,,,,,,,,,,金,,,,,,,,,,,,,,,,火,,,,,,,,,,,,,,,,水,,,,,,,,,,,,
中央区,西心斎橋,1丁目,13番,,,,,,,水土,,,,,,,,,,,,,,,,金,,,,,,,,,,,,,,,,火,,,,,,,,,,,,,,,,水,,,,,,,,,,,,
中央区,西心斎橋,1丁目,14番,,,,,,,水土,,,,,,,,,,,,,,,,金,,,,,,,,,,,,,,,,火,,,,,,,,,,,,,,,,水,,,,,,,,,,,,
中央区,西心斎橋,1丁目,15番,,,,,,,水土,,,,,,,,,,,,,,,,金,,,,,,,,,,,,,,,,火,,,,,,,,,,,,,,,,水,,,,,,,,,,,,
中央区,西心斎橋,1丁目,16番,,,,,,,水土,,,,,,,,,,,,,,,,金,,,,,,,,,,,,,,,,火,,,,,,,,,,,,,,,,水,,,,,,,,,,,,
中央区,西心斎橋,2丁目,1番,,,,,,,水土,,,,,,,,,,,,,,,,金,,,,,,,,,,,,,,,,火,,,,,,,,,,,,,,,,水,,,,,,,,,,,,
中央区,西心斎橋,2丁目,2番,,,,,,,水土,,,,,,,,,,,,,,,,金,,,,,,,,,,,,,,,,火,,,,,,,,,,,,,,,,水,,,,,,,,,,,,
中央区,西心斎橋,2丁目,3番,,,,,,,水土,,,,,,,,,,,,,,,,金,,,,,,,,,,,,,,,,火,,,,,,,,,,,,,,,,水,,,,,,,,,,,,
中央区,西心斎橋,2丁目,4番,,,,,,,水土,,,,,,,,,,,,,,,,金,,,,,,,,,,,,,,,,火,,,,,,,,,,,,,,,,水,,,,,,,,,,,,
中央区,西心斎橋,2丁目,5番,,,,,,,水土,,,,,,,,,,,,,,,,金,,,,,,,,,,,,,,,,火,,,,,,,,,,,,,,,,水,,,,,,,,,,,,
中央区,西心斎橋,2丁目,6番,,,,,,,水土,,,,,,,,,,,,,,,,金,,,,,,,,,,,,,,,,火,,,,,,,,,,,,,,,,水,,,,,,,,,,,,
中央区,西心斎橋,2丁目,7番,,,,,,,水土,,,,,,,,,,,,,,,,金,,,,,,,,,,,,,,,,火,,,,,,,,,,,,,,,,水,,,,,,,,,,,,
中央区,西心斎橋,2丁目,8番,,,,,,,水土,,,,,,,,,,,,,,,,金,,,,,,,,,,,,,,,,火,,,,,,,,,,,,,,,,水,,,,,,,,,,,,
中央区,西心斎橋,2丁目,9番,エステムエグゼ心斎橋,,,,,,水土,,,,,,,,,,,,,,,,金,,,,,,,,,,,,,,,,火,,,,,,,,,,,,,,,,木,,,,,,,,,,,,
中央区,西心斎橋,2丁目,9番,上記以外,,,,,,水土,,,,,,,,,,,,,,,,金,,,,,,,,,,,,,,,,火,,,,,,,,,,,,,,,,水,,,,,,,,,,,,
中央区,西心斎橋,2丁目,10番,クリスタルエグゼ心斎橋,,,,,,水土,,,,,,,,,,,,,,,,金,,,,,,,,,,,,,,,,火,,,,,,,,,,,,,,,,木,,,,,,,,,,,,
中央区,西心斎橋,2丁目,10番,上記以外,,,,,,水土,,,,,,,,,,,,,,,,金,,,,,,,,,,,,,,,,火,,,,,,,,,,,,,,,,水,,,,,,,,,,,,
中央区,西心斎橋,2丁目,11番,,,,,,,水土,,,,,,,,,,,,,,,,金,,,,,,,,,,,,,,,,火,,,,,,,,,,,,,,,,水,,,,,,,,,,,,
中央区,西心斎橋,2丁目,12番,,,,,,,水土,,,,,,,,,,,,,,,,金,,,,,,,,,,,,,,,,火,,,,,,,,,,,,,,,,水,,,,,,,,,,,,
中央区,西心斎橋,2丁目,13番,,,,,,,水土,,,,,,,,,,,,,,,,金,,,,,,,,,,,,,,,,火,,,,,,,,,,,,,,,,水,,,,,,,,,,,,
中央区,西心斎橋,2丁目,14番,,,,,,,水土,,,,,,,,,,,,,,,,金,,,,,,,,,,,,,,,,火,,,,,,,,,,,,,,,,水,,,,,,,,,,,,
中央区,西心斎橋,2丁目,15番,,,,,,,水土,,,,,,,,,,,,,,,,金,,,,,,,,,,,,,,,,火,,,,,,,,,,,,,,,,水,,,,,,,,,,,,
中央区,西心斎橋,2丁目,16番,,,,,,,水土,,,,,,,,,,,,,,,,金,,,,,,,,,,,,,,,,火,,,,,,,,,,,,,,,,水,,,,,,,,,,,,
中央区,西心斎橋,2丁目,17番,,,,,,,水土,,,,,,,,,,,,,,,,金,,,,,,,,,,,,,,,,火,,,,,,,,,,,,,,,,水,,,,,,,,,,,,
中央区,西心斎橋,2丁目,18番,,,,,,,水土,,,,,,,,,,,,,,,,金,,,,,,,,,,,,,,,,火,,,,,,,,,,,,,,,,水,,,,,,,,,,,,
中央区,日本橋,1丁目,1番,,,,,,,,月木,,,,,,,,,,,,,,,,,金,,,,,,,,,,,,,,,,火,,,,,,,,,,,,,,,,,,,,,,金,,,,
中央区,日本橋,1丁目,2番,,,,,,,水土,,,,,,,,,,,,,,,,金,,,,,,,,,,,,,,,,火,,,,,,,,,,,,,,,,,,,,,,,,金,,,,
中央区,日本橋,1丁目,3番,,,,,,,水土,,,,,,,,,,,,,,,,金,,,,,,,,,,,,,,,,火,,,,,,,,,,,,,,,,,,,,,,,,金,,,,
中央区,日本橋,1丁目,4番,,,,,,,,月木,,,,,,,,,,,,,,,,,金,,,,,,,,,,,,,,,,火,,,,,,,,,,,,,,,,,,,,,,金,,,,
中央区,日本橋,1丁目,5番,,,,,,,,月木,,,,,,,,,,,,,,,,,金,,,,,,,,,,,,,,,,火,,,,,,,,,,,,,,,,,,,,,,金,,,,
中央区,日本橋,1丁目,6番,,,,,,,,月木,,,,,,,,,,,,,,,,,金,,,,,,,,,,,,,,,,火,,,,,,,,,,,,,,,,,,,,,,金,,,,
中央区,日本橋,1丁目,7番,,,,,,,,月木,,,,,,,,,,,,,,,,,金,,,,,,,,,,,,,,,,火,,,,,,,,,,,,,,,,,,,,,,金,,,,
中央区,日本橋,1丁目,8番,,,,,,,,月木,,,,,,,,,,,,,,,,,金,,,,,,,,,,,,,,,,火,,,,,,,,,,,,,,,,,,,,,,金,,,,
中央区,日本橋,1丁目,9番,,,,,,,,月木,,,,,,,,,,,,,,,,,金,,,,,,,,,,,,,,,,火,,,,,,,,,,,,,,,,,,,,,,金,,,,
中央区,日本橋,1丁目,10番,,,,,,,,月木,,,,,,,,,,,,,,,,,金,,,,,,,,,,,,,,,,火,,,,,,,,,,,,,,,,,,,,,,金,,,,
中央区,日本橋,1丁目,11番,,,,,,,,月木,,,,,,,,,,,,,,,,,金,,,,,,,,,,,,,,,,火,,,,,,,,,,,,,,,,,,,,,,金,,,,
中央区,日本橋,1丁目,12番,,,,,,,,月木,,,,,,,,,,,,,,,,,金,,,,,,,,,,,,,,,,火,,,,,,,,,,,,,,,,,,,,,,金,,,,
中央区,日本橋,1丁目,13番,,,,,,,水土,,,,,,,,,,,,,,,,金,,,,,,,,,,,,,,,,火,,,,,,,,,,,,,,,,金,,,,,,,,,,,,
中央区,日本橋,1丁目,14番,,,,,,,水土,,,,,,,,,,,,,,,,金,,,,,,,,,,,,,,,,火,,,,,,,,,,,,,,,,金,,,,,,,,,,,,
中央区,日本橋,1丁目,15番,,,,,,,水土,,,,,,,,,,,,,,,,金,,,,,,,,,,,,,,,,火,,,,,,,,,,,,,,,,金,,,,,,,,,,,,
中央区,日本橋,1丁目,16番,,,,,,,水土,,,,,,,,,,,,,,,,金,,,,,,,,,,,,,,,,火,,,,,,,,,,,,,,,,金,,,,,,,,,,,,
中央区,日本橋,1丁目,17番,,,,,,,水土,,,,,,,,,,,,,,,,金,,,,,,,,,,,,,,,,火,,,,,,,,,,,,,,,,金,,,,,,,,,,,,
中央区,日本橋,1丁目,19番,,,,,,,水土,,,,,,,,,,,,,,,,金,,,,,,,,,,,,,,,,火,,,,,,,,,,,,,,,,金,,,,,,,,,,,,
中央区,日本橋,1丁目,20番,,,,,,,水土,,,,,,,,,,,,,,,,金,,,,,,,,,,,,,,,,火,,,,,,,,,,,,,,,,金,,,,,,,,,,,,
中央区,日本橋,1丁目,21番,,,,,,,水土,,,,,,,,,,,,,,,,金,,,,,,,,,,,,,,,,火,,,,,,,,,,,,,,,,金,,,,,,,,,,,,
中央区,日本橋,1丁目,22番,,,,,,,水土,,,,,,,,,,,,,,,,金,,,,,,,,,,,,,,,,火,,,,,,,,,,,,,,,,金,,,,,,,,,,,,
中央区,日本橋,1丁目,23番,,,,,,,水土,,,,,,,,,,,,,,,,金,,,,,,,,,,,,,,,,火,,,,,,,,,,,,,,,,金,,,,,,,,,,,,
中央区,日本橋,1丁目,24番,,,,,,,水土,,,,,,,,,,,,,,,,金,,,,,,,,,,,,,,,,火,,,,,,,,,,,,,,,,金,,,,,,,,,,,,
中央区,日本橋,1丁目,25番,,,,,,,水土,,,,,,,,,,,,,,,,金,,,,,,,,,,,,,,,,火,,,,,,,,,,,,,,,,金,,,,,,,,,,,,
中央区,日本橋,2丁目,1番,,,,,,,水土,,,,,,,,,,,,,,,,金,,,,,,,,,,,,,,,,火,,,,,,,,,,,,,,,,金,,,,,,,,,,,,
中央区,日本橋,2丁目,2番,,,,,,,水土,,,,,,,,,,,,,,,,金,,,,,,,,,,,,,,,,火,,,,,,,,,,,,,,,,金,,,,,,,,,,,,
中央区,日本橋,2丁目,3番,,,,,,,水土,,,,,,,,,,,,,,,,金,,,,,,,,,,,,,,,,火,,,,,,,,,,,,,,,,金,,,,,,,,,,,,
中央区,日本橋,2丁目,4番,,,,,,,水土,,,,,,,,,,,,,,,,金,,,,,,,,,,,,,,,,火,,,,,,,,,,,,,,,,金,,,,,,,,,,,,
中央区,日本橋,2丁目,5番,,,,,,,水土,,,,,,,,,,,,,,,,金,,,,,,,,,,,,,,,,火,,,,,,,,,,,,,,,,金,,,,,,,,,,,,
中央区,日本橋,2丁目,6番,,,,,,,水土,,,,,,,,,,,,,,,,金,,,,,,,,,,,,,,,,火,,,,,,,,,,,,,,,,金,,,,,,,,,,,,
中央区,日本橋,2丁目,7番,,,,,,,水土,,,,,,,,,,,,,,,,金,,,,,,,,,,,,,,,,火,,,,,,,,,,,,,,,,金,,,,,,,,,,,,
中央区,日本橋,2丁目,8番,,,,,,,水土,,,,,,,,,,,,,,,,金,,,,,,,,,,,,,,,,火,,,,,,,,,,,,,,,,金,,,,,,,,,,,,
中央区,日本橋,2丁目,9番,,,,,,,水土,,,,,,,,,,,,,,,,金,,,,,,,,,,,,,,,,火,,,,,,,,,,,,,,,,金,,,,,,,,,,,,
中央区,日本橋,2丁目,10番,,,,,,,水土,,,,,,,,,,,,,,,,金,,,,,,,,,,,,,,,,火,,,,,,,,,,,,,,,,金,,,,,,,,,,,,
中央区,日本橋,2丁目,11番,,,,,,,水土,,,,,,,,,,,,,,,,金,,,,,,,,,,,,,,,,火,,,,,,,,,,,,,,,,金,,,,,,,,,,,,
中央区,日本橋,2丁目,12番,,,,,,,水土,,,,,,,,,,,,,,,,金,,,,,,,,,,,,,,,,火,,,,,,,,,,,,,,,,金,,,,,,,,,,,,
中央区,日本橋,2丁目,13番,,,,,,,水土,,,,,,,,,,,,,,,,金,,,,,,,,,,,,,,,,火,,,,,,,,,,,,,,,,金,,,,,,,,,,,,
中央区,日本橋,2丁目,14番,,,,,,,水土,,,,,,,,,,,,,,,,金,,,,,,,,,,,,,,,,火,,,,,,,,,,,,,,,,金,,,,,,,,,,,,
中央区,日本橋,2丁目,15番,,,,,,,水土,,,,,,,,,,,,,,,,金,,,,,,,,,,,,,,,,火,,,,,,,,,,,,,,,,金,,,,,,,,,,,,
中央区,日本橋,2丁目,16番,,,,,,,水土,,,,,,,,,,,,,,,,金,,,,,,,,,,,,,,,,火,,,,,,,,,,,,,,,,金,,,,,,,,,,,,
中央区,日本橋,2丁目,17番,,,,,,,水土,,,,,,,,,,,,,,,,金,,,,,,,,,,,,,,,,火,,,,,,,,,,,,,,,,金,,,,,,,,,,,,
中央区,日本橋,2丁目,18番,,,,,,,水土,,,,,,,,,,,,,,,,金,,,,,,,,,,,,,,,,火,,,,,,,,,,,,,,,,金,,,,,,,,,,,,
中央区,日本橋,2丁目,19番,,,,,,,水土,,,,,,,,,,,,,,,,金,,,,,,,,,,,,,,,,火,,,,,,,,,,,,,,,,金,,,,,,,,,,,,
中央区,日本橋,2丁目,20番,,,,,,,水土,,,,,,,,,,,,,,,,金,,,,,,,,,,,,,,,,火,,,,,,,,,,,,,,,,金,,,,,,,,,,,,
中央区,日本橋,2丁目,21番,,,,,,,水土,,,,,,,,,,,,,,,,金,,,,,,,,,,,,,,,,火,,,,,,,,,,,,,,,,金,,,,,,,,,,,,
中央区,農人橋,1丁目,1番,アップルタワー大阪谷町,,,,,,,火金,,,,,,,,,,,,,,,,,,,,,,,,,,土,,,,,,,,,,,,,,,,水,,,,,火,,,,,,,,,,,,
中央区,農人橋,1丁目,1番,上記以外,,,,,,,火金,,,,,,,,,,,,,,,,,,,,,,,,,,土,,,,,,,,,,,,,,,,水,,,,,,,,,,,,,火,,,,
中央区,農人橋,1丁目,2番,,,,,,,,火金,,,,,,,,,,,,,,,,,,,,,,,,,,土,,,,,,,,,,,,,,,,水,,,,,,,,,,,,,火,,,,
中央区,農人橋,1丁目,3番,,,,,,,,火金,,,,,,,,,,,,,,,,,,,,,,,,,,土,,,,,,,,,,,,,,,,水,,,,,,,,,,,,,火,,,,
中央区,農人橋,1丁目,4番,,,,,,,,火金,,,,,,,,,,,,,,,,,,,,,,,,,,土,,,,,,,,,,,,,,,,水,,,,,,,,,,,,,火,,,,
中央区,農人橋,2丁目,1番,,,,,,,,火金,,,,,,,,,,,,,,,,,,,,,,,,,,土,,,,,,,,,,,,,,,,水,,,,,,,,,,,,,火,,,,
中央区,農人橋,2丁目,2番,,,,,,,,火金,,,,,,,,,,,,,,,,,,,,,,,,,,土,,,,,,,,,,,,,,,,水,,,,,,,,,,,,,火,,,,
中央区,農人橋,2丁目,3番,,,,,,,,火金,,,,,,,,,,,,,,,,,,,,,,,,,,土,,,,,,,,,,,,,,,,水,,,,,,,,,,,,,火,,,,
中央区,農人橋,2丁目,4番,,,,,,,,火金,,,,,,,,,,,,,,,,,,,,,,,,,,土,,,,,,,,,,,,,,,,水,,,,,火,,,,,,,,,,,,
中央区,農人橋,3丁目,1番,,,,,,,,月木,,,,,,,,,,,,,,,,,,,,,,,,土,,,,,,,,,,,,,,,,水,,,,,,,火,,,,,,,,,,,,
中央区,農人橋,3丁目,2番,,,,,,,,月木,,,,,,,,,,,,,,,,,,,,,,,,土,,,,,,,,,,,,,,,,水,,,,,,,火,,,,,,,,,,,,
中央区,博労町,1丁目,1番,,,,,,,,月木,,,,,,,,,,,,,,,,,金,,,,,,,,,,,,,,,,火,,,,,,,,,,,,,,,,,,,,,,金,,,,
中央区,博労町,1丁目,2番,,,,,,,,月木,,,,,,,,,,,,,,,,,金,,,,,,,,,,,,,,,,火,,,,,,,,,,,,,,,,,,,,,,金,,,,
中央区,博労町,1丁目,3番,,,,,,,,月木,,,,,,,,,,,,,,,,,金,,,,,,,,,,,,,,,,火,,,,,,,,,,,,,,,,,,,,,,金,,,,
中央区,博労町,1丁目,4番,,,,,,,,月木,,,,,,,,,,,,,,,,,金,,,,,,,,,,,,,,,,火,,,,,,,,,,,,,,,,,,,,,,金,,,,
中央区,博労町,1丁目,5番,,,,,,,,月木,,,,,,,,,,,,,,,,,金,,,,,,,,,,,,,,,,火,,,,,,,,,,,,,,,,,,,,,,金,,,,
中央区,博労町,1丁目,6番,,,,,,,,月木,,,,,,,,,,,,,,,,,金,,,,,,,,,,,,,,,,火,,,,,,,,,,,,,,,,,,,,,,金,,,,
中央区,博労町,1丁目,7番,,,,,,,,月木,,,,,,,,,,,,,,,,,金,,,,,,,,,,,,,,,,火,,,,,,,,,,,,,,,,,,,,,,金,,,,
中央区,博労町,1丁目,8番,,,,,,,,月木,,,,,,,,,,,,,,,,,金,,,,,,,,,,,,,,,,火,,,,,,,,,,,,,,,,,,,,,,金,,,,
中央区,博労町,1丁目,9番,,,,,,,,月木,,,,,,,,,,,,,,,,,金,,,,,,,,,,,,,,,,火,,,,,,,,,,,,,,,,,,,,,,金,,,,
中央区,博労町,2丁目,1番,,,,,,,水土,,,,,,,,,,,,,,,,金,,,,,,,,,,,,,,,,火,,,,,,,,,,,,,,,,木,,,,,,,,,,,,
中央区,博労町,2丁目,2番,,,,,,,水土,,,,,,,,,,,,,,,,金,,,,,,,,,,,,,,,,火,,,,,,,,,,,,,,,,木,,,,,,,,,,,,
中央区,博労町,2丁目,3番,,,,,,,水土,,,,,,,,,,,,,,,,金,,,,,,,,,,,,,,,,火,,,,,,,,,,,,,,,,木,,,,,,,,,,,,
中央区,博労町,2丁目,4番,,,,,,,水土,,,,,,,,,,,,,,,,金,,,,,,,,,,,,,,,,火,,,,,,,,,,,,,,,,木,,,,,,,,,,,,
中央区,博労町,2丁目,5番,,,,,,,水土,,,,,,,,,,,,,,,,金,,,,,,,,,,,,,,,,火,,,,,,,,,,,,,,,,木,,,,,,,,,,,,
中央区,博労町,2丁目,6番,,,,,,,水土,,,,,,,,,,,,,,,,金,,,,,,,,,,,,,,,,火,,,,,,,,,,,,,,,,木,,,,,,,,,,,,
中央区,博労町,3丁目,1番,,,,,,,水土,,,,,,,,,,,,,,,,金,,,,,,,,,,,,,,,,火,,,,,,,,,,,,,,,,木,,,,,,,,,,,,
中央区,博労町,3丁目,2番,,,,,,,水土,,,,,,,,,,,,,,,,金,,,,,,,,,,,,,,,,火,,,,,,,,,,,,,,,,木,,,,,,,,,,,,
中央区,博労町,3丁目,3番,,,,,,,水土,,,,,,,,,,,,,,,,金,,,,,,,,,,,,,,,,火,,,,,,,,,,,,,,,,木,,,,,,,,,,,,
中央区,博労町,3丁目,4番,,,,,,,水土,,,,,,,,,,,,,,,,金,,,,,,,,,,,,,,,,火,,,,,,,,,,,,,,,,木,,,,,,,,,,,,
中央区,博労町,3丁目,5番,,,,,,,水土,,,,,,,,,,,,,,,,金,,,,,,,,,,,,,,,,火,,,,,,,,,,,,,,,,木,,,,,,,,,,,,
中央区,博労町,3丁目,6番,,,,,,,水土,,,,,,,,,,,,,,,,金,,,,,,,,,,,,,,,,火,,,,,,,,,,,,,,,,木,,,,,,,,,,,,
中央区,博労町,4丁目,1番,,,,,,,水土,,,,,,,,,,,,,,,,金,,,,,,,,,,,,,,,,火,,,,,,,,,,,,,,,,水,,,,,,,,,,,,
中央区,博労町,4丁目,4番,,,,,,,水土,,,,,,,,,,,,,,,,金,,,,,,,,,,,,,,,,火,,,,,,,,,,,,,,,,水,,,,,,,,,,,,
中央区,博労町,4丁目,5番,,,,,,,水土,,,,,,,,,,,,,,,,金,,,,,,,,,,,,,,,,火,,,,,,,,,,,,,,,,水,,,,,,,,,,,,
中央区,博労町,4丁目,6番,,,,,,,水土,,,,,,,,,,,,,,,,金,,,,,,,,,,,,,,,,火,,,,,,,,,,,,,,,,水,,,,,,,,,,,,
中央区,博労町,4丁目,7番,,,,,,,水土,,,,,,,,,,,,,,,,金,,,,,,,,,,,,,,,,火,,,,,,,,,,,,,,,,水,,,,,,,,,,,,
中央区,馬場町,1番,,,,,,,,,,,,,,,,,,,月木,,,,,,,,,,,,,,,,金,,,,,,,,,,,,,,,,火,,,,,,,,,,,,,月,,,,
中央区,馬場町,2番,,,,,,,,,,,,,,,,,,,月木,,,,,,,,,,,,,,,,金,,,,,,,,,,,,,,,,火,,,,,,,,,,,,,月,,,,
中央区,東高麗橋,1番,,,,,,,,,,,水土,,,,,,,,,,,,,,,金,,,,,,,,,,,,,,,,火,,,,,,,,,,,,,,木,,,,,,,,,,,,
中央区,東高麗橋,2番,,,,,,,,,,水土,,,,,,,,,,,,,,,,金,,,,,,,,,,,,,,,,火,,,,,,,,,,,,,,木,,,,,,,,,,,,
中央区,東高麗橋,3番,,,,,,,,,,水土,,,,,,,,,,,,,,,,金,,,,,,,,,,,,,,,,火,,,,,,,,,,,,,,木,,,,,,,,,,,,
中央区,東高麗橋,4番,,,,,,,,,,水土,,,,,,,,,,,,,,,,金,,,,,,,,,,,,,,,,火,,,,,,,,,,,,,,木,,,,,,,,,,,,
中央区,東高麗橋,5番,,,,,,,,,,水土,,,,,,,,,,,,,,,,金,,,,,,,,,,,,,,,,火,,,,,,,,,,,,,,木,,,,,,,,,,,,
中央区,東高麗橋,6番,,,,,,,,,,水土,,,,,,,,,,,,,,,,金,,,,,,,,,,,,,,,,火,,,,,,,,,,,,,,木,,,,,,,,,,,,
中央区,東心斎橋,1丁目,1番,,,,,,,水土,,,,,,,,,,,,,,,,金,,,,,,,,,,,,,,,,火,,,,,,,,,,,,,,,,水,,,,,,,,,,,,
中央区,東心斎橋,1丁目,2番,ブランズタワーウェリス心斎橋NORTH,,,,,,,水土,,,,,,,,,,,,,,,金,,,,,,,,,,,,,,,,火,,,,,,,,,,,,,,,,,,,,,,,,,,,,
中央区,東心斎橋,1丁目,2番,上記以外,,,,,,水土,,,,,,,,,,,,,,,,金,,,,,,,,,,,,,,,,火,,,,,,,,,,,,,,,,水,,,,,,,,,,,,
中央区,東心斎橋,1丁目,3番,ブランズタワーウェリス心斎橋SOUTH,,,,,,,水土,,,,,,,,,,,,,,,金,,,,,,,,,,,,,,,,火,,,,,,,,,,,,,,,,,,,,,,,,,,,,
中央区,東心斎橋,1丁目,3番,上記以外,,,,,,水土,,,,,,,,,,,,,,,,金,,,,,,,,,,,,,,,,火,,,,,,,,,,,,,,,,水,,,,,,,,,,,,
中央区,東心斎橋,1丁目,4番,,,,,,,水土,,,,,,,,,,,,,,,,金,,,,,,,,,,,,,,,,火,,,,,,,,,,,,,,,,水,,,,,,,,,,,,
中央区,東心斎橋,1丁目,5番,,,,,,,水土,,,,,,,,,,,,,,,,金,,,,,,,,,,,,,,,,火,,,,,,,,,,,,,,,,水,,,,,,,,,,,,
中央区,東心斎橋,1丁目,6番,,,,,,,水土,,,,,,,,,,,,,,,,金,,,,,,,,,,,,,,,,火,,,,,,,,,,,,,,,,水,,,,,,,,,,,,
中央区,東心斎橋,1丁目,7番,,,,,,,水土,,,,,,,,,,,,,,,,金,,,,,,,,,,,,,,,,火,,,,,,,,,,,,,,,,水,,,,,,,,,,,,
中央区,東心斎橋,1丁目,8番,アルグラッド･ザ･タワー心斎橋,,,,,,水土,,,,,,,,,,,,,,,,金,,,,,,,,,,,,,,,,火,,,,,,,,,,,,,,,,木,,,,,,,,,,,,
中央区,東心斎橋,1丁目,8番,上記以外,,,,,,水土,,,,,,,,,,,,,,,,金,,,,,,,,,,,,,,,,火,,,,,,,,,,,,,,,,水,,,,,,,,,,,,
中央区,東心斎橋,1丁目,9番,,,,,,,水土,,,,,,,,,,,,,,,,金,,,,,,,,,,,,,,,,火,,,,,,,,,,,,,,,,水,,,,,,,,,,,,
中央区,東心斎橋,1丁目,10番,,,,,,,水土,,,,,,,,,,,,,,,,金,,,,,,,,,,,,,,,,火,,,,,,,,,,,,,,,,水,,,,,,,,,,,,
中央区,東心斎橋,1丁目,11番,,,,,,,水土,,,,,,,,,,,,,,,,金,,,,,,,,,,,,,,,,火,,,,,,,,,,,,,,,,水,,,,,,,,,,,,
中央区,東心斎橋,1丁目,12番,,,,,,,水土,,,,,,,,,,,,,,,,金,,,,,,,,,,,,,,,,火,,,,,,,,,,,,,,,,水,,,,,,,,,,,,
中央区,東心斎橋,1丁目,13番,アーバンエース東心斎橋パル,,,,,,水土,,,,,,,,,,,,,,,,金,,,,,,,,,,,,,,,,火,,,,,,,,,,,,,,,,木,,,,,,,,,,,,
中央区,東心斎橋,1丁目,13番,上記以外,,,,,,水土,,,,,,,,,,,,,,,,金,,,,,,,,,,,,,,,,火,,,,,,,,,,,,,,,,水,,,,,,,,,,,,
中央区,東心斎橋,1丁目,14番,,,,,,,水土,,,,,,,,,,,,,,,,金,,,,,,,,,,,,,,,,火,,,,,,,,,,,,,,,,水,,,,,,,,,,,,
中央区,東心斎橋,1丁目,15番,,,,,,,水土,,,,,,,,,,,,,,,,金,,,,,,,,,,,,,,,,火,,,,,,,,,,,,,,,,水,,,,,,,,,,,,
中央区,東心斎橋,1丁目,16番,,,,,,,水土,,,,,,,,,,,,,,,,金,,,,,,,,,,,,,,,,火,,,,,,,,,,,,,,,,水,,,,,,,,,,,,
中央区,東心斎橋,1丁目,17番,,,,,,,水土,,,,,,,,,,,,,,,,金,,,,,,,,,,,,,,,,火,,,,,,,,,,,,,,,,水,,,,,,,,,,,,
中央区,東心斎橋,1丁目,18番,,,,,,,水土,,,,,,,,,,,,,,,,金,,,,,,,,,,,,,,,,火,,,,,,,,,,,,,,,,水,,,,,,,,,,,,
中央区,東心斎橋,1丁目,19番,,,,,,,水土,,,,,,,,,,,,,,,,金,,,,,,,,,,,,,,,,火,,,,,,,,,,,,,,,,水,,,,,,,,,,,,
中央区,東心斎橋,1丁目,20番,,,,,,,水土,,,,,,,,,,,,,,,,金,,,,,,,,,,,,,,,,火,,,,,,,,,,,,,,,,水,,,,,,,,,,,,
中央区,東心斎橋,2丁目,1番,,,,,,,水土,,,,,,,,,,,,,,,,金,,,,,,,,,,,,,,,,火,,,,,,,,,,,,,,,,水,,,,,,,,,,,,
中央区,東心斎橋,2丁目,2番,,,,,,,水土,,,,,,,,,,,,,,,,金,,,,,,,,,,,,,,,,火,,,,,,,,,,,,,,,,水,,,,,,,,,,,,
中央区,東心斎橋,2丁目,4番,,,,,,,水土,,,,,,,,,,,,,,,,金,,,,,,,,,,,,,,,,火,,,,,,,,,,,,,,,,水,,,,,,,,,,,,
中央区,東心斎橋,2丁目,5番,,,,,,,水土,,,,,,,,,,,,,,,,金,,,,,,,,,,,,,,,,火,,,,,,,,,,,,,,,,水,,,,,,,,,,,,
中央区,東心斎橋,2丁目,6番,,,,,,,水土,,,,,,,,,,,,,,,,金,,,,,,,,,,,,,,,,火,,,,,,,,,,,,,,,,水,,,,,,,,,,,,
中央区,東心斎橋,2丁目,7番,,,,,,,水土,,,,,,,,,,,,,,,,金,,,,,,,,,,,,,,,,火,,,,,,,,,,,,,,,,水,,,,,,,,,,,,
中央区,東心斎橋,2丁目,8番,,,,,,,水土,,,,,,,,,,,,,,,,金,,,,,,,,,,,,,,,,火,,,,,,,,,,,,,,,,水,,,,,,,,,,,,
中央区,平野町,1丁目,1番,,,,,,,,,,水土,,,,,,,,,,,,,,,金,,,,,,,,,,,,,,,,火,,,,,,,,,,,,,,,,,,,,,,木,,,,
中央区,平野町,1丁目,2番,,,,,,,,,,水土,,,,,,,,,,,,,,,金,,,,,,,,,,,,,,,,火,,,,,,,,,,,,,,,,,,,,,,木,,,,
中央区,平野町,1丁目,3番,,,,,,,,,,水土,,,,,,,,,,,,,,,金,,,,,,,,,,,,,,,,火,,,,,,,,,,,,,,,,,,,,,,木,,,,
中央区,平野町,1丁目,4番,,,,,,,,,,水土,,,,,,,,,,,,,,,金,,,,,,,,,,,,,,,,火,,,,,,,,,,,,,,,,,,,,,,木,,,,
中央区,平野町,1丁目,5番,,,,,,,,,,水土,,,,,,,,,,,,,,,金,,,,,,,,,,,,,,,,火,,,,,,,,,,,,,,,,,,,,,,木,,,,
中央区,平野町,1丁目,6番,,,,,,,,,,水土,,,,,,,,,,,,,,,金,,,,,,,,,,,,,,,,火,,,,,,,,,,,,,,,,,,,,,,木,,,,
中央区,平野町,1丁目,7番,,,,,,,,,,水土,,,,,,,,,,,,,,,金,,,,,,,,,,,,,,,,火,,,,,,,,,,,,,,,,,,,,,,木,,,,
中央区,平野町,1丁目,8番,,,,,,,,,,水土,,,,,,,,,,,,,,,金,,,,,,,,,,,,,,,,火,,,,,,,,,,,,,,,,,,,,,,木,,,,
中央区,平野町,2丁目,1番,,,,,,,,水土,,,,,,,,,,,,,,,,,,,,,,,,木,,,,,,,,,,,,,,,,月,,,,,,,水,,,,,,,,,,,,
中央区,平野町,2丁目,2番,,,,,,,,水土,,,,,,,,,,,,,,,,,,,,,,,,木,,,,,,,,,,,,,,,,月,,,,,,,水,,,,,,,,,,,,
中央区,平野町,2丁目,3番,,,,,,,,水土,,,,,,,,,,,,,,,,,,,,,,,,木,,,,,,,,,,,,,,,,月,,,,,,,水,,,,,,,,,,,,
中央区,平野町,2丁目,4番,,,,,,,,水土,,,,,,,,,,,,,,,,,,,,,,,,木,,,,,,,,,,,,,,,,月,,,,,,,水,,,,,,,,,,,,
中央区,平野町,2丁目,5番,,,,,,,,水土,,,,,,,,,,,,,,,,,,,,,,,,木,,,,,,,,,,,,,,,,月,,,,,,,水,,,,,,,,,,,,
中央区,平野町,2丁目,6番,,,,,,,,水土,,,,,,,,,,,,,,,,,,,,,,,,木,,,,,,,,,,,,,,,,月,,,,,,,水,,,,,,,,,,,,
中央区,平野町,3丁目,1番,,,,,,,,水土,,,,,,,,,,,,,,,,,,,,,,,,木,,,,,,,,,,,,,,,,月,,,,,,,水,,,,,,,,,,,,
中央区,平野町,3丁目,2番,,,,,,,,水土,,,,,,,,,,,,,,,,,,,,,,,,木,,,,,,,,,,,,,,,,月,,,,,,,水,,,,,,,,,,,,
中央区,平野町,3丁目,3番,,,,,,,,水土,,,,,,,,,,,,,,,,,,,,,,,,木,,,,,,,,,,,,,,,,月,,,,,,,水,,,,,,,,,,,,
中央区,平野町,3丁目,4番,,,,,,,,水土,,,,,,,,,,,,,,,,,,,,,,,,木,,,,,,,,,,,,,,,,月,,,,,,,水,,,,,,,,,,,,
中央区,平野町,3丁目,5番,,,,,,,,水土,,,,,,,,,,,,,,,,,,,,,,,,木,,,,,,,,,,,,,,,,月,,,,,,,水,,,,,,,,,,,,
中央区,平野町,3丁目,6番,,,,,,,,水土,,,,,,,,,,,,,,,,,,,,,,,,木,,,,,,,,,,,,,,,,月,,,,,,,水,,,,,,,,,,,,
中央区,平野町,4丁目,2番,,,,,,,,水土,,,,,,,,,,,,,,,,,,,,,,,,木,,,,,,,,,,,,,,,,月,,,,,,,水,,,,,,,,,,,,
中央区,平野町,4丁目,3番,,,,,,,,水土,,,,,,,,,,,,,,,,,,,,,,,,木,,,,,,,,,,,,,,,,月,,,,,,,水,,,,,,,,,,,,
中央区,平野町,4丁目,4番,,,,,,,,水土,,,,,,,,,,,,,,,,,,,,,,,,木,,,,,,,,,,,,,,,,月,,,,,,,水,,,,,,,,,,,,
中央区,平野町,4丁目,5番,,,,,,,,水土,,,,,,,,,,,,,,,,,,,,,,,,木,,,,,,,,,,,,,,,,月,,,,,,,水,,,,,,,,,,,,
中央区,平野町,4丁目,6番,,,,,,,,水土,,,,,,,,,,,,,,,,,,,,,,,,木,,,,,,,,,,,,,,,,月,,,,,,,水,,,,,,,,,,,,
中央区,平野町,4丁目,7番,,,,,,,,水土,,,,,,,,,,,,,,,,,,,,,,,,木,,,,,,,,,,,,,,,,月,,,,,,,水,,,,,,,,,,,,
中央区,平野町,4丁目,8番,,,,,,,,水土,,,,,,,,,,,,,,,,,,,,,,,,木,,,,,,,,,,,,,,,,月,,,,,,,水,,,,,,,,,,,,
中央区,備後町,1丁目,2番,,,,,,,,,,水土,,,,,,,,,,,,,,,金,,,,,,,,,,,,,,,,火,,,,,,,,,,,,,,,,,,,,,,木,,,,
中央区,備後町,1丁目,5番,,,,,,,,,,水土,,,,,,,,,,,,,,,金,,,,,,,,,,,,,,,,火,,,,,,,,,,,,,,,,,,,,,,木,,,,
中央区,備後町,2丁目,1番,,,,,,,,水土,,,,,,,,,,,,,,,,,,,,,,,,木,,,,,,,,,,,,,,,,月,,,,,,,水,,,,,,,,,,,,
中央区,備後町,2丁目,2番,,,,,,,,水土,,,,,,,,,,,,,,,,,,,,,,,,木,,,,,,,,,,,,,,,,月,,,,,,,水,,,,,,,,,,,,
中央区,備後町,2丁目,3番,,,,,,,,水土,,,,,,,,,,,,,,,,,,,,,,,,木,,,,,,,,,,,,,,,,月,,,,,,,水,,,,,,,,,,,,
中央区,備後町,2丁目,4番,,,,,,,,水土,,,,,,,,,,,,,,,,,,,,,,,,木,,,,,,,,,,,,,,,,月,,,,,,,水,,,,,,,,,,,,
中央区,備後町,2丁目,5番,,,,,,,,水土,,,,,,,,,,,,,,,,,,,,,,,,木,,,,,,,,,,,,,,,,月,,,,,,,水,,,,,,,,,,,,
中央区,備後町,2丁目,6番,,,,,,,,水土,,,,,,,,,,,,,,,,,,,,,,,,木,,,,,,,,,,,,,,,,月,,,,,,,水,,,,,,,,,,,,
中央区,備後町,3丁目,1番,,,,,,,,水土,,,,,,,,,,,,,,,,,,,,,,,,木,,,,,,,,,,,,,,,,月,,,,,,,水,,,,,,,,,,,,
中央区,備後町,3丁目,2番,,,,,,,,水土,,,,,,,,,,,,,,,,,,,,,,,,木,,,,,,,,,,,,,,,,月,,,,,,,水,,,,,,,,,,,,
中央区,備後町,3丁目,3番,,,,,,,,水土,,,,,,,,,,,,,,,,,,,,,,,,木,,,,,,,,,,,,,,,,月,,,,,,,水,,,,,,,,,,,,
中央区,備後町,3丁目,4番,,,,,,,,水土,,,,,,,,,,,,,,,,,,,,,,,,木,,,,,,,,,,,,,,,,月,,,,,,,水,,,,,,,,,,,,
中央区,備後町,4丁目,2番,,,,,,,,水土,,,,,,,,,,,,,,,,,,,,,,,,木,,,,,,,,,,,,,,,,月,,,,,,,水,,,,,,,,,,,,
中央区,備後町,4丁目,3番,,,,,,,,水土,,,,,,,,,,,,,,,,,,,,,,,,木,,,,,,,,,,,,,,,,月,,,,,,,水,,,,,,,,,,,,
中央区,備後町,4丁目,4番,,,,,,,,水土,,,,,,,,,,,,,,,,,,,,,,,,木,,,,,,,,,,,,,,,,月,,,,,,,水,,,,,,,,,,,,
中央区,伏見町,1丁目,2番,,,,,,,,,,水土,,,,,,,,,,,,,,,金,,,,,,,,,,,,,,,,火,,,,,,,,,,,,,,,,,,,,,,木,,,,
中央区,伏見町,2丁目,1番,,,,,,,,水土,,,,,,,,,,,,,,,,,,,,,,,,木,,,,,,,,,,,,,,,,月,,,,,,,水,,,,,,,,,,,,
中央区,伏見町,2丁目,2番,,,,,,,,水土,,,,,,,,,,,,,,,,,,,,,,,,木,,,,,,,,,,,,,,,,月,,,,,,,水,,,,,,,,,,,,
中央区,伏見町,2丁目,3番,,,,,,,,水土,,,,,,,,,,,,,,,,,,,,,,,,木,,,,,,,,,,,,,,,,月,,,,,,,水,,,,,,,,,,,,
中央区,伏見町,2丁目,4番,,,,,,,,水土,,,,,,,,,,,,,,,,,,,,,,,,木,,,,,,,,,,,,,,,,月,,,,,,,水,,,,,,,,,,,,
中央区,伏見町,2丁目,5番,,,,,,,,水土,,,,,,,,,,,,,,,,,,,,,,,,木,,,,,,,,,,,,,,,,月,,,,,,,水,,,,,,,,,,,,
中央区,伏見町,2丁目,6番,,,,,,,,水土,,,,,,,,,,,,,,,,,,,,,,,,木,,,,,,,,,,,,,,,,月,,,,,,,水,,,,,,,,,,,,
中央区,伏見町,3丁目,1番,淀屋橋アップルタワーレジデンス,,,,,,,,,,,,,,,火金,,,,,,,,,,,,,,,,木,,,,,,,,,,,,,,,,月,,,,,,,,,,,,,,,,,,,
中央区,伏見町,3丁目,1番,上記以外,,,,,,,水土,,,,,,,,,,,,,,,,,,,,,,,,木,,,,,,,,,,,,,,,,月,,,,,,,水,,,,,,,,,,,,
中央区,伏見町,3丁目,2番,,,,,,,,水土,,,,,,,,,,,,,,,,,,,,,,,,木,,,,,,,,,,,,,,,,月,,,,,,,水,,,,,,,,,,,,
中央区,伏見町,3丁目,3番,,,,,,,,水土,,,,,,,,,,,,,,,,,,,,,,,,木,,,,,,,,,,,,,,,,月,,,,,,,水,,,,,,,,,,,,
中央区,伏見町,3丁目,4番,,,,,,,,水土,,,,,,,,,,,,,,,,,,,,,,,,木,,,,,,,,,,,,,,,,月,,,,,,,水,,,,,,,,,,,,
中央区,伏見町,3丁目,5番,,,,,,,,水土,,,,,,,,,,,,,,,,,,,,,,,,木,,,,,,,,,,,,,,,,月,,,,,,,水,,,,,,,,,,,,
中央区,伏見町,3丁目,6番,,,,,,,,水土,,,,,,,,,,,,,,,,,,,,,,,,木,,,,,,,,,,,,,,,,月,,,,,,,水,,,,,,,,,,,,
中央区,伏見町,4丁目,1番,,,,,,,,水土,,,,,,,,,,,,,,,,,,,,,,,,木,,,,,,,,,,,,,,,,月,,,,,,,水,,,,,,,,,,,,
中央区,伏見町,4丁目,2番,,,,,,,,水土,,,,,,,,,,,,,,,,,,,,,,,,木,,,,,,,,,,,,,,,,月,,,,,,,水,,,,,,,,,,,,
中央区,伏見町,4丁目,3番,,,,,,,,水土,,,,,,,,,,,,,,,,,,,,,,,,木,,,,,,,,,,,,,,,,月,,,,,,,水,,,,,,,,,,,,
中央区,伏見町,4丁目,4番,,,,,,,,水土,,,,,,,,,,,,,,,,,,,,,,,,木,,,,,,,,,,,,,,,,月,,,,,,,水,,,,,,,,,,,,
中央区,船越町,1丁目,1番,,,,,,,,,,,,,,,,水土,,,,,,,,,,,,,,,,金,,,,,,,,,,,,,,,,火,,,,,,,,,,,,,,,木,,,,
中央区,船越町,1丁目,2番,,,,,,,,,,,,,,,,水土,,,,,,,,,,,,,,,,金,,,,,,,,,,,,,,,,火,,,,,,,,,,,,,,,木,,,,
中央区,船越町,1丁目,3番,,,,,,,,,,,,,,,,水土,,,,,,,,,,,,,,,,金,,,,,,,,,,,,,,,,火,,,,,,,,,,,,,,,木,,,,
中央区,船越町,1丁目,4番,,,,,,,,,,,,,,,,水土,,,,,,,,,,,,,,,,金,,,,,,,,,,,,,,,,火,,,,,,,,,,,,,,,木,,,,
中央区,船越町,1丁目,5番,,,,,,,,,,,,,,,,水土,,,,,,,,,,,,,,,,金,,,,,,,,,,,,,,,,火,,,,,,,,,,,,,,,木,,,,
中央区,船越町,1丁目,6番,,,,,,,,,,,,,,,,水土,,,,,,,,,,,,,,,,金,,,,,,,,,,,,,,,,火,,,,,,,,,,,,,,,木,,,,
中央区,船越町,2丁目,1番,,,,,,,,,,,,,,,,水土,,,,,,,,,,,,,,,,金,,,,,,,,,,,,,,,,火,,,,,,,,,,,,,,,木,,,,
中央区,船越町,2丁目,2番,,,,,,,,,,,,,,,,水土,,,,,,,,,,,,,,,,金,,,,,,,,,,,,,,,,火,,,,,,,,,,,,,,,木,,,,
中央区,船越町,2丁目,3番,,,,,,,,,,,,,,,,水土,,,,,,,,,,,,,,,,金,,,,,,,,,,,,,,,,火,,,,,,,,,,,,,,,木,,,,
中央区,船越町,2丁目,4番,,,,,,,,,,,,,,,,水土,,,,,,,,,,,,,,,,金,,,,,,,,,,,,,,,,火,,,,,,,,,,,,,,,木,,,,
中央区,法円坂,1丁目,1番,,,,,,,,,,,,,,,,,,月木,,,,,,,,,,,,,,,,金,,,,,,,,,,,,,,,,火,,,,,月,,,,,,,,,,,,
中央区,法円坂,1丁目,2番,,,,,,,,,,,,,,,,,,月木,,,,,,,,,,,,,,,,金,,,,,,,,,,,,,,,,火,,,,,月,,,,,,,,,,,,
中央区,法円坂,1丁目,3番,,,,,,,,,,,,,,,,,,月木,,,,,,,,,,,,,,,,金,,,,,,,,,,,,,,,,火,,,,,月,,,,,,,,,,,,
中央区,法円坂,1丁目,4番,,,,,,,,,,,,,,,,,,月木,,,,,,,,,,,,,,,,金,,,,,,,,,,,,,,,,火,,,,,月,,,,,,,,,,,,
中央区,法円坂,1丁目,5番,コーシャハイツ法円坂,,,,,,,,,,,,,,,月木,,,,,,,,,,,,,,,,,,金,,,,,,,,,,,,,,,,火,,,,,月,,,,,,,,,,,,
中央区,法円坂,1丁目,5番,,,,,,,,,,,,,,,,,,月木,,,,,,,,,,,,,,,,金,,,,,,,,,,,,,,,,火,,,,,月,,,,,,,,,,,,
中央区,法円坂,1丁目,6番,,,,,,,,,,,,,,,,,,月木,,,,,,,,,,,,,,,,金,,,,,,,,,,,,,,,,火,,,,,月,,,,,,,,,,,,
中央区,法円坂,2丁目,1番,,,,,,,,月木,,,,,,,,,,,,,,,,,,,,,,,,土,,,,,,,,,,,,,,,,水,,,,,,,月,,,,,,,,,,,,
中央区,本町,1丁目,1番,,,,,,,,,,水土,,,,,,,,,,,,,,,金,,,,,,,,,,,,,,,,火,,,,,,,,,,,,,,木,,,,,,,,,,,,
中央区,本町,1丁目,2番,,,,,,,,,,水土,,,,,,,,,,,,,,,金,,,,,,,,,,,,,,,,火,,,,,,,,,,,,,,木,,,,,,,,,,,,
中央区,本町,1丁目,3番,,,,,,,,,,水土,,,,,,,,,,,,,,,金,,,,,,,,,,,,,,,,火,,,,,,,,,,,,,,木,,,,,,,,,,,,
中央区,本町,1丁目,4番,,,,,,,,,,水土,,,,,,,,,,,,,,,金,,,,,,,,,,,,,,,,火,,,,,,,,,,,,,,木,,,,,,,,,,,,
中央区,本町,1丁目,5番,,,,,,,,,,水土,,,,,,,,,,,,,,,金,,,,,,,,,,,,,,,,火,,,,,,,,,,,,,,,,,,,,,,木,,,,
中央区,本町,1丁目,6番,,,,,,,,,,水土,,,,,,,,,,,,,,,金,,,,,,,,,,,,,,,,火,,,,,,,,,,,,,,,,,,,,,,木,,,,
中央区,本町,1丁目,7番,,,,,,,,,,水土,,,,,,,,,,,,,,,金,,,,,,,,,,,,,,,,火,,,,,,,,,,,,,,,,,,,,,,木,,,,
中央区,本町,1丁目,8番,,,,,,,,,,水土,,,,,,,,,,,,,,,金,,,,,,,,,,,,,,,,火,,,,,,,,,,,,,,,,,,,,,,木,,,,
中央区,本町,2丁目,2番,,,,,,,,水土,,,,,,,,,,,,,,,,,,,,,,,,木,,,,,,,,,,,,,,,,月,,,,,,,,,,,,,,,木,,,,
中央区,本町,3丁目,2番,,,,,,,,水土,,,,,,,,,,,,,,,,,,,,,,,,木,,,,,,,,,,,,,,,,月,,,,,,,,,,,,,,,木,,,,
中央区,本町,3丁目,3番,,,,,,,,水土,,,,,,,,,,,,,,,,,,,,,,,,木,,,,,,,,,,,,,,,,月,,,,,,,,,,,,,,,木,,,,
中央区,本町,3丁目,4番,,,,,,,,水土,,,,,,,,,,,,,,,,,,,,,,,,木,,,,,,,,,,,,,,,,月,,,,,,,,,,,,,,,木,,,,
中央区,本町,3丁目,5番,,,,,,,,水土,,,,,,,,,,,,,,,,,,,,,,,,木,,,,,,,,,,,,,,,,月,,,,,,,,,,,,,,,木,,,,
中央区,本町,3丁目,6番,,,,,,,,水土,,,,,,,,,,,,,,,,,,,,,,,,木,,,,,,,,,,,,,,,,月,,,,,,,,,,,,,,,木,,,,
中央区,本町,4丁目,6番,,,,,,,,水土,,,,,,,,,,,,,,,,,,,,,,,,木,,,,,,,,,,,,,,,,月,,,,,,,水,,,,,,,,,,,,
中央区,本町,4丁目,7番,,,,,,,,水土,,,,,,,,,,,,,,,,,,,,,,,,木,,,,,,,,,,,,,,,,月,,,,,,,水,,,,,,,,,,,,
中央区,本町,4丁目,8番,,,,,,,,水土,,,,,,,,,,,,,,,,,,,,,,,,木,,,,,,,,,,,,,,,,月,,,,,,,水,,,,,,,,,,,,
中央区,本町橋,1番,,,,,,,,,,,水土,,,,,,,,,,,,,,,金,,,,,,,,,,,,,,,,火,,,,,,,,,,,,,,木,,,,,,,,,,,,
中央区,本町橋,2番,KDXレジデンス本町橋,,,,,,,,,,水土,,,,,,,,,,,,,,,金,,,,,,,,,,,,,,,,火,,,,,,,,,,,,,,水,,,,,,,,,,,,
中央区,本町橋,2番,上記以外,,,,,,,,,,水土,,,,,,,,,,,,,,,金,,,,,,,,,,,,,,,,火,,,,,,,,,,,,,,木,,,,,,,,,,,,
中央区,本町橋,3番,,,,,,,,,,,水土,,,,,,,,,,,,,,,金,,,,,,,,,,,,,,,,火,,,,,,,,,,,,,,木,,,,,,,,,,,,
中央区,本町橋,4番,,,,,,,,,,,水土,,,,,,,,,,,,,,,金,,,,,,,,,,,,,,,,火,,,,,,,,,,,,,,木,,,,,,,,,,,,
中央区,本町橋,5番,,,,,,,,,,,水土,,,,,,,,,,,,,,,金,,,,,,,,,,,,,,,,火,,,,,,,,,,,,,,,,,,,,,,木,,,,
中央区,本町橋,6番,,,,,,,,,,,水土,,,,,,,,,,,,,,,金,,,,,,,,,,,,,,,,火,,,,,,,,,,,,,,,,,,,,,,木,,,,
中央区,本町橋,7番,,,,,,,,,,,水土,,,,,,,,,,,,,,,金,,,,,,,,,,,,,,,,火,,,,,,,,,,,,,,,,,,,,,,木,,,,
中央区,本町橋,8番,,,,,,,,,,,水土,,,,,,,,,,,,,,,金,,,,,,,,,,,,,,,,火,,,,,,,,,,,,,,,,,,,,,,木,,,,
中央区,松屋町,1番,,,,,,,,,火金,,,,,,,,,,,,,,,,,,,,,,,,,,土,,,,,,,,,,,,,,,,水,,,,,,,,,,,,,火,,,,
中央区,松屋町,2番,,,,,,,,,火金,,,,,,,,,,,,,,,,,,,,,,,,,,土,,,,,,,,,,,,,,,,水,,,,,,,,,,,,,火,,,,
中央区,松屋町,3番,,,,,,,,月木,,,,,,,,,,,,,,,,金,,,,,,,,,,,,,,,,火,,,,,,,,,,,,,,,,火,,,,,,,,,,,,
中央区,松屋町,4番,,,,,,,,月木,,,,,,,,,,,,,,,,金,,,,,,,,,,,,,,,,火,,,,,,,,,,,,,,,,火,,,,,,,,,,,,
中央区,松屋町,5番,,,,,,,,,月木,,,,,,,,,,,,,,,,,金,,,,,,,,,,,,,,,,火,,,,,,,,,,,,,,火,,,,,,,,,,,,
中央区,松屋町,6番,,,,,,,,,月木,,,,,,,,,,,,,,,,,金,,,,,,,,,,,,,,,,火,,,,,,,,,,,,,,火,,,,,,,,,,,,
中央区,松屋町,7番,,,,,,,,,月木,,,,,,,,,,,,,,,,,金,,,,,,,,,,,,,,,,火,,,,,,,,,,,,,,火,,,,,,,,,,,,
中央区,松屋町,8番,,,,,,,,,月木,,,,,,,,,,,,,,,,,,,,,,,,土,,,,,,,,,,,,,,,,水,,,,,,,火,,,,,,,,,,,,
中央区,松屋町,9番,,,,,,,,,月木,,,,,,,,,,,,,,,,,,,,,,,,土,,,,,,,,,,,,,,,,水,,,,,,,火,,,,,,,,,,,,
中央区,松屋町,10番,,,,,,,,,月木,,,,,,,,,,,,,,,,,,,,,,,,土,,,,,,,,,,,,,,,,水,,,,,,,火,,,,,,,,,,,,
中央区,松屋町住吉,1番,,,,,,,,,火金,,,,,,,,,,,,,,,,,,,,,,,,,,土,,,,,,,,,,,,,,,,水,,,,,火,,,,,,,,,,,,
中央区,松屋町住吉,2番,,,,,,,,,火金,,,,,,,,,,,,,,,,,,,,,,,,,,土,,,,,,,,,,,,,,,,水,,,,,火,,,,,,,,,,,,
中央区,松屋町住吉,3番,,,,,,,,,月木,,,,,,,,,,,,,,,,,,,,,,,,土,,,,,,,,,,,,,,,,水,,,,,,,火,,,,,,,,,,,,
中央区,松屋町住吉,4番,,,,,,,,,月木,,,,,,,,,,,,,,,,,,,,,,,,土,,,,,,,,,,,,,,,,水,,,,,,,火,,,,,,,,,,,,
中央区,松屋町住吉,5番,,,,,,,,,月木,,,,,,,,,,,,,,,,,,,,,,,,土,,,,,,,,,,,,,,,,水,,,,,,,火,,,,,,,,,,,,
中央区,松屋町住吉,6番,,,,,,,,,月木,,,,,,,,,,,,,,,,,,,,,,,,土,,,,,,,,,,,,,,,,水,,,,,,,火,,,,,,,,,,,,
中央区,南久宝寺町,1丁目,1番,,,,,,,,月木,,,,,,,,,,,,,,,,,金,,,,,,,,,,,,,,,,火,,,,,,,,,,,,,,,,,,,,,,金,,,,
中央区,南久宝寺町,1丁目,2番,,,,,,,,月木,,,,,,,,,,,,,,,,,金,,,,,,,,,,,,,,,,火,,,,,,,,,,,,,,,,,,,,,,金,,,,
中央区,南久宝寺町,1丁目,3番,,,,,,,,月木,,,,,,,,,,,,,,,,,金,,,,,,,,,,,,,,,,火,,,,,,,,,,,,,,,,,,,,,,金,,,,
中央区,南久宝寺町,1丁目,4番,,,,,,,,月木,,,,,,,,,,,,,,,,,金,,,,,,,,,,,,,,,,火,,,,,,,,,,,,,,,,,,,,,,金,,,,
中央区,南久宝寺町,1丁目,5番,,,,,,,,月木,,,,,,,,,,,,,,,,,金,,,,,,,,,,,,,,,,火,,,,,,,,,,,,,,,,,,,,,,金,,,,
中央区,南久宝寺町,1丁目,6番,,,,,,,,月木,,,,,,,,,,,,,,,,,金,,,,,,,,,,,,,,,,火,,,,,,,,,,,,,,,,,,,,,,金,,,,
中央区,南久宝寺町,1丁目,7番,,,,,,,,月木,,,,,,,,,,,,,,,,,金,,,,,,,,,,,,,,,,火,,,,,,,,,,,,,,,,,,,,,,金,,,,
中央区,南久宝寺町,1丁目,8番,,,,,,,,月木,,,,,,,,,,,,,,,,,金,,,,,,,,,,,,,,,,火,,,,,,,,,,,,,,,,,,,,,,金,,,,
中央区,南久宝寺町,1丁目,9番,,,,,,,,月木,,,,,,,,,,,,,,,,,金,,,,,,,,,,,,,,,,火,,,,,,,,,,,,,,,,,,,,,,金,,,,
中央区,南久宝寺町,1丁目,10番,,,,,,,,月木,,,,,,,,,,,,,,,,,金,,,,,,,,,,,,,,,,火,,,,,,,,,,,,,,,,,,,,,,金,,,,
中央区,南久宝寺町,2丁目,1番,,,,,,,水土,,,,,,,,,,,,,,,,金,,,,,,,,,,,,,,,,火,,,,,,,,,,,,,,,,木,,,,,,,,,,,,
中央区,南久宝寺町,2丁目,2番,,,,,,,水土,,,,,,,,,,,,,,,,金,,,,,,,,,,,,,,,,火,,,,,,,,,,,,,,,,木,,,,,,,,,,,,
中央区,南久宝寺町,2丁目,3番,,,,,,,水土,,,,,,,,,,,,,,,,金,,,,,,,,,,,,,,,,火,,,,,,,,,,,,,,,,木,,,,,,,,,,,,
中央区,南久宝寺町,2丁目,4番,,,,,,,水土,,,,,,,,,,,,,,,,金,,,,,,,,,,,,,,,,火,,,,,,,,,,,,,,,,木,,,,,,,,,,,,
中央区,南久宝寺町,2丁目,5番,,,,,,,水土,,,,,,,,,,,,,,,,金,,,,,,,,,,,,,,,,火,,,,,,,,,,,,,,,,木,,,,,,,,,,,,
中央区,南久宝寺町,2丁目,6番,,,,,,,水土,,,,,,,,,,,,,,,,金,,,,,,,,,,,,,,,,火,,,,,,,,,,,,,,,,木,,,,,,,,,,,,
中央区,南久宝寺町,3丁目,1番,,,,,,,水土,,,,,,,,,,,,,,,,金,,,,,,,,,,,,,,,,火,,,,,,,,,,,,,,,,木,,,,,,,,,,,,
中央区,南久宝寺町,3丁目,2番,,,,,,,水土,,,,,,,,,,,,,,,,金,,,,,,,,,,,,,,,,火,,,,,,,,,,,,,,,,木,,,,,,,,,,,,
中央区,南久宝寺町,3丁目,3番,,,,,,,水土,,,,,,,,,,,,,,,,金,,,,,,,,,,,,,,,,火,,,,,,,,,,,,,,,,木,,,,,,,,,,,,
中央区,南久宝寺町,3丁目,4番,,,,,,,水土,,,,,,,,,,,,,,,,金,,,,,,,,,,,,,,,,火,,,,,,,,,,,,,,,,木,,,,,,,,,,,,
中央区,南久宝寺町,3丁目,5番,,,,,,,水土,,,,,,,,,,,,,,,,金,,,,,,,,,,,,,,,,火,,,,,,,,,,,,,,,,木,,,,,,,,,,,,
中央区,南久宝寺町,3丁目,6番,,,,,,,水土,,,,,,,,,,,,,,,,金,,,,,,,,,,,,,,,,火,,,,,,,,,,,,,,,,木,,,,,,,,,,,,
中央区,南久宝寺町,4丁目,1番,,,,,,,水土,,,,,,,,,,,,,,,,金,,,,,,,,,,,,,,,,火,,,,,,,,,,,,,,,,水,,,,,,,,,,,,
中央区,南久宝寺町,4丁目,2番,,,,,,,水土,,,,,,,,,,,,,,,,金,,,,,,,,,,,,,,,,火,,,,,,,,,,,,,,,,水,,,,,,,,,,,,
中央区,南久宝寺町,4丁目,3番,,,,,,,水土,,,,,,,,,,,,,,,,金,,,,,,,,,,,,,,,,火,,,,,,,,,,,,,,,,水,,,,,,,,,,,,
中央区,南久宝寺町,4丁目,4番,,,,,,,水土,,,,,,,,,,,,,,,,金,,,,,,,,,,,,,,,,火,,,,,,,,,,,,,,,,水,,,,,,,,,,,,
中央区,南久宝寺町,4丁目,5番,,,,,,,水土,,,,,,,,,,,,,,,,金,,,,,,,,,,,,,,,,火,,,,,,,,,,,,,,,,水,,,,,,,,,,,,
中央区,南久宝寺町,4丁目,6番,,,,,,,水土,,,,,,,,,,,,,,,,金,,,,,,,,,,,,,,,,火,,,,,,,,,,,,,,,,水,,,,,,,,,,,,
中央区,南久宝寺町,4丁目,7番,,,,,,,水土,,,,,,,,,,,,,,,,金,,,,,,,,,,,,,,,,火,,,,,,,,,,,,,,,,水,,,,,,,,,,,,
中央区,南久宝寺町,4丁目,8番,,,,,,,水土,,,,,,,,,,,,,,,,金,,,,,,,,,,,,,,,,火,,,,,,,,,,,,,,,,水,,,,,,,,,,,,
中央区,南新町,1丁目,1番,,,,,,,,,,,,,,,,水土,,,,,,,,,,,,,,,,金,,,,,,,,,,,,,,,,火,,,,,,,木,,,,,,,,,,,,
中央区,南新町,1丁目,2番,軽四輪車（小さい車）で収集している地域,,,,,,,,,水土,,,,,,,,,,,,,,,,,,,,,,金,,,,,,,,,,,,,,,,火,,,,,,,木,,,,,,,,,,,,
中央区,南新町,1丁目,2番,上記以外,,,,,,,,,水土,,,,,,,,,,,,,,,,,,,,,,金,,,,,,,,,,,,,,,,火,,,,,,,木,,,,,,,,,,,,
中央区,南新町,1丁目,3番,,,,,,,,,,水土,,,,,,,,,,,,,,,,,,,,,,金,,,,,,,,,,,,,,,,火,,,,,,,木,,,,,,,,,,,,
中央区,南新町,1丁目,4番,,,,,,,,,,,,,,,,水土,,,,,,,,,,,,,,,,金,,,,,,,,,,,,,,,,火,,,,,,,木,,,,,,,,,,,,
中央区,南新町,2丁目,1番,,,,,,,,,,,,,,,,水土,,,,,,,,,,,,,,,,金,,,,,,,,,,,,,,,,火,,,,,,,木,,,,,,,,,,,,
中央区,南新町,2丁目,2番,,,,,,,,,,水土,,,,,,,,,,,,,,,,,,,,,,金,,,,,,,,,,,,,,,,火,,,,,,,木,,,,,,,,,,,,
中央区,南新町,2丁目,3番,,,,,,,,,,水土,,,,,,,,,,,,,,,,,,,,,,金,,,,,,,,,,,,,,,,火,,,,,,,木,,,,,,,,,,,,
中央区,南新町,2丁目,4番,,,,,,,,,,,,,,,,水土,,,,,,,,,,,,,,,,金,,,,,,,,,,,,,,,,火,,,,,,,木,,,,,,,,,,,,
中央区,南船場,1丁目,1番,,,,,,,,月木,,,,,,,,,,,,,,,,,金,,,,,,,,,,,,,,,,火,,,,,,,,,,,,,,,,,,,,,,金,,,,
中央区,南船場,1丁目,2番,,,,,,,,月木,,,,,,,,,,,,,,,,,金,,,,,,,,,,,,,,,,火,,,,,,,,,,,,,,,,,,,,,,金,,,,
中央区,南船場,1丁目,3番,,,,,,,,月木,,,,,,,,,,,,,,,,,金,,,,,,,,,,,,,,,,火,,,,,,,,,,,,,,,,,,,,,,金,,,,
中央区,南船場,1丁目,4番,,,,,,,,月木,,,,,,,,,,,,,,,,,金,,,,,,,,,,,,,,,,火,,,,,,,,,,,,,,,,,,,,,,金,,,,
中央区,南船場,1丁目,5番,,,,,,,,月木,,,,,,,,,,,,,,,,,金,,,,,,,,,,,,,,,,火,,,,,,,,,,,,,,,,,,,,,,金,,,,
中央区,南船場,1丁目,6番,,,,,,,,月木,,,,,,,,,,,,,,,,,金,,,,,,,,,,,,,,,,火,,,,,,,,,,,,,,,,,,,,,,金,,,,
中央区,南船場,1丁目,7番,,,,,,,,月木,,,,,,,,,,,,,,,,,金,,,,,,,,,,,,,,,,火,,,,,,,,,,,,,,,,,,,,,,金,,,,
中央区,南船場,1丁目,8番,,,,,,,,月木,,,,,,,,,,,,,,,,,金,,,,,,,,,,,,,,,,火,,,,,,,,,,,,,,,,,,,,,,金,,,,
中央区,南船場,1丁目,9番,,,,,,,,月木,,,,,,,,,,,,,,,,,金,,,,,,,,,,,,,,,,火,,,,,,,,,,,,,,,,,,,,,,金,,,,
中央区,南船場,1丁目,10番,,,,,,,,月木,,,,,,,,,,,,,,,,,金,,,,,,,,,,,,,,,,火,,,,,,,,,,,,,,,,,,,,,,金,,,,
中央区,南船場,1丁目,11番,,,,,,,,月木,,,,,,,,,,,,,,,,,金,,,,,,,,,,,,,,,,火,,,,,,,,,,,,,,,,,,,,,,金,,,,
中央区,南船場,1丁目,12番,,,,,,,,月木,,,,,,,,,,,,,,,,,金,,,,,,,,,,,,,,,,火,,,,,,,,,,,,,,,,,,,,,,金,,,,
中央区,南船場,1丁目,13番,,,,,,,,月木,,,,,,,,,,,,,,,,,金,,,,,,,,,,,,,,,,火,,,,,,,,,,,,,,,,,,,,,,金,,,,
中央区,南船場,1丁目,14番,,,,,,,,月木,,,,,,,,,,,,,,,,,金,,,,,,,,,,,,,,,,火,,,,,,,,,,,,,,,,,,,,,,金,,,,
中央区,南船場,1丁目,15番,,,,,,,,月木,,,,,,,,,,,,,,,,,金,,,,,,,,,,,,,,,,火,,,,,,,,,,,,,,,,,,,,,,金,,,,
中央区,南船場,1丁目,16番,,,,,,,,月木,,,,,,,,,,,,,,,,,金,,,,,,,,,,,,,,,,火,,,,,,,,,,,,,,,,,,,,,,金,,,,
中央区,南船場,1丁目,17番,,,,,,,,月木,,,,,,,,,,,,,,,,,金,,,,,,,,,,,,,,,,火,,,,,,,,,,,,,,,,,,,,,,金,,,,
中央区,南船場,1丁目,18番,,,,,,,,月木,,,,,,,,,,,,,,,,,金,,,,,,,,,,,,,,,,火,,,,,,,,,,,,,,,,,,,,,,金,,,,
中央区,南船場,2丁目,1番,,,,,,,水土,,,,,,,,,,,,,,,,金,,,,,,,,,,,,,,,,火,,,,,,,,,,,,,,,,木,,,,,,,,,,,,
中央区,南船場,2丁目,2番,,,,,,,水土,,,,,,,,,,,,,,,,金,,,,,,,,,,,,,,,,火,,,,,,,,,,,,,,,,木,,,,,,,,,,,,
中央区,南船場,2丁目,3番,,,,,,,水土,,,,,,,,,,,,,,,,金,,,,,,,,,,,,,,,,火,,,,,,,,,,,,,,,,木,,,,,,,,,,,,
中央区,南船場,2丁目,4番,,,,,,,水土,,,,,,,,,,,,,,,,金,,,,,,,,,,,,,,,,火,,,,,,,,,,,,,,,,木,,,,,,,,,,,,
中央区,南船場,2丁目,5番,,,,,,,水土,,,,,,,,,,,,,,,,金,,,,,,,,,,,,,,,,火,,,,,,,,,,,,,,,,木,,,,,,,,,,,,
中央区,南船場,2丁目,6番,,,,,,,水土,,,,,,,,,,,,,,,,金,,,,,,,,,,,,,,,,火,,,,,,,,,,,,,,,,木,,,,,,,,,,,,
中央区,南船場,2丁目,7番,,,,,,,水土,,,,,,,,,,,,,,,,金,,,,,,,,,,,,,,,,火,,,,,,,,,,,,,,,,木,,,,,,,,,,,,
中央区,南船場,2丁目,8番,,,,,,,水土,,,,,,,,,,,,,,,,金,,,,,,,,,,,,,,,,火,,,,,,,,,,,,,,,,木,,,,,,,,,,,,
中央区,南船場,2丁目,9番,,,,,,,水土,,,,,,,,,,,,,,,,金,,,,,,,,,,,,,,,,火,,,,,,,,,,,,,,,,木,,,,,,,,,,,,
中央区,南船場,2丁目,10番,,,,,,,水土,,,,,,,,,,,,,,,,金,,,,,,,,,,,,,,,,火,,,,,,,,,,,,,,,,木,,,,,,,,,,,,
中央区,南船場,2丁目,11番,,,,,,,水土,,,,,,,,,,,,,,,,金,,,,,,,,,,,,,,,,火,,,,,,,,,,,,,,,,木,,,,,,,,,,,,
中央区,南船場,2丁目,12番,,,,,,,水土,,,,,,,,,,,,,,,,金,,,,,,,,,,,,,,,,火,,,,,,,,,,,,,,,,木,,,,,,,,,,,,
中央区,南船場,3丁目,1番,,,,,,,水土,,,,,,,,,,,,,,,,金,,,,,,,,,,,,,,,,火,,,,,,,,,,,,,,,,木,,,,,,,,,,,,
中央区,南船場,3丁目,2番,,,,,,,水土,,,,,,,,,,,,,,,,金,,,,,,,,,,,,,,,,火,,,,,,,,,,,,,,,,木,,,,,,,,,,,,
中央区,南船場,3丁目,3番,,,,,,,水土,,,,,,,,,,,,,,,,金,,,,,,,,,,,,,,,,火,,,,,,,,,,,,,,,,木,,,,,,,,,,,,
中央区,南船場,3丁目,4番,,,,,,,水土,,,,,,,,,,,,,,,,金,,,,,,,,,,,,,,,,火,,,,,,,,,,,,,,,,木,,,,,,,,,,,,
中央区,南船場,3丁目,5番,,,,,,,水土,,,,,,,,,,,,,,,,金,,,,,,,,,,,,,,,,火,,,,,,,,,,,,,,,,木,,,,,,,,,,,,
中央区,南船場,3丁目,6番,,,,,,,水土,,,,,,,,,,,,,,,,金,,,,,,,,,,,,,,,,火,,,,,,,,,,,,,,,,木,,,,,,,,,,,,
中央区,南船場,3丁目,7番,,,,,,,水土,,,,,,,,,,,,,,,,金,,,,,,,,,,,,,,,,火,,,,,,,,,,,,,,,,木,,,,,,,,,,,,
中央区,南船場,3丁目,8番,,,,,,,水土,,,,,,,,,,,,,,,,金,,,,,,,,,,,,,,,,火,,,,,,,,,,,,,,,,木,,,,,,,,,,,,
中央区,南船場,3丁目,9番,,,,,,,水土,,,,,,,,,,,,,,,,金,,,,,,,,,,,,,,,,火,,,,,,,,,,,,,,,,木,,,,,,,,,,,,
中央区,南船場,3丁目,10番,,,,,,,水土,,,,,,,,,,,,,,,,金,,,,,,,,,,,,,,,,火,,,,,,,,,,,,,,,,木,,,,,,,,,,,,
中央区,南船場,3丁目,11番,,,,,,,水土,,,,,,,,,,,,,,,,金,,,,,,,,,,,,,,,,火,,,,,,,,,,,,,,,,木,,,,,,,,,,,,
中央区,南船場,3丁目,12番,,,,,,,水土,,,,,,,,,,,,,,,,金,,,,,,,,,,,,,,,,火,,,,,,,,,,,,,,,,木,,,,,,,,,,,,
中央区,南船場,4丁目,1番,,,,,,,水土,,,,,,,,,,,,,,,,金,,,,,,,,,,,,,,,,火,,,,,,,,,,,,,,,,水,,,,,,,,,,,,
中央区,南船場,4丁目,2番,,,,,,,水土,,,,,,,,,,,,,,,,金,,,,,,,,,,,,,,,,火,,,,,,,,,,,,,,,,水,,,,,,,,,,,,
中央区,南船場,4丁目,3番,,,,,,,水土,,,,,,,,,,,,,,,,金,,,,,,,,,,,,,,,,火,,,,,,,,,,,,,,,,水,,,,,,,,,,,,
中央区,南船場,4丁目,4番,,,,,,,水土,,,,,,,,,,,,,,,,金,,,,,,,,,,,,,,,,火,,,,,,,,,,,,,,,,水,,,,,,,,,,,,
中央区,南船場,4丁目,5番,,,,,,,水土,,,,,,,,,,,,,,,,金,,,,,,,,,,,,,,,,火,,,,,,,,,,,,,,,,水,,,,,,,,,,,,
中央区,南船場,4丁目,6番,,,,,,,水土,,,,,,,,,,,,,,,,金,,,,,,,,,,,,,,,,火,,,,,,,,,,,,,,,,水,,,,,,,,,,,,
中央区,南船場,4丁目,7番,,,,,,,水土,,,,,,,,,,,,,,,,金,,,,,,,,,,,,,,,,火,,,,,,,,,,,,,,,,水,,,,,,,,,,,,
中央区,南船場,4丁目,8番,,,,,,,水土,,,,,,,,,,,,,,,,金,,,,,,,,,,,,,,,,火,,,,,,,,,,,,,,,,水,,,,,,,,,,,,
中央区,南船場,4丁目,9番,,,,,,,水土,,,,,,,,,,,,,,,,金,,,,,,,,,,,,,,,,火,,,,,,,,,,,,,,,,水,,,,,,,,,,,,
中央区,南船場,4丁目,10番,,,,,,,水土,,,,,,,,,,,,,,,,金,,,,,,,,,,,,,,,,火,,,,,,,,,,,,,,,,水,,,,,,,,,,,,
中央区,南船場,4丁目,11番,,,,,,,水土,,,,,,,,,,,,,,,,金,,,,,,,,,,,,,,,,火,,,,,,,,,,,,,,,,水,,,,,,,,,,,,
中央区,南船場,4丁目,12番,,,,,,,水土,,,,,,,,,,,,,,,,金,,,,,,,,,,,,,,,,火,,,,,,,,,,,,,,,,水,,,,,,,,,,,,
中央区,南船場,4丁目,13番,,,,,,,水土,,,,,,,,,,,,,,,,金,,,,,,,,,,,,,,,,火,,,,,,,,,,,,,,,,水,,,,,,,,,,,,
中央区,南船場,4丁目,14番,,,,,,,水土,,,,,,,,,,,,,,,,金,,,,,,,,,,,,,,,,火,,,,,,,,,,,,,,,,水,,,,,,,,,,,,
中央区,南本町,1丁目,1番,,,,,,,,,水土,,,,,,,,,,,,,,,,金,,,,,,,,,,,,,,,,火,,,,,,,,,,,,,,木,,,,,,,,,,,,
中央区,南本町,1丁目,2番,,,,,,,,,水土,,,,,,,,,,,,,,,,金,,,,,,,,,,,,,,,,火,,,,,,,,,,,,,,木,,,,,,,,,,,,
中央区,南本町,1丁目,4番,,,,,,,,,水土,,,,,,,,,,,,,,,,金,,,,,,,,,,,,,,,,火,,,,,,,,,,,,,,木,,,,,,,,,,,,
中央区,南本町,1丁目,5番,,,,,,,,,水土,,,,,,,,,,,,,,,,金,,,,,,,,,,,,,,,,火,,,,,,,,,,,,,,木,,,,,,,,,,,,
中央区,南本町,1丁目,6番,MJR堺筋本町タワー,,,,,,,,,,火金,,,,,,,,,,,,,,金,,,,,,,,,,,,,,,,火,,,,,,,,,,,,,,木,,,,,,,,,,,,
中央区,南本町,1丁目,6番,上記以外,,,,,,,,水土,,,,,,,,,,,,,,,,金,,,,,,,,,,,,,,,,火,,,,,,,,,,,,,,木,,,,,,,,,,,,
中央区,南本町,1丁目,7番,,,,,,,,,水土,,,,,,,,,,,,,,,,金,,,,,,,,,,,,,,,,火,,,,,,,,,,,,,,木,,,,,,,,,,,,
中央区,南本町,1丁目,8番,,,,,,,,,水土,,,,,,,,,,,,,,,,金,,,,,,,,,,,,,,,,火,,,,,,,,,,,,,,木,,,,,,,,,,,,
中央区,南本町,2丁目,1番,,,,,,,,水土,,,,,,,,,,,,,,,,,,,,,,,,木,,,,,,,,,,,,,,,,月,,,,,,,木,,,,,,,,,,,,
中央区,南本町,2丁目,5番,,,,,,,,水土,,,,,,,,,,,,,,,,,,,,,,,,木,,,,,,,,,,,,,,,,月,,,,,,,木,,,,,,,,,,,,
中央区,南本町,2丁目,6番,,,,,,,,水土,,,,,,,,,,,,,,,,,,,,,,,,木,,,,,,,,,,,,,,,,月,,,,,,,木,,,,,,,,,,,,
中央区,南本町,3丁目,1番,,,,,,,,水土,,,,,,,,,,,,,,,,,,,,,,,,木,,,,,,,,,,,,,,,,月,,,,,,,木,,,,,,,,,,,,
中央区,南本町,3丁目,2番,,,,,,,,水土,,,,,,,,,,,,,,,,,,,,,,,,木,,,,,,,,,,,,,,,,月,,,,,,,木,,,,,,,,,,,,
中央区,南本町,3丁目,3番,,,,,,,,水土,,,,,,,,,,,,,,,,,,,,,,,,木,,,,,,,,,,,,,,,,月,,,,,,,木,,,,,,,,,,,,
中央区,南本町,3丁目,4番,,,,,,,,水土,,,,,,,,,,,,,,,,,,,,,,,,木,,,,,,,,,,,,,,,,月,,,,,,,木,,,,,,,,,,,,
中央区,南本町,3丁目,5番,,,,,,,,水土,,,,,,,,,,,,,,,,,,,,,,,,木,,,,,,,,,,,,,,,,月,,,,,,,木,,,,,,,,,,,,
中央区,南本町,3丁目,6番,,,,,,,,水土,,,,,,,,,,,,,,,,,,,,,,,,木,,,,,,,,,,,,,,,,月,,,,,,,木,,,,,,,,,,,,
中央区,南本町,4丁目,1番,,,,,,,,水土,,,,,,,,,,,,,,,,,,,,,,,,木,,,,,,,,,,,,,,,,月,,,,,,,,,,,,,,,水,,,,
中央区,南本町,4丁目,2番,,,,,,,,,,,火金,,,,,,,,,,,,,,,,,,,,,木,,,,,,,,,,,,,,,,月,,,,,,,,,,,,,,,水,,,,
中央区,南本町,4丁目,3番,,,,,,,,水土,,,,,,,,,,,,,,,,,,,,,,,,木,,,,,,,,,,,,,,,,月,,,,,,,,,,,,,,,水,,,,
中央区,森ノ宮中央,1丁目,1番,,,,,,,,,,,,,,,,月木,,,,,,,,,,,,,,,,金,,,,,,,,,,,,,,,,火,,,,,,,月,,,,,,,,,,,,
中央区,森ノ宮中央,1丁目,2番,,,,,,,,,,,,,,,,月木,,,,,,,,,,,,,,,,金,,,,,,,,,,,,,,,,火,,,,,,,月,,,,,,,,,,,,
中央区,森ノ宮中央,1丁目,3番,,,,,,,,,,,,,,,,月木,,,,,,,,,,,,,,,,金,,,,,,,,,,,,,,,,火,,,,,,,月,,,,,,,,,,,,
中央区,森ノ宮中央,1丁目,4番,,,,,,,,,,,,,,,,月木,,,,,,,,,,,,,,,,金,,,,,,,,,,,,,,,,火,,,,,,,月,,,,,,,,,,,,
中央区,森ノ宮中央,1丁目,5番,,,,,,,,,,,,,,,,月木,,,,,,,,,,,,,,,,金,,,,,,,,,,,,,,,,火,,,,,,,月,,,,,,,,,,,,
中央区,森ノ宮中央,1丁目,6番,,,,,,,,,,,,,,,,月木,,,,,,,,,,,,,,,,金,,,,,,,,,,,,,,,,火,,,,,,,月,,,,,,,,,,,,
中央区,森ノ宮中央,1丁目,7番,,,,,,,,,,,,,,,,月木,,,,,,,,,,,,,,,,金,,,,,,,,,,,,,,,,火,,,,,,,月,,,,,,,,,,,,
中央区,森ノ宮中央,1丁目,8番,,,,,,,,,,,,,,,,月木,,,,,,,,,,,,,,,,金,,,,,,,,,,,,,,,,火,,,,,,,月,,,,,,,,,,,,
中央区,森ノ宮中央,1丁目,9番,,,,,,,,,,,,,,,,月木,,,,,,,,,,,,,,,,金,,,,,,,,,,,,,,,,火,,,,,,,月,,,,,,,,,,,,
中央区,森ノ宮中央,1丁目,10番,,,,,,,,,,,,,,,,月木,,,,,,,,,,,,,,,,金,,,,,,,,,,,,,,,,火,,,,,,,月,,,,,,,,,,,,
中央区,森ノ宮中央,1丁目,11番,,,,,,,,,,,,,,,,月木,,,,,,,,,,,,,,,,金,,,,,,,,,,,,,,,,火,,,,,,,月,,,,,,,,,,,,
中央区,森ノ宮中央,1丁目,12番,,,,,,,,,,,,,,,,月木,,,,,,,,,,,,,,,,金,,,,,,,,,,,,,,,,火,,,,,,,月,,,,,,,,,,,,
中央区,森ノ宮中央,1丁目,13番,,,,,,,,,,,,,,,,月木,,,,,,,,,,,,,,,,金,,,,,,,,,,,,,,,,火,,,,,,,月,,,,,,,,,,,,
中央区,森ノ宮中央,1丁目,14番,,,,,,,,,,,,,,,,月木,,,,,,,,,,,,,,,,金,,,,,,,,,,,,,,,,火,,,,,,,月,,,,,,,,,,,,
中央区,森ノ宮中央,1丁目,15番,,,,,,,,,,,,,,,,月木,,,,,,,,,,,,,,,,金,,,,,,,,,,,,,,,,火,,,,,,,月,,,,,,,,,,,,
中央区,森ノ宮中央,1丁目,16番,,,,,,,,,,,,,,,,月木,,,,,,,,,,,,,,,,金,,,,,,,,,,,,,,,,火,,,,,,,月,,,,,,,,,,,,
中央区,森ノ宮中央,1丁目,17番,,,,,,,,,,,,,,,,月木,,,,,,,,,,,,,,,,金,,,,,,,,,,,,,,,,火,,,,,,,月,,,,,,,,,,,,
中央区,森ノ宮中央,1丁目,18番,,,,,,,,,,,,,,,,月木,,,,,,,,,,,,,,,,金,,,,,,,,,,,,,,,,火,,,,,,,月,,,,,,,,,,,,
中央区,森ノ宮中央,1丁目,19番,,,,,,,,,,,,,,,,月木,,,,,,,,,,,,,,,,金,,,,,,,,,,,,,,,,火,,,,,,,月,,,,,,,,,,,,
中央区,森ノ宮中央,1丁目,20番,,,,,,,,,,,,,,,,月木,,,,,,,,,,,,,,,,金,,,,,,,,,,,,,,,,火,,,,,,,月,,,,,,,,,,,,
中央区,森ノ宮中央,1丁目,21番,,,,,,,,,,,,,,,,月木,,,,,,,,,,,,,,,,金,,,,,,,,,,,,,,,,火,,,,,,,月,,,,,,,,,,,,
中央区,森ノ宮中央,1丁目,22番,,,,,,,,,,,,,,,,月木,,,,,,,,,,,,,,,,金,,,,,,,,,,,,,,,,火,,,,,,,月,,,,,,,,,,,,
中央区,森ノ宮中央,1丁目,23番,,,,,,,,,,,,,,,,月木,,,,,,,,,,,,,,,,金,,,,,,,,,,,,,,,,火,,,,,,,月,,,,,,,,,,,,
中央区,森ノ宮中央,1丁目,24番,,,,,,,,,,,,,,,,月木,,,,,,,,,,,,,,,,金,,,,,,,,,,,,,,,,火,,,,,,,月,,,,,,,,,,,,
中央区,森ノ宮中央,1丁目,25番,,,,,,,,,,,,,,,,月木,,,,,,,,,,,,,,,,金,,,,,,,,,,,,,,,,火,,,,,,,月,,,,,,,,,,,,
中央区,森ノ宮中央,2丁目,2番,,,,,,,,,,,,,,,,月木,,,,,,,,,,,,,,,,金,,,,,,,,,,,,,,,,火,,,,,,,月,,,,,,,,,,,,
中央区,森ノ宮中央,2丁目,3番,,,,,,,,,,,,,,,,月木,,,,,,,,,,,,,,,,金,,,,,,,,,,,,,,,,火,,,,,,,月,,,,,,,,,,,,
中央区,森ノ宮中央,2丁目,4番,,,,,,,,,,,,,,,,,,月木,,,,,,,,,,,,,,金,,,,,,,,,,,,,,,,火,,,,,,,,,,,,,,,月,,,,
中央区,森ノ宮中央,2丁目,5番,,,,,,,,,,,,,,,,,,月木,,,,,,,,,,,,,,金,,,,,,,,,,,,,,,,火,,,,,,,,,,,,,,,月,,,,
中央区,森ノ宮中央,2丁目,6番,,,,,,,,,,,,,,,,,,月木,,,,,,,,,,,,,,金,,,,,,,,,,,,,,,,火,,,,,,,,,,,,,,,月,,,,
中央区,森ノ宮中央,2丁目,7番,,,,,,,,,,,,,,,,,,月木,,,,,,,,,,,,,,金,,,,,,,,,,,,,,,,火,,,,,,,,,,,,,,,月,,,,
中央区,森ノ宮中央,2丁目,8番,,,,,,,,,,,,,,,,,,月木,,,,,,,,,,,,,,金,,,,,,,,,,,,,,,,火,,,,,,,,,,,,,,,月,,,,
中央区,森ノ宮中央,2丁目,9番,,,,,,,,,,,,,,,,,,月木,,,,,,,,,,,,,,金,,,,,,,,,,,,,,,,火,,,,,,,,,,,,,,,月,,,,
中央区,森ノ宮中央,2丁目,10番,,,,,,,,,,,,,,,,,,月木,,,,,,,,,,,,,,金,,,,,,,,,,,,,,,,火,,,,,,,,,,,,,,,月,,,,
中央区,森ノ宮中央,2丁目,11番,,,,,,,,,,,,,,,,,,月木,,,,,,,,,,,,,,金,,,,,,,,,,,,,,,,火,,,,,,,,,,,,,,,月,,,,
中央区,森ノ宮中央,2丁目,12番,,,,,,,,,,,,,,,,,,月木,,,,,,,,,,,,,,金,,,,,,,,,,,,,,,,火,,,,,,,,,,,,,,,月,,,,
中央区,森ノ宮中央,2丁目,13番,ファインシティ大阪城公園,,,,,,,,,,,,,,,,,月木,,,,,,,,,,,,,,金,,,,,,,,,,,,,,,,火,,,,,,,,,,,,,,,,,,,
中央区,鎗屋町,1丁目,1番,,,,,,,,,,水土,,,,,,,,,,,,,,,,,,,,,,金,,,,,,,,,,,,,,,,火,,,,,,,木,,,,,,,,,,,,
中央区,鎗屋町,1丁目,2番,,,,,,,,,,水土,,,,,,,,,,,,,,,,,,,,,,金,,,,,,,,,,,,,,,,火,,,,,,,木,,,,,,,,,,,,
中央区,鎗屋町,1丁目,3番,,,,,,,,,,水土,,,,,,,,,,,,,,,,,,,,,,金,,,,,,,,,,,,,,,,火,,,,,,,木,,,,,,,,,,,,
中央区,鎗屋町,1丁目,4番,,,,,,,,,,水土,,,,,,,,,,,,,,,,,,,,,,金,,,,,,,,,,,,,,,,火,,,,,,,木,,,,,,,,,,,,
中央区,鎗屋町,2丁目,1番,,,,,,,,,,水土,,,,,,,,,,,,,,,,,,,,,,金,,,,,,,,,,,,,,,,火,,,,,,,木,,,,,,,,,,,,
中央区,鎗屋町,2丁目,2番,,,,,,,,,,水土,,,,,,,,,,,,,,,,,,,,,,金,,,,,,,,,,,,,,,,火,,,,,,,木,,,,,,,,,,,,
中央区,鎗屋町,2丁目,3番,,,,,,,,,,水土,,,,,,,,,,,,,,,,,,,,,,金,,,,,,,,,,,,,,,,火,,,,,,,木,,,,,,,,,,,,
中央区,鎗屋町,2丁目,4番,,,,,,,,,,水土,,,,,,,,,,,,,,,,,,,,,,金,,,,,,,,,,,,,,,,火,,,,,,,木,,,,,,,,,,,,
中央区,龍造寺町,1番,,,,,,,,,,,,,,,,,,,月木,,,,,,,,,,,,,,土,,,,,,,,,,,,,,,,水,,,,,,,月,,,,,,,,,,,,
中央区,龍造寺町,2番,,,,,,,,,,,,,,,,,,,月木,,,,,,,,,,,,,,土,,,,,,,,,,,,,,,,水,,,,,,,月,,,,,,,,,,,,
中央区,龍造寺町,3番,,,,,,,,,,,,,,,,,,,月木,,,,,,,,,,,,,,土,,,,,,,,,,,,,,,,水,,,,,,,月,,,,,,,,,,,,
中央区,龍造寺町,4番,,,,,,,,,,,,,,,,,,,月木,,,,,,,,,,,,,,土,,,,,,,,,,,,,,,,水,,,,,,,月,,,,,,,,,,,,
中央区,龍造寺町,5番,,,,,,,,,,,,,,,,,,,月木,,,,,,,,,,,,,,土,,,,,,,,,,,,,,,,水,,,,,,,月,,,,,,,,,,,,
中央区,龍造寺町,6番,,,,,,,,,,,,,,,,,,,月木,,,,,,,,,,,,,,土,,,,,,,,,,,,,,,,水,,,,,,,月,,,,,,,,,,,,
中央区,龍造寺町,7番,,,,,,,,,,,,,,,,,,,月木,,,,,,,,,,,,,,土,,,,,,,,,,,,,,,,水,,,,,,,月,,,,,,,,,,,,
中央区,龍造寺町,8番,,,,,,,,,,,,,,,,,,,月木,,,,,,,,,,,,,,土,,,,,,,,,,,,,,,,水,,,,,,,月,,,,,,,,,,,,