地区名1,地区名2,地区名3,地区名4,地区名5,備考,雑ごみ,普通ごみ_収集時間要問合せ,普通ごみ_午前,普通ごみ_午後,普通ごみ_8:30~10:30,普通ごみ_9:00~11:00,普通ごみ_9:30~11:30,普通ごみ_10:00~12:00,普通ごみ_10:30~12:30,普通ごみ_11:00~13:00,普通ごみ_11:30~13:30,普通ごみ_12:00~14:00,普通ごみ_12:30~14:30,普通ごみ_13:00~15:00,普通ごみ_13:30~15:30,普通ごみ_14:00~16:00,普通ごみ_14:30~16:30,資源ごみ_収集時間要問合せ,資源ごみ_午前,資源ごみ_午後,資源ごみ_8:30~10:30,資源ごみ_9:00~11:00,資源ごみ_9:30~11:30,資源ごみ_10:00~12:00,資源ごみ_10:30~12:30,資源ごみ_11:00~13:00,資源ごみ_11:30~13:30,資源ごみ_12:00~14:00,資源ごみ_12:30~14:30,資源ごみ_13:00~15:00,資源ごみ_13:30~15:30,資源ごみ_14:00~16:00,資源ごみ_14:30~16:30,プラスチック資源_収集時間要問合せ,プラスチック資源_午前,プラスチック資源_午後,プラスチック資源_8:30~10:30,プラスチック資源_9:00~11:00,プラスチック資源_9:30~11:30,プラスチック資源_10:00~12:00,プラスチック資源_10:30~12:30,プラスチック資源_11:00~13:00,プラスチック資源_11:30~13:30,プラスチック資源_12:00~14:00,プラスチック資源_12:30~14:30,プラスチック資源_13:00~15:00,プラスチック資源_13:30~15:30,プラスチック資源_14:00~16:00,プラスチック資源_14:30~16:30,古紙衣類_収集時間要問合せ,古紙衣類_午前,古紙衣類_午後,古紙衣類_8:30~10:30,古紙衣類_9:00~11:00,古紙衣類_9:30~11:30,古紙衣類_10:00~12:00,古紙衣類_10:30~12:30,古紙衣類_11:00~13:00,古紙衣類_11:30~13:30,古紙衣類_12:00~14:00,古紙衣類_12:30~14:30,古紙衣類_13:00~15:00,古紙衣類_13:30~15:30,古紙衣類_14:00~16:00,古紙衣類_14:30~16:30
東淀川区,相川,1丁目,1番,,,,,,,,,,,,,,,,,,月木,,,,,,,水,,,,,,,,,,,,,,,,土,,,,,,,,,,,,,,,,,,,,月,,,,,,
東淀川区,相川,1丁目,2番,,,,,,,,,,,,,,,,,,月木,,,,,,,水,,,,,,,,,,,,,,,,土,,,,,,,,,,,,,,,,,,,,,,月,,,,
東淀川区,相川,1丁目,4番,,,,,,,,,,,,,,,,,,月木,,,,,,,水,,,,,,,,,,,,,,,,土,,,,,,,,,,,,,,,,,,,,,,月,,,,
東淀川区,相川,1丁目,5番,,,,,,,,,,,,,,,,,,月木,,,,,,,水,,,,,,,,,,,,,,,,土,,,,,,,,,,,,,,,,,,,,月,,,,,,
東淀川区,相川,1丁目,6番,軽四輪車(小さい車)で収集している地域,,,,,,,,月木,,,,,,,,,,,,,,,,水,,,,,,,,,,,,,,,,土,,,,,,,,,,,,,,,,,,,,,,月,,,,
東淀川区,相川,1丁目,6番,13~15号,,,,,月木,,,,,,,,,,,,,,,,,,,水,,,,,,,,,,,,,,,,土,,,,,,,,,,,,,,,,,,,,月,,,,,,
東淀川区,相川,1丁目,6番,上記以外,,,,,月木,,,,,,,,,,,,,,,,,,,水,,,,,,,,,,,,,,,,土,,,,,,,,,,,,,,,,,,,,,,月,,,,
東淀川区,相川,1丁目,7番,,,,,,,,,,,,,,,,,,月木,,,,,,,水,,,,,,,,,,,,,,,,土,,,,,,,,,,,,,,,,,,,,,,月,,,,
東淀川区,相川,1丁目,8番,軽四輪車(小さい車)で収集している地域,,,,,,,,月木,,,,,,,,,,,,,,,,,,,,,,水,,,,,,,,,,,,,,,,土,,,,,,,,,,,,,,,,月,,,,
東淀川区,相川,1丁目,8番,4･6･7･11･14号,,,,,月木,,,,,,,,,,,,,,,,,,,,,,,,,水,,,,,,,,,,,,,,,,土,,,,,,,,,,,,,,月,,,,,,
東淀川区,相川,1丁目,8番,上記以外,,,,,月木,,,,,,,,,,,,,,,,,,,,,,,,,水,,,,,,,,,,,,,,,,土,,,,,,,,,,,,,,月,,,,,,
東淀川区,相川,1丁目,9番,軽四輪車(小さい車)で収集している地域,,,,,,,,月木,,,,,,,,,,,,,,,,,,,,,,水,,,,,,,,,,,,,,,,土,,,,,,,,,,,,,,,,月,,,,
東淀川区,相川,1丁目,9番,6･9~11･13･15~17号,,,,,月木,,,,,,,,,,,,,,,,,,,,,,,,,水,,,,,,,,,,,,,,,,土,,,,,,,,,,,,,,,,月,,,,
東淀川区,相川,1丁目,9番,上記以外,,,,,月木,,,,,,,,,,,,,,,,,,,,,,,,,水,,,,,,,,,,,,,,,,土,,,,,,,,,,,,,,,,月,,,,
東淀川区,相川,1丁目,10番,軽四輪車(小さい車)で収集している地域,,,,,,,,月木,,,,,,,,,,,,,,,,,,,,,,水,,,,,,,,,,,,,,,,土,,,,,,,,,,,,,,,,月,,,,
東淀川区,相川,1丁目,10番,3･4･7~14･16~19号,,,,,月木,,,,,,,,,,,,,,,,,,,,,,,,,水,,,,,,,,,,,,,,,,土,,,,,,,,,,,,,,,,月,,,,
東淀川区,相川,1丁目,10番,上記以外,,,,,月木,,,,,,,,,,,,,,,,,,,,,,,,,水,,,,,,,,,,,,,,,,土,,,,,,,,,,,,,,,,月,,,,
東淀川区,相川,2丁目,1番,,,,,,,,,,,,,,,,,,月木,,,,,,,水,,,,,,,,,,,,,,,,土,,,,,,,,,,,,,,,,,,,,,,月,,,,
東淀川区,相川,2丁目,2番,,,,,,,,,,,,,,,,,,月木,,,,,,,水,,,,,,,,,,,,,,,,土,,,,,,,,,,,,,,,,,,,,,,月,,,,
東淀川区,相川,2丁目,3番,,,,,,,,,,,,,,,,,,月木,,,,,,,水,,,,,,,,,,,,,,,,土,,,,,,,,,,,,,,,,,,,,,,月,,,,
東淀川区,相川,2丁目,4番,,,,,,,,,,,,,,,,,,月木,,,,,,,,水,,,,,,,,,,,,,,,,土,,,,,,,,,,,,,,,,,,,,,月,,,,
東淀川区,相川,2丁目,5番,,,,,,,,,,,,,,,,,,月木,,,,,,,,水,,,,,,,,,,,,,,,,土,,,,,,,,,,,,,,,,,,,,,月,,,,
東淀川区,相川,2丁目,6番,,,,,,,,,,,,,,,,,,月木,,,,,,,,水,,,,,,,,,,,,,,,,土,,,,,,,,,,,,,,,,,,,,,月,,,,
東淀川区,相川,2丁目,7番,,,,,,,,,,,,,,,,,,月木,,,,,,,,水,,,,,,,,,,,,,,,,土,,,,,,,,,,,,,,,,,,,,,月,,,,
東淀川区,相川,2丁目,8番,,,,,,,,,,,,,,,,,,月木,,,,,,,水,,,,,,,,,,,,,,,,土,,,,,,,,,,,,,,,,,,,,,,月,,,,
東淀川区,相川,2丁目,9番,,,,,,,,,,,,,,,,,,月木,,,,,,,水,,,,,,,,,,,,,,,,土,,,,,,,,,,,,,,,,,,,,,,月,,,,
東淀川区,相川,2丁目,10番,,,,,,,,,,,,,,,,,,月木,,,,,,,水,,,,,,,,,,,,,,,,土,,,,,,,,,,,,,,,,,,,,,,月,,,,
東淀川区,相川,2丁目,11番,,,,,,,,,,,,,,,,,,月木,,,,,,,,水,,,,,,,,,,,,,,,,土,,,,,,,,,,,,,,,,,,,,,月,,,,
東淀川区,相川,2丁目,12番,,,,,,,,,,,,,,,,,,月木,,,,,,,水,,,,,,,,,,,,,,,,土,,,,,,,,,,,,,,,,,,,,月,,,,,,
東淀川区,相川,2丁目,13番,,,,,,,,,,,,,,,,,,月木,,,,,,,,水,,,,,,,,,,,,,,,,土,,,,,,,,,,,,,,,,,,,月,,,,,,
東淀川区,相川,2丁目,14番,,,,,,,,,,,,,,,,,,月木,,,,,,水,,,,,,,,,,,,,,,,土,,,,,,,,,,,,,,,,,,,,,月,,,,,,
東淀川区,相川,2丁目,15番,,,,,,,,,,,,,,,,,,月木,,,,,,,水,,,,,,,,,,,,,,,,土,,,,,,,,,,,,,,,,,,,,月,,,,,,
東淀川区,相川,2丁目,16番,,,,,,,,,,,,,,,,,,月木,,,,,,,水,,,,,,,,,,,,,,,,土,,,,,,,,,,,,,,,,,,,,月,,,,,,
東淀川区,相川,2丁目,17番,,,,,,,,,,,,,,,,,,月木,,,,,,,水,,,,,,,,,,,,,,,,土,,,,,,,,,,,,,,,,,,,,月,,,,,,
東淀川区,相川,2丁目,19番,,,,,,,,,,,,,,,,,,月木,,,,,,,水,,,,,,,,,,,,,,,,土,,,,,,,,,,,,,,,,,,,,月,,,,,,
東淀川区,相川,2丁目,20番,,,,,,,,,,,,,,,,,,月木,,,,,,,水,,,,,,,,,,,,,,,,土,,,,,,,,,,,,,,,,,,,,月,,,,,,
東淀川区,相川,2丁目,21番,,,,,,,,,,,,,,,,,,月木,,,,,,,水,,,,,,,,,,,,,,,,土,,,,,,,,,,,,,,,,,,,,月,,,,,,
東淀川区,相川,2丁目,22番,,,,,,,,,,,,,,,,,,月木,,,,,,,水,,,,,,,,,,,,,,,,土,,,,,,,,,,,,,,,,,,,,月,,,,,,
東淀川区,相川,2丁目,23番,,,,,,,,,,,,,,,,,,月木,,,,,,,水,,,,,,,,,,,,,,,,土,,,,,,,,,,,,,,,,,,,,月,,,,,,
東淀川区,相川,2丁目,24番,,,,,,,,,,,,,,,,,,月木,,,,,,,水,,,,,,,,,,,,,,,,土,,,,,,,,,,,,,,,,,,,,月,,,,,,
東淀川区,相川,3丁目,1番,,,,,,,,,,,,,,,,,,月木,,,,,,,水,,,,,,,,,,,,,,,,土,,,,,,,,,,,,,,,,,,,,月,,,,,,
東淀川区,相川,3丁目,2番,,,,,,,,,,,,,,,,,,月木,,,,,,,水,,,,,,,,,,,,,,,,土,,,,,,,,,,,,,,,,,,,,月,,,,,,
東淀川区,相川,3丁目,3番,,,,,,,,,,,,,,,,,,月木,,,,,,,水,,,,,,,,,,,,,,,,土,,,,,,,,,,,,,,,,,,,,月,,,,,,
東淀川区,相川,3丁目,4番,,,,,,,,,,,,,,,,,,月木,,,,,,,水,,,,,,,,,,,,,,,,土,,,,,,,,,,,,,,,,,,,,月,,,,,,
東淀川区,相川,3丁目,5番,,,,,,,,,,,,,,,,,,月木,,,,,,,水,,,,,,,,,,,,,,,,土,,,,,,,,,,,,,,,,,,,,月,,,,,,
東淀川区,相川,3丁目,6番,,,,,,,,,,,,,,,,,,月木,,,,,,,水,,,,,,,,,,,,,,,,土,,,,,,,,,,,,,,,,,,,,月,,,,,,
東淀川区,相川,3丁目,7番,,,,,,,,,,,,,,,,,,月木,,,,,,,水,,,,,,,,,,,,,,,,土,,,,,,,,,,,,,,,,,,,,月,,,,,,
東淀川区,相川,3丁目,8番,,,,,,,,,,,,,,,,,,月木,,,,,,,水,,,,,,,,,,,,,,,,土,,,,,,,,,,,,,,,,,,,,月,,,,,,
東淀川区,相川,3丁目,9番,,,,,,,,,,,,,,,,,,月木,,,,,,,水,,,,,,,,,,,,,,,,土,,,,,,,,,,,,,,,,,,,,月,,,,,,
東淀川区,相川,3丁目,10番,,,,,,,,,,,,,,,,,,月木,,,,,,,水,,,,,,,,,,,,,,,,土,,,,,,,,,,,,,,,,,,,,月,,,,,,
東淀川区,相川,3丁目,11番,,,,,,,,,,,,,,,,,,月木,,,,,,,水,,,,,,,,,,,,,,,,土,,,,,,,,,,,,,,,,,,,,月,,,,,,
東淀川区,相川,3丁目,12番,,,,,,,,,,,,,,,,,,月木,,,,,,,水,,,,,,,,,,,,,,,,土,,,,,,,,,,,,,,,,,,,,月,,,,,,
東淀川区,相川,3丁目,13番,,,,,,,,,,,,,,,,,,月木,,,,,,,水,,,,,,,,,,,,,,,,土,,,,,,,,,,,,,,,,,,,,月,,,,,,
東淀川区,相川,3丁目,14番,,,,,,,,,,,,,,,,,,月木,,,,,,,水,,,,,,,,,,,,,,,,土,,,,,,,,,,,,,,,,,,,,月,,,,,,
東淀川区,淡路,1丁目,1番,,,,,,,,,,,,,,,,月木,,,,,,,火,,,,,,,,,,,,,,,,金,,,,,,,,,,,,,,,,,,土,,,,,,,,,,
東淀川区,淡路,1丁目,2番,,,,,,,,,,,,,,,,月木,,,,,,,火,,,,,,,,,,,,,,,,金,,,,,,,,,,,,,,,,,,土,,,,,,,,,,
東淀川区,淡路,1丁目,3番,,,,,,,,,,,,,,,,月木,,,,,,,,,,,,,,火,,,,,,,,,,,,,,,,金,,,,,,,,,,,土,,,,,,,,,,
東淀川区,淡路,1丁目,4番,,,,,,,,,,,,,,,,月木,,,,,,,火,,,,,,,,,,,,,,,,金,,,,,,,,,,,,,,,,,,土,,,,,,,,,,
東淀川区,淡路,1丁目,5番,,,,,,,,,,,,,,,,月木,,,,,,,火,,,,,,,,,,,,,,,,金,,,,,,,,,,,,,,,,,,土,,,,,,,,,,
東淀川区,淡路,1丁目,6番,軽四輪車(小さい車)で収集している地域,,,,,,,,,,,,,,,,,月木,,,,,,,,,,,,火,,,,,,,,,,,,,,,,金,,,,,,,,,,,,,,,,,土,,,,
東淀川区,淡路,1丁目,6番,6･7･22号　11号(グリーンコーポ),,,,,,,,,,,,,,,,,月木,,,,,,,,,,,,火,,,,,,,,,,,,,,,,金,,,,,,,,,,,,,,,,,土,,,,
東淀川区,淡路,1丁目,6番,上記以外,,,,,,,,,,,,,,,月木,,,,,,,,,,,,,,火,,,,,,,,,,,,,,,,金,,,,,,,,,,,土,,,,,,,,,,
東淀川区,淡路,1丁目,7番,軽四輪車(小さい車)で収集している地域,,,,,,,,,,,,,,,,,月木,,,,,,,,,,,,,火,,,,,,,,,,,,,,,,金,,,,,,,,,,,,,,,,土,,,,
東淀川区,淡路,1丁目,7番,17･18･20号,,,,,,,,,,,,,,,,,月木,,,,,火,,,,,,,,,,,,,,,,金,,,,,,,,,,,,,,,,,,,,,,,,土,,,,
東淀川区,淡路,1丁目,7番,上記以外,,,,,,,,,,,,,,,月木,,,,,,,火,,,,,,,,,,,,,,,,金,,,,,,,,,,,,,,,,,,土,,,,,,,,,,
東淀川区,淡路,1丁目,8番,軽四輪車(小さい車)で収集している地域,,,,,,,,,,,,,,,,,月木,,,,,火,,,,,,,,,,,,,,,,金,,,,,,,,,,,,,,,,,,,,,,,,土,,,,
東淀川区,淡路,1丁目,8番,22~25号,,,,,,,,,,,,,,,,,月木,,,,,火,,,,,,,,,,,,,,,,金,,,,,,,,,,,,,,,,,,土,,,,,,,,,,
東淀川区,淡路,1丁目,8番,上記以外,,,,,,,,,,,,,,,月木,,,,,,,火,,,,,,,,,,,,,,,,金,,,,,,,,,,,,,,,,,,土,,,,,,,,,,
東淀川区,淡路,1丁目,9番,軽四輪車(小さい車)で収集している地域,,,,,,,,,,,,,,,,,月木,,,,,,,,,,,,,火,,,,,,,,,,,,,,,,金,,,,,,,,,,,,,,,,土,,,,
東淀川区,淡路,1丁目,9番,8･7･10･12･14号,,,,,,,,,,,,,,,,,月木,,,,,火,,,,,,,,,,,,,,,,金,,,,,,,,,,,,,,,,,,土,,,,,,,,,,
東淀川区,淡路,1丁目,9番,上記以外,,,,,,,,,,,,,,,月木,,,,,,,火,,,,,,,,,,,,,,,,金,,,,,,,,,,,,,,,,,,土,,,,,,,,,,
東淀川区,淡路,1丁目,10番,,,,,,,,,,,,,,,,月木,,,,,,,火,,,,,,,,,,,,,,,,金,,,,,,,,,,,,,,,,,,土,,,,,,,,,,
東淀川区,淡路,1丁目,11番,軽四輪車(小さい車)で収集している地域,,,,,,,,,,,,,,,,,月木,,,,,,,,,,,,,火,,,,,,,,,,,,,,,,金,,,,,,,,,,,,,,,,土,,,,
東淀川区,淡路,1丁目,11番,6･7号,,,,,,,,,,,,,,,,,月木,,,,,火,,,,,,,,,,,,,,,,金,,,,,,,,,,,,,,,,,,土,,,,,,,,,,
東淀川区,淡路,1丁目,11番,上記以外,,,,,,,,,,,,,,,月木,,,,,,,火,,,,,,,,,,,,,,,,金,,,,,,,,,,,,,,,,,,土,,,,,,,,,,
東淀川区,淡路,1丁目,12番,軽四輪車(小さい車)で収集している地域,,,,,,,,,,,,,,,,,月木,,,,,,,,,,,,,火,,,,,,,,,,,,,,,,金,,,,,,,,,,,,,,,,土,,,,
東淀川区,淡路,1丁目,12番,4･5･9･11･12~15･17･29号,,,,,,,,,,,,,,,,,月木,,,,,火,,,,,,,,,,,,,,,,金,,,,,,,,,,,,,,,,,,土,,,,,,,,,,
東淀川区,淡路,1丁目,12番,上記以外,,,,,,,,,,,,,,,月木,,,,,,,火,,,,,,,,,,,,,,,,金,,,,,,,,,,,,,,,,,,,,,,,,土,,,,
東淀川区,淡路,1丁目,13番,軽四輪車(小さい車)で収集している地域,,,,,,,,,,,,,,,,,月木,,,,,,,,,,,,,火,,,,,,,,,,,,,,,,金,,,,,,,,,,,,,,,,土,,,,
東淀川区,淡路,1丁目,13番,3･5･7~9･18号,,,,,,,,,,,,,,,,,月木,,,,,火,,,,,,,,,,,,,,,,金,,,,,,,,,,,,,,,,,,土,,,,,,,,,,
東淀川区,淡路,1丁目,13番,上記以外,,,,,,,,,,,,,,,月木,,,,,,,火,,,,,,,,,,,,,,,,金,,,,,,,,,,,,,,,,,,土,,,,,,,,,,
東淀川区,淡路,1丁目,14番,軽四輪車(小さい車)で収集している地域,,,,,,,,,,,,,,,,,月木,,,,,,,,,,,,,火,,,,,,,,,,,,,,,,金,,,,,,,,,,,,,,,,土,,,,
東淀川区,淡路,1丁目,14番,1~4･29~31号,,,,,,,,,,,,,,,,,月木,,,,,火,,,,,,,,,,,,,,,,金,,,,,,,,,,,,,,,,,,,,,,,,土,,,,
東淀川区,淡路,1丁目,14番,上記以外,,,,,,,,,,,,,,,月木,,,,,,,火,,,,,,,,,,,,,,,,金,,,,,,,,,,,,,,,,,,土,,,,,,,,,,
東淀川区,淡路,1丁目,15番,軽四輪車(小さい車)で収集している地域,,,,,,,,,,,,,,,,,月木,,,,,,,,,,,,,火,,,,,,,,,,,,,,,,金,,,,,,,,,,,,,,,,土,,,,
東淀川区,淡路,1丁目,15番,11･21~23号 1号(クリーンハイツ弐番館),,,,,,,,,,,,,,,,,月木,,,,,火,,,,,,,,,,,,,,,,金,,,,,,,,,,,,,,,,,,土,,,,,,,,,,
東淀川区,淡路,1丁目,15番,上記以外,,,,,,,,,,,,,,,月木,,,,,,,火,,,,,,,,,,,,,,,,金,,,,,,,,,,,,,,,,,,土,,,,,,,,,,
東淀川区,淡路,1丁目,16番,軽四輪車(小さい車)で収集している地域,,,,,,,,,,,,,,,,,月木,,,,,,,,,,,,,火,,,,,,,,,,,,,,,,金,,,,,,,,,,,,,,,,土,,,,
東淀川区,淡路,1丁目,16番,4･5･7･8･10･11号,,,,,,,,,,,,,,,,,月木,,,,,火,,,,,,,,,,,,,,,,金,,,,,,,,,,,,,,,,,,,,,,,,,,,,
東淀川区,淡路,1丁目,16番,上記以外,,,,,,,,,,,,,,,月木,,,,,,,火,,,,,,,,,,,,,,,,金,,,,,,,,,,,,,,,,,,土,,,,,,,,,,
東淀川区,淡路,1丁目,17番,軽四輪車(小さい車)で収集している地域,,,,,,,,,,,,,,,,,月木,,,,,,,,,,,,,火,,,,,,,,,,,,,,,,金,,,,,,,,,,,,,,,,土,,,,
東淀川区,淡路,1丁目,17番,上記以外,,,,,,,,,,,,,,,月木,,,,,,,火,,,,,,,,,,,,,,,,金,,,,,,,,,,,,,,,,,,土,,,,,,,,,,
東淀川区,淡路,1丁目,18番,軽四輪車(小さい車)で収集している地域,,,,,,,,,,,,,,,,,月木,,,,,,,,,,,,,火,,,,,,,,,,,,,,,,金,,,,,,,,,,土,,,,,,,,,,
東淀川区,淡路,1丁目,18番,上記以外,,,,,,,,,,,,,,,月木,,,,,,,火,,,,,,,,,,,,,,,,金,,,,,,,,,,,,,,,,,,土,,,,,,,,,,
東淀川区,淡路,1丁目,19番,軽四輪車(小さい車)で収集している地域,,,,,,月木,,,,,,,,,,,,,,,,,,,,,,,,火,,,,,,,,,,,,,,,,金,,,,,,,,,,,,,,,,土,,,,
東淀川区,淡路,1丁目,19番,上記以外,,,,月木,,,,,,,,,,,,,,,,,,火,,,,,,,,,,,,,,,,金,,,,,,,,,,,,,,,,,,土,,,,,,,,,,
東淀川区,淡路,1丁目,20番,軽四輪車(小さい車)で収集している地域,,,,,,月木,,,,,,,,,,,,,,,,,,,,,,,,火,,,,,,,,,,,,,,,,金,,,,,,,,,,,,,,,,土,,,,
東淀川区,淡路,1丁目,20番,上記以外,,,,月木,,,,,,,,,,,,,,,,,,火,,,,,,,,,,,,,,,,金,,,,,,,,,,,,,,,,,,土,,,,,,,,,,
東淀川区,淡路,1丁目,21番,軽四輪車(小さい車)で収集している地域,,,,,,月木,,,,,,,,,,,,,,,,火,,,,,,,,,,,,,,,,金,,,,,,,,,,,,,,,,,,,,,,,,土,,,,
東淀川区,淡路,1丁目,21番,上記以外,,,,月木,,,,,,,,,,,,,,,,,,火,,,,,,,,,,,,,,,,金,,,,,,,,,,,,,,,,,,土,,,,,,,,,,
東淀川区,淡路,1丁目,22番,軽四輪車(小さい車)で収集している地域,,,,,,月木,,,,,,,,,,,,,,,,,火,,,,,,,,,,,,,,,,金,,,,,,,,,,,,,,,,,,,,,,,土,,,,
東淀川区,淡路,1丁目,22番,上記以外,,,,月木,,,,,,,,,,,,,,,,,,,火,,,,,,,,,,,,,,,,金,,,,,,,,,,,,,,,,,土,,,,,,,,,,
東淀川区,淡路,1丁目,23番,軽四輪車(小さい車)で収集している地域,,,,,,月木,,,,,,,,,,,,,,,,,,,,,,,火,,,,,,,,,,,,,,,,金,,,,,,,,,,,,,,,,,土,,,,
東淀川区,淡路,1丁目,23番,上記以外,,,,月木,,,,,,,,,,,,,,,,,,,,,,,,,火,,,,,,,,,,,,,,,,金,,,,,,,,,,,土,,,,,,,,,,
東淀川区,淡路,1丁目,24番,軽四輪車(小さい車)で収集している地域,,,,,,月木,,,,,,,,,,,,,,,,,,,,,,,,火,,,,,,,,,,,,,,,,金,,,,,,,,,,,,,,,,土,,,,
東淀川区,淡路,1丁目,24番,上記以外,,,,月木,,,,,,,,,,,,,,,,,,火,,,,,,,,,,,,,,,,金,,,,,,,,,,,,,,,,,,土,,,,,,,,,,
東淀川区,淡路,1丁目,25番,軽四輪車(小さい車)で収集している地域,,,,,,月木,,,,,,,,,,,,,,,,,,,,,,,,火,,,,,,,,,,,,,,,,金,,,,,,,,,,,,,,,,土,,,,
東淀川区,淡路,1丁目,25番,上記以外,,,,月木,,,,,,,,,,,,,,,,,,火,,,,,,,,,,,,,,,,金,,,,,,,,,,,,,,,,,,土,,,,,,,,,,
東淀川区,淡路,1丁目,26番,軽四輪車(小さい車)で収集している地域,,,,,,月木,,,,,,,,,,,,,,,,,,,,,,,,火,,,,,,,,,,,,,,,,金,,,,,,,,,,,,,,,,土,,,,
東淀川区,淡路,1丁目,26番,上記以外,,,,月木,,,,,,,,,,,,,,,,,,火,,,,,,,,,,,,,,,,金,,,,,,,,,,,,,,,,,,土,,,,,,,,,,
東淀川区,淡路,2丁目,1番,,,,,,,,,,,,,,,,月木,,,,,,,,火,,,,,,,,,,,,,,,,金,,,,,,,,,,,,,,,,,土,,,,,,,,,,
東淀川区,淡路,2丁目,2番,,,,,,,,,,,,,,,,月木,,,,,,,,火,,,,,,,,,,,,,,,,金,,,,,,,,,,,,,,,,,土,,,,,,,,,,
東淀川区,淡路,2丁目,3番,軽四輪車(小さい車)で収集している地域,,,,,,,,,,,,,,,,,月木,,,,,,,,,,,,,火,,,,,,,,,,,,,,,,金,,,,,,,,,,土,,,,,,,,,,
東淀川区,淡路,2丁目,3番,上記以外,,,,,,,,,,,,,,,月木,,,,,,,火,,,,,,,,,,,,,,,,金,,,,,,,,,,,,,,,,,,土,,,,,,,,,,
東淀川区,淡路,2丁目,4番,,,,,,,,,,,,,,,,月木,,,,,,,,火,,,,,,,,,,,,,,,,金,,,,,,,,,,,,,,,,,土,,,,,,,,,,
東淀川区,淡路,2丁目,5番,,,,,,,,,,,,,,,,月木,,,,,,,火,,,,,,,,,,,,,,,,金,,,,,,,,,,,,,,,,,,土,,,,,,,,,,
東淀川区,淡路,2丁目,6番,,,,,,,,,,,,,,,,月木,,,,,,,,火,,,,,,,,,,,,,,,,金,,,,,,,,,,,,,,,,,土,,,,,,,,,,
東淀川区,淡路,2丁目,7番,,,,,,,,,,,,,,,,月木,,,,,,,,火,,,,,,,,,,,,,,,,金,,,,,,,,,,,,,,,,,土,,,,,,,,,,
東淀川区,淡路,2丁目,8番,,,,,,,,,,,,,,,,月木,,,,,,,,火,,,,,,,,,,,,,,,,金,,,,,,,,,,,,,,,,,土,,,,,,,,,,
東淀川区,淡路,2丁目,9番,,,,,,,,,,,,,,,,月木,,,,,,,,,,,火,,,,,,,,,,,,,,,,金,,,,,,,,,,,,,,土,,,,,,,,,,
東淀川区,淡路,2丁目,10番,,,,,,,,,,,,,,,,月木,,,,,,,火,,,,,,,,,,,,,,,,金,,,,,,,,,,,,,,,,,,土,,,,,,,,,,
東淀川区,淡路,2丁目,11番,,,,,,,,,,,,,,,,月木,,,,,,,火,,,,,,,,,,,,,,,,金,,,,,,,,,,,,,,,,,,土,,,,,,,,,,
東淀川区,淡路,2丁目,12番,軽四輪車(小さい車)で収集している地域,,,,,,,,,,,,,,,,,月木,,,,,,,,,,,,,火,,,,,,,,,,,,,,,,金,,,,,,,,,,土,,,,,,,,,,
東淀川区,淡路,2丁目,12番,上記以外,,,,,,,,,,,,,,,月木,,,,,,,火,,,,,,,,,,,,,,,,金,,,,,,,,,,,,,,,,,,土,,,,,,,,,,
東淀川区,淡路,2丁目,13番,,,,,月木,,,,,,,,,,,,,,,,,,火,,,,,,,,,,,,,,,,金,,,,,,,,,,,,,,,,,,土,,,,,,,,,,
東淀川区,淡路,2丁目,14番,軽四輪車(小さい車)で収集している地域,,,,,,,,,,,,,,,,,月木,,,,,,,,,,,,,火,,,,,,,,,,,,,,,,金,,,,,,,,,,土,,,,,,,,,,
東淀川区,淡路,2丁目,14番,上記以外,,,,月木,,,,,,,,,,,,,,,,,,火,,,,,,,,,,,,,,,,金,,,,,,,,,,,,,,,,,,土,,,,,,,,,,
東淀川区,淡路,2丁目,15番,,,,,,,,,,,,,,,,月木,,,,,,,火,,,,,,,,,,,,,,,,金,,,,,,,,,,,,,,,,,,土,,,,,,,,,,
東淀川区,淡路,2丁目,16番,軽四輪車(小さい車)で収集している地域,,,,,,,,,,,,,,,,,月木,,,,,,,,,,,,,火,,,,,,,,,,,,,,,,金,,,,,,,,,,土,,,,,,,,,,
東淀川区,淡路,2丁目,16番,上記以外,,,,月木,,,,,,,,,,,,,,,,,,火,,,,,,,,,,,,,,,,金,,,,,,,,,,,,,,,,,,土,,,,,,,,,,
東淀川区,淡路,3丁目,1番,,,,,,,,,,,,,,,,月木,,,,,,,,火,,,,,,,,,,,,,,,,金,,,,,,,,,,,,,,,,,土,,,,,,,,,,
東淀川区,淡路,3丁目,2番,,,,,月木,,,,,,,,,,,,,,,,,,火,,,,,,,,,,,,,,,,金,,,,,,,,,,,,,,,,,,土,,,,,,,,,,
東淀川区,淡路,3丁目,3番,軽四輪車(小さい車)で収集している地域,,,,,,,,,,,,,,,,,月木,,,,,火,,,,,,,,,,,,,,,,金,,,,,,,,,,,,,,,,,,土,,,,,,,,,,
東淀川区,淡路,3丁目,3番,上記以外,,,,月木,,,,,,,,,,,,,,,,,,火,,,,,,,,,,,,,,,,金,,,,,,,,,,,,,,,,,,土,,,,,,,,,,
東淀川区,淡路,3丁目,4番,軽四輪車(小さい車)で収集している地域,,,月木,,,,,,,,,,,,,,,,,,,,火,,,,,,,,,,,,,,,,金,,,,,,,,,,,,,,,,,土,,,,,,,,,,
東淀川区,淡路,3丁目,4番,15･17~19号,,,,月木,,,,,,,,,,,,,,,,,,,火,,,,,,,,,,,,,,,,金,,,,,,,,,,,,,,,,,土,,,,,,,,,,
東淀川区,淡路,3丁目,4番,上記以外,,,,月木,,,,,,,,,,,,,,,,,,,火,,,,,,,,,,,,,,,,金,,,,,,,,,,,,,,,,,土,,,,,,,,,,
東淀川区,淡路,3丁目,5番,軽四輪車(小さい車)で収集している地域,,,月木,,,,,,,,,,,,,,,,,,,,,,,,,,,火,,,,,,,,,,,,,,,,金,,,,,,,,,,土,,,,,,,,,,
東淀川区,淡路,3丁目,5番,2･22~24･27号,,,,月木,,,,,,,,,,,,,,,,,,火,,,,,,,,,,,,,,,,金,,,,,,,,,,,,,,,,,,土,,,,,,,,,,
東淀川区,淡路,3丁目,5番,上記以外,,,,月木,,,,,,,,,,,,,,,,,,火,,,,,,,,,,,,,,,,金,,,,,,,,,,,,,,,,,,土,,,,,,,,,,
東淀川区,淡路,3丁目,6番,軽四輪車(小さい車)で収集している地域,,,,月木,,,,,,,,,,,,,,,,,,,,,,,,,,火,,,,,,,,,,,,,,,,金,,,,,,,,,,土,,,,,,,,,,
東淀川区,淡路,3丁目,6番,8･37~40･45･54･62･70~74号,,,,,月木,,,,,,,,,,,,,,,,,火,,,,,,,,,,,,,,,,金,,,,,,,,,,,,,,,,,,土,,,,,,,,,,
東淀川区,淡路,3丁目,6番,13･17･18(3連BOX)･23~25･32･35･36･77号,,,,月木,,,,,,,,,,,,,,,,,,火,,,,,,,,,,,,,,,,金,,,,,,,,,,,,,,,,,,土,,,,,,,,,,
東淀川区,淡路,3丁目,6番,上記以外,,,,月木,,,,,,,,,,,,,,,,,,火,,,,,,,,,,,,,,,,金,,,,,,,,,,,,,,,,,,土,,,,,,,,,,
東淀川区,淡路,3丁目,7番,軽四輪車(小さい車)で収集している地域,,,月木,,,,,,,,,,,,,,,,,,,,,,,,,,,火,,,,,,,,,,,,,,,,金,,,,,,,,,,土,,,,,,,,,,
東淀川区,淡路,3丁目,7番,1･17･18号,,,,,月木,,,,,,,,,,,,,,,,,火,,,,,,,,,,,,,,,,金,,,,,,,,,,,,,,,,,,土,,,,,,,,,,
東淀川区,淡路,3丁目,7番,上記以外,,,,月木,,,,,,,,,,,,,,,,,,火,,,,,,,,,,,,,,,,金,,,,,,,,,,,,,,,,,,土,,,,,,,,,,
東淀川区,淡路,3丁目,8番,軽四輪車(小さい車)で収集している地域,,,月木,,,,,,,,,,,,,,,,,,,,,,,,,,火,,,,,,,,,,,,,,,,金,,,,,,,,,,,土,,,,,,,,,,
東淀川区,淡路,3丁目,8番,2･3･7~17･19･20･22~25･44号,,,,月木,,,,,,,,,,,,,,,,,,,,,,,,,火,,,,,,,,,,,,,,,,金,,,,,,,,,,,土,,,,,,,,,,
東淀川区,淡路,3丁目,8番,2･3･7~17･19･20･22~25･32･33･37･38･40･43･44･47･48号,,,,,月木,,,,,,,,,,,,,,,,,,,,,,,,火,,,,,,,,,,,,,,,,金,,,,,,,,,,,土,,,,,,,,,,
東淀川区,淡路,3丁目,8番,上記以外,,,,月木,,,,,,,,,,,,,,,,,,,,,,,,,火,,,,,,,,,,,,,,,,金,,,,,,,,,,,土,,,,,,,,,,
東淀川区,淡路,3丁目,9番,軽四輪車(小さい車)で収集している地域,,,,,,,,,,,,,,,,,月木,,,,,,,,,,,,,火,,,,,,,,,,,,,,,,金,,,,,,,,,,土,,,,,,,,,,
東淀川区,淡路,3丁目,9番,2･9･10･12~14号,,,,月木,,,,,,,,,,,,,,,,,,火,,,,,,,,,,,,,,,,金,,,,,,,,,,,,,,,,,,土,,,,,,,,,,
東淀川区,淡路,3丁目,9番,上記以外,,,,月木,,,,,,,,,,,,,,,,,,火,,,,,,,,,,,,,,,,金,,,,,,,,,,,,,,,,,,土,,,,,,,,,,
東淀川区,淡路,3丁目,10番,軽四輪車(小さい車)で収集している地域,,,,,,,,,,,,,,,,,月木,,,,,,,,,,,,火,,,,,,,,,,,,,,,,金,,,,,,,,,,,土,,,,,,,,,,
東淀川区,淡路,3丁目,10番,3~8･18~21号,,,,月木,,,,,,,,,,,,,,,,,,,,,,,,,火,,,,,,,,,,,,,,,,金,,,,,,,,,,,土,,,,,,,,,,
東淀川区,淡路,3丁目,10番,2･12号,,,,月木,,,,,,,,,,,,,,,,,,,,,,,,,火,,,,,,,,,,,,,,,,金,,,,,,,,,,,土,,,,,,,,,,
東淀川区,淡路,3丁目,10番,上記以外,,,,月木,,,,,,,,,,,,,,,,,,,,,,,,,火,,,,,,,,,,,,,,,,金,,,,,,,,,,,土,,,,,,,,,,
東淀川区,淡路,3丁目,11番,軽四輪車(小さい車)で収集している地域,,,,,,,,,,,,,,,,,月木,,,,,,,,,,,,火,,,,,,,,,,,,,,,,金,,,,,,,,,,,土,,,,,,,,,,
東淀川区,淡路,3丁目,11番,5･7･9~12号,,,,月木,,,,,,,,,,,,,,,,,,,,,,,,,火,,,,,,,,,,,,,,,,金,,,,,,,,,,,土,,,,,,,,,,
東淀川区,淡路,3丁目,11番,上記以外,,,,月木,,,,,,,,,,,,,,,,,,,,,,,,,火,,,,,,,,,,,,,,,,金,,,,,,,,,,,土,,,,,,,,,,
東淀川区,淡路,3丁目,12番,軽四輪車(小さい車)で収集している地域,,,,,,,,,,,,,,,,,月木,,,,,,,,,,,,火,,,,,,,,,,,,,,,,金,,,,,,,,,,,土,,,,,,,,,,
東淀川区,淡路,3丁目,12番,1~5･8･24~26号,,,,月木,,,,,,,,,,,,,,,,,,,,,,,,,火,,,,,,,,,,,,,,,,金,,,,,,,,,,,土,,,,,,,,,,
東淀川区,淡路,3丁目,12番,上記以外,,,,月木,,,,,,,,,,,,,,,,,,,,,,,,,火,,,,,,,,,,,,,,,,金,,,,,,,,,,,土,,,,,,,,,,
東淀川区,淡路,3丁目,13番,軽四輪車(小さい車)で収集している地域,,,,,,,,,,,,,,,,,,,,,,,,,,,,,,火,,,,,,,,,,,,,,,,金,,,,,,,,,,土,,,,,,,,,,
東淀川区,淡路,3丁目,13番,上記以外,,,,月木,,,,,,,,,,,,,,,,,,火,,,,,,,,,,,,,,,,金,,,,,,,,,,,,,,,,,,土,,,,,,,,,,
東淀川区,淡路,3丁目,14番,,,,,月木,,,,,,,,,,,,,,,,,,火,,,,,,,,,,,,,,,,金,,,,,,,,,,,,,,,,,,土,,,,,,,,,,
東淀川区,淡路,3丁目,15番,,,,,月木,,,,,,,,,,,,,,,,,,火,,,,,,,,,,,,,,,,金,,,,,,,,,,,,,,,,,,,,,,,,土,,,,
東淀川区,淡路,3丁目,16番,,,,,月木,,,,,,,,,,,,,,,,,,火,,,,,,,,,,,,,,,,金,,,,,,,,,,,,,,,,,,,,,,,,土,,,,
東淀川区,淡路,3丁目,17番,軽四輪車(小さい車)で収集している地域,,,,,,月木,,,,,,,,,,,,,,,,火,,,,,,,,,,,,,,,,金,,,,,,,,,,,,,,,,土,,,,,,,,,,,,
東淀川区,淡路,3丁目,17番,23~25･27.28号,,,,月木,,,,,,,,,,,,,,,,,,火,,,,,,,,,,,,,,,,金,,,,,,,,,,,,,,,,土,,,,,,,,,,,,
東淀川区,淡路,3丁目,17番,レジオン淡路,,,,月木,,,,,,,,,,,,,,,,,,火,,,,,,,,,,,,,,,,金,,,,,,,,,,,,,,,,土,,,,,,,,,,,,
東淀川区,淡路,3丁目,17番,上記以外,,,,月木,,,,,,,,,,,,,,,,,,火,,,,,,,,,,,,,,,,金,,,,,,,,,,,,,,,,,,,,,,,,土,,,,
東淀川区,淡路,3丁目,18番,,,,,月木,,,,,,,,,,,,,,,,,,火,,,,,,,,,,,,,,,,金,,,,,,,,,,,,,,,,,,,,,,,,土,,,,
東淀川区,淡路,3丁目,19番,,,,,月木,,,,,,,,,,,,,,,,,,火,,,,,,,,,,,,,,,,金,,,,,,,,,,,,,,,,,,,,,,,,土,,,,
東淀川区,淡路,3丁目,20番,,,,,月木,,,,,,,,,,,,,,,,,,火,,,,,,,,,,,,,,,,金,,,,,,,,,,,,,,,,,,,,,,,,土,,,,
東淀川区,淡路,3丁目,21番,,,,,月木,,,,,,,,,,,,,,,,,,火,,,,,,,,,,,,,,,,金,,,,,,,,,,,,,,,,,,,,,,,,土,,,,
東淀川区,淡路,4丁目,1番,,,,,月木,,,,,,,,,,,,,,,,,,火,,,,,,,,,,,,,,,,金,,,,,,,,,,,,,,,,,,土,,,,,,,,,,
東淀川区,淡路,4丁目,2番,,,,,月木,,,,,,,,,,,,,,,,,,火,,,,,,,,,,,,,,,,金,,,,,,,,,,,,,,,,,,土,,,,,,,,,,
東淀川区,淡路,4丁目,3番,,,,,月木,,,,,,,,,,,,,,,,,,火,,,,,,,,,,,,,,,,金,,,,,,,,,,,,,,,,,,土,,,,,,,,,,
東淀川区,淡路,4丁目,4番,軽四輪車(小さい車)で収集している地域,,,,,,月木,,,,,,,,,,,,,,,,火,,,,,,,,,,,,,,,,金,,,,,,,,,,,,,,,,土,,,,,,,,,,,,
東淀川区,淡路,4丁目,4番,上記以外,,,,,,,,,,,,,,,月木,,,,,,,火,,,,,,,,,,,,,,,,金,,,,,,,,,,,,,,,,,,,,,,,,土,,,,
東淀川区,淡路,4丁目,5番,軽四輪車(小さい車)で収集している地域,,,,,,月木,,,,,,,,,,,,,,,,火,,,,,,,,,,,,,,,,金,,,,,,,,,,,,,,,,土,,,,,,,,,,,,
東淀川区,淡路,4丁目,5番,4･5･9･11･14･15･18号,,,,,,月木,,,,,,,,,,,,,,,,火,,,,,,,,,,,,,,,,金,,,,,,,,,,,,,,,,,,,,,,,,土,,,,
東淀川区,淡路,4丁目,5番,上記以外,,,,,,,,,,,,,,,月木,,,,,,,火,,,,,,,,,,,,,,,,金,,,,,,,,,,,,,,,,土,,,,,,,,,,,,
東淀川区,淡路,4丁目,6番,軽四輪車(小さい車)で収集している地域,,,,,,月木,,,,,,,,,,,,,,,,火,,,,,,,,,,,,,,,,金,,,,,,,,,,,,,,,,土,,,,,,,,,,,,
東淀川区,淡路,4丁目,6番,8･24~34･40･49号,,,,月木,,,,,,,,,,,,,,,,,,火,,,,,,,,,,,,,,,,金,,,,,,,,,,,,,,,,土,,,,,,,,,,,,
東淀川区,淡路,4丁目,6番,上記以外,,,,月木,,,,,,,,,,,,,,,,,,火,,,,,,,,,,,,,,,,金,,,,,,,,,,,,,,,,,,,,,,,,土,,,,
東淀川区,淡路,4丁目,7番,軽四輪車(小さい車)で収集している地域,,,,,,月木,,,,,,,,,,,,,,,,火,,,,,,,,,,,,,,,,金,,,,,,,,,,,,,,,,土,,,,,,,,,,,,
東淀川区,淡路,4丁目,7番,22~26号,,,,,,月木,,,,,,,,,,,,,,,,火,,,,,,,,,,,,,,,,金,,,,,,,,,,,,,,,,土,,,,,,,,,,,,
東淀川区,淡路,4丁目,7番,上記以外,,,,,,月木,,,,,,,,,,,,,,,,火,,,,,,,,,,,,,,,,金,,,,,,,,,,,,,,,,土,,,,,,,,,,,,
東淀川区,淡路,4丁目,8番,軽四輪車(小さい車)で収集している地域,,,,,,月木,,,,,,,,,,,,,,,,火,,,,,,,,,,,,,,,,金,,,,,,,,,,,,,,,,土,,,,,,,,,,,,
東淀川区,淡路,4丁目,8番,1･3号　11～18号　26～29号(持ち出し),,,,,,月木,,,,,,,,,,,,,,,,火,,,,,,,,,,,,,,,,金,,,,,,,,,,,,,,,,土,,,,,,,,,,,,
東淀川区,淡路,4丁目,8番,上記以外,,,,,,月木,,,,,,,,,,,,,,,,火,,,,,,,,,,,,,,,,金,,,,,,,,,,,,,,,,土,,,,,,,,,,,,
東淀川区,淡路,4丁目,9番,軽四輪車(小さい車)で収集している地域,,,,,,月木,,,,,,,,,,,,,,,,火,,,,,,,,,,,,,,,,金,,,,,,,,,,,,,,,,土,,,,,,,,,,,,
東淀川区,淡路,4丁目,9番,5･6号,,,,月木,,,,,,,,,,,,,,,,,,火,,,,,,,,,,,,,,,,金,,,,,,,,,,,,,,,,土,,,,,,,,,,,,
東淀川区,淡路,4丁目,9番,上記以外,,,,月木,,,,,,,,,,,,,,,,,,火,,,,,,,,,,,,,,,,金,,,,,,,,,,,,,,,,土,,,,,,,,,,,,
東淀川区,淡路,4丁目,10番,軽四輪車(小さい車)で収集している地域,,,,,,,,月木,,,,,,,,,,,,,,火,,,,,,,,,,,,,,,,金,,,,,,,,,,,,,,,,土,,,,,,,,,,,,
東淀川区,淡路,4丁目,10番,3･7.号,,,,,,,,月木,,,,,,,,,,,,,,火,,,,,,,,,,,,,,,,金,,,,,,,,,,,,,,,,土,,,,,,,,,,,,
東淀川区,淡路,4丁目,10番,16･17･19号,,,,,,月木,,,,,,,,,,,,,,,,火,,,,,,,,,,,,,,,,金,,,,,,,,,,,,,,,,土,,,,,,,,,,,,
東淀川区,淡路,4丁目,10番,上記以外,,,,,,月木,,,,,,,,,,,,,,,,火,,,,,,,,,,,,,,,,金,,,,,,,,,,,,,,,,土,,,,,,,,,,,,
東淀川区,淡路,4丁目,11番,軽四輪車(小さい車)で収集している地域,,,,,,月木,,,,,,,,,,,,,,,,火,,,,,,,,,,,,,,,,金,,,,,,,,,,,,,,,,土,,,,,,,,,,,,
東淀川区,淡路,4丁目,11番,1･10･11･15号,,,,,,月木,,,,,,,,,,,,,,,,火,,,,,,,,,,,,,,,,金,,,,,,,,,,,,,,,,土,,,,,,,,,,,,
東淀川区,淡路,4丁目,11番,上記以外,,,,,,月木,,,,,,,,,,,,,,,,火,,,,,,,,,,,,,,,,金,,,,,,,,,,,,,,,,土,,,,,,,,,,,,
東淀川区,淡路,4丁目,12番,,,,,,,月木,,,,,,,,,,,,,,,,火,,,,,,,,,,,,,,,,金,,,,,,,,,,,,,,,,土,,,,,,,,,,,,
東淀川区,淡路,4丁目,13番,軽四輪車(小さい車)で収集している地域,,,,,,月木,,,,,,,,,,,,,,,,火,,,,,,,,,,,,,,,,金,,,,,,,,,,,,,,,,土,,,,,,,,,,,,
東淀川区,淡路,4丁目,13番,20･21号,,,,月木,,,,,,,,,,,,,,,,,,火,,,,,,,,,,,,,,,,金,,,,,,,,,,,,,,,,土,,,,,,,,,,,,
東淀川区,淡路,4丁目,13番,上記以外,,,,月木,,,,,,,,,,,,,,,,,,火,,,,,,,,,,,,,,,,金,,,,,,,,,,,,,,,,,,,,,,,,土,,,,
東淀川区,淡路,4丁目,14番,軽四輪車(小さい車)で収集している地域,,,,,,,,月木,,,,,,,,,,,,,,火,,,,,,,,,,,,,,,,金,,,,,,,,,,,,,,,,土,,,,,,,,,,,,
東淀川区,淡路,4丁目,14番,10号,,,,,,,,月木,,,,,,,,,,,,,,火,,,,,,,,,,,,,,,,金,,,,,,,,,,,,,,,,土,,,,,,,,,,,,
東淀川区,淡路,4丁目,14番,13~15号号,,,,,,月木,,,,,,,,,,,,,,,,火,,,,,,,,,,,,,,,,金,,,,,,,,,,,,,,,,土,,,,,,,,,,,,
東淀川区,淡路,4丁目,14番,上記以外,,,,,,,,月木,,,,,,,,,,,,,,火,,,,,,,,,,,,,,,,金,,,,,,,,,,,,,,,,土,,,,,,,,,,,,
東淀川区,淡路,4丁目,15番,軽四輪車(小さい車)で収集している地域,,,,,,,,月木,,,,,,,,,,,,,,,,,,,,,,火,,,,,,,,,,,,,,,,金,,,,,,,,土,,,,,,,,,,,,
東淀川区,淡路,4丁目,15番,8･12･16号,,,,,,,,月木,,,,,,,,,,,,,,火,,,,,,,,,,,,,,,,金,,,,,,,,,,,,,,,,土,,,,,,,,,,,,
東淀川区,淡路,4丁目,15番,上記以外,,,,,,,,,,,,,,,,,月木,,,,,火,,,,,,,,,,,,,,,,金,,,,,,,,,,,,,,,,,,,,,,,,土,,,,
東淀川区,淡路,4丁目,16番,軽四輪車(小さい車)で収集している地域,,,,,,,,月木,,,,,,,,,,,,,,,,,,,,,,火,,,,,,,,,,,,,,,,金,,,,,,,,土,,,,,,,,,,,,
東淀川区,淡路,4丁目,16番,11~14号,,,,月木,,,,,,,,,,,,,,,,,,火,,,,,,,,,,,,,,,,金,,,,,,,,,,,,,,,,土,,,,,,,,,,,,
東淀川区,淡路,4丁目,16番,上記以外,,,,月木,,,,,,,,,,,,,,,,,,火,,,,,,,,,,,,,,,,金,,,,,,,,,,,,,,,,,,,,,,,,土,,,,
東淀川区,淡路,4丁目,17番,軽四輪車(小さい車)で収集している地域,,,,,,,,月木,,,,,,,,,,,,,,,,,,,,,,火,,,,,,,,,,,,,,,,金,,,,,,,,土,,,,,,,,,,,,
東淀川区,淡路,4丁目,17番,5･14~16･18･19号,,,,月木,,,,,,,,,,,,,,,,,,火,,,,,,,,,,,,,,,,金,,,,,,,,,,,,,,,,土,,,,,,,,,,,,
東淀川区,淡路,4丁目,17番,上記以外,,,,月木,,,,,,,,,,,,,,,,,,火,,,,,,,,,,,,,,,,金,,,,,,,,,,,,,,,,,,,,,,,,土,,,,
東淀川区,淡路,4丁目,18番,軽四輪車(小さい車)で収集している地域,,,,,,,,月木,,,,,,,,,,,,,,,,,,,,,,火,,,,,,,,,,,,,,,,金,,,,,,,,土,,,,,,,,,,,,
東淀川区,淡路,4丁目,18番,6･7･9~12号,,,,月木,,,,,,,,,,,,,,,,,,火,,,,,,,,,,,,,,,,金,,,,,,,,,,,,,,,,土,,,,,,,,,,,,
東淀川区,淡路,4丁目,18番,上記以外,,,,月木,,,,,,,,,,,,,,,,,,火,,,,,,,,,,,,,,,,金,,,,,,,,,,,,,,,,,,,,,,,,土,,,,
東淀川区,淡路,4丁目,19番,,,,,,,,,,,,,,,,,,月木,,,,,火,,,,,,,,,,,,,,,,金,,,,,,,,,,,,,,,,,,,,,,,,土,,,,
東淀川区,淡路,4丁目,20番,軽四輪車(小さい車)で収集している地域,,,,,,,,,,,,,,,,,月木,,,,,,,,,,,,,火,,,,,,,,,,,,,,,,金,,,,,,,,土,,,,,,,,,,,,
東淀川区,淡路,4丁目,20番,上記以外,,,,月木,,,,,,,,,,,,,,,,,,火,,,,,,,,,,,,,,,,金,,,,,,,,,,,,,,,,,,,,,,,,土,,,,
東淀川区,淡路,4丁目,21番,軽四輪車(小さい車)で収集している地域,,,,,,,,,,,,,,,,,月木,,,,,,,,,,,,,火,,,,,,,,,,,,,,,,金,,,,,,,,土,,,,,,,,,,,,
東淀川区,淡路,4丁目,21番,上記以外,,,,,,,,,,,,,,,,,月木,,,,,火,,,,,,,,,,,,,,,,金,,,,,,,,,,,,,,,,,,,,,,,,土,,,,
東淀川区,淡路,4丁目,22番,軽四輪車(小さい車)で収集している地域,,,,,,,,,,,,,,,,,月木,,,,,,,,,,,,,火,,,,,,,,,,,,,,,,金,,,,,,,,土,,,,,,,,,,,,
東淀川区,淡路,4丁目,22番,上記以外,,,,月木,,,,,,,,,,,,,,,,,,火,,,,,,,,,,,,,,,,金,,,,,,,,,,,,,,,,,,,,,,,,土,,,,
東淀川区,淡路,4丁目,23番,軽四輪車(小さい車)で収集している地域,,,,,,,,,,,,,,,,,月木,,,,,,,,,,,,,火,,,,,,,,,,,,,,,,金,,,,,,,,土,,,,,,,,,,,,
東淀川区,淡路,4丁目,23番,上記以外,,,,月木,,,,,,,,,,,,,,,,,,火,,,,,,,,,,,,,,,,金,,,,,,,,,,,,,,,,,,,,,,,,土,,,,
東淀川区,淡路,4丁目,24番,,,,,,,,,,,,,,,,,,月木,,,,,火,,,,,,,,,,,,,,,,金,,,,,,,,,,,,,,,,,,,,,,,,土,,,,
東淀川区,淡路,4丁目,25番,,,,,月木,,,,,,,,,,,,,,,,,,火,,,,,,,,,,,,,,,,金,,,,,,,,,,,,,,,,,,,,,,,,土,,,,
東淀川区,淡路,4丁目,26番,軽四輪車(小さい車)で収集している地域,,,,,,,,月木,,,,,,,,,,,,,,火,,,,,,,,,,,,,,,,金,,,,,,,,,,,,,,,,土,,,,,,,,,,,,
東淀川区,淡路,4丁目,26番,上記以外,,,,月木,,,,,,,,,,,,,,,,,,火,,,,,,,,,,,,,,,,金,,,,,,,,,,,,,,,,,,,,,,,,土,,,,
東淀川区,淡路,4丁目,27番,軽四輪車(小さい車)で収集している地域,,,,,,,,月木,,,,,,,,,,,,,,火,,,,,,,,,,,,,,,,金,,,,,,,,,,,,,,,,土,,,,,,,,,,,,
東淀川区,淡路,4丁目,27番,上記以外,,,,月木,,,,,,,,,,,,,,,,,,火,,,,,,,,,,,,,,,,金,,,,,,,,,,,,,,,,,,,,,,,,土,,,,
東淀川区,淡路,4丁目,28番,,,,,月木,,,,,,,,,,,,,,,,,,火,,,,,,,,,,,,,,,,金,,,,,,,,,,,,,,,,,,,,,,,,土,,,,
東淀川区,淡路,4丁目,29番,軽四輪車(小さい車)で収集している地域,,,,,,,,月木,,,,,,,,,,,,,,火,,,,,,,,,,,,,,,,金,,,,,,,,,,,,,,,,土,,,,,,,,,,,,
東淀川区,淡路,4丁目,29番,上記以外,,,,月木,,,,,,,,,,,,,,,,,,火,,,,,,,,,,,,,,,,金,,,,,,,,,,,,,,,,,,,,,,,,土,,,,
東淀川区,淡路,4丁目,30番,軽四輪車(小さい車)で収集している地域,,,,,,,,月木,,,,,,,,,,,,,,火,,,,,,,,,,,,,,,,金,,,,,,,,,,,,,,,,土,,,,,,,,,,,,
東淀川区,淡路,4丁目,30番,上記以外,,,,月木,,,,,,,,,,,,,,,,,,火,,,,,,,,,,,,,,,,金,,,,,,,,,,,,,,,,,,,,,,,,土,,,,
東淀川区,淡路,4丁目,31番,軽四輪車(小さい車)で収集している地域,,,,,,,,月木,,,,,,,,,,,,,,火,,,,,,,,,,,,,,,,金,,,,,,,,,,,,,,,,土,,,,,,,,,,,,
東淀川区,淡路,4丁目,31番,上記以外,,,,月木,,,,,,,,,,,,,,,,,,火,,,,,,,,,,,,,,,,金,,,,,,,,,,,,,,,,,,,,,,,,土,,,,
東淀川区,淡路,4丁目,32番,軽四輪車(小さい車)で収集している地域,,,,,,,,月木,,,,,,,,,,,,,,火,,,,,,,,,,,,,,,,金,,,,,,,,,,,,,,,,土,,,,,,,,,,,,
東淀川区,淡路,4丁目,32番,上記以外,,,,月木,,,,,,,,,,,,,,,,,,火,,,,,,,,,,,,,,,,金,,,,,,,,,,,,,,,,,,,,,,,,土,,,,
東淀川区,淡路,4丁目,33番,,,,,月木,,,,,,,,,,,,,,,,,,火,,,,,,,,,,,,,,,,金,,,,,,,,,,,,,,,,,,,,,,,,土,,,,
東淀川区,淡路,4丁目,34番,軽四輪車(小さい車)で収集している地域,,,,,,,,月木,,,,,,,,,,,,,,火,,,,,,,,,,,,,,,,金,,,,,,,,,,,,,,,,土,,,,,,,,,,,,
東淀川区,淡路,4丁目,34番,20号　26号(ホクト),,,,月木,,,,,,,,,,,,,,,,,,火,,,,,,,,,,,,,,,,金,,,,,,,,,,,,,,,,土,,,,,,,,,,,,
東淀川区,淡路,4丁目,34番,上記以外,,,,月木,,,,,,,,,,,,,,,,,,火,,,,,,,,,,,,,,,,金,,,,,,,,,,,,,,,,,,,,,,,,土,,,,
東淀川区,淡路,5丁目,1番,,,,,月木,,,,,,,,,,,,,,,,,,火,,,,,,,,,,,,,,,,金,,,,,,,,,,,,,,,,,,,,,,,,土,,,,
東淀川区,淡路,5丁目,2番,,,,,月木,,,,,,,,,,,,,,,,,,火,,,,,,,,,,,,,,,,金,,,,,,,,,,,,,,,,,,,,,,,,土,,,,
東淀川区,淡路,5丁目,3番,,,,,月木,,,,,,,,,,,,,,,,,,火,,,,,,,,,,,,,,,,金,,,,,,,,,,,,,,,,,,,,,,,,土,,,,
東淀川区,淡路,5丁目,4番,,,,,月木,,,,,,,,,,,,,,,,,,火,,,,,,,,,,,,,,,,金,,,,,,,,,,,,,,,,,,,,,,,,土,,,,
東淀川区,淡路,5丁目,5番,,,,,月木,,,,,,,,,,,,,,,,,,火,,,,,,,,,,,,,,,,金,,,,,,,,,,,,,,,,,,,,,,,,土,,,,
東淀川区,淡路,5丁目,6番,,,,,月木,,,,,,,,,,,,,,,,,,火,,,,,,,,,,,,,,,,金,,,,,,,,,,,,,,,,,,,,,,,,土,,,,
東淀川区,淡路,5丁目,7番,,,,,月木,,,,,,,,,,,,,,,,,,火,,,,,,,,,,,,,,,,金,,,,,,,,,,,,,,,,,,,,,,,,土,,,,
東淀川区,淡路,5丁目,8番,,,,,月木,,,,,,,,,,,,,,,,,,火,,,,,,,,,,,,,,,,金,,,,,,,,,,,,,,,,,,,,,,,,土,,,,
東淀川区,淡路,5丁目,9番,,,,,月木,,,,,,,,,,,,,,,,,,火,,,,,,,,,,,,,,,,金,,,,,,,,,,,,,,,,,,,,,,,,土,,,,
東淀川区,淡路,5丁目,10番,,,,,月木,,,,,,,,,,,,,,,,,,火,,,,,,,,,,,,,,,,金,,,,,,,,,,,,,,,,,,,,,,,,土,,,,
東淀川区,淡路,5丁目,11番,,,,,月木,,,,,,,,,,,,,,,,,,火,,,,,,,,,,,,,,,,金,,,,,,,,,,,,,,,,,,,,,,,,土,,,,
東淀川区,淡路,5丁目,12番,,,,,月木,,,,,,,,,,,,,,,,,,火,,,,,,,,,,,,,,,,金,,,,,,,,,,,,,,,,,,,,,,,,土,,,,
東淀川区,淡路,5丁目,13番,,,,,月木,,,,,,,,,,,,,,,,,,火,,,,,,,,,,,,,,,,金,,,,,,,,,,,,,,,,,,,,,,,,土,,,,
東淀川区,淡路,5丁目,14番,,,,,月木,,,,,,,,,,,,,,,,,,火,,,,,,,,,,,,,,,,金,,,,,,,,,,,,,,,,,,,,,,,,土,,,,
東淀川区,淡路,5丁目,15番,,,,,月木,,,,,,,,,,,,,,,,,,火,,,,,,,,,,,,,,,,金,,,,,,,,,,,,,,,,,,,,,,,,土,,,,
東淀川区,淡路,5丁目,16番,,,,,月木,,,,,,,,,,,,,,,,,,火,,,,,,,,,,,,,,,,金,,,,,,,,,,,,,,,,,,,,,,,,土,,,,
東淀川区,淡路,5丁目,17番,,,,,月木,,,,,,,,,,,,,,,,,,火,,,,,,,,,,,,,,,,金,,,,,,,,,,,,,,,,,,,,,,,,土,,,,
東淀川区,淡路,5丁目,18番,,,,,月木,,,,,,,,,,,,,,,,,,火,,,,,,,,,,,,,,,,金,,,,,,,,,,,,,,,,,,,,,,,,土,,,,
東淀川区,淡路,5丁目,19番,,,,,月木,,,,,,,,,,,,,,,,,,火,,,,,,,,,,,,,,,,金,,,,,,,,,,,,,,,,,,,,,,,,土,,,,
東淀川区,淡路,5丁目,20番,,,,,月木,,,,,,,,,,,,,,,,,,火,,,,,,,,,,,,,,,,金,,,,,,,,,,,,,,,,,,,,,,,,土,,,,
東淀川区,淡路,5丁目,21番,,,,,月木,,,,,,,,,,,,,,,,,,火,,,,,,,,,,,,,,,,金,,,,,,,,,,,,,,,,,,,,,,,,土,,,,
東淀川区,井高野,1丁目,1番,,,,,,,,,,,,,,,,,,火金,,,,,,,,,,,,,,,,,月,,,,,,,,,,,,,,,,木,,,,,,,,,,月,,,,,,
東淀川区,井高野,1丁目,2番,,,,,,,,,,,,,,,,,,火金,,,,,,,,,,,,,,,,,月,,,,,,,,,,,,,,,,木,,,,,,,,,,月,,,,,,
東淀川区,井高野,1丁目,4番,,,,,,,,,,,,,,,,,,火金,,,,,,,,,,,,,,月,,,,,,,,,,,,,,,,木,,,,,,,,,,,,,,,月,,,,
東淀川区,井高野,1丁目,26番,,,,,,,,,,,,,,,,,,火金,,,,,,,,,,,,,月,,,,,,,,,,,,,,,,,,木,,,,,,,,,,,,,,月,,,,
東淀川区,井高野,1丁目,27番,,,,,,,,,,,,,,,,,,火金,,,,,,,,,,,,,,,月,,,,,,,,,,,,,,,,木,,,,,,,,,,,,,,月,,,,
東淀川区,井高野,1丁目,28番,,,,,,,,,,,,,,,,,,火金,,,,,,,,,,,,,,,,,月,,,,,,,,,,,,,,,,木,,,,,,,,,,,,月,,,,
東淀川区,井高野,1丁目,29番,,,,,,,,,,,,,,,,,,火金,,,,,,,,,,,,,,,,,月,,,,,,,,,,,,,,,,木,,,,,,,,,,,,月,,,,
東淀川区,井高野,1丁目,30番,,,,,,,,,,,,,,,,,,火金,,,,,,,,,,,,,,,,,月,,,,,,,,,,,,,,,,木,,,,,,,,,,,,月,,,,
東淀川区,井高野,1丁目,31番,,,,,,,,,,,,,,,,,,火金,,,,,,,,,,,,,,,,,月,,,,,,,,,,,,,,,,木,,,,,,,,,,,,月,,,,
東淀川区,井高野,1丁目,32番,,,,,,,,,,,,,,,,,,火金,,,,,,,,,,,,,,,,,月,,,,,,,,,,,,,,,,木,,,,,,,,,,,,月,,,,
東淀川区,井高野,1丁目,33番,,,,,,,,,,,,,,,,,,火金,,,,,,,,,,,,,,,,,月,,,,,,,,,,,,,,,,木,,,,,,,,,,,,月,,,,
東淀川区,井高野,1丁目,34番,,,,,,,,,,,,,,,,,,火金,,,,,,,,,,,,,,,,,月,,,,,,,,,,,,,,,,木,,,,,,,,,,,,月,,,,
東淀川区,井高野,2丁目,1番,,,,,,,,,,,,,,,,,,火金,,,,,,,,,,,,,,,,月,,,,,,,,,,,,,,,,木,,,,,,,,,,,,,月,,,,
東淀川区,井高野,2丁目,2番,,,,,,,,,,,,,,,,,,火金,,,,,,,,,,,,,月,,,,,,,,,,,,,,,,木,,,,,,,,,,,,,,,,月,,,,
東淀川区,井高野,2丁目,3番,,,,,,,,,,,,,,,,,,火金,,,,,,,,,,,,,月,,,,,,,,,,,,,,,,木,,,,,,,,,,,,,,,,月,,,,
東淀川区,井高野,2丁目,4番,,,,,,,,,,,,,,,,,,火金,,,,,,,,,,,,,月,,,,,,,,,,,,,,,,木,,,,,,,,,,,,,,,,月,,,,
東淀川区,井高野,2丁目,5番,,,,,,,,,,,,,,,,,,火金,,,,,,,,,,,,,月,,,,,,,,,,,,,,,,木,,,,,,,,,,,,,,,,月,,,,
東淀川区,井高野,2丁目,6番,,,,,,,,,,,,,,,,,,火金,,,,,,,,,,,,,月,,,,,,,,,,,,,,,,木,,,,,,,,,,,,,,,,月,,,,
東淀川区,井高野,2丁目,7番,,,,,,,,,,,,,,,,,,火金,,,,,,,,,,,,,月,,,,,,,,,,,,,,,,木,,,,,,,,,,,,,,,,月,,,,
東淀川区,井高野,2丁目,8番,,,,,,,,,,,,,,,,,,火金,,,,,,,,,,,,,月,,,,,,,,,,,,,,,,木,,,,,,,,,,,,,,,,月,,,,
東淀川区,井高野,2丁目,9番,,,,,,,,,,,,,,,,,,火金,,,,,,,,,,,,,月,,,,,,,,,,,,,,,,木,,,,,,,,,,,,,,,,月,,,,
東淀川区,井高野,3丁目,1番,,,,,,,,,,,,,,,,,,火金,,,,,,,,,,,,,,,月,,,,,,,,,,,,,,,,木,,,,,,,,,,,,,,月,,,,
東淀川区,井高野,3丁目,2番,,,,,,,,,,,,,,,,,,火金,,,,,,,,,,,,,,,月,,,,,,,,,,,,,,,,木,,,,,,,,,,,,,,月,,,,
東淀川区,井高野,3丁目,3番,,,,,,,,,,,,,,,,,,火金,,,,,,,,,,,,,,,月,,,,,,,,,,,,,,,,木,,,,,,,,,,,,,,月,,,,
東淀川区,井高野,3丁目,4番,,,,,,,,,,,,,,,,,,火金,,,,,,,,,,,,,,月,,,,,,,,,,,,,,,,木,,,,,,,,,,,,,,,月,,,,
東淀川区,井高野,3丁目,5番,,,,,,,,,,,,,,,,,,火金,,,,,,,,,,,,,,月,,,,,,,,,,,,,,,,木,,,,,,,,,,,,,,,月,,,,
東淀川区,井高野,3丁目,6番,,,,,,,,,,,,,,,,,,火金,,,,,,,,,,,,,,月,,,,,,,,,,,,,,,,木,,,,,,,,,,,,,,,月,,,,
東淀川区,井高野,3丁目,7番,,,,,,,,,,,,,,,,,,火金,,,,,,,,,,,,,,,月,,,,,,,,,,,,,,,,木,,,,,,,,,,,,,,月,,,,
東淀川区,井高野,3丁目,8番,,,,,,,,,,,,,,,,,,火金,,,,,,,,,,,,,,,月,,,,,,,,,,,,,,,,木,,,,,,,,,,,,,,月,,,,
東淀川区,井高野,3丁目,9番,,,,,,,,,,,,,,,,,,火金,,,,,,,,,,,,,,,月,,,,,,,,,,,,,,,,木,,,,,,,,,,,,,,月,,,,
東淀川区,井高野,3丁目,10番,,,,,,,,,,,,,,,,,,火金,,,,,,,,,,,,,,,月,,,,,,,,,,,,,,,,木,,,,,,,,,,,,,,月,,,,
東淀川区,井高野,3丁目,11番,,,,,,,,,,,,,,,,,,火金,,,,,,,,,,,,,,,月,,,,,,,,,,,,,,,,木,,,,,,,,,,,,,,月,,,,
東淀川区,井高野,4丁目,1番,,,,,,,,,,,,,,,,,,火金,,,,,,,,,,,,,,,月,,,,,,,,,,,,,,,,木,,,,,,,,,,,,,,月,,,,
東淀川区,井高野,4丁目,2番,,,,,,,,,,,,,,,,,,火金,,,,,,,,,,,,,,,月,,,,,,,,,,,,,,,,木,,,,,,,,,,,,,,月,,,,
東淀川区,井高野,4丁目,4番,,,,,,,,,,,,,,,,,,火金,,,,,,,,,,,,,,,月,,,,,,,,,,,,,,,,木,,,,,,,,,,,,,,月,,,,
東淀川区,井高野,4丁目,5番,,,,,,,,,,,,,,,,,,火金,,,,,,,,,,,,,,,月,,,,,,,,,,,,,,,,木,,,,,,,,,,,,,,月,,,,
東淀川区,井高野,4丁目,6番,,,,,,,,,,,,,,,,,,火金,,,,,,,,,,,,,,,月,,,,,,,,,,,,,,,,木,,,,,,,,,,,,,,月,,,,
東淀川区,井高野,4丁目,7番,,,,,,,,,,,,,,,,,,火金,,,,,,,,,,,,,,,月,,,,,,,,,,,,,,,,木,,,,,,,,,,,,,,月,,,,
東淀川区,井高野,4丁目,8番,,,,,,,,,,,,,,,,,,火金,,,,,,,,,,,,,,月,,,,,,,,,,,,,,,,木,,,,,,,,,,,,,,,月,,,,
東淀川区,大隅,1丁目,1番,軽四輪車(小さい車)で収集している地域,,,,,,,,月木,,,,,,,,,,,,,,,,,,,,,水,,,,,,,,,,,,,,,,土,,,,,,,,,,,,,,,,,火,,,,
東淀川区,大隅,1丁目,1番,上記以外,,,,,,,,,,,,,,,,,月木,,,,,,,,,,,,水,,,,,,,,,,,,,,,,土,,,,,,,,,,,,,,,,,火,,,,
東淀川区,大隅,1丁目,2番,,,,,,,,,,,,,,,,,,月木,,,,,,,,,,,,水,,,,,,,,,,,,,,,,土,,,,,,,,,,,,,,,,,火,,,,
東淀川区,大隅,1丁目,3番,,,,,,,,,,,,,,,,,,月木,,,,,,,,,,,,水,,,,,,,,,,,,,,,,土,,,,,,,,,,,,,,,,,火,,,,
東淀川区,大隅,1丁目,4番,,,,,,,,,,,,,,,,,,月木,,,,,,,,,,,,水,,,,,,,,,,,,,,,,土,,,,,,,,,,,,,,,,,火,,,,
東淀川区,大隅,1丁目,5番,軽四輪車(小さい車)で収集している地域,,,,,,,,月木,,,,,,,,,,,,,,,,,,,,,,水,,,,,,,,,,,,,,,,土,,,,,,,,,,,,,,,,火,,,,
東淀川区,大隅,1丁目,5番,上記以外,,,,,,,,,,,,,,,,,月木,,,,,,,,,,,,,,,水,,,,,,,,,,,,,,,,土,,,,,,,,,,,,,,火,,,,
東淀川区,大隅,1丁目,6番,軽四輪車(小さい車)で収集している地域,,,月木,,,,,,,,,,,,,,,,,,,,,,,,,,水,,,,,,,,,,,,,,,,土,,,,,,,,,,,,,,,,,火,,,,
東淀川区,大隅,1丁目,6番,25･26･28~36号　40号(アンソレイユ),,,,,月木,,,,,,,,,,,,,,,,,,,,,,,,水,,,,,,,,,,,,,,,,土,,,,,,,,,,,,,,,,,火,,,,
東淀川区,大隅,1丁目,6番,上記以外,,,,,,,,,,,,,,,,,月木,,,,,,,,,,,,水,,,,,,,,,,,,,,,,土,,,,,,,,,,,,,,,,,火,,,,
東淀川区,大隅,1丁目,7番,軽四輪車(小さい車)で収集している地域,,,,,,,,月木,,,,,,,,,,,,,,,,,,,,,,水,,,,,,,,,,,,,,,,土,,,,,,,,,,,,,,,,火,,,,
東淀川区,大隅,1丁目,7番,上記以外,,,,,,,,,,,,,,,,,月木,,,,,,,,,,,,,,,水,,,,,,,,,,,,,,,,土,,,,,,,,,,,,,,火,,,,
東淀川区,大隅,1丁目,8番,軽四輪車(小さい車)で収集している地域,,,,,,,,月木,,,,,,,,,,,,,,,,,,,,,,水,,,,,,,,,,,,,,,,土,,,,,,,,,,,,,,,,火,,,,
東淀川区,大隅,1丁目,8番,上記以外,,,,,,,,,,,,,,,,,月木,,,,,,,,,,,,,,,水,,,,,,,,,,,,,,,,土,,,,,,,,,,,,,,火,,,,
東淀川区,大隅,2丁目,1番,,,,,,,,,,,,,,,,,,月木,,,,,,,,,,,,,水,,,,,,,,,,,,,,,,土,,,,,,,,,,,,,,,,火,,,,
東淀川区,大隅,2丁目,2番,,,,,,,,,,,,,,,,,,月木,,,,,,,,,,,,,水,,,,,,,,,,,,,,,,土,,,,,,,,,,,,,,,,火,,,,
東淀川区,大隅,2丁目,3番,,,,,,,,,,,,,,,,,,月木,,,,,,,,,,,,,水,,,,,,,,,,,,,,,,土,,,,,,,,,,,,,,,,火,,,,
東淀川区,大隅,2丁目,4番,,,,,,,,,,,,,,,,,,月木,,,,,,,,,,,,,,水,,,,,,,,,,,,,,,,土,,,,,,,,,,,,,,,火,,,,
東淀川区,大隅,2丁目,5番,,,,,,,,,,,,,,,,,,月木,,,,,,,,,,,,,,水,,,,,,,,,,,,,,,,土,,,,,,,,,,,,,,,火,,,,
東淀川区,大隅,2丁目,6番,,,,,,,,,,,,,,,,,,月木,,,,,,,,,,,,,,水,,,,,,,,,,,,,,,,土,,,,,,,,,,,,,,,火,,,,
東淀川区,大隅,2丁目,7番,,,,,,,,,,,,,,,,,,月木,,,,,,,,,,,,,,水,,,,,,,,,,,,,,,,土,,,,,,,,,,,,,,,火,,,,
東淀川区,上新庄,1丁目,1番,,,,,,,,,,,,,,,,,,月木,,,,,水,,,,,,,,,,,,,,,,土,,,,,,,,,,,,,,,,,,,火,,,,,,,,,
東淀川区,上新庄,1丁目,2番,軽四輪車(小さい車)で収集している地域,,,,,,,,,,月木,,,,,,,,,,,,水,,,,,,,,,,,,,,,,土,,,,,,,,,,,,,,,,,,,火,,,,,,,,,
東淀川区,上新庄,1丁目,2番,49~53号,,,,,,,,,,月木,,,,,,,,,,,,水,,,,,,,,,,,,,,,,土,,,,,,,,,,,,,,,,,,,火,,,,,,,,,
東淀川区,上新庄,1丁目,2番,上記以外,,,,,,,,,,,,,,,,,月木,,,,,水,,,,,,,,,,,,,,,,土,,,,,,,,,,,,,,,,火,,,,,,,,,,,,
東淀川区,上新庄,1丁目,3番,軽四輪車(小さい車)で収集している地域,,,月木,,,,,,,,,,,,,,,,,,,水,,,,,,,,,,,,,,,,土,,,,,,,,,,,,,,,,,,,火,,,,,,,,,
東淀川区,上新庄,1丁目,3番,38~40号,,,,,,,,,,月木,,,,,,,,,,,,水,,,,,,,,,,,,,,,,土,,,,,,,,,,,,,,,,,,,火,,,,,,,,,
東淀川区,上新庄,1丁目,3番,上記以外,,,,,,,,,,,,,,,,,月木,,,,,水,,,,,,,,,,,,,,,,土,,,,,,,,,,,,,,,,,,,火,,,,,,,,,
東淀川区,上新庄,1丁目,4番,軽四輪車(小さい車)で収集している地域,,,月木,,,,,,,,,,,,,,,,,,,水,,,,,,,,,,,,,,,,土,,,,,,,,,,,,,,,,,,,火,,,,,,,,,
東淀川区,上新庄,1丁目,4番,3･6･15号,,,,,,,,,,月木,,,,,,,,,,,,水,,,,,,,,,,,,,,,,土,,,,,,,,,,,,,,,,,,,火,,,,,,,,,
東淀川区,上新庄,1丁目,4番,上記以外,,,,,,,,,,,,,,,,,月木,,,,,水,,,,,,,,,,,,,,,,土,,,,,,,,,,,,,,,,,,,火,,,,,,,,,
東淀川区,上新庄,1丁目,5番,軽四輪車(小さい車)で収集している地域,,,月木,,,,,,,,,,,,,,,,,,,水,,,,,,,,,,,,,,,,土,,,,,,,,,,,,,,,,,,,火,,,,,,,,,
東淀川区,上新庄,1丁目,5番,2~6･8号,,,,,,,,,,月木,,,,,,,,,,,,水,,,,,,,,,,,,,,,,土,,,,,,,,,,,,,,,,,,,火,,,,,,,,,
東淀川区,上新庄,1丁目,5番,上記以外,,,,,,,,,,,,,,,,,月木,,,,,水,,,,,,,,,,,,,,,,土,,,,,,,,,,,,,,,,,,,火,,,,,,,,,
東淀川区,上新庄,1丁目,6番,,,,,,,,,,,,,,,,,,月木,,,,,水,,,,,,,,,,,,,,,,土,,,,,,,,,,,,,,,,,,,火,,,,,,,,,
東淀川区,上新庄,2丁目,1番,,,,,,,,,,,,,,,,,,月木,,,,,水,,,,,,,,,,,,,,,,土,,,,,,,,,,,,,,,,,,,,,火,,,,,,,
東淀川区,上新庄,2丁目,2番,軽四輪車(小さい車)で収集している地域,,,,,,,,,,月木,,,,,,,,,,,,水,,,,,,,,,,,,,,,,土,,,,,,,,,,,,,,,,,,,火,,,,,,,,,
東淀川区,上新庄,2丁目,2番,3･4号,,,,,,,,,,月木,,,,,,,,,,,,水,,,,,,,,,,,,,,,,土,,,,,,,,,,,,,,,,,,,,,火,,,,,,,
東淀川区,上新庄,2丁目,2番,上記以外,,,,,,,,,,,,,,,,,月木,,,,,水,,,,,,,,,,,,,,,,土,,,,,,,,,,,,,,,,,,,火,,,,,,,,,
東淀川区,上新庄,2丁目,3番,,,,,,,,,,,,,,,,,,月木,,,,,水,,,,,,,,,,,,,,,,土,,,,,,,,,,,,,,,,,,,,,火,,,,,,,
東淀川区,上新庄,2丁目,4番,軽四輪車(小さい車)で収集している地域,,,月木,,,,,,,,,,,,,,,,,,,水,,,,,,,,,,,,,,,,土,,,,,,,,,,,,,,,,,,,火,,,,,,,,,
東淀川区,上新庄,2丁目,4番,28~30号,,,,,月木,,,,,,,,,,,,,,,,,水,,,,,,,,,,,,,,,,土,,,,,,,,,,,,,,,,,,,,,火,,,,,,,
東淀川区,上新庄,2丁目,4番,34~39.41号,,,,,月木,,,,,,,,,,,,,,,,,水,,,,,,,,,,,,,,,,土,,,,,,,,,,,,,,,,,,,火,,,,,,,,,
東淀川区,上新庄,2丁目,4番,上記以外,,,,,,,,,,,,,,,,,月木,,,,,水,,,,,,,,,,,,,,,,土,,,,,,,,,,,,,,,,,,,,,火,,,,,,,
東淀川区,上新庄,2丁目,5番,軽四輪車(小さい車)で収集している地域,,,,,,,,,,月木,,,,,,,,,,,,水,,,,,,,,,,,,,,,,土,,,,,,,,,,,,,,,,,,,火,,,,,,,,,
東淀川区,上新庄,2丁目,5番,13･18･19号,,,,,,,,,,月木,,,,,,,,,,,,水,,,,,,,,,,,,,,,,土,,,,,,,,,,,,,,,,,,,火,,,,,,,,,
東淀川区,上新庄,2丁目,5番,上記以外,,,,,,,,,,,,,,,,,月木,,,,,水,,,,,,,,,,,,,,,,土,,,,,,,,,,,,,,,,,,,,,火,,,,,,,
東淀川区,上新庄,2丁目,6番,軽四輪車(小さい車)で収集している地域,,,月木,,,,,,,,,,,,,,,,,,,水,,,,,,,,,,,,,,,,土,,,,,,,,,,,,,,,,,,,火,,,,,,,,,
東淀川区,上新庄,2丁目,6番,19.20号　　27号(シャトー三木),,,,,,,,,,月木,,,,,,,,,,,,水,,,,,,,,,,,,,,,,土,,,,,,,,,,,,,,,,,,,火,,,,,,,,,
東淀川区,上新庄,2丁目,6番,上記以外,,,,,,,,,,,,,,,,,月木,,,,,水,,,,,,,,,,,,,,,,土,,,,,,,,,,,,,,,,,,,,,火,,,,,,,
東淀川区,上新庄,2丁目,7番,軽四輪車(小さい車)で収集している地域,,,月木,,,,,,,,,,,,,,,,,,,水,,,,,,,,,,,,,,,,土,,,,,,,,,,,,,,,,,,,火,,,,,,,,,
東淀川区,上新庄,2丁目,7番,1.3.23.27.30.31.34号,,,,,,,,,,月木,,,,,,,,,,,,水,,,,,,,,,,,,,,,,土,,,,,,,,,,,,,,,,,,,火,,,,,,,,,
東淀川区,上新庄,2丁目,7番,上記以外,,,,,,,,,,,,,,,,,月木,,,,,水,,,,,,,,,,,,,,,,土,,,,,,,,,,,,,,,,,,,,,火,,,,,,,
東淀川区,上新庄,2丁目,8番,軽四輪車(小さい車)で収集している地域,,,月木,,,,,,,,,,,,,,,,,,,水,,,,,,,,,,,,,,,,土,,,,,,,,,,,,,,,,,,,火,,,,,,,,,
東淀川区,上新庄,2丁目,8番,2･3･11号,,,,,,,,,,月木,,,,,,,,,,,,水,,,,,,,,,,,,,,,,土,,,,,,,,,,,,,,,,,,,火,,,,,,,,,
東淀川区,上新庄,2丁目,8番,上記以外,,,,,,,,,,,,,,,,,月木,,,,,水,,,,,,,,,,,,,,,,土,,,,,,,,,,,,,,,,,,,火,,,,,,,,,
東淀川区,上新庄,2丁目,9番,軽四輪車(小さい車)で収集している地域,,,月木,,,,,,,,,,,,,,,,,,,水,,,,,,,,,,,,,,,,土,,,,,,,,,,,,,,,,,,,火,,,,,,,,,
東淀川区,上新庄,2丁目,9番,1･2･7･11･15号,,,,,月木,,,,,,,,,,,,,,,,,水,,,,,,,,,,,,,,,,土,,,,,,,,,,,,,,,,,,,火,,,,,,,,,
東淀川区,上新庄,2丁目,9番,上記以外,,,,,,,,,,,,,,,,,月木,,,,,水,,,,,,,,,,,,,,,,土,,,,,,,,,,,,,,,,,,,,,火,,,,,,,
東淀川区,上新庄,2丁目,10番,軽四輪車(小さい車)で収集している地域,,,月木,,,,,,,,,,,,,,,,,,,水,,,,,,,,,,,,,,,,土,,,,,,,,,,,,,,,,,,,火,,,,,,,,,
東淀川区,上新庄,2丁目,10番,4~8･32号　7号(ローレルハウス),,,,,,,,,,月木,,,,,,,,,,,,水,,,,,,,,,,,,,,,,土,,,,,,,,,,,,,,,,,,,火,,,,,,,,,
東淀川区,上新庄,2丁目,10番,上記以外,,,,,,,,,,,,,,,,,月木,,,,,水,,,,,,,,,,,,,,,,土,,,,,,,,,,,,,,,,,,,,,火,,,,,,,
東淀川区,上新庄,2丁目,11番,,,,,,,,,,,,,,,,,,月木,,,,,水,,,,,,,,,,,,,,,,土,,,,,,,,,,,,,,,,,,,,,火,,,,,,,
東淀川区,上新庄,2丁目,12番,軽四輪車(小さい車)で収集している地域,,,月木,,,,,,,,,,,,,,,,,,,水,,,,,,,,,,,,,,,,土,,,,,,,,,,,,,,,,,,,火,,,,,,,,,
東淀川区,上新庄,2丁目,12番,10~12･15･23･24号,,,,,,,,,,月木,,,,,,,,,,,,水,,,,,,,,,,,,,,,,土,,,,,,,,,,,,,,,,,,,火,,,,,,,,,
東淀川区,上新庄,2丁目,12番,上記以外,,,,,,,,,,,,,,,,,月木,,,,,水,,,,,,,,,,,,,,,,土,,,,,,,,,,,,,,,,,,,,,火,,,,,,,
東淀川区,上新庄,2丁目,13番,軽四輪車(小さい車)で収集している地域,,,月木,,,,,,,,,,,,,,,,,,,水,,,,,,,,,,,,,,,,土,,,,,,,,,,,,,,,,,,,火,,,,,,,,,
東淀川区,上新庄,2丁目,13番,3~5･26号,,,,,,,,,,月木,,,,,,,,,,,,水,,,,,,,,,,,,,,,,土,,,,,,,,,,,,,,,,,,,火,,,,,,,,,
東淀川区,上新庄,2丁目,13番,15･18号,,,,,月木,,,,,,,,,,,,,,,,,水,,,,,,,,,,,,,,,,土,,,,,,,,,,,,,,,,,,,,,火,,,,,,,
東淀川区,上新庄,2丁目,13番,上記以外,,,,,,,,,,,,,,,,,月木,,,,,水,,,,,,,,,,,,,,,,土,,,,,,,,,,,,,,,,,,,,,火,,,,,,,
東淀川区,上新庄,2丁目,14番,軽四輪車(小さい車)で収集している地域,,,月木,,,,,,,,,,,,,,,,,,,水,,,,,,,,,,,,,,,,土,,,,,,,,,,,,,,,,,,,火,,,,,,,,,
東淀川区,上新庄,2丁目,14番,3･8~19号,,,,,月木,,,,,,,,,,,,,,,,,水,,,,,,,,,,,,,,,,土,,,,,,,,,,,,,,,,,,,火,,,,,,,,,
東淀川区,上新庄,2丁目,14番,23~31号,,,,,月木,,,,,,,,,,,,,,,,,水,,,,,,,,,,,,,,,,土,,,,,,,,,,,,,,,,,,,火,,,,,,,,,
東淀川区,上新庄,2丁目,14番,上記以外,,,,,,,,,,,,,,,,,月木,,,,,水,,,,,,,,,,,,,,,,土,,,,,,,,,,,,,,,,,,,,,火,,,,,,,
東淀川区,上新庄,2丁目,15番,軽四輪車(小さい車)で収集している地域,,,,,,,,月木,,,,,,,,,,,,,,水,,,,,,,,,,,,,,,,土,,,,,,,,,,,,,,,,,,,火,,,,,,,,,
東淀川区,上新庄,2丁目,15番,17.23~28号,,,,,月木,,,,,,,,,,,,,,,,,水,,,,,,,,,,,,,,,,土,,,,,,,,,,,,,,,,,,,火,,,,,,,,,
東淀川区,上新庄,2丁目,15番,12号(上新城ハイツ)　16~19号,,,,,,,,,,月木,,,,,,,,,,,,水,,,,,,,,,,,,,,,,土,,,,,,,,,,,,,,,,,,,火,,,,,,,,,
東淀川区,上新庄,2丁目,15番,上記以外,,,,,,,,,,,,,,,,,月木,,,,,水,,,,,,,,,,,,,,,,土,,,,,,,,,,,,,,,,,,,,,火,,,,,,,
東淀川区,上新庄,2丁目,16番,軽四輪車(小さい車)で収集している地域,,,月木,,,,,,,,,,,,,,,,,,,水,,,,,,,,,,,,,,,,土,,,,,,,,,,,,,,,,,,,火,,,,,,,,,
東淀川区,上新庄,2丁目,16番,1･2号,,,,,,,,月木,,,,,,,,,,,,,,水,,,,,,,,,,,,,,,,土,,,,,,,,,,,,,,,,,,,火,,,,,,,,,
東淀川区,上新庄,2丁目,16番,12号,,,,,月木,,,,,,,,,,,,,,,,,水,,,,,,,,,,,,,,,,土,,,,,,,,,,,,,,,,,,,,,火,,,,,,,
東淀川区,上新庄,2丁目,16番,上記以外,,,,,,,,,,,,,,,,,月木,,,,,水,,,,,,,,,,,,,,,,土,,,,,,,,,,,,,,,,,,,,,火,,,,,,,
東淀川区,上新庄,2丁目,17番,軽四輪車(小さい車)で収集している地域,,,月木,,,,,,,,,,,,,,,,,,,水,,,,,,,,,,,,,,,,土,,,,,,,,,,,,,,,,,,,火,,,,,,,,,
東淀川区,上新庄,2丁目,17番,1･2号,,,,,,,,月木,,,,,,,,,,,,,,水,,,,,,,,,,,,,,,,土,,,,,,,,,,,,,,,,,,,火,,,,,,,,,
東淀川区,上新庄,2丁目,17番,12~13号,,,,,月木,,,,,,,,,,,,,,,,,水,,,,,,,,,,,,,,,,土,,,,,,,,,,,,,,,,,,,火,,,,,,,,,
東淀川区,上新庄,2丁目,17番,上記以外,,,,,,,,,,,,,,,,,月木,,,,,水,,,,,,,,,,,,,,,,土,,,,,,,,,,,,,,,,,,,火,,,,,,,,,
東淀川区,上新庄,2丁目,18番,軽四輪車(小さい車)で収集している地域,,,月木,,,,,,,,,,,,,,,,,,,水,,,,,,,,,,,,,,,,土,,,,,,,,,,,,,,,,,,,火,,,,,,,,,
東淀川区,上新庄,2丁目,18番,1~3･21号,,,,,,,,月木,,,,,,,,,,,,,,水,,,,,,,,,,,,,,,,土,,,,,,,,,,,,,,,,,,,火,,,,,,,,,
東淀川区,上新庄,2丁目,18番,5･6･18号,,,,,,,,,,月木,,,,,,,,,,,,水,,,,,,,,,,,,,,,,土,,,,,,,,,,,,,,,,,,,火,,,,,,,,,
東淀川区,上新庄,2丁目,18番,上記以外,,,,,,,,,,,,,,,,,月木,,,,,水,,,,,,,,,,,,,,,,土,,,,,,,,,,,,,,,,,,,火,,,,,,,,,
東淀川区,上新庄,2丁目,19番,軽四輪車(小さい車)で収集している地域,,,月木,,,,,,,,,,,,,,,,,,,水,,,,,,,,,,,,,,,,土,,,,,,,,,,,,,,,,,,,火,,,,,,,,,
東淀川区,上新庄,2丁目,19番,2･4･6･9･21号,,,,,月木,,,,,,,,,,,,,,,,,水,,,,,,,,,,,,,,,,土,,,,,,,,,,,,,,,,,,,火,,,,,,,,,
東淀川区,上新庄,2丁目,19番,上記以外,,,,,,,,,,,,,,,,,月木,,,,,水,,,,,,,,,,,,,,,,土,,,,,,,,,,,,,,,,,,,火,,,,,,,,,
東淀川区,上新庄,2丁目,20番,軽四輪車(小さい車)で収集している地域,,,月木,,,,,,,,,,,,,,,,,,,水,,,,,,,,,,,,,,,,土,,,,,,,,,,,,,,,,,,,火,,,,,,,,,
東淀川区,上新庄,2丁目,20番,27･28号,,,,,,,,,,月木,,,,,,,,,,,,水,,,,,,,,,,,,,,,,土,,,,,,,,,,,,,,,,,,,火,,,,,,,,,
東淀川区,上新庄,2丁目,20番,上記以外,,,,,,,,,,,,,,,,,月木,,,,,水,,,,,,,,,,,,,,,,土,,,,,,,,,,,,,,,,,,,,,火,,,,,,,
東淀川区,上新庄,2丁目,21番,軽四輪車(小さい車)で収集している地域,,,月木,,,,,,,,,,,,,,,,,,,水,,,,,,,,,,,,,,,,土,,,,,,,,,,,,,,,,,,,火,,,,,,,,,
東淀川区,上新庄,2丁目,21番,6･12~14･18･24~27号,,,,,月木,,,,,,,,,,,,,,,,,水,,,,,,,,,,,,,,,,土,,,,,,,,,,,,,,,,,,,火,,,,,,,,,
東淀川区,上新庄,2丁目,21番,上記以外,,,,,月木,,,,,,,,,,,,,,,,,水,,,,,,,,,,,,,,,,土,,,,,,,,,,,,,,,,,,,火,,,,,,,,,
東淀川区,上新庄,2丁目,22番,軽四輪車(小さい車)で収集している地域,,,月木,,,,,,,,,,,,,,,,,,,水,,,,,,,,,,,,,,,,土,,,,,,,,,,,,,,,,,,,火,,,,,,,,,
東淀川区,上新庄,2丁目,22番,4~8･18･19･21~24号,,,,,月木,,,,,,,,,,,,,,,,,水,,,,,,,,,,,,,,,,土,,,,,,,,,,,,,,,,,,,火,,,,,,,,,
東淀川区,上新庄,2丁目,22番,上記以外,,,,,月木,,,,,,,,,,,,,,,,,水,,,,,,,,,,,,,,,,土,,,,,,,,,,,,,,,,,,,,,火,,,,,,,
東淀川区,上新庄,2丁目,23番,,,,,,,,,,,,,,,,,,月木,,,,,水,,,,,,,,,,,,,,,,土,,,,,,,,,,,,,,,,,,,,火,,,,,,,,
東淀川区,上新庄,2丁目,24番,,,,,,,,,,,,,,,,,,月木,,,,,水,,,,,,,,,,,,,,,,土,,,,,,,,,,,,,,,,火,,,,,,,,,,,,
東淀川区,上新庄,3丁目,1番,,,,,,,,,,,,,,,,,,月木,,,,,水,,,,,,,,,,,,,,,,土,,,,,,,,,,,,,,,,,,,,火,,,,,,,,
東淀川区,上新庄,3丁目,2番,軽四輪車(小さい車)で収集している地域,,,,,,,,,,月木,,,,,,,,,,,,水,,,,,,,,,,,,,,,,土,,,,,,,,,,,,,,,,,火,,,,,,,,,,,
東淀川区,上新庄,3丁目,2番,21.31.32号,,,,,,,,,,月木,,,,,,,,,,,,水,,,,,,,,,,,,,,,,土,,,,,,,,,,,,,,,,,火,,,,,,,,,,,
東淀川区,上新庄,3丁目,2番,上記以外,,,,,,,,,,,,,,,,,月木,,,,,水,,,,,,,,,,,,,,,,土,,,,,,,,,,,,,,,,,,,,火,,,,,,,,
東淀川区,上新庄,3丁目,3番,,,,,,,,,,,月木,,,,,,,,,,,,水,,,,,,,,,,,,,,,,土,,,,,,,,,,,,,,,,,,,,火,,,,,,,,
東淀川区,上新庄,3丁目,4番,軽四輪車(小さい車)で収集している地域,,,,,,,,,,月木,,,,,,,,,,,,水,,,,,,,,,,,,,,,,土,,,,,,,,,,,,,,,,,火,,,,,,,,,,,
東淀川区,上新庄,3丁目,4番,13･14･16･17･19号,,,,,,,,,,月木,,,,,,,,,,,,水,,,,,,,,,,,,,,,,土,,,,,,,,,,,,,,,,,火,,,,,,,,,,,
東淀川区,上新庄,3丁目,4番,上記以外,,,,,,,,,,,,,,,,,月木,,,,,水,,,,,,,,,,,,,,,,土,,,,,,,,,,,,,,,,火,,,,,,,,,,,,
東淀川区,上新庄,3丁目,5番,軽四輪車(小さい車)で収集している地域,,,,,,,,,,月木,,,,,,,,,,,,水,,,,,,,,,,,,,,,,土,,,,,,,,,,,,,,,,,火,,,,,,,,,,,
東淀川区,上新庄,3丁目,5番,2号,,,,,,,,,,月木,,,,,,,,,,,,水,,,,,,,,,,,,,,,,土,,,,,,,,,,,,,,,,,火,,,,,,,,,,,
東淀川区,上新庄,3丁目,5番,上記以外,,,,,,,,,,,,,,,,,月木,,,,,水,,,,,,,,,,,,,,,,土,,,,,,,,,,,,,,,,火,,,,,,,,,,,,
東淀川区,上新庄,3丁目,6番,,,,,,,,,,,,,,,,,,月木,,,,,水,,,,,,,,,,,,,,,,土,,,,,,,,,,,,,,,,,火,,,,,,,,,,,
東淀川区,上新庄,3丁目,7番,,,,,,,,,,,,,,,,,,月木,,,,,水,,,,,,,,,,,,,,,,土,,,,,,,,,,,,,,,,,火,,,,,,,,,,,
東淀川区,上新庄,3丁目,8番,軽四輪車(小さい車)で収集している地域,,,,,,,,,,月木,,,,,,,,,,,,水,,,,,,,,,,,,,,,,土,,,,,,,,,,,,,,,,,火,,,,,,,,,,,
東淀川区,上新庄,3丁目,8番,3号,,,,,,,,,,月木,,,,,,,,,,,,水,,,,,,,,,,,,,,,,土,,,,,,,,,,,,,,,,,火,,,,,,,,,,,
東淀川区,上新庄,3丁目,8番,上記以外,,,,,,,,,,,,,,,,,月木,,,,,水,,,,,,,,,,,,,,,,土,,,,,,,,,,,,,,,,火,,,,,,,,,,,,
東淀川区,上新庄,3丁目,9番,,,,,,,,,,,,,,,,,,月木,,,,,水,,,,,,,,,,,,,,,,土,,,,,,,,,,,,,,,,,火,,,,,,,,,,,
東淀川区,上新庄,3丁目,10番,軽四輪車(小さい車)で収集している地域,,,,,,,,,,月木,,,,,,,,,,,,水,,,,,,,,,,,,,,,,土,,,,,,,,,,,,,,,,,火,,,,,,,,,,,
東淀川区,上新庄,3丁目,10番,24~33･36･38･40･41･43･46･48号,,,,,,,,,,月木,,,,,,,,,,,,水,,,,,,,,,,,,,,,,土,,,,,,,,,,,,,,,,,火,,,,,,,,,,,
東淀川区,上新庄,3丁目,10番,上記以外,,,,,,,,,,,,,,,,,月木,,,,,水,,,,,,,,,,,,,,,,土,,,,,,,,,,,,,,,,,,,,火,,,,,,,,
東淀川区,上新庄,3丁目,11番,軽四輪車(小さい車)で収集している地域,,,,,,,,,,月木,,,,,,,,,,,,水,,,,,,,,,,,,,,,,土,,,,,,,,,,,,,,,,,火,,,,,,,,,,,
東淀川区,上新庄,3丁目,11番,6･7号,,,,,,,,,,月木,,,,,,,,,,,,水,,,,,,,,,,,,,,,,土,,,,,,,,,,,,,,,,,火,,,,,,,,,,,
東淀川区,上新庄,3丁目,11番,上記以外,,,,,,,,,,,,,,,,,月木,,,,,水,,,,,,,,,,,,,,,,土,,,,,,,,,,,,,,,,,,,,火,,,,,,,,
東淀川区,上新庄,3丁目,12番,軽四輪車(小さい車)で収集している地域,,,,,,,,,,月木,,,,,,,,,,,,水,,,,,,,,,,,,,,,,土,,,,,,,,,,,,,,,,,火,,,,,,,,,,,
東淀川区,上新庄,3丁目,12番,2.4.6.7号,,,,,,,,,,月木,,,,,,,,,,,,水,,,,,,,,,,,,,,,,土,,,,,,,,,,,,,,,,,火,,,,,,,,,,,
東淀川区,上新庄,3丁目,12番,上記以外,,,,,,,,,,,,,,,,,月木,,,,,水,,,,,,,,,,,,,,,,土,,,,,,,,,,,,,,,,,火,,,,,,,,,,,
東淀川区,上新庄,3丁目,13番,軽四輪車(小さい車)で収集している地域,,,,,,,,,,月木,,,,,,,,,,,,水,,,,,,,,,,,,,,,,土,,,,,,,,,,,,,,,,,火,,,,,,,,,,,
東淀川区,上新庄,3丁目,13番,1.29.31号　3号(リネンハイツ),,,,,,,,,,月木,,,,,,,,,,,,水,,,,,,,,,,,,,,,,土,,,,,,,,,,,,,,,,,火,,,,,,,,,,,
東淀川区,上新庄,3丁目,13番,上記以外,,,,,,,,,,,,,,,,,月木,,,,,水,,,,,,,,,,,,,,,,土,,,,,,,,,,,,,,,,,,,,火,,,,,,,,
東淀川区,上新庄,3丁目,14番,軽四輪車(小さい車)で収集している地域,,,,,,,,,,月木,,,,,,,,,,,,水,,,,,,,,,,,,,,,,土,,,,,,,,,,,,,,,,,,,火,,,,,,,,,
東淀川区,上新庄,3丁目,14番,2.9.29.30号　　26号(ハイツ都),,,,,,,,,,月木,,,,,,,,,,,,水,,,,,,,,,,,,,,,,土,,,,,,,,,,,,,,,,,,,火,,,,,,,,,
東淀川区,上新庄,3丁目,14番,上記以外,,,,,,,,,,,,,,,,,月木,,,,,水,,,,,,,,,,,,,,,,土,,,,,,,,,,,,,,,,,,,,火,,,,,,,,
東淀川区,上新庄,3丁目,15番,軽四輪車(小さい車)で収集している地域,,,,,,,,,,月木,,,,,,,,,,,,水,,,,,,,,,,,,,,,,土,,,,,,,,,,,,,,,,,,,火,,,,,,,,,
東淀川区,上新庄,3丁目,15番,12~16.18号,,,,,,,,,,月木,,,,,,,,,,,,水,,,,,,,,,,,,,,,,土,,,,,,,,,,,,,,,,,,,火,,,,,,,,,
東淀川区,上新庄,3丁目,15番,上記以外,,,,,,,,,,,,,,,,,月木,,,,,水,,,,,,,,,,,,,,,,土,,,,,,,,,,,,,,,,,,,,火,,,,,,,,
東淀川区,上新庄,3丁目,16番,,,,,,,,,,,,,,,,,,月木,,,,,水,,,,,,,,,,,,,,,,土,,,,,,,,,,,,,,,,,,,火,,,,,,,,,
東淀川区,上新庄,3丁目,17番,,,,,,,,,,,,,,,,,,月木,,,,,水,,,,,,,,,,,,,,,,土,,,,,,,,,,,,,,,,,,,火,,,,,,,,,
東淀川区,上新庄,3丁目,18番,軽四輪車(小さい車)で収集している地域,,,,,,,,,,月木,,,,,,,,,,,,水,,,,,,,,,,,,,,,,土,,,,,,,,,,,,,,,,,,,火,,,,,,,,,
東淀川区,上新庄,3丁目,18番,5･19･21号,,,,,,,,,,月木,,,,,,,,,,,,水,,,,,,,,,,,,,,,,土,,,,,,,,,,,,,,,,,,,火,,,,,,,,,
東淀川区,上新庄,3丁目,18番,上記以外,,,,,,,,,,,,,,,,,月木,,,,,水,,,,,,,,,,,,,,,,土,,,,,,,,,,,,,,,,,,,,火,,,,,,,,
東淀川区,上新庄,3丁目,19番,軽四輪車(小さい車)で収集している地域,,,,,,,,,,月木,,,,,,,,,,,,水,,,,,,,,,,,,,,,,土,,,,,,,,,,,,,,,,,,,火,,,,,,,,,
東淀川区,上新庄,3丁目,19番,3･4･11号,,,,,,,,,,月木,,,,,,,,,,,,水,,,,,,,,,,,,,,,,土,,,,,,,,,,,,,,,,,,,火,,,,,,,,,
東淀川区,上新庄,3丁目,19番,上記以外,,,,,,,,,,,,,,,,,月木,,,,,水,,,,,,,,,,,,,,,,土,,,,,,,,,,,,,,,,,,,,火,,,,,,,,
東淀川区,上新庄,3丁目,20番,軽四輪車(小さい車)で収集している地域,,,,,,,,,,月木,,,,,,,,,,,,水,,,,,,,,,,,,,,,,土,,,,,,,,,,,,,,,,,,,,火,,,,,,,,
東淀川区,上新庄,3丁目,20番,14･15号,,,,,,,,,,月木,,,,,,,,,,,,水,,,,,,,,,,,,,,,,土,,,,,,,,,,,,,,,,,,,,火,,,,,,,,
東淀川区,上新庄,3丁目,20番,上記以外,,,,,,,,,,,,,,,,,月木,,,,,水,,,,,,,,,,,,,,,,土,,,,,,,,,,,,,,,,,,,,火,,,,,,,,
東淀川区,上新庄,3丁目,21番,軽四輪車(小さい車)で収集している地域,,,,,,,,,,月木,,,,,,,,,,,,水,,,,,,,,,,,,,,,,土,,,,,,,,,,,,,,,,,,,火,,,,,,,,,
東淀川区,上新庄,3丁目,21番,1･2･3号　15号(上新城ハイツ),,,,,,,,,,月木,,,,,,,,,,,,水,,,,,,,,,,,,,,,,土,,,,,,,,,,,,,,,,,,,火,,,,,,,,,
東淀川区,上新庄,3丁目,21番,上記以外,,,,,,,,,,,,,,,,,月木,,,,,水,,,,,,,,,,,,,,,,土,,,,,,,,,,,,,,,,,,,,火,,,,,,,,
東淀川区,上新庄,3丁目,22番,軽四輪車(小さい車)で収集している地域,,,,,,,,,,月木,,,,,,,,,,,,水,,,,,,,,,,,,,,,,土,,,,,,,,,,,,,,,,,,,火,,,,,,,,,
東淀川区,上新庄,3丁目,22番,20･29~33号,,,,,,,,,,月木,,,,,,,,,,,,水,,,,,,,,,,,,,,,,土,,,,,,,,,,,,,,,,,,,火,,,,,,,,,
東淀川区,上新庄,3丁目,22番,上記以外,,,,,,,,,,,,,,,,,月木,,,,,水,,,,,,,,,,,,,,,,土,,,,,,,,,,,,,,,,,,,,火,,,,,,,,
東淀川区,北江口,1丁目,1番,,,,,,,,,,,,,,,,,,火金,,,,,,,,,,,,,,,,月,,,,,,,,,,,,,,,,木,,,,,,,,,,,月,,,,,,
東淀川区,北江口,1丁目,2番,,,,,,,,,,,,,,,,,,火金,,,,,,,,,,,,,,,,月,,,,,,,,,,,,,,,,木,,,,,,,,,,,月,,,,,,
東淀川区,北江口,1丁目,3番,,,,,,,,,,,,,,,,,,火金,,,,,,,,,,,,,,,,月,,,,,,,,,,,,,,,,木,,,,,,,,,,,月,,,,,,
東淀川区,北江口,1丁目,4番,,,,,,,,,,,,,,,,,,火金,,,,,,,,,,,,,,,,月,,,,,,,,,,,,,,,,木,,,,,,,,,,,月,,,,,,
東淀川区,北江口,1丁目,5番,,,,,,,,,,,,,,,,,,火金,,,,,,,,,,,,,,,,月,,,,,,,,,,,,,,,,木,,,,,,,,,,,月,,,,,,
東淀川区,北江口,1丁目,6番,,,,,,,,,,,,,,,,,,火金,,,,,,,,,,,,,,,,月,,,,,,,,,,,,,,,,木,,,,,,,,,,,月,,,,,,
東淀川区,北江口,1丁目,7番,,,,,,,,,,,,,,,,,,火金,,,,,,,,,,,,,,,,月,,,,,,,,,,,,,,,,木,,,,,,,,,,,月,,,,,,
東淀川区,北江口,1丁目,8番,,,,,,,,,,,,,,,,,,火金,,,,,,,,,,,,,,,,月,,,,,,,,,,,,,,,,木,,,,,,,,,,,月,,,,,,
東淀川区,北江口,2丁目,1番,,,,,,,,,,,,,,,,,,火金,,,,,,,,,,,,,,,,月,,,,,,,,,,,,,,,,木,,,,,,,,,,,,,月,,,,
東淀川区,北江口,2丁目,2番,,,,,,,,,,,,,,,,,,火金,,,,,,,,,,,,,,,,月,,,,,,,,,,,,,,,,木,,,,,,,,,,,,,月,,,,
東淀川区,北江口,2丁目,3番,,,,,,,,,,,,,,,,,,火金,,,,,,,,,,,,,,,,月,,,,,,,,,,,,,,,,,木,,,,,,,,,,,,月,,,,
東淀川区,北江口,2丁目,4番,,,,,,,,,,,,,,,,,,火金,,,,,,,,,,,,,,,,月,,,,,,,,,,,,,,,,,木,,,,,,,,,,,,月,,,,
東淀川区,北江口,2丁目,5番,,,,,,,,,,,,,,,,,,火金,,,,,,,,,,,,,,,,,月,,,,,,,,,,,,,,,,木,,,,,,,,,,,,月,,,,
東淀川区,北江口,2丁目,6番,,,,,,,,,,,,,,,,,,火金,,,,,,,,,,,,,,,,,月,,,,,,,,,,,,,,,,木,,,,,,,,,,,,月,,,,
東淀川区,北江口,2丁目,7番,,,,,,,,,,,,,,,,,,火金,,,,,,,,,,,,,,,,,月,,,,,,,,,,,,,,,,木,,,,,,,,,,,,月,,,,
東淀川区,北江口,2丁目,8番,,,,,,,,,,,,,,,,,,火金,,,,,,,,,,,,,,,,,月,,,,,,,,,,,,,,,,木,,,,,,,,,,,,月,,,,
東淀川区,北江口,2丁目,9番,,,,,,,,,,,,,,,,,,火金,,,,,,,,,,,,,,,,,月,,,,,,,,,,,,,,,,木,,,,,,,,,,,,月,,,,
東淀川区,北江口,2丁目,10番,軽四輪車(小さい車)で収集している地域,,,,,,,,,,火金,,,,,,,,,,,,,,,,,,,,,,,月,,,,,,,,,,,,,,,,,木,,,,,,,,,,,,月,,,,
東淀川区,北江口,2丁目,10番,上記以外,,,,,,,,,,,,,,,,,火金,,,,,,,,,,,,,,,,月,,,,,,,,,,,,,,,,,木,,,,,,,,,,,,月,,,,
東淀川区,北江口,2丁目,11番,,,,,,,,,,,,,,,,,,火金,,,,,,,,,,,,,,,,月,,,,,,,,,,,,,,,,木,,,,,,,,,,,,,月,,,,
東淀川区,北江口,2丁目,12番,,,,,,,,,,,,,,,,,,火金,,,,,,,,,,,,,,,,月,,,,,,,,,,,,,,,,木,,,,,,,,,,,,,月,,,,
東淀川区,北江口,2丁目,13番,,,,,,,,,,,,,,,,,,火金,,,,,,,,,,,,,,,,月,,,,,,,,,,,,,,,,木,,,,,,,,,,,,,月,,,,
東淀川区,北江口,2丁目,14番,,,,,,,,,,,,,,,,,,火金,,,,,,,,,,,,,,,,月,,,,,,,,,,,,,,,,木,,,,,,,,,,,,,月,,,,
東淀川区,北江口,2丁目,15番,,,,,,,,,,,,,,,,,,火金,,,,,,,,,,,,,,,,月,,,,,,,,,,,,,,,,木,,,,,,,,,,,,,月,,,,
東淀川区,北江口,3丁目,1番,,,,,,,,,,,,,,,,,,火金,,,,,,,,,,,,,,,,月,,,,,,,,,,,,,,,,木,,,,,,,,,,,,,月,,,,
東淀川区,北江口,3丁目,2番,,,,,,,,,,,,,,,,,,火金,,,,,,,,,,,,,,,,月,,,,,,,,,,,,,,,,木,,,,,,,,,,,,,月,,,,
東淀川区,北江口,3丁目,3番,,,,,,,,,,,,,,,,,,火金,,,,,,,,,,,,,,,,,月,,,,,,,,,,,,,,,,木,,,,,,,,,,,,月,,,,
東淀川区,北江口,3丁目,4番,,,,,,,,,,,,,,,,,,火金,,,,,,,,,,,,,,,,,月,,,,,,,,,,,,,,,,木,,,,,,,,,,,,月,,,,
東淀川区,北江口,3丁目,5番,,,,,,,,,,,,,,,,,,火金,,,,,,,,,,,,,,,,,月,,,,,,,,,,,,,,,,木,,,,,,,,,,,,月,,,,
東淀川区,北江口,3丁目,6番,,,,,,,,,,,,,,,,,,火金,,,,,,,,,,,,,,,,,月,,,,,,,,,,,,,,,木,,,,,,,,,,,,,月,,,,
東淀川区,北江口,3丁目,7番,,,,,,,,,,,,,,,,,,火金,,,,,,,,,,,,,,,,,月,,,,,,,,,,,,,,,木,,,,,,,,,,,,,月,,,,
東淀川区,北江口,4丁目,1番,軽四輪車(小さい車)で収集している地域,,,,,,,,,,,,,,,,,火金,,,,,,,,,,,,,,,,月,,,,,,,,,,,,,,,,木,,,,,,,,,,,,,月,,,,
東淀川区,北江口,4丁目,1番,上記以外,,,,,,,,,,,,,,,,,火金,,,,,,,,,,,,,,,,月,,,,,,,,,,,,,,,,木,,,,,,,,,,,,,月,,,,
東淀川区,北江口,4丁目,2番,軽四輪車(小さい車)で収集している地域,,,,,,,,,,,,,,,,,火金,,,,,,,,,,,,,,,,月,,,,,,,,,,,,,,,,木,,,,,,,,,,,,,月,,,,
東淀川区,北江口,4丁目,2番,上記以外,,,,,,,,,,,,,,,,,火金,,,,,,,,,,,,,,,,月,,,,,,,,,,,,,,,,木,,,,,,,,,,,,,月,,,,
東淀川区,北江口,4丁目,3番,軽四輪車(小さい車)で収集している地域,,,,,,,,,,,,,,,,,火金,,,,,,,,,,,,,,,,月,,,,,,,,,,,,,,,,木,,,,,,,,,,,,,月,,,,
東淀川区,北江口,4丁目,3番,上記以外,,,,,,,,,,,,,,,,,火金,,,,,,,,,,,,,,,,月,,,,,,,,,,,,,,,,木,,,,,,,,,,,,,月,,,,
東淀川区,北江口,4丁目,4番,軽四輪車(小さい車)で収集している地域,,,,,,,,,,,,,,,,,火金,,,,,,,,,,,,,,,,月,,,,,,,,,,,,,,,,木,,,,,,,,,,,,,月,,,,
東淀川区,北江口,4丁目,4番,上記以外,,,,,,,,,,,,,,,,,火金,,,,,,,,,,,,,,,,月,,,,,,,,,,,,,,,,木,,,,,,,,,,,,,月,,,,
東淀川区,北江口,4丁目,5番,軽四輪車(小さい車)で収集している地域,,,,,,,,,,,,,,,,,火金,,,,,,,,,,,,,,,,月,,,,,,,,,,,,,,,,木,,,,,,,,,,,,,月,,,,
東淀川区,北江口,4丁目,5番,上記以外,,,,,,,,,,,,,,,,,火金,,,,,,,,,,,,,,,,月,,,,,,,,,,,,,,,,木,,,,,,,,,,,,,月,,,,
東淀川区,北江口,4丁目,6番,,,,,,,,,,,,,,,,,,火金,,,,,,,,,,,,,,,,月,,,,,,,,,,,,,,,,木,,,,,,,,,,,,,月,,,,
東淀川区,北江口,4丁目,7番,,,,,,,,,,,,,,,,,,火金,,,,,,,,,,,,,,,,月,,,,,,,,,,,,,,,,木,,,,,,,,,,,,,月,,,,
東淀川区,北江口,4丁目,8番,,,,,,,,,,,,,,,,,,火金,,,,,,,,,,,,,,,,月,,,,,,,,,,,,,,,,木,,,,,,,,,,,,,月,,,,
東淀川区,北江口,4丁目,9番,,,,,,,,,,,,,,,,,,火金,,,,,,,,,,,,,,,,月,,,,,,,,,,,,,,,,木,,,,,,,,,,,,,月,,,,
東淀川区,北江口,4丁目,10番,,,,,,,,,,,,,,,,,,火金,,,,,,,,,,,,,,月,,,,,,,,,,,,,,,,木,,,,,,,,,,,,,,,月,,,,
東淀川区,北江口,4丁目,11番,,,,,,,,,,,,,,,,,,火金,,,,,,,,,,,,,,,,月,,,,,,,,,,,,,,,,木,,,,,,,,,,,,,月,,,,
東淀川区,北江口,4丁目,12番,,,,,,,,,,,,,,,,,,火金,,,,,,,,,,,,,,月,,,,,,,,,,,,,,,,木,,,,,,,,,,,,,,,月,,,,
東淀川区,北江口,4丁目,13番,,,,,,,,,,,,,,,,,,火金,,,,,,,,,,,,,,,月,,,,,,,,,,,,,,,,木,,,,,,,,,,,,,,月,,,,
東淀川区,北江口,4丁目,14番,,,,,,,,,,,,,,,,,,火金,,,,,,,,,,,,,,,月,,,,,,,,,,,,,,,,木,,,,,,,,,,,,,,月,,,,
東淀川区,北江口,4丁目,15番,,,,,,,,,,,,,,,,,,火金,,,,,,,,,,,,,,,月,,,,,,,,,,,,,,,,木,,,,,,,,,,,,,,月,,,,
東淀川区,北江口,4丁目,16番,,,,,,,,,,,,,,,,,,火金,,,,,,,,,,,,,,,,月,,,,,,,,,,,,,,,,木,,,,,,,,,,,,,月,,,,
東淀川区,北江口,4丁目,17番,,,,,,,,,,,,,,,,,,火金,,,,,,,,,,,,,,,,月,,,,,,,,,,,,,,,,木,,,,,,,,,,,,,月,,,,
東淀川区,北江口,4丁目,18番,,,,,,,,,,,,,,,,,,火金,,,,,,,,,,,,,,,,月,,,,,,,,,,,,,,,,木,,,,,,,,,,,,,月,,,,
東淀川区,北江口,4丁目,19番,,,,,,,,,,,,,,,,,,火金,,,,,,,,,,,,,,,,月,,,,,,,,,,,,,,,,木,,,,,,,,,,,,,月,,,,
東淀川区,北江口,4丁目,20番,,,,,,,,,,,,,,,,,,火金,,,,,,,,,,,,,,,,月,,,,,,,,,,,,,,,,木,,,,,,,,,,,,,月,,,,
東淀川区,北江口,4丁目,21番,,,,,,,,,,,,,,,,,,火金,,,,,,,,,,,,,,,,月,,,,,,,,,,,,,,,,木,,,,,,,,,,,,,月,,,,
東淀川区,柴島,1丁目,2番,,,,,,,,,,,,,,,,,,火金,,,,,月,,,,,,,,,,,,,,,,木,,,,,,,,,,,,,,,,月,,,,,,,,,,,,
東淀川区,柴島,1丁目,3番,,,,,,,,,,,,,,,,,,火金,,,,,月,,,,,,,,,,,,,,,,木,,,,,,,,,,,,,,,,月,,,,,,,,,,,,
東淀川区,柴島,1丁目,4番,,,,,,,,,,,,,,,,,,火金,,,,,月,,,,,,,,,,,,,,,,木,,,,,,,,,,,,,,,,月,,,,,,,,,,,,
東淀川区,柴島,1丁目,6番,,,,,,,,,,,,,,,,,,火金,,,,,月,,,,,,,,,,,,,,,,木,,,,,,,,,,,,,,,,月,,,,,,,,,,,,
東淀川区,柴島,2丁目,1番,,,,,,,,,,,,,,,,,,火金,,,,,月,,,,,,,,,,,,,,,,木,,,,,,,,,,,,,,,,月,,,,,,,,,,,,
東淀川区,柴島,2丁目,2番,,,,,,,,,,,,,,,,,,火金,,,,,月,,,,,,,,,,,,,,,,木,,,,,,,,,,,,,,,,月,,,,,,,,,,,,
東淀川区,柴島,2丁目,3番,,,,,,,,,,,,,,,,,,火金,,,,,月,,,,,,,,,,,,,,,,木,,,,,,,,,,,,,,,,月,,,,,,,,,,,,
東淀川区,柴島,2丁目,4番,,,,,,,,,,,,,,,,,,火金,,,,,月,,,,,,,,,,,,,,,,木,,,,,,,,,,,,,,,,月,,,,,,,,,,,,
東淀川区,柴島,2丁目,5番,,,,,,,,,,,,,,,,,,火金,,,,,月,,,,,,,,,,,,,,,,木,,,,,,,,,,,,,,,,月,,,,,,,,,,,,
東淀川区,柴島,2丁目,6番,,,,,,,,,,,,,,,,,,火金,,,,,月,,,,,,,,,,,,,,,,木,,,,,,,,,,,,,,,,月,,,,,,,,,,,,
東淀川区,柴島,2丁目,7番,,,,,,,,,,,,,,,,,,火金,,,,,月,,,,,,,,,,,,,,,,木,,,,,,,,,,,,,,,,月,,,,,,,,,,,,
東淀川区,柴島,2丁目,8番,,,,,,,,,,,,,,,,,,火金,,,,,月,,,,,,,,,,,,,,,,木,,,,,,,,,,,,,,,,月,,,,,,,,,,,,
東淀川区,柴島,2丁目,9番,,,,,,,,,,,,,,,,,,火金,,,,,月,,,,,,,,,,,,,,,,木,,,,,,,,,,,,,,,,月,,,,,,,,,,,,
東淀川区,柴島,2丁目,10番,,,,,,,,,,,,,,,,,,火金,,,,,月,,,,,,,,,,,,,,,,木,,,,,,,,,,,,,,,,月,,,,,,,,,,,,
東淀川区,柴島,2丁目,11番,,,,,,,,,,,,,,,,,,火金,,,,,月,,,,,,,,,,,,,,,,木,,,,,,,,,,,,,,,,月,,,,,,,,,,,,
東淀川区,柴島,2丁目,12番,,,,,,,,,,,,,,,,,,火金,,,,,月,,,,,,,,,,,,,,,,木,,,,,,,,,,,,,,,,月,,,,,,,,,,,,
東淀川区,柴島,2丁目,13番,,,,,,,,,,,,,,,,,,火金,,,,,月,,,,,,,,,,,,,,,,木,,,,,,,,,,,,,,,,月,,,,,,,,,,,,
東淀川区,柴島,2丁目,14番,,,,,,,,,,,,,,,,,,火金,,,,,月,,,,,,,,,,,,,,,,木,,,,,,,,,,,,,,,,月,,,,,,,,,,,,
東淀川区,柴島,2丁目,15番,,,,,,,,,,,,,,,,,,火金,,,,,月,,,,,,,,,,,,,,,,木,,,,,,,,,,,,,,,,月,,,,,,,,,,,,
東淀川区,柴島,2丁目,16番,,,,,,,,,,,,,,,,,,火金,,,,,月,,,,,,,,,,,,,,,,木,,,,,,,,,,,,,,,,月,,,,,,,,,,,,
東淀川区,柴島,2丁目,17番,,,,,,,,,,,,,,,,,,火金,,,,,月,,,,,,,,,,,,,,,,木,,,,,,,,,,,,,,,,月,,,,,,,,,,,,
東淀川区,柴島,2丁目,18番,,,,,,,,,,,,,,,,,,火金,,,,,月,,,,,,,,,,,,,,,,木,,,,,,,,,,,,,,,,月,,,,,,,,,,,,
東淀川区,柴島,2丁目,19番,,,,,,,,,,,,,,,,,,火金,,,,,月,,,,,,,,,,,,,,,,木,,,,,,,,,,,,,,,,月,,,,,,,,,,,,
東淀川区,柴島,2丁目,20番,,,,,,,,,,,,,,,,,,火金,,,,,月,,,,,,,,,,,,,,,,木,,,,,,,,,,,,,,,,月,,,,,,,,,,,,
東淀川区,柴島,2丁目,21番,,,,,,,,,,,,,,,,,,火金,,,,,月,,,,,,,,,,,,,,,,木,,,,,,,,,,,,,,,,月,,,,,,,,,,,,
東淀川区,柴島,2丁目,22番,,,,,,,,,,,,,,,,,,火金,,,,,月,,,,,,,,,,,,,,,,木,,,,,,,,,,,,,,,,月,,,,,,,,,,,,
東淀川区,柴島,2丁目,23番,,,,,,,,,,,,,,,,,,火金,,,,,月,,,,,,,,,,,,,,,,木,,,,,,,,,,,,,,,,月,,,,,,,,,,,,
東淀川区,柴島,3丁目,1番,,,,,,,,,,,,,,,,,,火金,,,,,月,,,,,,,,,,,,,,,,木,,,,,,,,,,,,,,,,月,,,,,,,,,,,,
東淀川区,柴島,3丁目,2番,,,,,,,,,,,,,,,,,,火金,,,,,月,,,,,,,,,,,,,,,,木,,,,,,,,,,,,,,,,月,,,,,,,,,,,,
東淀川区,柴島,3丁目,3番,,,,,,,,,,,,,,,,,,火金,,,,,月,,,,,,,,,,,,,,,,木,,,,,,,,,,,,,,,,月,,,,,,,,,,,,
東淀川区,柴島,3丁目,4番,,,,,,,,,,,,,,,,,,火金,,,,,月,,,,,,,,,,,,,,,,木,,,,,,,,,,,,,,,,月,,,,,,,,,,,,
東淀川区,柴島,3丁目,5番,,,,,,,,,,,,,,,,,,火金,,,,,月,,,,,,,,,,,,,,,,木,,,,,,,,,,,,,,,,月,,,,,,,,,,,,
東淀川区,柴島,3丁目,6番,,,,,,,,,,,,,,,,,,火金,,,,,月,,,,,,,,,,,,,,,,木,,,,,,,,,,,,,,,,月,,,,,,,,,,,,
東淀川区,柴島,3丁目,7番,,,,,,,,,,,,,,,,,,火金,,,,,月,,,,,,,,,,,,,,,,木,,,,,,,,,,,,,,,,月,,,,,,,,,,,,
東淀川区,柴島,3丁目,8番,,,,,,,,,,,,,,,,,,火金,,,,,月,,,,,,,,,,,,,,,,木,,,,,,,,,,,,,,,,月,,,,,,,,,,,,
東淀川区,柴島,3丁目,9番,,,,,,,,,,,,,,,,,,火金,,,,,月,,,,,,,,,,,,,,,,木,,,,,,,,,,,,,,,,,,,月,,,,,,,,,
東淀川区,柴島,3丁目,10番,,,,,,,,,,,,,,,,,,火金,,,,,月,,,,,,,,,,,,,,,,木,,,,,,,,,,,,,,,,,,,月,,,,,,,,,
東淀川区,小松,1丁目,1番,軽四輪車(小さい車)で収集している地域,,,月木,,,,,,,,,,,,,,,,,,,,,,,,,,水,,,,,,,,,,,,,,,,土,,,,,,,,,,,火,,,,,,,,,,
東淀川区,小松,1丁目,1番,上記以外,,,,,,,,,,,,,,,,,月木,,,,,水,,,,,,,,,,,,,,,,土,,,,,,,,,,,,,,,,,,,,,,,火,,,,,
東淀川区,小松,1丁目,2番,軽四輪車(小さい車)で収集している地域,,,月木,,,,,,,,,,,,,,,,,,,,,,,,,,水,,,,,,,,,,,,,,,,土,,,,,,,,,,,火,,,,,,,,,,
東淀川区,小松,1丁目,2番,10.14.15.17.21.22号,,,,,月木,,,,,,,,,,,,,,,,,,,,,,,,水,,,,,,,,,,,,,,,,土,,,,,,,,,,,火,,,,,,,,,,
東淀川区,小松,1丁目,2番,上記以外,,,,,,,,,,,,,,,,,月木,,,,,,,,,,,,水,,,,,,,,,,,,,,,,土,,,,,,,,,,,,,,,,火,,,,,
東淀川区,小松,1丁目,3番,軽四輪車(小さい車)で収集している地域,,,月木,,,,,,,,,,,,,,,,,,,,,,,,,,水,,,,,,,,,,,,,,,,土,,,,,,,,,,,火,,,,,,,,,,
東淀川区,小松,1丁目,3番,5･6･21･22号,,,,,月木,,,,,,,,,,,,,,,,,,,,,,,,水,,,,,,,,,,,,,,,,土,,,,,,,,,,,火,,,,,,,,,,
東淀川区,小松,1丁目,3番,上記以外,,,,,,,,,,,,,,,,,月木,,,,,,,,,,,,水,,,,,,,,,,,,,,,,土,,,,,,,,,,,,,,,,火,,,,,
東淀川区,小松,1丁目,4番,軽四輪車(小さい車)で収集している地域,,,月木,,,,,,,,,,,,,,,,,,,,,,,,,,水,,,,,,,,,,,,,,,,土,,,,,,,,,,,火,,,,,,,,,,
東淀川区,小松,1丁目,4番,9~17･23･24号,,,,,月木,,,,,,,,,,,,,,,,,,,,,,,,水,,,,,,,,,,,,,,,,土,,,,,,,,,,,火,,,,,,,,,,
東淀川区,小松,1丁目,4番,上記以外,,,,,,,,,,,,,,,,,月木,,,,,,,,,,,,水,,,,,,,,,,,,,,,,土,,,,,,,,,,,,,,,,火,,,,,
東淀川区,小松,1丁目,5番,軽四輪車(小さい車)で収集している地域,,,月木,,,,,,,,,,,,,,,,,,,,,,,,,,水,,,,,,,,,,,,,,,,土,,,,,,,,,,,火,,,,,,,,,,
東淀川区,小松,1丁目,5番,上記以外,,,,,,,,,,,,,,,,,月木,,,,,,,,,,,,水,,,,,,,,,,,,,,,,土,,,,,,,,,,,,,,,,火,,,,,
東淀川区,小松,1丁目,6番,,,,,,,,,,,,,,,,,,月木,,,,,水,,,,,,,,,,,,,,,,土,,,,,,,,,,,,,,,,,,,,,,火,,,,,,
東淀川区,小松,1丁目,7番,,,,,,,,,,,,,,,,,,月木,,,,,水,,,,,,,,,,,,,,,,土,,,,,,,,,,,,,,,,,,火,,,,,,,,,,
東淀川区,小松,1丁目,8番,軽四輪車(小さい車)で収集している地域,,,,,,,,,,月木,,,,,,,,,,,,,,,,,,,水,,,,,,,,,,,,,,,,土,,,,,,,,,,,火,,,,,,,,,,
東淀川区,小松,1丁目,8番,12･13･16･17･21号,,,,,月木,,,,,,,,,,,,,,,,,,,,,,,,水,,,,,,,,,,,,,,,,土,,,,,,,,,,,火,,,,,,,,,,
東淀川区,小松,1丁目,8番,上記以外,,,,,月木,,,,,,,,,,,,,,,,,,,,,,,,水,,,,,,,,,,,,,,,,土,,,,,,,,,,,,,,,火,,,,,,
東淀川区,小松,1丁目,9番,軽四輪車(小さい車)で収集している地域,,,,,,,,,,月木,,,,,,,,,,,,,,,,,,,水,,,,,,,,,,,,,,,,土,,,,,,,,,,,火,,,,,,,,,,
東淀川区,小松,1丁目,9番,25･26･28.31~34号,,,,,月木,,,,,,,,,,,,,,,,,,,,,,,,水,,,,,,,,,,,,,,,,土,,,,,,,,,,,火,,,,,,,,,,
東淀川区,小松,1丁目,9番,上記以外,,,,,月木,,,,,,,,,,,,,,,,,,,,,,,,水,,,,,,,,,,,,,,,,土,,,,,,,,,,,,,,,火,,,,,,
東淀川区,小松,1丁目,10番,,,,,,,,,,,,,,,,,,月木,,,,,,,,,,,,水,,,,,,,,,,,,,,,,土,,,,,,,,,,,火,,,,,,,,,,
東淀川区,小松,1丁目,11番,,,,,,,,,,,,,,,,,,月木,,,,,,,,,,,,水,,,,,,,,,,,,,,,,土,,,,,,,,,,,,,,,,火,,,,,
東淀川区,小松,1丁目,12番,,,,,,,,,,,,,,,,,,月木,,,,,,,,,,,,水,,,,,,,,,,,,,,,,土,,,,,,,,,,,,,,,,火,,,,,
東淀川区,小松,1丁目,13番,,,,,,,,,,,,,,,,,,月木,,,,,,,,,,,,水,,,,,,,,,,,,,,,,土,,,,,,,,,,,,,,,,火,,,,,
東淀川区,小松,1丁目,14番,,,,,,,,,,,,,,,,,,月木,,,,,,,,,,,,水,,,,,,,,,,,,,,,,土,,,,,,,,,,,,,,,,火,,,,,
東淀川区,小松,1丁目,15番,,,,,,,,,,,,,,,,,,月木,,,,,,,,,,,,水,,,,,,,,,,,,,,,,土,,,,,,,,,,,,,,,,火,,,,,
東淀川区,小松,1丁目,16番,,,,,,,,,,,,,,,,,,月木,,,,,,水,,,,,,,,,,,,,,,,土,,,,,,,,,,,,,,,,,,,,,,火,,,,,
東淀川区,小松,1丁目,17番,,,,,,,,,,,,,,,,,,月木,,,,,,水,,,,,,,,,,,,,,,,土,,,,,,,,,,,,,,,,,,,,,,火,,,,,
東淀川区,小松,1丁目,18番,,,,,,,,,,,,,,,,,,月木,,,,,,水,,,,,,,,,,,,,,,,土,,,,,,,,,,,,,,,,,,,,,,火,,,,,
東淀川区,小松,2丁目,1番,,,,,,,,,,,,,,,,,,月木,,,,,,水,,,,,,,,,,,,,,,,土,,,,,,,,,,,,,,,,,,,,,,火,,,,,
東淀川区,小松,2丁目,2番,,,,,,,,,,,,,,,,,,月木,,,,,,水,,,,,,,,,,,,,,,,土,,,,,,,,,,,,,,,,,,,,,,火,,,,,
東淀川区,小松,2丁目,3番,,,,,,,,,,,,,,,,,,月木,,,,,,,,,,,,水,,,,,,,,,,,,,,,,土,,,,,,,,,,,,,,,,火,,,,,
東淀川区,小松,2丁目,4番,,,,,,,,,,,,,,,,,,月木,,,,,,,,,,,,水,,,,,,,,,,,,,,,,土,,,,,,,,,,,,,,,,火,,,,,
東淀川区,小松,2丁目,5番,,,,,,,,,,,,,,,,,,月木,,,,,,,,,,,,水,,,,,,,,,,,,,,,,土,,,,,,,,,,,,,,,,火,,,,,
東淀川区,小松,2丁目,6番,,,,,,,,,,,,,,,,,,月木,,,,,,,,,,,,水,,,,,,,,,,,,,,,,土,,,,,,,,,,,,,,,,火,,,,,
東淀川区,小松,2丁目,7番,,,,,,,,,,,,,,,,,,月木,,,,,,,,,,,,水,,,,,,,,,,,,,,,,土,,,,,,,,,,,,,,,,火,,,,,
東淀川区,小松,2丁目,8番,軽四輪車(小さい車)で収集している地域,,,,,,,,,,月木,,,,,,,,,,,,,,,,,,,水,,,,,,,,,,,,,,,,土,,,,,,,,,,,,,,,,,火,,,,
東淀川区,小松,2丁目,8番,18.20号,,,,,,,,,,月木,,,,,,,,,,,,,,,,,,,水,,,,,,,,,,,,,,,,土,,,,,,,,,,,,,,,,,火,,,,
東淀川区,小松,2丁目,8番,上記以外,,,,,,,,,,,,,,,,,月木,,,,,,,,,,,,水,,,,,,,,,,,,,,,,土,,,,,,,,,,,,,,,,火,,,,,
東淀川区,小松,2丁目,9番,軽四輪車(小さい車)で収集している地域,,,,,,,,,,月木,,,,,,,,,,,,,,,,,,,,水,,,,,,,,,,,,,,,,土,,,,,,,,,,,,,,,,火,,,,
東淀川区,小松,2丁目,9番,3~5･10~13号,,,,,,,,,,月木,,,,,,,,,,,,,,,,,,,,水,,,,,,,,,,,,,,,,土,,,,,,,,,,,,,,,,火,,,,
東淀川区,小松,2丁目,9番,上記以外,,,,,,,,,,,,,,,,,月木,,,,,,,,,,,,,水,,,,,,,,,,,,,,,,土,,,,,,,,,,,,,,,火,,,,,
東淀川区,小松,2丁目,10番,,,,,,,,,,,,,,,,,,月木,,,,,,,,,,,,,水,,,,,,,,,,,,,,,,土,,,,,,,,,,,,,,,火,,,,,
東淀川区,小松,2丁目,11番,,,,,,,,,,,,,,,,,,月木,,,,,,,,,,,,,水,,,,,,,,,,,,,,,,土,,,,,,,,,,,,,,,火,,,,,
東淀川区,小松,2丁目,12番,,,,,,,,,,,,,,,,,,月木,,,,,,,,,,,水,,,,,,,,,,,,,,,,土,,,,,,,,,,,,,,,,,火,,,,,
東淀川区,小松,2丁目,13番,軽四輪車(小さい車)で収集している地域,,,,,,,,,,月木,,,,,,,,,,,,,,,,,,,水,,,,,,,,,,,,,,,,土,,,,,,,,,,,,,,,,,火,,,,
東淀川区,小松,2丁目,13番,上記以外,,,,,,,,,,,,,,,,,月木,,,,,,,,,,,,,水,,,,,,,,,,,,,,,,土,,,,,,,,,,,,,,,火,,,,,
東淀川区,小松,2丁目,14番,,,,,,,,,,,,,,,,,,月木,,,,,,,水,,,,,,,,,,,,,,,,土,,,,,,,,,,,,,,,,,,,,,,,火,,,
東淀川区,小松,2丁目,15番,,,,,,,,,,,,,,,,,,月木,,,,,,,水,,,,,,,,,,,,,,,,土,,,,,,,,,,,,,,,,,,,,,,,火,,,
東淀川区,小松,2丁目,16番,,,,,,,,,,,,,,,,,,月木,,,,,,,水,,,,,,,,,,,,,,,,土,,,,,,,,,,,,,,,,,,,,,火,,,,,
東淀川区,小松,2丁目,17番,,,,,,,,,,,,,,,,,,月木,,,,,,,水,,,,,,,,,,,,,,,,土,,,,,,,,,,,,,,,,,,,,,火,,,,,
東淀川区,小松,3丁目,1番,,,,,,,,,,,,,,,,,,月木,,,,,,,,,,,,水,,,,,,,,,,,,,,,,土,,,,,,,,,,,,,,,,火,,,,,
東淀川区,小松,3丁目,2番,,,,,,,,,,,,,,,,,,月木,,,,,,,,,,,,水,,,,,,,,,,,,,,,,土,,,,,,,,,,,,,,,,火,,,,,
東淀川区,小松,3丁目,3番,,,,,,,,,,,,,,,,,,月木,,,,,,,,,,,,水,,,,,,,,,,,,,,,,土,,,,,,,,,,,,,,,,火,,,,,
東淀川区,小松,3丁目,4番,,,,,,,,,,,,,,,,,,月木,,,,,,,,,,,,水,,,,,,,,,,,,,,,,土,,,,,,,,,,,,,,,,火,,,,,
東淀川区,小松,3丁目,5番,,,,,,,,,,,,,,,,,,月木,,,,,,,,,,,,,水,,,,,,,,,,,,,,,,土,,,,,,,,,,,,,,,火,,,,,
東淀川区,小松,3丁目,6番,,,,,,,,,,,,,,,,,,月木,,,,,,,,,,,,,水,,,,,,,,,,,,,,,,土,,,,,,,,,,,,,,,,,火,,,
東淀川区,小松,3丁目,7番,,,,,,,,,,,,,,,,,,月木,,,,,,,,,,,,,水,,,,,,,,,,,,,,,,土,,,,,,,,,,,,,,,,,火,,,
東淀川区,小松,3丁目,8番,,,,,,,,,,,,,,,,,,月木,,,,,,,,,,,,,水,,,,,,,,,,,,,,,,土,,,,,,,,,,,,,,,火,,,,,
東淀川区,小松,3丁目,9番,,,,,,,,,,,,,,,,,,月木,,,,,,,,,,,,,水,,,,,,,,,,,,,,,,土,,,,,,,,,,,,,,,,,火,,,
東淀川区,小松,3丁目,10番,軽四輪車(小さい車)で収集している地域,,,,,,,,,,月木,,,,,,,,,,,,,,,,,,,,水,,,,,,,,,,,,,,,,土,,,,,,,,,,,,,,,,火,,,,
東淀川区,小松,3丁目,10番,1･5号,,,,,,,,,,月木,,,,,,,,,,,,,,,,,,,,水,,,,,,,,,,,,,,,,土,,,,,,,,,,,,,,,,火,,,,
東淀川区,小松,3丁目,10番,上記以外,,,,,,,,,,,,,,,,,月木,,,,,,,,,,,,,水,,,,,,,,,,,,,,,,土,,,,,,,,,,,,,,,,,火,,,
東淀川区,小松,3丁目,11番,軽四輪車(小さい車)で収集している地域,,,,,,,,,,月木,,,,,,,,,,,,,,,,,,,,,水,,,,,,,,,,,,,,,,土,,,,,,,,,,,,,,,火,,,,
東淀川区,小松,3丁目,11番,5.8.10~12号　　4号(シャーメゾンカルム),,,,,,,,,,月木,,,,,,,,,,,,,,,,,,,,,水,,,,,,,,,,,,,,,,土,,,,,,,,,,,,,,,火,,,,
東淀川区,小松,3丁目,11番,上記以外,,,,,,,,,,,,,,,,,月木,,,,,,,,,,,,,,水,,,,,,,,,,,,,,,,土,,,,,,,,,,,,,,,,火,,,
東淀川区,小松,3丁目,12番,軽四輪車(小さい車)で収集している地域,,,,,,,,,,月木,,,,,,,,,,,,,,,,,,,,,水,,,,,,,,,,,,,,,,土,,,,,,,,,,,,,,,火,,,,
東淀川区,小松,3丁目,12番,11.13.20号,,,,,,,,,,月木,,,,,,,,,,,,,,,,,,,,,水,,,,,,,,,,,,,,,,土,,,,,,,,,,,,,,,火,,,,
東淀川区,小松,3丁目,12番,上記以外,,,,,,,,,,,,,,,,,月木,,,,,,,,,,,,,,水,,,,,,,,,,,,,,,,土,,,,,,,,,,,,,,,,火,,,
東淀川区,小松,3丁目,13番,,,,,,,,,,,,,,,,,,月木,,,,,,,,,,,,,,水,,,,,,,,,,,,,,,,土,,,,,,,,,,,,,,,火,,,,
東淀川区,小松,3丁目,14番,軽四輪車(小さい車)で収集している地域,,,,,,,,,,月木,,,,,,,,,,,,,,,,,,,,,水,,,,,,,,,,,,,,,,土,,,,,,,,,,,,,,,火,,,,
東淀川区,小松,3丁目,14番,18~20･22号,,,,,,,,,,月木,,,,,,,,,,,,,,,,,,,,,水,,,,,,,,,,,,,,,,土,,,,,,,,,,,,,,,火,,,,
東淀川区,小松,3丁目,14番,上記以外,,,,,,,,,,,,,,,,,月木,,,,,,,,,,,,,,水,,,,,,,,,,,,,,,,土,,,,,,,,,,,,,,,,火,,,
東淀川区,小松,3丁目,15番,軽四輪車(小さい車)で収集している地域,,,,,,,,,,月木,,,,,,,,,,,,,,,,,,,,水,,,,,,,,,,,,,,,,土,,,,,,,,,,,,,,,,火,,,,
東淀川区,小松,3丁目,15番,4･5･9･10･13･21･25号,,,,,,,,,,月木,,,,,,,,,,,,,,,,,,,,水,,,,,,,,,,,,,,,,土,,,,,,,,,,,,,,,,火,,,,
東淀川区,小松,3丁目,15番,上記以外,,,,,,,,,,,,,,,,,月木,,,,,,,,,,,,,水,,,,,,,,,,,,,,,,土,,,,,,,,,,,,,,,,,火,,,
東淀川区,小松,3丁目,16番,軽四輪車(小さい車)で収集している地域,,,,,,,,,,月木,,,,,,,,,,,,,,,,,,,,水,,,,,,,,,,,,,,,,土,,,,,,,,,,,,,,,,火,,,,
東淀川区,小松,3丁目,16番,3･29号,,,,,,,,,,月木,,,,,,,,,,,,,,,,,,,,水,,,,,,,,,,,,,,,,土,,,,,,,,,,,,,,,,火,,,,
東淀川区,小松,3丁目,16番,上記以外,,,,,,,,,,,,,,,,,月木,,,,,,,,,,,,,水,,,,,,,,,,,,,,,,土,,,,,,,,,,,,,,,,,火,,,
東淀川区,小松,3丁目,17番,,,,,,,,,,,,,,,,,,月木,,,,,,,,,,,,,水,,,,,,,,,,,,,,,,土,,,,,,,,,,,,,,,,火,,,,
東淀川区,小松,3丁目,18番,,,,,,,,,,,,,,,,,,月木,,,,,,,,,,,,,水,,,,,,,,,,,,,,,,土,,,,,,,,,,,,,,,,,火,,,
東淀川区,小松,3丁目,19番,,,,,,,,,,,,,,,,,,月木,,,,,,,水,,,,,,,,,,,,,,,,土,,,,,,,,,,,,,,,,,,,,,,火,,,,
東淀川区,小松,3丁目,20番,,,,,,,,,,,,,,,,,,月木,,,,,,,水,,,,,,,,,,,,,,,,土,,,,,,,,,,,,,,,,,,,,,,,火,,,
東淀川区,小松,3丁目,21番,,,,,,,,,,,,,,,,,,月木,,,,,,,水,,,,,,,,,,,,,,,,土,,,,,,,,,,,,,,,,,,,,,,,火,,,
東淀川区,小松,4丁目,1番,,,,,,,,,,,,,,,,,,月木,,,,,,,,,,,,水,,,,,,,,,,,,,,,,土,,,,,,,,,,,,,,,,火,,,,,
東淀川区,小松,4丁目,2番,,,,,,,,,,,,,,,,,,月木,,,,,,,,,,,,水,,,,,,,,,,,,,,,,土,,,,,,,,,,,,,,,,,,火,,,
東淀川区,小松,4丁目,3番,,,,,,,,,,,,,,,,,,月木,,,,,,,,,,,,水,,,,,,,,,,,,,,,,土,,,,,,,,,,,,,,,,,,火,,,
東淀川区,小松,4丁目,4番,,,,,,,,,,,,,,,,,,月木,,,,,,,,,,,,水,,,,,,,,,,,,,,,,土,,,,,,,,,,,,,,,,,,火,,,
東淀川区,小松,4丁目,5番,,,,,,,,,,,,,,,,,,月木,,,,,,,,,,,,水,,,,,,,,,,,,,,,,土,,,,,,,,,,,,,,,,,,火,,,
東淀川区,小松,4丁目,6番,,,,,,,,,,,,,,,,,,月木,,,,,,,,,,,,水,,,,,,,,,,,,,,,,土,,,,,,,,,,,,,,,,火,,,,,
東淀川区,小松,4丁目,7番,,,,,,,,,,,,,,,,,,月木,,,,,,,,,,,,水,,,,,,,,,,,,,,,,土,,,,,,,,,,,,,,,,,,火,,,
東淀川区,小松,4丁目,8番,,,,,,,,,,,,,,,,,,月木,,,,,,,,,,,,,水,,,,,,,,,,,,,,,,土,,,,,,,,,,,,,,,,,火,,,
東淀川区,小松,4丁目,9番,,,,,,,,,,,,,,,,,,月木,,,,,,,,,,,,,水,,,,,,,,,,,,,,,,土,,,,,,,,,,,,,,,,,火,,,
東淀川区,小松,4丁目,10番,,,,,,,,,,,,,,,,,,月木,,,,,,,,,,,,,水,,,,,,,,,,,,,,,,土,,,,,,,,,,,,,,,,,火,,,
東淀川区,小松,4丁目,11番,,,,,,,,,,,,,,,,,,月木,,,,,,,,,,,,,水,,,,,,,,,,,,,,,,土,,,,,,,,,,,,,,,,,火,,,
東淀川区,小松,4丁目,12番,,,,,,,,,,,,,,,,,,月木,,,,,,,,,,,,,,水,,,,,,,,,,,,,,,,土,,,,,,,,,,,,,,,,火,,,
東淀川区,小松,4丁目,13番,,,,,,,,,,,,,,,,,,月木,,,,,,,,,,,,,水,,,,,,,,,,,,,,,,土,,,,,,,,,,,,,,,,,火,,,
東淀川区,小松,4丁目,14番,,,,,,,,,,,,,,,,,,月木,,,,,,,,,,,,,水,,,,,,,,,,,,,,,,土,,,,,,,,,,,,,,,,,火,,,
東淀川区,小松,4丁目,15番,,,,,,,,,,,,,,,,,,月木,,,,,,,,,,,,,,水,,,,,,,,,,,,,,,,土,,,,,,,,,,,,,,,,火,,,
東淀川区,小松,4丁目,16番,,,,,,,,,,,,,,,,,,月木,,,,,,,,,,,,,,水,,,,,,,,,,,,,,,,土,,,,,,,,,,,,,,,,火,,,
東淀川区,小松,4丁目,17番,,,,,,,,,,,,,,,,,,月木,,,,,,,,,,,,,,水,,,,,,,,,,,,,,,,土,,,,,,,,,,,,,,,,火,,,
東淀川区,小松,5丁目,1番,,,,,,,,,,,,,,,,,,月木,,,,,,,,,,,,,,水,,,,,,,,,,,,,,,,土,,,,,,,,,,,,,,,火,,,,
東淀川区,小松,5丁目,2番,,,,,,,,,,,,,,,,,,月木,,,,,,,,,,,,,,水,,,,,,,,,,,,,,,,土,,,,,,,,,,,,,,,火,,,,
東淀川区,小松,5丁目,3番,,,,,,,,,,,,,,,,,,月木,,,,,,,,,,,,,,水,,,,,,,,,,,,,,,,土,,,,,,,,,,,,,,,火,,,,
東淀川区,小松,5丁目,4番,,,,,,,,,,,,,,,,,,月木,,,,,,,,,,,,,,水,,,,,,,,,,,,,,,,土,,,,,,,,,,,,,,,火,,,,
東淀川区,小松,5丁目,5番,,,,,,,,,,,,,,,,,,月木,,,,,,,,,,,,,,水,,,,,,,,,,,,,,,,土,,,,,,,,,,,,,,,火,,,,
東淀川区,小松,5丁目,6番,,,,,,,,,,,,,,,,,,月木,,,,,,,,,,,,,,水,,,,,,,,,,,,,,,,土,,,,,,,,,,,,,,,火,,,,
東淀川区,小松,5丁目,7番,,,,,,,,,,,,,,,,,,月木,,,,,,,,,,,,,,水,,,,,,,,,,,,,,,,土,,,,,,,,,,,,,,,火,,,,
東淀川区,下新庄,1丁目,1番,,,,,,,火金,,,,,,,,,,,,,,,,,,月,,,,,,,,,,,,,,,,木,,,,,,,,,,,,,,,,,金,,,,,,,,,
東淀川区,下新庄,1丁目,2番,,,,,,,火金,,,,,,,,,,,,,,,,,,月,,,,,,,,,,,,,,,,木,,,,,,,,,,,,,,,,,金,,,,,,,,,
東淀川区,下新庄,1丁目,3番,,,,,,,火金,,,,,,,,,,,,,,,,,,月,,,,,,,,,,,,,,,,木,,,,,,,,,,,,,,,,,金,,,,,,,,,
東淀川区,下新庄,1丁目,4番,,,,,,,火金,,,,,,,,,,,,,,,,,,月,,,,,,,,,,,,,,,,木,,,,,,,,,,,,,,,,,金,,,,,,,,,
東淀川区,下新庄,1丁目,5番,,,,,,,火金,,,,,,,,,,,,,,,,,,月,,,,,,,,,,,,,,,,木,,,,,,,,,,,,,,,,,金,,,,,,,,,
東淀川区,下新庄,1丁目,6番,,,,,,,火金,,,,,,,,,,,,,,,,,,月,,,,,,,,,,,,,,,,木,,,,,,,,,,,,,,,,,金,,,,,,,,,
東淀川区,下新庄,1丁目,7番,,,,,,,火金,,,,,,,,,,,,,,,,,,月,,,,,,,,,,,,,,,,木,,,,,,,,,,,,,,,,,金,,,,,,,,,
東淀川区,下新庄,1丁目,8番,,,,,,,火金,,,,,,,,,,,,,,,,,,月,,,,,,,,,,,,,,,,木,,,,,,,,,,,,,,,,,金,,,,,,,,,
東淀川区,下新庄,1丁目,9番,,,,,,,火金,,,,,,,,,,,,,,,,,,月,,,,,,,,,,,,,,,,木,,,,,,,,,,,,,,,,,金,,,,,,,,,
東淀川区,下新庄,1丁目,10番,,,,,,,火金,,,,,,,,,,,,,,,,,,月,,,,,,,,,,,,,,,,木,,,,,,,,,,,,,,,,,金,,,,,,,,,
東淀川区,下新庄,1丁目,11番,,,,,,,火金,,,,,,,,,,,,,,,,,,月,,,,,,,,,,,,,,,,木,,,,,,,,,,,,,,,,,金,,,,,,,,,
東淀川区,下新庄,1丁目,12番,,,,,,,火金,,,,,,,,,,,,,,,,,,月,,,,,,,,,,,,,,,,木,,,,,,,,,,,,,,,,,金,,,,,,,,,
東淀川区,下新庄,2丁目,1番,,,,,,,火金,,,,,,,,,,,,,,,,,,,,,,,月,,,,,,,,,,,,,,,,木,,,,,,,,,,,,,金,,,,,,,,
東淀川区,下新庄,2丁目,2番,,,,,,,火金,,,,,,,,,,,,,,,,,,,,,,,月,,,,,,,,,,,,,,,,木,,,,,,,,,,,,,金,,,,,,,,
東淀川区,下新庄,2丁目,3番,,,,,,,火金,,,,,,,,,,,,,,,,,,,,,,,月,,,,,,,,,,,,,,,,木,,,,,,,,,,,,,金,,,,,,,,
東淀川区,下新庄,2丁目,4番,,,,,,,火金,,,,,,,,,,,,,,,,,,,,,,,月,,,,,,,,,,,,,,,,木,,,,,,,,,,,,,金,,,,,,,,
東淀川区,下新庄,2丁目,5番,,,,,,,火金,,,,,,,,,,,,,,,,,,,,,,,月,,,,,,,,,,,,,,,,木,,,,,,,,,,,,,金,,,,,,,,
東淀川区,下新庄,2丁目,6番,,,,,,,火金,,,,,,,,,,,,,,,,,,,,,,,月,,,,,,,,,,,,,,,,木,,,,,,,,,,,,,金,,,,,,,,
東淀川区,下新庄,2丁目,7番,,,,,,,火金,,,,,,,,,,,,,,,,,,,,,,,月,,,,,,,,,,,,,,,,木,,,,,,,,,,,,,金,,,,,,,,
東淀川区,下新庄,2丁目,8番,,,,,,,火金,,,,,,,,,,,,,,,,,,,,,,,月,,,,,,,,,,,,,,,,木,,,,,,,,,,,,,金,,,,,,,,
東淀川区,下新庄,2丁目,9番,,,,,,,火金,,,,,,,,,,,,,,,,,,,,,,,月,,,,,,,,,,,,,,,,木,,,,,,,,,,,,,金,,,,,,,,
東淀川区,下新庄,2丁目,10番,,,,,,,火金,,,,,,,,,,,,,,,,,,,,,,,月,,,,,,,,,,,,,,,,木,,,,,,,,,,,,,金,,,,,,,,
東淀川区,下新庄,2丁目,11番,,,,,,,火金,,,,,,,,,,,,,,,,,,,,,,,月,,,,,,,,,,,,,,,,木,,,,,,,,,,,,,金,,,,,,,,
東淀川区,下新庄,2丁目,12番,,,,,,,火金,,,,,,,,,,,,,,,,,,,,,,,月,,,,,,,,,,,,,,,,木,,,,,,,,,,,,,金,,,,,,,,
東淀川区,下新庄,2丁目,13番,,,,,,,火金,,,,,,,,,,,,,,,,,,,,,,,月,,,,,,,,,,,,,,,,木,,,,,,,,,,,,,金,,,,,,,,
東淀川区,下新庄,2丁目,14番,,,,,,,火金,,,,,,,,,,,,,,,,,,,,,,,月,,,,,,,,,,,,,,,,木,,,,,,,,,,,,,金,,,,,,,,
東淀川区,下新庄,2丁目,15番,,,,,,,火金,,,,,,,,,,,,,,,,,,,,,,,月,,,,,,,,,,,,,,,,木,,,,,,,,,,,,,金,,,,,,,,
東淀川区,下新庄,2丁目,16番,,,,,,,火金,,,,,,,,,,,,,,,,,,,,,,,月,,,,,,,,,,,,,,,,木,,,,,,,,,,,,,金,,,,,,,,
東淀川区,下新庄,3丁目,1番,ジオ阪急淡路,,,,,,,,,,,,,,,,,火金,,,,,,,,,,,,月,,,,,,,,,,,,,,,,木,,,,,,,,,,,,,金,,,,,,,,
東淀川区,下新庄,3丁目,1番,上記以外,,,,,,火金,,,,,,,,,,,,,,,,,,,,,,,月,,,,,,,,,,,,,,,,木,,,,,,,,,,,,,金,,,,,,,,
東淀川区,下新庄,3丁目,2番,軽四輪車(小さい車)で収集している地域,,,,,,,,,,火金,,,,,,,,,,,,,,,,,,,月,,,,,,,,,,,,,,,,木,,,,,,,,,,,,金,,,,,,,,,
東淀川区,下新庄,3丁目,2番,上記以外,,,,,,火金,,,,,,,,,,,,,,,,,,,,,,,月,,,,,,,,,,,,,,,,木,,,,,,,,,,,,,金,,,,,,,,
東淀川区,下新庄,3丁目,4番,,,,,,,火金,,,,,,,,,,,,,,,,,,,,,,,月,,,,,,,,,,,,,,,,木,,,,,,,,,,,,,金,,,,,,,,
東淀川区,下新庄,3丁目,5番,３３号,,,,,,,,,,火金,,,,,,,,,,,,,,,,,,,月,,,,,,,,,,,,,,,,木,,,,,,,,,,,,,金,,,,,,,,
東淀川区,下新庄,3丁目,5番,アルス上新庄,,,,,,,,,,火金,,,,,,,,,,,,,,,,,,,月,,,,,,,,,,,,,,,,木,,,,,,,,,,,,,金,,,,,,,,
東淀川区,下新庄,3丁目,5番,シティーコート上新庄,,,,,,,,,,火金,,,,,,,,,,,,,,,,,,,月,,,,,,,,,,,,,,,,木,,,,,,,,,,,,,金,,,,,,,,
東淀川区,下新庄,3丁目,5番,上記以外,,,,,,火金,,,,,,,,,,,,,,,,,,,,,,,月,,,,,,,,,,,,,,,,木,,,,,,,,,,,,,金,,,,,,,,
東淀川区,下新庄,3丁目,6番,,,,,,,火金,,,,,,,,,,,,,,,,,,,,,,,月,,,,,,,,,,,,,,,,木,,,,,,,,,,,,,金,,,,,,,,
東淀川区,下新庄,3丁目,7番,,,,,,,火金,,,,,,,,,,,,,,,,,,,,,,,月,,,,,,,,,,,,,,,,木,,,,,,,,,,,,,金,,,,,,,,
東淀川区,下新庄,3丁目,8番,,,,,,,火金,,,,,,,,,,,,,,,,,,,,,,,月,,,,,,,,,,,,,,,,木,,,,,,,,,,,,,金,,,,,,,,
東淀川区,下新庄,3丁目,9番,カーム淀川,,,,,,,,,,火金,,,,,,,,,,,,,,,月,,,,,,,,,,,,,,,,木,,,,,,,,,,,,,,,,,金,,,,,,,,
東淀川区,下新庄,3丁目,9番,クラウンハイム東淀川,,,,,,,,,,火金,,,,,,,,,,,,,,,,,,,月,,,,,,,,,,,,,,,,木,,,,,,,,,,,,,金,,,,,,,,
東淀川区,下新庄,3丁目,9番,ローレルスクエア,,,,,,,,,,,,,,,,,火金,,,,,,,,,,,,月,,,,,,,,,,,,,,,,木,,,,,,,,,,,,,金,,,,,,,,
東淀川区,下新庄,3丁目,9番,上記以外,,,,,,火金,,,,,,,,,,,,,,,,,,,,,,,月,,,,,,,,,,,,,,,,木,,,,,,,,,,,,,金,,,,,,,,
東淀川区,下新庄,3丁目,10番,ファミール東淀川,,,,,,,,,,火金,,,,,,,,,,,,,,,月,,,,,,,,,,,,,,,,木,,,,,,,,,,,,,,,,,金,,,,,,,,
東淀川区,下新庄,3丁目,10番,上記以外,,,,,,火金,,,,,,,,,,,,,,,,,,,月,,,,,,,,,,,,,,,,木,,,,,,,,,,,,,,,,,金,,,,,,,,
東淀川区,下新庄,3丁目,11番,,,,,,,火金,,,,,,,,,,,,,,,,月,,,,,,,,,,,,,,,,木,,,,,,,,,,,,,,,,,,,,金,,,,,,,,
東淀川区,下新庄,4丁目,1番,軽四輪車(小さい車)で収集している地域,,,,,,,,,,,,,,,火金,,,,,,,,,,月,,,,,,,,,,,,,,,,木,,,,,,,,,,,,,,,,金,,,,,,,,,
東淀川区,下新庄,4丁目,1番,上記以外,,,,,,火金,,,,,,,,,,,,,,,,,,,月,,,,,,,,,,,,,,,,木,,,,,,,,,,,,,,,,金,,,,,,,,,
東淀川区,下新庄,4丁目,2番,軽四輪車(小さい車)で収集している地域,,,,,,,,,,,,,,,火金,,,,,,,,,月,,,,,,,,,,,,,,,,木,,,,,,,,,,,,,,,,,金,,,,,,,,,
東淀川区,下新庄,4丁目,2番,上記以外,,,,,,火金,,,,,,,,,,,,,,,,,,月,,,,,,,,,,,,,,,,木,,,,,,,,,,,,,,,,,金,,,,,,,,,
東淀川区,下新庄,4丁目,3番,軽四輪車(小さい車)で収集している地域,,,,,,,,,,,,,,,火金,,,,,,,,,月,,,,,,,,,,,,,,,,木,,,,,,,,,,,,,,,,,金,,,,,,,,,
東淀川区,下新庄,4丁目,3番,上記以外,,,,,,火金,,,,,,,,,,,,,,,,,,月,,,,,,,,,,,,,,,,木,,,,,,,,,,,,,,,,,金,,,,,,,,,
東淀川区,下新庄,4丁目,4番,,,,,,,火金,,,,,,,,,,,,,,,,,,,月,,,,,,,,,,,,,,,,木,,,,,,,,,,,,,,,,金,,,,,,,,,
東淀川区,下新庄,4丁目,5番,,,,,,,火金,,,,,,,,,,,,,,,,,,,月,,,,,,,,,,,,,,,,木,,,,,,,,,,,,,,,,金,,,,,,,,,
東淀川区,下新庄,4丁目,6番,,,,,,,火金,,,,,,,,,,,,,,,,,,,,,,,,月,,,,,,,,,,,,,,,,木,,,,,,,,,,,金,,,,,,,,,
東淀川区,下新庄,4丁目,7番,軽四輪車(小さい車)で収集している地域,,,,,,,,,,火金,,,,,,,,,,,,,,,,,,,,月,,,,,,,,,,,,,,,,木,,,,,,,,,,,金,,,,,,,,,
東淀川区,下新庄,4丁目,7番,上記以外,,,,,,火金,,,,,,,,,,,,,,,,,,,,,,,,月,,,,,,,,,,,,,,,,木,,,,,,,,,,,金,,,,,,,,,
東淀川区,下新庄,4丁目,8番,軽四輪車(小さい車)で収集している地域,,,,,,,,,,火金,,,,,,,,,,,,,,,,,,,,月,,,,,,,,,,,,,,,,木,,,,,,,,,,,金,,,,,,,,,
東淀川区,下新庄,4丁目,8番,上記以外,,,,,,火金,,,,,,,,,,,,,,,,,,,,,,,,月,,,,,,,,,,,,,,,,木,,,,,,,,,,,金,,,,,,,,,
東淀川区,下新庄,4丁目,9番,軽四輪車(小さい車)で収集している地域,,,,,,,,,,火金,,,,,,,,,,,,,,,,,,,,月,,,,,,,,,,,,,,,,木,,,,,,,,,,,金,,,,,,,,,
東淀川区,下新庄,4丁目,9番,上記以外,,,,,,火金,,,,,,,,,,,,,,,,,,,月,,,,,,,,,,,,,,,,木,,,,,,,,,,,,,,,,,金,,,,,,,,
東淀川区,下新庄,4丁目,10番,軽四輪車(小さい車)で収集している地域,,,,,,,,,,火金,,,,,,,,,,,,,,,,,,,,月,,,,,,,,,,,,,,,,木,,,,,,,,,,,金,,,,,,,,,
東淀川区,下新庄,4丁目,10番,上記以外,,,,,,火金,,,,,,,,,,,,,,,,,,,,,,,,月,,,,,,,,,,,,,,,,木,,,,,,,,,,,,金,,,,,,,,
東淀川区,下新庄,4丁目,11番,軽四輪車(小さい車)で収集している地域,,,,,,,,,,,,,,,火金,,,,,,,,,,,,月,,,,,,,,,,,,,,,,木,,,,,,,,,,,,,,金,,,,,,,,,
東淀川区,下新庄,4丁目,11番,上記以外,,,,,,火金,,,,,,,,,,,,,,,,,,,,,月,,,,,,,,,,,,,,,,木,,,,,,,,,,,,,,金,,,,,,,,,
東淀川区,下新庄,4丁目,12番,,,,,,,火金,,,,,,,,,,,,,,,,,,,,,月,,,,,,,,,,,,,,,,木,,,,,,,,,,,,,,金,,,,,,,,,
東淀川区,下新庄,4丁目,13番,,,,,,,火金,,,,,,,,,,,,,,,,,,,,,月,,,,,,,,,,,,,,,,木,,,,,,,,,,,,,,金,,,,,,,,,
東淀川区,下新庄,4丁目,15番,軽四輪車(小さい車)で収集している地域,,,,,,,,,,,,,,,火金,,,,,,,,,,月,,,,,,,,,,,,,,,,木,,,,,,,,,,,,,,,,金,,,,,,,,,
東淀川区,下新庄,4丁目,15番,上記以外,,,,,,火金,,,,,,,,,,,,,,,,,,,月,,,,,,,,,,,,,,,,木,,,,,,,,,,,,,,,,金,,,,,,,,,
東淀川区,下新庄,4丁目,16番,,,,,,,火金,,,,,,,,,,,,,,,,,,,,,月,,,,,,,,,,,,,,,,木,,,,,,,,,,,,,,金,,,,,,,,,
東淀川区,下新庄,4丁目,17番,,,,,,,火金,,,,,,,,,,,,,,,,,,,,,月,,,,,,,,,,,,,,,,木,,,,,,,,,,,,,,金,,,,,,,,,
東淀川区,下新庄,4丁目,18番,,,,,,,火金,,,,,,,,,,,,,,,,,,,,,月,,,,,,,,,,,,,,,,木,,,,,,,,,,,,,,金,,,,,,,,,
東淀川区,下新庄,4丁目,19番,,,,,,,火金,,,,,,,,,,,,,,,,,,,,,月,,,,,,,,,,,,,,,,木,,,,,,,,,,,,,,金,,,,,,,,,
東淀川区,下新庄,4丁目,20番,軽四輪車(小さい車)で収集している地域,,,,,,,,,,,,,,,火金,,,,,,,,,,,,月,,,,,,,,,,,,,,,,木,,,,,,,,,,,,,,金,,,,,,,,,
東淀川区,下新庄,4丁目,20番,上記以外,,,,,,火金,,,,,,,,,,,,,,,,,,,,,月,,,,,,,,,,,,,,,,木,,,,,,,,,,,,,,金,,,,,,,,,
東淀川区,下新庄,4丁目,21番,,,,,,,火金,,,,,,,,,,,,,,,,,,,,,月,,,,,,,,,,,,,,,,木,,,,,,,,,,,,,,金,,,,,,,,,
東淀川区,下新庄,4丁目,22番,,,,,,,火金,,,,,,,,,,,,,,,,,,,,,月,,,,,,,,,,,,,,,,木,,,,,,,,,,,,,,金,,,,,,,,,
東淀川区,下新庄,4丁目,23番,,,,,,,火金,,,,,,,,,,,,,,,,,,,,,月,,,,,,,,,,,,,,,,木,,,,,,,,,,,,,,金,,,,,,,,,
東淀川区,下新庄,4丁目,24番,,,,,,,火金,,,,,,,,,,,,,,,,,,,,,月,,,,,,,,,,,,,,,,木,,,,,,,,,,,,,,金,,,,,,,,,
東淀川区,下新庄,4丁目,25番,,,,,,,火金,,,,,,,,,,,,,,,,,,,,,月,,,,,,,,,,,,,,,,木,,,,,,,,,,,,,,金,,,,,,,,,
東淀川区,下新庄,4丁目,26番,,,,,,,火金,,,,,,,,,,,,,,,,,,,,,月,,,,,,,,,,,,,,,,木,,,,,,,,,,,,,,金,,,,,,,,,
東淀川区,下新庄,4丁目,27番,,,,,,,火金,,,,,,,,,,,,,,,,,,,,,月,,,,,,,,,,,,,,,,木,,,,,,,,,,,,,,金,,,,,,,,,
東淀川区,下新庄,5丁目,1番,,,,,,,火金,,,,,,,,,,,,,,,,,,,月,,,,,,,,,,,,,,,,木,,,,,,,,,,,,,,,,金,,,,,,,,,
東淀川区,下新庄,5丁目,2番,,,,,,,火金,,,,,,,,,,,,,,,,,,,月,,,,,,,,,,,,,,,,木,,,,,,,,,,,,,,,,金,,,,,,,,,
東淀川区,下新庄,5丁目,3番,,,,,,,火金,,,,,,,,,,,,,,,,,,,月,,,,,,,,,,,,,,,,木,,,,,,,,,,,,,,,,金,,,,,,,,,
東淀川区,下新庄,5丁目,4番,,,,,,,火金,,,,,,,,,,,,,,,,,,,月,,,,,,,,,,,,,,,,木,,,,,,,,,,,,,,,,金,,,,,,,,,
東淀川区,下新庄,5丁目,5番,軽四輪車(小さい車)で収集している地域,,,,,,,,,,火金,,,,,,,,,,,,,,,月,,,,,,,,,,,,,,,,木,,,,,,,,,,,,,,,,金,,,,,,,,,
東淀川区,下新庄,5丁目,5番,上記以外,,,,,,火金,,,,,,,,,,,,,,,,,,,月,,,,,,,,,,,,,,,,木,,,,,,,,,,,,,,,,金,,,,,,,,,
東淀川区,下新庄,5丁目,6番,軽四輪車(小さい車)で収集している地域,,,,,,,,,,火金,,,,,,,,,,,,,,,月,,,,,,,,,,,,,,,,木,,,,,,,,,,,,,,,,金,,,,,,,,,
東淀川区,下新庄,5丁目,6番,メロディーハイム北大阪,,,,,,,,,,火金,,,,,,,,,,,,,,,月,,,,,,,,,,,,,,,,木,,,,,,,,,,,,,,,,金,,,,,,,,,
東淀川区,下新庄,5丁目,6番,上記以外,,,,,,火金,,,,,,,,,,,,,,,,,,,月,,,,,,,,,,,,,,,,木,,,,,,,,,,,,,,,,金,,,,,,,,,
東淀川区,下新庄,5丁目,7番,,,,,,,火金,,,,,,,,,,,,,,,,,,,月,,,,,,,,,,,,,,,,木,,,,,,,,,,,,,,,,金,,,,,,,,,
東淀川区,下新庄,5丁目,8番,,,,,,,火金,,,,,,,,,,,,,,,,,,,月,,,,,,,,,,,,,,,,木,,,,,,,,,,,,,,,,金,,,,,,,,,
東淀川区,下新庄,5丁目,9番,軽四輪車(小さい車)で収集している地域,,,,,,,,,,火金,,,,,,,,,,,,,,,月,,,,,,,,,,,,,,,,木,,,,,,,,,,,,,,,,金,,,,,,,,,
東淀川区,下新庄,5丁目,9番,上記以外,,,,,,火金,,,,,,,,,,,,,,,,,,,月,,,,,,,,,,,,,,,,木,,,,,,,,,,,,,,,,金,,,,,,,,,
東淀川区,下新庄,5丁目,10番,,,,,,,火金,,,,,,,,,,,,,,,,,,,月,,,,,,,,,,,,,,,,木,,,,,,,,,,,,,,,,金,,,,,,,,,
東淀川区,下新庄,5丁目,11番,,,,,,,火金,,,,,,,,,,,,,,,,,,,月,,,,,,,,,,,,,,,,木,,,,,,,,,,,,,,,,金,,,,,,,,,
東淀川区,下新庄,5丁目,12番,,,,,,,火金,,,,,,,,,,,,,,,,,,,月,,,,,,,,,,,,,,,,木,,,,,,,,,,,,,,,,金,,,,,,,,,
東淀川区,下新庄,5丁目,13番,,,,,,,火金,,,,,,,,,,,,,,,,,,,月,,,,,,,,,,,,,,,,木,,,,,,,,,,,,,,,,金,,,,,,,,,
東淀川区,下新庄,5丁目,14番,軽四輪車(小さい車)で収集している地域,,,,,,,,,,火金,,,,,,,,,,,,,,,月,,,,,,,,,,,,,,,,木,,,,,,,,,,,,,,,,金,,,,,,,,,
東淀川区,下新庄,5丁目,14番,上記以外,,,,,,火金,,,,,,,,,,,,,,,,,,,月,,,,,,,,,,,,,,,,木,,,,,,,,,,,,,,,,金,,,,,,,,,
東淀川区,下新庄,5丁目,15番,,,,,,,火金,,,,,,,,,,,,,,,,,,,月,,,,,,,,,,,,,,,,木,,,,,,,,,,,,,,,,金,,,,,,,,,
東淀川区,下新庄,5丁目,16番,,,,,,,火金,,,,,,,,,,,,,,,,,,,月,,,,,,,,,,,,,,,,木,,,,,,,,,,,,,,,,金,,,,,,,,,
東淀川区,下新庄,5丁目,17番,,,,,,,火金,,,,,,,,,,,,,,,,,,,,,,月,,,,,,,,,,,,,,,,木,,,,,,,,,,,,,金,,,,,,,,,
東淀川区,下新庄,5丁目,18番,軽四輪車(小さい車)で収集している地域,,,,,,,,,,火金,,,,,,,,,,,,,,,月,,,,,,,,,,,,,,,,木,,,,,,,,,,,,,,,,金,,,,,,,,,
東淀川区,下新庄,5丁目,18番,上記以外,,,,,,火金,,,,,,,,,,,,,,,,,,,月,,,,,,,,,,,,,,,,木,,,,,,,,,,,,,,,,金,,,,,,,,,
東淀川区,下新庄,5丁目,19番,軽四輪車(小さい車)で収集している地域,,,,,,,,,,火金,,,,,,,,,,,,,,,月,,,,,,,,,,,,,,,,木,,,,,,,,,,,,,,,,金,,,,,,,,,
東淀川区,下新庄,5丁目,19番,上記以外,,,,,,火金,,,,,,,,,,,,,,,,,,,月,,,,,,,,,,,,,,,,木,,,,,,,,,,,,,,,,金,,,,,,,,,
東淀川区,下新庄,5丁目,20番,軽四輪車(小さい車)で収集している地域,,,,,,,,,,火金,,,,,,,,,,,,,,,月,,,,,,,,,,,,,,,,木,,,,,,,,,,,,,,,,金,,,,,,,,,
東淀川区,下新庄,5丁目,20番,上記以外,,,,,,火金,,,,,,,,,,,,,,,,,,,月,,,,,,,,,,,,,,,,木,,,,,,,,,,,,,,,,金,,,,,,,,,
東淀川区,下新庄,5丁目,21番,軽四輪車(小さい車)で収集している地域,,,,,,,,,,火金,,,,,,,,,,,,,,,月,,,,,,,,,,,,,,,,木,,,,,,,,,,,,,,,,金,,,,,,,,,
東淀川区,下新庄,5丁目,21番,上記以外,,,,,,火金,,,,,,,,,,,,,,,,,,,月,,,,,,,,,,,,,,,,木,,,,,,,,,,,,,,,,金,,,,,,,,,
東淀川区,下新庄,5丁目,22番,軽四輪車(小さい車)で収集している地域,,,,,,,,,,火金,,,,,,,,,,,,,,,,,,,,,月,,,,,,,,,,,,,,,,木,,,,,,,,,,金,,,,,,,,,
東淀川区,下新庄,5丁目,22番,上記以外,,,,,,火金,,,,,,,,,,,,,,,,,,,,,,,,,月,,,,,,,,,,,,,,,,木,,,,,,,,,,金,,,,,,,,,
東淀川区,下新庄,5丁目,23番,軽四輪車(小さい車)で収集している地域,,,,,,,,,,火金,,,,,,,,,,,,,,,,,,,,,月,,,,,,,,,,,,,,,,木,,,,,,,,,,金,,,,,,,,,
東淀川区,下新庄,5丁目,23番,上記以外,,,,,,火金,,,,,,,,,,,,,,,,,,,,,,,,,月,,,,,,,,,,,,,,,,木,,,,,,,,,,金,,,,,,,,,
東淀川区,下新庄,5丁目,24番,軽四輪車(小さい車)で収集している地域,,,,,,,,,,火金,,,,,,,,,,,,,,,,,,,,月,,,,,,,,,,,,,,,,木,,,,,,,,,,,金,,,,,,,,,
東淀川区,下新庄,5丁目,24番,上記以外,,,,,,火金,,,,,,,,,,,,,,,,,,,,,,,,月,,,,,,,,,,,,,,,,木,,,,,,,,,,,金,,,,,,,,,
東淀川区,下新庄,5丁目,25番,軽四輪車(小さい車)で収集している地域,,,,,,,,,,,,,,,火金,,,,,,,,,,,,,,,月,,,,,,,,,,,,,,,,木,,,,,,,,,,,金,,,,,,,,,
東淀川区,下新庄,5丁目,25番,上記以外,,,,,,火金,,,,,,,,,,,,,,,,,,,,,,,,月,,,,,,,,,,,,,,,,木,,,,,,,,,,,金,,,,,,,,,
東淀川区,下新庄,5丁目,26番,,,,,,,火金,,,,,,,,,,,,,,,,,,,,,月,,,,,,,,,,,,,,,,木,,,,,,,,,,,,,,金,,,,,,,,,
東淀川区,下新庄,6丁目,1番,,,,,,,火金,,,,,,,,,,,,,,,,,,,月,,,,,,,,,,,,,,,,木,,,,,,,,,,,,,,,,金,,,,,,,,,
東淀川区,下新庄,6丁目,2番,,,,,,,火金,,,,,,,,,,,,,,,,,,,月,,,,,,,,,,,,,,,,木,,,,,,,,,,,,,,,,金,,,,,,,,,
東淀川区,下新庄,6丁目,3番,,,,,,,火金,,,,,,,,,,,,,,,,,,,月,,,,,,,,,,,,,,,,木,,,,,,,,,,,,,,,,金,,,,,,,,,
東淀川区,下新庄,6丁目,4番,,,,,,,火金,,,,,,,,,,,,,,,,,,,月,,,,,,,,,,,,,,,,木,,,,,,,,,,,,,,,,金,,,,,,,,,
東淀川区,下新庄,6丁目,5番,,,,,,,火金,,,,,,,,,,,,,,,,,,,月,,,,,,,,,,,,,,,,木,,,,,,,,,,,,,,,,金,,,,,,,,,
東淀川区,下新庄,6丁目,6番,,,,,,,火金,,,,,,,,,,,,,,,,,,,月,,,,,,,,,,,,,,,,木,,,,,,,,,,,,,,,,金,,,,,,,,,
東淀川区,下新庄,6丁目,7番,,,,,,,火金,,,,,,,,,,,,,,,,,,,月,,,,,,,,,,,,,,,,木,,,,,,,,,,,,,,,,金,,,,,,,,,
東淀川区,下新庄,6丁目,8番,,,,,,,火金,,,,,,,,,,,,,,,,,,,月,,,,,,,,,,,,,,,,木,,,,,,,,,,,,,,,,金,,,,,,,,,
東淀川区,下新庄,6丁目,9番,,,,,,,火金,,,,,,,,,,,,,,,,,,,月,,,,,,,,,,,,,,,,木,,,,,,,,,,,,,,,,,金,,,,,,,,
東淀川区,下新庄,6丁目,10番,,,,,,,火金,,,,,,,,,,,,,,,,,,,月,,,,,,,,,,,,,,,,木,,,,,,,,,,,,,,,,,金,,,,,,,,
東淀川区,下新庄,6丁目,11番,,,,,,,火金,,,,,,,,,,,,,,,,,,,月,,,,,,,,,,,,,,,,木,,,,,,,,,,,,,,,,,金,,,,,,,,
東淀川区,下新庄,6丁目,12番,,,,,,,火金,,,,,,,,,,,,,,,,,,,月,,,,,,,,,,,,,,,,木,,,,,,,,,,,,,,,,,金,,,,,,,,
東淀川区,下新庄,6丁目,13番,,,,,,,火金,,,,,,,,,,,,,,,,,,,月,,,,,,,,,,,,,,,,木,,,,,,,,,,,,,,,,,金,,,,,,,,
東淀川区,下新庄,6丁目,14番,,,,,,,火金,,,,,,,,,,,,,,,,,,,月,,,,,,,,,,,,,,,,木,,,,,,,,,,,,,,,,金,,,,,,,,,
東淀川区,下新庄,6丁目,15番,,,,,,,火金,,,,,,,,,,,,,,,,,,,,,月,,,,,,,,,,,,,,,,木,,,,,,,,,,,,,,金,,,,,,,,,
東淀川区,下新庄,6丁目,16番,,,,,,,火金,,,,,,,,,,,,,,,,,,,,,月,,,,,,,,,,,,,,,,木,,,,,,,,,,,,,,金,,,,,,,,,
東淀川区,下新庄,6丁目,17番,,,,,,,火金,,,,,,,,,,,,,,,,,,,,,月,,,,,,,,,,,,,,,,木,,,,,,,,,,,,,,,金,,,,,,,,
東淀川区,下新庄,6丁目,18番,,,,,,,火金,,,,,,,,,,,,,,,,,,,,,月,,,,,,,,,,,,,,,,木,,,,,,,,,,,,,,,金,,,,,,,,
東淀川区,瑞光,1丁目,1番,,,,,,,,,,,,,,,,,,月木,,,,,水,,,,,,,,,,,,,,,,土,,,,,,,,,,,,,,,,,,,,,火,,,,,,,
東淀川区,瑞光,1丁目,2番,,,,,,,,,,,,,,,,,,月木,,,,,水,,,,,,,,,,,,,,,,土,,,,,,,,,,,,,,,,,,,,,火,,,,,,,
東淀川区,瑞光,1丁目,3番,,,,,,,,,,,,,,,,,,月木,,,,,水,,,,,,,,,,,,,,,,土,,,,,,,,,,,,,,,,,,,,,火,,,,,,,
東淀川区,瑞光,1丁目,4番,,,,,,,,,,,,,,,,,,月木,,,,,水,,,,,,,,,,,,,,,,土,,,,,,,,,,,,,,,,,,,,,火,,,,,,,
東淀川区,瑞光,1丁目,5番,7･9.･10.･12･14･16･18･20号,,,,,月木,,,,,,,,,,,,,,,,,水,,,,,,,,,,,,,,,,土,,,,,,,,,,,,,,,,,,,,,火,,,,,,,
東淀川区,瑞光,1丁目,5番,上記以外,,,月木,,,,,,,,,,,,,,,,,,,水,,,,,,,,,,,,,,,,土,,,,,,,,,,,,,,,,,,,,,火,,,,,,,
東淀川区,瑞光,1丁目,6番,,,,,,,,,,,,,,,,,,月木,,,,,水,,,,,,,,,,,,,,,,土,,,,,,,,,,,,,,,,,,,,,火,,,,,,,
東淀川区,瑞光,1丁目,7番,,,,,,,,,,,,,,,,,,月木,,,,,水,,,,,,,,,,,,,,,,土,,,,,,,,,,,,,,,,,,,,,火,,,,,,,
東淀川区,瑞光,1丁目,8番,,,,,,,,,,,,,,,,,,月木,,,,,水,,,,,,,,,,,,,,,,土,,,,,,,,,,,,,,,,,,,,,火,,,,,,,
東淀川区,瑞光,1丁目,9番,,,,,,,,,,,,,,,,,,月木,,,,,水,,,,,,,,,,,,,,,,土,,,,,,,,,,,,,,,,,,,,,火,,,,,,,
東淀川区,瑞光,1丁目,10番,,,,,,,,,,,,,,,,,,月木,,,,,水,,,,,,,,,,,,,,,,土,,,,,,,,,,,,,,,,,,,,,火,,,,,,,
東淀川区,瑞光,1丁目,11番,,,,,,,,,,,,,,,,,,月木,,,,,水,,,,,,,,,,,,,,,,土,,,,,,,,,,,,,,,,,,,,,火,,,,,,,
東淀川区,瑞光,1丁目,12番,,,,,,,,,,,,,,,,,,月木,,,,,水,,,,,,,,,,,,,,,,土,,,,,,,,,,,,,,,,,,,,,火,,,,,,,
東淀川区,瑞光,1丁目,13番,,,,,,,,,,,,,,,,,,月木,,,,,水,,,,,,,,,,,,,,,,土,,,,,,,,,,,,,,,,,,,,,火,,,,,,,
東淀川区,瑞光,1丁目,14番,16～18号,,,,,月木,,,,,,,,,,,,,,,,,水,,,,,,,,,,,,,,,,土,,,,,,,,,,,,,,,,,,,,,火,,,,,,,
東淀川区,瑞光,1丁目,14番,上記以外,,,月木,,,,,,,,,,,,,,,,,,,水,,,,,,,,,,,,,,,,土,,,,,,,,,,,,,,,,,,,,,火,,,,,,,
東淀川区,瑞光,1丁目,15番,,,,,,,,,,,,,,,,,,月木,,,,,水,,,,,,,,,,,,,,,,土,,,,,,,,,,,,,,,,,,,,,火,,,,,,,
東淀川区,瑞光,1丁目,16番,1～4号,,,,,月木,,,,,,,,,,,,,,,,,水,,,,,,,,,,,,,,,,土,,,,,,,,,,,,,,,,,,,,,火,,,,,,,
東淀川区,瑞光,1丁目,16番,上記以外,,,月木,,,,,,,,,,,,,,,,,,,水,,,,,,,,,,,,,,,,土,,,,,,,,,,,,,,,,,,,,,火,,,,,,,
東淀川区,瑞光,2丁目,1番,,,,,,,,,,,,,,,,,,月木,,,,,水,,,,,,,,,,,,,,,,土,,,,,,,,,,,,,,,,,,,,火,,,,,,,,
東淀川区,瑞光,2丁目,2番,,,,,,,,,,,,,,,,,,月木,,,,,水,,,,,,,,,,,,,,,,土,,,,,,,,,,,,,,,,,,,,,,,,,火,,,
東淀川区,瑞光,2丁目,3番,,,,,,,,,,,,,,,,,,月木,,,,,,,,,,,水,,,,,,,,,,,,,,,,土,,,,,,,,,,,,,,,,,,,火,,,
東淀川区,瑞光,2丁目,4番,,,,,,,,,,,,,,,,,,月木,,,,,,,,,,水,,,,,,,,,,,,,,,,水,,,,,,,,,,,,,,,,,,,,火,,,
東淀川区,瑞光,2丁目,5番,,,,,,,,,,,,,,,,,,月木,,,,,,,,,,,,水,,,,,,,,,,,,,,,,土,,,,,,,,,,,,,,,,,火,,,,
東淀川区,瑞光,2丁目,6番,,,,,,,,,,,,,,,,,,月木,,,,,,,,,,,,水,,,,,,,,,,,,,,,,土,,,,,,,,,,,,,,,,,火,,,,
東淀川区,瑞光,2丁目,7番,,,,,,,,,,,,,,,,,,月木,,,,,,,,,,,,水,,,,,,,,,,,,,,,,土,,,,,,,,,,,,,,,,,火,,,,
東淀川区,瑞光,2丁目,8番,,,,,,,,,,,,,,,,,,月木,,,,,,,,,,,,水,,,,,,,,,,,,,,,,土,,,,,,,,,,,,,,,,,,火,,,
東淀川区,瑞光,2丁目,9番,,,,,,,,,,,,,,,,,,月木,,,,,,,,,,,,水,,,,,,,,,,,,,,,,土,,,,,,,,,,,,,,,,,,火,,,
東淀川区,瑞光,2丁目,10番,,,,,,,,,,,,,,,,,,月木,,,,,,,,,,,,水,,,,,,,,,,,,,,,,土,,,,,,,,,,,,,,,,,,火,,,
東淀川区,瑞光,2丁目,11番,,,,,,,,,,,,,,,,,,月木,,,,,,,,,,,,水,,,,,,,,,,,,,,,,土,,,,,,,,,,,,,,,,,,火,,,
東淀川区,瑞光,2丁目,12番,,,,,,,,,,,,,,,,,,月木,,,,,,,,,,,,水,,,,,,,,,,,,,,,,土,,,,,,,,,,,,,,,,,火,,,,
東淀川区,瑞光,2丁目,13番,,,,,,,,,,,,,,,,,,月木,,,,,,,,,,,,水,,,,,,,,,,,,,,,,土,,,,,,,,,,,,,,,,,火,,,,
東淀川区,瑞光,3丁目,1番,,,,,,,,,,,,,,,,,,月木,,,,,,,,,,,,水,,,,,,,,,,,,,,,,土,,,,,,,,,,,,,,,,,,火,,,
東淀川区,瑞光,3丁目,2番,,,,,,,,,,,,,,,,,,月木,,,,,,,,,,,,水,,,,,,,,,,,,,,,,土,,,,,,,,,,,,,,,,,,火,,,
東淀川区,瑞光,3丁目,3番,,,,,,,,,,,,,,,,,,月木,,,,,,,,,,,,水,,,,,,,,,,,,,,,,土,,,,,,,,,,,,,,,,,火,,,,
東淀川区,瑞光,3丁目,4番,,,,,,,,,,,,,,,,,,月木,,,,,,,,,,,,水,,,,,,,,,,,,,,,,土,,,,,,,,,,,,,,,,,火,,,,
東淀川区,瑞光,3丁目,5番,,,,,,,,,,,,,,,,,,月木,,,,,,,,,,,,水,,,,,,,,,,,,,,,,土,,,,,,,,,,,,,,,,火,,,,,
東淀川区,瑞光,3丁目,6番,,,,,,,,,,,,,,,,,,月木,,,,,,,,,,,,水,,,,,,,,,,,,,,,,土,,,,,,,,,,,,,,,,,,火,,,
東淀川区,瑞光,3丁目,7番,軽四輪車(小さい車)で収集している地域,,,,,,,,,,月木,,,,,,,,,,,,,,,,,,,水,,,,,,,,,,,,,,,,土,,,,,,,,,,,,,,,,,火,,,,
東淀川区,瑞光,3丁目,7番,上記以外,,,,,,,,,,,,,,,,,月木,,,,,,,,,,,,水,,,,,,,,,,,,,,,,土,,,,,,,,,,,,,,,,,,火,,,
東淀川区,瑞光,3丁目,8番,,,,,,,,,,,,,,,,,,月木,,,,,,,,,,,,水,,,,,,,,,,,,,,,,土,,,,,,,,,,,,,,,,,,火,,,
東淀川区,瑞光,3丁目,9番,,,,,,,,,,,,,,,,,,月木,,,,,,,,,,,,水,,,,,,,,,,,,,,,,土,,,,,,,,,,,,,,,,,,火,,,
東淀川区,瑞光,3丁目,10番,,,,,,,,,,,,,,,,,,月木,,,,,,,,,,,,水,,,,,,,,,,,,,,,,土,,,,,,,,,,,,,,,,火,,,,,
東淀川区,瑞光,4丁目,1番,,,,,,,,,,,,,,,,,,月木,,,,,,,,,,,,水,,,,,,,,,,,,,,,,土,,,,,,,,,,,,,,,,,,火,,,
東淀川区,瑞光,4丁目,2番,,,,,,,,,,,,,,,,,,月木,,,,,,,,,,,,,,水,,,,,,,,,,,,,,,,土,,,,,,,,,,,,,,,,火,,,
東淀川区,瑞光,4丁目,3番,,,,,,,,,,,,,,,,,,月木,,,,,,,,,,,,,,水,,,,,,,,,,,,,,,,土,,,,,,,,,,,,,,,,火,,,
東淀川区,瑞光,4丁目,4番,,,,,,,,,,,,,,,,,,月木,,,,,,,,,,,,,,水,,,,,,,,,,,,,,,,土,,,,,,,,,,,,,,,,火,,,
東淀川区,瑞光,4丁目,5番,,,,,,,,,,,,,,,,,,月木,,,,,,,,,,,,,,水,,,,,,,,,,,,,,,,土,,,,,,,,,,,,,,,,火,,,
東淀川区,瑞光,4丁目,6番,,,,,,,,,,,,,,,,,,月木,,,,,,,,,,,,,,水,,,,,,,,,,,,,,,,土,,,,,,,,,,,,,,,,火,,,
東淀川区,瑞光,4丁目,7番,,,,,,,,,,,,,,,,,,月木,,,,,,,,,,,,,,水,,,,,,,,,,,,,,,,土,,,,,,,,,,,,,,,,火,,,
東淀川区,瑞光,4丁目,8番,,,,,,,,,,,,,,,,,,月木,,,,,,,,,,,,,,水,,,,,,,,,,,,,,,,土,,,,,,,,,,,,,,,,火,,,
東淀川区,瑞光,4丁目,9番,,,,,,,,,,,,,,,,,,月木,,,,,,,,,,,,,,水,,,,,,,,,,,,,,,,土,,,,,,,,,,,,,,,,火,,,
東淀川区,瑞光,4丁目,10番,,,,,,,,,,,,,,,,,,月木,,,,,,,,,,,,,,水,,,,,,,,,,,,,,,,土,,,,,,,,,,,,,,,火,,,,
東淀川区,瑞光,4丁目,11番,,,,,,,,,,,,,,,,,,月木,,,,,,,,,,,,,,水,,,,,,,,,,,,,,,,土,,,,,,,,,,,,,,,火,,,,
東淀川区,瑞光,4丁目,12番,軽四輪車(小さい車)で収集している地域,,,,,,,,,,月木,,,,,,,,,,,,,,,,,,,,,水,,,,,,,,,,,,,,,,土,,,,,,,,,,,,,,,火,,,,
東淀川区,瑞光,4丁目,12番,上記以外,,,,,,,,,,,,,,,,,月木,,,,,,,,,,,,,,水,,,,,,,,,,,,,,,,土,,,,,,,,,,,,,,,火,,,,
東淀川区,瑞光,5丁目,1番,,,,,,,,,,,,,,,,,,月木,,,,,,,,,,,,,,,,水,,,,,,,,,,,,,,,,土,,,,,,,,,,,,,,火,,,
東淀川区,瑞光,5丁目,2番,,,,,,,,,,,,,,,,,,月木,,,,,,,,,,,,,,,,水,,,,,,,,,,,,,,,,土,,,,,,,,,,,,,,火,,,
東淀川区,瑞光,5丁目,3番,,,,,,,,,,,,,,,,,,月木,,,,,,,,,,,,,,,,水,,,,,,,,,,,,,,,,土,,,,,,,,,,,,,火,,,,
東淀川区,瑞光,5丁目,4番,,,,,,,,,,,,,,,,,,月木,,,,,,,,,,,,,,,,水,,,,,,,,,,,,,,,,土,,,,,,,,,,,,,,火,,,
東淀川区,瑞光,5丁目,5番,,,,,,,,,,,,,,,,,,月木,,,,,,,,,,,,,,,,水,,,,,,,,,,,,,,,,土,,,,,,,,,,,,,,火,,,
東淀川区,瑞光,5丁目,6番,,,,,,,,,,,,,,,,,,月木,,,,,,,,,,,,,,,,水,,,,,,,,,,,,,,,,土,,,,,,,,,,,,,,火,,,
東淀川区,瑞光,5丁目,7番,,,,,,,,,,,,,,,,,,月木,,,,,,,,,,,,,,,,水,,,,,,,,,,,,,,,,土,,,,,,,,,,,,,,火,,,
東淀川区,瑞光,5丁目,8番,,,,,,,,,,,,,,,,,,月木,,,,,,,,,,,,,,,,水,,,,,,,,,,,,,,,,土,,,,,,,,,,,,,火,,,,
東淀川区,瑞光,5丁目,9番,,,,,,,,,,,,,,,,,,月木,,,,,,,,,,,,,,,,水,,,,,,,,,,,,,,,,土,,,,,,,,,,,,,火,,,,
東淀川区,菅原,1丁目,1番,軽四輪車(小さい車)で収集している地域,,,,,,,,,,,,,,,,,火金,,,,,,,,,,,,月,,,,,,,,,,,,,,,,木,,,,,,,,,,,,月,,,,,,,,,
東淀川区,菅原,1丁目,1番,上記以外,,,,,,,,,,,,,,,,,火金,,,,,,,,,,,,月,,,,,,,,,,,,,,,,木,,,,,,,,,,月,,,,,,,,,,,
東淀川区,菅原,1丁目,2番,軽四輪車(小さい車)で収集している地域,,,,,,,,,,,,,,,火金,,,,,,,,,,,,,,月,,,,,,,,,,,,,,,,木,,,,,,,,,,,,月,,,,,,,,,
東淀川区,菅原,1丁目,2番,上記以外,,,,,,,,,,,,,,,,,火金,,,,,,,,,,,,月,,,,,,,,,,,,,,,,木,,,,,,,,,,月,,,,,,,,,,,
東淀川区,菅原,1丁目,3番,軽四輪車(小さい車)で収集している地域,,,,,,,,,,,,,,,火金,,,,,,,,,,,,,,月,,,,,,,,,,,,,,,,木,,,,,,,,,,,,月,,,,,,,,,
東淀川区,菅原,1丁目,3番,上記以外,,,,,,,,,,,,,,,,,火金,,,,,,,,,,,,月,,,,,,,,,,,,,,,,木,,,,,,,,,,月,,,,,,,,,,,
東淀川区,菅原,1丁目,4番,軽四輪車(小さい車)で収集している地域,,,,,,,,,,,,,,,火金,,,,,,,,,,,,,,月,,,,,,,,,,,,,,,,木,,,,,,,,,,,,月,,,,,,,,,
東淀川区,菅原,1丁目,4番,上記以外,,,,,,,,,,,,,,,,,火金,,,,,,,,,,,,月,,,,,,,,,,,,,,,,木,,,,,,,,,,月,,,,,,,,,,,
東淀川区,菅原,1丁目,5番,軽四輪車(小さい車)で収集している地域,,,,,,,,,,,,,,,火金,,,,,,,,,,,,,,月,,,,,,,,,,,,,,,,木,,,,,,,,,,,,月,,,,,,,,,
東淀川区,菅原,1丁目,5番,上記以外,,,,,,,,,,,,,,,,,火金,,,,,,,,,,,,月,,,,,,,,,,,,,,,,木,,,,,,,,,,月,,,,,,,,,,,
東淀川区,菅原,1丁目,6番,軽四輪車(小さい車)で収集している地域,,,,,,,,,,,,,,,火金,,,,,,,,,,,,,,月,,,,,,,,,,,,,,,,木,,,,,,,,,,,,月,,,,,,,,,
東淀川区,菅原,1丁目,6番,上記以外,,,,,,,,,,,,,,,,,火金,,,,,,,,,,,,月,,,,,,,,,,,,,,,,木,,,,,,,,,,月,,,,,,,,,,,
東淀川区,菅原,1丁目,7番,軽四輪車(小さい車)で収集している地域,,,,,,,,,,,,,,,火金,,,,,,,,,,,,,,月,,,,,,,,,,,,,,,,木,,,,,,,,,,,,月,,,,,,,,,
東淀川区,菅原,1丁目,7番,上記以外,,,,,,,,,,,,,,,,,火金,,,,,,,,,,,,月,,,,,,,,,,,,,,,,木,,,,,,,,,,月,,,,,,,,,,,
東淀川区,菅原,1丁目,8番,軽四輪車(小さい車)で収集している地域,,,,,,,,,,,,,,,火金,,,,,,,,,,,,,,月,,,,,,,,,,,,,,,,木,,,,,,,,,,,,月,,,,,,,,,
東淀川区,菅原,1丁目,8番,上記以外,,,,,,,,,,,,,,,,,火金,,,,,,,,,,,,月,,,,,,,,,,,,,,,,木,,,,,,,,,,月,,,,,,,,,,,
東淀川区,菅原,1丁目,9番,,,,,,,,,,,,,,,,,,火金,,,,,,,,,,,,月,,,,,,,,,,,,,,,,木,,,,,,,,,,月,,,,,,,,,,,
東淀川区,菅原,1丁目,10番,,,,,,,,,,,,,,,,,,火金,,,,,,,,,,,月,,,,,,,,,,,,,,,,木,,,,,,,,,,,月,,,,,,,,,,,
東淀川区,菅原,1丁目,11番,軽四輪車(小さい車)で収集している地域,,,,,,,,,,,,,,,,,火金,,,,,,,,,,,,月,,,,,,,,,,,,,,,,木,,,,,,,,,,,,月,,,,,,,,,
東淀川区,菅原,1丁目,11番,上記以外,,,,,,,,,,,,,,,,,火金,,,,,,,,,,,,月,,,,,,,,,,,,,,,,木,,,,,,,,,,月,,,,,,,,,,,
東淀川区,菅原,1丁目,12番,,,,,,,,,,,,,,,,,,火金,,,,,,,,,,,月,,,,,,,,,,,,,,,,木,,,,,,,,,,,月,,,,,,,,,,,
東淀川区,菅原,1丁目,13番,,,,,,,,,,,,,,,,,,火金,,,,,,,,,,,月,,,,,,,,,,,,,,,,木,,,,,,,,,,,月,,,,,,,,,,,
東淀川区,菅原,1丁目,14番,,,,,,,,,,,,,,,,,,火金,,,,,,,,,,,月,,,,,,,,,,,,,,,,木,,,,,,,,,,,月,,,,,,,,,,,
東淀川区,菅原,1丁目,15番,,,,,,,,,,,,,,,,,,火金,,,,,,,月,,,,,,,,,,,,,,,,木,,,,,,,,,,,,,,,月,,,,,,,,,,,
東淀川区,菅原,1丁目,16番,,,,,,,,,,,,,,,,,,火金,,,,,,,月,,,,,,,,,,,,,,,,木,,,,,,,,,,,,,,,月,,,,,,,,,,,
東淀川区,菅原,2丁目,1番,,,,,,,,,,,,,,,,,,火金,,,,,,,,,,,,月,,,,,,,,,,,,,,,,木,,,,,,,,,,,,月,,,,,,,,,
東淀川区,菅原,2丁目,2番,軽四輪車(小さい車)で収集している地域,,,,,,,,,,火金,,,,,,,,,,,,,,,,,,月,,,,,,,,,,,,,,,,木,,,,,,,,,,,,,月,,,,,,,,,
東淀川区,菅原,2丁目,2番,上記以外,,,,,,,,,,,,,,,,,火金,,,,,,,,,,,月,,,,,,,,,,,,,,,,木,,,,,,,,,,,,,月,,,,,,,,,
東淀川区,菅原,2丁目,3番,軽四輪車(小さい車)で収集している地域,,,,,,,,,,火金,,,,,,,,,,,,,,,,,,,月,,,,,,,,,,,,,,,,木,,,,,,,,,,,,月,,,,,,,,,
東淀川区,菅原,2丁目,3番,上記以外,,,,,,,,,,,,,,,,,火金,,,,,,,,,,,,月,,,,,,,,,,,,,,,,木,,,,,,,,,,,,月,,,,,,,,,
東淀川区,菅原,2丁目,4番,,,,,,,,,,,,,,,,,,火金,,,,,,,,,,,,月,,,,,,,,,,,,,,,,木,,,,,,,,,,,,月,,,,,,,,,
東淀川区,菅原,2丁目,5番,,,,,,,,,,,,,,,,,,火金,,,,,,,月,,,,,,,,,,,,,,,,木,,,,,,,,,,,,,,,,,月,,,,,,,,,
東淀川区,菅原,2丁目,6番,,,,,,,,,,,,,,,,,,火金,,,,,,,月,,,,,,,,,,,,,,,,木,,,,,,,,,,,,,,,,,月,,,,,,,,,
東淀川区,菅原,2丁目,7番,,,,,,,,,,,,,,,,,,火金,,,,,,,月,,,,,,,,,,,,,,,,木,,,,,,,,,,,,,,,,,月,,,,,,,,,
東淀川区,菅原,2丁目,8番,,,,,,,,,,,,,,,,,,火金,,,,,,,月,,,,,,,,,,,,,,,,木,,,,,,,,,,,,,,,,,月,,,,,,,,,
東淀川区,菅原,2丁目,9番,,,,,,,,,,,,,,,,,,火金,,,,,,,月,,,,,,,,,,,,,,,,木,,,,,,,,,,,,,,,,,月,,,,,,,,,
東淀川区,菅原,2丁目,10番,,,,,,,,,,,,,,,,,,火金,,,,,,,月,,,,,,,,,,,,,,,,木,,,,,,,,,,,,,,,,,月,,,,,,,,,
東淀川区,菅原,2丁目,11番,,,,,,,,,,,,,,,,,,火金,,,,,,,月,,,,,,,,,,,,,,,,木,,,,,,,,,,,,,,,,,月,,,,,,,,,
東淀川区,菅原,2丁目,12番,,,,,,,,,,,,,,,,,,火金,,,,,,,月,,,,,,,,,,,,,,,,木,,,,,,,,,,,,,,,,,月,,,,,,,,,
東淀川区,菅原,2丁目,13番,,,,,,,,,,,,,,,,,,火金,,,,,,,,,,月,,,,,,,,,,,,,,,,木,,,,,,,,,,,,,,月,,,,,,,,,
東淀川区,菅原,2丁目,14番,,,,,,,,,,,,,,,,,,火金,,,,,,,,,,月,,,,,,,,,,,,,,,,木,,,,,,,,,,,,,,月,,,,,,,,,
東淀川区,菅原,3丁目,1番,,,,,,,,,,,,,,,,,,火金,,,,,,,月,,,,,,,,,,,,,,,,木,,,,,,,,,,,,,,月,,,,,,,,,,,,
東淀川区,菅原,3丁目,2番,,,,,,,,,,,,,,,,,,火金,,,,,,,月,,,,,,,,,,,,,,,,木,,,,,,,,,,,,,,月,,,,,,,,,,,,
東淀川区,菅原,3丁目,3番,,,,,,,,,,,,,,,,,,火金,,,,,,,月,,,,,,,,,,,,,,,,木,,,,,,,,,,,,,,月,,,,,,,,,,,,
東淀川区,菅原,3丁目,4番,,,,,,,,,,,,,,,,,,火金,,,,,,,月,,,,,,,,,,,,,,,,木,,,,,,,,,,,,,,月,,,,,,,,,,,,
東淀川区,菅原,3丁目,5番,,,,,,,,,,,,,,,,,,火金,,,,,,,月,,,,,,,,,,,,,,,,木,,,,,,,,,,,,,,月,,,,,,,,,,,,
東淀川区,菅原,3丁目,6番,,,,,,,,,,,,,,,,,,火金,,,,,,,月,,,,,,,,,,,,,,,,木,,,,,,,,,,,,,,月,,,,,,,,,,,,
東淀川区,菅原,3丁目,7番,,,,,,,,,,,,,,,,,,火金,,,,,,,月,,,,,,,,,,,,,,,,木,,,,,,,,,,,,,,月,,,,,,,,,,,,
東淀川区,菅原,3丁目,8番,,,,,,,,,,,,,,,,,,火金,,,,,,,月,,,,,,,,,,,,,,,,木,,,,,,,,,,,,,,月,,,,,,,,,,,,
東淀川区,菅原,3丁目,9番,,,,,,,,,,,,,,,,,,火金,,,,,,,月,,,,,,,,,,,,,,,,木,,,,,,,,,,,,,,月,,,,,,,,,,,,
東淀川区,菅原,3丁目,10番,,,,,,,,,,,,,,,,,,火金,,,,,,,月,,,,,,,,,,,,,,,,木,,,,,,,,,,,,,,月,,,,,,,,,,,,
東淀川区,菅原,3丁目,11番,,,,,,,,,,,,,,,,,,火金,,,,,,,月,,,,,,,,,,,,,,,,木,,,,,,,,,,,,,,月,,,,,,,,,,,,
東淀川区,菅原,3丁目,12番,,,,,,,,,,,,,,,,,,火金,,,,,,,月,,,,,,,,,,,,,,,,木,,,,,,,,,,,,,,月,,,,,,,,,,,,
東淀川区,菅原,3丁目,13番,,,,,,,,,,,,,,,,,,火金,,,,,,,月,,,,,,,,,,,,,,,,木,,,,,,,,,,,,,,月,,,,,,,,,,,,
東淀川区,菅原,3丁目,14番,,,,,,,,,,,,,,,,,,火金,,,,,,,月,,,,,,,,,,,,,,,,木,,,,,,,,,,,,,,月,,,,,,,,,,,,
東淀川区,菅原,3丁目,15番,,,,,,,,,,,,,,,,,,火金,,,,,,,月,,,,,,,,,,,,,,,,木,,,,,,,,,,,,,,月,,,,,,,,,,,,
東淀川区,菅原,3丁目,16番,,,,,,,,,,,,,,,,,,火金,,,,,,,月,,,,,,,,,,,,,,,,木,,,,,,,,,,,,,,月,,,,,,,,,,,,
東淀川区,菅原,3丁目,17番,,,,,,,,,,,,,,,,,,火金,,,,,,,月,,,,,,,,,,,,,,,,木,,,,,,,,,,,,,,月,,,,,,,,,,,,
東淀川区,菅原,3丁目,18番,,,,,,,,,,,,,,,,,,火金,,,,,,,月,,,,,,,,,,,,,,,,木,,,,,,,,,,,,,,月,,,,,,,,,,,,
東淀川区,菅原,4丁目,1番,,,,,,,,,,,,,,,,,,火金,,,,,,,月,,,,,,,,,,,,,,,,木,,,,,,,,,,,,,,月,,,,,,,,,,,,
東淀川区,菅原,4丁目,2番,,,,,,,,,,,,,,,,,,火金,,,,,,,月,,,,,,,,,,,,,,,,木,,,,,,,,,,,,,,月,,,,,,,,,,,,
東淀川区,菅原,4丁目,3番,,,,,,,,,,,,,,,,,,火金,,,,,,,月,,,,,,,,,,,,,,,,木,,,,,,,,,,,,,,月,,,,,,,,,,,,
東淀川区,菅原,4丁目,4番,,,,,,,,,,,,,,,,,,火金,,,,,,,月,,,,,,,,,,,,,,,,木,,,,,,,,,,,,,,月,,,,,,,,,,,,
東淀川区,菅原,4丁目,5番,,,,,,,,,,,,,,,,,,火金,,,,,,,月,,,,,,,,,,,,,,,,木,,,,,,,,,,,,,,月,,,,,,,,,,,,
東淀川区,菅原,4丁目,6番,,,,,,,,,,,,,,,,,,火金,,,,,,,月,,,,,,,,,,,,,,,,木,,,,,,,,,,,,,,月,,,,,,,,,,,,
東淀川区,菅原,4丁目,7番,,,,,,,,,,,,,,,,,,火金,,,,,,,月,,,,,,,,,,,,,,,,木,,,,,,,,,,,,,,月,,,,,,,,,,,,
東淀川区,菅原,4丁目,8番,,,,,,,,,,,,,,,,,,火金,,,,,,,月,,,,,,,,,,,,,,,,木,,,,,,,,,,,,,,月,,,,,,,,,,,,
東淀川区,菅原,4丁目,9番,,,,,,,,,,,,,,,,,,火金,,,,,,,月,,,,,,,,,,,,,,,,木,,,,,,,,,,,,,,月,,,,,,,,,,,,
東淀川区,菅原,4丁目,10番,リリーベル,,,,,,,,火金,,,,,,,,,,,,,,,,月,,,,,,,,,,,,,,,,木,,,,,,,,,,,,,,月,,,,,,,,,,,,
東淀川区,菅原,4丁目,10番,キングマンションピチェスタ,,,,,,,,火金,,,,,,,,,,,,,,,,月,,,,,,,,,,,,,,,,木,,,,,,,,,,,,,,月,,,,,,,,,,,,
東淀川区,菅原,4丁目,10番,上記以外,,,,,,,,,,,,,,,,,火金,,,,,,,月,,,,,,,,,,,,,,,,木,,,,,,,,,,,,,,月,,,,,,,,,,,,
東淀川区,菅原,4丁目,11番,,,,,,,,,,,,,,,,,,火金,,,,,,,月,,,,,,,,,,,,,,,,木,,,,,,,,,,,,,,月,,,,,,,,,,,,
東淀川区,菅原,5丁目,1番,,,,,,,,,火金,,,,,,,,,,,,,,,月,,,,,,,,,,,,,,,,木,,,,,,,,,,,,,,,月,,,,,,,,,,,,
東淀川区,菅原,5丁目,2番,軽四輪車(小さい車)で収集している地域,,,,,,,,,,火金,,,,,,,,,,,,月,,,,,,,,,,,,,,,,,,,,木,,,,,,,,,,,,月,,,,,,,,,,,,
東淀川区,菅原,5丁目,2番,上記以外,,,,,火金,,,,,,,,,,,,,,,,,月,,,,,,,,,,,,,,,,,,,,木,,,,,,,,,,,,月,,,,,,,,,,,,
東淀川区,菅原,5丁目,3番,軽四輪車(小さい車)で収集している地域,,,,,,,,,,火金,,,,,,,,,,,,,,,,,,,月,,,,,,,,,,,,,,,木,,,,,,,,,,月,,,,,,,,,,,,
東淀川区,菅原,5丁目,3番,上記以外,,,,,,,,火金,,,,,,,,,,,,,,,,,,,,,月,,,,,,,,,,,,,,,木,,,,,,,,,,月,,,,,,,,,,,,
東淀川区,菅原,5丁目,4番,軽四輪車(小さい車)で収集している地域,,,,,,,,,,火金,,,,,,,,,,,,月,,,,,,,,,,,,,,,,,木,,,,,,,,,,,,,,,月,,,,,,,,,,,,
東淀川区,菅原,5丁目,4番,上記以外,,,,,,,,火金,,,,,,,,,,,,,,月,,,,,,,,,,,,,,,,,木,,,,,,,,,,,,,,,月,,,,,,,,,,,,
東淀川区,菅原,5丁目,5番,軽四輪車(小さい車)で収集している地域,,,,,,,,,,火金,,,,,,,,,,,,月,,,,,,,,,,,,,,,,木,,,,,,,,,,,,,,,,月,,,,,,,,,,,,
東淀川区,菅原,5丁目,5番,上記以外,,,,,火金,,,,,,,,,,,,,,,,,月,,,,,,,,,,,,,,,,木,,,,,,,,,,,,,,,,月,,,,,,,,,,,,
東淀川区,菅原,5丁目,6番,軽四輪車(小さい車)で収集している地域,,,,,,,,,,火金,,,,,,,,,,,,月,,,,,,,,,,,,,,,,木,,,,,,,,,,,,,,,,月,,,,,,,,,,,,
東淀川区,菅原,5丁目,6番,上記以外,,,,,火金,,,,,,,,,,,,,,,,,月,,,,,,,,,,,,,,,,木,,,,,,,,,,,,,,,,月,,,,,,,,,,,,
東淀川区,菅原,5丁目,7番,,,,,,火金,,,,,,,,,,,,,,,,,月,,,,,,,,,,,,,,,,木,,,,,,,,,,,,,,,,月,,,,,,,,,,,,
東淀川区,菅原,5丁目,8番,,,,,,火金,,,,,,,,,,,,,,,,,月,,,,,,,,,,,,,,,,木,,,,,,,,,,,,,,,,月,,,,,,,,,,,,
東淀川区,菅原,5丁目,9番,軽四輪車(小さい車)で収集している地域,,,,,,,,,,火金,,,,,,,,,,,,月,,,,,,,,,,,,,,,,木,,,,,,,,,,,,,,,,月,,,,,,,,,,,,
東淀川区,菅原,5丁目,9番,上記以外,,,,,火金,,,,,,,,,,,,,,,,,月,,,,,,,,,,,,,,,,木,,,,,,,,,,,,,,,,月,,,,,,,,,,,,
東淀川区,菅原,5丁目,10番,軽四輪車(小さい車)で収集している地域,,,,,,,,,,火金,,,,,,,,,,,,月,,,,,,,,,,,,,,,,木,,,,,,,,,,,,,,,,月,,,,,,,,,,,,
東淀川区,菅原,5丁目,10番,上記以外,,,,,火金,,,,,,,,,,,,,,,,,,,月,,,,,,,,,,,,,,,,木,,,,,,,,,,,,,,月,,,,,,,,,,,,
東淀川区,菅原,5丁目,11番,軽四輪車(小さい車)で収集している地域,,,,,,,,,,火金,,,,,,,,,,,,,,,月,,,,,,,,,,,,,,,,木,,,,,,,,,,,,,月,,,,,,,,,,,,
東淀川区,菅原,5丁目,11番,上記以外,,,,,火金,,,,,,,,,,,,,,,,,,,,月,,,,,,,,,,,,,,,,木,,,,,,,,,,,,,月,,,,,,,,,,,,
東淀川区,菅原,5丁目,12番,軽四輪車(小さい車)で収集している地域,,,,,,,,,,火金,,,,,,,,,,,,月,,,,,,,,,,,,,,,,木,,,,,,,,,,,,,,,,月,,,,,,,,,,,,
東淀川区,菅原,5丁目,12番,上記以外,,,,,火金,,,,,,,,,,,,,,,,,,,月,,,,,,,,,,,,,,,,木,,,,,,,,,,,,,,月,,,,,,,,,,,,
東淀川区,菅原,5丁目,13番,,,,,,,,,火金,,,,,,,,,,,,,,月,,,,,,,,,,,,,,,,木,,,,,,,,,,,,,,,,月,,,,,,,,,,,,
東淀川区,菅原,5丁目,14番,軽四輪車(小さい車)で収集している地域,,,,,,,,,,火金,,,,,,,,,,,,月,,,,,,,,,,,,,,,,木,,,,,,,,,,,,,,,,月,,,,,,,,,,,,
東淀川区,菅原,5丁目,14番,上記以外,,,,,,,,火金,,,,,,,,,,,,,,月,,,,,,,,,,,,,,,,木,,,,,,,,,,,,,,,,月,,,,,,,,,,,,
東淀川区,菅原,6丁目,1番,,,,,,,,,火金,,,,,,,,,,,,,,,,月,,,,,,,,,,,,,,,,木,,,,,,,,,,,,,,月,,,,,,,,,,,,
東淀川区,菅原,6丁目,2番,,,,,,,,,火金,,,,,,,,,,,,,,月,,,,,,,,,,,,,,,,木,,,,,,,,,,,,,,,,月,,,,,,,,,,,,
東淀川区,菅原,6丁目,3番,,,,,,,,,火金,,,,,,,,,,,,,,,,,,月,,,,,,,,,,,,,,,,木,,,,,,,,,,,,月,,,,,,,,,,,,
東淀川区,菅原,6丁目,4番,,,,,,,,,火金,,,,,,,,,,,,,,,,,,月,,,,,,,,,,,,,,,,木,,,,,,,,,,,,月,,,,,,,,,,,,
東淀川区,菅原,6丁目,5番,軽四輪車(小さい車)で収集している地域,,,,,,,,,,火金,,,,,,,,,,,,,,,,,,,月,,,,,,,,,,,,,,,,木,,,,,,,,,月,,,,,,,,,,,,
東淀川区,菅原,6丁目,5番,上記以外,,,,,,,,火金,,,,,,,,,,,,,,,,,,,,,月,,,,,,,,,,,,,,,,木,,,,,,,,,月,,,,,,,,,,,,
東淀川区,菅原,6丁目,6番,軽四輪車(小さい車)で収集している地域,,,,,,,,,,火金,,,,,,,,,,,,,,,,,,,月,,,,,,,,,,,,,,,,木,,,,,,,,,月,,,,,,,,,,,,
東淀川区,菅原,6丁目,6番,上記以外,,,,,,,,火金,,,,,,,,,,,,,,,,,,,,,月,,,,,,,,,,,,,,,,木,,,,,,,,,月,,,,,,,,,,,,
東淀川区,菅原,6丁目,7番,,,,,,,,,火金,,,,,,,,,,,,,,,,,月,,,,,,,,,,,,,,,,,木,,,,,,,,,,,,月,,,,,,,,,,,,
東淀川区,菅原,6丁目,8番,軽四輪車(小さい車)で収集している地域,,,,,,,,,,火金,,,,,,,,,,,,,,,,月,,,,,,,,,,,,,,,,木,,,,,,,,,,,,月,,,,,,,,,,,,
東淀川区,菅原,6丁目,8番,上記以外,,,,,,,,火金,,,,,,,,,,,,,,,,,,月,,,,,,,,,,,,,,,,木,,,,,,,,,,,,月,,,,,,,,,,,,
東淀川区,菅原,6丁目,9番,軽四輪車(小さい車)で収集している地域,,,,,,,,,,火金,,,,,,,,,,,,,,,,月,,,,,,,,,,,,,,,,木,,,,,,,,,,,,月,,,,,,,,,,,,
東淀川区,菅原,6丁目,9番,上記以外,,,,,,,,火金,,,,,,,,,,,,,,,,,,月,,,,,,,,,,,,,,,,木,,,,,,,,,,,,月,,,,,,,,,,,,
東淀川区,菅原,6丁目,10番,,,,,,,,,火金,,,,,,,,,,,,,,,,,,月,,,,,,,,,,,,,,,,木,,,,,,,,,,,,月,,,,,,,,,,,,
東淀川区,菅原,6丁目,11番,,,,,,,,,火金,,,,,,,,,,,,,,,,,,月,,,,,,,,,,,,,,,,木,,,,,,,,,,,,月,,,,,,,,,,,,
東淀川区,菅原,6丁目,12番,軽四輪車(小さい車)で収集している地域,,,,,,,,,,火金,,,,,,,,,,,,,,,,,,,月,,,,,,,,,,,,,,,,木,,,,,,,,,月,,,,,,,,,,,,
東淀川区,菅原,6丁目,12番,上記以外,,,,,,,,火金,,,,,,,,,,,,,,,,月,,,,,,,,,,,,,,,,木,,,,,,,,,,,,,,月,,,,,,,,,,,,
東淀川区,菅原,6丁目,13番,軽四輪車(小さい車)で収集している地域,,,,,,,,,,火金,,,,,,,,,,,,,,月,,,,,,,,,,,,,,,,木,,,,,,,,,,,,,,月,,,,,,,,,,,,
東淀川区,菅原,6丁目,13番,上記以外,,,,,,,,火金,,,,,,,,,,,,,,,,月,,,,,,,,,,,,,,,,木,,,,,,,,,,,,,,月,,,,,,,,,,,,
東淀川区,菅原,6丁目,14番,,,,,,,,,火金,,,,,,,,,,,,,,,,,月,,,,,,,,,,,,,,,,木,,,,,,,,,,,,,月,,,,,,,,,,,,
東淀川区,菅原,6丁目,15番,軽四輪車(小さい車)で収集している地域,,,,,,,,,,火金,,,,,,,,,,,,,,,月,,,,,,,,,,,,,,,,木,,,,,,,,,,,,,月,,,,,,,,,,,,
東淀川区,菅原,6丁目,15番,上記以外,,,,,,,,火金,,,,,,,,,,,,,,,,,月,,,,,,,,,,,,,,,,木,,,,,,,,,,,,,月,,,,,,,,,,,,
東淀川区,菅原,6丁目,16番,軽四輪車(小さい車)で収集している地域,,,,,,,,,,火金,,,,,,,,,,,,,,,,,,,月,,,,,,,,,,,,,,,,木,,,,,,,,,月,,,,,,,,,,,,
東淀川区,菅原,6丁目,16番,上記以外,,,,,,,,火金,,,,,,,,,,,,,,,,,,,,,月,,,,,,,,,,,,,,,,木,,,,,,月,,,,,,,,,,,,,,,
東淀川区,菅原,6丁目,17番,軽四輪車(小さい車)で収集している地域,,,,,,,,,,火金,,,,,,,,,,,,,,,,,,,月,,,,,,,,,,,,,,,,木,,,,,,月,,,,,,,,,,,,,,,
東淀川区,菅原,6丁目,17番,上記以外,,,,,,,,火金,,,,,,,,,,,,,,,,,,,,,月,,,,,,,,,,,,,,,,木,,,,,,月,,,,,,,,,,,,,,,
東淀川区,菅原,6丁目,18番,軽四輪車(小さい車)で収集している地域,,,,,,,,,,火金,,,,,,,,,,,,,,,,,,,月,,,,,,,,,,,,,,,,木,,,,,,月,,,,,,,,,,,,,,,
東淀川区,菅原,6丁目,18番,上記以外,,,,,,,,火金,,,,,,,,,,,,,,,,月,,,,,,,,,,,,,,,,木,,,,,,,,,,,月,,,,,,,,,,,,,,,
東淀川区,菅原,6丁目,19番,軽四輪車(小さい車)で収集している地域,,,,,,,,,,火金,,,,,,,,,,,,,,,,,,,月,,,,,,,,,,,,,,,,木,,,,,,月,,,,,,,,,,,,,,,
東淀川区,菅原,6丁目,19番,上記以外,,,,,,,,火金,,,,,,,,,,,,,,,,月,,,,,,,,,,,,,,,,木,,,,,,,,,,,月,,,,,,,,,,,,,,,
東淀川区,菅原,6丁目,20番,軽四輪車(小さい車)で収集している地域,,,,,,,,,,火金,,,,,,,,,,,,,,,,,,,月,,,,,,,,,,,,,,,,木,,,,,,月,,,,,,,,,,,,,,,
東淀川区,菅原,6丁目,20番,上記以外,,,,,,,,火金,,,,,,,,,,,,,,,,月,,,,,,,,,,,,,,,,木,,,,,,,,,,,月,,,,,,,,,,,,,,,
東淀川区,菅原,6丁目,21番,,,,,,,,,火金,,,,,,,,,,,,,,,,,,月,,,,,,,,,,,,,,,,木,,,,,,,,,月,,,,,,,,,,,,,,,
東淀川区,菅原,6丁目,22番,,,,,,,,,火金,,,,,,,,,,,,,,,,,,月,,,,,,,,,,,,,,,木,,,,,,,,,,月,,,,,,,,,,,,,,,
東淀川区,菅原,6丁目,23番,軽四輪車(小さい車)で収集している地域,,,,,,,,,,火金,,,,,,,,,,,,,,,月,,,,,,,,,,,,,,,,木,,,,,,,,,,月,,,,,,,,,,,,,,,
東淀川区,菅原,6丁目,23番,上記以外,,,,,,,,火金,,,,,,,,,,,,,,,,,月,,,,,,,,,,,,,,,,木,,,,,,,,,,月,,,,,,,,,,,,,,,
東淀川区,菅原,6丁目,24番,軽四輪車(小さい車)で収集している地域,,,,,,,,,,火金,,,,,,,,,,,,,,,月,,,,,,,,,,,,,,,,木,,,,,,,,,,月,,,,,,,,,,,,,,,
東淀川区,菅原,6丁目,24番,上記以外,,,,,,,,火金,,,,,,,,,,,,,,,,,月,,,,,,,,,,,,,,,,木,,,,,,,,,,月,,,,,,,,,,,,,,,
東淀川区,菅原,6丁目,25番,,,,,,,,,火金,,,,,,,,,,,,,,,,,月,,,,,,,,,,,,,,,,木,,,,,,,,,,月,,,,,,,,,,,,,,,
東淀川区,菅原,6丁目,27番,軽四輪車(小さい車)で収集している地域,,,,,,,,,,火金,,,,,,,,,,,,,,,,,,,月,,,,,,,,,,,,,,,,木,,,,,,月,,,,,,,,,,,,,,,
東淀川区,菅原,6丁目,27番,上記以外,,,,,,,,火金,,,,,,,,,,,,,,,,月,,,,,,,,,,,,,,,,木,,,,,,,,,,,月,,,,,,,,,,,,,,,
東淀川区,菅原,6丁目,28番,軽四輪車(小さい車)で収集している地域,,,,,,,,,,火金,,,,,,,,,,,,,,,,,,,月,,,,,,,,,,,,,,,,木,,,,,,月,,,,,,,,,,,,,,,
東淀川区,菅原,6丁目,28番,上記以外,,,,,,,,火金,,,,,,,,,,,,,,,,月,,,,,,,,,,,,,,,,木,,,,,,,,,,,月,,,,,,,,,,,,,,,
東淀川区,菅原,6丁目,29番,軽四輪車(小さい車)で収集している地域,,,,,,,,,,火金,,,,,,,,,,,,,,,,,,,月,,,,,,,,,,,,,,,,木,,,,,,月,,,,,,,,,,,,,,,
東淀川区,菅原,6丁目,29番,上記以外,,,,,,,,火金,,,,,,,,,,,,,,,,月,,,,,,,,,,,,,,,,木,,,,,,,,,,,月,,,,,,,,,,,,,,,
東淀川区,菅原,7丁目,1番,,,,,,,,,火金,,,,,,,,,,,,,,月,,,,,,,,,,,,,,,,木,,,,,,,,,,,,,月,,,,,,,,,,,,,,,
東淀川区,菅原,7丁目,2番,,,,,,,,,火金,,,,,,,,,,,,,,,,,,月,,,,,,,,,,,,,,,,木,,,,,,,,,月,,,,,,,,,,,,,,,
東淀川区,菅原,7丁目,3番,,,,,,,,,火金,,,,,,,,,,,,,,,,,月,,,,,,,,,,,,,,,,木,,,,,,,,,,月,,,,,,,,,,,,,,,
東淀川区,菅原,7丁目,4番,,,,,,,,,火金,,,,,,,,,,,,,,,,,月,,,,,,,,,,,,,,,,木,,,,,,,,,,月,,,,,,,,,,,,,,,
東淀川区,菅原,7丁目,5番,,,,,,,,,火金,,,,,,,,,,,,,,,,月,,,,,,,,,,,,,,木,,,,,,,,,,,,,月,,,,,,,,,,,,,,,
東淀川区,菅原,7丁目,6番,,,,,,,,,火金,,,,,,,,,,,,,,,,,月,,,,,,,,,,,,,,,,木,,,,,,,,,,月,,,,,,,,,,,,,,,
東淀川区,菅原,7丁目,7番,,,,,,,,,火金,,,,,,,,,,,,,,,,,月,,,,,,,,,,,,,,,,木,,,,,,,,,,月,,,,,,,,,,,,,,,
東淀川区,菅原,7丁目,8番,,,,,,,,,火金,,,,,,,,,,,,,,,,,月,,,,,,,,,,,,,,,,木,,,,,,,,,,月,,,,,,,,,,,,,,,
東淀川区,菅原,7丁目,9番,,,,,,,,,火金,,,,,,,,,,,,,,,,,月,,,,,,,,,,,,,,,,木,,,,,,,,,,月,,,,,,,,,,,,,,,
東淀川区,菅原,7丁目,10番,,,,,,,,,火金,,,,,,,,,,,,,,,,,月,,,,,,,,,,,,,,,,木,,,,,,,,,,月,,,,,,,,,,,,,,,
東淀川区,菅原,7丁目,11番,,,,,,,,,火金,,,,,,,,,,,,,,,,,月,,,,,,,,,,,,,,,,木,,,,,,,,,,月,,,,,,,,,,,,,,,
東淀川区,菅原,7丁目,12番,,,,,,,,,火金,,,,,,,,,,,,,,,,,月,,,,,,,,,,,,,,,,木,,,,,,,,,,月,,,,,,,,,,,,,,,
東淀川区,菅原,7丁目,13番,,,,,,,,,火金,,,,,,,,,,,,,,,月,,,,,,,,,,,,,,,,,木,,,,,,,,,,,月,,,,,,,,,,,,,,,
東淀川区,菅原,7丁目,14番,,,,,,,,,火金,,,,,,,,,,,,,,,月,,,,,,,,,,,,,,,,,木,,,,,,,,,,,月,,,,,,,,,,,,,,,
東淀川区,菅原,7丁目,15番,,,,,,,,,火金,,,,,,,,,,,,,,月,,,,,,,,,,,,,,,,木,,,,,,,,,,,,,月,,,,,,,,,,,,,,,
東淀川区,大桐,1丁目,1番,,,,,,,,,水土,,,,,,,,,,,,,,,,,,,,,火,,,,,,,,,,,,,,,,金,,,,,,,,,,,,,,,,,金,,,,
東淀川区,大桐,1丁目,2番,,,,,,,,,水土,,,,,,,,,,,,,,,,,,,,,火,,,,,,,,,,,,,,,,金,,,,,,,,,,,,,,,,,金,,,,
東淀川区,大桐,1丁目,3番,,,,,,,,,水土,,,,,,,,,,,,,,,,,,,,,火,,,,,,,,,,,,,,,,金,,,,,,,,,,,,,,,,,金,,,,
東淀川区,大桐,1丁目,4番,,,,,,,,,水土,,,,,,,,,,,,,,,,,,,,,火,,,,,,,,,,,,,,,,金,,,,,,,,,,,,,,,,,金,,,,
東淀川区,大桐,1丁目,5番,,,,,,,,,水土,,,,,,,,,,,,,,,,,,,,,火,,,,,,,,,,,,,,,,金,,,,,,,,,,,,,,,,,金,,,,
東淀川区,大桐,1丁目,6番,,,,,,,,,水土,,,,,,,,,,,,,,,,,,,,,火,,,,,,,,,,,,,,,,金,,,,,,,,,,,,,,,,,金,,,,
東淀川区,大桐,1丁目,7番,,,,,,,,,水土,,,,,,,,,,,,,,,,,,,,,火,,,,,,,,,,,,,,,,金,,,,,,,,,,,,,,,,,金,,,,
東淀川区,大桐,1丁目,8番,,,,,,,,,水土,,,,,,,,,,,,,,,,,,,,,火,,,,,,,,,,,,,,,,金,,,,,,,,,,,,,,,,,金,,,,
東淀川区,大桐,1丁目,9番,軽四輪車(小さい車)で収集している地域,,,,,,,,,,,,,,,,,水土,,,,,,,,,,,,,,火,,,,,,,,,,,,,,,,金,,,,,,,,,,,,,,,金,,,,
東淀川区,大桐,1丁目,9番,上記以外,,,,,,,,水土,,,,,,,,,,,,,,,,,,,,,,,火,,,,,,,,,,,,,,,,金,,,,,,,,,,,,,,,金,,,,
東淀川区,大桐,1丁目,10番,軽四輪車(小さい車)で収集している地域,,,,,,,,,,,,,,,,,水土,,,,,,,,,,,,,,火,,,,,,,,,,,,,,,,金,,,,,,,,,,,,,,,金,,,,
東淀川区,大桐,1丁目,10番,上記以外,,,,,,,,水土,,,,,,,,,,,,,,,,,,,,,,,火,,,,,,,,,,,,,,,,金,,,,,,,,,,,,,,,金,,,,
東淀川区,大桐,1丁目,11番,軽四輪車(小さい車)で収集している地域,,,,,,,,,,,,,,,,,水土,,,,,,,,,,,,火,,,,,,,,,,,,,,,,金,,,,,,,,,,,,,,,,,金,,,,
東淀川区,大桐,1丁目,11番,上記以外,,,,,,,,水土,,,,,,,,,,,,,,,,,,,,,火,,,,,,,,,,,,,,,,金,,,,,,,,,,,,,,,,,金,,,,
東淀川区,大桐,1丁目,12番,軽四輪車(小さい車)で収集している地域,,,,,,,,,,,,,,,,,水土,,,,,,,,,,,,,,火,,,,,,,,,,,,,,,,金,,,,,,,,,,,,,,,金,,,,
東淀川区,大桐,1丁目,12番,上記以外,,,,,,,,水土,,,,,,,,,,,,,,,,,,,,,,,火,,,,,,,,,,,,,,,,金,,,,,,,,,,,,,,,金,,,,
東淀川区,大桐,1丁目,13番,軽四輪車(小さい車)で収集している地域,,,,,,,,,,,,,,,,,水土,,,,,,,,,,,,火,,,,,,,,,,,,,,,,金,,,,,,,,,,,,,,,,,金,,,,
東淀川区,大桐,1丁目,13番,上記以外,,,,水土,,,,,,,,,,,,,,,,,,,,,,,,,火,,,,,,,,,,,,,,,,金,,,,,,,,,,,,,,,,,金,,,,
東淀川区,大桐,1丁目,14番,軽四輪車(小さい車)で収集している地域,,,,,,,,,,,,,,,,,水土,,,,,,,,,,,,火,,,,,,,,,,,,,,,,金,,,,,,,,,,,,,,,,,金,,,,
東淀川区,大桐,1丁目,14番,上記以外,,,,水土,,,,,,,,,,,,,,,,,,,,,,,,,火,,,,,,,,,,,,,,,,金,,,,,,,,,,,,,,,,,金,,,,
東淀川区,大桐,1丁目,15番,軽四輪車(小さい車)で収集している地域,,,,,,,,,,,,,,,,,水土,,,,,,,,,,,,火,,,,,,,,,,,,,,,,金,,,,,,,,,,,,,,,,,金,,,,
東淀川区,大桐,1丁目,15番,上記以外,,,,水土,,,,,,,,,,,,,,,,,,,,,,,,,火,,,,,,,,,,,,,,,,金,,,,,,,,,,,,,,,,,金,,,,
東淀川区,大桐,1丁目,16番,,,,,,,,,水土,,,,,,,,,,,,,,,,,,,,,火,,,,,,,,,,,,,,,,金,,,,,,,,,,,,,,,,,,金,,,
東淀川区,大桐,1丁目,17番,2~7号,,,,,,,,,,,,,,,,,水土,,,,,,,,,,,,火,,,,,,,,,,,,,,,,金,,,,,,,,,,,,,,,,,,金,,,
東淀川区,大桐,1丁目,17番,42号,,,,,,,,,,,,,,,,,水土,,,,,,,,,,,,火,,,,,,,,,,,,,,,,金,,,,,,,,,,,,,,,,,,金,,,
東淀川区,大桐,1丁目,17番,市営大桐住宅１･２号館,,,,,,,,,,,,,,,,,水土,,,,,,,,,,,,火,,,,,,,,,,,,,,,,金,,,,,,,,,,,,,,,,,,金,,,
東淀川区,大桐,1丁目,17番,上記以外,,,,,,,,水土,,,,,,,,,,,,,,,,,,,,,火,,,,,,,,,,,,,,,,金,,,,,,,,,,,,,,,,,,金,,,
東淀川区,大桐,1丁目,18番,,,,,,,,,水土,,,,,,,,,,,,,,,,,,,,,火,,,,,,,,,,,,,,,,金,,,,,,,,,,,,,,,,,,金,,,
東淀川区,大桐,1丁目,19番,,,,,,,,,水土,,,,,,,,,,,,,,,,,,,,,火,,,,,,,,,,,,,,,,金,,,,,,,,,,,,,,,,,,金,,,
東淀川区,大桐,2丁目,1番,,,,,,,,,水土,,,,,,,,,,,,,,,,,,,,,火,,,,,,,,,,,,,,,,金,,,,,,,,,,,,,,,,,金,,,,
東淀川区,大桐,2丁目,2番,,,,,,,,,水土,,,,,,,,,,,,,,,,,,,,,火,,,,,,,,,,,,,,,,金,,,,,,,,,,,,,,,,,金,,,,
東淀川区,大桐,2丁目,3番,,,,,,,,,水土,,,,,,,,,,,,,,,,,,,,,火,,,,,,,,,,,,,,,,金,,,,,,,,,,,,,,,,,金,,,,
東淀川区,大桐,2丁目,4番,,,,,,,,,水土,,,,,,,,,,,,,,,,,,,,,火,,,,,,,,,,,,,,,,金,,,,,,,,,,,,,,,,,金,,,,
東淀川区,大桐,2丁目,5番,,,,,,,,,水土,,,,,,,,,,,,,,,,,,,,,火,,,,,,,,,,,,,,,,金,,,,,,,,,,,,,,,,,金,,,,
東淀川区,大桐,2丁目,6番,,,,,,,,,水土,,,,,,,,,,,,,,,,,,,,,火,,,,,,,,,,,,,,,,金,,,,,,,,,,,,,,,,,金,,,,
東淀川区,大桐,2丁目,7番,,,,,,,,,水土,,,,,,,,,,,,,,,,,,,,,火,,,,,,,,,,,,,,,,金,,,,,,,,,,,,,,,,,金,,,,
東淀川区,大桐,2丁目,8番,,,,,,,,,,,,,,,,,,水土,,,,,,,,,,,,火,,,,,,,,,,,,,,,,金,,,,,,,,,,,,,,,,,金,,,,
東淀川区,大桐,2丁目,9番,,,,,,,,,,,,,,,,,,水土,,,,,,,,,,,,火,,,,,,,,,,,,,,,,金,,,,,,,,,,,,,,,,,金,,,,
東淀川区,大桐,2丁目,10番,22~24号,,,,,,,,水土,,,,,,,,,,,,,,,,,,,,,火,,,,,,,,,,,,,,,,金,,,,,,,,,,,,,,,,,金,,,,
東淀川区,大桐,2丁目,10番,上記以外,,,,,,,,,,,,,,,,,水土,,,,,,,,,,,,火,,,,,,,,,,,,,,,,金,,,,,,,,,,,,,,,,,金,,,,
東淀川区,大桐,2丁目,11番,,,,,,,,,水土,,,,,,,,,,,,,,,,,,,,,火,,,,,,,,,,,,,,,,金,,,,,,,,,,,,,,,,,金,,,,
東淀川区,大桐,2丁目,12番,,,,,,,,,水土,,,,,,,,,,,,,,,,,,,,,火,,,,,,,,,,,,,,,,金,,,,,,,,,,,,,,,,,金,,,,
東淀川区,大桐,2丁目,13番,,,,,,,,,水土,,,,,,,,,,,,,,,,,,,,,火,,,,,,,,,,,,,,,,金,,,,,,,,,,,,,,,,,金,,,,
東淀川区,大桐,2丁目,14番,,,,,,,,,水土,,,,,,,,,,,,,,,,,,,,,火,,,,,,,,,,,,,,,,金,,,,,,,,,,,,,,,,,金,,,,
東淀川区,大桐,2丁目,15番,,,,,,,,,水土,,,,,,,,,,,,,,,,,,,,,火,,,,,,,,,,,,,,,,金,,,,,,,,,,,,,,,,,金,,,,
東淀川区,大桐,2丁目,16番,,,,,,,,,水土,,,,,,,,,,,,,,,,,,,,,火,,,,,,,,,,,,,,,,金,,,,,,,,,,,,,,,,,金,,,,
東淀川区,大桐,2丁目,17番,,,,,,,,,水土,,,,,,,,,,,,,,,,,,,,,火,,,,,,,,,,,,,,,,金,,,,,,,,,,,,,,,,,金,,,,
東淀川区,大桐,2丁目,18番,19･20号,,,,,,,,,,,,,,,,,水土,,,,,,,,,,,,火,,,,,,,,,,,,,,,,金,,,,,,,,,,,,,,,,,金,,,,
東淀川区,大桐,2丁目,18番,軽四輪車(小さい車)で収集している地域,,,,,,,,,,,,,,,,,水土,,,,,,,,,,,,火,,,,,,,,,,,,,,,,金,,,,,,,,,,,,,,,,,金,,,,
東淀川区,大桐,2丁目,18番,上記以外,,,,,,,,水土,,,,,,,,,,,,,,,,,,,,,火,,,,,,,,,,,,,,,,金,,,,,,,,,,,,,,,,,金,,,,
東淀川区,大桐,2丁目,19番,軽四輪車(小さい車)で収集している地域,,,,,,,,水土,,,,,,,,,,,,,,,,,,,,,火,,,,,,,,,,,,,,,,金,,,,,,,,,,,,,,,,,金,,,,
東淀川区,大桐,2丁目,19番,上記以外,,,,,,,,,,,,,,,,,水土,,,,,,,,,,,,火,,,,,,,,,,,,,,,,金,,,,,,,,,,,,,,,,,金,,,,
東淀川区,大桐,2丁目,20番,軽四輪車(小さい車)で収集している地域,,,,,,,,,,,,,,,,,水土,,,,,,,,,,,,火,,,,,,,,,,,,,,,,金,,,,,,,,,,,,,,,,,金,,,,
東淀川区,大桐,2丁目,20番,上記以外,,,,,,,,水土,,,,,,,,,,,,,,,,,,,,,火,,,,,,,,,,,,,,,,金,,,,,,,,,,,,,,,,,金,,,,
東淀川区,大桐,3丁目,1番,７号,,,,,,,,,,,,,,,,,水土,,,,,,,,,,,,火,,,,,,,,,,,,,,,,金,,,,,,,,,,,,,,,,,,金,,,
東淀川区,大桐,3丁目,1番,市営大桐住宅３号館,,,,,,,,,,,,,,,,,水土,,,,,,,,,,,,火,,,,,,,,,,,,,,,,金,,,,,,,,,,,,,,,,,,金,,,
東淀川区,大桐,3丁目,1番,上記以外,,,,,,,,水土,,,,,,,,,,,,,,,,,,,,,火,,,,,,,,,,,,,,,,金,,,,,,,,,,,,,,,,,,金,,,
東淀川区,大桐,3丁目,2番,,,,,,,,,,,,,,,,,,水土,,,,,,,,,,,,火,,,,,,,,,,,,,,,,金,,,,,,,,,,,,,,,,,,金,,,
東淀川区,大桐,3丁目,3番,,,,,,,,,,,,,,,,,,水土,,,,,,,,,,,,火,,,,,,,,,,,,,,,,金,,,,,,,,,,,,,,,,,,金,,,
東淀川区,大桐,3丁目,4番,,,,,,,,,水土,,,,,,,,,,,,,,,,,,,,,火,,,,,,,,,,,,,,,,金,,,,,,,,,,,,,,,,,,金,,,
東淀川区,大桐,3丁目,5番,市営大桐住宅６号棟,,,,,,,,,,,,,,,,,水土,,,,,,,,,,,,火,,,,,,,,,,,,,,,,金,,,,,,,,,,,,,,,,,,金,,,
東淀川区,大桐,3丁目,5番,上記以外,,,,,,,,水土,,,,,,,,,,,,,,,,,,,,,火,,,,,,,,,,,,,,,,金,,,,,,,,,,,,,,,,,,金,,,
東淀川区,大桐,3丁目,6番,軽四輪車(小さい車)で収集している地域,,,,,,,,,,水土,,,,,,,,,,,,,,,,,,,火,,,,,,,,,,,,,,,,金,,,,,,,,,,,,,,,,,金,,,,
東淀川区,大桐,3丁目,6番,上記以外,,,,,,,,水土,,,,,,,,,,,,,,,,,,,,,火,,,,,,,,,,,,,,,,金,,,,,,,,,,,,,,,,,金,,,,
東淀川区,大桐,3丁目,7番,軽四輪車(小さい車)で収集している地域,,,,,,,,,,水土,,,,,,,,,,,,,,,,,,,火,,,,,,,,,,,,,,,,金,,,,,,,,,,,,,,,,,金,,,,
東淀川区,大桐,3丁目,7番,上記以外,,,,,,,,水土,,,,,,,,,,,,,,,,,,,,,火,,,,,,,,,,,,,,,,金,,,,,,,,,,,,,,,,,金,,,,
東淀川区,大桐,3丁目,8番,軽四輪車(小さい車)で収集している地域,,,,,,,,,,水土,,,,,,,,,,,,,,,,,,,火,,,,,,,,,,,,,,,,金,,,,,,,,,,,,,,,,,金,,,,
東淀川区,大桐,3丁目,8番,上記以外,,,,,,,,水土,,,,,,,,,,,,,,,,,,,,,火,,,,,,,,,,,,,,,,金,,,,,,,,,,,,,,,,,金,,,,
東淀川区,大桐,3丁目,9番,軽四輪車(小さい車)で収集している地域,,,,,,,,,,水土,,,,,,,,,,,,,,,,,,,火,,,,,,,,,,,,,,,,金,,,,,,,,,,,,,,,,,金,,,,
東淀川区,大桐,3丁目,9番,上記以外,,,,,,,,水土,,,,,,,,,,,,,,,,,,,,,火,,,,,,,,,,,,,,,,金,,,,,,,,,,,,,,,,,金,,,,
東淀川区,大桐,3丁目,10番,軽四輪車(小さい車)で収集している地域,,,,,,,,,,水土,,,,,,,,,,,,,,,,,,,火,,,,,,,,,,,,,,,,金,,,,,,,,,,,,,,,,,金,,,,
東淀川区,大桐,3丁目,10番,上記以外,,,,,,,,水土,,,,,,,,,,,,,,,,,,,,,火,,,,,,,,,,,,,,,,金,,,,,,,,,,,,,,,,,金,,,,
東淀川区,大桐,3丁目,11番,軽四輪車(小さい車)で収集している地域,,,,,,,,,,水土,,,,,,,,,,,,,,,,,,,火,,,,,,,,,,,,,,,,金,,,,,,,,,,,,,,,,,金,,,,
東淀川区,大桐,3丁目,11番,上記以外,,,,,,,,水土,,,,,,,,,,,,,,,,,,,,,火,,,,,,,,,,,,,,,,金,,,,,,,,,,,,,,,,,金,,,,
東淀川区,大桐,3丁目,12番,軽四輪車(小さい車)で収集している地域,,,,,,,,,,水土,,,,,,,,,,,,,,,,,,,火,,,,,,,,,,,,,,,,金,,,,,,,,,,,,,,,,,金,,,,
東淀川区,大桐,3丁目,12番,上記以外,,,,,,,,水土,,,,,,,,,,,,,,,,,,,,,火,,,,,,,,,,,,,,,,金,,,,,,,,,,,,,,,,,金,,,,
東淀川区,大桐,3丁目,13番,軽四輪車(小さい車)で収集している地域,,,,,,,,,,水土,,,,,,,,,,,,,,,,,,,火,,,,,,,,,,,,,,,,金,,,,,,,,,,,,,,,,,金,,,,
東淀川区,大桐,3丁目,13番,上記以外,,,,,,,,水土,,,,,,,,,,,,,,,,,,,,,火,,,,,,,,,,,,,,,,金,,,,,,,,,,,,,,,,,金,,,,
東淀川区,大桐,3丁目,14番,軽四輪車(小さい車)で収集している地域,,,,,,,,,,水土,,,,,,,,,,,,,,,,,,,火,,,,,,,,,,,,,,,,金,,,,,,,,,,,,,,,,,金,,,,
東淀川区,大桐,3丁目,14番,上記以外,,,,,,,,水土,,,,,,,,,,,,,,,,,,,,,火,,,,,,,,,,,,,,,,金,,,,,,,,,,,,,,,,,金,,,,
東淀川区,大桐,3丁目,15番,軽四輪車(小さい車)で収集している地域,,,,,,,,,,水土,,,,,,,,,,,,,,,,,,,火,,,,,,,,,,,,,,,,金,,,,,,,,,,,,,,,,,金,,,,
東淀川区,大桐,3丁目,15番,上記以外,,,,,,,,水土,,,,,,,,,,,,,,,,,,,,,火,,,,,,,,,,,,,,,,金,,,,,,,,,,,,,,,,,金,,,,
東淀川区,大桐,3丁目,16番,軽四輪車(小さい車)で収集している地域,,,,,,,,,,水土,,,,,,,,,,,,,,,,,,,火,,,,,,,,,,,,,,,,金,,,,,,,,,,,,,,,,,金,,,,
東淀川区,大桐,3丁目,16番,上記以外,,,,,,,,水土,,,,,,,,,,,,,,,,,,,,,火,,,,,,,,,,,,,,,,金,,,,,,,,,,,,,,,,,金,,,,
東淀川区,大桐,3丁目,17番,軽四輪車(小さい車)で収集している地域,,,,,,,,,,水土,,,,,,,,,,,,,,,,,,,火,,,,,,,,,,,,,,,,金,,,,,,,,,,,,,,,,,金,,,,
東淀川区,大桐,3丁目,17番,上記以外,,,,,,,,水土,,,,,,,,,,,,,,,,,,,,,火,,,,,,,,,,,,,,,,金,,,,,,,,,,,,,,,,,金,,,,
東淀川区,大桐,3丁目,18番,軽四輪車(小さい車)で収集している地域,,,,,,,,,,水土,,,,,,,,,,,,,,,,,,,火,,,,,,,,,,,,,,,,金,,,,,,,,,,,,,,,,,金,,,,
東淀川区,大桐,3丁目,18番,上記以外,,,,,,,,水土,,,,,,,,,,,,,,,,,,,,,火,,,,,,,,,,,,,,,,金,,,,,,,,,,,,,,,,,金,,,,
東淀川区,大桐,3丁目,19番,,,,,,,,,水土,,,,,,,,,,,,,,,,,,,,,火,,,,,,,,,,,,,,,,金,,,,,,,,,,,,,,,,,金,,,,
東淀川区,大桐,3丁目,20番,軽四輪車(小さい車)で収集している地域,,,,,,,,,,水土,,,,,,,,,,,,,,,,,,,火,,,,,,,,,,,,,,,,金,,,,,,,,,,,,,,,,,金,,,,
東淀川区,大桐,3丁目,20番,上記以外,,,,,,,,水土,,,,,,,,,,,,,,,,,,,,,火,,,,,,,,,,,,,,,,金,,,,,,,,,,,,,,,,,金,,,,
東淀川区,大桐,3丁目,21番,軽四輪車(小さい車)で収集している地域,,,,,,,,,,水土,,,,,,,,,,,,,,,,,,,火,,,,,,,,,,,,,,,,金,,,,,,,,,,,,,,,,,金,,,,
東淀川区,大桐,3丁目,21番,上記以外,,,,,,,,水土,,,,,,,,,,,,,,,,,,,,,火,,,,,,,,,,,,,,,,金,,,,,,,,,,,,,,,,,金,,,,
東淀川区,大桐,3丁目,22番,軽四輪車(小さい車)で収集している地域,,,,,,,,,,水土,,,,,,,,,,,,,,,,,,,火,,,,,,,,,,,,,,,,金,,,,,,,,,,,,,,,,,金,,,,
東淀川区,大桐,3丁目,22番,上記以外,,,,,,,,水土,,,,,,,,,,,,,,,,,,,,,火,,,,,,,,,,,,,,,,金,,,,,,,,,,,,,,,,,金,,,,
東淀川区,大桐,3丁目,23番,軽四輪車(小さい車)で収集している地域,,,,,,,,,,水土,,,,,,,,,,,,,,,,,,,火,,,,,,,,,,,,,,,,金,,,,,,,,,,,,,,,,,金,,,,
東淀川区,大桐,3丁目,23番,上記以外,,,,,,,,水土,,,,,,,,,,,,,,,,,,,,,火,,,,,,,,,,,,,,,,金,,,,,,,,,,,,,,,,,金,,,,
東淀川区,大桐,3丁目,24番,軽四輪車(小さい車)で収集している地域,,,,,,,,,,水土,,,,,,,,,,,,,,,,,,,火,,,,,,,,,,,,,,,,金,,,,,,,,,,,,,,,,,金,,,,
東淀川区,大桐,3丁目,24番,上記以外,,,,,,,,水土,,,,,,,,,,,,,,,,,,,,,火,,,,,,,,,,,,,,,,金,,,,,,,,,,,,,,,,,金,,,,
東淀川区,大桐,3丁目,25番,軽四輪車(小さい車)で収集している地域,,,,,,,,,,水土,,,,,,,,,,,,,,,,,,,火,,,,,,,,,,,,,,,,金,,,,,,,,,,,,,,,,,金,,,,
東淀川区,大桐,3丁目,25番,上記以外,,,,,,,,水土,,,,,,,,,,,,,,,,,,,,,火,,,,,,,,,,,,,,,,金,,,,,,,,,,,,,,,,,金,,,,
東淀川区,大桐,3丁目,26番,,,,,,,,,水土,,,,,,,,,,,,,,,,,,,,,火,,,,,,,,,,,,,,,,金,,,,,,,,,,,,,,,,,金,,,,
東淀川区,大桐,3丁目,27番,軽四輪車(小さい車)で収集している地域,,,,,,,,,,水土,,,,,,,,,,,,,,,,,,,火,,,,,,,,,,,,,,,,金,,,,,,,,,,,,,,,,,金,,,,
東淀川区,大桐,3丁目,27番,上記以外,,,,,,,,水土,,,,,,,,,,,,,,,,,,,,,火,,,,,,,,,,,,,,,,金,,,,,,,,,,,,,,,,,,金,,,
東淀川区,大桐,4丁目,1番,軽四輪車(小さい車)で収集している地域,,,,,,,,,,水土,,,,,,,,,,,,,,,,,,,火,,,,,,,,,,,,,,,,金,,,,,,,,,,,,,,,,,金,,,,
東淀川区,大桐,4丁目,1番,1~11･46~51･62号,,,,水土,,,,,,,,,,,,,,,,,,,,,,,,,火,,,,,,,,,,,,,,,,金,,,,,,,,,,,,,,,,,金,,,,
東淀川区,大桐,4丁目,1番,上記以外,,,,,,,,水土,,,,,,,,,,,,,,,,,,,,,火,,,,,,,,,,,,,,,,金,,,,,,,,,,,,,,,,,,金,,,
東淀川区,大桐,4丁目,2番,軽四輪車(小さい車)で収集している地域,,,,,,,,,,,,,,,,,水土,,,,,,,,,,,,火,,,,,,,,,,,,,,,,金,,,,,,,,,,,,,,,,,金,,,,
東淀川区,大桐,4丁目,2番,上記以外,,,,,,,,水土,,,,,,,,,,,,,,,,,,,,,火,,,,,,,,,,,,,,,,金,,,,,,,,,,,,,,,,,,金,,,
東淀川区,大桐,4丁目,3番,,,,,,,,,水土,,,,,,,,,,,,,,,,,,,,,火,,,,,,,,,,,,,,,,金,,,,,,,,,,,,,,,,,,金,,,
東淀川区,大桐,4丁目,4番,軽四輪車(小さい車)で収集している地域,,,,,,,,,,,,,,,,,水土,,,,,,,,,,,,火,,,,,,,,,,,,,,,,金,,,,,,,,,,,,,,,,,金,,,,
東淀川区,大桐,4丁目,4番,ベリスタ東淀川,,,,,,,,,,,,,,,,,水土,,,,,,,,,,,,火,,,,,,,,,,,,,,,,金,,,,,,,,,,,,,,,,,,金,,,
東淀川区,大桐,4丁目,4番,上記以外,,,,水土,,,,,,,,,,,,,,,,,,,,,,,,,火,,,,,,,,,,,,,,,,金,,,,,,,,,,,,,,,,,,金,,,
東淀川区,大桐,4丁目,5番,軽四輪車(小さい車)で収集している地域,,,,,,,,,,,,,,,,,水土,,,,,,,,,,,,火,,,,,,,,,,,,,,,,金,,,,,,,,,,,,,,,,,金,,,,
東淀川区,大桐,4丁目,5番,上記以外,,,,水土,,,,,,,,,,,,,,,,,,,,,,,,,火,,,,,,,,,,,,,,,,金,,,,,,,,,,,,,,,,,,金,,,
東淀川区,大桐,5丁目,1番,,,,,,,,,水土,,,,,,,,,,,,,,,,,,,,,火,,,,,,,,,,,,,,,,金,,,,,,,,,,,,,,,,,,金,,,
東淀川区,大桐,5丁目,2番,,,,,,,,,水土,,,,,,,,,,,,,,,,,,,,,火,,,,,,,,,,,,,,,,金,,,,,,,,,,,,,,,,,,金,,,
東淀川区,大桐,5丁目,3番,,,,,,,,,水土,,,,,,,,,,,,,,,,,,,,,火,,,,,,,,,,,,,,,,金,,,,,,,,,,,,,,,,,,金,,,
東淀川区,大桐,5丁目,4番,軽四輪車(小さい車)で収集している地域,,,,,,,,,,,,,,,,,水土,,,,,,,,,,,,火,,,,,,,,,,,,,,,,金,,,,,,,,,,,,,,,,,,金,,,
東淀川区,大桐,5丁目,4番,上記以外,,,,,,,,水土,,,,,,,,,,,,,,,,,,,,,火,,,,,,,,,,,,,,,,金,,,,,,,,,,,,,,,,,,金,,,
東淀川区,大桐,5丁目,5番,,,,,,,,,水土,,,,,,,,,,,,,,,,,,,,,火,,,,,,,,,,,,,,,,金,,,,,,,,,,,,,,,,,,金,,,
東淀川区,大桐,5丁目,6番,,,,,,,,,水土,,,,,,,,,,,,,,,,,,,,,火,,,,,,,,,,,,,,,,金,,,,,,,,,,,,,,,,,,金,,,
東淀川区,大桐,5丁目,7番,,,,,,,,,水土,,,,,,,,,,,,,,,,,,,,,火,,,,,,,,,,,,,,,,金,,,,,,,,,,,,,,,,,,金,,,
東淀川区,大桐,5丁目,8番,,,,,,,,,水土,,,,,,,,,,,,,,,,,,,,,火,,,,,,,,,,,,,,,,金,,,,,,,,,,,,,,,,,,金,,,
東淀川区,大桐,5丁目,13番,,,,,,,,,水土,,,,,,,,,,,,,,,,,,,,,火,,,,,,,,,,,,,,,,金,,,,,,,,,,,,,,,,,,金,,,
東淀川区,大桐,5丁目,14番,軽四輪車(小さい車)で収集している地域,,,,,,,,,,水土,,,,,,,,,,,,,,,,,,,火,,,,,,,,,,,,,,,,金,,,,,,,,,,,,,,,,,,金,,,
東淀川区,大桐,5丁目,14番,上記以外,,,,,,,,水土,,,,,,,,,,,,,,,,,,,,,火,,,,,,,,,,,,,,,,金,,,,,,,,,,,,,,,,,,金,,,
東淀川区,大桐,5丁目,15番,軽四輪車(小さい車)で収集している地域,,,,,,,,,,,,,,,,,水土,,,,,,,,,,,,火,,,,,,,,,,,,,,,,金,,,,,,,,,,,,,,,,,金,,,,
東淀川区,大桐,5丁目,15番,上記以外,,,,,,,,水土,,,,,,,,,,,,,,,,,,,,,火,,,,,,,,,,,,,,,,金,,,,,,,,,,,,,,,,,,金,,,
東淀川区,大桐,5丁目,16番,1･2･32~34号,,,,,,,,,,,,,,,,,水土,,,,,,,,,,,,火,,,,,,,,,,,,,,,,金,,,,,,,,,,,,,,,,,金,,,,
東淀川区,大桐,5丁目,16番,軽四輪車(小さい車)で収集している地域,,,,,,,,,,水土,,,,,,,,,,,,,,,,,,,火,,,,,,,,,,,,,,,,金,,,,,,,,,,,,,,,,,金,,,,
東淀川区,大桐,5丁目,16番,上記以外,,,,,,,,水土,,,,,,,,,,,,,,,,,,,,,火,,,,,,,,,,,,,,,,金,,,,,,,,,,,,,,,,,,金,,,
東淀川区,大桐,5丁目,17番,軽四輪車(小さい車)で収集している地域,,,,,,,,,,水土,,,,,,,,,,,,,,,,,,,火,,,,,,,,,,,,,,,,金,,,,,,,,,,,,,,,,,金,,,,
東淀川区,大桐,5丁目,17番,上記以外,,,,,,,,水土,,,,,,,,,,,,,,,,,,,,,火,,,,,,,,,,,,,,,,金,,,,,,,,,,,,,,,,,,金,,,
東淀川区,大桐,5丁目,18番,軽四輪車(小さい車)で収集している地域,,,,,,,,,,水土,,,,,,,,,,,,,,,,,,,火,,,,,,,,,,,,,,,,金,,,,,,,,,,,,,,,,,金,,,,
東淀川区,大桐,5丁目,18番,上記以外,,,,,,,,水土,,,,,,,,,,,,,,,,,,,,,火,,,,,,,,,,,,,,,,金,,,,,,,,,,,,,,,,,,金,,,
東淀川区,大桐,5丁目,19番,軽四輪車(小さい車)で収集している地域,,,,,,,,,,水土,,,,,,,,,,,,,,,,,,,火,,,,,,,,,,,,,,,,金,,,,,,,,,,,,,,,,,金,,,,
東淀川区,大桐,5丁目,19番,上記以外,,,,,,,,水土,,,,,,,,,,,,,,,,,,,,,火,,,,,,,,,,,,,,,,金,,,,,,,,,,,,,,,,,,金,,,
東淀川区,大道南,1丁目,1番,,,,,,,,,水土,,,,,,,,,,,,,,,,,,,,,,火,,,,,,,,,,,,,,,,金,,,,,,,,,,,,,,,,水,,,,
東淀川区,大道南,1丁目,2番,,,,,,,,,水土,,,,,,,,,,,,,,,,,,,,,,火,,,,,,,,,,,,,,,,金,,,,,,,,,,,,,,,,水,,,,
東淀川区,大道南,1丁目,3番,,,,,,,,,水土,,,,,,,,,,,,,,,,,,,,,,火,,,,,,,,,,,,,,,,金,,,,,,,,,,,,,,,,水,,,,
東淀川区,大道南,1丁目,4番,,,,,,,,,水土,,,,,,,,,,,,,,,,,,,,,,火,,,,,,,,,,,,,,,,金,,,,,,,,,,,,,,,,水,,,,
東淀川区,大道南,1丁目,5番,,,,,,,,,水土,,,,,,,,,,,,,,,,,,,,,,火,,,,,,,,,,,,,,,,金,,,,,,,,,,,,,,,,水,,,,
東淀川区,大道南,1丁目,6番,,,,,,,,,水土,,,,,,,,,,,,,,,,,,,,,,火,,,,,,,,,,,,,,,,金,,,,,,,,,,,,,,,,水,,,,
東淀川区,大道南,1丁目,7番,,,,,,,,,水土,,,,,,,,,,,,,,,,,,,,,,火,,,,,,,,,,,,,,,,金,,,,,,,,,,,,,,,,水,,,,
東淀川区,大道南,1丁目,8番,,,,,,,,,水土,,,,,,,,,,,,,,,,,,,,,,火,,,,,,,,,,,,,,,,金,,,,,,,,,,,,,,,,水,,,,
東淀川区,大道南,1丁目,9番,,,,,,,,,水土,,,,,,,,,,,,,,,,,,,,,,火,,,,,,,,,,,,,,,,金,,,,,,,,,,,,,,,,水,,,,
東淀川区,大道南,1丁目,10番,,,,,,,,,水土,,,,,,,,,,,,,,,,,,,,,,火,,,,,,,,,,,,,,,,金,,,,,,,,,,,,,,,,水,,,,
東淀川区,大道南,1丁目,11番,,,,,,,,,水土,,,,,,,,,,,,,,,,,,,,,,火,,,,,,,,,,,,,,,,金,,,,,,,,,,,,,,,,水,,,,
東淀川区,大道南,1丁目,12番,,,,,,,,,水土,,,,,,,,,,,,,,,,,,,,,,火,,,,,,,,,,,,,,,,金,,,,,,,,,,,,,,,,水,,,,
東淀川区,大道南,1丁目,13番,,,,,,,,,水土,,,,,,,,,,,,,,,,,,,,,,火,,,,,,,,,,,,,,,,金,,,,,,,,,,,,,,,,水,,,,
東淀川区,大道南,1丁目,14番,,,,,,,,,水土,,,,,,,,,,,,,,,,,,,,,,火,,,,,,,,,,,,,,,,金,,,,,,,,,,,,,,,,水,,,,
東淀川区,大道南,1丁目,15番,,,,,,,,,水土,,,,,,,,,,,,,,,,,,,,,,火,,,,,,,,,,,,,,,,金,,,,,,,,,,,,,,,,水,,,,
東淀川区,大道南,1丁目,16番,,,,,,,,,水土,,,,,,,,,,,,,,,,,,,,,,火,,,,,,,,,,,,,,,,金,,,,,,,,,,,,,,,,水,,,,
東淀川区,大道南,1丁目,17番,,,,,,,,,水土,,,,,,,,,,,,,,,,,,,,,,火,,,,,,,,,,,,,,,,金,,,,,,,,,,,,,,,,水,,,,
東淀川区,大道南,1丁目,18番,,,,,,,,,水土,,,,,,,,,,,,,,,,,,,,,,火,,,,,,,,,,,,,,,,金,,,,,,,,,,,,,,,,水,,,,
東淀川区,大道南,1丁目,19番,,,,,,,,,水土,,,,,,,,,,,,,,,,,,,,,,火,,,,,,,,,,,,,,,,金,,,,,,,,,,,,,,,,水,,,,
東淀川区,大道南,1丁目,20番,,,,,,,,,水土,,,,,,,,,,,,,,,,,,,,,,火,,,,,,,,,,,,,,,,金,,,,,,,,,,,,,,,,水,,,,
東淀川区,大道南,1丁目,21番,,,,,,,,,水土,,,,,,,,,,,,,,,,,,,,,,火,,,,,,,,,,,,,,,,金,,,,,,,,,,,,,,,,水,,,,
東淀川区,大道南,1丁目,22番,,,,,,,,,水土,,,,,,,,,,,,,,,,,,,,,,火,,,,,,,,,,,,,,,,金,,,,,,,,,,,,,,,,水,,,,
東淀川区,大道南,1丁目,23番,,,,,,,,,水土,,,,,,,,,,,,,,,,,,,,,,火,,,,,,,,,,,,,,,,金,,,,,,,,,,,,,,,,水,,,,
東淀川区,大道南,1丁目,24番,,,,,,,,,水土,,,,,,,,,,,,,,,,,,,,,,火,,,,,,,,,,,,,,,,金,,,,,,,,,,,,,,,,水,,,,
東淀川区,大道南,1丁目,25番,軽四輪車(小さい車)で収集している地域,,,,,,,,,,水土,,,,,,,,,,,,,,,,,,,,火,,,,,,,,,,,,,,,,金,,,,,,,,,,,,,,,,水,,,,
東淀川区,大道南,1丁目,25番,上記以外,,,,,水土,,,,,,,,,,,,,,,,,,,,,,,,,火,,,,,,,,,,,,,,,,金,,,,,,,,,,,,,,,,水,,,,
東淀川区,大道南,1丁目,26番,,,,,,水土,,,,,,,,,,,,,,,,,,,,,,,,,火,,,,,,,,,,,,,,,,金,,,,,,,,,,,,,,,,水,,,,
東淀川区,大道南,1丁目,27番,,,,,,水土,,,,,,,,,,,,,,,,,,,,,,,,,火,,,,,,,,,,,,,,,,金,,,,,,,,,,,,,,,,水,,,,
東淀川区,大道南,1丁目,28番,,,,,,水土,,,,,,,,,,,,,,,,,,,,,,,,,火,,,,,,,,,,,,,,,,金,,,,,,,,,,,,,,,,水,,,,
東淀川区,大道南,1丁目,29番,,,,,,水土,,,,,,,,,,,,,,,,,,,,,,,,,火,,,,,,,,,,,,,,,,金,,,,,,,,,,,,,,,,水,,,,
東淀川区,大道南,1丁目,30番,,,,,,水土,,,,,,,,,,,,,,,,,,,,,,,,,火,,,,,,,,,,,,,,,,金,,,,,,,,,,,,,,,,水,,,,
東淀川区,大道南,1丁目,31番,,,,,,水土,,,,,,,,,,,,,,,,,,,,,,,,,火,,,,,,,,,,,,,,,,金,,,,,,,,,,,,,,,,水,,,,
東淀川区,大道南,1丁目,32番,,,,,,水土,,,,,,,,,,,,,,,,,,,,,,,,,火,,,,,,,,,,,,,,,,金,,,,,,,,,,,,,,,,水,,,,
東淀川区,大道南,2丁目,1番,,,,,,水土,,,,,,,,,,,,,,,,,,,,,,,,,,火,,,,,,,,,,,,,,,金,,,,,,,,,,,,,,,,水,,,,
東淀川区,大道南,2丁目,2番,,,,,,水土,,,,,,,,,,,,,,,,,,,,,,,,,,火,,,,,,,,,,,,,,,,金,,,,,,,,,,,,,,,水,,,,
東淀川区,大道南,2丁目,3番,,,,,,水土,,,,,,,,,,,,,,,,,,,,,,,,,,火,,,,,,,,,,,,,,,,金,,,,,,,,,,,,,,,水,,,,
東淀川区,大道南,2丁目,4番,,,,,,水土,,,,,,,,,,,,,,,,,,,,,,,,,,火,,,,,,,,,,,,,,,,金,,,,,,,,,,,,,,,水,,,,
東淀川区,大道南,2丁目,5番,,,,,,水土,,,,,,,,,,,,,,,,,,,,,,,,,,火,,,,,,,,,,,,,,,,金,,,,,,,,,,,,,,,水,,,,
東淀川区,大道南,2丁目,6番,,,,,,水土,,,,,,,,,,,,,,,,,,,,,,,,,,火,,,,,,,,,,,,,,,,金,,,,,,,,,,,,,,,水,,,,
東淀川区,大道南,2丁目,7番,,,,,,水土,,,,,,,,,,,,,,,,,,,,,,,,,,火,,,,,,,,,,,,,,,,金,,,,,,,,,,,,,,,水,,,,
東淀川区,大道南,2丁目,8番,,,,,,水土,,,,,,,,,,,,,,,,,,,,,,,,,,火,,,,,,,,,,,,,,,,金,,,,,,,,,,,,,,,水,,,,
東淀川区,大道南,2丁目,9番,,,,,,,,,水土,,,,,,,,,,,,,,,,,,,,,,,火,,,,,,,,,,,,,,,,金,,,,,,,,,,,,,,,水,,,,
東淀川区,大道南,2丁目,10番,,,,,,水土,,,,,,,,,,,,,,,,,,,,,,,,,,火,,,,,,,,,,,,,,,,金,,,,,,,,,,,,,,,水,,,,
東淀川区,大道南,2丁目,11番,,,,,,水土,,,,,,,,,,,,,,,,,,,,,,,,,,火,,,,,,,,,,,,,,,,金,,,,,,,,,,,,,,,水,,,,
東淀川区,大道南,2丁目,12番,,,,,,水土,,,,,,,,,,,,,,,,,,,,,,,,,,火,,,,,,,,,,,,,,,,金,,,,,,,,,,,,,,,水,,,,
東淀川区,大道南,2丁目,13番,,,,,,水土,,,,,,,,,,,,,,,,,,,,,,,,,,火,,,,,,,,,,,,,,,,金,,,,,,,,,,,,,,,水,,,,
東淀川区,大道南,2丁目,14番,,,,,,水土,,,,,,,,,,,,,,,,,,,,,,,,,,火,,,,,,,,,,,,,,,,金,,,,,,,,,,,,,,,水,,,,
東淀川区,大道南,2丁目,15番,,,,,,水土,,,,,,,,,,,,,,,,,,,,,,,,,,火,,,,,,,,,,,,,,,,金,,,,,,,,,,,,,,,水,,,,
東淀川区,大道南,2丁目,16番,,,,,,水土,,,,,,,,,,,,,,,,,,,,,,,,,,火,,,,,,,,,,,,,,,,金,,,,,,,,,,,,,,,水,,,,
東淀川区,大道南,2丁目,17番,,,,,,水土,,,,,,,,,,,,,,,,,,,,,,,,,,火,,,,,,,,,,,,,,,,金,,,,,,,,,,,,,,,水,,,,
東淀川区,大道南,2丁目,18番,,,,,,水土,,,,,,,,,,,,,,,,,,,,,,,,,,火,,,,,,,,,,,,,,,,金,,,,,,,,,,,,,,,水,,,,
東淀川区,大道南,2丁目,19番,,,,,,水土,,,,,,,,,,,,,,,,,,,,,,,,,,火,,,,,,,,,,,,,,,,金,,,,,,,,,,,,,,,水,,,,
東淀川区,大道南,2丁目,20番,,,,,,水土,,,,,,,,,,,,,,,,,,,,,,,,,,火,,,,,,,,,,,,,,,,金,,,,,,,,,,,,,,,水,,,,
東淀川区,大道南,2丁目,21番,,,,,,水土,,,,,,,,,,,,,,,,,,,,,,,,,,火,,,,,,,,,,,,,,,,金,,,,,,,,,,,,,,,水,,,,
東淀川区,大道南,2丁目,22番,,,,,,水土,,,,,,,,,,,,,,,,,,,,,,,,,,火,,,,,,,,,,,,,,,,金,,,,,,,,,,,,,,,水,,,,
東淀川区,大道南,2丁目,23番,,,,,,水土,,,,,,,,,,,,,,,,,,,,,,,,,,火,,,,,,,,,,,,,,,,金,,,,,,,,,,,,,,,水,,,,
東淀川区,大道南,2丁目,24番,,,,,,水土,,,,,,,,,,,,,,,,,,,,,,,,,,火,,,,,,,,,,,,,,,,金,,,,,,,,,,,,,,,水,,,,
東淀川区,大道南,2丁目,25番,,,,,,水土,,,,,,,,,,,,,,,,,,,,,,,,,,火,,,,,,,,,,,,,,,,金,,,,,,,,,,,,,,,水,,,,
東淀川区,大道南,3丁目,1番,,,,,,,,,水土,,,,,,,,,,,,,,,,,,,,,,,火,,,,,,,,,,,,,,,,金,,,,,,,,,,,,,,,水,,,,
東淀川区,大道南,3丁目,2番,,,,,,,,,水土,,,,,,,,,,,,,,,,,,,,,,火,,,,,,,,,,,,,,,,金,,,,,,,,,,,,,,,,水,,,,
東淀川区,大道南,3丁目,3番,,,,,,,,,水土,,,,,,,,,,,,,,,,,,,,,,火,,,,,,,,,,,,,,,,金,,,,,,,,,,,,,,,,水,,,,
東淀川区,大道南,3丁目,4番,軽四輪車(小さい車)で収集している地域,,,,,,,,,,水土,,,,,,,,,,,,,,,,,,,,火,,,,,,,,,,,,,,,,金,,,,,,,,,,,,,,,,水,,,,
東淀川区,大道南,3丁目,4番,上記以外,,,,,,,,水土,,,,,,,,,,,,,,,,,,,,,,火,,,,,,,,,,,,,,,,金,,,,,,,,,,,,,,,,水,,,,
東淀川区,大道南,3丁目,5番,軽四輪車(小さい車)で収集している地域,,,,,,,,,,水土,,,,,,,,,,,,,,,,,,,,火,,,,,,,,,,,,,,,,金,,,,,,,,,,,,,,,,水,,,,
東淀川区,大道南,3丁目,5番,上記以外,,,,,,,,水土,,,,,,,,,,,,,,,,,,,,,,火,,,,,,,,,,,,,,,,金,,,,,,,,,,,,,,,,水,,,,
東淀川区,大道南,3丁目,6番,軽四輪車(小さい車)で収集している地域,,,,,,,,,,水土,,,,,,,,,,,,,,,,,,,,火,,,,,,,,,,,,,,,,金,,,,,,,,,,,,,,,,水,,,,
東淀川区,大道南,3丁目,6番,上記以外,,,,,,,,水土,,,,,,,,,,,,,,,,,,,,,,火,,,,,,,,,,,,,,,,金,,,,,,,,,,,,,,,,水,,,,
東淀川区,大道南,3丁目,7番,軽四輪車(小さい車)で収集している地域,,,,,,,,,,水土,,,,,,,,,,,,,,,,,,,,火,,,,,,,,,,,,,,,,金,,,,,,,,,,,,,,,,水,,,,
東淀川区,大道南,3丁目,7番,上記以外,,,,,,,,水土,,,,,,,,,,,,,,,,,,,,,,火,,,,,,,,,,,,,,,,金,,,,,,,,,,,,,,,,水,,,,
東淀川区,大道南,3丁目,8番,,,,,,,,,水土,,,,,,,,,,,,,,,,,,,,,,火,,,,,,,,,,,,,,,,金,,,,,,,,,,,,,,,,水,,,,
東淀川区,大道南,3丁目,9番,軽四輪車(小さい車)で収集している地域,,,,,,,,,,水土,,,,,,,,,,,,,,,,,,,,火,,,,,,,,,,,,,,,,金,,,,,,,,,,,,,,,,水,,,,
東淀川区,大道南,3丁目,9番,上記以外,,,,,,,,水土,,,,,,,,,,,,,,,,,,,,,,火,,,,,,,,,,,,,,,,金,,,,,,,,,,,,,,,,水,,,,
東淀川区,大道南,3丁目,10番,軽四輪車(小さい車)で収集している地域,,,,,,,,,,水土,,,,,,,,,,,,,,,,,,,,火,,,,,,,,,,,,,,,,金,,,,,,,,,,,,,,,,水,,,,
東淀川区,大道南,3丁目,10番,上記以外,,,,,,,,水土,,,,,,,,,,,,,,,,,,,,,,火,,,,,,,,,,,,,,,,金,,,,,,,,,,,,,,,,水,,,,
東淀川区,大道南,3丁目,11番,軽四輪車(小さい車)で収集している地域,,,,,,,,,,水土,,,,,,,,,,,,,,,,,,,,火,,,,,,,,,,,,,,,,金,,,,,,,,,,,,,,,,水,,,,
東淀川区,大道南,3丁目,11番,上記以外,,,,,,,,水土,,,,,,,,,,,,,,,,,,,,,,火,,,,,,,,,,,,,,,,金,,,,,,,,,,,,,,,,水,,,,
東淀川区,大道南,3丁目,12番,,,,,,,,,水土,,,,,,,,,,,,,,,,,,,,,,火,,,,,,,,,,,,,,,,金,,,,,,,,,,,,,,,,水,,,,
東淀川区,大道南,3丁目,13番,,,,,,,,,水土,,,,,,,,,,,,,,,,,,,,,,火,,,,,,,,,,,,,,,,金,,,,,,,,,,,,,,,,水,,,,
東淀川区,大道南,3丁目,14番,,,,,,,,,水土,,,,,,,,,,,,,,,,,,,,,,火,,,,,,,,,,,,,,,,金,,,,,,,,,,,,,,,,水,,,,
東淀川区,大道南,3丁目,15番,,,,,,,,,水土,,,,,,,,,,,,,,,,,,,,,,火,,,,,,,,,,,,,,,,金,,,,,,,,,,,,,,,,水,,,,
東淀川区,豊里,1丁目,1番,,,,,,,,,,,,,,,,,,水土,,,,,,,火,,,,,,,,,,,,,,,,金,,,,,,,,,,,,,,水,,,,,,,,,,,,
東淀川区,豊里,1丁目,2番,,,,,,,,,,,,,,,,,,水土,,,,,,,火,,,,,,,,,,,,,,,,金,,,,,,,,,,,,,,水,,,,,,,,,,,,
東淀川区,豊里,1丁目,3番,,,,,,,,,,,,,,,,,,水土,,,,,,,火,,,,,,,,,,,,,,,,金,,,,,,,,,,,,,,水,,,,,,,,,,,,
東淀川区,豊里,1丁目,4番,,,,,,,,,,,,,,,,,,水土,,,,,,,火,,,,,,,,,,,,,,,,金,,,,,,,,,,,,,,水,,,,,,,,,,,,
東淀川区,豊里,1丁目,5番,,,,,,,,,,,,,,,,,,水土,,,,,,,火,,,,,,,,,,,,,,,,金,,,,,,,,,,,,,,水,,,,,,,,,,,,
東淀川区,豊里,1丁目,6番,,,,,,,,,,,,,,,,,,水土,,,,,,,火,,,,,,,,,,,,,,,,金,,,,,,,,,,,,,,水,,,,,,,,,,,,
東淀川区,豊里,1丁目,7番,,,,,,,,,,,,,,,,,,水土,,,,,,,火,,,,,,,,,,,,,,,,金,,,,,,,,,,,,,,水,,,,,,,,,,,,
東淀川区,豊里,1丁目,8番,,,,,,,,,,,,,,,,,,水土,,,,,,,火,,,,,,,,,,,,,,,,金,,,,,,,,,,,,,,水,,,,,,,,,,,,
東淀川区,豊里,1丁目,9番,,,,,,,,,,,,,,,,,,水土,,,,,,,火,,,,,,,,,,,,,,,,金,,,,,,,,,,,,,,水,,,,,,,,,,,,
東淀川区,豊里,1丁目,10番,,,,,,,,,,,,,,,,,,水土,,,,,,,火,,,,,,,,,,,,,,,,金,,,,,,,,,,,,,,水,,,,,,,,,,,,
東淀川区,豊里,1丁目,11番,,,,,,,,,,,,,,,,,,水土,,,,,,,火,,,,,,,,,,,,,,,,金,,,,,,,,,,,,,,水,,,,,,,,,,,,
東淀川区,豊里,2丁目,1番,,,,,,,,,,,,,,,,,,水土,,,,,,,火,,,,,,,,,,,,,,,,金,,,,,,,,,,,,,,,,,,,,,,,,,,
東淀川区,豊里,2丁目,2番,,,,,,,,,,,,,,,,,,水土,,,,,,,火,,,,,,,,,,,,,,,,金,,,,,,,,,,,,,,,,,,,,,,,,,,
東淀川区,豊里,2丁目,3番,,,,,,,,,,,,,,,,,,水土,,,,,,,火,,,,,,,,,,,,,,,,金,,,,,,,,,,,,,,,,,,,,,,,,,,
東淀川区,豊里,2丁目,4番,,,,,,,,,,,,,,,,,,水土,,,,,,,火,,,,,,,,,,,,,,,,金,,,,,,,,,,,,,,,,,,,,,,,,,,
東淀川区,豊里,2丁目,5番,,,,,,,,,,,,,,,,,,水土,,,,,,,火,,,,,,,,,,,,,,,,金,,,,,,,,,,,,,,水,,,,,,,,,,,,
東淀川区,豊里,2丁目,6番,6~13号,,,,,,,,,,,,,,,水土,,,,,,,,,火,,,,,,,,,,,,,,,,金,,,,,,,,,,,,,,水,,,,,,,,,,,,
東淀川区,豊里,2丁目,6番,上記以外,,,,,,,,,,,,,,,,,水土,,,,,,,火,,,,,,,,,,,,,,,,金,,,,,,,,,,,,,,水,,,,,,,,,,,,
東淀川区,豊里,2丁目,7番,20~30号,,,,,,,,,,,,,,,水土,,,,,,,,,火,,,,,,,,,,,,,,,,金,,,,,,,,,,,,,,水,,,,,,,,,,,,
東淀川区,豊里,2丁目,7番,上記以外,,,,,,,,,,,,,,,,,水土,,,,,,,火,,,,,,,,,,,,,,,,金,,,,,,,,,,,,,,水,,,,,,,,,,,,
東淀川区,豊里,2丁目,8番,,,,,,,,,,,,,,,,,,水土,,,,,,,火,,,,,,,,,,,,,,,,金,,,,,,,,,,,,,,水,,,,,,,,,,,,
東淀川区,豊里,2丁目,9番,,,,,,,,,,,,,,,,,,水土,,,,,,,火,,,,,,,,,,,,,,,,金,,,,,,,,,,,,,,水,,,,,,,,,,,,
東淀川区,豊里,2丁目,10番,,,,,,,,,,,,,,,,,,水土,,,,,,,火,,,,,,,,,,,,,,,,金,,,,,,,,,,,,,,水,,,,,,,,,,,,
東淀川区,豊里,2丁目,11番,,,,,,,,,,,,,,,,,,水土,,,,,,,火,,,,,,,,,,,,,,,,金,,,,,,,,,,,,,,水,,,,,,,,,,,,
東淀川区,豊里,2丁目,12番,,,,,,,,,,,,,,,,,,水土,,,,,,,火,,,,,,,,,,,,,,,,金,,,,,,,,,,,,,,水,,,,,,,,,,,,
東淀川区,豊里,2丁目,13番,,,,,,,,,,,,,,,,,,水土,,,,,,,火,,,,,,,,,,,,,,,,金,,,,,,,,,,,,,,水,,,,,,,,,,,,
東淀川区,豊里,2丁目,14番,,,,,,,,,,,,,,,,,,水土,,,,,,,火,,,,,,,,,,,,,,,,金,,,,,,,,,,,,,,水,,,,,,,,,,,,
東淀川区,豊里,2丁目,15番,,,,,,,,,,,,,,,,,,水土,,,,,,,火,,,,,,,,,,,,,,,,金,,,,,,,,,,,,,,水,,,,,,,,,,,,
東淀川区,豊里,2丁目,16番,,,,,,,,,,,,,,,,,,水土,,,,,,,火,,,,,,,,,,,,,,,,金,,,,,,,,,,,,,,水,,,,,,,,,,,,
東淀川区,豊里,2丁目,17番,,,,,,,,,,,,,,,,,,水土,,,,,,,火,,,,,,,,,,,,,,,,金,,,,,,,,,,,,,,水,,,,,,,,,,,,
東淀川区,豊里,2丁目,18番,,,,,,,,,,,,,,,,,,水土,,,,,,,火,,,,,,,,,,,,,,,,金,,,,,,,,,,,,,,水,,,,,,,,,,,,
東淀川区,豊里,2丁目,19番,,,,,,,,,,,,,,,,,,水土,,,,,,,火,,,,,,,,,,,,,,,,金,,,,,,,,,,,,,,水,,,,,,,,,,,,
東淀川区,豊里,2丁目,20番,,,,,,,,,,,,,,,,,,水土,,,,,,,火,,,,,,,,,,,,,,,,金,,,,,,,,,,,,,,水,,,,,,,,,,,,
東淀川区,豊里,2丁目,21番,,,,,,,,,,,,,,,,,,水土,,,,,,,火,,,,,,,,,,,,,,,,金,,,,,,,,,,,,,,水,,,,,,,,,,,,
東淀川区,豊里,2丁目,22番,ロイヤルアーク上新庄,,,,,,,,,,,,,,,水土,,,,,,,,,火,,,,,,,,,,,,,,,,金,,,,,,,,,,,,,,水,,,,,,,,,,,,
東淀川区,豊里,2丁目,22番,上記以外,,,,,,,,,,,,,,,,,水土,,,,,,,火,,,,,,,,,,,,,,,,金,,,,,,,,,,,,,,水,,,,,,,,,,,,
東淀川区,豊里,2丁目,23番,,,,,,,,,,,,,,,,,,水土,,,,,,,火,,,,,,,,,,,,,,,,金,,,,,,,,,,,,,,水,,,,,,,,,,,,
東淀川区,豊里,2丁目,24番,,,,,,,,,,,,,,,,,,水土,,,,,,,火,,,,,,,,,,,,,,,,金,,,,,,,,,,,,,,水,,,,,,,,,,,,
東淀川区,豊里,2丁目,25番,,,,,,,,,,,,,,,,,,水土,,,,,,,火,,,,,,,,,,,,,,,,金,,,,,,,,,,,,,,水,,,,,,,,,,,,
東淀川区,豊里,3丁目,1番,,,,,,,,,,,,,,,,,,水土,,,,,,,,,,,火,,,,,,,,,,,,,,,,金,,,,,,,,,,,,,,,,,,,,,,
東淀川区,豊里,3丁目,2番,,,,,,,,,,,,,,,,,,水土,,,,,,,,,,,火,,,,,,,,,,,,,,,,金,,,,,,,,,,,,,,,,,,,,,,
東淀川区,豊里,3丁目,3番,,,,,,,,,,,,,,,,,,水土,,,,,,,,,,,火,,,,,,,,,,,,,,,,金,,,,,,,,,,,,,,,,,,,,,,
東淀川区,豊里,3丁目,4番,,,,,,,,,,,,,,,,,,水土,,,,,,,,,,,火,,,,,,,,,,,,,,,,金,,,,,,,,,,,,,,,,,,,,,,
東淀川区,豊里,3丁目,5番,,,,,,,,,,,,,,,,,,水土,,,,,,,,,,,火,,,,,,,,,,,,,,,,金,,,,,,,,,,,,,,,,,,,,,,
東淀川区,豊里,3丁目,6番,,,,,,,,,,,,,,,,,,水土,,,,,,,,,,,火,,,,,,,,,,,,,,,,金,,,,,,,,,,,,,,,,,,,,,,
東淀川区,豊里,3丁目,7番,,,,,,,,,,,,,,,,,,水土,,,,,,,,,,,火,,,,,,,,,,,,,,,,金,,,,,,,,,,,,,,,,,,,,,,
東淀川区,豊里,3丁目,8番,,,,,,,,,,,,,,,,,,水土,,,,,,,,,,,火,,,,,,,,,,,,,,,,金,,,,,,,,,,,,,,,,,,,,,,
東淀川区,豊里,3丁目,9番,,,,,,,,,,,,,,,,,,水土,,,,,,,,,,,火,,,,,,,,,,,,,,,,金,,,,,,,,,,,,,,,,,,,,,,
東淀川区,豊里,3丁目,10番,,,,,,,,,,,,,,,,,,水土,,,,,,,,,,,火,,,,,,,,,,,,,,,,金,,,,,,,,,,,,,,,,,,,,,,
東淀川区,豊里,3丁目,11番,,,,,,,,,,,,,,,,,,水土,,,,,,,,,,,火,,,,,,,,,,,,,,,,金,,,,,,,,,,,,,,,,,,,,,,
東淀川区,豊里,3丁目,12番,,,,,,,,,,,,,,,,,,水土,,,,,,,,,,,火,,,,,,,,,,,,,,,,金,,,,,,,,,,,,,,,,,,,,,,
東淀川区,豊里,3丁目,13番,,,,,,,,,,,,,,,,,,水土,,,,,,,,,,,火,,,,,,,,,,,,,,,,金,,,,,,,,,,,,,,,,,,,,,,
東淀川区,豊里,3丁目,14番,,,,,,,,,,,,,,,,,,水土,,,,,,,,,,,火,,,,,,,,,,,,,,,,金,,,,,,,,,,,,,,,,,,,,,,
東淀川区,豊里,3丁目,15番,,,,,,,,,,,,,,,,,,水土,,,,,,,,,,,火,,,,,,,,,,,,,,,,金,,,,,,,,,,,,,,,,,,,,,,
東淀川区,豊里,3丁目,16番,,,,,,,,,,,,,,,,,,水土,,,,,,,,,,,火,,,,,,,,,,,,,,,,金,,,,,,,,,,,,,,,,,,,,,,
東淀川区,豊里,4丁目,1番,8･24~27号,,,,,,,,,,,,,,,水土,,,,,,,,,,,,,火,,,,,,,,,,,,,,,,金,,,,,,,,,,,,,,,,,,,,,,
東淀川区,豊里,4丁目,1番,上記以外,,,,,,,,,,,,,,,,,水土,,,,,,,,,,,火,,,,,,,,,,,,,,,,金,,,,,,,,,,,,,,,,,,,,,,
東淀川区,豊里,4丁目,2番,,,,,,,,,,,,,,,,,,水土,,,,,,,,,,,火,,,,,,,,,,,,,,,,金,,,,,,,,,,,,,,,,,,,,,,
東淀川区,豊里,4丁目,3番,1･19~25号,,,,,,,,,,,,,,,水土,,,,,,,,,,,,,火,,,,,,,,,,,,,,,,金,,,,,,,,,,,,,,,,,,,,,,
東淀川区,豊里,4丁目,3番,上記以外,,,,,,,,,,,,,,,,,水土,,,,,,,,,,,火,,,,,,,,,,,,,,,,金,,,,,,,,,,,,,,,,,,,,,,
東淀川区,豊里,4丁目,4番,,,,,,,,,,,,,,,,,,水土,,,,,,,,,,,火,,,,,,,,,,,,,,,,金,,,,,,,,,,,,,,,,,,,,,,
東淀川区,豊里,4丁目,5番,,,,,,,,,,,,,,,,,,水土,,,,,,,,,,,火,,,,,,,,,,,,,,,,金,,,,,,,,,,,,,,,,,,,,,,
東淀川区,豊里,4丁目,6番,軽四輪車(小さい車)で収集している地域,,,,,,,,,,,,,,,,,水土,,,,,,,,,,,火,,,,,,,,,,,,,,,,金,,,,,,,,,,,水,,,,,,,,,,,
東淀川区,豊里,4丁目,6番,上記以外,,,,,,,,,,,,,,,,,水土,,,,,,,,,,,火,,,,,,,,,,,,,,,,金,,,,,,,,,,水,,,,,,,,,,,,
東淀川区,豊里,4丁目,7番,,,,,,,,,,,,,,,,,,水土,,,,,,,,,,,火,,,,,,,,,,,,,,,,金,,,,,,,,,,,水,,,,,,,,,,,
東淀川区,豊里,4丁目,8番,,,,,,,,,,,,,,,,,,水土,,,,,,,,,,,火,,,,,,,,,,,,,,,,金,,,,,,,,,,,,,,,,,,,,,,
東淀川区,豊里,4丁目,9番,,,,,,,,,,,,,,,,,,水土,,,,,,,,,,,火,,,,,,,,,,,,,,,,金,,,,,,,,,,,,,,,,,,,,,,
東淀川区,豊里,4丁目,10番,,,,,,,,,,,,,,,,,,水土,,,,,,,,,,,火,,,,,,,,,,,,,,,,金,,,,,,,,,,,,,,,,,,,,,,
東淀川区,豊里,4丁目,11番,,,,,,,,,,,,,,,,,,水土,,,,,,,,,,,火,,,,,,,,,,,,,,,,金,,,,,,,,,,,,,,,,,,,,,,
東淀川区,豊里,4丁目,12番,,,,,,,,,,,,,,,,,,水土,,,,,,,,,,,火,,,,,,,,,,,,,,,,金,,,,,,,,,,,,,,,,,,,,,,
東淀川区,豊里,4丁目,13番,,,,,,,,,,,,,,,,,,水土,,,,,,,,,,,火,,,,,,,,,,,,,,,,金,,,,,,,,,,,,,,,,,,,,,,
東淀川区,豊里,4丁目,14番,,,,,,,,,,,,,,,,,,水土,,,,,,,,,,,火,,,,,,,,,,,,,,,,金,,,,,,,,,,,,,,,,,,,,,,
東淀川区,豊里,4丁目,15番,,,,,,,,,,,,,,,,,,水土,,,,,,,,,,,火,,,,,,,,,,,,,,,,金,,,,,,,,,,,,,,,,,,,,,,
東淀川区,豊里,4丁目,16番,,,,,,,,,,,,,,,,,,水土,,,,,,,,,,,火,,,,,,,,,,,,,,,,金,,,,,,,,,,,,,,,,,,,,,,
東淀川区,豊里,5丁目,1番,,,,,,,,,,,,,,,,,,水土,,,,,,,,,,,火,,,,,,,,,,,,,,,,金,,,,,,,,,,,,,,,,,,,,,,
東淀川区,豊里,5丁目,2番,,,,,,,,,,,,,,,,,,水土,,,,,,,,,,,火,,,,,,,,,,,,,,,,金,,,,,,,,,,,,,,,,,,,,,,
東淀川区,豊里,5丁目,3番,,,,,,,,,,,,,,,,,,水土,,,,,,,,,,,火,,,,,,,,,,,,,,,,金,,,,,,,,,,,,,,,,,,,,,,
東淀川区,豊里,5丁目,4番,,,,,,,,,,,,,,,,,,水土,,,,,,,,,,,火,,,,,,,,,,,,,,,,金,,,,,,,,,,,,,,,,,,,,,,
東淀川区,豊里,5丁目,5番,,,,,,,,,,,,,,,,,,水土,,,,,,,,,,,火,,,,,,,,,,,,,,,,金,,,,,,,,,,,,,,,,,,,,,,
東淀川区,豊里,5丁目,6番,,,,,,,,,,,,,,,,,,水土,,,,,,,,,,,火,,,,,,,,,,,,,,,,金,,,,,,,,,,,,,,,,,,,,,,
東淀川区,豊里,5丁目,7番,,,,,,,,,,,,,,,,,,水土,,,,,,,,,,,火,,,,,,,,,,,,,,,,金,,,,,,,,,,,,,,,,,,,,,,
東淀川区,豊里,5丁目,8番,,,,,,,,,,,,,,,,,,水土,,,,,,,,,,,火,,,,,,,,,,,,,,,,金,,,,,,,,,,,,,,,,,,,,,,
東淀川区,豊里,5丁目,9番,,,,,,,,,,,,,,,,,,水土,,,,,,,,,,,火,,,,,,,,,,,,,,,,金,,,,,,,,,,,,,,,,,,,,,,
東淀川区,豊里,5丁目,10番,,,,,,,,,,,,,,,,,,水土,,,,,,,,,,,火,,,,,,,,,,,,,,,,金,,,,,,,,,,,,,,,,,,,,,,
東淀川区,豊里,5丁目,11番,,,,,,,,,,,,,,,,,,水土,,,,,,,,,,,火,,,,,,,,,,,,,,,,金,,,,,,,,,,,,,,,,,,,,,,
東淀川区,豊里,5丁目,12番,,,,,,,,,,,,,,,,,,水土,,,,,,,,,,,火,,,,,,,,,,,,,,,,金,,,,,,,,,,,,,,,,,,,,,,
東淀川区,豊里,5丁目,13番,,,,,,,,,,,,,,,,,,水土,,,,,,,,,,,火,,,,,,,,,,,,,,,,金,,,,,,,,,,,,,,,,,,,,,,
東淀川区,豊里,5丁目,14番,,,,,,,,,,,,,,,,,,水土,,,,,,,,,,,火,,,,,,,,,,,,,,,,金,,,,,,,,,,,,,水,,,,,,,,,
東淀川区,豊里,5丁目,15番,1･２号,,,,,,,,,,,,,,,水土,,,,,,,,,,,,,火,,,,,,,,,,,,,,,,金,,,,,,,,,,,,,,,,,,,,,,
東淀川区,豊里,5丁目,15番,上記以外,,,,,,,,,,,,,,,,,水土,,,,,,,,,,,火,,,,,,,,,,,,,,,,金,,,,,,,,,,,,,,,,,,,,,,
東淀川区,豊里,5丁目,16番,,,,,,,,,,,,,,,,,,水土,,,,,,,,,,,火,,,,,,,,,,,,,,,,金,,,,,,,,,,,,,,,,,,,,,,
東淀川区,豊里,5丁目,17番,,,,,,,,,,,,,,,,,,水土,,,,,,,,,,,火,,,,,,,,,,,,,,,,金,,,,,,,,,,,,,,,,,,,,,,
東淀川区,豊里,5丁目,18番,,,,,,,,,,,,,,,,,,水土,,,,,,,,,,,火,,,,,,,,,,,,,,,,金,,,,,,,,,,,,,,,,,,,,,,
東淀川区,豊里,5丁目,19番,,,,,,,,,,,,,,,,,,水土,,,,,,,,,,,火,,,,,,,,,,,,,,,,金,,,,,,,,,,,,,,,,,,,,,,
東淀川区,豊里,5丁目,20番,,,,,,,,,,,,,,,,,,水土,,,,,,,,,,,火,,,,,,,,,,,,,,,,金,,,,,,,,,,,,,,,,,,,,,,
東淀川区,豊里,5丁目,21番,,,,,,,,,,,,,,,,,,水土,,,,,,,,,,,火,,,,,,,,,,,,,,,,金,,,,,,,,,,,,,,,,,,,,,,
東淀川区,豊里,5丁目,22番,,,,,,,,,,,,,,,,,,水土,,,,,,,,,,,火,,,,,,,,,,,,,,,,金,,,,,,,,,,,,,,,,,,,,,,
東淀川区,豊里,5丁目,23番,,,,,,,,,,,,,,,,,,水土,,,,,,,,,,,火,,,,,,,,,,,,,,,,金,,,,,,,,,,,,,,,,,,,,,,
東淀川区,豊里,5丁目,24番,,,,,,,,,,,,,,,,,,水土,,,,,,,,,,,火,,,,,,,,,,,,,,,,金,,,,,,,,,,,,,,,,,,,,,,
東淀川区,豊里,5丁目,25番,,,,,,,,,,,,,,,,,,水土,,,,,,,,,,,火,,,,,,,,,,,,,,,,金,,,,,,,,,,,,,,,,,,,,,,
東淀川区,豊里,5丁目,26番,,,,,,,,,,,,,,,,,,水土,,,,,,,,,,,火,,,,,,,,,,,,,,,,金,,,,,,,,,,,,,,,,,,,,,,
東淀川区,豊里,5丁目,27番,,,,,,,,,,,,,,,,,,水土,,,,,,,,,,,火,,,,,,,,,,,,,,,,金,,,,,,,,,,,,,,,,,,,,,,
東淀川区,豊里,5丁目,28番,,,,,,,,,,,,,,,,,,水土,,,,,,,,,,,火,,,,,,,,,,,,,,,,金,,,,,,,,,,,,,水,,,,,,,,,
東淀川区,豊里,6丁目,1番,11~24号,,,,,,,,,,,,,,,水土,,,,,,,,,,,,,火,,,,,,,,,,,,,,,,金,,,,,,,,,,水,,,,,,,,,,,,
東淀川区,豊里,6丁目,1番,上記以外,,,,,,,,,,,,,,,,,水土,,,,,,,,,,,火,,,,,,,,,,,,,,,,金,,,,,,,,,,,,水,,,,,,,,,,
東淀川区,豊里,6丁目,2番,,,,,,,,,,,,,,,,,,水土,,,,,,,,,,,火,,,,,,,,,,,,,,,,金,,,,,,,,,,水,,,,,,,,,,,,
東淀川区,豊里,6丁目,3番,,,,,,,,,,,,,,,,,,水土,,,,,,,,,,,火,,,,,,,,,,,,,,,,金,,,,,,,,,,,水,,,,,,,,,,,
東淀川区,豊里,6丁目,4番,,,,,,,,,,,,,,,,,,水土,,,,,,,,,,,火,,,,,,,,,,,,,,,,金,,,,,,,,,,,水,,,,,,,,,,,
東淀川区,豊里,6丁目,5番,,,,,,,,,,,,,,,,,,水土,,,,,,,,,,,火,,,,,,,,,,,,,,,,金,,,,,,,,,,,水,,,,,,,,,,,
東淀川区,豊里,6丁目,6番,,,,,,,,,,,,,,,,,,水土,,,,,,,,,,,火,,,,,,,,,,,,,,,,金,,,,,,,,,,,水,,,,,,,,,,,
東淀川区,豊里,6丁目,7番,,,,,,,,,,,,,,,,,,水土,,,,,,,,,,,火,,,,,,,,,,,,,,,,金,,,,,,,,,,,水,,,,,,,,,,,
東淀川区,豊里,6丁目,8番,,,,,,,,,,,,,,,,,,水土,,,,,,,,,,,火,,,,,,,,,,,,,,,,金,,,,,,,,,,水,,,,,,,,,,,,
東淀川区,豊里,6丁目,9番,,,,,,,,,,,,,,,,,,水土,,,,,,,,,,,火,,,,,,,,,,,,,,,,金,,,,,,,,,,,水,,,,,,,,,,,
東淀川区,豊里,6丁目,10番,,,,,,,,,,,,,,,,,,水土,,,,,,,,,,,火,,,,,,,,,,,,,,,,金,,,,,,,,,,,水,,,,,,,,,,,
東淀川区,豊里,6丁目,11番,,,,,,,,,,,,,,,,,,水土,,,,,,,,,,,火,,,,,,,,,,,,,,,,金,,,,,,,,,,,水,,,,,,,,,,,
東淀川区,豊里,6丁目,12番,,,,,,,,,,,,,,,,,,水土,,,,,,,,,,,火,,,,,,,,,,,,,,,,金,,,,,,,,,,,水,,,,,,,,,,,
東淀川区,豊里,6丁目,13番,,,,,,,,,,,,,,,,,,水土,,,,,,,,,,,火,,,,,,,,,,,,,,,,金,,,,,,,,,,水,,,,,,,,,,,,
東淀川区,豊里,6丁目,14番,1~11号,,,,,,,,,,,,,,,水土,,,,,,,,,,,,,火,,,,,,,,,,,,,,,,金,,,,,,,,,,水,,,,,,,,,,,,
東淀川区,豊里,6丁目,14番,上記以外,,,,,,,,,,,,,,,,,水土,,,,,,,,,,,火,,,,,,,,,,,,,,,,金,,,,,,,,,,,水,,,,,,,,,,,
東淀川区,豊里,6丁目,15番,,,,,,,,,,,,,,,,,,水土,,,,,,,,,,,火,,,,,,,,,,,,,,,,金,,,,,,,,,,水,,,,,,,,,,,,
東淀川区,豊里,6丁目,16番,,,,,,,,,,,,,,,,,,水土,,,,,,,,,,,火,,,,,,,,,,,,,,,,金,,,,,,,,,,水,,,,,,,,,,,,
東淀川区,豊里,6丁目,17番,,,,,,,,,,,,,,,,,,水土,,,,,,,,,,,火,,,,,,,,,,,,,,,,金,,,,,,,,,,水,,,,,,,,,,,,
東淀川区,豊里,6丁目,18番,,,,,,,,,,,,,,,,,,水土,,,,,,,,,,,火,,,,,,,,,,,,,,,,金,,,,,,,,,,水,,,,,,,,,,,,
東淀川区,豊里,6丁目,19番,,,,,,,,,,,,,,,,,,水土,,,,,,,,,,,火,,,,,,,,,,,,,,,,金,,,,,,,,,,水,,,,,,,,,,,,
東淀川区,豊里,6丁目,20番,軽四輪車(小さい車)で収集している地域,,,,,,,,,,,,,,,,,水土,,,,,,,,,,,火,,,,,,,,,,,,,,,,金,,,,,,,,,,水,,,,,,,,,,,,
東淀川区,豊里,6丁目,20番,上記以外,,,,,,,,,,,,,,,,,水土,,,,,,,,,,,火,,,,,,,,,,,,,,,,金,,,,,,,,,,水,,,,,,,,,,,,
東淀川区,豊里,6丁目,21番,,,,,,,,,,,,,,,,,,水土,,,,,,,,,,,火,,,,,,,,,,,,,,,,金,,,,,,,,,,,水,,,,,,,,,,,
東淀川区,豊里,6丁目,22番,,,,,,,,,,,,,,,,,,水土,,,,,,,,,,,火,,,,,,,,,,,,,,,,金,,,,,,,,,,,水,,,,,,,,,,,
東淀川区,豊里,6丁目,23番,,,,,,,,,,,,,,,,,,水土,,,,,,,,,,,火,,,,,,,,,,,,,,,,金,,,,,,,,,,,水,,,,,,,,,,,
東淀川区,豊里,6丁目,24番,,,,,,,,,,,,,,,,,,水土,,,,,,,,,,,火,,,,,,,,,,,,,,,,金,,,,,,,,,,,水,,,,,,,,,,,
東淀川区,豊里,6丁目,26番,,,,,,,,,,,,,,,,,,水土,,,,,,,,,,,火,,,,,,,,,,,,,,,,金,,,,,,,,,,,水,,,,,,,,,,,
東淀川区,豊里,6丁目,27番,,,,,,,,,,,,,,,,,,水土,,,,,,,,,,,火,,,,,,,,,,,,,,,,金,,,,,,,,,,,水,,,,,,,,,,,
東淀川区,豊里,6丁目,28番,,,,,,,,,,,,,,,,,,水土,,,,,,,,,,,火,,,,,,,,,,,,,,,,金,,,,,,,,,,,水,,,,,,,,,,,
東淀川区,豊里,6丁目,29番,,,,,,,,,,,,,,,,,,水土,,,,,,,,,,,火,,,,,,,,,,,,,,,,金,,,,,,,,,,,水,,,,,,,,,,,
東淀川区,豊里,7丁目,1番,,,,,,,,,,,,,,,,,,水土,,,,,,,,,,,火,,,,,,,,,,,,,,,,金,,,,,,,,,,,,,水,,,,,,,,,
東淀川区,豊里,7丁目,2番,,,,,,,,,,,,,,,,,,水土,,,,,,,,,,,火,,,,,,,,,,,,,,,,金,,,,,,,,,,,,,水,,,,,,,,,
東淀川区,豊里,7丁目,3番,,,,,,,,,,,,,,,,,,水土,,,,,,,,,,,火,,,,,,,,,,,,,,,,金,,,,,,,,,,,,,水,,,,,,,,,
東淀川区,豊里,7丁目,4番,,,,,,,,,,,,,,,,,,水土,,,,,,,,,,,火,,,,,,,,,,,,,,,,金,,,,,,,,,,,,,水,,,,,,,,,
東淀川区,豊里,7丁目,5番,,,,,,,,,,,,,,,,,,水土,,,,,,,,,,,火,,,,,,,,,,,,,,,,金,,,,,,,,,,,,,水,,,,,,,,,
東淀川区,豊里,7丁目,6番,,,,,,,,,,,,,,,,,,水土,,,,,,,,,,,火,,,,,,,,,,,,,,,,金,,,,,,,,,,,,,水,,,,,,,,,
東淀川区,豊里,7丁目,7番,,,,,,,,,,,,,,,,,,水土,,,,,,,,,,,火,,,,,,,,,,,,,,,,金,,,,,,,,,,,,,水,,,,,,,,,
東淀川区,豊里,7丁目,8番,,,,,,,,,,,,,,,,,,水土,,,,,,,,,,,火,,,,,,,,,,,,,,,,金,,,,,,,,,,,,,水,,,,,,,,,
東淀川区,豊里,7丁目,9番,,,,,,,,,,,,,,,,,,水土,,,,,,,,,,,火,,,,,,,,,,,,,,,,金,,,,,,,,,,,,,水,,,,,,,,,
東淀川区,豊里,7丁目,10番,,,,,,,,,,,,,,,,,,水土,,,,,,,,,,,火,,,,,,,,,,,,,,,,金,,,,,,,,,,,,,水,,,,,,,,,
東淀川区,豊里,7丁目,11番,,,,,,,,,,,,,,,,,,水土,,,,,,,,,,,火,,,,,,,,,,,,,,,,金,,,,,,,,,,,,,水,,,,,,,,,
東淀川区,豊里,7丁目,12番,,,,,,,,,,,,,,,,,,水土,,,,,,,,,,,火,,,,,,,,,,,,,,,,金,,,,,,,,,,,,,水,,,,,,,,,
東淀川区,豊里,7丁目,13番,,,,,,,,,,,,,,,,,,水土,,,,,,,,,,,火,,,,,,,,,,,,,,,,金,,,,,,,,,,,,,水,,,,,,,,,
東淀川区,豊里,7丁目,14番,,,,,,,,,,,,,,,,,,水土,,,,,,,,,,,火,,,,,,,,,,,,,,,,金,,,,,,,,,,,,,水,,,,,,,,,
東淀川区,豊里,7丁目,15番,,,,,,,,,,,,,,,,,,水土,,,,,,,,,,,火,,,,,,,,,,,,,,,,金,,,,,,,,,,,,,水,,,,,,,,,
東淀川区,豊里,7丁目,16番,,,,,,,,,,,,,,,,,,水土,,,,,,,,,,,火,,,,,,,,,,,,,,,,金,,,,,,,,,,,,,水,,,,,,,,,
東淀川区,豊里,7丁目,17番,,,,,,,,,,,,,,,,,,水土,,,,,,,,,,,火,,,,,,,,,,,,,,,,金,,,,,,,,,,,,,水,,,,,,,,,
東淀川区,豊里,7丁目,18番,,,,,,,,,,,,,,,,,,水土,,,,,,,,,,,火,,,,,,,,,,,,,,,,金,,,,,,,,,,,,水,,,,,,,,,,
東淀川区,豊里,7丁目,19番,,,,,,,,,,,,,,,,,,水土,,,,,,,,,,,火,,,,,,,,,,,,,,,,金,,,,,,,,,,,,水,,,,,,,,,,
東淀川区,豊里,7丁目,20番,,,,,,,,,,,,,,,,,,水土,,,,,,,,,,,火,,,,,,,,,,,,,,,,金,,,,,,,,,,,,,水,,,,,,,,,
東淀川区,豊里,7丁目,21番,,,,,,,,,,,,,,,,,,水土,,,,,,,,,,,火,,,,,,,,,,,,,,,,金,,,,,,,,,,,,水,,,,,,,,,,
東淀川区,豊里,7丁目,22番,,,,,,,,,,,,,,,,,,水土,,,,,,,,,,,火,,,,,,,,,,,,,,,,金,,,,,,,,,,,,水,,,,,,,,,,
東淀川区,豊里,7丁目,23番,,,,,,,,,,,,,,,,,,水土,,,,,,,,,,,火,,,,,,,,,,,,,,,,金,,,,,,,,,,,,水,,,,,,,,,,
東淀川区,豊里,7丁目,24番,,,,,,,,,,,,,,,,,,水土,,,,,,,,,,,火,,,,,,,,,,,,,,,,金,,,,,,,,,,,,水,,,,,,,,,,
東淀川区,豊里,7丁目,25番,,,,,,,,,,,,,,,,,,水土,,,,,,,,,,,火,,,,,,,,,,,,,,,,金,,,,,,,,,,,,,水,,,,,,,,,
東淀川区,豊里,7丁目,26番,,,,,,,,,,,,,,,,,,水土,,,,,,,,,,,火,,,,,,,,,,,,,,,,金,,,,,,,,,,,,水,,,,,,,,,,
東淀川区,豊里,7丁目,27番,,,,,,,,,,,,,,,,,,水土,,,,,,,,,,,火,,,,,,,,,,,,,,,,金,,,,,,,,,,,,,水,,,,,,,,,
東淀川区,豊里,7丁目,28番,,,,,,,,,,,,,,,,,,水土,,,,,,,,,,,火,,,,,,,,,,,,,,,,金,,,,,,,,,,,,水,,,,,,,,,,
東淀川区,豊里,7丁目,29番,,,,,,,,,,,,,,,,,,水土,,,,,,,,,,,火,,,,,,,,,,,,,,,,金,,,,,,,,,,,,水,,,,,,,,,,
東淀川区,豊里,7丁目,30番,,,,,,,,,,,,,,,,,,水土,,,,,,,,,,,火,,,,,,,,,,,,,,,,金,,,,,,,,,,,,水,,,,,,,,,,
東淀川区,豊里,7丁目,31番,,,,,,,,,,,,,,,,,,水土,,,,,,,,,,,火,,,,,,,,,,,,,,,,金,,,,,,,,,,,,水,,,,,,,,,,
東淀川区,豊里,7丁目,32番,,,,,,,,,,,,,,,,,,水土,,,,,,,,,,,火,,,,,,,,,,,,,,,,金,,,,,,,,,,,,水,,,,,,,,,,
東淀川区,豊里,7丁目,33番,,,,,,,,,,,,,,,,,,水土,,,,,,,,,,,火,,,,,,,,,,,,,,,,金,,,,,,,,,,,,水,,,,,,,,,,
東淀川区,豊里,7丁目,34番,,,,,,,,,,,,,,,,,,水土,,,,,,,,,,,火,,,,,,,,,,,,,,,,金,,,,,,,,,,,,,水,,,,,,,,,
東淀川区,西淡路,1丁目,1番,,,,,,,,,,,月木,,,,,,,,,,,,火,,,,,,,,,,,,,,,,金,,,,,,,,,,,,,,,,,火,,,,,,,,,,,
東淀川区,西淡路,1丁目,3番,,,,,,,,,,,月木,,,,,,,,,,,,火,,,,,,,,,,,,,,,,金,,,,,,,,,,,,,,,,,火,,,,,,,,,,,
東淀川区,西淡路,1丁目,4番,,,,,,,月木,,,,,,,,,,,,,,,,火,,,,,,,,,,,,,,,,金,,,,,,,,,,,,,,,,,火,,,,,,,,,,,
東淀川区,西淡路,1丁目,5番,,,,,,,月木,,,,,,,,,,,,,,,,火,,,,,,,,,,,,,,,,金,,,,,,,,,,,,,,,,,火,,,,,,,,,,,
東淀川区,西淡路,1丁目,6番,市営日之出北住宅２号館,,,,,,,,,,月木,,,,,,,,,,,,火,,,,,,,,,,,,,,,,金,,,,,,,,,,,,,,,,,火,,,,,,,,,,,
東淀川区,西淡路,1丁目,6番,上記以外,,,,,,月木,,,,,,,,,,,,,,,,火,,,,,,,,,,,,,,,,金,,,,,,,,,,,,,,,,,火,,,,,,,,,,,
東淀川区,西淡路,1丁目,7番,,,,,,,月木,,,,,,,,,,,,,,,,火,,,,,,,,,,,,,,,,金,,,,,,,,,,,,,,,,,火,,,,,,,,,,,
東淀川区,西淡路,1丁目,8番,,,,,,,,,,,月木,,,,,,,,,,,,火,,,,,,,,,,,,,,,,金,,,,,,,,,,,,,,,,,火,,,,,,,,,,,
東淀川区,西淡路,1丁目,9番,,,,,,,,,,,月木,,,,,,,,,,,,火,,,,,,,,,,,,,,,,金,,,,,,,,,,,,,,,,,火,,,,,,,,,,,
東淀川区,西淡路,1丁目,10番,,,,,,,,,,,月木,,,,,,,,,,,,火,,,,,,,,,,,,,,,,金,,,,,,,,,,,,,,,,,火,,,,,,,,,,,
東淀川区,西淡路,1丁目,11番,22~30号,,,,,,月木,,,,,,,,,,,,,,,,火,,,,,,,,,,,,,,,,金,,,,,,,,,,,,,,,,,火,,,,,,,,,,,
東淀川区,西淡路,1丁目,11番,上記以外,,,,,,,,,,月木,,,,,,,,,,,,火,,,,,,,,,,,,,,,,金,,,,,,,,,,,,,,,,,火,,,,,,,,,,,
東淀川区,西淡路,1丁目,12番,,,,,,,月木,,,,,,,,,,,,,,,,火,,,,,,,,,,,,,,,,金,,,,,,,,,,,,,,,,,火,,,,,,,,,,,
東淀川区,西淡路,1丁目,13番,,,,,,,月木,,,,,,,,,,,,,,,,火,,,,,,,,,,,,,,,,金,,,,,,,,,,,,,,,,,火,,,,,,,,,,,
東淀川区,西淡路,1丁目,14番,,,,,,,月木,,,,,,,,,,,,,,,,火,,,,,,,,,,,,,,,,金,,,,,,,,,,,,,,,,,火,,,,,,,,,,,
東淀川区,西淡路,1丁目,15番,,,,,,,月木,,,,,,,,,,,,,,,,火,,,,,,,,,,,,,,,,金,,,,,,,,,,,,,,,,,火,,,,,,,,,,,
東淀川区,西淡路,1丁目,16番,,,,,,,月木,,,,,,,,,,,,,,,,火,,,,,,,,,,,,,,,,金,,,,,,,,,,,,,,,,,火,,,,,,,,,,,
東淀川区,西淡路,1丁目,17番,,,,,,,月木,,,,,,,,,,,,,,,,火,,,,,,,,,,,,,,,,金,,,,,,,,,,,,,,,,,火,,,,,,,,,,,
東淀川区,西淡路,1丁目,18番,,,,,,,月木,,,,,,,,,,,,,,,,火,,,,,,,,,,,,,,,,金,,,,,,,,,,,,,,,,,火,,,,,,,,,,,
東淀川区,西淡路,2丁目,1番,,,,,,,,,,,月木,,,,,,,,,,,,火,,,,,,,,,,,,,,,,金,,,,,,,,,,,,,,,,火,,,,,,,,,,,,
東淀川区,西淡路,2丁目,2番,,,,,,,月木,,,,,,,,,,,,,,,,火,,,,,,,,,,,,,,,,金,,,,,,,,,,,,,,,,火,,,,,,,,,,,,
東淀川区,西淡路,2丁目,3番,20号,,,,,,月木,,,,,,,,,,,,,,,,火,,,,,,,,,,,,,,,,金,,,,,,,,,,,,,,,,火,,,,,,,,,,,,
東淀川区,西淡路,2丁目,3番,上記以外,,,,,,,,,,月木,,,,,,,,,,,,火,,,,,,,,,,,,,,,,金,,,,,,,,,,,,,,,,火,,,,,,,,,,,,
東淀川区,西淡路,2丁目,4番,,,,,,,月木,,,,,,,,,,,,,,,,火,,,,,,,,,,,,,,,,金,,,,,,,,,,,,,,,,火,,,,,,,,,,,,
東淀川区,西淡路,2丁目,5番,,,,,,,月木,,,,,,,,,,,,,,,,火,,,,,,,,,,,,,,,,金,,,,,,,,,,,,,,,,火,,,,,,,,,,,,
東淀川区,西淡路,2丁目,6番,,,,,,,,,,,月木,,,,,,,,,,,,火,,,,,,,,,,,,,,,,金,,,,,,,,,,,,,,,,火,,,,,,,,,,,,
東淀川区,西淡路,2丁目,7番,,,,,,,,,,,月木,,,,,,,,,,,,火,,,,,,,,,,,,,,,,金,,,,,,,,,,,,,,,,火,,,,,,,,,,,,
東淀川区,西淡路,2丁目,8番,,,,,,,,,,,月木,,,,,,,,,,,,火,,,,,,,,,,,,,,,,金,,,,,,,,,,,,,,,,火,,,,,,,,,,,,
東淀川区,西淡路,2丁目,9番,,,,,,,月木,,,,,,,,,,,,,,,,火,,,,,,,,,,,,,,,,金,,,,,,,,,,,,,,,,火,,,,,,,,,,,,
東淀川区,西淡路,2丁目,10番,,,,,,,月木,,,,,,,,,,,,,,,,火,,,,,,,,,,,,,,,,金,,,,,,,,,,,,,,,,火,,,,,,,,,,,,
東淀川区,西淡路,2丁目,11番,軽四輪車(小さい車)で収集している地域,,,,,,,,月木,,,,,,,,,,,,,,火,,,,,,,,,,,,,,,,金,,,,,,,,,,,,,,,,火,,,,,,,,,,,,
東淀川区,西淡路,2丁目,11番,26~31.33~38号 60号(持ち出し),,,,,,,,月木,,,,,,,,,,,,,,火,,,,,,,,,,,,,,,,金,,,,,,,,,,,,,,,,火,,,,,,,,,,,,
東淀川区,西淡路,2丁目,11番,上記以外,,,,,,月木,,,,,,,,,,,,,,,,火,,,,,,,,,,,,,,,,金,,,,,,,,,,,,,,,,,火,,,,,,,,,,,
東淀川区,西淡路,2丁目,12番,軽四輪車(小さい車)で収集している地域,,,,,,,,月木,,,,,,,,,,,,,,火,,,,,,,,,,,,,,,,金,,,,,,,,,,,,,,,,火,,,,,,,,,,,,
東淀川区,西淡路,2丁目,12番,3~6･9~11号,,,,,,,,月木,,,,,,,,,,,,,,火,,,,,,,,,,,,,,,,金,,,,,,,,,,,,,,,,火,,,,,,,,,,,,
東淀川区,西淡路,2丁目,12番,上記以外,,,,,,月木,,,,,,,,,,,,,,,,火,,,,,,,,,,,,,,,,金,,,,,,,,,,,,,,,,,火,,,,,,,,,,,
東淀川区,西淡路,2丁目,13番,軽四輪車(小さい車)で収集している地域,,,,,,,,月木,,,,,,,,,,,,,,火,,,,,,,,,,,,,,,,金,,,,,,,,,,,,,,,,火,,,,,,,,,,,,
東淀川区,西淡路,2丁目,13番,44~49･52~55号,,,,,,,,月木,,,,,,,,,,,,,,火,,,,,,,,,,,,,,,,金,,,,,,,,,,,,,,,,火,,,,,,,,,,,,
東淀川区,西淡路,2丁目,13番,上記以外,,,,,,月木,,,,,,,,,,,,,,,,火,,,,,,,,,,,,,,,,金,,,,,,,,,,,,,,,,,火,,,,,,,,,,,
東淀川区,西淡路,2丁目,14番,,,,,,,月木,,,,,,,,,,,,,,,,火,,,,,,,,,,,,,,,,金,,,,,,,,,,,,,,,,火,,,,,,,,,,,,
東淀川区,西淡路,2丁目,15番,軽四輪車(小さい車)で収集している地域,,,,,,,,月木,,,,,,,,,,,,,,火,,,,,,,,,,,,,,,,金,,,,,,,,,,,,,,,,火,,,,,,,,,,,,
東淀川区,西淡路,2丁目,15番,7号(プレミール),,,,,,,,月木,,,,,,,,,,,,,,火,,,,,,,,,,,,,,,,金,,,,,,,,,,,,,,,,火,,,,,,,,,,,,
東淀川区,西淡路,2丁目,15番,上記以外,,,,,,月木,,,,,,,,,,,,,,,,火,,,,,,,,,,,,,,,,金,,,,,,,,,,,,,,,,,,火,,,,,,,,,,
東淀川区,西淡路,2丁目,16番,軽四輪車(小さい車)で収集している地域,,,,,,,,月木,,,,,,,,,,,,,,火,,,,,,,,,,,,,,,,金,,,,,,,,,,,,,,,,火,,,,,,,,,,,,
東淀川区,西淡路,2丁目,16番,10~15号,,,,,,,,月木,,,,,,,,,,,,,,火,,,,,,,,,,,,,,,,金,,,,,,,,,,,,,,,,火,,,,,,,,,,,,
東淀川区,西淡路,2丁目,16番,上記以外,,,,,,月木,,,,,,,,,,,,,,,,火,,,,,,,,,,,,,,,,金,,,,,,,,,,,,,,,,,,火,,,,,,,,,,
東淀川区,西淡路,3丁目,1番,軽四輪車(小さい車)で収集している地域,,,,,,,,月木,,,,,,,,,,,,,,火,,,,,,,,,,,,,,,,金,,,,,,,,,,,,,,,,火,,,,,,,,,,,,
東淀川区,西淡路,3丁目,1番,19~24･29~34･36号,,,,,,,,月木,,,,,,,,,,,,,,火,,,,,,,,,,,,,,,,金,,,,,,,,,,,,,,,,火,,,,,,,,,,,,
東淀川区,西淡路,3丁目,1番,上記以外,,,,,,月木,,,,,,,,,,,,,,,,火,,,,,,,,,,,,,,,,金,,,,,,,,,,,,,,,,,火,,,,,,,,,,,
東淀川区,西淡路,3丁目,2番,軽四輪車(小さい車)で収集している地域,,,,,,,,月木,,,,,,,,,,,,,,火,,,,,,,,,,,,,,,,金,,,,,,,,,,,,,,,,火,,,,,,,,,,,,
東淀川区,西淡路,3丁目,2番,1~6･9~14号,,,,,,,,月木,,,,,,,,,,,,,,火,,,,,,,,,,,,,,,,金,,,,,,,,,,,,,,,,火,,,,,,,,,,,,
東淀川区,西淡路,3丁目,2番,上記以外,,,,,,月木,,,,,,,,,,,,,,,,火,,,,,,,,,,,,,,,,金,,,,,,,,,,,,,,,,,,火,,,,,,,,,,
東淀川区,西淡路,3丁目,3番,軽四輪車(小さい車)で収集している地域,,,,,,,,月木,,,,,,,,,,,,,,火,,,,,,,,,,,,,,,,金,,,,,,,,,,,,,,,,火,,,,,,,,,,,,
東淀川区,西淡路,3丁目,3番,7.8.12.30~32号,,,,,,,,月木,,,,,,,,,,,,,,火,,,,,,,,,,,,,,,,金,,,,,,,,,,,,,,,,火,,,,,,,,,,,,
東淀川区,西淡路,3丁目,3番,上記以外,,,,,,月木,,,,,,,,,,,,,,,,火,,,,,,,,,,,,,,,,金,,,,,,,,,,,,,,,,,火,,,,,,,,,,,
東淀川区,西淡路,3丁目,4番,軽四輪車(小さい車)で収集している地域,,,,,,,,月木,,,,,,,,,,,,,,火,,,,,,,,,,,,,,,,金,,,,,,,,,,,,,,,,火,,,,,,,,,,,,
東淀川区,西淡路,3丁目,4番,15~18･20~22･24号,,,,,,,,月木,,,,,,,,,,,,,,火,,,,,,,,,,,,,,,,金,,,,,,,,,,,,,,,,火,,,,,,,,,,,,
東淀川区,西淡路,3丁目,4番,上記以外,,,,,,月木,,,,,,,,,,,,,,,,火,,,,,,,,,,,,,,,,金,,,,,,,,,,,,,,,,,火,,,,,,,,,,,
東淀川区,西淡路,3丁目,5番,軽四輪車(小さい車)で収集している地域,,,,,,,,月木,,,,,,,,,,,,,,火,,,,,,,,,,,,,,,,金,,,,,,,,,,,,,,,,火,,,,,,,,,,,,
東淀川区,西淡路,3丁目,5番,8号(ライオンズマンション東淀川),,,,,,,,,,月木,,,,,,,,,,,,火,,,,,,,,,,,,,,,,金,,,,,,,,,,,,,,,,,火,,,,,,,,,,,
東淀川区,西淡路,3丁目,5番,22･24･25･30･31号,,,,,,,,月木,,,,,,,,,,,,,,火,,,,,,,,,,,,,,,,金,,,,,,,,,,,,,,,,火,,,,,,,,,,,,
東淀川区,西淡路,3丁目,5番,上記以外,,,,,,月木,,,,,,,,,,,,,,,,火,,,,,,,,,,,,,,,,金,,,,,,,,,,,,,,,,,火,,,,,,,,,,,
東淀川区,西淡路,3丁目,6番,軽四輪車(小さい車)で収集している地域,,,,,,,,月木,,,,,,,,,,,,,,火,,,,,,,,,,,,,,,,金,,,,,,,,,,,,,,,,火,,,,,,,,,,,,
東淀川区,西淡路,3丁目,6番,1~5･8･9･12･15~18号,,,,,,,,月木,,,,,,,,,,,,,,火,,,,,,,,,,,,,,,,金,,,,,,,,,,,,,,,,火,,,,,,,,,,,,
東淀川区,西淡路,3丁目,6番,上記以外,,,,,,月木,,,,,,,,,,,,,,,,火,,,,,,,,,,,,,,,,金,,,,,,,,,,,,,,,,,火,,,,,,,,,,,
東淀川区,西淡路,3丁目,7番,軽四輪車(小さい車)で収集している地域,,,,,,,,月木,,,,,,,,,,,,,,火,,,,,,,,,,,,,,,,金,,,,,,,,,,,,,,,,火,,,,,,,,,,,,
東淀川区,西淡路,3丁目,7番,2~5号,,,,,,,,月木,,,,,,,,,,,,,,火,,,,,,,,,,,,,,,,金,,,,,,,,,,,,,,,,火,,,,,,,,,,,,
東淀川区,西淡路,3丁目,7番,上記以外,,,,,,月木,,,,,,,,,,,,,,,,火,,,,,,,,,,,,,,,,金,,,,,,,,,,,,,,,,,火,,,,,,,,,,,
東淀川区,西淡路,3丁目,8番,軽四輪車(小さい車)で収集している地域,,,,,,,,月木,,,,,,,,,,,,,,火,,,,,,,,,,,,,,,,金,,,,,,,,,,,,,,,,火,,,,,,,,,,,,
東淀川区,西淡路,3丁目,8番,上記以外,,,,,,月木,,,,,,,,,,,,,,,,火,,,,,,,,,,,,,,,,金,,,,,,,,,,,,,,,,,火,,,,,,,,,,,
東淀川区,西淡路,3丁目,9番,,,,,,,月木,,,,,,,,,,,,,,,,火,,,,,,,,,,,,,,,,金,,,,,,,,,,,,,,,,火,,,,,,,,,,,,
東淀川区,西淡路,3丁目,10番,,,,,,,月木,,,,,,,,,,,,,,,,火,,,,,,,,,,,,,,,,金,,,,,,,,,,,,,,,,,火,,,,,,,,,,,
東淀川区,西淡路,3丁目,11番,軽四輪車(小さい車)で収集している地域,,,,,,,,月木,,,,,,,,,,,,,,火,,,,,,,,,,,,,,,,金,,,,,,,,,,,,,,,,火,,,,,,,,,,,,
東淀川区,西淡路,3丁目,11番,8･13号,,,,,,,,月木,,,,,,,,,,,,,,火,,,,,,,,,,,,,,,,金,,,,,,,,,,,,,,,,火,,,,,,,,,,,,
東淀川区,西淡路,3丁目,11番,上記以外,,,,,,月木,,,,,,,,,,,,,,,,火,,,,,,,,,,,,,,,,金,,,,,,,,,,,,,,,,,火,,,,,,,,,,,
東淀川区,西淡路,3丁目,12番,,,,,,,月木,,,,,,,,,,,,,,,,火,,,,,,,,,,,,,,,,金,,,,,,,,,,,,,,,,,火,,,,,,,,,,,
東淀川区,西淡路,3丁目,13番,,,,,,,月木,,,,,,,,,,,,,,,,火,,,,,,,,,,,,,,,,金,,,,,,,,,,,,,,,,,火,,,,,,,,,,,
東淀川区,西淡路,3丁目,14番,,,,,,,月木,,,,,,,,,,,,,,,,火,,,,,,,,,,,,,,,,金,,,,,,,,,,,,,,,,,火,,,,,,,,,,,
東淀川区,西淡路,3丁目,15番,軽四輪車(小さい車)で収集している地域,,,,,,,,月木,,,,,,,,,,,,,,火,,,,,,,,,,,,,,,,金,,,,,,,,,,,,,,,,火,,,,,,,,,,,,
東淀川区,西淡路,3丁目,15番,5･6･16･18号,,,,,,,,月木,,,,,,,,,,,,,,火,,,,,,,,,,,,,,,,金,,,,,,,,,,,,,,,,火,,,,,,,,,,,,
東淀川区,西淡路,3丁目,15番,上記以外,,,,,,月木,,,,,,,,,,,,,,,,火,,,,,,,,,,,,,,,,金,,,,,,,,,,,,,,,,,火,,,,,,,,,,,
東淀川区,西淡路,3丁目,16番,,,,,,,月木,,,,,,,,,,,,,,,,火,,,,,,,,,,,,,,,,金,,,,,,,,,,,,,,,,火,,,,,,,,,,,,
東淀川区,西淡路,3丁目,17番,,,,,,,月木,,,,,,,,,,,,,,,,火,,,,,,,,,,,,,,,,金,,,,,,,,,,,,,,,,火,,,,,,,,,,,,
東淀川区,西淡路,3丁目,18番,,,,,,,月木,,,,,,,,,,,,,,,,火,,,,,,,,,,,,,,,,金,,,,,,,,,,,,,,,,,火,,,,,,,,,,,
東淀川区,西淡路,3丁目,19番,,,,,,,月木,,,,,,,,,,,,,,,,火,,,,,,,,,,,,,,,,金,,,,,,,,,,,,,,,,,火,,,,,,,,,,,
東淀川区,西淡路,3丁目,20番,,,,,,,月木,,,,,,,,,,,,,,,,火,,,,,,,,,,,,,,,,金,,,,,,,,,,,,,,,,,火,,,,,,,,,,,
東淀川区,西淡路,4丁目,1番,軽四輪車(小さい車)で収集している地域,,,,,,,,月木,,,,,,,,,,,,,,火,,,,,,,,,,,,,,,,金,,,,,,,,,,,,,,,,火,,,,,,,,,,,,
東淀川区,西淡路,4丁目,1番,上記以外,,,,,,月木,,,,,,,,,,,,,,,,火,,,,,,,,,,,,,,,,金,,,,,,,,,,,,,,,,,火,,,,,,,,,,,
東淀川区,西淡路,4丁目,2番,軽四輪車(小さい車)で収集している地域,,,,,,,,月木,,,,,,,,,,,,,,火,,,,,,,,,,,,,,,,金,,,,,,,,,,,,,,,,火,,,,,,,,,,,,
東淀川区,西淡路,4丁目,2番,上記以外,,,,,,月木,,,,,,,,,,,,,,,,火,,,,,,,,,,,,,,,,金,,,,,,,,,,,,,,,,,火,,,,,,,,,,,
東淀川区,西淡路,4丁目,3番,,,,,,,月木,,,,,,,,,,,,,,,,火,,,,,,,,,,,,,,,,金,,,,,,,,,,,,,,,,火,,,,,,,,,,,,
東淀川区,西淡路,4丁目,4番,軽四輪車(小さい車)で収集している地域,,,,,,,,月木,,,,,,,,,,,,,,火,,,,,,,,,,,,,,,,金,,,,,,,,,,,,,,,,火,,,,,,,,,,,,
東淀川区,西淡路,4丁目,4番,上記以外,,,,,,月木,,,,,,,,,,,,,,,,火,,,,,,,,,,,,,,,,金,,,,,,,,,,,,,,,,,火,,,,,,,,,,,
東淀川区,西淡路,4丁目,5番,軽四輪車(小さい車)で収集している地域,,,,,,,,月木,,,,,,,,,,,,,,火,,,,,,,,,,,,,,,,金,,,,,,,,,,,,,,,,火,,,,,,,,,,,,
東淀川区,西淡路,4丁目,5番,上記以外,,,,,,月木,,,,,,,,,,,,,,,,火,,,,,,,,,,,,,,,,金,,,,,,,,,,,,,,,,,火,,,,,,,,,,,
東淀川区,西淡路,4丁目,6番,軽四輪車(小さい車)で収集している地域,,,,,,,,月木,,,,,,,,,,,,,,火,,,,,,,,,,,,,,,,金,,,,,,,,,,,,,,,,火,,,,,,,,,,,,
東淀川区,西淡路,4丁目,6番,上記以外,,,,,,月木,,,,,,,,,,,,,,,,火,,,,,,,,,,,,,,,,金,,,,,,,,,,,,,,,,,火,,,,,,,,,,,
東淀川区,西淡路,4丁目,7番,,,,,,,月木,,,,,,,,,,,,,,,,火,,,,,,,,,,,,,,,,金,,,,,,,,,,,,,,,,火,,,,,,,,,,,,
東淀川区,西淡路,4丁目,8番,,,,,,,月木,,,,,,,,,,,,,,,,火,,,,,,,,,,,,,,,,金,,,,,,,,,,,,,,,,火,,,,,,,,,,,,
東淀川区,西淡路,4丁目,9番,,,,,,,月木,,,,,,,,,,,,,,,,火,,,,,,,,,,,,,,,,金,,,,,,,,,,,,,,,,火,,,,,,,,,,,,
東淀川区,西淡路,4丁目,10番,,,,,,,月木,,,,,,,,,,,,,,,,火,,,,,,,,,,,,,,,,金,,,,,,,,,,,,,,,,火,,,,,,,,,,,,
東淀川区,西淡路,4丁目,11番,軽四輪車(小さい車)で収集している地域,,,,,,,,月木,,,,,,,,,,,,,,火,,,,,,,,,,,,,,,,金,,,,,,,,,,,,,,,,火,,,,,,,,,,,,
東淀川区,西淡路,4丁目,11番,5~8号,,,,,,,,月木,,,,,,,,,,,,,,火,,,,,,,,,,,,,,,,金,,,,,,,,,,,,,,,,火,,,,,,,,,,,,
東淀川区,西淡路,4丁目,11番,上記以外,,,,,,月木,,,,,,,,,,,,,,,,火,,,,,,,,,,,,,,,,金,,,,,,,,,,,,,,,,,火,,,,,,,,,,,
東淀川区,西淡路,4丁目,12番,軽四輪車(小さい車)で収集している地域,,,,,,,,月木,,,,,,,,,,,,,,火,,,,,,,,,,,,,,,,金,,,,,,,,,,,,,,,,火,,,,,,,,,,,,
東淀川区,西淡路,4丁目,12番,11･13･16号,,,,,,,,月木,,,,,,,,,,,,,,火,,,,,,,,,,,,,,,,金,,,,,,,,,,,,,,,,火,,,,,,,,,,,,
東淀川区,西淡路,4丁目,12番,上記以外,,,,,,月木,,,,,,,,,,,,,,,,火,,,,,,,,,,,,,,,,金,,,,,,,,,,,,,,,,,火,,,,,,,,,,,
東淀川区,西淡路,4丁目,13番,軽四輪車(小さい車)で収集している地域,,,,,,,,月木,,,,,,,,,,,,,,火,,,,,,,,,,,,,,,,金,,,,,,,,,,,,,,,,火,,,,,,,,,,,,
東淀川区,西淡路,4丁目,13番,２~６･９~13号,,,,,,,,月木,,,,,,,,,,,,,,火,,,,,,,,,,,,,,,,金,,,,,,,,,,,,,,,,火,,,,,,,,,,,,
東淀川区,西淡路,4丁目,13番,上記以外,,,,,,月木,,,,,,,,,,,,,,,,火,,,,,,,,,,,,,,,,金,,,,,,,,,,,,,,,,,火,,,,,,,,,,,
東淀川区,西淡路,4丁目,14番,軽四輪車(小さい車)で収集している地域,,,,,,,,月木,,,,,,,,,,,,,,火,,,,,,,,,,,,,,,,金,,,,,,,,,,,,,,,,火,,,,,,,,,,,,
東淀川区,西淡路,4丁目,14番,1~５･10~13号,,,,,,,,月木,,,,,,,,,,,,,,火,,,,,,,,,,,,,,,,金,,,,,,,,,,,,,,,,火,,,,,,,,,,,,
東淀川区,西淡路,4丁目,14番,上記以外,,,,,,月木,,,,,,,,,,,,,,,,火,,,,,,,,,,,,,,,,金,,,,,,,,,,,,,,,,,火,,,,,,,,,,,
東淀川区,西淡路,4丁目,15番,軽四輪車(小さい車)で収集している地域,,,,,,,,月木,,,,,,,,,,,,,,火,,,,,,,,,,,,,,,,金,,,,,,,,,,,,,,,,火,,,,,,,,,,,,
東淀川区,西淡路,4丁目,15番,16~23号,,,,,,,,,,月木,,,,,,,,,,,,火,,,,,,,,,,,,,,,,金,,,,,,,,,,,,,,,,,火,,,,,,,,,,,
東淀川区,西淡路,4丁目,15番,25号･27号･43号,,,,,,,,,,月木,,,,,,,,,,,,火,,,,,,,,,,,,,,,,金,,,,,,,,,,,,,,,,,火,,,,,,,,,,,
東淀川区,西淡路,4丁目,15番,32･35~39･41号,,,,,,,,月木,,,,,,,,,,,,,,火,,,,,,,,,,,,,,,,金,,,,,,,,,,,,,,,,火,,,,,,,,,,,,
東淀川区,西淡路,4丁目,15番,上記以外,,,,,,月木,,,,,,,,,,,,,,,,火,,,,,,,,,,,,,,,,金,,,,,,,,,,,,,,,,,火,,,,,,,,,,,
東淀川区,西淡路,4丁目,16番,軽四輪車(小さい車)で収集している地域」,,,,,,,,月木,,,,,,,,,,,,,,火,,,,,,,,,,,,,,,,金,,,,,,,,,,,,,,,,火,,,,,,,,,,,,
東淀川区,西淡路,4丁目,16番,2･4~8号,,,,,,,,月木,,,,,,,,,,,,,,火,,,,,,,,,,,,,,,,金,,,,,,,,,,,,,,,,火,,,,,,,,,,,,
東淀川区,西淡路,4丁目,16番,上記以外,,,,,,月木,,,,,,,,,,,,,,,,火,,,,,,,,,,,,,,,,金,,,,,,,,,,,,,,,,,火,,,,,,,,,,,
東淀川区,西淡路,4丁目,17番,軽四輪車(小さい車)で収集している地域,,,,,,,,月木,,,,,,,,,,,,,,火,,,,,,,,,,,,,,,,金,,,,,,,,,,,,,,,,火,,,,,,,,,,,,
東淀川区,西淡路,4丁目,17番,1･2･7･32･33号,,,,,,,,月木,,,,,,,,,,,,,,火,,,,,,,,,,,,,,,,金,,,,,,,,,,,,,,,,火,,,,,,,,,,,,
東淀川区,西淡路,4丁目,17番,上記以外,,,,,,月木,,,,,,,,,,,,,,,,火,,,,,,,,,,,,,,,,金,,,,,,,,,,,,,,,,,火,,,,,,,,,,,
東淀川区,西淡路,4丁目,18番,軽四輪車(小さい車)で収集している地域,,,,,,,,月木,,,,,,,,,,,,,,火,,,,,,,,,,,,,,,,金,,,,,,,,,,,,,,,,火,,,,,,,,,,,,
東淀川区,西淡路,4丁目,18番,13~16号,,,,,,,,月木,,,,,,,,,,,,,,火,,,,,,,,,,,,,,,,金,,,,,,,,,,,,,,,,火,,,,,,,,,,,,
東淀川区,西淡路,4丁目,18番,上記以外,,,,,,月木,,,,,,,,,,,,,,,,火,,,,,,,,,,,,,,,,金,,,,,,,,,,,,,,,,,火,,,,,,,,,,,
東淀川区,西淡路,4丁目,19番,,,,,,,月木,,,,,,,,,,,,,,,,火,,,,,,,,,,,,,,,,金,,,,,,,,,,,,,,,,,火,,,,,,,,,,,
東淀川区,西淡路,4丁目,20番,,,,,,,月木,,,,,,,,,,,,,,,,火,,,,,,,,,,,,,,,,金,,,,,,,,,,,,,,,,,火,,,,,,,,,,,
東淀川区,西淡路,4丁目,21番,,,,,,,月木,,,,,,,,,,,,,,,,火,,,,,,,,,,,,,,,,金,,,,,,,,,,,,,,,,,火,,,,,,,,,,,
東淀川区,西淡路,4丁目,22番,,,,,,,月木,,,,,,,,,,,,,,,,火,,,,,,,,,,,,,,,,金,,,,,,,,,,,,,,,,,火,,,,,,,,,,,
東淀川区,西淡路,4丁目,23番,,,,,,,月木,,,,,,,,,,,,,,,,火,,,,,,,,,,,,,,,,金,,,,,,,,,,,,,,,,,火,,,,,,,,,,,
東淀川区,西淡路,4丁目,24番,3号･11~17号,,,,,,,,,,月木,,,,,,,,,,,,火,,,,,,,,,,,,,,,,金,,,,,,,,,,,,,,,,,火,,,,,,,,,,,
東淀川区,西淡路,4丁目,24番,上記以外,,,,,,月木,,,,,,,,,,,,,,,,火,,,,,,,,,,,,,,,,金,,,,,,,,,,,,,,,,,火,,,,,,,,,,,
東淀川区,西淡路,4丁目,25番,,,,,,,月木,,,,,,,,,,,,,,,,火,,,,,,,,,,,,,,,,金,,,,,,,,,,,,,,,,,火,,,,,,,,,,,
東淀川区,西淡路,5丁目,1番,軽四輪車(小さい車)で収集している地域,,,,,,,,月木,,,,,,,,,,,,,,火,,,,,,,,,,,,,,,,金,,,,,,,,,,,,,,,,火,,,,,,,,,,,,
東淀川区,西淡路,5丁目,1番,28~30号,,,,,,,,月木,,,,,,,,,,,,,,火,,,,,,,,,,,,,,,,金,,,,,,,,,,,,,,,,火,,,,,,,,,,,,
東淀川区,西淡路,5丁目,1番,上記以外,,,,,,月木,,,,,,,,,,,,,,,,火,,,,,,,,,,,,,,,,金,,,,,,,,,,,,,,,,,火,,,,,,,,,,,
東淀川区,西淡路,5丁目,2番,軽四輪車(小さい車)で収集している地域,,,,,,,,月木,,,,,,,,,,,,,,火,,,,,,,,,,,,,,,,金,,,,,,,,,,,,,,,,火,,,,,,,,,,,,
東淀川区,西淡路,5丁目,2番,21･22号,,,,,,,,月木,,,,,,,,,,,,,,火,,,,,,,,,,,,,,,,金,,,,,,,,,,,,,,,,火,,,,,,,,,,,,
東淀川区,西淡路,5丁目,2番,上記以外,,,,,,月木,,,,,,,,,,,,,,,,火,,,,,,,,,,,,,,,,金,,,,,,,,,,,,,,,,,火,,,,,,,,,,,
東淀川区,西淡路,5丁目,3番,,,,,,,月木,,,,,,,,,,,,,,,,火,,,,,,,,,,,,,,,,金,,,,,,,,,,,,,,,,火,,,,,,,,,,,,
東淀川区,西淡路,5丁目,4番,,,,,,,月木,,,,,,,,,,,,,,,,火,,,,,,,,,,,,,,,,金,,,,,,,,,,,,,,,,火,,,,,,,,,,,,
東淀川区,西淡路,5丁目,5番,,,,,,,月木,,,,,,,,,,,,,,,,火,,,,,,,,,,,,,,,,金,,,,,,,,,,,,,,,,,火,,,,,,,,,,,
東淀川区,西淡路,5丁目,6番,,,,,,,月木,,,,,,,,,,,,,,,,火,,,,,,,,,,,,,,,,金,,,,,,,,,,,,,,,,,火,,,,,,,,,,,
東淀川区,西淡路,5丁目,7番,,,,,,,月木,,,,,,,,,,,,,,,,火,,,,,,,,,,,,,,,,金,,,,,,,,,,,,,,,,火,,,,,,,,,,,,
東淀川区,西淡路,5丁目,8番,,,,,,,月木,,,,,,,,,,,,,,,,火,,,,,,,,,,,,,,,,金,,,,,,,,,,,,,,,,,火,,,,,,,,,,,
東淀川区,西淡路,5丁目,9番,,,,,,,月木,,,,,,,,,,,,,,,,火,,,,,,,,,,,,,,,,金,,,,,,,,,,,,,,,,火,,,,,,,,,,,,
東淀川区,西淡路,5丁目,10番,,,,,,,月木,,,,,,,,,,,,,,,,火,,,,,,,,,,,,,,,,金,,,,,,,,,,,,,,,,火,,,,,,,,,,,,
東淀川区,西淡路,5丁目,11番,,,,,,,月木,,,,,,,,,,,,,,,,火,,,,,,,,,,,,,,,,金,,,,,,,,,,,,,,,,,火,,,,,,,,,,,
東淀川区,西淡路,5丁目,12番,,,,,,,月木,,,,,,,,,,,,,,,,火,,,,,,,,,,,,,,,,金,,,,,,,,,,,,,,,,,火,,,,,,,,,,,
東淀川区,西淡路,5丁目,13番,,,,,,,月木,,,,,,,,,,,,,,,,火,,,,,,,,,,,,,,,,金,,,,,,,,,,,,,,,,,火,,,,,,,,,,,
東淀川区,西淡路,5丁目,14番,,,,,,,月木,,,,,,,,,,,,,,,,火,,,,,,,,,,,,,,,,金,,,,,,,,,,,,,,,,,火,,,,,,,,,,,
東淀川区,西淡路,5丁目,15番,,,,,,,月木,,,,,,,,,,,,,,,,火,,,,,,,,,,,,,,,,金,,,,,,,,,,,,,,,,,火,,,,,,,,,,,
東淀川区,西淡路,5丁目,16番,,,,,,,月木,,,,,,,,,,,,,,,,火,,,,,,,,,,,,,,,,金,,,,,,,,,,,,,,,,,火,,,,,,,,,,,
東淀川区,西淡路,5丁目,17番,,,,,,,月木,,,,,,,,,,,,,,,,火,,,,,,,,,,,,,,,,金,,,,,,,,,,,,,,,,,火,,,,,,,,,,,
東淀川区,西淡路,5丁目,18番,,,,,,,月木,,,,,,,,,,,,,,,,火,,,,,,,,,,,,,,,,金,,,,,,,,,,,,,,,,,火,,,,,,,,,,,
東淀川区,西淡路,5丁目,19番,,,,,,,月木,,,,,,,,,,,,,,,,火,,,,,,,,,,,,,,,,金,,,,,,,,,,,,,,,,,火,,,,,,,,,,,
東淀川区,西淡路,5丁目,20番,,,,,,,月木,,,,,,,,,,,,,,,,火,,,,,,,,,,,,,,,,金,,,,,,,,,,,,,,,,,火,,,,,,,,,,,
東淀川区,西淡路,5丁目,21番,,,,,,,月木,,,,,,,,,,,,,,,,火,,,,,,,,,,,,,,,,金,,,,,,,,,,,,,,,,,火,,,,,,,,,,,
東淀川区,西淡路,6丁目,1番,,,,,,,,,,,月木,,,,,,,,,,,,火,,,,,,,,,,,,,,,,金,,,,,,,,,,,,,,,,,火,,,,,,,,,,,
東淀川区,西淡路,6丁目,2番,,,,,,,,,,,月木,,,,,,,,,,,,火,,,,,,,,,,,,,,,,金,,,,,,,,,,,,,,,,,火,,,,,,,,,,,
東淀川区,西淡路,6丁目,3番,,,,,,,,,,,月木,,,,,,,,,,,,火,,,,,,,,,,,,,,,,金,,,,,,,,,,,,,,,,,火,,,,,,,,,,,
東淀川区,西淡路,6丁目,4番,,,,,,,,,,,月木,,,,,,,,,,,,火,,,,,,,,,,,,,,,,金,,,,,,,,,,,,,,,,,火,,,,,,,,,,,
東淀川区,西淡路,6丁目,5番,,,,,,,月木,,,,,,,,,,,,,,,,火,,,,,,,,,,,,,,,,金,,,,,,,,,,,,,,,,,火,,,,,,,,,,,
東淀川区,東淡路,1丁目,1番,,,,,,,,,,,,,,,,,,火金,,,,,月,,,,,,,,,,,,,,,,木,,,,,,,,,,,,,,,,月,,,,,,,,,,,,
東淀川区,東淡路,1丁目,2番,,,,,,,,,,,,,,,,,,火金,,,,,月,,,,,,,,,,,,,,,,木,,,,,,,,,,,,,,,,月,,,,,,,,,,,,
東淀川区,東淡路,1丁目,3番,,,,,,,火金,,,,,,,,,,,,,,,,月,,,,,,,,,,,,,,,,木,,,,,,,,,,,,,,,,月,,,,,,,,,,,,
東淀川区,東淡路,1丁目,4番,,,,,,,火金,,,,,,,,,,,,,,,,月,,,,,,,,,,,,,,,,木,,,,,,,,,,,,,,,,月,,,,,,,,,,,,
東淀川区,東淡路,1丁目,5番,エバーグリーン淀川,,,,,,火金,,,,,,,,,,,,,,,,月,,,,,,,,,,,,,,,,木,,,,,,,,,,,,,,,,月,,,,,,,,,,,,
東淀川区,東淡路,1丁目,5番,上記以外,,,,,,,,,,,,,,,,,火金,,,,,月,,,,,,,,,,,,,,,,木,,,,,,,,,,,,,,,,月,,,,,,,,,,,,
東淀川区,東淡路,1丁目,6番,,,,,,,,,,,,,,,,火金,,,,,,,月,,,,,,,,,,,,,,,,木,,,,,,,,,,,,,,,,,,,月,,,,,,,,,
東淀川区,東淡路,1丁目,7番,,,,,,,,,,,,,,,,火金,,,,,,,月,,,,,,,,,,,,,,,,木,,,,,,,,,,,,,,,,,,,月,,,,,,,,,
東淀川区,東淡路,1丁目,8番,,,,,,,,,,,,,,,,,,火金,,,,,月,,,,,,,,,,,,,,,,木,,,,,,,,,,,,,,,,,,月,,,,,,,,,,
東淀川区,東淡路,2丁目,2番,,,,,,,,,火金,,,,,,,,,,,,,,月,,,,,,,,,,,,,,,,木,,,,,,,,,,,,,,,,月,,,,,,,,,,,,
東淀川区,東淡路,2丁目,3番,,,,,,,,,火金,,,,,,,,,,,,,,月,,,,,,,,,,,,,,,,木,,,,,,,,,,,,,,,,月,,,,,,,,,,,,
東淀川区,東淡路,2丁目,4番,,,,,,,,,火金,,,,,,,,,,,,,,,,月,,,,,,,,,,,,,,,,木,,,,,,,,,,,,,,月,,,,,,,,,,,,
東淀川区,東淡路,2丁目,5番,,,,,,,,,火金,,,,,,,,,,,,,,,,月,,,,,,,,,,,,,,,,木,,,,,,,,,,,,,,月,,,,,,,,,,,,
東淀川区,東淡路,2丁目,6番,,,,,,,,,火金,,,,,,,,,,,,,,月,,,,,,,,,,,,,,,,木,,,,,,,,,,,,,,,,,月,,,,,,,,,,,
東淀川区,東淡路,2丁目,7番,6･9･13号,,,,,火金,,,,,,,,,,,,,,,,,,,月,,,,,,,,,,,,,,,,木,,,,,,,,,,,,,,,月,,,,,,,,,,,
東淀川区,東淡路,2丁目,7番,上記以外,,,,,,,,火金,,,,,,,,,,,,,,,,月,,,,,,,,,,,,,,,,木,,,,,,,,,,,,,,,月,,,,,,,,,,,
東淀川区,東淡路,2丁目,8番,2～4･7号,,,,,火金,,,,,,,,,,,,,,,,,,,月,,,,,,,,,,,,,,,,木,,,,,,,,,,,,,,,月,,,,,,,,,,,
東淀川区,東淡路,2丁目,8番,上記以外,,,,,,,,火金,,,,,,,,,,,,,,,,月,,,,,,,,,,,,,,,,木,,,,,,,,,,,,,,,月,,,,,,,,,,,
東淀川区,東淡路,2丁目,9番,,,,,,火金,,,,,,,,,,,,,,,,,,,月,,,,,,,,,,,,,,,,木,,,,,,,,,,,,,,,月,,,,,,,,,,,
東淀川区,東淡路,2丁目,10番,,,,,,,,,火金,,,,,,,,,,,,,,,,月,,,,,,,,,,,,,,,,木,,,,,,,,,,,,,,,月,,,,,,,,,,,
東淀川区,東淡路,2丁目,11番,,,,,,,,,火金,,,,,,,,,,,,,,,,月,,,,,,,,,,,,,,,,木,,,,,,,,,,,,,,,月,,,,,,,,,,,
東淀川区,東淡路,2丁目,12番,5･7号,,,,,火金,,,,,,,,,,,,,,,,,,,月,,,,,,,,,,,,,,,,木,,,,,,,,,,,,,,,月,,,,,,,,,,,
東淀川区,東淡路,2丁目,12番,上記以外,,,,,,,,火金,,,,,,,,,,,,,,,,月,,,,,,,,,,,,,,,,木,,,,,,,,,,,,,,,月,,,,,,,,,,,
東淀川区,東淡路,2丁目,13番,,,,,,,,,火金,,,,,,,,,,,,,,,,月,,,,,,,,,,,,,,,,木,,,,,,,,,,,,,,,月,,,,,,,,,,,
東淀川区,東淡路,2丁目,14番,,,,,,,,,火金,,,,,,,,,,,,,,月,,,,,,,,,,,,,,,,木,,,,,,,,,,,,,,,,,月,,,,,,,,,,,
東淀川区,東淡路,2丁目,15番,3・4・10号,,,,,火金,,,,,,,,,,,,,,,,,,,月,,,,,,,,,,,,,,,,木,,,,,,,,,,,,,,月,,,,,,,,,,,,
東淀川区,東淡路,2丁目,15番,上記以外,,,,,,,,火金,,,,,,,,,,,,,,,,月,,,,,,,,,,,,,,,,木,,,,,,,,,,,,,,月,,,,,,,,,,,,
東淀川区,東淡路,2丁目,16番,1～3･5号,,,,,火金,,,,,,,,,,,,,,,,,,,月,,,,,,,,,,,,,,,,木,,,,,,,,,,,,,,月,,,,,,,,,,,,
東淀川区,東淡路,2丁目,16番,軽四輪車(小さい車)で収集している地域,,,,,,,,,,,,,,,火金,,,,,,,,,月,,,,,,,,,,,,,,,,木,,,,,,,,,,,,,,月,,,,,,,,,,,,
東淀川区,東淡路,2丁目,16番,上記以外,,,,,,,,火金,,,,,,,,,,,,,,,,月,,,,,,,,,,,,,,,,木,,,,,,,,,,,,,,月,,,,,,,,,,,,
東淀川区,東淡路,2丁目,17番,,,,,,,,,火金,,,,,,,,,,,,,,月,,,,,,,,,,,,,,,,木,,,,,,,,,,,,,,,,月,,,,,,,,,,,,
東淀川区,東淡路,2丁目,18番,,,,,,,,,火金,,,,,,,,,,,,,,月,,,,,,,,,,,,,,,,木,,,,,,,,,,,,,,,,月,,,,,,,,,,,,
東淀川区,東淡路,3丁目,1番,6･7号,,,,,火金,,,,,,,,,,,,,,,,,月,,,,,,,,,,,,,,,,木,,,,,,,,,,,,,,,,月,,,,,,,,,,,,
東淀川区,東淡路,3丁目,1番,軽四輪車(小さい車)で収集している地域,,,,,,,,,,,,,,,火金,,,,,,,月,,,,,,,,,,,,,,,,木,,,,,,,,,,,,,,,,,月,,,,,,,,,,,
東淀川区,東淡路,3丁目,1番,上記以外,,,,,,,,火金,,,,,,,,,,,,,,月,,,,,,,,,,,,,,,,木,,,,,,,,,,,,,,,,月,,,,,,,,,,,,
東淀川区,東淡路,3丁目,2番,,,,,,,,,火金,,,,,,,,,,,,,,月,,,,,,,,,,,,,,,,木,,,,,,,,,,,,,,,,月,,,,,,,,,,,,
東淀川区,東淡路,3丁目,3番,35~37号,,,,,火金,,,,,,,,,,,,,,,,,月,,,,,,,,,,,,,,,,木,,,,,,,,,,,,,,,,月,,,,,,,,,,,,
東淀川区,東淡路,3丁目,3番,軽四輪車(小さい車)で収集している地域,,,,,,,,,,,,,,,火金,,,,,,,月,,,,,,,,,,,,,,,,木,,,,,,,,,,,,,,,,,月,,,,,,,,,,,
東淀川区,東淡路,3丁目,3番,上記以外,,,,,,,,火金,,,,,,,,,,,,,,月,,,,,,,,,,,,,,,,木,,,,,,,,,,,,,,,,月,,,,,,,,,,,,
東淀川区,東淡路,3丁目,4番,11･12･14~21号,,,,,火金,,,,,,,,,,,,,,,,,月,,,,,,,,,,,,,,,,木,,,,,,,,,,,,,,,,月,,,,,,,,,,,,
東淀川区,東淡路,3丁目,4番,軽四輪車(小さい車)で収集している地域,,,,,,,,,,,,,,,火金,,,,,,,,,,,,,,月,,,,,,,,,,,,,,,,木,,,,,,,,,,月,,,,,,,,,,,
東淀川区,東淡路,3丁目,4番,上記以外,,,,,,,,火金,,,,,,,,,,,,,,月,,,,,,,,,,,,,,,,木,,,,,,,,,,,,,,,,月,,,,,,,,,,,,
東淀川区,東淡路,3丁目,5番,市営東淡路第2住宅2号棟,,,,,,,,火金,,,,,,,,,,,,,,月,,,,,,,,,,,,,,,,木,,,,,,,,,,,,,,,,,月,,,,,,,,,,,
東淀川区,東淡路,3丁目,5番,上記以外,,,,,,,,火金,,,,,,,,,,,,,,月,,,,,,,,,,,,,,,,木,,,,,,,,,,,,,,,,月,,,,,,,,,,,,
東淀川区,東淡路,3丁目,6番,1･4~7･9･11~20･22号,,,,,火金,,,,,,,,,,,,,,,,,月,,,,,,,,,,,,,,,,木,,,,,,,,,,,,,,,,月,,,,,,,,,,,,
東淀川区,東淡路,3丁目,6番,上記以外,,,,,,,,火金,,,,,,,,,,,,,,月,,,,,,,,,,,,,,,,木,,,,,,,,,,,,,,,,月,,,,,,,,,,,,
東淀川区,東淡路,4丁目,1番,軽四輪車(小さい車)で収集している地域,,,,,,火金,,,,,,,,,,,,,,,,,,,,,,,月,,,,,,,,,,,,,,,,木,,,,,,,,,,月,,,,,,,,,,,
東淀川区,東淡路,4丁目,1番,上記以外,,,,,,,,火金,,,,,,,,,,,,,,,,月,,,,,,,,,,,,,,,,木,,,,,,,,,,,,,,月,,,,,,,,,,,,
東淀川区,東淡路,4丁目,2番,17・20・21・23・24号,,,,,火金,,,,,,,,,,,,,,,,,,,月,,,,,,,,,,,,,,,,木,,,,,,,,,,,,,,月,,,,,,,,,,,,
東淀川区,東淡路,4丁目,2番,軽四輪車(小さい車)で収集している地域,,,,,,火金,,,,,,,,,,,,,,,,,,,,,,,月,,,,,,,,,,,,,,,,木,,,,,,,,,,月,,,,,,,,,,,
東淀川区,東淡路,4丁目,2番,上記以外,,,,,,,,火金,,,,,,,,,,,,,,,,月,,,,,,,,,,,,,,,,木,,,,,,,,,,,,,,月,,,,,,,,,,,,
東淀川区,東淡路,4丁目,3番,,,,,,,火金,,,,,,,,,,,,,,,,,,,月,,,,,,,,,,,,,,,,木,,,,,,,,,,,,,月,,,,,,,,,,,,
東淀川区,東淡路,4丁目,4番,13･15号,,,,,火金,,,,,,,,,,,,,,,,,,,月,,,,,,,,,,,,,,,,木,,,,,,,,,,,,,,月,,,,,,,,,,,,
東淀川区,東淡路,4丁目,4番,軽四輪車(小さい車)で収集している地域,,,,,,,,,,,,,,,火金,,,,,,,,,,,,,,月,,,,,,,,,,,,,,,,木,,,,,,,,,,月,,,,,,,,,,,
東淀川区,東淡路,4丁目,4番,上記以外,,,,,,,,火金,,,,,,,,,,,,,,,,月,,,,,,,,,,,,,,,,木,,,,,,,,,,,,,,月,,,,,,,,,,,,
東淀川区,東淡路,4丁目,5番,軽四輪車(小さい車)で収集している地域,,,,,,,,,,,,,,,火金,,,,,,,月,,,,,,,,,,,,,,,,木,,,,,,,,,,,,,,,,,月,,,,,,,,,,,
東淀川区,東淡路,4丁目,5番,上記以外,,,,,,,,火金,,,,,,,,,,,,,,月,,,,,,,,,,,,,,,,木,,,,,,,,,,,,,,,,月,,,,,,,,,,,,
東淀川区,東淡路,4丁目,6番,7~12号,,,,火金,,,,,,,,,,,,,,,,,,月,,,,,,,,,,,,,,,,木,,,,,,,,,,,,,,,,,月,,,,,,,,,,,
東淀川区,東淡路,4丁目,6番,上記以外,,,,,,,,,,,,,,,火金,,,,,,,月,,,,,,,,,,,,,,,,木,,,,,,,,,,,,,,,,月,,,,,,,,,,,,
東淀川区,東淡路,4丁目,7番,6･10~15号,,,,火金,,,,,,,,,,,,,,,,,,月,,,,,,,,,,,,,,,,木,,,,,,,,,,,,,,,,,月,,,,,,,,,,,
東淀川区,東淡路,4丁目,7番,上記以外,,,,,,,,,,,,,,,火金,,,,,,,月,,,,,,,,,,,,,,,,木,,,,,,,,,,,,,,,,月,,,,,,,,,,,,
東淀川区,東淡路,4丁目,8番,3~8号,,,,火金,,,,,,,,,,,,,,,,,,月,,,,,,,,,,,,,,,,木,,,,,,,,,,,,,,,,,月,,,,,,,,,,,
東淀川区,東淡路,4丁目,8番,上記以外,,,,,,火金,,,,,,,,,,,,,,,,月,,,,,,,,,,,,,,,,木,,,,,,,,,,,,,,,,月,,,,,,,,,,,,
東淀川区,東淡路,4丁目,9番,,,,,,,火金,,,,,,,,,,,,,,,,月,,,,,,,,,,,,,,,,木,,,,,,,,,,,,,,,,月,,,,,,,,,,,,
東淀川区,東淡路,4丁目,10番,,,,,,,火金,,,,,,,,,,,,,,,,月,,,,,,,,,,,,,,,,木,,,,,,,,,,,,,,,,月,,,,,,,,,,,,
東淀川区,東淡路,4丁目,11番,,,,,,,火金,,,,,,,,,,,,,,,,月,,,,,,,,,,,,,,,,木,,,,,,,,,,,,,,,,月,,,,,,,,,,,,
東淀川区,東淡路,4丁目,12番,軽四輪車(小さい車)で収集している地域,,,,火金,,,,,,,,,,,,,,,,,,月,,,,,,,,,,,,,,,,木,,,,,,,,,,,,,,,,月,,,,,,,,,,,,
東淀川区,東淡路,4丁目,12番,上記以外,,,,,,,,,,,,,,,火金,,,,,,,月,,,,,,,,,,,,,,,,木,,,,,,,,,,,,,,,,月,,,,,,,,,,,,
東淀川区,東淡路,4丁目,13番,12～18号,,,,火金,,,,,,,,,,,,,,,,,,月,,,,,,,,,,,,,,,,木,,,,,,,,,,,,,,,,月,,,,,,,,,,,,
東淀川区,東淡路,4丁目,13番,上記以外,,,,,,,,火金,,,,,,,,,,,,,,月,,,,,,,,,,,,,,,,木,,,,,,,,,,,,,,,,月,,,,,,,,,,,,
東淀川区,東淡路,4丁目,14番,1号,,,,火金,,,,,,,,,,,,,,,,,,月,,,,,,,,,,,,,,,,木,,,,,,,,,,,,,,,,月,,,,,,,,,,,,
東淀川区,東淡路,4丁目,14番,上記以外,,,,,,,,,,,,,,,火金,,,,,,,月,,,,,,,,,,,,,,,,木,,,,,,,,,,,,,,,,月,,,,,,,,,,,,
東淀川区,東淡路,4丁目,15番,軽四輪車(小さい車)で収集している地域,,,,,,,,,,,,,,,火金,,,,,,,,,月,,,,,,,,,,,,,,,,木,,,,,,,,,,,,,,月,,,,,,,,,,,,
東淀川区,東淡路,4丁目,15番,上記以外,,,,,,,,火金,,,,,,,,,,,,,,,,月,,,,,,,,,,,,,,,,木,,,,,,,,,,,,,,月,,,,,,,,,,,,
東淀川区,東淡路,4丁目,16番,軽四輪車(小さい車)で収集している地域,,,,火金,,,,,,,,,,,,,,,,,,月,,,,,,,,,,,,,,,,木,,,,,,,,,,,,,,,,月,,,,,,,,,,,,
東淀川区,東淡路,4丁目,16番,上記以外,,,,,,,,火金,,,,,,,,,,,,,,月,,,,,,,,,,,,,,,,木,,,,,,,,,,,,,,,,月,,,,,,,,,,,,
東淀川区,東淡路,4丁目,17番,軽四輪車(小さい車)で収集している地域,,,,,,,,,,,,,,,火金,,,,,,,月,,,,,,,,,,,,,,,,木,,,,,,,,,,,,,,,,月,,,,,,,,,,,,
東淀川区,東淡路,4丁目,17番,上記以外,,,,,,火金,,,,,,,,,,,,,,,,月,,,,,,,,,,,,,,,,木,,,,,,,,,,,,,,,,月,,,,,,,,,,,,
東淀川区,東淡路,4丁目,18番,15号,,,,,火金,,,,,,,,,,,,,,,,,月,,,,,,,,,,,,,,,,木,,,,,,,,,,,,,,,,月,,,,,,,,,,,,
東淀川区,東淡路,4丁目,18番,上記以外,,,,,,火金,,,,,,,,,,,,,,,,月,,,,,,,,,,,,,,,,木,,,,,,,,,,,,,,,,月,,,,,,,,,,,,
東淀川区,東淡路,4丁目,19番,,,,,,,火金,,,,,,,,,,,,,,,,月,,,,,,,,,,,,,,,,,,,,,木,,,,,,,,,,,月,,,,,,,,,,,,
東淀川区,東淡路,4丁目,20番,,,,,,,火金,,,,,,,,,,,,,,,,月,,,,,,,,,,,,,,,,木,,,,,,,,,,,,,,,,月,,,,,,,,,,,,
東淀川区,東淡路,4丁目,21番,軽四輪車(小さい車)で収集している地域,,,,火金,,,,,,,,,,,,,,,,,,月,,,,,,,,,,,,,,,,木,,,,,,,,,,,,,,,,,月,,,,,,,,,,,
東淀川区,東淡路,4丁目,21番,上記以外,,,,,,,,,,,,,,,火金,,,,,,,月,,,,,,,,,,,,,,,,木,,,,,,,,,,,,,,,,月,,,,,,,,,,,,
東淀川区,東淡路,4丁目,22番,軽四輪車(小さい車)で収集している地域,,,,火金,,,,,,,,,,,,,,,,,,月,,,,,,,,,,,,,,,,木,,,,,,,,,,,,,,,,,月,,,,,,,,,,,
東淀川区,東淡路,4丁目,22番,上記以外,,,,,,火金,,,,,,,,,,,,,,,,月,,,,,,,,,,,,,,,,木,,,,,,,,,,,,,,,,月,,,,,,,,,,,,
東淀川区,東淡路,4丁目,23番,軽四輪車(小さい車)で収集している地域,,,,火金,,,,,,,,,,,,,,,,,,月,,,,,,,,,,,,,,,,木,,,,,,,,,,,,,,,,,月,,,,,,,,,,,
東淀川区,東淡路,4丁目,23番,上記以外,,,,,,,,,,,,,,,火金,,,,,,,月,,,,,,,,,,,,,,,,木,,,,,,,,,,,,,,,,,月,,,,,,,,,,,
東淀川区,東淡路,4丁目,24番,軽四輪車(小さい車)で収集している地域,,,,火金,,,,,,,,,,,,,,,,,,月,,,,,,,,,,,,,,,,木,,,,,,,,,,,,,,,,月,,,,,,,,,,,,
東淀川区,東淡路,4丁目,24番,上記以外,,,,,,,,,,,,,,,火金,,,,,,,月,,,,,,,,,,,,,,,,木,,,,,,,,,,,,,,,,月,,,,,,,,,,,,
東淀川区,東淡路,4丁目,25番,軽四輪車(小さい車)で収集している地域,,,,火金,,,,,,,,,,,,,,,,,,月,,,,,,,,,,,,,,,,木,,,,,,,,,,,,,,,,月,,,,,,,,,,,,
東淀川区,東淡路,4丁目,25番,上記以外,,,,,,,,,,,,,,,火金,,,,,,,月,,,,,,,,,,,,,,,,木,,,,,,,,,,,,,,,,月,,,,,,,,,,,,
東淀川区,東淡路,4丁目,26番,軽四輪車(小さい車)で収集している地域,,,,火金,,,,,,,,,,,,,,,,,,月,,,,,,,,,,,,,,,,木,,,,,,,,,,,,,,,,月,,,,,,,,,,,,
東淀川区,東淡路,4丁目,26番,上記以外,,,,,,,,,,,,,,,火金,,,,,,,月,,,,,,,,,,,,,,,,木,,,,,,,,,,,,,,,,月,,,,,,,,,,,,
東淀川区,東淡路,4丁目,27番,軽四輪車(小さい車)で収集している地域,,,,火金,,,,,,,,,,,,,,,,,,月,,,,,,,,,,,,,,,,木,,,,,,,,,,,,,,,,月,,,,,,,,,,,,
東淀川区,東淡路,4丁目,27番,上記以外,,,,,,,,,,,,,,,火金,,,,,,,月,,,,,,,,,,,,,,,,木,,,,,,,,,,,,,,,,月,,,,,,,,,,,,
東淀川区,東淡路,4丁目,28番,軽四輪車(小さい車)で収集している地域,,,,火金,,,,,,,,,,,,,,,,,,月,,,,,,,,,,,,,,,,木,,,,,,,,,,,,,,,,,月,,,,,,,,,,,
東淀川区,東淡路,4丁目,28番,上記以外,,,,,,,,,,,,,,,火金,,,,,,,月,,,,,,,,,,,,,,,,木,,,,,,,,,,,,,,,,,月,,,,,,,,,,,
東淀川区,東淡路,4丁目,29番,,,,,,,,,,,,,,,,火金,,,,,,,月,,,,,,,,,,,,,,,,木,,,,,,,,,,,,,,,,月,,,,,,,,,,,,
東淀川区,東淡路,4丁目,30番,,,,,,,,,,,,,,,,火金,,,,,,,,,,,,月,,,,,,,,,,,,,,,,木,,,,,,,,,,,,月,,,,,,,,,,,
東淀川区,東淡路,4丁目,31番,,,,,,,,,,,,,,,,火金,,,,,,,,月,,,,,,,,,,,,,,,,木,,,,,,,,,,,,,,,,月,,,,,,,,,,,
東淀川区,東淡路,4丁目,32番,,,,,,,,,火金,,,,,,,,,,,,,,月,,,,,,,,,,,,,,,,木,,,,,,,,,,,,,,,,,月,,,,,,,,,,,
東淀川区,東淡路,4丁目,33番,,,,,,,火金,,,,,,,,,,,,,,,,月,,,,,,,,,,,,,,,,木,,,,,,,,,,,,,,,,月,,,,,,,,,,,,
東淀川区,東淡路,5丁目,1番,12～14号,,,,,火金,,,,,,,,,,,,,,,,,,,月,,,,,,,,,,,,,,,,木,,,,,,,,,,,,,,月,,,,,,,,,,,,
東淀川区,東淡路,5丁目,1番,軽四輪車(小さい車)で収集している地域,,,,,,,,,,火金,,,,,,,,,,,,,,,,,,,月,,,,,,,,,,,,,,,,木,,,,,,,,,,月,,,,,,,,,,,
東淀川区,東淡路,5丁目,1番,上記以外,,,,,,,,火金,,,,,,,,,,,,,,,,月,,,,,,,,,,,,,,,,木,,,,,,,,,,,,,,月,,,,,,,,,,,,
東淀川区,東淡路,5丁目,2番,1･14･17号,,,,,火金,,,,,,,,,,,,,,,,,,,月,,,,,,,,,,,,,,,,木,,,,,,,,,,,,,,月,,,,,,,,,,,,
東淀川区,東淡路,5丁目,2番,軽四輪車(小さい車)で収集している地域,,,,,,,,,,火金,,,,,,,,,,,,,,,,,,,月,,,,,,,,,,,,,,,,木,,,,,,,,,,月,,,,,,,,,,,
東淀川区,東淡路,5丁目,2番,上記以外,,,,,,,,火金,,,,,,,,,,,,,,,,月,,,,,,,,,,,,,,,,木,,,,,,,,,,,,,,月,,,,,,,,,,,,
東淀川区,東淡路,5丁目,3番,27~34号,,,,,火金,,,,,,,,,,,,,,,,,,,月,,,,,,,,,,,,,,,,木,,,,,,,,,,,,,,月,,,,,,,,,,,,
東淀川区,東淡路,5丁目,3番,軽四輪車(小さい車)で収集している地域,,,,,,,,,,火金,,,,,,,,,,,,,,,,,,,月,,,,,,,,,,,,,,,,木,,,,,,,,,,月,,,,,,,,,,,
東淀川区,東淡路,5丁目,3番,上記以外,,,,,,,,火金,,,,,,,,,,,,,,,,月,,,,,,,,,,,,,,,,木,,,,,,,,,,,,,,月,,,,,,,,,,,,
東淀川区,東淡路,5丁目,4番,,,,,,,,,,,火金,,,,,,,,,,,,,,月,,,,,,,,,,,,,,,,木,,,,,,,,,,,,,,月,,,,,,,,,,,,
東淀川区,東淡路,5丁目,5番,4~8号,,,,火金,,,,,,,,,,,,,,,,,,,,月,,,,,,,,,,,,,,,,木,,,,,,,,,,,,,,月,,,,,,,,,,,,
東淀川区,東淡路,5丁目,5番,上記以外,,,,,,,,火金,,,,,,,,,,,,,,,,月,,,,,,,,,,,,,,,,木,,,,,,,,,,,,,,月,,,,,,,,,,,,
東淀川区,東淡路,5丁目,6番,2･3号,,,,火金,,,,,,,,,,,,,,,,,,,,月,,,,,,,,,,,,,,,,木,,,,,,,,,,,,,,月,,,,,,,,,,,,
東淀川区,東淡路,5丁目,6番,上記以外,,,,,,,,,,火金,,,,,,,,,,,,,,月,,,,,,,,,,,,,,,,木,,,,,,,,,,,,,,月,,,,,,,,,,,,
東淀川区,東淡路,5丁目,7番,,,,,,,,,火金,,,,,,,,,,,,,,,,月,,,,,,,,,,,,,,,,木,,,,,,,,,,,,,,,月,,,,,,,,,,,
東淀川区,東淡路,5丁目,8番,,,,,,,,,火金,,,,,,,,,,,,,,,,月,,,,,,,,,,,,,,,,木,,,,,,,,,,,,,,月,,,,,,,,,,,,
東淀川区,東淡路,5丁目,9番,1･2･4~7号,,,,火金,,,,,,,,,,,,,,,,,,,,,,,月,,,,,,,,,,,,,,,,木,,,,,,,,,,,月,,,,,,,,,,,,
東淀川区,東淡路,5丁目,9番,上記以外,,,,,,,,火金,,,,,,,,,,,,,,,,,,,月,,,,,,,,,,,,,,,,木,,,,,,,,,,,月,,,,,,,,,,,,
東淀川区,東淡路,5丁目,10番,,,,,,,,,火金,,,,,,,,,,,,,,,,,,,月,,,,,,,,,,,,,,,,木,,,,,,,,,,,月,,,,,,,,,,,,
東淀川区,東淡路,5丁目,11番,3~12号,,,,火金,,,,,,,,,,,,,,,,,,月,,,,,,,,,,,,,,,,木,,,,,,,,,,,,,,,,月,,,,,,,,,,,,
東淀川区,東淡路,5丁目,11番,上記以外,,,,,,,,,,,,,,,火金,,,,,,,月,,,,,,,,,,,,,,,,木,,,,,,,,,,,,,,,,月,,,,,,,,,,,,
東淀川区,東淡路,5丁目,12番,2~27号,,,,火金,,,,,,,,,,,,,,,,,,月,,,,,,,,,,,,,,,,木,,,,,,,,,,,,,,,,月,,,,,,,,,,,,
東淀川区,東淡路,5丁目,12番,上記以外,,,,,,,,,,,,,,,火金,,,,,,,月,,,,,,,,,,,,,,,,木,,,,,,,,,,,,,,,,月,,,,,,,,,,,,
東淀川区,東淡路,5丁目,13番,2~13号,,,,火金,,,,,,,,,,,,,,,,,,,,,,,月,,,,,,,,,,,,,,,,木,,,,,,,,,,,,月,,,,,,,,,,,
東淀川区,東淡路,5丁目,13番,上記以外,,,,,,,,,,,,,,,火金,,,,,,,,,,,,月,,,,,,,,,,,,,,,,木,,,,,,,,,,,,月,,,,,,,,,,,
東淀川区,東淡路,5丁目,14番,2~13号,,,,火金,,,,,,,,,,,,,,,,,,,,,,,月,,,,,,,,,,,,,,,,木,,,,,,,,,,,,月,,,,,,,,,,,
東淀川区,東淡路,5丁目,14番,上記以外,,,,,,,,,,,,,,,火金,,,,,,,,,,,,月,,,,,,,,,,,,,,,,木,,,,,,,,,,,,月,,,,,,,,,,,
東淀川区,東淡路,5丁目,15番,1~23号,,,,火金,,,,,,,,,,,,,,,,,,月,,,,,,,,,,,,,,,,木,,,,,,,,,,,,,,,,,月,,,,,,,,,,,
東淀川区,東淡路,5丁目,15番,上記以外,,,,,,,,,,,,,,,火金,,,,,,,月,,,,,,,,,,,,,,,,木,,,,,,,,,,,,,,,,,月,,,,,,,,,,,
東淀川区,東淡路,5丁目,16番,,,,,,,,,,,,,,,,火金,,,,,,,月,,,,,,,,,,,,,,,,木,,,,,,,,,,,,,,,,,月,,,,,,,,,,,
東淀川区,東淡路,5丁目,17番,2･3号,,,,火金,,,,,,,,,,,,,,,,,,月,,,,,,,,,,,,,,,,木,,,,,,,,,,,,,,,,,月,,,,,,,,,,,
東淀川区,東淡路,5丁目,17番,上記以外,,,,,,,,,,,,,,,火金,,,,,,,月,,,,,,,,,,,,,,,,木,,,,,,,,,,,,,,,,,月,,,,,,,,,,,
東淀川区,東淡路,5丁目,18番,,,,,,,,,,,,,,,,火金,,,,,,,月,,,,,,,,,,,,,,,,木,,,,,,,,,,,,,,,,,月,,,,,,,,,,,
東淀川区,東中島,1丁目,1番,,,,,,,,,,,,,,,,,,火金,,,,,月,,,,,,,,,,,,,,,,木,,,,,,,,,,,,,,,,火,,,,,,,,,,,,
東淀川区,東中島,1丁目,2番,,,,,,,,,,,,,,,,,,火金,,,,,月,,,,,,,,,,,,,,,,木,,,,,,,,,,,,,,,,火,,,,,,,,,,,,
東淀川区,東中島,1丁目,3番,,,,,,,,,,,,,,,,,,火金,,,,,月,,,,,,,,,,,,,,,,木,,,,,,,,,,,,,,,,火,,,,,,,,,,,,
東淀川区,東中島,1丁目,4番,,,,,,,,,,,,,,,,,,火金,,,,,月,,,,,,,,,,,,,,,,木,,,,,,,,,,,,,,,,火,,,,,,,,,,,,
東淀川区,東中島,1丁目,5番,,,,,,,,,,,,,,,,火金,,,,,,,月,,,,,,,,,,,,,,,,木,,,,,,,,,,,,,,,,火,,,,,,,,,,,,
東淀川区,東中島,1丁目,6番,,,,,,,,,,,,,,,,火金,,,,,,,月,,,,,,,,,,,,,,,,木,,,,,,,,,,,,,,,,火,,,,,,,,,,,,
東淀川区,東中島,1丁目,7番,,,,,,,,,,,,,,,,火金,,,,,,,月,,,,,,,,,,,,,,,,木,,,,,,,,,,,,,,,,火,,,,,,,,,,,,
東淀川区,東中島,1丁目,8番,,,,,,,,,,,,,,,,火金,,,,,,,月,,,,,,,,,,,,,,,,木,,,,,,,,,,,,,,,,火,,,,,,,,,,,,
東淀川区,東中島,1丁目,9番,,,,,,,,,,,,,,,,火金,,,,,,,月,,,,,,,,,,,,,,,,木,,,,,,,,,,,,,,,,火,,,,,,,,,,,,
東淀川区,東中島,1丁目,10番,,,,,,,,,,,,,,,,火金,,,,,,,月,,,,,,,,,,,,,,,,木,,,,,,,,,,,,,,,,火,,,,,,,,,,,,
東淀川区,東中島,1丁目,11番,,,,,,,,,,,,,,,,火金,,,,,,,月,,,,,,,,,,,,,,,,木,,,,,,,,,,,,,,,,火,,,,,,,,,,,,
東淀川区,東中島,1丁目,12番,,,,,,,,,,,,,,,,火金,,,,,,,月,,,,,,,,,,,,,,,,木,,,,,,,,,,,,,,,,火,,,,,,,,,,,,
東淀川区,東中島,1丁目,13番,,,,,,,,,,,,,,,,,,火金,,,,,月,,,,,,,,,,,,,,,,木,,,,,,,,,,,,,,,,火,,,,,,,,,,,,
東淀川区,東中島,1丁目,14番,,,,,,,,,,,,,,,,,,火金,,,,,月,,,,,,,,,,,,,,,,木,,,,,,,,,,,,,,,,火,,,,,,,,,,,,
東淀川区,東中島,1丁目,15番,,,,,,,,,,,,,,,,,,火金,,,,,月,,,,,,,,,,,,,,,,木,,,,,,,,,,,,,,,,火,,,,,,,,,,,,
東淀川区,東中島,1丁目,16番,,,,,,,,,,,,,,,,,,火金,,,,,月,,,,,,,,,,,,,,,,木,,,,,,,,,,,,,,,,火,,,,,,,,,,,,
東淀川区,東中島,1丁目,17番,,,,,,,,,,,,,,,,,,火金,,,,,月,,,,,,,,,,,,,,,,木,,,,,,,,,,,,,,,,火,,,,,,,,,,,,
東淀川区,東中島,1丁目,18番,,,,,,,,,,,,,,,,,,火金,,,,,月,,,,,,,,,,,,,,,,木,,,,,,,,,,,,,,,,火,,,,,,,,,,,,
東淀川区,東中島,1丁目,19番,,,,,,,,,,,,,,,,,,火金,,,,,月,,,,,,,,,,,,,,,,木,,,,,,,,,,,,,,,,火,,,,,,,,,,,,
東淀川区,東中島,1丁目,20番,,,,,,,,,,,,,,,,,,火金,,,,,月,,,,,,,,,,,,,,,,木,,,,,,,,,,,,,,,,火,,,,,,,,,,,,
東淀川区,東中島,1丁目,21番,,,,,,,,,,,,,,,,,,火金,,,,,月,,,,,,,,,,,,,,,,木,,,,,,,,,,,,,,,,火,,,,,,,,,,,,
東淀川区,東中島,2丁目,1番,,,,,,,,,,,,,,,,,,火金,,,,,月,,,,,,,,,,,,,,,,木,,,,,,,,,,,,,,,,火,,,,,,,,,,,,
東淀川区,東中島,2丁目,2番,,,,,,,,,,,,,,,,,,火金,,,,,月,,,,,,,,,,,,,,,,木,,,,,,,,,,,,,,,,火,,,,,,,,,,,,
東淀川区,東中島,2丁目,3番,,,,,,,,,,,,,,,,,,火金,,,,,月,,,,,,,,,,,,,,,,木,,,,,,,,,,,,,,,,火,,,,,,,,,,,,
東淀川区,東中島,2丁目,4番,,,,,,,,,,,,,,,,,,火金,,,,,月,,,,,,,,,,,,,,,,木,,,,,,,,,,,,,,,,火,,,,,,,,,,,,
東淀川区,東中島,2丁目,5番,,,,,,,,,,,,,,,,,,火金,,,,,月,,,,,,,,,,,,,,,,木,,,,,,,,,,,,,,,,火,,,,,,,,,,,,
東淀川区,東中島,2丁目,6番,,,,,,,,,,,,,,,,,,火金,,,,,月,,,,,,,,,,,,,,,,木,,,,,,,,,,,,,,,,火,,,,,,,,,,,,
東淀川区,東中島,2丁目,7番,,,,,,,,,,,,,,,,,,火金,,,,,月,,,,,,,,,,,,,,,,木,,,,,,,,,,,,,,,,火,,,,,,,,,,,,
東淀川区,東中島,2丁目,8番,,,,,,,,,,,,,,,,,,火金,,,,,月,,,,,,,,,,,,,,,,木,,,,,,,,,,,,,,,,火,,,,,,,,,,,,
東淀川区,東中島,2丁目,9番,,,,,,,,,,,,,,,,,,火金,,,,,月,,,,,,,,,,,,,,,,木,,,,,,,,,,,,,,,,火,,,,,,,,,,,,
東淀川区,東中島,2丁目,10番,,,,,,,,,,,,,,,,,,火金,,,,,月,,,,,,,,,,,,,,,,木,,,,,,,,,,,,,,,,火,,,,,,,,,,,,
東淀川区,東中島,2丁目,11番,,,,,,,,,,,,,,,,,火金,,,,,,月,,,,,,,,,,,,,,,,木,,,,,,,,,,,,,,,,火,,,,,,,,,,,,
東淀川区,東中島,2丁目,12番,,,,,,,,,,,,,,,,,火金,,,,,,月,,,,,,,,,,,,,,,,木,,,,,,,,,,,,,,,,火,,,,,,,,,,,,
東淀川区,東中島,2丁目,13番,,,,,,,,,,,,,,,,,,火金,,,,,月,,,,,,,,,,,,,,,,木,,,,,,,,,,,,,,,,火,,,,,,,,,,,,
東淀川区,東中島,2丁目,14番,,,,,,,,,,,,,,,,,火金,,,,,,月,,,,,,,,,,,,,,,,木,,,,,,,,,,,,,,,,火,,,,,,,,,,,,
東淀川区,東中島,2丁目,15番,,,,,,,,,,,,,,,,,,火金,,,,,月,,,,,,,,,,,,,,,,木,,,,,,,,,,,,,,,,火,,,,,,,,,,,,
東淀川区,東中島,2丁目,16番,,,,,,,,,,,,,,,,,,火金,,,,,月,,,,,,,,,,,,,,,,木,,,,,,,,,,,,,,,,火,,,,,,,,,,,,
東淀川区,東中島,2丁目,17番,,,,,,,,,,,,,,,,,,火金,,,,,月,,,,,,,,,,,,,,,,木,,,,,,,,,,,,,,,,火,,,,,,,,,,,,
東淀川区,東中島,2丁目,18番,,,,,,,,,,,,,,,,,,火金,,,,,月,,,,,,,,,,,,,,,,木,,,,,,,,,,,,,,,,火,,,,,,,,,,,,
東淀川区,東中島,2丁目,19番,,,,,,,,,,,,,,,,,,火金,,,,,月,,,,,,,,,,,,,,,,木,,,,,,,,,,,,,,,,火,,,,,,,,,,,,
東淀川区,東中島,2丁目,20番,,,,,,,,,,,,,,,,,,火金,,,,,月,,,,,,,,,,,,,,,,木,,,,,,,,,,,,,,,,火,,,,,,,,,,,,
東淀川区,東中島,2丁目,21番,,,,,,,,,,,,,,,,,,火金,,,,,月,,,,,,,,,,,,,,,,木,,,,,,,,,,,,,,,,火,,,,,,,,,,,,
東淀川区,東中島,2丁目,22番,,,,,,,,,,,,,,,,,,火金,,,,,月,,,,,,,,,,,,,,,,木,,,,,,,,,,,,,,,,火,,,,,,,,,,,,
東淀川区,東中島,2丁目,23番,,,,,,,,,,,,,,,,,,火金,,,,,月,,,,,,,,,,,,,,,,木,,,,,,,,,,,,,,,,火,,,,,,,,,,,,
東淀川区,東中島,2丁目,24番,,,,,,,,,,,,,,,,,,火金,,,,,月,,,,,,,,,,,,,,,,木,,,,,,,,,,,,,,,,火,,,,,,,,,,,,
東淀川区,東中島,2丁目,25番,,,,,,,,,,,,,,,,,,火金,,,,,月,,,,,,,,,,,,,,,,木,,,,,,,,,,,,,,,,火,,,,,,,,,,,,
東淀川区,東中島,2丁目,26番,,,,,,,,,,,,,,,,,,火金,,,,,月,,,,,,,,,,,,,,,,木,,,,,,,,,,,,,,,,火,,,,,,,,,,,,
東淀川区,東中島,3丁目,1番,,,,,,,,,,,,,,,,,火金,,,,,,月,,,,,,,,,,,,,,,,木,,,,,,,,,,,,,,,,火,,,,,,,,,,,,
東淀川区,東中島,3丁目,2番,,,,,,,,,,,,,,,,,火金,,,,,,月,,,,,,,,,,,,,,,,木,,,,,,,,,,,,,,,,火,,,,,,,,,,,,
東淀川区,東中島,3丁目,3番,,,,,,,,,,,,,,,,,,火金,,,,,月,,,,,,,,,,,,,,,,木,,,,,,,,,,,,,,,,火,,,,,,,,,,,,
東淀川区,東中島,3丁目,4番,,,,,,,,,,,,,,,,,,火金,,,,,月,,,,,,,,,,,,,,,,木,,,,,,,,,,,,,,,,火,,,,,,,,,,,,
東淀川区,東中島,3丁目,5番,,,,,,,,,,,,,,,,,,火金,,,,,月,,,,,,,,,,,,,,,,木,,,,,,,,,,,,,,,,火,,,,,,,,,,,,
東淀川区,東中島,3丁目,6番,,,,,,,,,,,,,,,,,,火金,,,,,月,,,,,,,,,,,,,,,,木,,,,,,,,,,,,,,,,火,,,,,,,,,,,,
東淀川区,東中島,3丁目,7番,,,,,,,,,,,,,,,,,,火金,,,,,月,,,,,,,,,,,,,,,,木,,,,,,,,,,,,,,,,火,,,,,,,,,,,,
東淀川区,東中島,3丁目,8番,,,,,,,,,,,,,,,,,,火金,,,,,月,,,,,,,,,,,,,,,,木,,,,,,,,,,,,,,,,火,,,,,,,,,,,,
東淀川区,東中島,3丁目,9番,,,,,,,,,,,,,,,,,,火金,,,,,月,,,,,,,,,,,,,,,,木,,,,,,,,,,,,,,,,火,,,,,,,,,,,,
東淀川区,東中島,3丁目,10番,,,,,,,,,,,,,,,,,,火金,,,,,月,,,,,,,,,,,,,,,,木,,,,,,,,,,,,,,,,火,,,,,,,,,,,,
東淀川区,東中島,3丁目,11番,,,,,,,,,,,,,,,,,,火金,,,,,月,,,,,,,,,,,,,,,,木,,,,,,,,,,,,,,,,火,,,,,,,,,,,,
東淀川区,東中島,3丁目,12番,,,,,,,,,,,,,,,,,,火金,,,,,月,,,,,,,,,,,,,,,,木,,,,,,,,,,,,,,,,火,,,,,,,,,,,,
東淀川区,東中島,3丁目,13番,,,,,,,,,,,,,,,,,,火金,,,,,月,,,,,,,,,,,,,,,,木,,,,,,,,,,,,,,,,火,,,,,,,,,,,,
東淀川区,東中島,3丁目,14番,,,,,,,,,,,,,,,,,,火金,,,,,月,,,,,,,,,,,,,,,,木,,,,,,,,,,,,,,,,火,,,,,,,,,,,,
東淀川区,東中島,3丁目,15番,,,,,,,,,,,,,,,,,,火金,,,,,月,,,,,,,,,,,,,,,,木,,,,,,,,,,,,,,,,火,,,,,,,,,,,,
東淀川区,東中島,3丁目,16番,,,,,,,,,,,,,,,,,,火金,,,,,月,,,,,,,,,,,,,,,,木,,,,,,,,,,,,,,,,火,,,,,,,,,,,,
東淀川区,東中島,3丁目,17番,,,,,,,,,,,,,,,,,,火金,,,,,月,,,,,,,,,,,,,,,,木,,,,,,,,,,,,,,,,火,,,,,,,,,,,,
東淀川区,東中島,4丁目,1番,,,,,,,,,,,,,,,,,火金,,,,,,月,,,,,,,,,,,,,,,,木,,,,,,,,,,,,,,,,火,,,,,,,,,,,,
東淀川区,東中島,4丁目,2番,,,,,,,,,,,,,,,,,火金,,,,,,月,,,,,,,,,,,,,,,,木,,,,,,,,,,,,,,,,火,,,,,,,,,,,,
東淀川区,東中島,4丁目,3番,,,,,,,,,,,,,,,,,,火金,,,,,月,,,,,,,,,,,,,,,,木,,,,,,,,,,,,,,,,火,,,,,,,,,,,,
東淀川区,東中島,4丁目,4番,,,,,,,,,,,,,,,,,,火金,,,,,月,,,,,,,,,,,,,,,,木,,,,,,,,,,,,,,,,火,,,,,,,,,,,,
東淀川区,東中島,4丁目,5番,,,,,,,,,,,,,,,,,,火金,,,,,月,,,,,,,,,,,,,,,,木,,,,,,,,,,,,,,,,火,,,,,,,,,,,,
東淀川区,東中島,4丁目,6番,,,,,,,,,,,,,,,,,,火金,,,,,月,,,,,,,,,,,,,,,,木,,,,,,,,,,,,,,,,火,,,,,,,,,,,,
東淀川区,東中島,4丁目,7番,,,,,,,,,,,,,,,,,,火金,,,,,月,,,,,,,,,,,,,,,,木,,,,,,,,,,,,,,,,火,,,,,,,,,,,,
東淀川区,東中島,4丁目,8番,,,,,,,,,,,,,,,,,,火金,,,,,月,,,,,,,,,,,,,,,,木,,,,,,,,,,,,,,,,火,,,,,,,,,,,,
東淀川区,東中島,4丁目,9番,,,,,,,,,,,,,,,,,,火金,,,,,月,,,,,,,,,,,,,,,,木,,,,,,,,,,,,,,,,火,,,,,,,,,,,,
東淀川区,東中島,4丁目,10番,,,,,,,,,,,,,,,,,,火金,,,,,月,,,,,,,,,,,,,,,,木,,,,,,,,,,,,,,,,火,,,,,,,,,,,,
東淀川区,東中島,4丁目,11番,,,,,,,,,,,,,,,,,,火金,,,,,月,,,,,,,,,,,,,,,,木,,,,,,,,,,,,,,,,火,,,,,,,,,,,,
東淀川区,東中島,4丁目,12番,,,,,,,,,,,,,,,,,,火金,,,,,月,,,,,,,,,,,,,,,,木,,,,,,,,,,,,,,,,火,,,,,,,,,,,,
東淀川区,東中島,4丁目,13番,,,,,,,,,,,,,,,,,,火金,,,,,月,,,,,,,,,,,,,,,,木,,,,,,,,,,,,,,,,火,,,,,,,,,,,,
東淀川区,東中島,5丁目,1番,,,,,,,,,,,,,,,,,,火金,,,,,月,,,,,,,,,,,,,,,,木,,,,,,,,,,,,,,,,火,,,,,,,,,,,,
東淀川区,東中島,5丁目,2番,,,,,,,,,,,,,,,,,,火金,,,,,月,,,,,,,,,,,,,,,,木,,,,,,,,,,,,,,,,火,,,,,,,,,,,,
東淀川区,東中島,5丁目,3番,,,,,,,,,,,,,,,,,,火金,,,,,月,,,,,,,,,,,,,,,,木,,,,,,,,,,,,,,,,火,,,,,,,,,,,,
東淀川区,東中島,5丁目,4番,,,,,,,,,,,,,,,,,,火金,,,,,月,,,,,,,,,,,,,,,,木,,,,,,,,,,,,,,,,火,,,,,,,,,,,,
東淀川区,東中島,5丁目,5番,,,,,,,,,,,,,,,,,,火金,,,,,月,,,,,,,,,,,,,,,,木,,,,,,,,,,,,,,,,火,,,,,,,,,,,,
東淀川区,東中島,5丁目,6番,,,,,,,,,,,,,,,,,,火金,,,,,月,,,,,,,,,,,,,,,,木,,,,,,,,,,,,,,,,火,,,,,,,,,,,,
東淀川区,東中島,5丁目,7番,,,,,,,,,,,,,,,,,,火金,,,,,月,,,,,,,,,,,,,,,,木,,,,,,,,,,,,,,,,火,,,,,,,,,,,,
東淀川区,東中島,5丁目,8番,,,,,,,,,,,,,,,,,,火金,,,,,月,,,,,,,,,,,,,,,,木,,,,,,,,,,,,,,,,火,,,,,,,,,,,,
東淀川区,東中島,5丁目,9番,,,,,,,,,,,,,,,,,,火金,,,,,月,,,,,,,,,,,,,,,,木,,,,,,,,,,,,,,,,火,,,,,,,,,,,,
東淀川区,東中島,5丁目,10番,,,,,,,,,,,,,,,,,,火金,,,,,月,,,,,,,,,,,,,,,,木,,,,,,,,,,,,,,,,火,,,,,,,,,,,,
東淀川区,東中島,5丁目,11番,,,,,,,,,,,,,,,,,,火金,,,,,月,,,,,,,,,,,,,,,,木,,,,,,,,,,,,,,,,火,,,,,,,,,,,,
東淀川区,東中島,5丁目,12番,,,,,,,,,,,,,,,,,,火金,,,,,月,,,,,,,,,,,,,,,,木,,,,,,,,,,,,,,,,火,,,,,,,,,,,,
東淀川区,東中島,5丁目,13番,,,,,,,,,,,,,,,,,,火金,,,,,月,,,,,,,,,,,,,,,,木,,,,,,,,,,,,,,,,火,,,,,,,,,,,,
東淀川区,東中島,5丁目,14番,,,,,,,,,,,,,,,,,,火金,,,,,月,,,,,,,,,,,,,,,,木,,,,,,,,,,,,,,,,火,,,,,,,,,,,,
東淀川区,東中島,5丁目,15番,,,,,,,,,,,,,,,,,,火金,,,,,月,,,,,,,,,,,,,,,,木,,,,,,,,,,,,,,,,火,,,,,,,,,,,,
東淀川区,東中島,5丁目,16番,,,,,,,,,,,,,,,,,,火金,,,,,月,,,,,,,,,,,,,,,,木,,,,,,,,,,,,,,,,火,,,,,,,,,,,,
東淀川区,東中島,5丁目,17番,,,,,,,,,,,,,,,,,,火金,,,,,月,,,,,,,,,,,,,,,,木,,,,,,,,,,,,,,,,火,,,,,,,,,,,,
東淀川区,東中島,5丁目,18番,,,,,,,,,,,,,,,,,,火金,,,,,月,,,,,,,,,,,,,,,,木,,,,,,,,,,,,,,,,火,,,,,,,,,,,,
東淀川区,東中島,5丁目,19番,,,,,,,,,,,,,,,,,,火金,,,,,月,,,,,,,,,,,,,,,,木,,,,,,,,,,,,,,,,火,,,,,,,,,,,,
東淀川区,東中島,5丁目,20番,,,,,,,,,,,,,,,,,,火金,,,,,月,,,,,,,,,,,,,,,,木,,,,,,,,,,,,,,,,火,,,,,,,,,,,,
東淀川区,東中島,5丁目,21番,,,,,,,,,,,,,,,,,,火金,,,,,月,,,,,,,,,,,,,,,,木,,,,,,,,,,,,,,,,火,,,,,,,,,,,,
東淀川区,東中島,5丁目,22番,,,,,,,,,,,,,,,,,,火金,,,,,月,,,,,,,,,,,,,,,,木,,,,,,,,,,,,,,,,火,,,,,,,,,,,,
東淀川区,東中島,5丁目,23番,,,,,,,,,,,,,,,,,,火金,,,,,月,,,,,,,,,,,,,,,,木,,,,,,,,,,,,,,,,火,,,,,,,,,,,,
東淀川区,東中島,5丁目,24番,,,,,,,,,,,,,,,,,,火金,,,,,月,,,,,,,,,,,,,,,,木,,,,,,,,,,,,,,,,火,,,,,,,,,,,,
東淀川区,東中島,5丁目,25番,,,,,,,,,,,,,,,,,,火金,,,,,月,,,,,,,,,,,,,,,,木,,,,,,,,,,,,,,,,火,,,,,,,,,,,,
東淀川区,東中島,5丁目,26番,,,,,,,,,,,,,,,,,,火金,,,,,月,,,,,,,,,,,,,,,,木,,,,,,,,,,,,,,,,火,,,,,,,,,,,,
東淀川区,東中島,5丁目,27番,,,,,,,,,,,,,,,,,,火金,,,,,月,,,,,,,,,,,,,,,,木,,,,,,,,,,,,,,,,火,,,,,,,,,,,,
東淀川区,東中島,5丁目,28番,,,,,,,,,,,,,,,,,,火金,,,,,月,,,,,,,,,,,,,,,,木,,,,,,,,,,,,,,,,火,,,,,,,,,,,,
東淀川区,東中島,5丁目,29番,,,,,,,,,,,,,,,,,,火金,,,,,月,,,,,,,,,,,,,,,,木,,,,,,,,,,,,,,,,火,,,,,,,,,,,,
東淀川区,東中島,5丁目,30番,,,,,,,,,,,,,,,,,,火金,,,,,月,,,,,,,,,,,,,,,,木,,,,,,,,,,,,,,,,火,,,,,,,,,,,,
東淀川区,東中島,5丁目,31番,,,,,,,,,,,,,,,,,,火金,,,,,月,,,,,,,,,,,,,,,,木,,,,,,,,,,,,,,,,火,,,,,,,,,,,,
東淀川区,東中島,5丁目,32番,,,,,,,,,,,,,,,,,,火金,,,,,月,,,,,,,,,,,,,,,,木,,,,,,,,,,,,,,,,火,,,,,,,,,,,,
東淀川区,東中島,6丁目,1番,,,,,,,,,,,,,,,,,,火金,,,,,月,,,,,,,,,,,,,,,,木,,,,,,,,,,,,,,,,火,,,,,,,,,,,,
東淀川区,東中島,6丁目,2番,,,,,,,,,,,,,,,,,,火金,,,,,月,,,,,,,,,,,,,,,,木,,,,,,,,,,,,,,,,火,,,,,,,,,,,,
東淀川区,東中島,6丁目,3番,,,,,,,,,,,,,,,,,,火金,,,,,月,,,,,,,,,,,,,,,,木,,,,,,,,,,,,,,,,火,,,,,,,,,,,,
東淀川区,東中島,6丁目,4番,,,,,,,,,,,,,,,,,,火金,,,,,月,,,,,,,,,,,,,,,,木,,,,,,,,,,,,,,,,火,,,,,,,,,,,,
東淀川区,東中島,6丁目,5番,,,,,,,,,,,,,,,,,,火金,,,,,月,,,,,,,,,,,,,,,,木,,,,,,,,,,,,,,,,火,,,,,,,,,,,,
東淀川区,東中島,6丁目,6番,,,,,,,,,,,,,,,,,,火金,,,,,月,,,,,,,,,,,,,,,,木,,,,,,,,,,,,,,,,火,,,,,,,,,,,,
東淀川区,東中島,6丁目,7番,,,,,,,,,,,,,,,,,,火金,,,,,月,,,,,,,,,,,,,,,,木,,,,,,,,,,,,,,,,火,,,,,,,,,,,,
東淀川区,東中島,6丁目,8番,,,,,,,,,,,,,,,,,,火金,,,,,月,,,,,,,,,,,,,,,,木,,,,,,,,,,,,,,,,火,,,,,,,,,,,,
東淀川区,東中島,6丁目,9番,,,,,,,,,,,,,,,,,,火金,,,,,月,,,,,,,,,,,,,,,,木,,,,,,,,,,,,,,,,火,,,,,,,,,,,,
東淀川区,東中島,6丁目,10番,,,,,,,,,,,,,,,,,,火金,,,,,月,,,,,,,,,,,,,,,,木,,,,,,,,,,,,,,,,火,,,,,,,,,,,,
東淀川区,東中島,6丁目,11番,,,,,,,,,,,,,,,,,,火金,,,,,月,,,,,,,,,,,,,,,,木,,,,,,,,,,,,,,,,火,,,,,,,,,,,,
東淀川区,東中島,6丁目,12番,,,,,,,,,,,,,,,,,,火金,,,,,月,,,,,,,,,,,,,,,,木,,,,,,,,,,,,,,,,火,,,,,,,,,,,,
東淀川区,豊新,1丁目,1番,,,,,,,,,,,,,,,,,,火金,,,,,,,,,,月,,,,,,,,,,,,,,,,木,,,,,,,,,,,,,,,,,,,,,,,
東淀川区,豊新,1丁目,2番,,,,,,,,,,,,,,,,,,火金,,,,,,,,,,月,,,,,,,,,,,,,,,,木,,,,,,,,,,,,,,,,,,,,,,,
東淀川区,豊新,1丁目,3番,,,,,,,,,,,,,,,,,,火金,,,,,,,,,,月,,,,,,,,,,,,,,,,木,,,,,,,,,,,,,,,,,,,,,,,
東淀川区,豊新,1丁目,4番,,,,,,,,,,,,,,,,,,火金,,,,,,,,,,月,,,,,,,,,,,,,,,,木,,,,,,,,,,,,,,,,,,,,,,,
東淀川区,豊新,1丁目,5番,,,,,,,,,,,,,,,,,,火金,,,,,,,,,,月,,,,,,,,,,,,,,,,木,,,,,,,,,,,,,,,,,,,,,,,
東淀川区,豊新,1丁目,6番,,,,,,,,,,,,,,,,,,火金,,,,,,,,,,,,月,,,,,,,,,,,,,,,,木,,,,,,,,,,,,,,,,,,,,,
東淀川区,豊新,1丁目,7番,,,,,,,,,,,,,,,,,,火金,,,,,,,,,,,月,,,,,,,,,,,,,,,,木,,,,,,,,,,,,,,,,,,,,,,
東淀川区,豊新,1丁目,8番,,,,,,,,,,,,,,,,,,火金,,,,,,,,,,,,月,,,,,,,,,,,,,,,,木,,,,,,,,,,,,,,,,,,,,,
東淀川区,豊新,1丁目,9番,,,,,,,,,,,,,,,,,,火金,,,,,,,,,,,,,,月,,,,,,,,,,,,,,,,木,,,,,,,,,,,,,,,,,,,
東淀川区,豊新,1丁目,10番,,,,,,,,,,,,,,,,,,火金,,,,,,,,,,,,,,月,,,,,,,,,,,,,,,,木,,,,,,,,,,,,,,,,,,,
東淀川区,豊新,1丁目,11番,,,,,,,,,,,,,,,,,,火金,,,,,,,,,,,,,月,,,,,,,,,,,,,,,,木,,,,,,,,,,,,,,,,,,,,
東淀川区,豊新,1丁目,12番,,,,,,,,,,,,,,,,,,火金,,,,,,,,,,,,,月,,,,,,,,,,,,,,,,木,,,,,,,,,,,,,,,,,,,,
東淀川区,豊新,1丁目,13番,,,,,,,,,,,,,,,,,,火金,,,,,,,,,,,,,月,,,,,,,,,,,,,,,,木,,,,,,,,,,,,,,,,,,,,
東淀川区,豊新,1丁目,14番,,,,,,,,,,,,,,,,,,火金,,,,,,,,,,,,,月,,,,,,,,,,,,,,,,木,,,,,,,,,,,,,,,,,,,,
東淀川区,豊新,1丁目,15番,,,,,,,,,,,,,,,,,,火金,,,,,,,,,,,,,月,,,,,,,,,,,,,,,,木,,,,,,,,,,,,,,,,,,,,
東淀川区,豊新,1丁目,16番,,,,,,,,,,,,,,,,,,火金,,,,,,,,,,,,,月,,,,,,,,,,,,,,,,木,,,,,,,,,,,,,,,,,,,,
東淀川区,豊新,1丁目,17番,,,,,,,,,,,,,,,,,,火金,,,,,,,,,,,,,月,,,,,,,,,,,,,,,,木,,,,,,,,,,,,,,,,,,,,
東淀川区,豊新,1丁目,18番,,,,,,,,,,,,,,,,,,火金,,,,,,,,,,,,,月,,,,,,,,,,,,,,,,木,,,,,,,,,,,,,,,,,,,,
東淀川区,豊新,1丁目,19番,,,,,,,,,,,,,,,,,,火金,,,,,,,,,,,,,月,,,,,,,,,,,,,,,,木,,,,,,,,,,,,,,,,,,,,
東淀川区,豊新,1丁目,20番,,,,,,,,,,,,,,,,,,火金,,,,,,,,,,,,,月,,,,,,,,,,,,,,,,木,,,,,,,,,,,,,,,,,,,,
東淀川区,豊新,1丁目,21番,,,,,,,,,,,,,,,,,,火金,,,,,,,,,,,,,月,,,,,,,,,,,,,,,,木,,,,,,,,,,,,,,,,,,,,
東淀川区,豊新,2丁目,1番,,,,,,,,,,,,,,,,,,火金,,,,,,,,,,,,月,,,,,,,,,,,,,,,,木,,,,,,,,,,,,,,,,,,,,,
東淀川区,豊新,2丁目,2番,,,,,,,,,,,,,,,,,,火金,,,,,,,,,,,,月,,,,,,,,,,,,,,,,木,,,,,,,,,,,,,,,,,,,,,
東淀川区,豊新,2丁目,3番,,,,,,,,,,,,,,,,,,火金,,,,,,,,,,,,月,,,,,,,,,,,,,,,,木,,,,,,,,,,,,,,,,,,,,,
東淀川区,豊新,2丁目,4番,,,,,,,,,,,,,,,,,,火金,,,,,,,,,,,,月,,,,,,,,,,,,,,,,木,,,,,,,,,,,,,,,,,,,,,
東淀川区,豊新,2丁目,5番,,,,,,,,,,,,,,,,,,火金,,,,,,,,,,,,月,,,,,,,,,,,,,,,,木,,,,,,,,,,,,,,,,,,,,,
東淀川区,豊新,2丁目,6番,,,,,,,,,,,,,,,,,,火金,,,,,,,,,,,,月,,,,,,,,,,,,,,,,木,,,,,,,,,,,,,,,,,,,,,
東淀川区,豊新,2丁目,7番,,,,,,,,,,,,,,,,,,火金,,,,,,,,,,,,月,,,,,,,,,,,,,,,,木,,,,,,,,,,,,,,,,,,,,,
東淀川区,豊新,2丁目,8番,,,,,,,,,,,,,,,,,,火金,,,,,,,,,,,,月,,,,,,,,,,,,,,,,木,,,,,,,,,,,,,,,,,,,,,
東淀川区,豊新,2丁目,9番,,,,,,,,,,,,,,,,,,火金,,,,,,,,,,,,月,,,,,,,,,,,,,,,,木,,,,,,,,,,,,,,,,,,,,,
東淀川区,豊新,2丁目,10番,,,,,,,,,,,,,,,,,,火金,,,,,,,,,,,,月,,,,,,,,,,,,,,,,木,,,,,,,,,,,,,,,,,,,,,
東淀川区,豊新,2丁目,11番,,,,,,,,,,,,,,,,,,火金,,,,,,,,,,,,月,,,,,,,,,,,,,,,,木,,,,,,,,,,,,,,,,,,,,,
東淀川区,豊新,2丁目,12番,,,,,,,,,,,,,,,,,,火金,,,,,,,,,,,,月,,,,,,,,,,,,,,,,木,,,,,,,,,,,,,,,,,,,,,
東淀川区,豊新,2丁目,13番,,,,,,,,,,,,,,,,,,火金,,,,,,,,,,,,月,,,,,,,,,,,,,,,,木,,,,,,,,,,,,,,,,,,,,,
東淀川区,豊新,2丁目,14番,,,,,,,,,,,,,,,,,,火金,,,,,,,,,,,,月,,,,,,,,,,,,,,,,木,,,,,,,,,,,,,,,,,,,,,
東淀川区,豊新,2丁目,15番,,,,,,,,,,,,,,,,,,火金,,,,,,,,,,,,月,,,,,,,,,,,,,,,,木,,,,,,,,,,,,,,,,,,,,,
東淀川区,豊新,2丁目,16番,メイツ上新庄,,,,,,,,,,火金,,,,,,,,,,,,,,,,,,,月,,,,,,,,,,,,,,,,木,,,,,,,,,,,,,,,,,,,,,
東淀川区,豊新,2丁目,16番,上記以外,,,,,,,,,,,,,,,,,火金,,,,,,,,,,,,月,,,,,,,,,,,,,,,,木,,,,,,,,,,,,,,,,,,,,,
東淀川区,豊新,3丁目,1番,,,,,,,,,,,,,,,,,,火金,,,,,,,,,,,,月,,,,,,,,,,,,,,,,木,,,,,,,,,,,,,,,,,,,,,
東淀川区,豊新,3丁目,2番,,,,,,,,,,,,,,,,,,火金,,,,,,,,,,,,月,,,,,,,,,,,,,,,,木,,,,,,,,,,,,,,,,,,,,,
東淀川区,豊新,3丁目,3番,,,,,,,,,,,,,,,,,,火金,,,,,,,,,,,,月,,,,,,,,,,,,,,,,木,,,,,,,,,,,,,,,,,,,,,
東淀川区,豊新,3丁目,4番,,,,,,,,,,,,,,,,,,火金,,,,,,,,,,,,月,,,,,,,,,,,,,,,,木,,,,,,,,,,,,,,,,,,,,,
東淀川区,豊新,3丁目,5番,,,,,,,,,,,,,,,,,,火金,,,,,,,,,,,,月,,,,,,,,,,,,,,,,木,,,,,,,,,,,,,,,,,,,,,
東淀川区,豊新,3丁目,6番,,,,,,,,,,,,,,,,,,火金,,,,,,,,,,,,月,,,,,,,,,,,,,,,,木,,,,,,,,,,,,,,,,,,,,,
東淀川区,豊新,3丁目,7番,,,,,,,,,,,,,,,,,,火金,,,,,,,,,,,,月,,,,,,,,,,,,,,,,木,,,,,,,,,,,,,,,,,,,,,
東淀川区,豊新,3丁目,8番,,,,,,,,,,,,,,,,,,火金,,,,,,,,,,,,,,月,,,,,,,,,,,,,,,,木,,,,,,,,,,,,,,,,,,,
東淀川区,豊新,3丁目,9番,,,,,,,,,,,,,,,,,,火金,,,,,,,,,,,,,,月,,,,,,,,,,,,,,,,木,,,,,,,,,,,,,,,,,,,
東淀川区,豊新,3丁目,10番,,,,,,,,,,,,,,,,,,火金,,,,,,,,,,,,,,月,,,,,,,,,,,,,,,,木,,,,,,,,,,,,,,,,,,,
東淀川区,豊新,3丁目,11番,,,,,,,,,,,,,,,,,,火金,,,,,,,,,,,,,,月,,,,,,,,,,,,,,,,木,,,,,,,,,,,,,,,,,,,
東淀川区,豊新,3丁目,12番,,,,,,,,,,,,,,,,,,火金,,,,,,,,,,,,,,月,,,,,,,,,,,,,,,,木,,,,,,,,,,,,,,,,,,,
東淀川区,豊新,3丁目,13番,,,,,,,,,,,,,,,,,,火金,,,,,,,,,,,,,,月,,,,,,,,,,,,,,,,木,,,,,,,,,,,,,,,,,,,
東淀川区,豊新,3丁目,14番,,,,,,,,,,,,,,,,,,火金,,,,,,,,,,,,,,月,,,,,,,,,,,,,,,,木,,,,,,,,,,,,,,,,,,,
東淀川区,豊新,3丁目,15番,,,,,,,,,,,,,,,,,,火金,,,,,,,,,,,,,,月,,,,,,,,,,,,,,,,木,,,,,,,,,,,,,,,,,,,
東淀川区,豊新,3丁目,16番,,,,,,,,,,,,,,,,,,火金,,,,,,,,,,,,,,月,,,,,,,,,,,,,,,,木,,,,,,,,,,,,,,,,,,,
東淀川区,豊新,3丁目,17番,,,,,,,,,,,,,,,,,,火金,,,,,,,,,,,,,,月,,,,,,,,,,,,,,,,木,,,,,,,,,,,,,,,,,,,
東淀川区,豊新,3丁目,18番,,,,,,,,,,,,,,,,,,火金,,,,,,,,,,,,,,月,,,,,,,,,,,,,,,,木,,,,,,,,,,,,,,,,,,,
東淀川区,豊新,3丁目,19番,,,,,,,,,,,,,,,,,,火金,,,,,,,,,,,,,,月,,,,,,,,,,,,,,,,木,,,,,,,,,,,,,,,,,,,
東淀川区,豊新,3丁目,20番,,,,,,,,,,,,,,,,,,火金,,,,,,,,,,,,,,月,,,,,,,,,,,,,,,,木,,,,,,,,,,,,,,,,,,,
東淀川区,豊新,3丁目,21番,,,,,,,,,,,,,,,,,,火金,,,,,,,,,,,,,,月,,,,,,,,,,,,,,,,木,,,,,,,,,,,,,,,,,,,
東淀川区,豊新,3丁目,22番,,,,,,,,,,,,,,,,,,火金,,,,,,,,,,,,,,月,,,,,,,,,,,,,,,,木,,,,,,,,,,,,,,,,,,,
東淀川区,豊新,3丁目,23番,,,,,,,,,,,,,,,,,,火金,,,,,,,,,,,,,,月,,,,,,,,,,,,,,,,木,,,,,,,,,,,,,,,,,,,
東淀川区,豊新,3丁目,24番,,,,,,,,,,,,,,,,,,火金,,,,,,,,,,,,,,月,,,,,,,,,,,,,,,,木,,,,,,,,,,,,,,,,,,,
東淀川区,豊新,3丁目,25番,,,,,,,,,,,,,,,,,,火金,,,,,,,,,,,,,,月,,,,,,,,,,,,,,,,木,,,,,,,,,,,,,,,,,,,
東淀川区,豊新,3丁目,26番,,,,,,,,,,,,,,,,,,火金,,,,,,,,,,,,,,月,,,,,,,,,,,,,,,,木,,,,,,,,,,,,,,,,,,,
東淀川区,豊新,4丁目,1番,,,,,,,,,,,,,,,,,,火金,,,,,,,,,,,,,,,月,,,,,,,,,,,,,,,,木,,,,,,,,,,,,,,,,,,
東淀川区,豊新,4丁目,2番,,,,,,,,,,,,,,,,,,火金,,,,,,,,,,,,,,,月,,,,,,,,,,,,,,,,木,,,,,,,,,,,,,,,,,,
東淀川区,豊新,4丁目,3番,,,,,,,,,,,,,,,,,,火金,,,,,,,,,,,,,,,月,,,,,,,,,,,,,,,,木,,,,,,,,,,,,,,,,,,
東淀川区,豊新,4丁目,4番,,,,,,,,,,,,,,,,,,火金,,,,,,,,,,,,,,,月,,,,,,,,,,,,,,,,木,,,,,,,,,,,,,,,,,,
東淀川区,豊新,4丁目,5番,,,,,,,,,,,,,,,,,,火金,,,,,,,,,,,,,,,月,,,,,,,,,,,,,,,,木,,,,,,,,,,,,,,,,,,
東淀川区,豊新,4丁目,6番,,,,,,,,,,,,,,,,,,火金,,,,,,,,,,,,,,,月,,,,,,,,,,,,,,,,木,,,,,,,,,,,,,,,,,,
東淀川区,豊新,4丁目,7番,,,,,,,,,,,,,,,,,,火金,,,,,,,,,,,,,,,月,,,,,,,,,,,,,,,,木,,,,,,,,,,,,,,,,,,
東淀川区,豊新,4丁目,8番,,,,,,,,,,,,,,,,,,火金,,,,,,,,,,,,,,,月,,,,,,,,,,,,,,,,木,,,,,,,,,,,,,,,,,,
東淀川区,豊新,4丁目,9番,,,,,,,,,,,,,,,,,,火金,,,,,,,,,,,,,,,月,,,,,,,,,,,,,,,,木,,,,,,,,,,,,,,,,,,
東淀川区,豊新,4丁目,10番,,,,,,,,,,,,,,,,,,火金,,,,,,,,,,,,,,,月,,,,,,,,,,,,,,,,木,,,,,,,,,,,,,,,,,,
東淀川区,豊新,4丁目,11番,,,,,,,,,,,,,,,,,,火金,,,,,,,,,,,,,,,月,,,,,,,,,,,,,,,,木,,,,,,,,,,,,,,,,,,
東淀川区,豊新,4丁目,12番,,,,,,,,,,,,,,,,,,火金,,,,,,,,,,,,,,,月,,,,,,,,,,,,,,,,木,,,,,,,,,,,,,,,,,,
東淀川区,豊新,4丁目,13番,,,,,,,,,,,,,,,,,,火金,,,,,,,,,,,,,,,月,,,,,,,,,,,,,,,,木,,,,,,,,,,,,,,,,,,
東淀川区,豊新,4丁目,14番,,,,,,,,,,,,,,,,,,火金,,,,,,,,,,,,,,,月,,,,,,,,,,,,,,,,木,,,,,,,,,,,,,,,,,,
東淀川区,豊新,4丁目,15番,,,,,,,,,,,,,,,,,,火金,,,,,,,,,,,,,,,月,,,,,,,,,,,,,,,,木,,,,,,,,,,,,,,,,,,
東淀川区,豊新,4丁目,16番,,,,,,,,,,,,,,,,,,火金,,,,,,,,,,,,,,,月,,,,,,,,,,,,,,,,木,,,,,,,,,,,,,,,,,,
東淀川区,豊新,4丁目,17番,,,,,,,,,,,,,,,,,,火金,,,,,,,,,,,,,,,月,,,,,,,,,,,,,,,,木,,,,,,,,,,,,,,,,,,
東淀川区,豊新,4丁目,18番,,,,,,,,,,,,,,,,,,火金,,,,,,,,,,,,,,,月,,,,,,,,,,,,,,,,木,,,,,,,,,,,,,,,,,,
東淀川区,豊新,4丁目,19番,,,,,,,,,,,,,,,,,,火金,,,,,,,,,,,,,,,月,,,,,,,,,,,,,,,,木,,,,,,,,,,,,,,,,,,
東淀川区,豊新,4丁目,20番,,,,,,,,,,,,,,,,,,火金,,,,,,,,,,,,,,,月,,,,,,,,,,,,,,,,木,,,,,,,,,,,,,,,,,,
東淀川区,豊新,4丁目,21番,,,,,,,,,,,,,,,,,,火金,,,,,,,,,,,,,,,月,,,,,,,,,,,,,,,,木,,,,,,,,,,,,,,,,,,
東淀川区,豊新,4丁目,22番,,,,,,,,,,,,,,,,,,火金,,,,,,,,,,,,,,,月,,,,,,,,,,,,,,,,木,,,,,,,,,,,,,,,,,,
東淀川区,豊新,4丁目,23番,,,,,,,,,,,,,,,,,,火金,,,,,,,,,,,,,,,月,,,,,,,,,,,,,,,,木,,,,,,,,,,,,,,,,,,
東淀川区,豊新,4丁目,24番,,,,,,,,,,,,,,,,,,火金,,,,,,,,,,,,,,,月,,,,,,,,,,,,,,,,木,,,,,,,,,,,,,,,,,,
東淀川区,豊新,4丁目,25番,,,,,,,,,,,,,,,,,,火金,,,,,,,,,,,,,,,月,,,,,,,,,,,,,,,,木,,,,,,,,,,,,,,,,,,
東淀川区,豊新,4丁目,26番,,,,,,,,,,,,,,,,,,火金,,,,,,,,,,,,,,,月,,,,,,,,,,,,,,,,木,,,,,,,,,,,,,,,,,,
東淀川区,豊新,5丁目,1番,,,,,,,,,,,,,,,,,,火金,,,,,,,,,,,,,,月,,,,,,,,,,,,,,,,木,,,,,,,,,,,,,,,,,,,
東淀川区,豊新,5丁目,2番,,,,,,,,,,,,,,,,,,火金,,,,,,,,,,,,,,月,,,,,,,,,,,,,,,,木,,,,,,,,,,,,,,,,,,,
東淀川区,豊新,5丁目,3番,,,,,,,,,,,,,,,,,,火金,,,,,,,,,,,,,,月,,,,,,,,,,,,,,,,木,,,,,,,,,,,,,,,,,,,
東淀川区,豊新,5丁目,4番,,,,,,,,,,,,,,,,,,火金,,,,,,,,,,,,,,月,,,,,,,,,,,,,,,,木,,,,,,,,,,,,,,,,,,,
東淀川区,豊新,5丁目,5番,,,,,,,,,,,,,,,,,,火金,,,,,,,,,,,,,,月,,,,,,,,,,,,,,,,木,,,,,,,,,,,,,,,,,,,
東淀川区,豊新,5丁目,6番,,,,,,,,,,,,,,,,,,火金,,,,,,,,,,,,,,月,,,,,,,,,,,,,,,,木,,,,,,,,,,,,,,,,,,,
東淀川区,豊新,5丁目,7番,,,,,,,,,,,,,,,,,,火金,,,,,,,,,,,,,,月,,,,,,,,,,,,,,,,木,,,,,,,,,,,,,,,,,,,
東淀川区,豊新,5丁目,8番,,,,,,,,,,,,,,,,,,火金,,,,,,,,,,,,,,月,,,,,,,,,,,,,,,,木,,,,,,,,,,,,,,,,,,,
東淀川区,豊新,5丁目,9番,,,,,,,,,,,,,,,,,,火金,,,,,,,,,,,,,,月,,,,,,,,,,,,,,,,木,,,,,,,,,,,,,,,,,,,
東淀川区,豊新,5丁目,10番,,,,,,,,,,,,,,,,,,火金,,,,,,,,,,,,,,月,,,,,,,,,,,,,,,,木,,,,,,,,,,,,,,,,,,,
東淀川区,豊新,5丁目,11番,,,,,,,,,,,,,,,,,,火金,,,,,,,,,,,,,,月,,,,,,,,,,,,,,,,木,,,,,,,,,,,,,,,,,,,
東淀川区,豊新,5丁目,12番,,,,,,,,,,,,,,,,,,火金,,,,,,,,,,,,,,月,,,,,,,,,,,,,,,,木,,,,,,,,,,,,,,,,,,,
東淀川区,豊新,5丁目,13番,,,,,,,,,,,,,,,,,,火金,,,,,,,,,,,,,,月,,,,,,,,,,,,,,,,木,,,,,,,,,,,,,,,,,,,
東淀川区,豊新,5丁目,14番,,,,,,,,,,,,,,,,,,火金,,,,,,,,,,,,,,月,,,,,,,,,,,,,,,,木,,,,,,,,,,,,,,,,,,,
東淀川区,豊新,5丁目,15番,,,,,,,,,,,,,,,,,,火金,,,,,,,,,,,,,,月,,,,,,,,,,,,,,,,木,,,,,,,,,,,,,,,,,,,
東淀川区,豊新,5丁目,16番,,,,,,,,,,,,,,,,,,火金,,,,,,,,,,,,,,月,,,,,,,,,,,,,,,,木,,,,,,,,,,,,,,,,,,,
東淀川区,豊新,5丁目,17番,,,,,,,,,,,,,,,,,,火金,,,,,,,,,,,,,,月,,,,,,,,,,,,,,,,木,,,,,,,,,,,,,,,,,,,
東淀川区,豊新,5丁目,18番,,,,,,,,,,,,,,,,,,火金,,,,,,,,,,,,,,月,,,,,,,,,,,,,,,,木,,,,,,,,,,,,,,,,,,,
東淀川区,豊新,5丁目,19番,,,,,,,,,,,,,,,,,,火金,,,,,,,,,,,,,,月,,,,,,,,,,,,,,,,木,,,,,,,,,,,,,,,,,,,
東淀川区,豊新,5丁目,20番,,,,,,,,,,,,,,,,,,火金,,,,,,,,,,,,,,月,,,,,,,,,,,,,,,,木,,,,,,,,,,,,,,,,,,,
東淀川区,南江口,1丁目,1番,,,,,,,,,,,,,,,,,,月木,,,,,,,,,,,,,水,,,,,,,,,,,,,,,,土,,,,,,,,,,,,,,,,,,,火,
東淀川区,南江口,1丁目,2番,,,,,,,,,,,,,,,,,,月木,,,,,,,,,,,,,水,,,,,,,,,,,,,,,,土,,,,,,,,,,,,,,,,,,,火,
東淀川区,南江口,1丁目,3番,,,,,,,,,,,,,,,,,,月木,,,,,,,,,,,,,水,,,,,,,,,,,,,,,,土,,,,,,,,,,,,,,,,,,,火,
東淀川区,南江口,1丁目,4番,,,,,,,,,,,,,,,,,,月木,,,,,,,,,,,,,水,,,,,,,,,,,,,,,,土,,,,,,,,,,,,,,,,,,,火,
東淀川区,南江口,1丁目,5番,,,,,,,,,,,,,,,,,,月木,,,,,,,,,,,,,,水,,,,,,,,,,,,,,,,土,,,,,,,,,,,,,,,,,,火,
東淀川区,南江口,2丁目,1番,軽四輪車(小さい車)で収集している地域,,,,,,,,,,月木,,,,,,,,,,,,,,,,,,,,,水,,,,,,,,,,,,,,,,土,,,,,,,,,,,,,,,火,,,,
東淀川区,南江口,2丁目,1番,上記以外,,,,,,,,,,,,,,,,,月木,,,,,,,,,,,,,,水,,,,,,,,,,,,,,,,土,,,,,,,,,,,,,,,,,,火,
東淀川区,南江口,2丁目,2番,,,,,,,,,,,,,,,,,,月木,,,,,,,,,,,,,,水,,,,,,,,,,,,,,,,土,,,,,,,,,,,,,,,,,,火,
東淀川区,南江口,2丁目,3番,,,,,,,,,,,,,,,,,,月木,,,,,,,,,,,,,,水,,,,,,,,,,,,,,,,土,,,,,,,,,,,,,,,,,,火,
東淀川区,南江口,2丁目,4番,,,,,,,,,,,,,,,,,,月木,,,,,,,,,,,,,,水,,,,,,,,,,,,,,,,土,,,,,,,,,,,,,,,火,,,,
東淀川区,南江口,2丁目,5番,,,,,,,,,,,,,,,,,,月木,,,,,,,,,,,,,,水,,,,,,,,,,,,,,,,土,,,,,,,,,,,,,,,火,,,,
東淀川区,南江口,2丁目,6番,,,,,,,,,,,,,,,,,,月木,,,,,,,,,,,,,,水,,,,,,,,,,,,,,,,土,,,,,,,,,,,,,,,火,,,,
東淀川区,南江口,2丁目,7番,,,,,,,,,,,,,,,,,,月木,,,,,,,,,,,,,,水,,,,,,,,,,,,,,,,土,,,,,,,,,,,,,,,火,,,,
東淀川区,南江口,2丁目,8番,,,,,,,,,,,,,,,,,,月木,,,,,,,,,,,,,,,水,,,,,,,,,,,,,,,,土,,,,,,,,,,,,,,火,,,,
東淀川区,南江口,2丁目,9番,,,,,,,,,,,,,,,,,,月木,,,,,,,,,,,,,,,水,,,,,,,,,,,,,,,,土,,,,,,,,,,,,,,火,,,,
東淀川区,南江口,2丁目,10番,,,,,,,,,,,,,,,,,,月木,,,,,,,,,,,,,,水,,,,,,,,,,,,,,,,土,,,,,,,,,,,,,,,火,,,,
東淀川区,南江口,3丁目,1番,軽四輪車(小さい車)で収集している地域,,,,,,,,,,月木,,,,,,,,,,,,,,,,,,,,水,,,,,,,,,,,,,,,,土,,,,,,,,,,,,,,,,火,,,,
東淀川区,南江口,3丁目,1番,上記以外,,,,,,,,,,,,,,,,,月木,,,,,,,,,,,,,,,水,,,,,,,,,,,,,,,,土,,,,,,,,,,,,,,火,,,,
東淀川区,南江口,3丁目,2番,軽四輪車(小さい車)で収集している地域,,,,,,,,,,月木,,,,,,,,,,,,,,,,,,,,,水,,,,,,,,,,,,,,,,土,,,,,,,,,,,,,,,火,,,,
東淀川区,南江口,3丁目,2番,上記以外,,,,,,,,,,,,,,,,,月木,,,,,,,,,,,,,,,水,,,,,,,,,,,,,,,,土,,,,,,,,,,,,,,火,,,,
東淀川区,南江口,3丁目,3番,軽四輪車(小さい車)で収集している地域,,,,,,,,,,月木,,,,,,,,,,,,,,,,,,,,,水,,,,,,,,,,,,,,,,土,,,,,,,,,,,,,,,火,,,,
東淀川区,南江口,3丁目,3番,上記以外,,,,,,,,,,,,,,,,,月木,,,,,,,,,,,,,,,水,,,,,,,,,,,,,,,,土,,,,,,,,,,,,,,火,,,,
東淀川区,南江口,3丁目,4番,軽四輪車(小さい車)で収集している地域,,,,,,,,,,月木,,,,,,,,,,,,,,,,,,,,,水,,,,,,,,,,,,,,,,土,,,,,,,,,,,,,,,火,,,,
東淀川区,南江口,3丁目,4番,上記以外,,,,,,,,,,,,,,,,,月木,,,,,,,,,,,,,,,水,,,,,,,,,,,,,,,,土,,,,,,,,,,,,,,火,,,,
東淀川区,南江口,3丁目,5番,,,,,,,,,,,,,,,,,,月木,,,,,,,,,,,,,,,水,,,,,,,,,,,,,,,,土,,,,,,,,,,,,,,火,,,,
東淀川区,南江口,3丁目,6番,軽四輪車(小さい車)で収集している地域,,,,,,,,,,月木,,,,,,,,,,,,,,,,,,,,,水,,,,,,,,,,,,,,,,土,,,,,,,,,,,,,,,火,,,,
東淀川区,南江口,3丁目,6番,上記以外,,,,,,,,,,,,,,,,,月木,,,,,,,,,,,,,,,水,,,,,,,,,,,,,,,,土,,,,,,,,,,,,,,火,,,,
東淀川区,南江口,3丁目,7番,,,,,,,,,,,,,,,,,,月木,,,,,,,,,,,,,,,水,,,,,,,,,,,,,,,,土,,,,,,,,,,,,,,火,,,,
東淀川区,南江口,3丁目,8番,軽四輪車(小さい車)で収集している地域,,,,,,,,,,月木,,,,,,,,,,,,,,,,,,,,水,,,,,,,,,,,,,,,,土,,,,,,,,,,,,,,,,火,,,,
東淀川区,南江口,3丁目,8番,上記以外,,,,,,,,,,,,,,,,,月木,,,,,,,,,,,,,,,水,,,,,,,,,,,,,,,,土,,,,,,,,,,,,,,火,,,,
東淀川区,南江口,3丁目,9番,軽四輪車(小さい車)で収集している地域,,,,,,,,,,月木,,,,,,,,,,,,,,,,,,,,水,,,,,,,,,,,,,,,,土,,,,,,,,,,,,,,,,火,,,,
東淀川区,南江口,3丁目,9番,上記以外,,,,,,,,,,,,,,,,,月木,,,,,,,,,,,,,,,水,,,,,,,,,,,,,,,,土,,,,,,,,,,,,,,火,,,,
東淀川区,南江口,3丁目,10番,,,,,,,,,,,,,,,,,,月木,,,,,,,,,,,,,水,,,,,,,,,,,,,,,,土,,,,,,,,,,,,,,,,火,,,,
東淀川区,南江口,3丁目,11番,軽四輪車(小さい車)で収集している地域,,,,,,,,,,月木,,,,,,,,,,,,,,,,,,,,水,,,,,,,,,,,,,,,,土,,,,,,,,,,,,,,,,火,,,,
東淀川区,南江口,3丁目,11番,上記以外,,,,,,,,,,,,,,,,,月木,,,,,,,,,,,,,,,水,,,,,,,,,,,,,,,,土,,,,,,,,,,,,,,火,,,,
東淀川区,南江口,3丁目,12番,軽四輪車(小さい車)で収集している地域,,,,,,,,,,月木,,,,,,,,,,,,,,,,,,,,水,,,,,,,,,,,,,,,,土,,,,,,,,,,,,,,,,火,,,,
東淀川区,南江口,3丁目,12番,上記以外,,,,,,,,,,,,,,,,,月木,,,,,,,,,,,,,,,水,,,,,,,,,,,,,,,,土,,,,,,,,,,,,,,火,,,,
東淀川区,南江口,3丁目,13番,,,,,,,,,,,,,,,,,,月木,,,,,,,,,,,,,,,水,,,,,,,,,,,,,,,,土,,,,,,,,,,,,,,火,,,,
東淀川区,南江口,3丁目,14番,,,,,,,,,,,,,,,,,,月木,,,,,,,,,,,,,,,水,,,,,,,,,,,,,,,,土,,,,,,,,,,,,,,火,,,,
東淀川区,南江口,3丁目,15番,,,,,,,,,,,,,,,,,,月木,,,,,,,,,,,,,,,水,,,,,,,,,,,,,,,,土,,,,,,,,,,,,,,火,,,,