地区名1,地区名2,地区名3,地区名4,地区名5,備考,雑ごみ,普通ごみ_収集時間要問合せ,普通ごみ_午前,普通ごみ_午後,普通ごみ_8:30~10:30,普通ごみ_9:00~11:00,普通ごみ_9:30~11:30,普通ごみ_10:00~12:00,普通ごみ_10:30~12:30,普通ごみ_11:00~13:00,普通ごみ_11:30~13:30,普通ごみ_12:00~14:00,普通ごみ_12:30~14:30,普通ごみ_13:00~15:00,普通ごみ_13:30~15:30,普通ごみ_14:00~16:00,普通ごみ_14:30~16:30,資源ごみ_収集時間要問合せ,資源ごみ_午前,資源ごみ_午後,資源ごみ_8:30~10:30,資源ごみ_9:00~11:00,資源ごみ_9:30~11:30,資源ごみ_10:00~12:00,資源ごみ_10:30~12:30,資源ごみ_11:00~13:00,資源ごみ_11:30~13:30,資源ごみ_12:00~14:00,資源ごみ_12:30~14:30,資源ごみ_13:00~15:00,資源ごみ_13:30~15:30,資源ごみ_14:00~16:00,資源ごみ_14:30~16:30,プラスチック資源_収集時間要問合せ,プラスチック資源_午前,プラスチック資源_午後,プラスチック資源_8:30~10:30,プラスチック資源_9:00~11:00,プラスチック資源_9:30~11:30,プラスチック資源_10:00~12:00,プラスチック資源_10:30~12:30,プラスチック資源_11:00~13:00,プラスチック資源_11:30~13:30,プラスチック資源_12:00~14:00,プラスチック資源_12:30~14:30,プラスチック資源_13:00~15:00,プラスチック資源_13:30~15:30,プラスチック資源_14:00~16:00,プラスチック資源_14:30~16:30,古紙衣類_収集時間要問合せ,古紙衣類_午前,古紙衣類_午後,古紙衣類_8:30~10:30,古紙衣類_9:00~11:00,古紙衣類_9:30~11:30,古紙衣類_10:00~12:00,古紙衣類_10:30~12:30,古紙衣類_11:00~13:00,古紙衣類_11:30~13:30,古紙衣類_12:00~14:00,古紙衣類_12:30~14:30,古紙衣類_13:00~15:00,古紙衣類_13:30~15:30,古紙衣類_14:00~16:00,古紙衣類_14:30~16:30
東住吉区,今川,1丁目,1番,,,,,,,,月木,,,,,,,,,,,,,,,,,,,,,,火,,,,,,,,,,,,,,,,金,,,,,,,,,,,,,,,,,,,,,
東住吉区,今川,1丁目,3番,,,,,,,,月木,,,,,,,,,,,,,,,,,,,,,,火,,,,,,,,,,,,,,,,金,,,,,,,,,,,,,,,,,,,,,
東住吉区,今川,1丁目,4番,,,,,,,,月木,,,,,,,,,,,,,,,,,,,,,,火,,,,,,,,,,,,,,,,金,,,,,,,,,,,,,,,,,,,,,
東住吉区,今川,1丁目,5番,,,,,,,,月木,,,,,,,,,,,,,,,,,,,,,,火,,,,,,,,,,,,,,,,金,,,,,,,,,,,,,,,,,,,,,
東住吉区,今川,1丁目,6番,,,,,,,,月木,,,,,,,,,,,,,,,,,,,,,,火,,,,,,,,,,,,,,,,金,,,,,,,,,,,,,,,,,,,,,
東住吉区,今川,1丁目,7番,,,,,,,,月木,,,,,,,,,,,,,,,,,,,,,,火,,,,,,,,,,,,,,,,金,,,,,,,,,,,,,,,,,,,,,
東住吉区,今川,2丁目,1番,,,,,,,,月木,,,,,,,,,,,,,,,,,,,,,,火,,,,,,,,,,,,,,,,金,,,,,,,,,,,,,,,,,,,,,
東住吉区,今川,2丁目,2番,,,,,,,,月木,,,,,,,,,,,,,,,,,,,,,,火,,,,,,,,,,,,,,,,金,,,,,,,,,,,,,,,,,,,,,
東住吉区,今川,2丁目,3番,,,,,,,,月木,,,,,,,,,,,,,,,,,,,,,,火,,,,,,,,,,,,,,,,金,,,,,,,,,,,,,,,,,,,,,
東住吉区,今川,2丁目,4番,,,,,,,,月木,,,,,,,,,,,,,,,,,,,,,,火,,,,,,,,,,,,,,,,金,,,,,,,,,,,,,,,,,,,,,
東住吉区,今川,2丁目,5番,,,,,,,,月木,,,,,,,,,,,,,,,,,,,,,,火,,,,,,,,,,,,,,,,金,,,,,,,,,,,,,,,,,,,,,
東住吉区,今川,2丁目,6番,,,,,,,,月木,,,,,,,,,,,,,,,,,,,,,,火,,,,,,,,,,,,,,,,金,,,,,,,,,,,,,,,,,,,,,
東住吉区,今川,2丁目,7番,,,,,,,,月木,,,,,,,,,,,,,,,,,,,,,,火,,,,,,,,,,,,,,,,金,,,,,,,,,,,,,,,,,,,,,
東住吉区,今川,2丁目,8番,,,,,,,,月木,,,,,,,,,,,,,,,,,,,,,,火,,,,,,,,,,,,,,,,金,,,,,,,,,,,,,,,,,,,,,
東住吉区,今川,2丁目,9番,,,,,,,,月木,,,,,,,,,,,,,,,,,,,,,,火,,,,,,,,,,,,,,,,金,,,,,,,,,,,,,,,,,,,,,
東住吉区,今川,2丁目,10番,,,,,,,,月木,,,,,,,,,,,,,,,,,,,,,,火,,,,,,,,,,,,,,,,金,,,,,,,,,,,,,,,,,,,,,
東住吉区,今川,2丁目,11番,,,,,,,,月木,,,,,,,,,,,,,,,,,,,,,,火,,,,,,,,,,,,,,,,金,,,,,,,,,,,,,,,,,,,,,
東住吉区,今川,2丁目,12番,,,,,,,,月木,,,,,,,,,,,,,,,,,,,,,,火,,,,,,,,,,,,,,,,金,,,,,,,,,,,,,,,,,,,,,
東住吉区,今川,2丁目,13番,,,,,,,,月木,,,,,,,,,,,,,,,,,,,,,,火,,,,,,,,,,,,,,,,金,,,,,,,,,,,,,,,,,,,,,
東住吉区,今川,2丁目,14番,,,,,,,,月木,,,,,,,,,,,,,,,,,,,,,,火,,,,,,,,,,,,,,,,金,,,,,,,,,,,,,,,,,,,,,
東住吉区,今川,2丁目,15番,,,,,,,,月木,,,,,,,,,,,,,,,,,,,,,,火,,,,,,,,,,,,,,,,金,,,,,,,,,,,,,,,,,,,,,
東住吉区,今川,3丁目,1番,,,,,,,,月木,,,,,,,,,,,,,,,,,,,,,,火,,,,,,,,,,,,,,,,金,,,,,,,,,,,,,,,,,,,,,
東住吉区,今川,3丁目,2番,,,,,,,,月木,,,,,,,,,,,,,,,,,,,,,,火,,,,,,,,,,,,,,,,金,,,,,,,,,,,,,,,,,,,,,
東住吉区,今川,3丁目,3番,,,,,,,,月木,,,,,,,,,,,,,,,,,,,,,,火,,,,,,,,,,,,,,,,金,,,,,,,,,,,,,,,,,,,,,
東住吉区,今川,3丁目,4番,,,,,,,,月木,,,,,,,,,,,,,,,,,,,,,,火,,,,,,,,,,,,,,,,金,,,,,,,,,,,,,,,,,,,,,
東住吉区,今川,3丁目,5番,,,,,,,,月木,,,,,,,,,,,,,,,,,,,,,,火,,,,,,,,,,,,,,,,金,,,,,,,,,,,,,,,,,,,,,
東住吉区,今川,3丁目,6番,,,,,,,,月木,,,,,,,,,,,,,,,,,,,,,,火,,,,,,,,,,,,,,,,金,,,,,,,,,,,,,,,,,,,,,
東住吉区,今川,3丁目,7番,,,,,,,,月木,,,,,,,,,,,,,,,,,,,,,,火,,,,,,,,,,,,,,,,金,,,,,,,,,,,,,,,,,,,,,
東住吉区,今川,3丁目,8番,,,,,,,,月木,,,,,,,,,,,,,,,,,,,,,,火,,,,,,,,,,,,,,,,金,,,,,,,,,,,,,,,,,,,,,
東住吉区,今川,3丁目,11番,,,,,,,,月木,,,,,,,,,,,,,,,,,,,,,,火,,,,,,,,,,,,,,,,金,,,,,,,,,,,,,,,,,,,,,
東住吉区,今川,3丁目,12番,,,,,,,,月木,,,,,,,,,,,,,,,,,,,,,,火,,,,,,,,,,,,,,,,金,,,,,,,,,,,,,,,,,,,,,
東住吉区,今川,4丁目,1番,,,,,,,,月木,,,,,,,,,,,,,,,,,,,,,,水,,,,,,,,,,,,,,,,土,,,,,,,木,,,,,,,,,,,,,,
東住吉区,今川,4丁目,2番,,,,,,,,,,,,,,,,月木,,,,,,,,,,,,,,水,,,,,,,,,,,,,,,,土,,,,,,,木,,,,,,,,,,,,,,
東住吉区,今川,4丁目,3番,,,,,,,,,,,,,,,,月木,,,,,,,,,,,,,,水,,,,,,,,,,,,,,,,土,,,,,,,木,,,,,,,,,,,,,,
東住吉区,今川,4丁目,4番,,,,,,,,,,,,,,,,月木,,,,,,,,,,,,,,水,,,,,,,,,,,,,,,,土,,,,,,,木,,,,,,,,,,,,,,
東住吉区,今川,4丁目,5番,,,,,,,,,,,,,,,,月木,,,,,,,,,,,,,,水,,,,,,,,,,,,,,,,土,,,,,,,木,,,,,,,,,,,,,,
東住吉区,今川,4丁目,6番,,,,,,,,,,,,,,,,月木,,,,,,,,,,,,,,水,,,,,,,,,,,,,,,,土,,,,,,,木,,,,,,,,,,,,,,
東住吉区,今川,4丁目,7番,,,,,,,,,,,,,,,,月木,,,,,,,,,,,,,,水,,,,,,,,,,,,,,,,土,,,,,,,木,,,,,,,,,,,,,,
東住吉区,今川,4丁目,8番,,,,,,,,,,,,,,,,月木,,,,,,,,,,,,,,水,,,,,,,,,,,,,,,,土,,,,,,,木,,,,,,,,,,,,,,
東住吉区,今川,4丁目,9番,,,,,,,,,,,,,,,,月木,,,,,,,,,,,,,,水,,,,,,,,,,,,,,,,土,,,,,,,木,,,,,,,,,,,,,,
東住吉区,今川,4丁目,10番,,,,,,,,,,,,,,,,月木,,,,,,,,,,,,,,水,,,,,,,,,,,,,,,,土,,,,,,,木,,,,,,,,,,,,,,
東住吉区,今川,4丁目,11番,,,,,,,,,,,,,,,,月木,,,,,,,,,,,,,,水,,,,,,,,,,,,,,,,土,,,,,,,木,,,,,,,,,,,,,,
東住吉区,今川,4丁目,12番,,,,,,,,,,,,,,,,月木,,,,,,,,,,,,,,水,,,,,,,,,,,,,,,,土,,,,,,,木,,,,,,,,,,,,,,
東住吉区,今川,4丁目,13番,,,,,,,,,,,,,,,,月木,,,,,,,,,,,,,,水,,,,,,,,,,,,,,,,土,,,,,,,木,,,,,,,,,,,,,,
東住吉区,今川,4丁目,14番,,,,,,,,,,,,,,,,月木,,,,,,,,,,,,,,水,,,,,,,,,,,,,,,,土,,,,,,,木,,,,,,,,,,,,,,
東住吉区,今川,4丁目,15番,,,,,,,,,,,,,,,,月木,,,,,,,,,,,,,,水,,,,,,,,,,,,,,,,土,,,,,,,木,,,,,,,,,,,,,,
東住吉区,今川,4丁目,16番,,,,,,,,,,,,,,,,月木,,,,,,,,,,,,,,水,,,,,,,,,,,,,,,,土,,,,,,,木,,,,,,,,,,,,,,
東住吉区,今川,4丁目,17番,,,,,,,,,,,,,,,,月木,,,,,,,,,,,,,,水,,,,,,,,,,,,,,,,土,,,,,,,木,,,,,,,,,,,,,,
東住吉区,今川,4丁目,18番,,,,,,,,,,,,,,,,月木,,,,,,,,,,,,,,水,,,,,,,,,,,,,,,,土,,,,,,,木,,,,,,,,,,,,,,
東住吉区,今川,4丁目,19番,,,,,,,,,,,,,,,,月木,,,,,,,,,,,,,,水,,,,,,,,,,,,,,,,土,,,,,,,木,,,,,,,,,,,,,,
東住吉区,今川,4丁目,20番,,,,,,,,,,,,,,,,月木,,,,,,,,,,,,,,水,,,,,,,,,,,,,,,,土,,,,,,,木,,,,,,,,,,,,,,
東住吉区,今川,4丁目,21番,,,,,,,,,,,,,,,,月木,,,,,,,,,,,,,,水,,,,,,,,,,,,,,,,土,,,,,,,木,,,,,,,,,,,,,,
東住吉区,今川,4丁目,22番,,,,,,,,,,,,,,,,月木,,,,,,,,,,,,,,水,,,,,,,,,,,,,,,,土,,,,,,,木,,,,,,,,,,,,,,
東住吉区,今川,4丁目,23番,,,,,,,,,,,,,,,,月木,,,,,,,,,,,,,,水,,,,,,,,,,,,,,,,土,,,,,,,木,,,,,,,,,,,,,,
東住吉区,今川,4丁目,24番,,,,,,,,,,,,,,,,月木,,,,,,,,,,,,,,水,,,,,,,,,,,,,,,,土,,,,,,,木,,,,,,,,,,,,,,
東住吉区,今川,4丁目,25番,,,,,,,,,,,,,,,,月木,,,,,,,,,,,,,,水,,,,,,,,,,,,,,,,土,,,,,,,木,,,,,,,,,,,,,,
東住吉区,今川,4丁目,26番,,,,,,,,,,,,,,,,月木,,,,,,,,,,,,,,水,,,,,,,,,,,,,,,,土,,,,,,,木,,,,,,,,,,,,,,
東住吉区,今川,4丁目,27番,,,,,,,,,,,,,,,,月木,,,,,,,,,,,,,,水,,,,,,,,,,,,,,,,土,,,,,,,木,,,,,,,,,,,,,,
東住吉区,今川,5丁目,1番,,,,,,,,月木,,,,,,,,,,,,,,,,,,,,,,火,,,,,,,,,,,,,,,,金,,,,,,,,,,,,,,,,,,,,,
東住吉区,今川,5丁目,2番,,,,,,,,月木,,,,,,,,,,,,,,,,,,,,,,火,,,,,,,,,,,,,,,,金,,,,,,,,,,,,,,,,,,,,,
東住吉区,今川,5丁目,3番,,,,,,,,月木,,,,,,,,,,,,,,,,,,,,,,火,,,,,,,,,,,,,,,,金,,,,,,,,,,,,,,,,,,,,,
東住吉区,今川,5丁目,4番,,,,,,,,月木,,,,,,,,,,,,,,,,,,,,,,火,,,,,,,,,,,,,,,,金,,,,,,,,,,,,,,,,,,,,,
東住吉区,今川,5丁目,5番,,,,,,,,月木,,,,,,,,,,,,,,,,,,,,,,火,,,,,,,,,,,,,,,,金,,,,,,,,,,,,,,,,,,,,,
東住吉区,今川,5丁目,6番,,,,,,,,月木,,,,,,,,,,,,,,,,,,,,,,火,,,,,,,,,,,,,,,,金,,,,,,,,,,,,,,,,,,,,,
東住吉区,今川,5丁目,7番,,,,,,,,月木,,,,,,,,,,,,,,,,,,,,,,火,,,,,,,,,,,,,,,,金,,,,,,,,,,,,,,,,,,,,,
東住吉区,今川,5丁目,8番,,,,,,,,月木,,,,,,,,,,,,,,,,,,,,,,火,,,,,,,,,,,,,,,,金,,,,,,,,,,,,,,,,,,,,,
東住吉区,今川,5丁目,9番,,,,,,,,月木,,,,,,,,,,,,,,,,,,,,,,火,,,,,,,,,,,,,,,,金,,,,,,,,,,,,,,,,,,,,,
東住吉区,今川,6丁目,1番,,,,,,,,月木,,,,,,,,,,,,,,,,,,,,,,火,,,,,,,,,,,,,,,,金,,,,,,,,,,,,,,,,,,,,,
東住吉区,今川,6丁目,2番,,,,,,,,月木,,,,,,,,,,,,,,,,,,,,,,火,,,,,,,,,,,,,,,,金,,,,,,,,,,,,,,,,,,,,,
東住吉区,今川,6丁目,3番,,,,,,,,月木,,,,,,,,,,,,,,,,,,,,,,火,,,,,,,,,,,,,,,,金,,,,,,,,,,,,,,,,,,,,,
東住吉区,今川,6丁目,4番,,,,,,,,月木,,,,,,,,,,,,,,,,,,,,,,火,,,,,,,,,,,,,,,,金,,,,,,,,,,,,,,,,,,,,,
東住吉区,今川,6丁目,5番,,,,,,,,月木,,,,,,,,,,,,,,,,,,,,,,火,,,,,,,,,,,,,,,,金,,,,,,,,,,,,,,,,,,,,,
東住吉区,今川,6丁目,6番,,,,,,,,月木,,,,,,,,,,,,,,,,,,,,,,火,,,,,,,,,,,,,,,,金,,,,,,,,,,,,,,,,,,,,,
東住吉区,今川,6丁目,7番,,,,,,,,月木,,,,,,,,,,,,,,,,,,,,,,火,,,,,,,,,,,,,,,,金,,,,,,,,,,,,,,,,,,,,,
東住吉区,今川,6丁目,8番,,,,,,,,月木,,,,,,,,,,,,,,,,,,,,,,火,,,,,,,,,,,,,,,,金,,,,,,,,,,,,,,,,,,,,,
東住吉区,今川,7丁目,1番,,,,,,,,,,,,,,,,月木,,,,,,,,,,,,,,水,,,,,,,,,,,,,,,,土,,,,,,,木,,,,,,,,,,,,,,
東住吉区,今川,7丁目,2番,,,,,,,,,,,,,,,,月木,,,,,,,,,,,,,,水,,,,,,,,,,,,,,,,土,,,,,,,木,,,,,,,,,,,,,,
東住吉区,今川,7丁目,3番,,,,,,,,,,,,,,,,月木,,,,,,,,,,,,,,水,,,,,,,,,,,,,,,,土,,,,,,,木,,,,,,,,,,,,,,
東住吉区,今川,7丁目,4番,,,,,,,,,,,,,,,,月木,,,,,,,,,,,,,,水,,,,,,,,,,,,,,,,土,,,,,,,木,,,,,,,,,,,,,,
東住吉区,今川,7丁目,5番,,,,,,,,,,,,,,,,月木,,,,,,,,,,,,,,水,,,,,,,,,,,,,,,,土,,,,,,,木,,,,,,,,,,,,,,
東住吉区,今川,7丁目,6番,,,,,,,,,,,,,,,,月木,,,,,,,,,,,,,,水,,,,,,,,,,,,,,,,土,,,,,,,木,,,,,,,,,,,,,,
東住吉区,今川,7丁目,7番,,,,,,,,,,,,,,,,月木,,,,,,,,,,,,,,水,,,,,,,,,,,,,,,,土,,,,,,,木,,,,,,,,,,,,,,
東住吉区,今川,7丁目,8番,,,,,,,,,,,,,,,,月木,,,,,,,,,,,,,,水,,,,,,,,,,,,,,,,土,,,,,,,木,,,,,,,,,,,,,,
東住吉区,今川,7丁目,9番,,,,,,,,,,,,,,,,月木,,,,,,,,,,,,,,水,,,,,,,,,,,,,,,,土,,,,,,,木,,,,,,,,,,,,,,
東住吉区,今川,7丁目,10番,,,,,,,,,,,,,,,,月木,,,,,,,,,,,,,,水,,,,,,,,,,,,,,,,土,,,,,,,木,,,,,,,,,,,,,,
東住吉区,今川,7丁目,11番,,,,,,,,,,,,,,,,月木,,,,,,,,,,,,,,水,,,,,,,,,,,,,,,,土,,,,,,,木,,,,,,,,,,,,,,
東住吉区,今川,7丁目,12番,,,,,,,,,,,,,,,,月木,,,,,,,,,,,,,,水,,,,,,,,,,,,,,,,土,,,,,,,木,,,,,,,,,,,,,,
東住吉区,今川,7丁目,13番,,,,,,,,,,,,,,,,月木,,,,,,,,,,,,,,水,,,,,,,,,,,,,,,,土,,,,,,,木,,,,,,,,,,,,,,
東住吉区,今川,7丁目,14番,,,,,,,,,,,,,,,,月木,,,,,,,,,,,,,,水,,,,,,,,,,,,,,,,土,,,,,,,木,,,,,,,,,,,,,,
東住吉区,今川,7丁目,15番,,,,,,,,,,,,,,,,月木,,,,,,,,,,,,,,水,,,,,,,,,,,,,,,,土,,,,,,,木,,,,,,,,,,,,,,
東住吉区,今川,8丁目,1番,,,,,,,,月木,,,,,,,,,,,,,,,,,,,,,,火,,,,,,,,,,,,,,,,金,,,,,,,,,,,,,,,,,,,,,
東住吉区,今川,8丁目,2番,,,,,,,,月木,,,,,,,,,,,,,,,,,,,,,,火,,,,,,,,,,,,,,,,金,,,,,,,,,,,,,,,,,,,,,
東住吉区,今川,8丁目,3番,,,,,,,,月木,,,,,,,,,,,,,,,,,,,,,,火,,,,,,,,,,,,,,,,金,,,,,,,,,,,,,,,,,,,,,
東住吉区,今川,8丁目,4番,,,,,,,,月木,,,,,,,,,,,,,,,,,,,,,,火,,,,,,,,,,,,,,,,金,,,,,,,,,,,,,,,,,,,,,
東住吉区,今川,8丁目,5番,,,,,,,,月木,,,,,,,,,,,,,,,,,,,,,,火,,,,,,,,,,,,,,,,金,,,,,,,,,,,,,,,,,,,,,
東住吉区,今川,8丁目,6番,,,,,,,,月木,,,,,,,,,,,,,,,,,,,,,,火,,,,,,,,,,,,,,,,金,,,,,,,,,,,,,,,,,,,,,
東住吉区,今川,8丁目,7番,,,,,,,,月木,,,,,,,,,,,,,,,,,,,,,,火,,,,,,,,,,,,,,,,金,,,,,,,,,,,,,,,,,,,,,
東住吉区,今川,8丁目,8番,,,,,,,,月木,,,,,,,,,,,,,,,,,,,,,,,水,,,,,,,,,,,,,,,,土,,,,,,木,,,,,,,,,,,,,,
東住吉区,今川,8丁目,9番,,,,,,,,月木,,,,,,,,,,,,,,,,,,,,,,,水,,,,,,,,,,,,,,,,土,,,,,,木,,,,,,,,,,,,,,
東住吉区,今川,8丁目,10番,,,,,,,,月木,,,,,,,,,,,,,,,,,,,,,,,水,,,,,,,,,,,,,,,,土,,,,,,木,,,,,,,,,,,,,,
東住吉区,今川,8丁目,11番,,,,,,,,月木,,,,,,,,,,,,,,,,,,,,,,,水,,,,,,,,,,,,,,,,土,,,,,,木,,,,,,,,,,,,,,
東住吉区,今川,8丁目,12番,,,,,,,,月木,,,,,,,,,,,,,,,,,,,,,,,水,,,,,,,,,,,,,,,,土,,,,,,木,,,,,,,,,,,,,,
東住吉区,今林,2丁目,1番,,,,,,,月木,,,,,,,,,,,,,,,,,,,,,,,火,,,,,,,,,,,,,,,,金,,,,,,,,,,,,,,,,,,,,,
東住吉区,今林,2丁目,2番,,,,,,,月木,,,,,,,,,,,,,,,,,,,,,,,火,,,,,,,,,,,,,,,,金,,,,,,,,,,,,,,,,,,,,,
東住吉区,今林,2丁目,3番,,,,,,,月木,,,,,,,,,,,,,,,,,,,,,,,火,,,,,,,,,,,,,,,,金,,,,,,,,,,,,,,,,,,,,,
東住吉区,今林,2丁目,4番,,,,,,,月木,,,,,,,,,,,,,,,,,,,,,,,火,,,,,,,,,,,,,,,,金,,,,,,,,,,,,,,,,,,,,,
東住吉区,今林,2丁目,5番,,,,,,,月木,,,,,,,,,,,,,,,,,,,,,,,火,,,,,,,,,,,,,,,,金,,,,,,,,,,,,,,,,,,,,,
東住吉区,今林,2丁目,6番,,,,,,,月木,,,,,,,,,,,,,,,,,,,,,,,火,,,,,,,,,,,,,,,,金,,,,,,,,,,,,,,,,,,,,,
東住吉区,今林,2丁目,7番,,,,,,,月木,,,,,,,,,,,,,,,,,,,,,,,火,,,,,,,,,,,,,,,,金,,,,,,,,,,,,,,,,,,,,,
東住吉区,今林,2丁目,8番,,,,,,,月木,,,,,,,,,,,,,,,,,,,,,,,火,,,,,,,,,,,,,,,,金,,,,,,,,,,,,,,,,,,,,,
東住吉区,今林,2丁目,9番,,,,,,,月木,,,,,,,,,,,,,,,,,,,,,,,火,,,,,,,,,,,,,,,,金,,,,,,,,,,,,,,,,,,,,,
東住吉区,今林,2丁目,10番,,,,,,,月木,,,,,,,,,,,,,,,,,,,,,,,火,,,,,,,,,,,,,,,,金,,,,,,,,,,,,,,,,,,,,,
東住吉区,今林,2丁目,11番,,,,,,,月木,,,,,,,,,,,,,,,,,,,,,,,火,,,,,,,,,,,,,,,,金,,,,,,,,,,,,,,,,,,,,,
東住吉区,今林,2丁目,12番,,,,,,,月木,,,,,,,,,,,,,,,,,,,,,,,火,,,,,,,,,,,,,,,,金,,,,,,,,,,,,,,,,,,,,,
東住吉区,今林,2丁目,13番,,,,,,,月木,,,,,,,,,,,,,,,,,,,,,,,火,,,,,,,,,,,,,,,,金,,,,,,,,,,,,,,,,,,,,,
東住吉区,今林,2丁目,14番,,,,,,,月木,,,,,,,,,,,,,,,,,,,,,,,火,,,,,,,,,,,,,,,,金,,,,,,,,,,,,,,,,,,,,,
東住吉区,今林,2丁目,15番,,,,,,,月木,,,,,,,,,,,,,,,,,,,,,,,火,,,,,,,,,,,,,,,,金,,,,,,,,,,,,,,,,,,,,,
東住吉区,今林,2丁目,16番,,,,,,,月木,,,,,,,,,,,,,,,,,,,,,,,火,,,,,,,,,,,,,,,,金,,,,,,,,,,,,,,,,,,,,,
東住吉区,今林,2丁目,17番,,,,,,,月木,,,,,,,,,,,,,,,,,,,,,,,火,,,,,,,,,,,,,,,,金,,,,,,,,,,,,,,,,,,,,,
東住吉区,今林,2丁目,18番,,,,,,,月木,,,,,,,,,,,,,,,,,,,,,,,火,,,,,,,,,,,,,,,,金,,,,,,,,,,,,,,,,,,,,,
東住吉区,今林,2丁目,19番,,,,,,,月木,,,,,,,,,,,,,,,,,,,,,,,火,,,,,,,,,,,,,,,,金,,,,,,,,,,,,,,,,,,,,,
東住吉区,今林,2丁目,20番,,,,,,,月木,,,,,,,,,,,,,,,,,,,,,,,火,,,,,,,,,,,,,,,,金,,,,,,,,,,,,,,,,,,,,,
東住吉区,今林,2丁目,21番,,,,,,,月木,,,,,,,,,,,,,,,,,,,,,,,火,,,,,,,,,,,,,,,,金,,,,,,,,,,,,,,,,,,,,,
東住吉区,今林,2丁目,22番,,,,,,,月木,,,,,,,,,,,,,,,,,,,,,,,火,,,,,,,,,,,,,,,,金,,,,,,,,,,,,,,,,,,,,,
東住吉区,今林,2丁目,23番,,,,,,,月木,,,,,,,,,,,,,,,,,,,,,,,火,,,,,,,,,,,,,,,,金,,,,,,,,,,,,,,,,,,,,,
東住吉区,今林,2丁目,24番,,,,,,,月木,,,,,,,,,,,,,,,,,,,,,,,火,,,,,,,,,,,,,,,,金,,,,,,,,,,,,,,,,,,,,,
東住吉区,今林,2丁目,25番,,,,,,,月木,,,,,,,,,,,,,,,,,,,,,,,火,,,,,,,,,,,,,,,,金,,,,,,,,,,,,,,,,,,,,,
東住吉区,今林,2丁目,26番,,,,,,,月木,,,,,,,,,,,,,,,,,,,,,,,火,,,,,,,,,,,,,,,,金,,,,,,,,,,,,,,,,,,,,,
東住吉区,今林,2丁目,27番,,,,,,,月木,,,,,,,,,,,,,,,,,,,,,,,火,,,,,,,,,,,,,,,,金,,,,,,,,,,,,,,,,,,,,,
東住吉区,今林,2丁目,28番,,,,,,,月木,,,,,,,,,,,,,,,,,,,,,,,火,,,,,,,,,,,,,,,,金,,,,,,,,,,,,,,,,,,,,,
東住吉区,今林,4丁目,1番,,,,,,,月木,,,,,,,,,,,,,,,,,,,,,,,火,,,,,,,,,,,,,,,,金,,,,,,,,,,,,,,,,,,,,,
東住吉区,今林,4丁目,2番,,,,,,,月木,,,,,,,,,,,,,,,,,,,,,,,火,,,,,,,,,,,,,,,,金,,,,,,,,,,,,,,,,,,,,,
東住吉区,今林,4丁目,3番,,,,,,,月木,,,,,,,,,,,,,,,,,,,,,,,火,,,,,,,,,,,,,,,,金,,,,,,,,,,,,,,,,,,,,,
東住吉区,今林,4丁目,4番,,,,,,,月木,,,,,,,,,,,,,,,,,,,,,,,火,,,,,,,,,,,,,,,,金,,,,,,,,,,,,,,,,,,,,,
東住吉区,今林,4丁目,5番,,,,,,,月木,,,,,,,,,,,,,,,,,,,,,,,火,,,,,,,,,,,,,,,,金,,,,,,,,,,,,,,,,,,,,,
東住吉区,今林,4丁目,6番,,,,,,,月木,,,,,,,,,,,,,,,,,,,,,,,火,,,,,,,,,,,,,,,,金,,,,,,,,,,,,,,,,,,,,,
東住吉区,今林,4丁目,7番,,,,,,,月木,,,,,,,,,,,,,,,,,,,,,,,火,,,,,,,,,,,,,,,,金,,,,,,,,,,,,,,,,,,,,,
東住吉区,今林,4丁目,8番,,,,,,,月木,,,,,,,,,,,,,,,,,,,,,,,火,,,,,,,,,,,,,,,,金,,,,,,,,,,,,,,,,,,,,,
東住吉区,今林,4丁目,9番,,,,,,,月木,,,,,,,,,,,,,,,,,,,,,,,火,,,,,,,,,,,,,,,,金,,,,,,,,,,,,,,,,,,,,,
東住吉区,今林,4丁目,10番,,,,,,,月木,,,,,,,,,,,,,,,,,,,,,,,火,,,,,,,,,,,,,,,,金,,,,,,,,,,,,,,,,,,,,,
東住吉区,今林,4丁目,11番,,,,,,,月木,,,,,,,,,,,,,,,,,,,,,,,火,,,,,,,,,,,,,,,,金,,,,,,,,,,,,,,,,,,,,,
東住吉区,今林,4丁目,12番,,,,,,,月木,,,,,,,,,,,,,,,,,,,,,,,火,,,,,,,,,,,,,,,,金,,,,,,,,,,,,,,,,,,,,,
東住吉区,今林,4丁目,13番,,,,,,,月木,,,,,,,,,,,,,,,,,,,,,,,火,,,,,,,,,,,,,,,,金,,,,,,,,,,,,,,,,,,,,,
東住吉区,今林,4丁目,14番,,,,,,,月木,,,,,,,,,,,,,,,,,,,,,,,火,,,,,,,,,,,,,,,,金,,,,,,,,,,,,,,,,,,,,,
東住吉区,今林,4丁目,15番,,,,,,,月木,,,,,,,,,,,,,,,,,,,,,,,火,,,,,,,,,,,,,,,,金,,,,,,,,,,,,,,,,,,,,,
東住吉区,今林,4丁目,16番,,,,,,,月木,,,,,,,,,,,,,,,,,,,,,,,火,,,,,,,,,,,,,,,,金,,,,,,,,,,,,,,,,,,,,,
東住吉区,今林,4丁目,17番,,,,,,,月木,,,,,,,,,,,,,,,,,,,,,,,火,,,,,,,,,,,,,,,,金,,,,,,,,,,,,,,,,,,,,,
東住吉区,今林,4丁目,18番,,,,,,,月木,,,,,,,,,,,,,,,,,,,,,,,火,,,,,,,,,,,,,,,,金,,,,,,,,,,,,,,,,,,,,,
東住吉区,北田辺,1丁目,2番,,,,,,,火金,,,,,,,,,,,,,,,,,月,,,,,,,,,,,,,,,,木,,,,,,,,,,,,,,土,,,,,,,,,,,,,
東住吉区,北田辺,1丁目,3番,,,,,,,火金,,,,,,,,,,,,,,,,,月,,,,,,,,,,,,,,,,木,,,,,,,,,,,,,,土,,,,,,,,,,,,,
東住吉区,北田辺,1丁目,4番,,,,,,,火金,,,,,,,,,,,,,,,,,月,,,,,,,,,,,,,,,,木,,,,,,,,,,,,,,土,,,,,,,,,,,,,
東住吉区,北田辺,1丁目,5番,,,,,,,火金,,,,,,,,,,,,,,,,,月,,,,,,,,,,,,,,,,木,,,,,,,,,,,,,,土,,,,,,,,,,,,,
東住吉区,北田辺,1丁目,7番,,,,,,,火金,,,,,,,,,,,,,,,,,月,,,,,,,,,,,,,,,,木,,,,,,,,,,,,,,土,,,,,,,,,,,,,
東住吉区,北田辺,1丁目,8番,,,,,,,火金,,,,,,,,,,,,,,,,,月,,,,,,,,,,,,,,,,木,,,,,,,,,,,,,,土,,,,,,,,,,,,,
東住吉区,北田辺,1丁目,9番,,,,,,,火金,,,,,,,,,,,,,,,,,月,,,,,,,,,,,,,,,,木,,,,,,,,,,,,,,土,,,,,,,,,,,,,
東住吉区,北田辺,1丁目,10番,,,,,,,火金,,,,,,,,,,,,,,,,,月,,,,,,,,,,,,,,,,木,,,,,,,,,,,,,,土,,,,,,,,,,,,,
東住吉区,北田辺,1丁目,11番,,,,,,,火金,,,,,,,,,,,,,,,,,月,,,,,,,,,,,,,,,,木,,,,,,,,,,,,,,土,,,,,,,,,,,,,
東住吉区,北田辺,1丁目,12番,,,,,,,火金,,,,,,,,,,,,,,,,,月,,,,,,,,,,,,,,,,木,,,,,,,,,,,,,,土,,,,,,,,,,,,,
東住吉区,北田辺,1丁目,13番,,,,,,,火金,,,,,,,,,,,,,,,,,月,,,,,,,,,,,,,,,,木,,,,,,,,,,,,,,土,,,,,,,,,,,,,
東住吉区,北田辺,2丁目,1番,,,,,,,火金,,,,,,,,,,,,,,,,月,,,,,,,,,,,,,,,,木,,,,,,,,,,,,,,土,,,,,,,,,,,,,,
東住吉区,北田辺,2丁目,2番,,,,,,,火金,,,,,,,,,,,,,,,,月,,,,,,,,,,,,,,,,木,,,,,,,,,,,,,,土,,,,,,,,,,,,,,
東住吉区,北田辺,2丁目,3番,,,,,,,火金,,,,,,,,,,,,,,,,月,,,,,,,,,,,,,,,,木,,,,,,,,,,,,,,土,,,,,,,,,,,,,,
東住吉区,北田辺,2丁目,4番,,,,,,,火金,,,,,,,,,,,,,,,,月,,,,,,,,,,,,,,,,木,,,,,,,,,,,,,,土,,,,,,,,,,,,,,
東住吉区,北田辺,2丁目,5番,,,,,,,火金,,,,,,,,,,,,,,,,月,,,,,,,,,,,,,,,,木,,,,,,,,,,,,,,土,,,,,,,,,,,,,,
東住吉区,北田辺,2丁目,6番,,,,,,,火金,,,,,,,,,,,,,,,,月,,,,,,,,,,,,,,,,木,,,,,,,,,,,,,,土,,,,,,,,,,,,,,
東住吉区,北田辺,2丁目,7番,,,,,,,火金,,,,,,,,,,,,,,,,月,,,,,,,,,,,,,,,,木,,,,,,,,,,,,,,土,,,,,,,,,,,,,,
東住吉区,北田辺,2丁目,8番,2~10号,,,,,,火金,,,,,,,,,,,,,,,,月,,,,,,,,,,,,,,,,木,,,,,,,,,,,,,,土,,,,,,,,,,,,,,
東住吉区,北田辺,2丁目,8番,12~23号,,,,,,火金,,,,,,,,,,,,,,,,月,,,,,,,,,,,,,,,,木,,,,,,,,,,,,,,土,,,,,,,,,,,,,,
東住吉区,北田辺,2丁目,9番,,,,,,,火金,,,,,,,,,,,,,,,,月,,,,,,,,,,,,,,,,木,,,,,,,,,,,,,,土,,,,,,,,,,,,,,
東住吉区,北田辺,2丁目,10番,1~8号,,,,,,火金,,,,,,,,,,,,,,,,月,,,,,,,,,,,,,,,,木,,,,,,,,,,,,,,土,,,,,,,,,,,,,,
東住吉区,北田辺,2丁目,10番,12~19号,,,,,,火金,,,,,,,,,,,,,,,,月,,,,,,,,,,,,,,,,木,,,,,,,,,,,,,,土,,,,,,,,,,,,,,
東住吉区,北田辺,2丁目,11番,,,,,,,火金,,,,,,,,,,,,,,,,月,,,,,,,,,,,,,,,,木,,,,,,,,,,,,,,土,,,,,,,,,,,,,,
東住吉区,北田辺,2丁目,12番,,,,,,,火金,,,,,,,,,,,,,,,,月,,,,,,,,,,,,,,,,木,,,,,,,,,,,,,,土,,,,,,,,,,,,,,
東住吉区,北田辺,2丁目,13番,,,,,,,火金,,,,,,,,,,,,,,,,月,,,,,,,,,,,,,,,,木,,,,,,,,,,,,,,土,,,,,,,,,,,,,,
東住吉区,北田辺,2丁目,14番,,,,,,,火金,,,,,,,,,,,,,,,,月,,,,,,,,,,,,,,,,木,,,,,,,,,,,,,,土,,,,,,,,,,,,,,
東住吉区,北田辺,3丁目,2番,,,,,,,火金,,,,,,,,,,,,,,,,,月,,,,,,,,,,,,,,,,木,,,,,,,,,,,,,,土,,,,,,,,,,,,,
東住吉区,北田辺,3丁目,3番,,,,,,,火金,,,,,,,,,,,,,,,,,月,,,,,,,,,,,,,,,,木,,,,,,,,,,,,,,土,,,,,,,,,,,,,
東住吉区,北田辺,3丁目,4番,,,,,,,火金,,,,,,,,,,,,,,,,,月,,,,,,,,,,,,,,,,木,,,,,,,,,,,,,,土,,,,,,,,,,,,,
東住吉区,北田辺,3丁目,5番,,,,,,,火金,,,,,,,,,,,,,,,,,月,,,,,,,,,,,,,,,,木,,,,,,,,,,,,,,土,,,,,,,,,,,,,
東住吉区,北田辺,3丁目,6番,,,,,,,火金,,,,,,,,,,,,,,,,,月,,,,,,,,,,,,,,,,木,,,,,,,,,,,,,,土,,,,,,,,,,,,,
東住吉区,北田辺,3丁目,7番,,,,,,,火金,,,,,,,,,,,,,,,,,月,,,,,,,,,,,,,,,,木,,,,,,,,,,,,,,土,,,,,,,,,,,,,
東住吉区,北田辺,3丁目,8番,,,,,,,火金,,,,,,,,,,,,,,,,,月,,,,,,,,,,,,,,,,木,,,,,,,,,,,,,,土,,,,,,,,,,,,,
東住吉区,北田辺,3丁目,9番,,,,,,,火金,,,,,,,,,,,,,,,,,月,,,,,,,,,,,,,,,,木,,,,,,,,,,,,,,土,,,,,,,,,,,,,
東住吉区,北田辺,3丁目,10番,,,,,,,火金,,,,,,,,,,,,,,,,,月,,,,,,,,,,,,,,,,木,,,,,,,,,,,,,,土,,,,,,,,,,,,,
東住吉区,北田辺,3丁目,14番,,,,,,,火金,,,,,,,,,,,,,,,,,月,,,,,,,,,,,,,,,,木,,,,,,,,,,,,,,土,,,,,,,,,,,,,
東住吉区,北田辺,3丁目,15番,,,,,,,火金,,,,,,,,,,,,,,,,,月,,,,,,,,,,,,,,,,木,,,,,,,,,,,,,,土,,,,,,,,,,,,,
東住吉区,北田辺,4丁目,1番,,,,,,,火金,,,,,,,,,,,,,,,,月,,,,,,,,,,,,,,,,木,,,,,,,,,,,,,,土,,,,,,,,,,,,,,
東住吉区,北田辺,4丁目,2番,,,,,,,火金,,,,,,,,,,,,,,,,月,,,,,,,,,,,,,,,,木,,,,,,,,,,,,,,土,,,,,,,,,,,,,,
東住吉区,北田辺,4丁目,3番,,,,,,,火金,,,,,,,,,,,,,,,,月,,,,,,,,,,,,,,,,木,,,,,,,,,,,,,,土,,,,,,,,,,,,,,
東住吉区,北田辺,4丁目,4番,,,,,,,火金,,,,,,,,,,,,,,,,月,,,,,,,,,,,,,,,,木,,,,,,,,,,,,,,土,,,,,,,,,,,,,,
東住吉区,北田辺,4丁目,5番,軽四輪車(小さい車)で収集している地域,,,,,,火金,,,,,,,,,,,,,,,,月,,,,,,,,,,,,,,,,木,,,,,,,,,,,,,,土,,,,,,,,,,,,,,
東住吉区,北田辺,4丁目,5番,上記以外,,,,,,火金,,,,,,,,,,,,,,,,月,,,,,,,,,,,,,,,,木,,,,,,,,,,,,,,土,,,,,,,,,,,,,,
東住吉区,北田辺,4丁目,6番,軽四輪車(小さい車)で収集している地域,,,,,,火金,,,,,,,,,,,,,,,,月,,,,,,,,,,,,,,,,木,,,,,,,,,,,,,,土,,,,,,,,,,,,,,
東住吉区,北田辺,4丁目,6番,17号,,,,,,火金,,,,,,,,,,,,,,,,月,,,,,,,,,,,,,,,,木,,,,,,,,,,,,,,土,,,,,,,,,,,,,,
東住吉区,北田辺,4丁目,6番,上記以外,,,,,,火金,,,,,,,,,,,,,,,,月,,,,,,,,,,,,,,,,木,,,,,,,,,,,,,,土,,,,,,,,,,,,,,
東住吉区,北田辺,4丁目,7番,13･15~17号,,,,,,火金,,,,,,,,,,,,,,,,月,,,,,,,,,,,,,,,,木,,,,,,,,,,,,,,土,,,,,,,,,,,,,,
東住吉区,北田辺,4丁目,7番,上記以外,,,,,,火金,,,,,,,,,,,,,,,,月,,,,,,,,,,,,,,,,木,,,,,,,,,,,,,,土,,,,,,,,,,,,,,
東住吉区,北田辺,4丁目,8番,軽四輪車(小さい車)で収集している地域,,,,,,火金,,,,,,,,,,,,,,,,月,,,,,,,,,,,,,,,,,木,,,,,,,,,,,,,土,,,,,,,,,,,,,,
東住吉区,北田辺,4丁目,8番,上記以外,,,,,,火金,,,,,,,,,,,,,,,,月,,,,,,,,,,,,,,,,木,,,,,,,,,,,,,,土,,,,,,,,,,,,,,
東住吉区,北田辺,4丁目,8番,1･14･17･18号,,,,,,火金,,,,,,,,,,,,,,,,月,,,,,,,,,,,,,,,,木,,,,,,,,,,,,,,土,,,,,,,,,,,,,,
東住吉区,北田辺,4丁目,9番,1･2号,,,,,,火金,,,,,,,,,,,,,,,,月,,,,,,,,,,,,,,,,木,,,,,,,,,,,,,,土,,,,,,,,,,,,,,
東住吉区,北田辺,4丁目,9番,上記以外,,,,,,火金,,,,,,,,,,,,,,,,月,,,,,,,,,,,,,,,,木,,,,,,,,,,,,,,土,,,,,,,,,,,,,,
東住吉区,北田辺,4丁目,10番,4･5･33号,,,,,,火金,,,,,,,,,,,,,,,,月,,,,,,,,,,,,,,,,木,,,,,,,,,,,,,,土,,,,,,,,,,,,,,
東住吉区,北田辺,4丁目,10番,7~21号,,,,,,火金,,,,,,,,,,,,,,,,月,,,,,,,,,,,,,,,,木,,,,,,,,,,,,,,土,,,,,,,,,,,,,,
東住吉区,北田辺,4丁目,11番,,,,,,,火金,,,,,,,,,,,,,,,,月,,,,,,,,,,,,,,,,木,,,,,,,,,,,,,,土,,,,,,,,,,,,,,
東住吉区,北田辺,4丁目,13番,,,,,,,火金,,,,,,,,,,,,,,,,月,,,,,,,,,,,,,,,,木,,,,,,,,,,,,,,土,,,,,,,,,,,,,,
東住吉区,北田辺,4丁目,14番,軽四輪車(小さい車)で収集している地域,,,,,,火金,,,,,,,,,,,,,,,,月,,,,,,,,,,,,,,,,木,,,,,,,,,,,,,,土,,,,,,,,,,,,,,
東住吉区,北田辺,4丁目,14番,上記以外,,,,,,火金,,,,,,,,,,,,,,,,月,,,,,,,,,,,,,,,,木,,,,,,,,,,,,,,土,,,,,,,,,,,,,,
東住吉区,北田辺,4丁目,15番,軽四輪車(小さい車)で収集している地域,,,,,,火金,,,,,,,,,,,,,,,,月,,,,,,,,,,,,,,,,木,,,,,,,,,,,,,,土,,,,,,,,,,,,,,
東住吉区,北田辺,4丁目,15番,上記以外,,,,,,火金,,,,,,,,,,,,,,,,月,,,,,,,,,,,,,,,,木,,,,,,,,,,,,,,土,,,,,,,,,,,,,,
東住吉区,北田辺,4丁目,17番,軽四輪車(小さい車)で収集している地域,,,,,,火金,,,,,,,,,,,,,,,,月,,,,,,,,,,,,,,,,木,,,,,,,,,,,,,,土,,,,,,,,,,,,,,
東住吉区,北田辺,4丁目,17番,上記以外,,,,,,火金,,,,,,,,,,,,,,,,月,,,,,,,,,,,,,,,,木,,,,,,,,,,,,,,土,,,,,,,,,,,,,,
東住吉区,北田辺,4丁目,18番,,,,,,,火金,,,,,,,,,,,,,,,,月,,,,,,,,,,,,,,,,木,,,,,,,,,,,,,,土,,,,,,,,,,,,,,
東住吉区,北田辺,4丁目,19番,,,,,,,火金,,,,,,,,,,,,,,,,月,,,,,,,,,,,,,,,,木,,,,,,,,,,,,,,土,,,,,,,,,,,,,,
東住吉区,北田辺,4丁目,20番,,,,,,,火金,,,,,,,,,,,,,,,,月,,,,,,,,,,,,,,,,木,,,,,,,,,,,,,,土,,,,,,,,,,,,,,
東住吉区,北田辺,4丁目,21番,,,,,,,火金,,,,,,,,,,,,,,,,月,,,,,,,,,,,,,,,,木,,,,,,,,,,,,,,土,,,,,,,,,,,,,,
東住吉区,北田辺,4丁目,22番,,,,,,,火金,,,,,,,,,,,,,,,,月,,,,,,,,,,,,,,,,木,,,,,,,,,,,,,,土,,,,,,,,,,,,,,
東住吉区,北田辺,4丁目,23番,,,,,,,火金,,,,,,,,,,,,,,,,月,,,,,,,,,,,,,,,,木,,,,,,,,,,,,,,土,,,,,,,,,,,,,,
東住吉区,北田辺,4丁目,24番,,,,,,,火金,,,,,,,,,,,,,,,,月,,,,,,,,,,,,,,,,木,,,,,,,,,,,,,,土,,,,,,,,,,,,,,
東住吉区,北田辺,4丁目,25番,,,,,,,火金,,,,,,,,,,,,,,,,月,,,,,,,,,,,,,,,,木,,,,,,,,,,,,,,土,,,,,,,,,,,,,,
東住吉区,北田辺,4丁目,26番,,,,,,,火金,,,,,,,,,,,,,,,,月,,,,,,,,,,,,,,,,木,,,,,,,,,,,,,,土,,,,,,,,,,,,,,
東住吉区,北田辺,4丁目,27番,,,,,,,火金,,,,,,,,,,,,,,,,月,,,,,,,,,,,,,,,,木,,,,,,,,,,,,,,土,,,,,,,,,,,,,,
東住吉区,北田辺,4丁目,28番,,,,,,,火金,,,,,,,,,,,,,,,,月,,,,,,,,,,,,,,,,木,,,,,,,,,,,,,,土,,,,,,,,,,,,,,
東住吉区,北田辺,5丁目,2番,,,,,,,火金,,,,,,,,,,,,,,,,,,,,,,,月,,,,,,,,,,,,,,,,木,,,,,,,金,,,,,,,,,,,,,,
東住吉区,北田辺,5丁目,4番,,,,,,,火金,,,,,,,,,,,,,,,,,,,,,,,月,,,,,,,,,,,,,,,,木,,,,,,,金,,,,,,,,,,,,,,
東住吉区,北田辺,5丁目,5番,,,,,,,火金,,,,,,,,,,,,,,,,,,,,,,,月,,,,,,,,,,,,,,,,木,,,,,,,金,,,,,,,,,,,,,,
東住吉区,北田辺,5丁目,6番,,,,,,,火金,,,,,,,,,,,,,,,,,,,,,,,月,,,,,,,,,,,,,,,,木,,,,,,,金,,,,,,,,,,,,,,
東住吉区,北田辺,5丁目,7番,,,,,,,火金,,,,,,,,,,,,,,,,,,,,,,,月,,,,,,,,,,,,,,,,木,,,,,,,金,,,,,,,,,,,,,,
東住吉区,北田辺,5丁目,8番,,,,,,,火金,,,,,,,,,,,,,,,,,,,,,,,月,,,,,,,,,,,,,,,,木,,,,,,,金,,,,,,,,,,,,,,
東住吉区,北田辺,5丁目,9番,,,,,,,火金,,,,,,,,,,,,,,,,,,,,,,,月,,,,,,,,,,,,,,,,木,,,,,,,金,,,,,,,,,,,,,,
東住吉区,北田辺,5丁目,10番,,,,,,,火金,,,,,,,,,,,,,,,,,,,,,,,月,,,,,,,,,,,,,,,,木,,,,,,,金,,,,,,,,,,,,,,
東住吉区,北田辺,5丁目,11番,,,,,,,火金,,,,,,,,,,,,,,,,,,,,,,,月,,,,,,,,,,,,,,,,木,,,,,,,金,,,,,,,,,,,,,,
東住吉区,北田辺,5丁目,12番,,,,,,,火金,,,,,,,,,,,,,,,,,,,,,,,月,,,,,,,,,,,,,,,,木,,,,,,,金,,,,,,,,,,,,,,
東住吉区,北田辺,6丁目,1番,26~28号,,,,,,火金,,,,,,,,,,,,,,,,,,,,,,,月,,,,,,,,,,,,,,,,木,,,,,,,金,,,,,,,,,,,,,,
東住吉区,北田辺,6丁目,1番,上記以外,,,,,,火金,,,,,,,,,,,,,,,,,,,,,,,月,,,,,,,,,,,,,,,,木,,,,,,,金,,,,,,,,,,,,,,
東住吉区,北田辺,6丁目,2番,,,,,,,火金,,,,,,,,,,,,,,,,,,,,,,,月,,,,,,,,,,,,,,,,木,,,,,,,金,,,,,,,,,,,,,,
東住吉区,北田辺,6丁目,3番,,,,,,,火金,,,,,,,,,,,,,,,,,,,,,,,月,,,,,,,,,,,,,,,,木,,,,,,,金,,,,,,,,,,,,,,
東住吉区,北田辺,6丁目,4番,,,,,,,火金,,,,,,,,,,,,,,,,,,,,,,,月,,,,,,,,,,,,,,,,木,,,,,,,金,,,,,,,,,,,,,,
東住吉区,北田辺,6丁目,5番,,,,,,,火金,,,,,,,,,,,,,,,,,,,,,,,月,,,,,,,,,,,,,,,,木,,,,,,,金,,,,,,,,,,,,,,
東住吉区,北田辺,6丁目,6番,,,,,,,火金,,,,,,,,,,,,,,,,,,,,,,,月,,,,,,,,,,,,,,,,木,,,,,,,金,,,,,,,,,,,,,,
東住吉区,北田辺,6丁目,7番,,,,,,,火金,,,,,,,,,,,,,,,,,,,,,,,月,,,,,,,,,,,,,,,,木,,,,,,,金,,,,,,,,,,,,,,
東住吉区,北田辺,6丁目,8番,,,,,,,火金,,,,,,,,,,,,,,,,,,,,,,,月,,,,,,,,,,,,,,,,木,,,,,,,金,,,,,,,,,,,,,,
東住吉区,北田辺,6丁目,9番,,,,,,,火金,,,,,,,,,,,,,,,,,,,,,,,月,,,,,,,,,,,,,,,,木,,,,,,,金,,,,,,,,,,,,,,
東住吉区,北田辺,6丁目,10番,,,,,,,火金,,,,,,,,,,,,,,,,,,,,,,,月,,,,,,,,,,,,,,,,木,,,,,,,金,,,,,,,,,,,,,,
東住吉区,北田辺,6丁目,11番,,,,,,,火金,,,,,,,,,,,,,,,,,,,,,,,月,,,,,,,,,,,,,,,,木,,,,,,,金,,,,,,,,,,,,,,
東住吉区,北田辺,6丁目,12番,,,,,,,火金,,,,,,,,,,,,,,,,,,,,,,,月,,,,,,,,,,,,,,,,木,,,,,,,金,,,,,,,,,,,,,,
東住吉区,北田辺,6丁目,13番,2･3号,,,,,,火金,,,,,,,,,,,,,,,,,,,,,,,月,,,,,,,,,,,,,,,,木,,,,,,,金,,,,,,,,,,,,,,
東住吉区,北田辺,6丁目,13番,13号,,,,,,火金,,,,,,,,,,,,,,,,,,,,,,,月,,,,,,,,,,,,,,,,木,,,,,,,金,,,,,,,,,,,,,,
東住吉区,北田辺,6丁目,13番,上記以外,,,,,,火金,,,,,,,,,,,,,,,,,,,,,,,月,,,,,,,,,,,,,,,,木,,,,,,,金,,,,,,,,,,,,,,
東住吉区,北田辺,6丁目,14番,35･36号,,,,,,火金,,,,,,,,,,,,,,,,,,,,,,,月,,,,,,,,,,,,,,,,木,,,,,,,金,,,,,,,,,,,,,,
東住吉区,北田辺,6丁目,14番,上記以外,,,,,,火金,,,,,,,,,,,,,,,,,,,,,,,月,,,,,,,,,,,,,,,,木,,,,,,,金,,,,,,,,,,,,,,
東住吉区,北田辺,6丁目,15番,41~46号,,,,,,火金,,,,,,,,,,,,,,,,,,,,,,,月,,,,,,,,,,,,,,,,木,,,,,,,金,,,,,,,,,,,,,,
東住吉区,北田辺,6丁目,15番,上記以外,,,,,,火金,,,,,,,,,,,,,,,,,,,,,,,月,,,,,,,,,,,,,,,,木,,,,,,,金,,,,,,,,,,,,,,
東住吉区,北田辺,6丁目,16番,18~24号,,,,,,火金,,,,,,,,,,,,,,,,,,,,,,,月,,,,,,,,,,,,,,,,木,,,,,,,金,,,,,,,,,,,,,,
東住吉区,北田辺,6丁目,16番,33号,,,,,,火金,,,,,,,,,,,,,,,,,,,,,,,月,,,,,,,,,,,,,,,,木,,,,,,,金,,,,,,,,,,,,,,
東住吉区,北田辺,6丁目,16番,上記以外,,,,,,火金,,,,,,,,,,,,,,,,,,,,,,,月,,,,,,,,,,,,,,,,木,,,,,,,金,,,,,,,,,,,,,,
東住吉区,北田辺,6丁目,17番,,,,,,,火金,,,,,,,,,,,,,,,,,,,,,,,月,,,,,,,,,,,,,,,,木,,,,,,,金,,,,,,,,,,,,,,
東住吉区,北田辺,6丁目,18番,,,,,,,火金,,,,,,,,,,,,,,,,,,,,,,,月,,,,,,,,,,,,,,,,木,,,,,,,金,,,,,,,,,,,,,,
東住吉区,北田辺,6丁目,19番,,,,,,,火金,,,,,,,,,,,,,,,,,,,,,,,月,,,,,,,,,,,,,,,,木,,,,,,,金,,,,,,,,,,,,,,
東住吉区,北田辺,6丁目,20番,,,,,,,火金,,,,,,,,,,,,,,,,,,,,,,,月,,,,,,,,,,,,,,,,木,,,,,,,金,,,,,,,,,,,,,,
東住吉区,北田辺,6丁目,21番,,,,,,,火金,,,,,,,,,,,,,,,,,,,,,,,月,,,,,,,,,,,,,,,,木,,,,,,,金,,,,,,,,,,,,,,
東住吉区,北田辺,6丁目,22番,,,,,,,火金,,,,,,,,,,,,,,,,,,,,,,,月,,,,,,,,,,,,,,,,木,,,,,,,金,,,,,,,,,,,,,,
東住吉区,北田辺,6丁目,23番,,,,,,,火金,,,,,,,,,,,,,,,,,,,,,,,月,,,,,,,,,,,,,,,,木,,,,,,,金,,,,,,,,,,,,,,
東住吉区,北田辺,6丁目,24番,,,,,,,火金,,,,,,,,,,,,,,,,,,,,,,,月,,,,,,,,,,,,,,,,木,,,,,,,金,,,,,,,,,,,,,,
東住吉区,杭全,1丁目,1番,,,,,,,月木,,,,,,,,,,,,,,,,,,,,,,,火,,,,,,,,,,,,,,,,金,,,,,,,,,,,,,,,,,,,,,
東住吉区,杭全,1丁目,2番,,,,,,,月木,,,,,,,,,,,,,,,,,,,,,,,火,,,,,,,,,,,,,,,,金,,,,,,,,,,,,,,,,,,,,,
東住吉区,杭全,1丁目,3番,,,,,,,月木,,,,,,,,,,,,,,,,,,,,,,,火,,,,,,,,,,,,,,,,金,,,,,,,,,,,,,,,,,,,,,
東住吉区,杭全,1丁目,4番,,,,,,,月木,,,,,,,,,,,,,,,,,,,,,,,火,,,,,,,,,,,,,,,,金,,,,,,,,,,,,,,,,,,,,,
東住吉区,杭全,1丁目,5番,,,,,,,月木,,,,,,,,,,,,,,,,,,,,,,,火,,,,,,,,,,,,,,,,金,,,,,,,,,,,,,,,,,,,,,
東住吉区,杭全,1丁目,6番,,,,,,,月木,,,,,,,,,,,,,,,,,,,,,,,火,,,,,,,,,,,,,,,,金,,,,,,,,,,,,,,,,,,,,,
東住吉区,杭全,1丁目,7番,,,,,,,月木,,,,,,,,,,,,,,,,,,,,,,,火,,,,,,,,,,,,,,,,金,,,,,,,,,,,,,,,,,,,,,
東住吉区,杭全,1丁目,8番,,,,,,,月木,,,,,,,,,,,,,,,,,,,,,,,火,,,,,,,,,,,,,,,,金,,,,,,,,,,,,,,,,,,,,,
東住吉区,杭全,1丁目,9番,,,,,,,月木,,,,,,,,,,,,,,,,,,,,,,,火,,,,,,,,,,,,,,,,金,,,,,,,,,,,,,,,,,,,,,
東住吉区,杭全,1丁目,10番,,,,,,,月木,,,,,,,,,,,,,,,,,,,,,,,火,,,,,,,,,,,,,,,,金,,,,,,,,,,,,,,,,,,,,,
東住吉区,杭全,1丁目,11番,,,,,,,月木,,,,,,,,,,,,,,,,,,,,,,,火,,,,,,,,,,,,,,,,金,,,,,,,,,,,,,,,,,,,,,
東住吉区,杭全,1丁目,12番,,,,,,,月木,,,,,,,,,,,,,,,,,,,,,,,火,,,,,,,,,,,,,,,,金,,,,,,,,,,,,,,,,,,,,,
東住吉区,杭全,1丁目,13番,,,,,,,月木,,,,,,,,,,,,,,,,,,,,,,,火,,,,,,,,,,,,,,,,金,,,,,,,,,,,,,,,,,,,,,
東住吉区,杭全,1丁目,14番,,,,,,,月木,,,,,,,,,,,,,,,,,,,,,,,火,,,,,,,,,,,,,,,,金,,,,,,,,,,,,,,,,,,,,,
東住吉区,杭全,1丁目,15番,,,,,,,,月木,,,,,,,,,,,,,,,,,,,,,,火,,,,,,,,,,,,,,,,金,,,,,,,,,,,,,,,,,,,,,
東住吉区,杭全,1丁目,16番,,,,,,,,月木,,,,,,,,,,,,,,,,,,,,,,火,,,,,,,,,,,,,,,,金,,,,,,,,,,,,,,,,,,,,,
東住吉区,杭全,1丁目,17番,,,,,,,,月木,,,,,,,,,,,,,,,,,,,,,,火,,,,,,,,,,,,,,,,金,,,,,,,,,,,,,,,,,,,,,
東住吉区,杭全,1丁目,18番,,,,,,,,月木,,,,,,,,,,,,,,,,,,,,,,火,,,,,,,,,,,,,,,,金,,,,,,,,,,,,,,,,,,,,,
東住吉区,杭全,2丁目,1番,,,,,,,,月木,,,,,,,,,,,,,,,,,,,,,,火,,,,,,,,,,,,,,,,金,,,,,,,,,,,,,,,,,,,,,
東住吉区,杭全,2丁目,2番,,,,,,,,月木,,,,,,,,,,,,,,,,,,,,,,火,,,,,,,,,,,,,,,,金,,,,,,,,,,,,,,,,,,,,,
東住吉区,杭全,2丁目,3番,,,,,,,,月木,,,,,,,,,,,,,,,,,,,,,,火,,,,,,,,,,,,,,,,金,,,,,,,,,,,,,,,,,,,,,
東住吉区,杭全,2丁目,4番,,,,,,,,月木,,,,,,,,,,,,,,,,,,,,,,火,,,,,,,,,,,,,,,,金,,,,,,,,,,,,,,,,,,,,,
東住吉区,杭全,2丁目,5番,,,,,,,,月木,,,,,,,,,,,,,,,,,,,,,,火,,,,,,,,,,,,,,,,金,,,,,,,,,,,,,,,,,,,,,
東住吉区,杭全,2丁目,6番,,,,,,,,月木,,,,,,,,,,,,,,,,,,,,,,火,,,,,,,,,,,,,,,,金,,,,,,,,,,,,,,,,,,,,,
東住吉区,杭全,2丁目,7番,,,,,,,,月木,,,,,,,,,,,,,,,,,,,,,,火,,,,,,,,,,,,,,,,金,,,,,,,,,,,,,,,,,,,,,
東住吉区,杭全,2丁目,8番,,,,,,,,月木,,,,,,,,,,,,,,,,,,,,,,火,,,,,,,,,,,,,,,,金,,,,,,,,,,,,,,,,,,,,,
東住吉区,杭全,2丁目,9番,,,,,,,,月木,,,,,,,,,,,,,,,,,,,,,,火,,,,,,,,,,,,,,,,金,,,,,,,,,,,,,,,,,,,,,
東住吉区,杭全,2丁目,10番,,,,,,,,月木,,,,,,,,,,,,,,,,,,,,,,火,,,,,,,,,,,,,,,,金,,,,,,,,,,,,,,,,,,,,,
東住吉区,杭全,2丁目,11番,,,,,,,,月木,,,,,,,,,,,,,,,,,,,,,,火,,,,,,,,,,,,,,,,金,,,,,,,,,,,,,,,,,,,,,
東住吉区,杭全,2丁目,12番,,,,,,,,月木,,,,,,,,,,,,,,,,,,,,,,火,,,,,,,,,,,,,,,,金,,,,,,,,,,,,,,,,,,,,,
東住吉区,杭全,2丁目,13番,,,,,,,,月木,,,,,,,,,,,,,,,,,,,,,,火,,,,,,,,,,,,,,,,金,,,,,,,,,,,,,,,,,,,,,
東住吉区,杭全,3丁目,1番,,,,,,,,月木,,,,,,,,,,,,,,,,,,,,,,火,,,,,,,,,,,,,,,,金,,,,,,,,,,,,,,,,,,,,,
東住吉区,杭全,3丁目,2番,,,,,,,,月木,,,,,,,,,,,,,,,,,,,,,,火,,,,,,,,,,,,,,,,金,,,,,,,,,,,,,,,,,,,,,
東住吉区,杭全,3丁目,3番,,,,,,,,月木,,,,,,,,,,,,,,,,,,,,,,火,,,,,,,,,,,,,,,,金,,,,,,,,,,,,,,,,,,,,,
東住吉区,杭全,3丁目,4番,,,,,,,,月木,,,,,,,,,,,,,,,,,,,,,,火,,,,,,,,,,,,,,,,金,,,,,,,,,,,,,,,,,,,,,
東住吉区,杭全,3丁目,5番,,,,,,,,月木,,,,,,,,,,,,,,,,,,,,,,火,,,,,,,,,,,,,,,,金,,,,,,,,,,,,,,,,,,,,,
東住吉区,杭全,3丁目,6番,軽四輪車(小さい車)で収集している地域,,,,,,,月木,,,,,,,,,,,,,,,,,,,,,,火,,,,,,,,,,,,,,,,金,,,,,,,,,,,,,,,,,,,,,
東住吉区,杭全,3丁目,6番,上記以外,,,,,,,月木,,,,,,,,,,,,,,,,,,,,,,火,,,,,,,,,,,,,,,,金,,,,,,,,,,,,,,,,,,,,,
東住吉区,杭全,3丁目,7番,,,,,,,,月木,,,,,,,,,,,,,,,,,,,,,,火,,,,,,,,,,,,,,,,金,,,,,,,,,,,,,,,,,,,,,
東住吉区,杭全,3丁目,8番,,,,,,,,月木,,,,,,,,,,,,,,,,,,,,,,火,,,,,,,,,,,,,,,,金,,,,,,,,,,,,,,,,,,,,,
東住吉区,杭全,3丁目,9番,軽四輪車(小さい車)で収集している地域,,,,,,,月木,,,,,,,,,,,,,,,,,,,,,,火,,,,,,,,,,,,,,,,金,,,,,,,,,,,,,,,,,,,,,
東住吉区,杭全,3丁目,9番,上記以外,,,,,,,月木,,,,,,,,,,,,,,,,,,,,,,火,,,,,,,,,,,,,,,,金,,,,,,,,,,,,,,,,,,,,,
東住吉区,杭全,3丁目,10番,,,,,,,,月木,,,,,,,,,,,,,,,,,,,,,,火,,,,,,,,,,,,,,,,金,,,,,,,,,,,,,,,,,,,,,
東住吉区,杭全,4丁目,1番,,,,,,,,月木,,,,,,,,,,,,,,,,,,,,,,火,,,,,,,,,,,,,,,,金,,,,,,,,,,,,,,,,,,,,,
東住吉区,杭全,4丁目,2番,,,,,,,,月木,,,,,,,,,,,,,,,,,,,,,,火,,,,,,,,,,,,,,,,金,,,,,,,,,,,,,,,,,,,,,
東住吉区,杭全,4丁目,3番,,,,,,,,月木,,,,,,,,,,,,,,,,,,,,,,火,,,,,,,,,,,,,,,,金,,,,,,,,,,,,,,,,,,,,,
東住吉区,杭全,4丁目,4番,,,,,,,,月木,,,,,,,,,,,,,,,,,,,,,,火,,,,,,,,,,,,,,,,金,,,,,,,,,,,,,,,,,,,,,
東住吉区,杭全,4丁目,5番,,,,,,,,月木,,,,,,,,,,,,,,,,,,,,,,火,,,,,,,,,,,,,,,,金,,,,,,,,,,,,,,,,,,,,,
東住吉区,杭全,4丁目,6番,,,,,,,,月木,,,,,,,,,,,,,,,,,,,,,,火,,,,,,,,,,,,,,,,金,,,,,,,,,,,,,,,,,,,,,
東住吉区,杭全,4丁目,7番,,,,,,,,月木,,,,,,,,,,,,,,,,,,,,,,火,,,,,,,,,,,,,,,,金,,,,,,,,,,,,,,,,,,,,,
東住吉区,杭全,4丁目,8番,,,,,,,,月木,,,,,,,,,,,,,,,,,,,,,,火,,,,,,,,,,,,,,,,金,,,,,,,,,,,,,,,,,,,,,
東住吉区,杭全,4丁目,9番,,,,,,,,月木,,,,,,,,,,,,,,,,,,,,,,火,,,,,,,,,,,,,,,,金,,,,,,,,,,,,,,,,,,,,,
東住吉区,杭全,4丁目,10番,,,,,,,,月木,,,,,,,,,,,,,,,,,,,,,,火,,,,,,,,,,,,,,,,金,,,,,,,,,,,,,,,,,,,,,
東住吉区,杭全,4丁目,11番,,,,,,,,月木,,,,,,,,,,,,,,,,,,,,,,火,,,,,,,,,,,,,,,,金,,,,,,,,,,,,,,,,,,,,,
東住吉区,杭全,4丁目,12番,,,,,,,,月木,,,,,,,,,,,,,,,,,,,,,,火,,,,,,,,,,,,,,,,金,,,,,,,,,,,,,,,,,,,,,
東住吉区,杭全,5丁目,1番,,,,,,,,月木,,,,,,,,,,,,,,,,,,,,,,火,,,,,,,,,,,,,,,,金,,,,,,,,,,,,,,,,,,,,,
東住吉区,杭全,5丁目,2番,,,,,,,,月木,,,,,,,,,,,,,,,,,,,,,,火,,,,,,,,,,,,,,,,金,,,,,,,,,,,,,,,,,,,,,
東住吉区,杭全,5丁目,3番,,,,,,,,月木,,,,,,,,,,,,,,,,,,,,,,火,,,,,,,,,,,,,,,,金,,,,,,,,,,,,,,,,,,,,,
東住吉区,杭全,5丁目,4番,,,,,,,,月木,,,,,,,,,,,,,,,,,,,,,,火,,,,,,,,,,,,,,,,金,,,,,,,,,,,,,,,,,,,,,
東住吉区,杭全,5丁目,5番,,,,,,,,月木,,,,,,,,,,,,,,,,,,,,,,火,,,,,,,,,,,,,,,,金,,,,,,,,,,,,,,,,,,,,,
東住吉区,杭全,5丁目,6番,,,,,,,,月木,,,,,,,,,,,,,,,,,,,,,,火,,,,,,,,,,,,,,,,金,,,,,,,,,,,,,,,,,,,,,
東住吉区,杭全,5丁目,7番,,,,,,,,月木,,,,,,,,,,,,,,,,,,,,,,火,,,,,,,,,,,,,,,,金,,,,,,,,,,,,,,,,,,,,,
東住吉区,杭全,5丁目,8番,,,,,,,,月木,,,,,,,,,,,,,,,,,,,,,,火,,,,,,,,,,,,,,,,金,,,,,,,,,,,,,,,,,,,,,
東住吉区,杭全,5丁目,9番,,,,,,,,月木,,,,,,,,,,,,,,,,,,,,,,火,,,,,,,,,,,,,,,,金,,,,,,,,,,,,,,,,,,,,,
東住吉区,杭全,5丁目,10番,,,,,,,,月木,,,,,,,,,,,,,,,,,,,,,,火,,,,,,,,,,,,,,,,金,,,,,,,,,,,,,,,,,,,,,
東住吉区,杭全,5丁目,11番,,,,,,,,月木,,,,,,,,,,,,,,,,,,,,,,火,,,,,,,,,,,,,,,,金,,,,,,,,,,,,,,,,,,,,,
東住吉区,杭全,5丁目,12番,,,,,,,,月木,,,,,,,,,,,,,,,,,,,,,,火,,,,,,,,,,,,,,,,金,,,,,,,,,,,,,,,,,,,,,
東住吉区,杭全,5丁目,13番,,,,,,,,月木,,,,,,,,,,,,,,,,,,,,,,火,,,,,,,,,,,,,,,,金,,,,,,,,,,,,,,,,,,,,,
東住吉区,杭全,6丁目,1番,,,,,,,,月木,,,,,,,,,,,,,,,,,,,,,,火,,,,,,,,,,,,,,,,金,,,,,,,,,,,,,,,,,,,,,
東住吉区,杭全,6丁目,2番,,,,,,,,月木,,,,,,,,,,,,,,,,,,,,,,火,,,,,,,,,,,,,,,,金,,,,,,,,,,,,,,,,,,,,,
東住吉区,杭全,6丁目,3番,,,,,,,,月木,,,,,,,,,,,,,,,,,,,,,,火,,,,,,,,,,,,,,,,金,,,,,,,,,,,,,,,,,,,,,
東住吉区,杭全,6丁目,4番,,,,,,,,月木,,,,,,,,,,,,,,,,,,,,,,火,,,,,,,,,,,,,,,,金,,,,,,,,,,,,,,,,,,,,,
東住吉区,杭全,6丁目,5番,,,,,,,,月木,,,,,,,,,,,,,,,,,,,,,,火,,,,,,,,,,,,,,,,金,,,,,,,,,,,,,,,,,,,,,
東住吉区,杭全,6丁目,6番,,,,,,,,月木,,,,,,,,,,,,,,,,,,,,,,火,,,,,,,,,,,,,,,,金,,,,,,,,,,,,,,,,,,,,,
東住吉区,杭全,6丁目,7番,,,,,,,,月木,,,,,,,,,,,,,,,,,,,,,,火,,,,,,,,,,,,,,,,金,,,,,,,,,,,,,,,,,,,,,
東住吉区,杭全,6丁目,8番,,,,,,,,月木,,,,,,,,,,,,,,,,,,,,,,火,,,,,,,,,,,,,,,,金,,,,,,,,,,,,,,,,,,,,,
東住吉区,杭全,6丁目,9番,,,,,,,,月木,,,,,,,,,,,,,,,,,,,,,,火,,,,,,,,,,,,,,,,金,,,,,,,,,,,,,,,,,,,,,
東住吉区,杭全,6丁目,10番,,,,,,,,月木,,,,,,,,,,,,,,,,,,,,,,火,,,,,,,,,,,,,,,,金,,,,,,,,,,,,,,,,,,,,,
東住吉区,杭全,6丁目,11番,,,,,,,,月木,,,,,,,,,,,,,,,,,,,,,,火,,,,,,,,,,,,,,,,金,,,,,,,,,,,,,,,,,,,,,
東住吉区,杭全,6丁目,12番,,,,,,,,月木,,,,,,,,,,,,,,,,,,,,,,火,,,,,,,,,,,,,,,,金,,,,,,,,,,,,,,,,,,,,,
東住吉区,杭全,7丁目,1番,,,,,,,,月木,,,,,,,,,,,,,,,,,,,,,,火,,,,,,,,,,,,,,,,金,,,,,,,,,,,,,,,,,,,,,
東住吉区,杭全,7丁目,2番,,,,,,,,月木,,,,,,,,,,,,,,,,,,,,,,火,,,,,,,,,,,,,,,,金,,,,,,,,,,,,,,,,,,,,,
東住吉区,杭全,7丁目,3番,,,,,,,,月木,,,,,,,,,,,,,,,,,,,,,,火,,,,,,,,,,,,,,,,金,,,,,,,,,,,,,,,,,,,,,
東住吉区,杭全,7丁目,4番,,,,,,,,月木,,,,,,,,,,,,,,,,,,,,,,火,,,,,,,,,,,,,,,,金,,,,,,,,,,,,,,,,,,,,,
東住吉区,杭全,7丁目,5番,,,,,,,,月木,,,,,,,,,,,,,,,,,,,,,,火,,,,,,,,,,,,,,,,金,,,,,,,,,,,,,,,,,,,,,
東住吉区,杭全,7丁目,6番,,,,,,,,月木,,,,,,,,,,,,,,,,,,,,,,火,,,,,,,,,,,,,,,,金,,,,,,,,,,,,,,,,,,,,,
東住吉区,杭全,7丁目,7番,,,,,,,,月木,,,,,,,,,,,,,,,,,,,,,,火,,,,,,,,,,,,,,,,金,,,,,,,,,,,,,,,,,,,,,
東住吉区,杭全,7丁目,8番,,,,,,,,月木,,,,,,,,,,,,,,,,,,,,,,火,,,,,,,,,,,,,,,,金,,,,,,,,,,,,,,,,,,,,,
東住吉区,杭全,7丁目,9番,,,,,,,,月木,,,,,,,,,,,,,,,,,,,,,,火,,,,,,,,,,,,,,,,金,,,,,,,,,,,,,,,,,,,,,
東住吉区,杭全,7丁目,10番,,,,,,,,月木,,,,,,,,,,,,,,,,,,,,,,火,,,,,,,,,,,,,,,,金,,,,,,,,,,,,,,,,,,,,,
東住吉区,杭全,7丁目,11番,,,,,,,,月木,,,,,,,,,,,,,,,,,,,,,,火,,,,,,,,,,,,,,,,金,,,,,,,,,,,,,,,,,,,,,
東住吉区,杭全,7丁目,12番,,,,,,,,月木,,,,,,,,,,,,,,,,,,,,,,火,,,,,,,,,,,,,,,,金,,,,,,,,,,,,,,,,,,,,,
東住吉区,杭全,7丁目,13番,,,,,,,,月木,,,,,,,,,,,,,,,,,,,,,,火,,,,,,,,,,,,,,,,金,,,,,,,,,,,,,,,,,,,,,
東住吉区,杭全,7丁目,14番,,,,,,,,月木,,,,,,,,,,,,,,,,,,,,,,火,,,,,,,,,,,,,,,,金,,,,,,,,,,,,,,,,,,,,,
東住吉区,杭全,8丁目,1番,,,,,,,,月木,,,,,,,,,,,,,,,,,,,,,,火,,,,,,,,,,,,,,,,金,,,,,,,,,,,,,,,,,,,,,
東住吉区,杭全,8丁目,2番,,,,,,,,月木,,,,,,,,,,,,,,,,,,,,,,火,,,,,,,,,,,,,,,,金,,,,,,,,,,,,,,,,,,,,,
東住吉区,杭全,8丁目,3番,,,,,,,,月木,,,,,,,,,,,,,,,,,,,,,,火,,,,,,,,,,,,,,,,金,,,,,,,,,,,,,,,,,,,,,
東住吉区,杭全,8丁目,4番,,,,,,,,月木,,,,,,,,,,,,,,,,,,,,,,火,,,,,,,,,,,,,,,,金,,,,,,,,,,,,,,,,,,,,,
東住吉区,杭全,8丁目,5番,,,,,,,,月木,,,,,,,,,,,,,,,,,,,,,,火,,,,,,,,,,,,,,,,金,,,,,,,,,,,,,,,,,,,,,
東住吉区,杭全,8丁目,6番,,,,,,,,月木,,,,,,,,,,,,,,,,,,,,,,火,,,,,,,,,,,,,,,,金,,,,,,,,,,,,,,,,,,,,,
東住吉区,杭全,8丁目,7番,,,,,,,,月木,,,,,,,,,,,,,,,,,,,,,,火,,,,,,,,,,,,,,,,金,,,,,,,,,,,,,,,,,,,,,
東住吉区,杭全,8丁目,8番,,,,,,,,月木,,,,,,,,,,,,,,,,,,,,,,火,,,,,,,,,,,,,,,,金,,,,,,,,,,,,,,,,,,,,,
東住吉区,杭全,8丁目,9番,,,,,,,,月木,,,,,,,,,,,,,,,,,,,,,,火,,,,,,,,,,,,,,,,金,,,,,,,,,,,,,,,,,,,,,
東住吉区,杭全,8丁目,10番,,,,,,,,月木,,,,,,,,,,,,,,,,,,,,,,火,,,,,,,,,,,,,,,,金,,,,,,,,,,,,,,,,,,,,,
東住吉区,杭全,8丁目,11番,,,,,,,,月木,,,,,,,,,,,,,,,,,,,,,,火,,,,,,,,,,,,,,,,金,,,,,,,,,,,,,,,,,,,,,
東住吉区,杭全,8丁目,12番,,,,,,,,月木,,,,,,,,,,,,,,,,,,,,,,火,,,,,,,,,,,,,,,,金,,,,,,,,,,,,,,,,,,,,,
東住吉区,桑津,1丁目,5番,,,,,,,,火金,,,,,,,,,,,,,,,月,,,,,,,,,,,,,,,,木,,,,,,,,,,,,,,月,,,,,,,,,,,,,,
東住吉区,桑津,1丁目,6番,,,,,,,,火金,,,,,,,,,,,,,,,月,,,,,,,,,,,,,,,,木,,,,,,,,,,,,,,月,,,,,,,,,,,,,,
東住吉区,桑津,1丁目,7番,,,,,,,,火金,,,,,,,,,,,,,,,月,,,,,,,,,,,,,,,,木,,,,,,,,,,,,,,月,,,,,,,,,,,,,,
東住吉区,桑津,1丁目,8番,,,,,,,,火金,,,,,,,,,,,,,,,月,,,,,,,,,,,,,,,,木,,,,,,,,,,,,,,月,,,,,,,,,,,,,,
東住吉区,桑津,1丁目,9番,,,,,,,,火金,,,,,,,,,,,,,,,月,,,,,,,,,,,,,,,,木,,,,,,,,,,,,,,月,,,,,,,,,,,,,,
東住吉区,桑津,1丁目,10番,,,,,,,,火金,,,,,,,,,,,,,,,月,,,,,,,,,,,,,,,,木,,,,,,,,,,,,,,月,,,,,,,,,,,,,,
東住吉区,桑津,1丁目,11番,,,,,,,,火金,,,,,,,,,,,,,,,月,,,,,,,,,,,,,,,,木,,,,,,,,,,,,,,月,,,,,,,,,,,,,,
東住吉区,桑津,1丁目,12番,,,,,,,,火金,,,,,,,,,,,,,,,月,,,,,,,,,,,,,,,,木,,,,,,,,,,,,,,月,,,,,,,,,,,,,,
東住吉区,桑津,1丁目,13番,,,,,,,,火金,,,,,,,,,,,,,,,月,,,,,,,,,,,,,,,,木,,,,,,,,,,,,,,月,,,,,,,,,,,,,,
東住吉区,桑津,1丁目,14番,,,,,,,,火金,,,,,,,,,,,,,,,月,,,,,,,,,,,,,,,,木,,,,,,,,,,,,,,月,,,,,,,,,,,,,,
東住吉区,桑津,1丁目,15番,,,,,,,,火金,,,,,,,,,,,,,,,月,,,,,,,,,,,,,,,,木,,,,,,,,,,,,,,月,,,,,,,,,,,,,,
東住吉区,桑津,1丁目,16番,,,,,,,,火金,,,,,,,,,,,,,,,月,,,,,,,,,,,,,,,,木,,,,,,,,,,,,,,月,,,,,,,,,,,,,,
東住吉区,桑津,1丁目,17番,,,,,,,,火金,,,,,,,,,,,,,,,月,,,,,,,,,,,,,,,,木,,,,,,,,,,,,,,月,,,,,,,,,,,,,,
東住吉区,桑津,1丁目,18番,,,,,,,,火金,,,,,,,,,,,,,,,月,,,,,,,,,,,,,,,,木,,,,,,,,,,,,,,月,,,,,,,,,,,,,,
東住吉区,桑津,1丁目,19番,,,,,,,,火金,,,,,,,,,,,,,,,月,,,,,,,,,,,,,,,,木,,,,,,,,,,,,,,月,,,,,,,,,,,,,,
東住吉区,桑津,1丁目,20番,,,,,,,,火金,,,,,,,,,,,,,,,月,,,,,,,,,,,,,,,,木,,,,,,,,,,,,,,月,,,,,,,,,,,,,,
東住吉区,桑津,1丁目,21番,,,,,,,,火金,,,,,,,,,,,,,,,月,,,,,,,,,,,,,,,,木,,,,,,,,,,,,,,月,,,,,,,,,,,,,,
東住吉区,桑津,1丁目,22番,,,,,,,,火金,,,,,,,,,,,,,,,月,,,,,,,,,,,,,,,,木,,,,,,,,,,,,,,月,,,,,,,,,,,,,,
東住吉区,桑津,1丁目,23番,,,,,,,,火金,,,,,,,,,,,,,,,月,,,,,,,,,,,,,,,,木,,,,,,,,,,,,,,月,,,,,,,,,,,,,,
東住吉区,桑津,1丁目,24番,,,,,,,,火金,,,,,,,,,,,,,,,月,,,,,,,,,,,,,,,,木,,,,,,,,,,,,,,月,,,,,,,,,,,,,,
東住吉区,桑津,1丁目,25番,,,,,,,,火金,,,,,,,,,,,,,,,月,,,,,,,,,,,,,,,,木,,,,,,,,,,,,,,月,,,,,,,,,,,,,,
東住吉区,桑津,1丁目,26番,,,,,,,,火金,,,,,,,,,,,,,,,月,,,,,,,,,,,,,,,,木,,,,,,,,,,,,,,月,,,,,,,,,,,,,,
東住吉区,桑津,1丁目,27番,,,,,,,,火金,,,,,,,,,,,,,,,月,,,,,,,,,,,,,,,,木,,,,,,,,,,,,,,月,,,,,,,,,,,,,,
東住吉区,桑津,1丁目,28番,,,,,,,,火金,,,,,,,,,,,,,,,月,,,,,,,,,,,,,,,,木,,,,,,,,,,,,,,月,,,,,,,,,,,,,,
東住吉区,桑津,1丁目,29番,,,,,,,,火金,,,,,,,,,,,,,,,月,,,,,,,,,,,,,,,,木,,,,,,,,,,,,,,月,,,,,,,,,,,,,,
東住吉区,桑津,1丁目,30番,,,,,,,,火金,,,,,,,,,,,,,,,月,,,,,,,,,,,,,,,,木,,,,,,,,,,,,,,月,,,,,,,,,,,,,,
東住吉区,桑津,1丁目,31番,,,,,,,,火金,,,,,,,,,,,,,,,月,,,,,,,,,,,,,,,,木,,,,,,,,,,,,,,月,,,,,,,,,,,,,,
東住吉区,桑津,1丁目,32番,,,,,,,,火金,,,,,,,,,,,,,,,月,,,,,,,,,,,,,,,,木,,,,,,,,,,,,,,月,,,,,,,,,,,,,,
東住吉区,桑津,1丁目,33番,,,,,,,,火金,,,,,,,,,,,,,,,月,,,,,,,,,,,,,,,,木,,,,,,,,,,,,,,月,,,,,,,,,,,,,,
東住吉区,桑津,2丁目,4番,,,,,,,,火金,,,,,,,,,,,,,,,,,,,,,,月,,,,,,,,,木,,,,,,,,,,,,,,月,,,,,,,,,,,,,,
東住吉区,桑津,2丁目,5番,,,,,,,,火金,,,,,,,,,,,,,,,,,,,,,,月,,,,,,,,,,,,,,,,木,,,,,,,月,,,,,,,,,,,,,,
東住吉区,桑津,2丁目,6番,,,,,,,,火金,,,,,,,,,,,,,,,,,,,,,,月,,,,,,,,,,,,,,,,木,,,,,,,月,,,,,,,,,,,,,,
東住吉区,桑津,2丁目,7番,,,,,,,,火金,,,,,,,,,,,,,,,,,,,,,,月,,,,,,,,,,,,,,,,木,,,,,,,月,,,,,,,,,,,,,,
東住吉区,桑津,2丁目,8番,,,,,,,,火金,,,,,,,,,,,,,,,,,,,,,,月,,,,,,,,,,,,,,,,木,,,,,,,月,,,,,,,,,,,,,,
東住吉区,桑津,2丁目,9番,,,,,,,,火金,,,,,,,,,,,,,,,,,,,,,,月,,,,,,,,,,,,,,,,木,,,,,,,月,,,,,,,,,,,,,,
東住吉区,桑津,2丁目,10番,,,,,,,,火金,,,,,,,,,,,,,,,,,,,,,,月,,,,,,,,,,,,,,,,木,,,,,,,月,,,,,,,,,,,,,,
東住吉区,桑津,2丁目,11番,,,,,,,,火金,,,,,,,,,,,,,,,,,,,,,,月,,,,,,,,,,,,,,,,木,,,,,,,月,,,,,,,,,,,,,,
東住吉区,桑津,2丁目,12番,,,,,,,,火金,,,,,,,,,,,,,,,,,,,,,,月,,,,,,,,,,,,,,,,木,,,,,,,月,,,,,,,,,,,,,,
東住吉区,桑津,2丁目,13番,,,,,,,,火金,,,,,,,,,,,,,,,,,,,,,,月,,,,,,,,,,,,,,,,木,,,,,,,月,,,,,,,,,,,,,,
東住吉区,桑津,2丁目,14番,,,,,,,,火金,,,,,,,,,,,,,,,,,,,,,,月,,,,,,,,,,,,,,,,木,,,,,,,月,,,,,,,,,,,,,,
東住吉区,桑津,2丁目,15番,,,,,,,,火金,,,,,,,,,,,,,,,,,,,,,,月,,,,,,,,,,,,,,,,木,,,,,,,月,,,,,,,,,,,,,,
東住吉区,桑津,2丁目,16番,,,,,,,,火金,,,,,,,,,,,,,,,,,,,,,,月,,,,,,,,,,,,,,,,木,,,,,,,月,,,,,,,,,,,,,,
東住吉区,桑津,2丁目,17番,,,,,,,,火金,,,,,,,,,,,,,,,,,,,,,,月,,,,,,,,,,,,,,,,木,,,,,,,月,,,,,,,,,,,,,,
東住吉区,桑津,3丁目,1番,軽四輪車(小さい車)で収集している地域,,,,,,,火金,,,,,,,,,,,,,,,月,,,,,,,,,,,,,,,,木,,,,,,,,,,,,,,月,,,,,,,,,,,,,,
東住吉区,桑津,3丁目,1番,上記以外,,,,,,,火金,,,,,,,,,,,,,,,,,,,,,,月,,,,,,,,,,,,,,,,木,,,,,,,月,,,,,,,,,,,,,,
東住吉区,桑津,3丁目,2番,,,,,,,,火金,,,,,,,,,,,,,,,,,,,,,,月,,,,,,,,,,,,,,,,木,,,,,,,月,,,,,,,,,,,,,,
東住吉区,桑津,3丁目,3番,,,,,,,,火金,,,,,,,,,,,,,,,,,,,,,,月,,,,,,,,,,,,,,,,木,,,,,,,月,,,,,,,,,,,,,,
東住吉区,桑津,3丁目,4番,,,,,,,,火金,,,,,,,,,,,,,,,,,,,,,,月,,,,,,,,,,,,,,,,木,,,,,,,月,,,,,,,,,,,,,,
東住吉区,桑津,3丁目,5番,,,,,,,,火金,,,,,,,,,,,,,,,,,,,,,,月,,,,,,,,,,,,,,,,木,,,,,,,月,,,,,,,,,,,,,,
東住吉区,桑津,3丁目,6番,,,,,,,,火金,,,,,,,,,,,,,,,,,,,,,,月,,,,,,,,,,,,,,,,木,,,,,,,月,,,,,,,,,,,,,,
東住吉区,桑津,3丁目,7番,,,,,,,,火金,,,,,,,,,,,,,,,,,,,,,,月,,,,,,,,,,,,,,,,木,,,,,,,月,,,,,,,,,,,,,,
東住吉区,桑津,3丁目,8番,,,,,,,,火金,,,,,,,,,,,,,,,,,,,,,,月,,,,,,,,,,,,,,,,木,,,,,,,月,,,,,,,,,,,,,,
東住吉区,桑津,3丁目,9番,軽四輪車(小さい車)で収集している地域,,,,,,,火金,,,,,,,,,,,,,,,月,,,,,,,,,,,,,,,,木,,,,,,,,,,,,,,月,,,,,,,,,,,,,,
東住吉区,桑津,3丁目,9番,上記以外,,,,,,,火金,,,,,,,,,,,,,,,,,,,,,,月,,,,,,,,,,,,,,,,木,,,,,,,月,,,,,,,,,,,,,,
東住吉区,桑津,3丁目,10番,軽四輪車(小さい車)で収集している地域,,,,,,,火金,,,,,,,,,,,,,,,月,,,,,,,,,,,,,,,,木,,,,,,,,,,,,,,月,,,,,,,,,,,,,,
東住吉区,桑津,3丁目,10番,上記以外,,,,,,,火金,,,,,,,,,,,,,,,,,,,,,,月,,,,,,,,,,,,,,,,木,,,,,,,月,,,,,,,,,,,,,,
東住吉区,桑津,3丁目,11番,軽四輪車(小さい車)で収集している地域,,,,,,,火金,,,,,,,,,,,,,,,月,,,,,,,,,,,,,,,,木,,,,,,,,,,,,,,月,,,,,,,,,,,,,,
東住吉区,桑津,3丁目,11番,上記以外,,,,,,,火金,,,,,,,,,,,,,,,,,,,,,,月,,,,,,,,,,,,,,,,木,,,,,,,月,,,,,,,,,,,,,,
東住吉区,桑津,3丁目,12番,,,,,,,,火金,,,,,,,,,,,,,,,,,,,,,,月,,,,,,,,,,,,,,,,木,,,,,,,月,,,,,,,,,,,,,,
東住吉区,桑津,3丁目,13番,,,,,,,,火金,,,,,,,,,,,,,,,,,,,,,,月,,,,,,,,,,,,,,,,木,,,,,,,月,,,,,,,,,,,,,,
東住吉区,桑津,3丁目,14番,,,,,,,,火金,,,,,,,,,,,,,,,,,,,,,,月,,,,,,,,,,,,,,,,木,,,,,,,月,,,,,,,,,,,,,,
東住吉区,桑津,3丁目,15番,軽四輪車(小さい車)で収集している地域,,,,,,,火金,,,,,,,,,,,,,,,月,,,,,,,,,,,,,,,,木,,,,,,,,,,,,,,月,,,,,,,,,,,,,,
東住吉区,桑津,3丁目,15番,上記以外,,,,,,,火金,,,,,,,,,,,,,,,,,,,,,,月,,,,,,,,,,,,,,,,木,,,,,,,月,,,,,,,,,,,,,,
東住吉区,桑津,3丁目,16番,,,,,,,,火金,,,,,,,,,,,,,,,月,,,,,,,,,,,,,,,,木,,,,,,,,,,,,,,月,,,,,,,,,,,,,,
東住吉区,桑津,3丁目,17番,,,,,,,,火金,,,,,,,,,,,,,,,月,,,,,,,,,,,,,,,,木,,,,,,,,,,,,,,月,,,,,,,,,,,,,,
東住吉区,桑津,3丁目,18番,,,,,,,,火金,,,,,,,,,,,,,,,月,,,,,,,,,,,,,,,,木,,,,,,,,,,,,,,月,,,,,,,,,,,,,,
東住吉区,桑津,3丁目,19番,,,,,,,,火金,,,,,,,,,,,,,,,月,,,,,,,,,,,,,,,,木,,,,,,,,,,,,,,月,,,,,,,,,,,,,,
東住吉区,桑津,3丁目,20番,軽四輪車(小さい車)で収集している地域,,,,,,,火金,,,,,,,,,,,,,,,月,,,,,,,,,,,,,,,,木,,,,,,,,,,,,,,月,,,,,,,,,,,,,,
東住吉区,桑津,3丁目,20番,上記以外,,,,,,,火金,,,,,,,,,,,,,,,,,,,,,,月,,,,,,,,,,,,,,,,木,,,,,,,月,,,,,,,,,,,,,,
東住吉区,桑津,3丁目,21番,軽四輪車(小さい車)で収集している地域,,,,,,,火金,,,,,,,,,,,,,,,月,,,,,,,,,,,,,,,,木,,,,,,,,,,,,,,月,,,,,,,,,,,,,,
東住吉区,桑津,3丁目,21番,上記以外,,,,,,,火金,,,,,,,,,,,,,,,,,,,,,,月,,,,,,,,,,,,,,,,木,,,,,,,月,,,,,,,,,,,,,,
東住吉区,桑津,3丁目,22番,,,,,,,,火金,,,,,,,,,,,,,,,月,,,,,,,,,,,,,,,,木,,,,,,,,,,,,,,月,,,,,,,,,,,,,,
東住吉区,桑津,3丁目,23番,,,,,,,,火金,,,,,,,,,,,,,,,月,,,,,,,,,,,,,,,,木,,,,,,,,,,,,,,月,,,,,,,,,,,,,,
東住吉区,桑津,3丁目,24番,,,,,,,,火金,,,,,,,,,,,,,,,,,,,,,,月,,,,,,,,,,,,,,,,木,,,,,,,月,,,,,,,,,,,,,,
東住吉区,桑津,3丁目,25番,,,,,,,,火金,,,,,,,,,,,,,,,,,,,,,,月,,,,,,,,,,,,,,,,木,,,,,,,月,,,,,,,,,,,,,,
東住吉区,桑津,3丁目,26番,軽四輪車(小さい車)で収集している地域,,,,,,,火金,,,,,,,,,,,,,,,月,,,,,,,,,,,,,,,,木,,,,,,,,,,,,,,月,,,,,,,,,,,,,,
東住吉区,桑津,3丁目,26番,上記以外,,,,,,,火金,,,,,,,,,,,,,,,,,,,,,,月,,,,,,,,,,,,,,,,木,,,,,,,月,,,,,,,,,,,,,,
東住吉区,桑津,3丁目,27番,軽四輪車(小さい車)で収集している地域,,,,,,,火金,,,,,,,,,,,,,,,月,,,,,,,,,,,,,,,,木,,,,,,,,,,,,,,月,,,,,,,,,,,,,,
東住吉区,桑津,3丁目,27番,上記以外,,,,,,,火金,,,,,,,,,,,,,,,,,,,,,,月,,,,,,,,,,,,,,,,木,,,,,,,月,,,,,,,,,,,,,,
東住吉区,桑津,3丁目,28番,軽四輪車(小さい車)で収集している地域,,,,,,,火金,,,,,,,,,,,,,,,月,,,,,,,,,,,,,,,,木,,,,,,,,,,,,,,月,,,,,,,,,,,,,,
東住吉区,桑津,3丁目,28番,上記以外,,,,,,,火金,,,,,,,,,,,,,,,,,,,,,,月,,,,,,,,,,,,,,,,木,,,,,,,月,,,,,,,,,,,,,,
東住吉区,桑津,3丁目,29番,軽四輪車(小さい車)で収集している地域,,,,,,,火金,,,,,,,,,,,,,,,月,,,,,,,,,,,,,,,,木,,,,,,,,,,,,,,月,,,,,,,,,,,,,,
東住吉区,桑津,3丁目,29番,上記以外,,,,,,,火金,,,,,,,,,,,,,,,,,,,,,,月,,,,,,,,,,,,,,,,木,,,,,,,月,,,,,,,,,,,,,,
東住吉区,桑津,3丁目,30番,軽四輪車(小さい車)で収集している地域,,,,,,,火金,,,,,,,,,,,,,,,月,,,,,,,,,,,,,,,,木,,,,,,,,,,,,,,月,,,,,,,,,,,,,,
東住吉区,桑津,3丁目,30番,上記以外,,,,,,,火金,,,,,,,,,,,,,,,,,,,,,,月,,,,,,,,,,,,,,,,木,,,,,,,月,,,,,,,,,,,,,,
東住吉区,桑津,3丁目,31番,軽四輪車(小さい車)で収集している地域,,,,,,,火金,,,,,,,,,,,,,,,月,,,,,,,,,,,,,,,,木,,,,,,,,,,,,,,月,,,,,,,,,,,,,,
東住吉区,桑津,3丁目,31番,上記以外,,,,,,,火金,,,,,,,,,,,,,,,,,,,,,,月,,,,,,,,,,,,,,,,木,,,,,,,月,,,,,,,,,,,,,,
東住吉区,桑津,3丁目,32番,,,,,,,,火金,,,,,,,,,,,,,,,月,,,,,,,,,,,,,,,,木,,,,,,,,,,,,,,月,,,,,,,,,,,,,,
東住吉区,桑津,3丁目,33番,,,,,,,,火金,,,,,,,,,,,,,,,月,,,,,,,,,,,,,,,,木,,,,,,,,,,,,,,月,,,,,,,,,,,,,,
東住吉区,桑津,4丁目,1番,軽四輪車(小さい車)で収集している地域,,,,,,,火金,,,,,,,,,,,,,,,月,,,,,,,,,,,,,,,,木,,,,,,,,,,,,,,月,,,,,,,,,,,,,,
東住吉区,桑津,4丁目,1番,上記以外,,,,,,,火金,,,,,,,,,,,,,,,,,,,,,,月,,,,,,,,,,,,,,,,木,,,,,,,月,,,,,,,,,,,,,,
東住吉区,桑津,4丁目,2番,軽四輪車(小さい車)で収集している地域,,,,,,,火金,,,,,,,,,,,,,,,月,,,,,,,,,,,,,,,,木,,,,,,,,,,,,,,月,,,,,,,,,,,,,,
東住吉区,桑津,4丁目,2番,上記以外,,,,,,,火金,,,,,,,,,,,,,,,,,,,,,,月,,,,,,,,,,,,,,,,木,,,,,,,月,,,,,,,,,,,,,,
東住吉区,桑津,4丁目,3番,軽四輪車(小さい車)で収集している地域,,,,,,,火金,,,,,,,,,,,,,,,月,,,,,,,,,,,,,,,,木,,,,,,,,,,,,,,月,,,,,,,,,,,,,,
東住吉区,桑津,4丁目,3番,上記以外,,,,,,,火金,,,,,,,,,,,,,,,,,,,,,,月,,,,,,,,,,,,,,,,木,,,,,,,月,,,,,,,,,,,,,,
東住吉区,桑津,4丁目,4番,軽四輪車(小さい車)で収集している地域,,,,,,,火金,,,,,,,,,,,,,,,月,,,,,,,,,,,,,,,,木,,,,,,,,,,,,,,月,,,,,,,,,,,,,,
東住吉区,桑津,4丁目,4番,上記以外,,,,,,,火金,,,,,,,,,,,,,,,,,,,,,,月,,,,,,,,,,,,,,,,木,,,,,,,月,,,,,,,,,,,,,,
東住吉区,桑津,4丁目,5番,,,,,,,,火金,,,,,,,,,,,,,,,,,,,,,,月,,,,,,,,,,,,,,,,木,,,,,,,月,,,,,,,,,,,,,,
東住吉区,桑津,4丁目,6番,,,,,,,,火金,,,,,,,,,,,,,,,,,,,,,,月,,,,,,,,,,,,,,,,木,,,,,,,月,,,,,,,,,,,,,,
東住吉区,桑津,4丁目,7番,,,,,,,,火金,,,,,,,,,,,,,,,,,,,,,,月,,,,,,,,,,,,,,,,木,,,,,,,月,,,,,,,,,,,,,,
東住吉区,桑津,4丁目,8番,,,,,,,,火金,,,,,,,,,,,,,,,,,,,,,,月,,,,,,,,,,,,,,,,木,,,,,,,月,,,,,,,,,,,,,,
東住吉区,桑津,4丁目,9番,,,,,,,,火金,,,,,,,,,,,,,,,,,,,,,,月,,,,,,,,,,,,,,,,木,,,,,,,月,,,,,,,,,,,,,,
東住吉区,桑津,4丁目,10番,,,,,,,,火金,,,,,,,,,,,,,,,,,,,,,,月,,,,,,,,,,,,,,,,木,,,,,,,月,,,,,,,,,,,,,,
東住吉区,桑津,4丁目,11番,,,,,,,,火金,,,,,,,,,,,,,,,,,,,,,,月,,,,,,,,,,,,,,,,木,,,,,,,月,,,,,,,,,,,,,,
東住吉区,桑津,4丁目,12番,,,,,,,,火金,,,,,,,,,,,,,,,,,,,,,,月,,,,,,,,,,,,,,,,木,,,,,,,月,,,,,,,,,,,,,,
東住吉区,桑津,4丁目,13番,,,,,,,,火金,,,,,,,,,,,,,,,,,,,,,,月,,,,,,,,,,,,,,,,木,,,,,,,月,,,,,,,,,,,,,,
東住吉区,桑津,4丁目,14番,,,,,,,,火金,,,,,,,,,,,,,,,,,,,,,,月,,,,,,,,,,,,,,,,木,,,,,,,月,,,,,,,,,,,,,,
東住吉区,桑津,5丁目,1番,,,,,,,,火金,,,,,,,,,,,,,,,,,,,,,,月,,,,,,,,,,,,,,,,木,,,,,,,,月,,,,,,,,,,,,,
東住吉区,桑津,5丁目,2番,,,,,,,,火金,,,,,,,,,,,,,,,,,,,,,,月,,,,,,,,,,,,,,,,木,,,,,,,,月,,,,,,,,,,,,,
東住吉区,桑津,5丁目,3番,,,,,,,,火金,,,,,,,,,,,,,,,,,,,,,,月,,,,,,,,,,,,,,,,木,,,,,,,,月,,,,,,,,,,,,,
東住吉区,桑津,5丁目,4番,,,,,,,,火金,,,,,,,,,,,,,,,,,,,,,,月,,,,,,,,,,,,,,,,木,,,,,,,,月,,,,,,,,,,,,,
東住吉区,桑津,5丁目,5番,,,,,,,,火金,,,,,,,,,,,,,,,,,,,,,,月,,,,,,,,,,,,,,,,木,,,,,,,,月,,,,,,,,,,,,,
東住吉区,桑津,5丁目,6番,,,,,,,,火金,,,,,,,,,,,,,,,,,,,,,,月,,,,,,,,,,,,,,,,木,,,,,,,,月,,,,,,,,,,,,,
東住吉区,桑津,5丁目,7番,,,,,,,,火金,,,,,,,,,,,,,,,,,,,,,,月,,,,,,,,,,,,,,,,木,,,,,,,,月,,,,,,,,,,,,,
東住吉区,桑津,5丁目,8番,,,,,,,,火金,,,,,,,,,,,,,,,,,,,,,,月,,,,,,,,,,,,,,,,木,,,,,,,,月,,,,,,,,,,,,,
東住吉区,桑津,5丁目,9番,,,,,,,,火金,,,,,,,,,,,,,,,,,,,,,,月,,,,,,,,,,,,,,,,木,,,,,,,,月,,,,,,,,,,,,,
東住吉区,桑津,5丁目,10番,,,,,,,,火金,,,,,,,,,,,,,,,,,,,,,,月,,,,,,,,,,,,,,,,木,,,,,,,,月,,,,,,,,,,,,,
東住吉区,桑津,5丁目,11番,,,,,,,,火金,,,,,,,,,,,,,,,,,,,,,,月,,,,,,,,,,,,,,,,木,,,,,,,,月,,,,,,,,,,,,,
東住吉区,桑津,5丁目,12番,,,,,,,,火金,,,,,,,,,,,,,,,,,,,,,,月,,,,,,,,,,,,,,,,木,,,,,,,,月,,,,,,,,,,,,,
東住吉区,桑津,5丁目,13番,,,,,,,,火金,,,,,,,,,,,,,,,,,,,,,,月,,,,,,,,,,,,,,,,木,,,,,,,,月,,,,,,,,,,,,,
東住吉区,桑津,5丁目,14番,,,,,,,,火金,,,,,,,,,,,,,,,,,,,,,,月,,,,,,,,,,,,,,,,木,,,,,,,,月,,,,,,,,,,,,,
東住吉区,桑津,5丁目,15番,,,,,,,,火金,,,,,,,,,,,,,,,,,,,,,,月,,,,,,,,,,,,,,,,木,,,,,,,,月,,,,,,,,,,,,,
東住吉区,桑津,5丁目,16番,,,,,,,,火金,,,,,,,,,,,,,,,,,,,,,,月,,,,,,,,,,,,,,,,木,,,,,,,,月,,,,,,,,,,,,,
東住吉区,桑津,5丁目,17番,,,,,,,,火金,,,,,,,,,,,,,,,,,,,,,,月,,,,,,,,,,,,,,,,木,,,,,,,,月,,,,,,,,,,,,,
東住吉区,桑津,5丁目,18番,,,,,,,,火金,,,,,,,,,,,,,,,,,,,,,,月,,,,,,,,,,,,,,,,木,,,,,,,,月,,,,,,,,,,,,,
東住吉区,桑津,5丁目,19番,,,,,,,,火金,,,,,,,,,,,,,,,,,,,,,,月,,,,,,,,,,,,,,,,木,,,,,,,,月,,,,,,,,,,,,,
東住吉区,桑津,5丁目,20番,,,,,,,,火金,,,,,,,,,,,,,,,,,,,,,,月,,,,,,,,,,,,,,,,木,,,,,,,,月,,,,,,,,,,,,,
東住吉区,桑津,5丁目,21番,,,,,,,,火金,,,,,,,,,,,,,,,,,,,,,,月,,,,,,,,,,,,,,,,木,,,,,,,,月,,,,,,,,,,,,,
東住吉区,桑津,5丁目,22番,,,,,,,,火金,,,,,,,,,,,,,,,,,,,,,,月,,,,,,,,,,,,,,,,木,,,,,,,,月,,,,,,,,,,,,,
東住吉区,公園南矢田,1丁目,1番,,,,,,,,水土,,,,,,,,,,,,,,,,,,,,,,,,火,,,,,,,,,,,,,,,,金,,,,,,,,,,,,,,,,,,,
東住吉区,公園南矢田,1丁目,2番,,,,,,,,水土,,,,,,,,,,,,,,,,,,,,,,,,火,,,,,,,,,,,,,,,,金,,,,,,,,,,,,,,,,,,,
東住吉区,公園南矢田,1丁目,3番,,,,,,,,水土,,,,,,,,,,,,,,,,,,,,,,,,火,,,,,,,,,,,,,,,,金,,,,,,,,,,,,,,,,,,,
東住吉区,公園南矢田,1丁目,4番,,,,,,,,水土,,,,,,,,,,,,,,,,,,,,,,,,火,,,,,,,,,,,,,,,,金,,,,,,,,,,,,,,,,,,,
東住吉区,公園南矢田,1丁目,5番,,,,,,,,水土,,,,,,,,,,,,,,,,,,,,,,,,火,,,,,,,,,,,,,,,,金,,,,,,,,,,,,,,,,,,,
東住吉区,公園南矢田,1丁目,6番,,,,,,,,水土,,,,,,,,,,,,,,,,,,,,,,,,火,,,,,,,,,,,,,,,,金,,,,,,,,,,,,,,,,,,,
東住吉区,公園南矢田,1丁目,7番,,,,,,,,水土,,,,,,,,,,,,,,,,,,,,,,,,火,,,,,,,,,,,,,,,,金,,,,,,,,,,,,,,,,,,,
東住吉区,公園南矢田,1丁目,8番,,,,,,,,水土,,,,,,,,,,,,,,,,,,,,,,,火,,,,,,,,,,,,,,,,金,,,,,,,,,,,,,,,,,,,,
東住吉区,公園南矢田,1丁目,9番,,,,,,,,水土,,,,,,,,,,,,,,,,,,,,,,,,火,,,,,,,,,,,,,,,,金,,,,,,,,,,,,,,,,,,,
東住吉区,公園南矢田,1丁目,10番,,,,,,,,水土,,,,,,,,,,,,,,,,,,,,,,,,火,,,,,,,,,,,,,,,,金,,,,,,,,,,,,,,,,,,,
東住吉区,公園南矢田,1丁目,11番,,,,,,,,水土,,,,,,,,,,,,,,,,,,,,,,,,火,,,,,,,,,,,,,,,,金,,,,,,,,,,,,,,,,,,,
東住吉区,公園南矢田,1丁目,12番,,,,,,,,水土,,,,,,,,,,,,,,,,,,,,,,,,火,,,,,,,,,,,,,,,,金,,,,,,,,,,,,,,,,,,,
東住吉区,公園南矢田,1丁目,13番,,,,,,,,水土,,,,,,,,,,,,,,,,,,,,,,,,火,,,,,,,,,,,,,,,,金,,,,,,,,,,,,,,,,,,,
東住吉区,公園南矢田,1丁目,14番,,,,,,,,水土,,,,,,,,,,,,,,,,,,,,,,,,火,,,,,,,,,,,,,,,,金,,,,,,,,,,,,,,,,,,,
東住吉区,公園南矢田,1丁目,15番,市営矢田部住宅5棟,,,,,,,水土,,,,,,,,,,,,,,,,,,,,,,,,火,,,,,,,,,,,,,,,,金,,,,,,,,,,,,,,,,,,,
東住吉区,公園南矢田,1丁目,15番,上記以外,,,,,,,水土,,,,,,,,,,,,,,,,,,,,,,,,火,,,,,,,,,,,,,,,,金,,,,,,,,,,,,,,,,,,,
東住吉区,公園南矢田,1丁目,16番,,,,,,,,水土,,,,,,,,,,,,,,,,,,,,,,,,火,,,,,,,,,,,,,,,,金,,,,,,,,,,,,,,,,,,,
東住吉区,公園南矢田,1丁目,17番,,,,,,,,水土,,,,,,,,,,,,,,,,,,,,,,,,火,,,,,,,,,,,,,,,,金,,,,,,,,,,,,,,,,,,,
東住吉区,公園南矢田,1丁目,18番,,,,,,,,水土,,,,,,,,,,,,,,,,,,,,,,,,火,,,,,,,,,,,,,,,,金,,,,,,,,,,,,,,,,,,,
東住吉区,公園南矢田,1丁目,19番,,,,,,,,水土,,,,,,,,,,,,,,,,,,,,,,,,火,,,,,,,,,,,,,,,,金,,,,,,,,,,,,,,,,,,,
東住吉区,公園南矢田,1丁目,20番,,,,,,,,水土,,,,,,,,,,,,,,,,,,,,,,,,火,,,,,,,,,,,,,,,,金,,,,,,,,,,,,,,,,,,,
東住吉区,公園南矢田,1丁目,21番,,,,,,,,水土,,,,,,,,,,,,,,,,,,,,,,,,火,,,,,,,,,,,,,,,,金,,,,,,,,,,,,,,,,,,,
東住吉区,公園南矢田,1丁目,22番,,,,,,,,水土,,,,,,,,,,,,,,,,,,,,,,,,火,,,,,,,,,,,,,,,,金,,,,,,,,,,,,,,,,,,,
東住吉区,公園南矢田,1丁目,23番,,,,,,,,水土,,,,,,,,,,,,,,,,,,,,,,,,火,,,,,,,,,,,,,,,,金,,,,,,,,,,,,,,,,,,,
東住吉区,公園南矢田,1丁目,24番,,,,,,,,水土,,,,,,,,,,,,,,,,,,,,,,,,火,,,,,,,,,,,,,,,,金,,,,,,,,,,,,,,,,,,,
東住吉区,公園南矢田,1丁目,25番,,,,,,,,水土,,,,,,,,,,,,,,,,,,,,,,,,火,,,,,,,,,,,,,,,,金,,,,,,,,,,,,,,,,,,,
東住吉区,公園南矢田,1丁目,26番,,,,,,,,水土,,,,,,,,,,,,,,,,,,,,,,,,火,,,,,,,,,,,,,,,,金,,,,,,,,,,,,,,,,,,,
東住吉区,公園南矢田,1丁目,27番,,,,,,,,水土,,,,,,,,,,,,,,,,,,,,,,,,火,,,,,,,,,,,,,,,,金,,,,,,,,,,,,,,,,,,,
東住吉区,公園南矢田,1丁目,28番,,,,,,,,水土,,,,,,,,,,,,,,,,,,,,,,,,火,,,,,,,,,,,,,,,,金,,,,,,,,,,,,,,,,,,,
東住吉区,公園南矢田,1丁目,29番,,,,,,,,水土,,,,,,,,,,,,,,,,,,,,,,,,火,,,,,,,,,,,,,,,,金,,,,,,,,,,,,,,,,,,,
東住吉区,公園南矢田,1丁目,30番,,,,,,,,水土,,,,,,,,,,,,,,,,,,,,,,,,火,,,,,,,,,,,,,,,,金,,,,,,,,,,,,,,,,,,,
東住吉区,公園南矢田,1丁目,31番,,,,,,,,水土,,,,,,,,,,,,,,,,,,,,,,,,火,,,,,,,,,,,,,,,,金,,,,,,,,,,,,,,,,,,,
東住吉区,公園南矢田,1丁目,32番,,,,,,,,水土,,,,,,,,,,,,,,,,,,,,,,,,火,,,,,,,,,,,,,,,,金,,,,,,,,,,,,,,,,,,,
東住吉区,公園南矢田,2丁目,1番,,,,,,,,水土,,,,,,,,,,,,,,,,,,,,,,,,火,,,,,,,,,,,,,,,,金,,,,,,,,,,,,,,,,,,,
東住吉区,公園南矢田,2丁目,2番,,,,,,,,水土,,,,,,,,,,,,,,,,,,,,,,,,火,,,,,,,,,,,,,,,,金,,,,,,,,,,,,,,,,,,,
東住吉区,公園南矢田,2丁目,3番,,,,,,,,水土,,,,,,,,,,,,,,,,,,,,,,,,火,,,,,,,,,,,,,,,,金,,,,,,,,,,,,,,,,,,,
東住吉区,公園南矢田,2丁目,4番,,,,,,,,水土,,,,,,,,,,,,,,,,,,,,,,,,火,,,,,,,,,,,,,,,,金,,,,,,,,,,,,,,,,,,,
東住吉区,公園南矢田,2丁目,5番,,,,,,,,水土,,,,,,,,,,,,,,,,,,,,,,,,火,,,,,,,,,,,,,,,,金,,,,,,,,,,,,,,,,,,,
東住吉区,公園南矢田,2丁目,6番,,,,,,,,水土,,,,,,,,,,,,,,,,,,,,,,,,火,,,,,,,,,,,,,,,,金,,,,,,,,,,,,,,,,,,,
東住吉区,公園南矢田,2丁目,7番,,,,,,,,水土,,,,,,,,,,,,,,,,,,,,,,,,火,,,,,,,,,,,,,,,,金,,,,,,,,,,,,,,,,,,,
東住吉区,公園南矢田,2丁目,8番,,,,,,,,水土,,,,,,,,,,,,,,,,,,,,,,,,火,,,,,,,,,,,,,,,,金,,,,,,,,,,,,,,,,,,,
東住吉区,公園南矢田,2丁目,9番,,,,,,,,水土,,,,,,,,,,,,,,,,,,,,,,,,火,,,,,,,,,,,,,,,,金,,,,,,,,,,,,,,,,,,,
東住吉区,公園南矢田,2丁目,10番,,,,,,,,水土,,,,,,,,,,,,,,,,,,,,,,,,火,,,,,,,,,,,,,,,,金,,,,,,,,,,,,,,,,,,,
東住吉区,公園南矢田,2丁目,11番,,,,,,,,水土,,,,,,,,,,,,,,,,,,,,,,,,火,,,,,,,,,,,,,,,,金,,,,,,,,,,,,,,,,,,,
東住吉区,公園南矢田,2丁目,13番,,,,,,,,水土,,,,,,,,,,,,,,,,,,,,,,,,火,,,,,,,,,,,,,,,,金,,,,,,,,,,,,,,,,,,,
東住吉区,公園南矢田,2丁目,14番,,,,,,,,水土,,,,,,,,,,,,,,,,,,,,,,,,火,,,,,,,,,,,,,,,,金,,,,,,,,,,,,,,,,,,,
東住吉区,公園南矢田,2丁目,15番,,,,,,,,水土,,,,,,,,,,,,,,,,,,,,,,,,火,,,,,,,,,,,,,,,,金,,,,,,,,,,,,,,,,,,,
東住吉区,公園南矢田,2丁目,16番,,,,,,,,水土,,,,,,,,,,,,,,,,,,,,,,,,火,,,,,,,,,,,,,,,,金,,,,,,,,,,,,,,,,,,,
東住吉区,公園南矢田,2丁目,17番,,,,,,,,水土,,,,,,,,,,,,,,,,,,,,,,,,火,,,,,,,,,,,,,,,,金,,,,,,,,,,,,,,,,,,,
東住吉区,公園南矢田,2丁目,18番,,,,,,,,水土,,,,,,,,,,,,,,,,,,,,,,,,火,,,,,,,,,,,,,,,,金,,,,,,,,,,,,,,,,,,,
東住吉区,公園南矢田,2丁目,19番,,,,,,,,水土,,,,,,,,,,,,,,,,,,,,,,,,火,,,,,,,,,,,,,,,,金,,,,,,,,,,,,,,,,,,,
東住吉区,公園南矢田,2丁目,20番,,,,,,,,水土,,,,,,,,,,,,,,,,,,,,,,,,火,,,,,,,,,,,,,,,,金,,,,,,,,,,,,,,,,,,,
東住吉区,公園南矢田,2丁目,21番,,,,,,,,水土,,,,,,,,,,,,,,,,,,,,,,,,火,,,,,,,,,,,,,,,,金,,,,,,,,,,,,,,,,,,,
東住吉区,公園南矢田,2丁目,22番,,,,,,,,水土,,,,,,,,,,,,,,,,,,,,,,,,火,,,,,,,,,,,,,,,,金,,,,,,,,,,,,,,,,,,,
東住吉区,公園南矢田,2丁目,23番,,,,,,,,水土,,,,,,,,,,,,,,,,,,,,,,,,火,,,,,,,,,,,,,,,,金,,,,,,,,,,,,,,,,,,,
東住吉区,公園南矢田,2丁目,24番,,,,,,,,水土,,,,,,,,,,,,,,,,,,,,,,,,火,,,,,,,,,,,,,,,,金,,,,,,,,,,,,,,,,,,,
東住吉区,公園南矢田,2丁目,25番,,,,,,,,水土,,,,,,,,,,,,,,,,,,,,,,,,火,,,,,,,,,,,,,,,,金,,,,,,,,,,,,,,,,,,,
東住吉区,公園南矢田,3丁目,1番,,,,,,,,水土,,,,,,,,,,,,,,,,,,,,,,,,火,,,,,,,,,,,,,,,,金,,,,,,,,,,,,,,,,,,,
東住吉区,公園南矢田,3丁目,2番,,,,,,,,水土,,,,,,,,,,,,,,,,,,,,,,,,火,,,,,,,,,,,,,,,,金,,,,,,,,,,,,,,,,,,,
東住吉区,公園南矢田,3丁目,3番,,,,,,,,水土,,,,,,,,,,,,,,,,,,,,,,,,火,,,,,,,,,,,,,,,,金,,,,,,,,,,,,,,,,,,,
東住吉区,公園南矢田,3丁目,4番,,,,,,,,水土,,,,,,,,,,,,,,,,,,,,,,,,火,,,,,,,,,,,,,,,,金,,,,,,,,,,,,,,,,,,,
東住吉区,公園南矢田,3丁目,5番,,,,,,,,水土,,,,,,,,,,,,,,,,,,,,,,,,火,,,,,,,,,,,,,,,,金,,,,,,,,,,,,,,,,,,,
東住吉区,公園南矢田,3丁目,6番,,,,,,,,水土,,,,,,,,,,,,,,,,,,,,,,,,火,,,,,,,,,,,,,,,,金,,,,,,,,,,,,,,,,,,,
東住吉区,公園南矢田,3丁目,7番,,,,,,,,水土,,,,,,,,,,,,,,,,,,,,,,,,火,,,,,,,,,,,,,,,,金,,,,,,,,,,,,,,,,,,,
東住吉区,公園南矢田,3丁目,8番,,,,,,,,水土,,,,,,,,,,,,,,,,,,,,,,,,火,,,,,,,,,,,,,,,,金,,,,,,,,,,,,,,,,,,,
東住吉区,公園南矢田,3丁目,9番,,,,,,,,水土,,,,,,,,,,,,,,,,,,,,,,,,火,,,,,,,,,,,,,,,,金,,,,,,,,,,,,,,,,,,,
東住吉区,公園南矢田,3丁目,10番,,,,,,,,水土,,,,,,,,,,,,,,,,,,,,,,,,火,,,,,,,,,,,,,,,,金,,,,,,,,,,,,,,,,,,,
東住吉区,公園南矢田,3丁目,11番,,,,,,,,水土,,,,,,,,,,,,,,,,,,,,,,,,火,,,,,,,,,,,,,,,,金,,,,,,,,,,,,,,,,,,,
東住吉区,公園南矢田,3丁目,12番,,,,,,,,水土,,,,,,,,,,,,,,,,,,,,,,,,火,,,,,,,,,,,,,,,,金,,,,,,,,,,,,,,,,,,,
東住吉区,公園南矢田,3丁目,13番,,,,,,,,水土,,,,,,,,,,,,,,,,,,,,,,,,火,,,,,,,,,,,,,,,,金,,,,,,,,,,,,,,,,,,,
東住吉区,公園南矢田,3丁目,14番,,,,,,,,水土,,,,,,,,,,,,,,,,,,,,,,,,火,,,,,,,,,,,,,,,,金,,,,,,,,,,,,,,,,,,,
東住吉区,公園南矢田,3丁目,15番,,,,,,,,水土,,,,,,,,,,,,,,,,,,,,,,,,火,,,,,,,,,,,,,,,,金,,,,,,,,,,,,,,,,,,,
東住吉区,公園南矢田,3丁目,16番,,,,,,,,水土,,,,,,,,,,,,,,,,,,,,,,,,火,,,,,,,,,,,,,,,,金,,,,,,,,,,,,,,,,,,,
東住吉区,公園南矢田,3丁目,17番,,,,,,,,水土,,,,,,,,,,,,,,,,,,,,,,,,火,,,,,,,,,,,,,,,,金,,,,,,,,,,,,,,,,,,,
東住吉区,公園南矢田,3丁目,18番,,,,,,,,水土,,,,,,,,,,,,,,,,,,,,,,,,火,,,,,,,,,,,,,,,,金,,,,,,,,,,,,,,,,,,,
東住吉区,公園南矢田,3丁目,19番,,,,,,,,水土,,,,,,,,,,,,,,,,,,,,,,,火,,,,,,,,,,,,,,,,金,,,,,,,,,,,,,,,,,,,,
東住吉区,公園南矢田,3丁目,20番,,,,,,,,水土,,,,,,,,,,,,,,,,,,,,,,,,火,,,,,,,,,,,,,,,,金,,,,,,,,,,,,,,,,,,,
東住吉区,公園南矢田,3丁目,21番,,,,,,,,水土,,,,,,,,,,,,,,,,,,,,,,,,火,,,,,,,,,,,,,,,,金,,,,,,,,,,,,,,,,,,,
東住吉区,公園南矢田,3丁目,22番,,,,,,,,水土,,,,,,,,,,,,,,,,,,,,,,,,火,,,,,,,,,,,,,,,,金,,,,,,,,,,,,,,,,,,,
東住吉区,公園南矢田,3丁目,23番,,,,,,,,水土,,,,,,,,,,,,,,,,,,,,,,,,火,,,,,,,,,,,,,,,,金,,,,,,,,,,,,,,,,,,,
東住吉区,公園南矢田,3丁目,24番,,,,,,,,水土,,,,,,,,,,,,,,,,,,,,,,,,火,,,,,,,,,,,,,,,,金,,,,,,,,,,,,,,,,,,,
東住吉区,公園南矢田,4丁目,1番,,,,,,,,水土,,,,,,,,,,,,,,,,,,,,,,,,火,,,,,,,,,,,,,,,,金,,,,,,,,,,,,,,,,,,,
東住吉区,公園南矢田,4丁目,2番,,,,,,,,水土,,,,,,,,,,,,,,,,,,,,,,,,火,,,,,,,,,,,,,,,,金,,,,,,,,,,,,,,,,,,,
東住吉区,公園南矢田,4丁目,3番,,,,,,,,水土,,,,,,,,,,,,,,,,,,,,,,,,火,,,,,,,,,,,,,,,,金,,,,,,,,,,,,,,,,,,,
東住吉区,公園南矢田,4丁目,4番,,,,,,,,水土,,,,,,,,,,,,,,,,,,,,,,,,火,,,,,,,,,,,,,,,,金,,,,,,,,,,,,,,,,,,,
東住吉区,公園南矢田,4丁目,5番,,,,,,,,水土,,,,,,,,,,,,,,,,,,,,,,,,火,,,,,,,,,,,,,,,,金,,,,,,,,,,,,,,,,,,,
東住吉区,公園南矢田,4丁目,6番,,,,,,,,水土,,,,,,,,,,,,,,,,,,,,,,,,火,,,,,,,,,,,,,,,,金,,,,,,,,,,,,,,,,,,,
東住吉区,公園南矢田,4丁目,7番,,,,,,,,水土,,,,,,,,,,,,,,,,,,,,,,,,火,,,,,,,,,,,,,,,,金,,,,,,,,,,,,,,,,,,,
東住吉区,公園南矢田,4丁目,8番,,,,,,,,水土,,,,,,,,,,,,,,,,,,,,,,,,火,,,,,,,,,,,,,,,,金,,,,,,,,,,,,,,,,,,,
東住吉区,公園南矢田,4丁目,9番,,,,,,,,水土,,,,,,,,,,,,,,,,,,,,,,,,火,,,,,,,,,,,,,,,,金,,,,,,,,,,,,,,,,,,,
東住吉区,公園南矢田,4丁目,10番,,,,,,,,水土,,,,,,,,,,,,,,,,,,,,,,,,火,,,,,,,,,,,,,,,,金,,,,,,,,,,,,,,,,,,,
東住吉区,公園南矢田,4丁目,11番,,,,,,,,水土,,,,,,,,,,,,,,,,,,,,,,,,火,,,,,,,,,,,,,,,,金,,,,,,,,,,,,,,,,,,,
東住吉区,公園南矢田,4丁目,12番,,,,,,,,水土,,,,,,,,,,,,,,,,,,,,,,,,火,,,,,,,,,,,,,,,,金,,,,,,,,,,,,,,,,,,,
東住吉区,公園南矢田,4丁目,13番,,,,,,,,水土,,,,,,,,,,,,,,,,,,,,,,,,火,,,,,,,,,,,,,,,,金,,,,,,,,,,,,,,,,,,,
東住吉区,公園南矢田,4丁目,14番,,,,,,,,水土,,,,,,,,,,,,,,,,,,,,,,,,火,,,,,,,,,,,,,,,,金,,,,,,,,,,,,,,,,,,,
東住吉区,公園南矢田,4丁目,15番,,,,,,,,水土,,,,,,,,,,,,,,,,,,,,,,,,火,,,,,,,,,,,,,,,,金,,,,,,,,,,,,,,,,,,,
東住吉区,公園南矢田,4丁目,16番,,,,,,,,水土,,,,,,,,,,,,,,,,,,,,,,,,火,,,,,,,,,,,,,,,,金,,,,,,,,,,,,,,,,,,,
東住吉区,公園南矢田,4丁目,17番,,,,,,,,水土,,,,,,,,,,,,,,,,,,,,,,,,火,,,,,,,,,,,,,,,,金,,,,,,,,,,,,,,,,,,,
東住吉区,公園南矢田,4丁目,18番,,,,,,,,水土,,,,,,,,,,,,,,,,,,,,,,,,火,,,,,,,,,,,,,,,,金,,,,,,,,,,,,,,,,,,,
東住吉区,公園南矢田,4丁目,19番,,,,,,,,水土,,,,,,,,,,,,,,,,,,,,,,,,火,,,,,,,,,,,,,,,,金,,,,,,,,,,,,,,,,,,,
東住吉区,公園南矢田,4丁目,20番,,,,,,,,水土,,,,,,,,,,,,,,,,,,,,,,,,火,,,,,,,,,,,,,,,,金,,,,,,,,,,,,,,,,,,,
東住吉区,公園南矢田,4丁目,21番,,,,,,,,水土,,,,,,,,,,,,,,,,,,,,,,,,火,,,,,,,,,,,,,,,,金,,,,,,,,,,,,,,,,,,,
東住吉区,公園南矢田,4丁目,22番,,,,,,,,水土,,,,,,,,,,,,,,,,,,,,,,,,火,,,,,,,,,,,,,,,,金,,,,,,,,,,,,,,,,,,,
東住吉区,公園南矢田,4丁目,23番,,,,,,,,水土,,,,,,,,,,,,,,,,,,,,,,,,火,,,,,,,,,,,,,,,,金,,,,,,,,,,,,,,,,,,,
東住吉区,公園南矢田,4丁目,24番,,,,,,,,水土,,,,,,,,,,,,,,,,,,,,,,,,火,,,,,,,,,,,,,,,,金,,,,,,,,,,,,,,,,,,,
東住吉区,公園南矢田,4丁目,25番,,,,,,,,水土,,,,,,,,,,,,,,,,,,,,,,,,火,,,,,,,,,,,,,,,,金,,,,,,,,,,,,,,,,,,,
東住吉区,公園南矢田,4丁目,26番,,,,,,,,水土,,,,,,,,,,,,,,,,,,,,,,,,火,,,,,,,,,,,,,,,,金,,,,,,,,,,,,,,,,,,,
東住吉区,公園南矢田,4丁目,27番,,,,,,,,水土,,,,,,,,,,,,,,,,,,,,,,,,火,,,,,,,,,,,,,,,,金,,,,,,,,,,,,,,,,,,,
東住吉区,公園南矢田,4丁目,28番,,,,,,,,水土,,,,,,,,,,,,,,,,,,,,,,,,火,,,,,,,,,,,,,,,,金,,,,,,,,,,,,,,,,,,,
東住吉区,公園南矢田,4丁目,29番,,,,,,,,水土,,,,,,,,,,,,,,,,,,,,,,,,火,,,,,,,,,,,,,,,,金,,,,,,,,,,,,,,,,,,,
東住吉区,公園南矢田,4丁目,30番,,,,,,,,水土,,,,,,,,,,,,,,,,,,,,,,,,火,,,,,,,,,,,,,,,,金,,,,,,,,,,,,,,,,,,,
東住吉区,公園南矢田,4丁目,31番,,,,,,,,水土,,,,,,,,,,,,,,,,,,,,,,,,火,,,,,,,,,,,,,,,,金,,,,,,,,,,,,,,,,,,,
東住吉区,駒川,1丁目,1番,,,,,,,,火金,,,,,,,,,,,,,,,,,,,,,,月,,,,,,,,,,,,,,,,木,,,,,,,,月,,,,,,,,,,,,,
東住吉区,駒川,1丁目,2番,,,,,,,,火金,,,,,,,,,,,,,,,,,,,,,,月,,,,,,,,,,,,,,,,木,,,,,,,,月,,,,,,,,,,,,,
東住吉区,駒川,1丁目,3番,,,,,,,,火金,,,,,,,,,,,,,,,,,,,,,,月,,,,,,,,,,,,,,,,木,,,,,,,,月,,,,,,,,,,,,,
東住吉区,駒川,1丁目,4番,,,,,,,,火金,,,,,,,,,,,,,,,,,,,,,,月,,,,,,,,,,,,,,,,木,,,,,,,,月,,,,,,,,,,,,,
東住吉区,駒川,1丁目,5番,,,,,,,,火金,,,,,,,,,,,,,,,,,,,,,,月,,,,,,,,,,,,,,,,木,,,,,,,,月,,,,,,,,,,,,,
東住吉区,駒川,1丁目,6番,,,,,,,,火金,,,,,,,,,,,,,,,,,,,,,,月,,,,,,,,,,,,,,,,木,,,,,,,,月,,,,,,,,,,,,,
東住吉区,駒川,1丁目,7番,,,,,,,,火金,,,,,,,,,,,,,,,,,,,,,,月,,,,,,,,,,,,,,,,木,,,,,,,,月,,,,,,,,,,,,,
東住吉区,駒川,1丁目,8番,,,,,,,,火金,,,,,,,,,,,,,,,,,,,,,,月,,,,,,,,,,,,,,,,木,,,,,,,,月,,,,,,,,,,,,,
東住吉区,駒川,1丁目,9番,,,,,,,,火金,,,,,,,,,,,,,,,,,,,,,,月,,,,,,,,,,,,,,,,木,,,,,,,,月,,,,,,,,,,,,,
東住吉区,駒川,1丁目,10番,,,,,,,,火金,,,,,,,,,,,,,,,,,,,,,,月,,,,,,,,,,,,,,,,木,,,,,,,,月,,,,,,,,,,,,,
東住吉区,駒川,1丁目,11番,,,,,,,,火金,,,,,,,,,,,,,,,,,,,,,,月,,,,,,,,,,,,,,,,木,,,,,,,,月,,,,,,,,,,,,,
東住吉区,駒川,1丁目,14番,,,,,,,,火金,,,,,,,,,,,,,,,,,,,,,,月,,,,,,,,,,,,,,,,木,,,,,,,,月,,,,,,,,,,,,,
東住吉区,駒川,1丁目,15番,,,,,,,,火金,,,,,,,,,,,,,,,,,,,,,,月,,,,,,,,,,,,,,,,木,,,,,,,,月,,,,,,,,,,,,,
東住吉区,駒川,1丁目,16番,,,,,,,,火金,,,,,,,,,,,,,,,,,,,,,,月,,,,,,,,,,,,,,,,木,,,,,,,,月,,,,,,,,,,,,,
東住吉区,駒川,1丁目,17番,1~13号,,,,,,火金,,,,,,,,,,,,,,,,,,,,,,,月,,,,,,,,,,,,,,,,木,,,,,,,,月,,,,,,,,,,,,,
東住吉区,駒川,1丁目,17番,18~32号,,,,,,火金,,,,,,,,,,,,,,,,,,,,,,,月,,,,,,,,,,,,,,,,木,,,,,,,,月,,,,,,,,,,,,,
東住吉区,駒川,1丁目,17番,上記以外,,,,,,火金,,,,,,,,,,,,,,,,,,,,,,,月,,,,,,,,,,,,,,,,木,,,,,,,,月,,,,,,,,,,,,,
東住吉区,駒川,1丁目,18番,,,,,,,,火金,,,,,,,,,,,,,,,,,,,,,,月,,,,,,,,,,,,,,,,木,,,,,,,,月,,,,,,,,,,,,,
東住吉区,駒川,1丁目,19番,,,,,,,,火金,,,,,,,,,,,,,,,,,,,,,,月,,,,,,,,,,,,,,,,木,,,,,,,,月,,,,,,,,,,,,,
東住吉区,駒川,1丁目,20番,,,,,,,,火金,,,,,,,,,,,,,,,,,,,,,,月,,,,,,,,,,,,,,,,土,,,,,,,,月,,,,,,,,,,,,,
東住吉区,駒川,1丁目,21番,,,,,,,,火金,,,,,,,,,,,,,,,,,,,,,,月,,,,,,,,,,,,,,,,土,,,,,,,,月,,,,,,,,,,,,,
東住吉区,駒川,2丁目,1番,,,,,,,,月木,,,,,,,,,,,,,,,,,,,,,,水,,,,,,,,,,,,,,,,土,,,,,,,木,,,,,,,,,,,,,,
東住吉区,駒川,2丁目,2番,,,,,,,,月木,,,,,,,,,,,,,,,,,,,,,,水,,,,,,,,,,,,,,,,土,,,,,,,木,,,,,,,,,,,,,,
東住吉区,駒川,2丁目,3番,,,,,,,,月木,,,,,,,,,,,,,,,,,,,,,,水,,,,,,,,,,,,,,,,土,,,,,,,木,,,,,,,,,,,,,,
東住吉区,駒川,2丁目,4番,,,,,,,,月木,,,,,,,,,,,,,,,,,,,,,,水,,,,,,,,,,,,,,,,土,,,,,,,木,,,,,,,,,,,,,,
東住吉区,駒川,2丁目,5番,,,,,,,,月木,,,,,,,,,,,,,,,,,,,,,,水,,,,,,,,,,,,,,,,土,,,,,,,木,,,,,,,,,,,,,,
東住吉区,駒川,2丁目,6番,,,,,,,,月木,,,,,,,,,,,,,,,,,,,,,,水,,,,,,,,,,,,,,,,土,,,,,,,木,,,,,,,,,,,,,,
東住吉区,駒川,3丁目,1番,,,,,,,月木,,,,,,,,,,,,,,,,,,,,,,,火,,,,,,,,,,,,,,,,金,,,,,,,,,,,,,,,,,,,,,
東住吉区,駒川,3丁目,2番,,,,,,,月木,,,,,,,,,,,,,,,,,,,,,,,火,,,,,,,,,,,,,,,,金,,,,,,,,,,,,,,,,,,,,,
東住吉区,駒川,3丁目,3番,,,,,,,月木,,,,,,,,,,,,,,,,,,,,,,,火,,,,,,,,,,,,,,,,金,,,,,,,,,,,,,,,,,,,,,
東住吉区,駒川,3丁目,4番,,,,,,,月木,,,,,,,,,,,,,,,,,,,,,,,火,,,,,,,,,,,,,,,,金,,,,,,,,,,,,,,,,,,,,,
東住吉区,駒川,3丁目,5番,,,,,,,月木,,,,,,,,,,,,,,,,,,,,,,,火,,,,,,,,,,,,,,,,金,,,,,,,,,,,,,,,,,,,,,
東住吉区,駒川,3丁目,6番,,,,,,,月木,,,,,,,,,,,,,,,,,,,,,,,火,,,,,,,,,,,,,,,,金,,,,,,,,,,,,,,,,,,,,,
東住吉区,駒川,3丁目,7番,軽四輪車(小さい車)で収集している地域,,,,,,,,,,,,,,,月木,,,,,,,,,,,,,,火,,,,,,,,,,,,,,,,金,,,,,,,,,,,,,,,,,,,,,
東住吉区,駒川,3丁目,7番,上記以外,,,,,,月木,,,,,,,,,,,,,,,,,,,,,,,火,,,,,,,,,,,,,,,,金,,,,,,,,,,,,,,,,,,,,,
東住吉区,駒川,3丁目,8番,軽四輪車(小さい車)で収集している地域,,,,,,,,,,,,,,,月木,,,,,,,,,,,,,,火,,,,,,,,,,,,,,,,金,,,,,,,,,,,,,,,,,,,,,
東住吉区,駒川,3丁目,8番,上記以外,,,,,,月木,,,,,,,,,,,,,,,,,,,,,,,火,,,,,,,,,,,,,,,,金,,,,,,,,,,,,,,,,,,,,,
東住吉区,駒川,3丁目,9番,軽四輪車(小さい車)で収集している地域,,,,,,,,,,,,,,,月木,,,,,,,,,,,,,,火,,,,,,,,,,,,,,,,金,,,,,,,,,,,,,,,,,,,,,
東住吉区,駒川,3丁目,9番,上記以外,,,,,,月木,,,,,,,,,,,,,,,,,,,,,,,火,,,,,,,,,,,,,,,,金,,,,,,,,,,,,,,,,,,,,,
東住吉区,駒川,3丁目,10番,,,,,,,月木,,,,,,,,,,,,,,,,,,,,,,,火,,,,,,,,,,,,,,,,金,,,,,,,,,,,,,,,,,,,,,
東住吉区,駒川,3丁目,11番,,,,,,,月木,,,,,,,,,,,,,,,,,,,,,,,火,,,,,,,,,,,,,,,,金,,,,,,,,,,,,,,,,,,,,,
東住吉区,駒川,3丁目,12番,軽四輪車(小さい車)で収集している地域,,,,,,,,,,,,,,,月木,,,,,,,,,,,,,,火,,,,,,,,,,,,,,,,金,,,,,,,,,,,,,,,,,,,,,
東住吉区,駒川,3丁目,12番,上記以外,,,,,,月木,,,,,,,,,,,,,,,,,,,,,,,火,,,,,,,,,,,,,,,,金,,,,,,,,,,,,,,,,,,,,,
東住吉区,駒川,3丁目,13番,軽四輪車(小さい車)で収集している地域,,,,,,,,,,,,,,,月木,,,,,,,,,,,,,,火,,,,,,,,,,,,,,,,金,,,,,,,,,,,,,,,,,,,,,
東住吉区,駒川,3丁目,13番,上記以外,,,,,,月木,,,,,,,,,,,,,,,,,,,,,,,火,,,,,,,,,,,,,,,,金,,,,,,,,,,,,,,,,,,,,,
東住吉区,駒川,3丁目,14番,,,,,,,月木,,,,,,,,,,,,,,,,,,,,,,,火,,,,,,,,,,,,,,,,金,,,,,,,,,,,,,,,,,,,,,
東住吉区,駒川,3丁目,15番,2~8･30~33号,,,,,,月木,,,,,,,,,,,,,,,,,,,,,,,火,,,,,,,,,,,,,,,,金,,,,,,,,,,,,,,,,,,,,,
東住吉区,駒川,3丁目,15番,9~29号,,,,,,月木,,,,,,,,,,,,,,,,,,,,,,,火,,,,,,,,,,,,,,,,金,,,,,,,,火,,,,,,,,,,,,,
東住吉区,駒川,3丁目,16番,1~10･18~24号,,,,,,月木,,,,,,,,,,,,,,,,,,,,,,,火,,,,,,,,,,,,,,,,金,,,,,,,,火,,,,,,,,,,,,,
東住吉区,駒川,3丁目,16番,11･12号,,,,,,,,,,,,,,,月木,,,,,,,,,,,,,,火,,,,,,,,,,,,,,,,金,,,,,,,,火,,,,,,,,,,,,,
東住吉区,駒川,3丁目,17番,,,,,,,月木,,,,,,,,,,,,,,,,,,,,,,,火,,,,,,,,,,,,,,,,金,,,,,,,,火,,,,,,,,,,,,,
東住吉区,駒川,3丁目,18番,,,,,,,月木,,,,,,,,,,,,,,,,,,,,,,,火,,,,,,,,,,,,,,,,金,,,,,,,,火,,,,,,,,,,,,,
東住吉区,駒川,3丁目,19番,,,,,,,月木,,,,,,,,,,,,,,,,,,,,,,,火,,,,,,,,,,,,,,,,金,,,,,,,,火,,,,,,,,,,,,,
東住吉区,駒川,3丁目,20番,,,,,,,月木,,,,,,,,,,,,,,,,,,,,,,,火,,,,,,,,,,,,,,,,金,,,,,,,,火,,,,,,,,,,,,,
東住吉区,駒川,3丁目,21番,軽四輪車(小さい車)で収集している地域,,,,,,,,,,,,,,,月木,,,,,,,,,,,,,,火,,,,,,,,,,,,,,,,金,,,,,,,,火,,,,,,,,,,,,,
東住吉区,駒川,3丁目,21番,上記以外,,,,,,月木,,,,,,,,,,,,,,,,,,,,,,,火,,,,,,,,,,,,,,,,金,,,,,,,,火,,,,,,,,,,,,,
東住吉区,駒川,3丁目,22番,軽四輪車(小さい車)で収集している地域,,,,,,,,,,,,,,,月木,,,,,,,,,,,,,,火,,,,,,,,,,,,,,,,金,,,,,,,,火,,,,,,,,,,,,,
東住吉区,駒川,3丁目,22番,上記以外,,,,,,月木,,,,,,,,,,,,,,,,,,,,,,,火,,,,,,,,,,,,,,,,金,,,,,,,,火,,,,,,,,,,,,,
東住吉区,駒川,3丁目,23番,軽四輪車(小さい車)で収集している地域,,,,,,,,,,,,,,,月木,,,,,,,,,,,,,,火,,,,,,,,,,,,,,,,金,,,,,,,,火,,,,,,,,,,,,,
東住吉区,駒川,3丁目,23番,上記以外,,,,,,月木,,,,,,,,,,,,,,,,,,,,,,,火,,,,,,,,,,,,,,,,金,,,,,,,,火,,,,,,,,,,,,,
東住吉区,駒川,3丁目,24番,1~6･26号,,,,,,月木,,,,,,,,,,,,,,,,,,,,,,,火,,,,,,,,,,,,,,,,金,,,,,,,,火,,,,,,,,,,,,,
東住吉区,駒川,3丁目,24番,7~24号,,,,,,月木,,,,,,,,,,,,,,,,,,,,,,,火,,,,,,,,,,,,,,,,金,,,,,,,,火,,,,,,,,,,,,,
東住吉区,駒川,3丁目,25番,軽四輪車(小さい車)で収集している地域,,,,,,,,,,,,,,,月木,,,,,,,,,,,,,,火,,,,,,,,,,,,,,,,金,,,,,,,,火,,,,,,,,,,,,,
東住吉区,駒川,3丁目,25番,上記以外,,,,,,月木,,,,,,,,,,,,,,,,,,,,,,,火,,,,,,,,,,,,,,,,金,,,,,,,,火,,,,,,,,,,,,,
東住吉区,駒川,3丁目,26番,,,,,,,月木,,,,,,,,,,,,,,,,,,,,,,,火,,,,,,,,,,,,,,,,金,,,,,,,,火,,,,,,,,,,,,,
東住吉区,駒川,3丁目,27番,軽四輪車(小さい車)で収集している地域,,,,,,,,,,,,,,,月木,,,,,,,火,,,,,,,,,,,,,,,,金,,,,,,,,,,,,,,,火,,,,,,,,,,,,,
東住吉区,駒川,3丁目,27番,上記以外,,,,,,月木,,,,,,,,,,,,,,,,,,,,,,,火,,,,,,,,,,,,,,,,金,,,,,,,,火,,,,,,,,,,,,,
東住吉区,駒川,3丁目,28番,,,,,,,,,,,,,,,,月木,,,,,,,,火,,,,,,,,,,,,,,,,金,,,,,,,,,,,,,,火,,,,,,,,,,,,,
東住吉区,駒川,3丁目,29番,,,,,,,,,,,,,,,,月木,,,,,,,,火,,,,,,,,,,,,,,,,金,,,,,,,,,,,,,,火,,,,,,,,,,,,,
東住吉区,駒川,3丁目,30番,,,,,,,,,,,,,,,,月木,,,,,,,,,,,,,,火,,,,,,,,,,,,,,,,金,,,,,,,,火,,,,,,,,,,,,,
東住吉区,駒川,4丁目,1番,,,,,,,月木,,,,,,,,,,,,,,,,火,,,,,,,,,,,,,,,,金,,,,,,,,,,,,,,火,,,,,,,,,,,,,,
東住吉区,駒川,4丁目,2番,,,,,,,月木,,,,,,,,,,,,,,,,火,,,,,,,,,,,,,,,,金,,,,,,,,,,,,,,火,,,,,,,,,,,,,,
東住吉区,駒川,4丁目,3番,,,,,,,月木,,,,,,,,,,,,,,,,火,,,,,,,,,,,,,,,,金,,,,,,,,,,,,,,火,,,,,,,,,,,,,,
東住吉区,駒川,4丁目,4番,,,,,,,月木,,,,,,,,,,,,,,,,火,,,,,,,,,,,,,,,,金,,,,,,,,,,,,,,火,,,,,,,,,,,,,,
東住吉区,駒川,4丁目,5番,,,,,,,月木,,,,,,,,,,,,,,,,火,,,,,,,,,,,,,,,,金,,,,,,,,,,,,,,火,,,,,,,,,,,,,,
東住吉区,駒川,4丁目,6番,,,,,,,月木,,,,,,,,,,,,,,,,火,,,,,,,,,,,,,,,,金,,,,,,,,,,,,,,火,,,,,,,,,,,,,,
東住吉区,駒川,4丁目,7番,,,,,,,月木,,,,,,,,,,,,,,,,火,,,,,,,,,,,,,,,,金,,,,,,,,,,,,,,火,,,,,,,,,,,,,,
東住吉区,駒川,4丁目,8番,,,,,,,月木,,,,,,,,,,,,,,,,火,,,,,,,,,,,,,,,,金,,,,,,,,,,,,,,火,,,,,,,,,,,,,,
東住吉区,駒川,4丁目,9番,,,,,,,月木,,,,,,,,,,,,,,,,火,,,,,,,,,,,,,,,,金,,,,,,,,,,,,,,火,,,,,,,,,,,,,,
東住吉区,駒川,4丁目,10番,,,,,,,月木,,,,,,,,,,,,,,,,火,,,,,,,,,,,,,,,,金,,,,,,,,,,,,,,火,,,,,,,,,,,,,,
東住吉区,駒川,4丁目,11番,,,,,,,月木,,,,,,,,,,,,,,,,火,,,,,,,,,,,,,,,,金,,,,,,,,,,,,,,火,,,,,,,,,,,,,,
東住吉区,駒川,4丁目,12番,,,,,,,月木,,,,,,,,,,,,,,,,火,,,,,,,,,,,,,,,,金,,,,,,,,,,,,,,火,,,,,,,,,,,,,,
東住吉区,駒川,4丁目,13番,,,,,,,月木,,,,,,,,,,,,,,,,火,,,,,,,,,,,,,,,,金,,,,,,,,,,,,,,火,,,,,,,,,,,,,,
東住吉区,駒川,4丁目,14番,,,,,,,月木,,,,,,,,,,,,,,,,火,,,,,,,,,,,,,,,,金,,,,,,,,,,,,,,火,,,,,,,,,,,,,,
東住吉区,駒川,4丁目,15番,,,,,,,月木,,,,,,,,,,,,,,,,火,,,,,,,,,,,,,,,,金,,,,,,,,,,,,,,火,,,,,,,,,,,,,,
東住吉区,駒川,4丁目,16番,,,,,,,月木,,,,,,,,,,,,,,,,火,,,,,,,,,,,,,,,,金,,,,,,,,,,,,,,火,,,,,,,,,,,,,,
東住吉区,駒川,4丁目,17番,,,,,,,月木,,,,,,,,,,,,,,,,火,,,,,,,,,,,,,,,,金,,,,,,,,,,,,,,火,,,,,,,,,,,,,,
東住吉区,駒川,4丁目,18番,,,,,,,月木,,,,,,,,,,,,,,,,火,,,,,,,,,,,,,,,,金,,,,,,,,,,,,,,火,,,,,,,,,,,,,,
東住吉区,駒川,4丁目,19番,,,,,,,月木,,,,,,,,,,,,,,,,火,,,,,,,,,,,,,,,,金,,,,,,,,,,,,,,火,,,,,,,,,,,,,,
東住吉区,駒川,5丁目,1番,,,,,,,月木,,,,,,,,,,,,,,,,火,,,,,,,,,,,,,,,,金,,,,,,,,,,,,,,火,,,,,,,,,,,,,,
東住吉区,駒川,5丁目,2番,,,,,,,月木,,,,,,,,,,,,,,,,火,,,,,,,,,,,,,,,,金,,,,,,,,,,,,,,火,,,,,,,,,,,,,,
東住吉区,駒川,5丁目,3番,,,,,,,月木,,,,,,,,,,,,,,,,火,,,,,,,,,,,,,,,,金,,,,,,,,,,,,,,火,,,,,,,,,,,,,,
東住吉区,駒川,5丁目,4番,,,,,,,月木,,,,,,,,,,,,,,,,火,,,,,,,,,,,,,,,,金,,,,,,,,,,,,,,火,,,,,,,,,,,,,,
東住吉区,駒川,5丁目,5番,,,,,,,月木,,,,,,,,,,,,,,,,火,,,,,,,,,,,,,,,,金,,,,,,,,,,,,,,火,,,,,,,,,,,,,,
東住吉区,駒川,5丁目,6番,,,,,,,月木,,,,,,,,,,,,,,,,火,,,,,,,,,,,,,,,,金,,,,,,,,,,,,,,火,,,,,,,,,,,,,,
東住吉区,駒川,5丁目,7番,,,,,,,月木,,,,,,,,,,,,,,,,火,,,,,,,,,,,,,,,,金,,,,,,,,,,,,,,火,,,,,,,,,,,,,,
東住吉区,駒川,5丁目,8番,,,,,,,月木,,,,,,,,,,,,,,,,火,,,,,,,,,,,,,,,,金,,,,,,,,,,,,,,火,,,,,,,,,,,,,,
東住吉区,駒川,5丁目,9番,,,,,,,月木,,,,,,,,,,,,,,,,火,,,,,,,,,,,,,,,,金,,,,,,,,,,,,,,火,,,,,,,,,,,,,,
東住吉区,駒川,5丁目,10番,,,,,,,月木,,,,,,,,,,,,,,,,火,,,,,,,,,,,,,,,,金,,,,,,,,,,,,,,火,,,,,,,,,,,,,,
東住吉区,駒川,5丁目,11番,,,,,,,月木,,,,,,,,,,,,,,,,火,,,,,,,,,,,,,,,,金,,,,,,,,,,,,,,火,,,,,,,,,,,,,,
東住吉区,駒川,5丁目,12番,,,,,,,月木,,,,,,,,,,,,,,,,火,,,,,,,,,,,,,,,,金,,,,,,,,,,,,,,火,,,,,,,,,,,,,,
東住吉区,駒川,5丁目,13番,,,,,,,月木,,,,,,,,,,,,,,,,火,,,,,,,,,,,,,,,,金,,,,,,,,,,,,,,火,,,,,,,,,,,,,,
東住吉区,駒川,5丁目,14番,,,,,,,月木,,,,,,,,,,,,,,,,火,,,,,,,,,,,,,,,,金,,,,,,,,,,,,,,火,,,,,,,,,,,,,,
東住吉区,駒川,5丁目,15番,,,,,,,月木,,,,,,,,,,,,,,,,火,,,,,,,,,,,,,,,,金,,,,,,,,,,,,,,火,,,,,,,,,,,,,,
東住吉区,駒川,5丁目,16番,,,,,,,月木,,,,,,,,,,,,,,,,火,,,,,,,,,,,,,,,,金,,,,,,,,,,,,,,火,,,,,,,,,,,,,,
東住吉区,駒川,5丁目,17番,,,,,,,月木,,,,,,,,,,,,,,,,火,,,,,,,,,,,,,,,,金,,,,,,,,,,,,,,火,,,,,,,,,,,,,,
東住吉区,駒川,5丁目,18番,,,,,,,月木,,,,,,,,,,,,,,,,火,,,,,,,,,,,,,,,,金,,,,,,,,,,,,,,火,,,,,,,,,,,,,,
東住吉区,駒川,5丁目,19番,,,,,,,月木,,,,,,,,,,,,,,,,火,,,,,,,,,,,,,,,,金,,,,,,,,,,,,,,火,,,,,,,,,,,,,,
東住吉区,駒川,5丁目,20番,,,,,,,月木,,,,,,,,,,,,,,,,火,,,,,,,,,,,,,,,,金,,,,,,,,,,,,,,火,,,,,,,,,,,,,,
東住吉区,駒川,5丁目,21番,,,,,,,月木,,,,,,,,,,,,,,,,火,,,,,,,,,,,,,,,,金,,,,,,,,,,,,,,火,,,,,,,,,,,,,,
東住吉区,駒川,5丁目,22番,,,,,,,月木,,,,,,,,,,,,,,,,火,,,,,,,,,,,,,,,,金,,,,,,,,,,,,,,火,,,,,,,,,,,,,,
東住吉区,駒川,5丁目,23番,,,,,,,月木,,,,,,,,,,,,,,,,火,,,,,,,,,,,,,,,,金,,,,,,,,,,,,,,火,,,,,,,,,,,,,,
東住吉区,駒川,5丁目,24番,,,,,,,月木,,,,,,,,,,,,,,,,火,,,,,,,,,,,,,,,,金,,,,,,,,,,,,,,火,,,,,,,,,,,,,,
東住吉区,駒川,5丁目,25番,,,,,,,月木,,,,,,,,,,,,,,,,火,,,,,,,,,,,,,,,,金,,,,,,,,,,,,,,火,,,,,,,,,,,,,,
東住吉区,住道矢田,1丁目,1番,軽四輪車(小さい車)で収集している地域,,,,,,火金,,,,,,,,,,,,,,,,,,,,,,,,,月,,,,,,,,,,,,,,,,木,,,,,,,,,,,,,,,,,,,
東住吉区,住道矢田,1丁目,1番,上記以外,,,,,,,,,,,,,,,火金,,,,,,,,,,,,,,,,月,,,,,,,,,,,,,,,,木,,,,,,,,,,,,,,,,,,,
東住吉区,住道矢田,1丁目,2番,軽四輪車(小さい車)で収集している地域,,,,,,火金,,,,,,,,,,,,,,,,,,,,,,,,,月,,,,,,,,,,,,,,,,木,,,,,,,,,,,,,,,,,,,
東住吉区,住道矢田,1丁目,2番,上記以外,,,,,,,,,,,,,,,火金,,,,,,,,,,,,,,,,月,,,,,,,,,,,,,,,,木,,,,,,,,,,,,,,,,,,,
東住吉区,住道矢田,1丁目,3番,軽四輪車(小さい車)で収集している地域,,,,,,火金,,,,,,,,,,,,,,,,,,,,,,,,,月,,,,,,,,,,,,,,,,木,,,,,,,,,,,,,,,,,,,
東住吉区,住道矢田,1丁目,3番,上記以外,,,,,,,,,,,,,,,火金,,,,,,,,,,,,,,,,月,,,,,,,,,,,,,,,,木,,,,,,,,,,,,,,,,,,,
東住吉区,住道矢田,1丁目,4番,軽四輪車(小さい車)で収集している地域,,,,,,火金,,,,,,,,,,,,,,,,,,,,,,,,,月,,,,,,,,,,,,,,,,木,,,,,,,,,,,,,,,,,,,
東住吉区,住道矢田,1丁目,4番,上記以外,,,,,,,,,,,,,,,火金,,,,,,,,,,,,,,,,月,,,,,,,,,,,,,,,,木,,,,,,,,,,,,,,,,,,,
東住吉区,住道矢田,1丁目,5番,,,,,,,,,,,,,,,,火金,,,,,,,,,,,,,,,,月,,,,,,,,,,,,,,,,木,,,,,,,,,,,,,,,,,,,
東住吉区,住道矢田,1丁目,6番,,,,,,,,,,,,,,,,火金,,,,,,,,,,,,,,,,月,,,,,,,,,,,,,,,,木,,,,,,,,,,,,,,,,,,,
東住吉区,住道矢田,1丁目,7番,,,,,,,,,,,,,,,,火金,,,,,,,,,,,,,,,,月,,,,,,,,,,,,,,,,木,,,,,,,,,,,,,,,,,,,
東住吉区,住道矢田,1丁目,8番,,,,,,,,,,,,,,,,火金,,,,,,,,,,,,,,,,月,,,,,,,,,,,,,,,,木,,,,,,,,,,,,,,,,,,,
東住吉区,住道矢田,1丁目,9番,軽四輪車(小さい車)で収集している地域,,,,,,火金,,,,,,,,,,,,,,,,,,,,,,,,,月,,,,,,,,,,,,,,,,木,,,,,,,,,,,,,,,,,,,
東住吉区,住道矢田,1丁目,9番,上記以外,,,,,,,,,,,,,,,火金,,,,,,,,,,,,,,,,月,,,,,,,,,,,,,,,,木,,,,,,,,,,,,,,,,,,,
東住吉区,住道矢田,1丁目,10番,軽四輪車(小さい車)で収集している地域,,,,,,火金,,,,,,,,,,,,,,,,,,,,,,,,,月,,,,,,,,,,,,,,,,木,,,,,,,,,,,,,,,,,,,
東住吉区,住道矢田,1丁目,10番,上記以外,,,,,,,,,,,,,,,火金,,,,,,,,,,,,,,,,月,,,,,,,,,,,,,,,,木,,,,,,,,,,,,,,,,,,,
東住吉区,住道矢田,1丁目,11番,軽四輪車(小さい車)で収集している地域,,,,,,火金,,,,,,,,,,,,,,,,,,,,,,,,,月,,,,,,,,,,,,,,,,木,,,,,,,,,,,,,,,,,,,
東住吉区,住道矢田,1丁目,11番,上記以外,,,,,,,,,,,,,,,火金,,,,,,,,,,,,,,,,月,,,,,,,,,,,,,,,,木,,,,,,,,,,,,,,,,,,,
東住吉区,住道矢田,1丁目,12番,軽四輪車(小さい車)で収集している地域,,,,,,火金,,,,,,,,,,,,,,,,,,,,,,,,,月,,,,,,,,,,,,,,,,木,,,,,,,,,,,,,,,,,,,
東住吉区,住道矢田,1丁目,12番,上記以外,,,,,,,,,,,,,,,火金,,,,,,,,,,,,,,,,月,,,,,,,,,,,,,,,,木,,,,,,,,,,,,,,,,,,,
東住吉区,住道矢田,1丁目,13番,軽四輪車(小さい車)で収集している地域,,,,,,火金,,,,,,,,,,,,,,,,,,,,,,,,,月,,,,,,,,,,,,,,,,木,,,,,,,,,,,,,,,,,,,
東住吉区,住道矢田,1丁目,13番,上記以外,,,,,,,,,,,,,,,火金,,,,,,,,,,,,,,,,月,,,,,,,,,,,,,,,,木,,,,,,,,,,,,,,,,,,,
東住吉区,住道矢田,1丁目,14番,軽四輪車(小さい車)で収集している地域,,,,,,火金,,,,,,,,,,,,,,,,,,,,,,,,,月,,,,,,,,,,,,,,,,木,,,,,,,,,,,,,,,,,,,
東住吉区,住道矢田,1丁目,14番,上記以外,,,,,,,,,,,,,,,火金,,,,,,,,,,,,,,,,月,,,,,,,,,,,,,,,,木,,,,,,,,,,,,,,,,,,,
東住吉区,住道矢田,1丁目,15番,軽四輪車(小さい車)で収集している地域,,,,,,火金,,,,,,,,,,,,,,,,,,,,,,,,,月,,,,,,,,,,,,,,,,木,,,,,,,,,,,,,,,,,,,
東住吉区,住道矢田,1丁目,15番,上記以外,,,,,,,,,,,,,,,火金,,,,,,,,,,,,,,,,月,,,,,,,,,,,,,,,,木,,,,,,,,,,,,,,,,,,,
東住吉区,住道矢田,1丁目,16番,軽四輪車(小さい車)で収集している地域,,,,,,火金,,,,,,,,,,,,,,,,,,,,,,,,,月,,,,,,,,,,,,,,,,木,,,,,,,,,,,,,,,,,,,
東住吉区,住道矢田,1丁目,16番,上記以外,,,,,,,,,,,,,,,火金,,,,,,,,,,,,,,,,月,,,,,,,,,,,,,,,,木,,,,,,,,,,,,,,,,,,,
東住吉区,住道矢田,1丁目,17番,軽四輪車(小さい車)で収集している地域,,,,,,火金,,,,,,,,,,,,,,,,,,,,,,,,,月,,,,,,,,,,,,,,,,木,,,,,,,,,,,,,,,,,,,
東住吉区,住道矢田,1丁目,17番,上記以外,,,,,,,,,,,,,,,火金,,,,,,,,,,,,,,,,月,,,,,,,,,,,,,,,,木,,,,,,,,,,,,,,,,,,,
東住吉区,住道矢田,1丁目,18番,軽四輪車(小さい車)で収集している地域,,,,,,火金,,,,,,,,,,,,,,,,,,,,,,,,,月,,,,,,,,,,,,,,,,木,,,,,,,,,,,,,,,,,,,
東住吉区,住道矢田,1丁目,18番,上記以外,,,,,,,,,,,,,,,火金,,,,,,,,,,,,,,,,月,,,,,,,,,,,,,,,,木,,,,,,,,,,,,,,,,,,,
東住吉区,住道矢田,1丁目,19番,,,,,,,,,,,,,,,,火金,,,,,,,,,,,,,,,,月,,,,,,,,,,,,,,,,木,,,,,,,,,,,,,,,,,,,
東住吉区,住道矢田,1丁目,20番,,,,,,,,,,,,,,,,火金,,,,,,,,,,,,,,,,月,,,,,,,,,,,,,,,,木,,,,,,,,,,,,,,,,,,,
東住吉区,住道矢田,1丁目,21番,,,,,,,,,,,,,,,,火金,,,,,,,,,,,,,,,,月,,,,,,,,,,,,,,,,木,,,,,,,,,,,,,,,,,,,
東住吉区,住道矢田,1丁目,22番,,,,,,,,,,,,,,,,火金,,,,,,,,,,,,,,,,月,,,,,,,,,,,,,,,,木,,,,,,,,,,,,,,,,,,,
東住吉区,住道矢田,1丁目,23番,,,,,,,,,,,,,,,,火金,,,,,,,,,,,,,,,,月,,,,,,,,,,,,,,,,木,,,,,,,,,,,,,,,,,,,
東住吉区,住道矢田,1丁目,24番,,,,,,,,,,,,,,,,火金,,,,,,,,,,,,,,,,月,,,,,,,,,,,,,,,,木,,,,,,,,,,,,,,,,,,,
東住吉区,住道矢田,1丁目,25番,軽四輪車(小さい車)で収集している地域,,,,,,火金,,,,,,,,,,,,,,,,,,,,,,,,,月,,,,,,,,,,,,,,,,木,,,,,,,,,,,,,,,,,,,
東住吉区,住道矢田,1丁目,25番,上記以外,,,,,,,,,,,,,,,火金,,,,,,,,,,,,,,,,月,,,,,,,,,,,,,,,,木,,,,,,,,,,,,,,,,,,,
東住吉区,住道矢田,1丁目,26番,軽四輪車(小さい車)で収集している地域,,,,,,火金,,,,,,,,,,,,,,,,,,,,,,,,,月,,,,,,,,,,,,,,,,木,,,,,,,,,,,,,,,,,,,
東住吉区,住道矢田,1丁目,26番,上記以外,,,,,,,,,,,,,,,火金,,,,,,,,,,,,,,,,月,,,,,,,,,,,,,,,,木,,,,,,,,,,,,,,,,,,,
東住吉区,住道矢田,1丁目,27番,軽四輪車(小さい車)で収集している地域,,,,,,火金,,,,,,,,,,,,,,,,,,,,,,,,,月,,,,,,,,,,,,,,,,木,,,,,,,,,,,,,,,,,,,
東住吉区,住道矢田,1丁目,27番,上記以外,,,,,,,,,,,,,,,火金,,,,,,,,,,,,,,,,月,,,,,,,,,,,,,,,,木,,,,,,,,,,,,,,,,,,,
東住吉区,住道矢田,1丁目,28番,軽四輪車(小さい車)で収集している地域,,,,,,火金,,,,,,,,,,,,,,,,,,,,,,,,,月,,,,,,,,,,,,,,,,木,,,,,,,,,,,,,,,,,,,
東住吉区,住道矢田,1丁目,28番,上記以外,,,,,,,,,,,,,,,火金,,,,,,,,,,,,,,,,月,,,,,,,,,,,,,,,,木,,,,,,,,,,,,,,,,,,,
東住吉区,住道矢田,1丁目,29番,軽四輪車(小さい車)で収集している地域,,,,,,火金,,,,,,,,,,,,,,,,,,,,,,,,,月,,,,,,,,,,,,,,,,木,,,,,,,,,,,,,,,,,,,
東住吉区,住道矢田,1丁目,29番,上記以外,,,,,,,,,,,,,,,火金,,,,,,,,,,,,,,,,月,,,,,,,,,,,,,,,,木,,,,,,,,,,,,,,,,,,,
東住吉区,住道矢田,2丁目,1番,,,,,,,,,,,,,,,,火金,,,,,,,,,,,,,,,,月,,,,,,,,,,,,,,,,木,,,,,,,,,,,,,,,,,,,
東住吉区,住道矢田,2丁目,2番,軽四輪車(小さい車)で収集している地域,,,,,,火金,,,,,,,,,,,,,,,,,,,,,,,,,月,,,,,,,,,,,,,,,,木,,,,,,,,,,,,,,,,,,,
東住吉区,住道矢田,2丁目,2番,上記以外,,,,,,,,,,,,,,,火金,,,,,,,,,,,,,,,,月,,,,,,,,,,,,,,,,木,,,,,,,,,,,,,,,,,,,
東住吉区,住道矢田,2丁目,3番,軽四輪車(小さい車)で収集している地域,,,,,,火金,,,,,,,,,,,,,,,,,,,,,,,,,月,,,,,,,,,,,,,,,,木,,,,,,,,,,,,,,,,,,,
東住吉区,住道矢田,2丁目,3番,上記以外,,,,,,,,,,,,,,,火金,,,,,,,,,,,,,,,,月,,,,,,,,,,,,,,,,木,,,,,,,,,,,,,,,,,,,
東住吉区,住道矢田,2丁目,4番,軽四輪車(小さい車)で収集している地域,,,,,,火金,,,,,,,,,,,,,,,,,,,,,,,,,月,,,,,,,,,,,,,,,,木,,,,,,,,,,,,,,,,,,,
東住吉区,住道矢田,2丁目,4番,上記以外,,,,,,,,,,,,,,,火金,,,,,,,,,,,,,,,,月,,,,,,,,,,,,,,,,木,,,,,,,,,,,,,,,,,,,
東住吉区,住道矢田,2丁目,5番,軽四輪車(小さい車)で収集している地域,,,,,,火金,,,,,,,,,,,,,,,,,,,,,,,,,月,,,,,,,,,,,,,,,,木,,,,,,,,,,,,,,,,,,,
東住吉区,住道矢田,2丁目,5番,上記以外,,,,,,,,,,,,,,,火金,,,,,,,,,,,,,,,,月,,,,,,,,,,,,,,,,木,,,,,,,,,,,,,,,,,,,
東住吉区,住道矢田,2丁目,6番,,,,,,,,,,,,,,,,火金,,,,,,,,,,,,,,,,月,,,,,,,,,,,,,,,,木,,,,,,,,,,,,,,,,,,,
東住吉区,住道矢田,2丁目,7番,,,,,,,,,,,,,,,,火金,,,,,,,,,,,,,,,,月,,,,,,,,,,,,,,,,木,,,,,,,,,,,,,,,,,,,
東住吉区,住道矢田,2丁目,8番,軽四輪車(小さい車)で収集している地域,,,,,,火金,,,,,,,,,,,,,,,,,,,,,,,,,月,,,,,,,,,,,,,,,,木,,,,,,,,,,,,,,,,,,,
東住吉区,住道矢田,2丁目,8番,上記以外,,,,,,,,,,,,,,,火金,,,,,,,,,,,,,,,,月,,,,,,,,,,,,,,,,木,,,,,,,,,,,,,,,,,,,
東住吉区,住道矢田,2丁目,9番,,,,,,,,,,,,,,,,火金,,,,,,,,,,,,,,,,月,,,,,,,,,,,,,,,,木,,,,,,,,,,,,,,,,,,,
東住吉区,住道矢田,2丁目,10番,,,,,,,,,,,,,,,,火金,,,,,,,,,,,,,,,,月,,,,,,,,,,,,,,,,木,,,,,,,,,,,,,,,,,,,
東住吉区,住道矢田,2丁目,11番,,,,,,,,,,,,,,,,火金,,,,,,,,,,,,,,,,月,,,,,,,,,,,,,,,,木,,,,,,,,,,,,,,,,,,,
東住吉区,住道矢田,2丁目,12番,,,,,,,,,,,,,,,,火金,,,,,,,,,,,,,,,,月,,,,,,,,,,,,,,,,木,,,,,,,,,,,,,,,,,,,
東住吉区,住道矢田,2丁目,13番,,,,,,,,,,,,,,,,火金,,,,,,,,,,,,,,,,月,,,,,,,,,,,,,,,,木,,,,,,,,,,,,,,,,,,,
東住吉区,住道矢田,2丁目,14番,,,,,,,,,,,,,,,,火金,,,,,,,,,,,,,,,,月,,,,,,,,,,,,,,,,木,,,,,,,,,,,,,,,,,,,
東住吉区,住道矢田,2丁目,15番,,,,,,,,,,,,,,,,火金,,,,,,,,,,,,,,,,月,,,,,,,,,,,,,,,,木,,,,,,,,,,,,,,,,,,,
東住吉区,住道矢田,2丁目,16番,,,,,,,,,,,,,,,,火金,,,,,,,,,,,,,,,,月,,,,,,,,,,,,,,,,木,,,,,,,,,,,,,,,,,,,
東住吉区,住道矢田,3丁目,1番,,,,,,,,,,,,,,,,火金,,,,,,,,,,,,,,,,月,,,,,,,,,,,,,,,,木,,,,,,,,,,,,,,,,,,,
東住吉区,住道矢田,3丁目,2番,,,,,,,,,,,,,,,,火金,,,,,,,,,,,,,,,,月,,,,,,,,,,,,,,,,木,,,,,,,,,,,,,,,,,,,
東住吉区,住道矢田,3丁目,3番,63号,,,,,,,火金,,,,,,,,,,,,,,,,,,,,,,,,月,,,,,,,,,,,,,,,,木,,,,,,,,,,,,,,,,,,,
東住吉区,住道矢田,3丁目,3番,上記以外,,,,,,,,,,,,,,,火金,,,,,,,,,,,,,,,,月,,,,,,,,,,,,,,,,木,,,,,,,,,,,,,,,,,,,
東住吉区,住道矢田,3丁目,4番,,,,,,,,,,,,,,,,火金,,,,,,,,,,,,,,,,月,,,,,,,,,,,,,,,,木,,,,,,,,,,,,,,,,,,,
東住吉区,住道矢田,3丁目,5番,,,,,,,,,,,,,,,,火金,,,,,,,,,,,,,,,,月,,,,,,,,,,,,,,,,木,,,,,,,,,,,,,,,,,,,
東住吉区,住道矢田,3丁目,6番,,,,,,,,,,,,,,,,火金,,,,,,,,,,,,,,,,月,,,,,,,,,,,,,,,,木,,,,,,,,,,,,,,,,,,,
東住吉区,住道矢田,3丁目,7番,,,,,,,,,,,,,,,,火金,,,,,,,,,,,,,,,,月,,,,,,,,,,,,,,,,木,,,,,,,,,,,,,,,,,,,
東住吉区,住道矢田,3丁目,8番,,,,,,,,,,,,,,,,火金,,,,,,,,,,,,,,,,月,,,,,,,,,,,,,,,,木,,,,,,,,,,,,,,,,,,,
東住吉区,住道矢田,3丁目,9番,,,,,,,,,,,,,,,,火金,,,,,,,,,,,,,,,,月,,,,,,,,,,,,,,,,木,,,,,,,,,,,,,,,,,,,
東住吉区,住道矢田,4丁目,1番,軽四輪車(小さい車)で収集している地域,,,,,,火金,,,,,,,,,,,,,,,,,,,,,,,,,月,,,,,,,,,,,,,,,,木,,,,,,,,,,,,,,,,,,,
東住吉区,住道矢田,4丁目,1番,上記以外,,,,,,,,,,,,,,,火金,,,,,,,,,,,,,,,,月,,,,,,,,,,,,,,,,木,,,,,,,,,,,,,,,,,,,
東住吉区,住道矢田,4丁目,2番,軽四輪車(小さい車)で収集している地域,,,,,,火金,,,,,,,,,,,,,,,,,,,,,,,,,月,,,,,,,,,,,,,,,,木,,,,,,,,,,,,,,,,,,,
東住吉区,住道矢田,4丁目,2番,上記以外,,,,,,,,,,,,,,,火金,,,,,,,,,,,,,,,,月,,,,,,,,,,,,,,,,木,,,,,,,,,,,,,,,,,,,
東住吉区,住道矢田,4丁目,3番,軽四輪車(小さい車)で収集している地域,,,,,,,火金,,,,,,,,,,,,,,,,,,,,,,,,月,,,,,,,,,,,,,,,,木,,,,,,,,,,,,,,,,,,,
東住吉区,住道矢田,4丁目,3番,上記以外,,,,,,,,,,,,,,,火金,,,,,,,,,,,,,,,,月,,,,,,,,,,,,,,,,木,,,,,,,,,,,,,,,,,,,
東住吉区,住道矢田,4丁目,4番,軽四輪車(小さい車)で収集している地域,,,,,,,火金,,,,,,,,,,,,,,,,,,,,,,,,月,,,,,,,,,,,,,,,,木,,,,,,,,,,,,,,,,,,,
東住吉区,住道矢田,4丁目,4番,上記以外,,,,,,,,,,,,,,,火金,,,,,,,,,,,,,,,,月,,,,,,,,,,,,,,,,木,,,,,,,,,,,,,,,,,,,
東住吉区,住道矢田,4丁目,5番,軽四輪車(小さい車)で収集している地域,,,,,,,火金,,,,,,,,,,,,,,,,,,,,,,,,月,,,,,,,,,,,,,,,,木,,,,,,,,,,,,,,,,,,,
東住吉区,住道矢田,4丁目,5番,上記以外,,,,,,,,,,,,,,,火金,,,,,,,,,,,,,,,,月,,,,,,,,,,,,,,,,木,,,,,,,,,,,,,,,,,,,
東住吉区,住道矢田,4丁目,6番,軽四輪車(小さい車)で収集している地域,,,,,,,火金,,,,,,,,,,,,,,,,,,,,,,,,月,,,,,,,,,,,,,,,,木,,,,,,,,,,,,,,,,,,,
東住吉区,住道矢田,4丁目,6番,上記以外,,,,,,,,,,,,,,,火金,,,,,,,,,,,,,,,,月,,,,,,,,,,,,,,,,木,,,,,,,,,,,,,,,,,,,
東住吉区,住道矢田,4丁目,7番,,,,,,,,火金,,,,,,,,,,,,,,,,,,,,,,,,月,,,,,,,,,,,,,,,,木,,,,,,,,,,,,,,,,,,,
東住吉区,住道矢田,4丁目,8番,,,,,,,,火金,,,,,,,,,,,,,,,,,,,,,,,,月,,,,,,,,,,,,,,,,木,,,,,,,,,,,,,,,,,,,
東住吉区,住道矢田,4丁目,9番,,,,,,,,火金,,,,,,,,,,,,,,,,,,,,,,,,月,,,,,,,,,,,,,,,,木,,,,,,,,,,,,,,,,,,,
東住吉区,住道矢田,4丁目,10番,,,,,,,,火金,,,,,,,,,,,,,,,,,,,,,,,,月,,,,,,,,,,,,,,,,木,,,,,,,,,,,,,,,,,,,
東住吉区,住道矢田,4丁目,11番,,,,,,,,火金,,,,,,,,,,,,,,,,,,,,,,,,月,,,,,,,,,,,,,,,,木,,,,,,,,,,,,,,,,,,,
東住吉区,住道矢田,4丁目,12番,,,,,,,,火金,,,,,,,,,,,,,,,,,,,,,,,,月,,,,,,,,,,,,,,,,木,,,,,,,,,,,,,,,,,,,
東住吉区,住道矢田,4丁目,13番,,,,,,,,火金,,,,,,,,,,,,,,,,,,,,,,,,月,,,,,,,,,,,,,,,,木,,,,,,,,,,,,,,,,,,,
東住吉区,住道矢田,4丁目,14番,,,,,,,,,,,,,,,,火金,,,,,,,,,,,,,,,,月,,,,,,,,,,,,,,,,木,,,,,,,,,,,,,,,,,,,
東住吉区,住道矢田,4丁目,15番,,,,,,,,,,,,,,,,火金,,,,,,,,,,,,,,,,月,,,,,,,,,,,,,,,,木,,,,,,,,,,,,,,,,,,,
東住吉区,住道矢田,4丁目,16番,,,,,,,,,,,,,,,,火金,,,,,,,,,,,,,,,,月,,,,,,,,,,,,,,,,木,,,,,,,,,,,,,,,,,,,
東住吉区,住道矢田,4丁目,17番,,,,,,,,火金,,,,,,,,,,,,,,,,,,,,,,,,月,,,,,,,,,,,,,,,,木,,,,,,,,,,,,,,,,,,,
東住吉区,住道矢田,4丁目,18番,,,,,,,,火金,,,,,,,,,,,,,,,,,,,,,,,,月,,,,,,,,,,,,,,,,木,,,,,,,,,,,,,,,,,,,
東住吉区,住道矢田,4丁目,19番,,,,,,,,,,,,,,,,火金,,,,,,,,,,,,,,,,月,,,,,,,,,,,,,,,,木,,,,,,,,,,,,,,,,,,,
東住吉区,住道矢田,4丁目,20番,,,,,,,,火金,,,,,,,,,,,,,,,,,,,,,,,,月,,,,,,,,,,,,,,,,木,,,,,,,,,,,,,,,,,,,
東住吉区,住道矢田,4丁目,21番,軽四輪車(小さい車)で収集している地域,,,,,,,火金,,,,,,,,,,,,,,,,,,,,,,,,月,,,,,,,,,,,,,,,,木,,,,,,,,,,,,,,,,,,,
東住吉区,住道矢田,4丁目,21番,上記以外,,,,,,,,,,,,,,,火金,,,,,,,,,,,,,,,,月,,,,,,,,,,,,,,,,木,,,,,,,,,,,,,,,,,,,
東住吉区,住道矢田,5丁目,1番,,,,,,,,,,,,,,,,火金,,,,,,,,,,,,,,,,月,,,,,,,,,,,,,,,,木,,,,,,,,,,,,,,,,,,,
東住吉区,住道矢田,5丁目,2番,,,,,,,,,,,,,,,,火金,,,,,,,,,,,,,,,,月,,,,,,,,,,,,,,,,木,,,,,,,,,,,,,,,,,,,
東住吉区,住道矢田,5丁目,3番,,,,,,,,,,,,,,,,火金,,,,,,,,,,,,,,,,月,,,,,,,,,,,,,,,,木,,,,,,,,,,,,,,,,,,,
東住吉区,住道矢田,5丁目,4番,,,,,,,,,,,,,,,,火金,,,,,,,,,,,,,,,,月,,,,,,,,,,,,,,,,木,,,,,,,,,,,,,,,,,,,
東住吉区,住道矢田,5丁目,5番,,,,,,,,,,,,,,,,火金,,,,,,,,,,,,,,,,月,,,,,,,,,,,,,,,,木,,,,,,,,,,,,,,,,,,,
東住吉区,住道矢田,5丁目,6番,,,,,,,,,,,,,,,,火金,,,,,,,,,,,,,,,,月,,,,,,,,,,,,,,,,木,,,,,,,,,,,,,,,,,,,
東住吉区,住道矢田,5丁目,7番,,,,,,,,,,,,,,,,火金,,,,,,,,,,,,,,,,月,,,,,,,,,,,,,,,,木,,,,,,,,,,,,,,,,,,,
東住吉区,住道矢田,5丁目,8番,,,,,,,,,,,,,,,,火金,,,,,,,,,,,,,,,,月,,,,,,,,,,,,,,,,木,,,,,,,,,,,,,,,,,,,
東住吉区,住道矢田,5丁目,9番,,,,,,,,,,,,,,,,火金,,,,,,,,,,,,,,,,月,,,,,,,,,,,,,,,,木,,,,,,,,,,,,,,,,,,,
東住吉区,住道矢田,5丁目,10番,,,,,,,,,,,,,,,,火金,,,,,,,,,,,,,,,,月,,,,,,,,,,,,,,,,木,,,,,,,,,,,,,,,,,,,
東住吉区,住道矢田,5丁目,11番,,,,,,,,,,,,,,,,火金,,,,,,,,,,,,,,,,月,,,,,,,,,,,,,,,,木,,,,,,,,,,,,,,,,,,,
東住吉区,住道矢田,5丁目,12番,,,,,,,,,,,,,,,,火金,,,,,,,,,,,,,,,,月,,,,,,,,,,,,,,,,木,,,,,,,,,,,,,,,,,,,
東住吉区,住道矢田,5丁目,13番,,,,,,,,,,,,,,,,火金,,,,,,,,,,,,,,,,月,,,,,,,,,,,,,,,,木,,,,,,,,,,,,,,,,,,,
東住吉区,住道矢田,5丁目,15番,,,,,,,,,,,,,,,,火金,,,,,,,,,,,,,,,,月,,,,,,,,,,,,,,,,木,,,,,,,,,,,,,,,,,,,
東住吉区,住道矢田,5丁目,16番,,,,,,,,,,,,,,,,火金,,,,,,,,,,,,,,,,月,,,,,,,,,,,,,,,,木,,,,,,,,,,,,,,,,,,,
東住吉区,住道矢田,5丁目,17番,,,,,,,,,,,,,,,,火金,,,,,,,,,,,,,,,,月,,,,,,,,,,,,,,,,木,,,,,,,,,,,,,,,,,,,
東住吉区,住道矢田,6丁目,1番,,,,,,,,,,,,,,,,火金,,,,,,,,,,,,,,,,月,,,,,,,,,,,,,,,,木,,,,,,,,,,,,,,,,,,,
東住吉区,住道矢田,6丁目,2番,,,,,,,,,,,,,,,,火金,,,,,,,,,,,,,,,月,,,,,,,,,,,,,,,,木,,,,,,,,,,,,,,,,,,,,
東住吉区,住道矢田,6丁目,3番,,,,,,,,,,,,,,,,火金,,,,,,,,,,,,,,,,月,,,,,,,,,,,,,,,,木,,,,,,,,,,,,,,,,,,,
東住吉区,住道矢田,6丁目,4番,,,,,,,,,,,,,,,,火金,,,,,,,,,,,,,,,,月,,,,,,,,,,,,,,,,木,,,,,,,,,,,,,,,,,,,
東住吉区,住道矢田,6丁目,5番,,,,,,,,,,,,,,,,火金,,,,,,,,,,,,,,,,月,,,,,,,,,,,,,,,,木,,,,,,,,,,,,,,,,,,,
東住吉区,住道矢田,6丁目,6番,,,,,,,,,,,,,,,,火金,,,,,,,,,,,,,,,,月,,,,,,,,,,,,,,,,木,,,,,,,,,,,,,,,,,,,
東住吉区,住道矢田,6丁目,7番,,,,,,,,,,,,,,,,火金,,,,,,,,,,,,,,,,月,,,,,,,,,,,,,,,,木,,,,,,,,,,,,,,,,,,,
東住吉区,住道矢田,6丁目,8番,,,,,,,,,,,,,,,,火金,,,,,,,,,,,,,,,,月,,,,,,,,,,,,,,,,木,,,,,,,,,,,,,,,,,,,
東住吉区,住道矢田,6丁目,9番,,,,,,,,,,,,,,,,火金,,,,,,,,,,,,,,,,月,,,,,,,,,,,,,,,,木,,,,,,,,,,,,,,,,,,,
東住吉区,住道矢田,6丁目,10番,,,,,,,,,,,,,,,,火金,,,,,,,,,,,,,,,,月,,,,,,,,,,,,,,,,木,,,,,,,,,,,,,,,,,,,
東住吉区,住道矢田,6丁目,11番,,,,,,,,,,,,,,,,火金,,,,,,,,,,,,,,,,月,,,,,,,,,,,,,,,,木,,,,,,,,,,,,,,,,,,,
東住吉区,住道矢田,6丁目,12番,,,,,,,,,,,,,,,,火金,,,,,,,,,,,,,,,,月,,,,,,,,,,,,,,,,木,,,,,,,,,,,,,,,,,,,
東住吉区,住道矢田,6丁目,13番,,,,,,,,,,,,,,,,火金,,,,,,,,,,,,,,,,月,,,,,,,,,,,,,,,,木,,,,,,,,,,,,,,,,,,,
東住吉区,住道矢田,6丁目,14番,,,,,,,,,,,,,,,,火金,,,,,,,,,,,,,,,,月,,,,,,,,,,,,,,,,木,,,,,,,,,,,,,,,,,,,
東住吉区,住道矢田,6丁目,15番,,,,,,,,,,,,,,,,火金,,,,,,,,,,,,,,,,月,,,,,,,,,,,,,,,,木,,,,,,,,,,,,,,,,,,,
東住吉区,住道矢田,6丁目,16番,,,,,,,,,,,,,,,,火金,,,,,,,,,,,,,,,,月,,,,,,,,,,,,,,,,木,,,,,,,,,,,,,,,,,,,
東住吉区,住道矢田,6丁目,17番,,,,,,,,,,,,,,,,火金,,,,,,,,,,,,,,,,月,,,,,,,,,,,,,,,,木,,,,,,,,,,,,,,,,,,,
東住吉区,住道矢田,6丁目,18番,,,,,,,,,,,,,,,,火金,,,,,,,,,,,,,,,,月,,,,,,,,,,,,,,,,木,,,,,,,,,,,,,,,,,,,
東住吉区,住道矢田,7丁目,1番,,,,,,,,,,,,,,,,火金,,,,,,,,,,,,,,,月,,,,,,,,,,,,,,,,木,,,,,,,,,,,,,,,,,,,,
東住吉区,住道矢田,7丁目,2番,,,,,,,,,,,,,,,,火金,,,,,,,,,,,,,,,,月,,,,,,,,,,,,,,,,木,,,,,,,,,,,,,,,,,,,
東住吉区,住道矢田,7丁目,3番,,,,,,,,,,,,,,,,火金,,,,,,,,,,,,,,,,月,,,,,,,,,,,,,,,,木,,,,,,,,,,,,,,,,,,,
東住吉区,住道矢田,7丁目,4番,,,,,,,,,,,,,,,,火金,,,,,,,,,,,,,,,,月,,,,,,,,,,,,,,,,木,,,,,,,,,,,,,,,,,,,
東住吉区,住道矢田,7丁目,5番,,,,,,,,,,,,,,,,火金,,,,,,,,,,,,,,,,月,,,,,,,,,,,,,,,,木,,,,,,,,,,,,,,,,,,,
東住吉区,住道矢田,7丁目,6番,,,,,,,,,,,,,,,,火金,,,,,,,,,,,,,,,,月,,,,,,,,,,,,,,,,木,,,,,,,,,,,,,,,,,,,
東住吉区,住道矢田,7丁目,7番,,,,,,,,,,,,,,,,火金,,,,,,,,,,,,,,,,月,,,,,,,,,,,,,,,,木,,,,,,,,,,,,,,,,,,,
東住吉区,住道矢田,7丁目,8番,,,,,,,,,,,,,,,,火金,,,,,,,,,,,,,,,,月,,,,,,,,,,,,,,,,木,,,,,,,,,,,,,,,,,,,
東住吉区,住道矢田,7丁目,9番,,,,,,,,,,,,,,,,火金,,,,,,,,,,,,,,,,月,,,,,,,,,,,,,,,,木,,,,,,,,,,,,,,,,,,,
東住吉区,住道矢田,7丁目,10番,,,,,,,,,,,,,,,,火金,,,,,,,,,,,,,,,,月,,,,,,,,,,,,,,,,木,,,,,,,,,,,,,,,,,,,
東住吉区,住道矢田,7丁目,11番,,,,,,,,,,,,,,,,火金,,,,,,,,,,,,,,,,月,,,,,,,,,,,,,,,,木,,,,,,,,,,,,,,,,,,,
東住吉区,住道矢田,7丁目,12番,,,,,,,,,,,,,,,,火金,,,,,,,,,,,,,,,,月,,,,,,,,,,,,,,,,木,,,,,,,,,,,,,,,,,,,
東住吉区,住道矢田,7丁目,13番,,,,,,,,,,,,,,,,火金,,,,,,,,,,,,,,,,月,,,,,,,,,,,,,,,,木,,,,,,,,,,,,,,,,,,,
東住吉区,住道矢田,7丁目,14番,,,,,,,,,,,,,,,,火金,,,,,,,,,,,,,,,,月,,,,,,,,,,,,,,,,木,,,,,,,,,,,,,,,,,,,
東住吉区,住道矢田,7丁目,15番,,,,,,,,,,,,,,,,火金,,,,,,,,,,,,,,,,月,,,,,,,,,,,,,,,,木,,,,,,,,,,,,,,,,,,,
東住吉区,住道矢田,7丁目,16番,,,,,,,,,,,,,,,,火金,,,,,,,,,,,,,,,,月,,,,,,,,,,,,,,,,木,,,,,,,,,,,,,,,,,,,
東住吉区,住道矢田,7丁目,17番,,,,,,,,,,,,,,,,火金,,,,,,,,,,,,,,,,月,,,,,,,,,,,,,,,,木,,,,,,,,,,,,,,,,,,,
東住吉区,住道矢田,8丁目,1番,,,,,,,,,,,,,,,,火金,,,,,,,,,,,,,,,,月,,,,,,,,,,,,,,,,木,,,,,,,,,,,,,,,,,,,
東住吉区,住道矢田,8丁目,2番,,,,,,,,,,,,,,,,火金,,,,,,,,,,,,,,,,月,,,,,,,,,,,,,,,,木,,,,,,,,,,,,,,,,,,,
東住吉区,住道矢田,8丁目,3番,,,,,,,,,,,,,,,,火金,,,,,,,,,,,,,,,,月,,,,,,,,,,,,,,,,木,,,,,,,,,,,,,,,,,,,
東住吉区,住道矢田,8丁目,4番,,,,,,,,,,,,,,,,火金,,,,,,,,,,,,,,,,月,,,,,,,,,,,,,,,,木,,,,,,,,,,,,,,,,,,,
東住吉区,住道矢田,8丁目,5番,,,,,,,,,,,,,,,,火金,,,,,,,,,,,,,,,,月,,,,,,,,,,,,,,,,木,,,,,,,,,,,,,,,,,,,
東住吉区,住道矢田,8丁目,6番,,,,,,,,,,,,,,,,火金,,,,,,,,,,,,,,,,月,,,,,,,,,,,,,,,,木,,,,,,,,,,,,,,,,,,,
東住吉区,住道矢田,8丁目,7番,,,,,,,,,,,,,,,,火金,,,,,,,,,,,,,,,,月,,,,,,,,,,,,,,,,木,,,,,,,,,,,,,,,,,,,
東住吉区,住道矢田,8丁目,8番,,,,,,,,,,,,,,,,火金,,,,,,,,,,,,,,,,月,,,,,,,,,,,,,,,,木,,,,,,,,,,,,,,,,,,,
東住吉区,住道矢田,8丁目,9番,,,,,,,,,,,,,,,,火金,,,,,,,,,,,,,,,,月,,,,,,,,,,,,,,,,木,,,,,,,,,,,,,,,,,,,
東住吉区,住道矢田,8丁目,10番,,,,,,,,,,,,,,,,火金,,,,,,,,,,,,,,,,月,,,,,,,,,,,,,,,,木,,,,,,,,,,,,,,,,,,,
東住吉区,住道矢田,8丁目,11番,,,,,,,,,,,,,,,,火金,,,,,,,,,,,,,,,,月,,,,,,,,,,,,,,,,木,,,,,,,,,,,,,,,,,,,
東住吉区,住道矢田,8丁目,12番,,,,,,,,,,,,,,,,火金,,,,,,,,,,,,,,,,月,,,,,,,,,,,,,,,,木,,,,,,,,,,,,,,,,,,,
東住吉区,住道矢田,8丁目,13番,,,,,,,,,,,,,,,,火金,,,,,,,,,,,,,,,,月,,,,,,,,,,,,,,,,木,,,,,,,,,,,,,,,,,,,
東住吉区,住道矢田,8丁目,14番,,,,,,,,,,,,,,,,火金,,,,,,,,,,,,,,,,月,,,,,,,,,,,,,,,,木,,,,,,,,,,,,,,,,,,,
東住吉区,住道矢田,8丁目,15番,,,,,,,,,,,,,,,,火金,,,,,,,,,,,,,,,,月,,,,,,,,,,,,,,,,木,,,,,,,,,,,,,,,,,,,
東住吉区,住道矢田,8丁目,16番,,,,,,,,,,,,,,,,火金,,,,,,,,,,,,,,,,月,,,,,,,,,,,,,,,,木,,,,,,,,,,,,,,,,,,,
東住吉区,住道矢田,8丁目,17番,,,,,,,,,,,,,,,,火金,,,,,,,,,,,,,,,,月,,,,,,,,,,,,,,,,木,,,,,,,,,,,,,,,,,,,
東住吉区,住道矢田,8丁目,18番,,,,,,,,,,,,,,,,火金,,,,,,,,,,,,,,,,月,,,,,,,,,,,,,,,,木,,,,,,,,,,,,,,,,,,,
東住吉区,住道矢田,9丁目,1番,,,,,,,,,,,,,,,,火金,,,,,,,,,,,,,,,,月,,,,,,,,,,,,,,,,木,,,,,,,,,,,,,,,,,,,
東住吉区,住道矢田,9丁目,2番,,,,,,,,,,,,,,,,火金,,,,,,,,,,,,,,,,月,,,,,,,,,,,,,,,,木,,,,,,,,,,,,,,,,,,,
東住吉区,住道矢田,9丁目,3番,,,,,,,,,,,,,,,,火金,,,,,,,,,,,,,,,,月,,,,,,,,,,,,,,,,木,,,,,,,,,,,,,,,,,,,
東住吉区,住道矢田,9丁目,4番,,,,,,,,,,,,,,,,火金,,,,,,,,,,,,,,,,月,,,,,,,,,,,,,,,,木,,,,,,,,,,,,,,,,,,,
東住吉区,住道矢田,9丁目,5番,,,,,,,,,,,,,,,,火金,,,,,,,,,,,,,,,,月,,,,,,,,,,,,,,,,木,,,,,,,,,,,,,,,,,,,
東住吉区,住道矢田,9丁目,6番,,,,,,,,,,,,,,,,火金,,,,,,,,,,,,,,,,月,,,,,,,,,,,,,,,,木,,,,,,,,,,,,,,,,,,,
東住吉区,住道矢田,9丁目,8番,,,,,,,,,,,,,,,,火金,,,,,,,,,,,,,,,,月,,,,,,,,,,,,,,,,木,,,,,,,,,,,,,,,,,,,
東住吉区,住道矢田,9丁目,9番,,,,,,,,,,,,,,,,火金,,,,,,,,,,,,,,,,月,,,,,,,,,,,,,,,,木,,,,,,,,,,,,,,,,,,,
東住吉区,住道矢田,9丁目,10番,,,,,,,,,,,,,,,,火金,,,,,,,,,,,,,,,,月,,,,,,,,,,,,,,,,木,,,,,,,,,,,,,,,,,,,
東住吉区,住道矢田,9丁目,11番,,,,,,,,,,,,,,,,火金,,,,,,,,,,,,,,,,月,,,,,,,,,,,,,,,,木,,,,,,,,,,,,,,,,,,,
東住吉区,住道矢田,9丁目,12番,,,,,,,,,,,,,,,,火金,,,,,,,,,,,,,,,,月,,,,,,,,,,,,,,,,木,,,,,,,,,,,,,,,,,,,
東住吉区,住道矢田,9丁目,13番,,,,,,,,,,,,,,,,火金,,,,,,,,,,,,,,,,月,,,,,,,,,,,,,,,,木,,,,,,,,,,,,,,,,,,,
東住吉区,住道矢田,9丁目,14番,,,,,,,,,,,,,,,,火金,,,,,,,,,,,,,,,,月,,,,,,,,,,,,,,,,木,,,,,,,,,,,,,,,,,,,
東住吉区,住道矢田,9丁目,15番,,,,,,,,,,,,,,,,火金,,,,,,,,,,,,,,,,月,,,,,,,,,,,,,,,,木,,,,,,,,,,,,,,,,,,,
東住吉区,住道矢田,9丁目,16番,,,,,,,,,,,,,,,,火金,,,,,,,,,,,,,,,,月,,,,,,,,,,,,,,,,木,,,,,,,,,,,,,,,,,,,
東住吉区,住道矢田,9丁目,17番,,,,,,,,,,,,,,,,火金,,,,,,,,,,,,,,,,月,,,,,,,,,,,,,,,,木,,,,,,,,,,,,,,,,,,,
東住吉区,住道矢田,9丁目,18番,,,,,,,,,,,,,,,,火金,,,,,,,,,,,,,,,,月,,,,,,,,,,,,,,,,木,,,,,,,,,,,,,,,,,,,
東住吉区,住道矢田,9丁目,19番,,,,,,,,,,,,,,,,火金,,,,,,,,,,,,,,,,月,,,,,,,,,,,,,,,,木,,,,,,,,,,,,,,,,,,,
東住吉区,鷹合,1丁目,1番,,,,,,,,,,,,,,,,月木,,,,,,,,,,,,,,,水,,,,,,,,,,,,,,,,土,,,,,,,金,,,,,,,,,,,,,
東住吉区,鷹合,1丁目,2番,,,,,,,,,,,,,,,,月木,,,,,,,,,,,,,,,水,,,,,,,,,,,,,,,,土,,,,,,,金,,,,,,,,,,,,,
東住吉区,鷹合,1丁目,3番,,,,,,,,,,,,,,,,月木,,,,,,,,,,,,,,,水,,,,,,,,,,,,,,,,土,,,,,,,金,,,,,,,,,,,,,
東住吉区,鷹合,1丁目,4番,,,,,,,,,,,,,,,,月木,,,,,,,,,,,,,,,水,,,,,,,,,,,,,,,,土,,,,,,,金,,,,,,,,,,,,,
東住吉区,鷹合,1丁目,5番,,,,,,,,,,,,,,,,月木,,,,,,,,,,,,,,,水,,,,,,,,,,,,,,,,土,,,,,,,金,,,,,,,,,,,,,
東住吉区,鷹合,1丁目,6番,,,,,,,,,,,,,,,,月木,,,,,,,,,,,,,,,水,,,,,,,,,,,,,,,,土,,,,,,,金,,,,,,,,,,,,,
東住吉区,鷹合,1丁目,7番,,,,,,,,,,,,,,,,月木,,,,,,,,,,,,,,,水,,,,,,,,,,,,,,,,土,,,,,,,金,,,,,,,,,,,,,
東住吉区,鷹合,1丁目,8番,,,,,,,,,,,,,,,,月木,,,,,,,,,,,,,,,水,,,,,,,,,,,,,,,,土,,,,,,,金,,,,,,,,,,,,,
東住吉区,鷹合,1丁目,9番,,,,,,,,,,,,,,,,月木,,,,,,,,,,,,,,,水,,,,,,,,,,,,,,,,土,,,,,,,金,,,,,,,,,,,,,
東住吉区,鷹合,1丁目,10番,,,,,,,,,,,,,,,,月木,,,,,,,,,,,,,,,水,,,,,,,,,,,,,,,,土,,,,,,,金,,,,,,,,,,,,,
東住吉区,鷹合,1丁目,11番,,,,,,,,,,,,,,,,月木,,,,,,,,,,,,,,,水,,,,,,,,,,,,,,,,土,,,,,,,金,,,,,,,,,,,,,
東住吉区,鷹合,1丁目,12番,,,,,,,,,,,,,,,,月木,,,,,,,,,,,,,,,水,,,,,,,,,,,,,,,,土,,,,,,,金,,,,,,,,,,,,,
東住吉区,鷹合,1丁目,13番,,,,,,,,,,,,,,,,月木,,,,,,,,,,,,,,,水,,,,,,,,,,,,,,,,土,,,,,,,金,,,,,,,,,,,,,
東住吉区,鷹合,1丁目,14番,,,,,,,,,,,,,,,,月木,,,,,,,,,,,,,,,水,,,,,,,,,,,,,,,,土,,,,,,,金,,,,,,,,,,,,,
東住吉区,鷹合,1丁目,15番,,,,,,,,,,,,,,,,月木,,,,,,,,,,,,,,,水,,,,,,,,,,,,,,,,土,,,,,,,金,,,,,,,,,,,,,
東住吉区,鷹合,1丁目,16番,,,,,,,,,,,,,,,,月木,,,,,,,,,,,,,,,水,,,,,,,,,,,,,,,,土,,,,,,,金,,,,,,,,,,,,,
東住吉区,鷹合,1丁目,17番,,,,,,,,,,,,,,,,月木,,,,,,,,,,,,,,,水,,,,,,,,,,,,,,,,土,,,,,,,金,,,,,,,,,,,,,
東住吉区,鷹合,1丁目,18番,,,,,,,,,,,,,,,,月木,,,,,,,,,,,,,,,水,,,,,,,,,,,,,,,,土,,,,,,,金,,,,,,,,,,,,,
東住吉区,鷹合,1丁目,19番,,,,,,,,,,,,,,,,月木,,,,,,,,,,,,,,,水,,,,,,,,,,,,,,,,土,,,,,,,金,,,,,,,,,,,,,
東住吉区,鷹合,1丁目,20番,,,,,,,,,,,,,,,,月木,,,,,,,,,,,,,,,水,,,,,,,,,,,,,,,,土,,,,,,,金,,,,,,,,,,,,,
東住吉区,鷹合,1丁目,21番,,,,,,,,,,,,,,,,月木,,,,,,,,,,,,,,水,,,,,,,,,,,,,,,,土,,,,,,,,金,,,,,,,,,,,,,
東住吉区,鷹合,2丁目,1番,13~16号,,,,,,,,,,,,,,,月木,,,,,,,,,,,,,,,水,,,,,,,,,,,,,,,,土,,,,,,火,,,,,,,,,,,,,,
東住吉区,鷹合,2丁目,1番,上記以外,,,,,,,,,,,,,,,月木,,,,,,,,,,,,,,,水,,,,,,,,,,,,,,,,土,,,,,,,火,,,,,,,,,,,,,
東住吉区,鷹合,2丁目,2番,13~16号,,,,,,,,,,,,,,,月木,,,,,,,,,,,,,,,水,,,,,,,,,,,,,,,,土,,,,,,火,,,,,,,,,,,,,,
東住吉区,鷹合,2丁目,2番,上記以外,,,,,,,,,,,,,,,月木,,,,,,,,,,,,,,,水,,,,,,,,,,,,,,,,土,,,,,,,火,,,,,,,,,,,,,
東住吉区,鷹合,2丁目,3番,13~16号,,,,,,,,,,,,,,,月木,,,,,,,,,,,,,,,水,,,,,,,,,,,,,,,,土,,,,,,火,,,,,,,,,,,,,,
東住吉区,鷹合,2丁目,3番,上記以外,,,,,,,,,,,,,,,月木,,,,,,,,,,,,,,,水,,,,,,,,,,,,,,,,土,,,,,,,火,,,,,,,,,,,,,
東住吉区,鷹合,2丁目,4番,,,,,,,,,,,,,,,,月木,,,,,,,,,,,,,,,水,,,,,,,,,,,,,,,,土,,,,,,,火,,,,,,,,,,,,,
東住吉区,鷹合,2丁目,5番,,,,,,,,,,,,,,,,月木,,,,,,,,,,,,,,,水,,,,,,,,,,,,,,,,土,,,,,,,火,,,,,,,,,,,,,
東住吉区,鷹合,2丁目,6番,,,,,,,,,,,,,,,,月木,,,,,,,,,,,,,,,水,,,,,,,,,,,,,,,,土,,,,,,,火,,,,,,,,,,,,,
東住吉区,鷹合,2丁目,7番,,,,,,,,,,,,,,,,月木,,,,,,,,,,,,,,,水,,,,,,,,,,,,,,,,土,,,,,,,火,,,,,,,,,,,,,
東住吉区,鷹合,2丁目,8番,,,,,,,,,,,,,,,,月木,,,,,,,,,,,,,,,水,,,,,,,,,,,,,,,,土,,,,,,,火,,,,,,,,,,,,,
東住吉区,鷹合,2丁目,9番,軽四輪車(小さい車)で収集している地域,,,,,,,,,,,,,,,月木,,,,,,,,,,,,,,水,,,,,,,,,,,,,,,,土,,,,,,,,火,,,,,,,,,,,,,
東住吉区,鷹合,2丁目,9番,上記以外,,,,,,,,,,,,,,,月木,,,,,,,,,,,,,,,水,,,,,,,,,,,,,,,,土,,,,,,,火,,,,,,,,,,,,,
東住吉区,鷹合,2丁目,10番,,,,,,,,,,,,,,,,月木,,,,,,,,,,,,,,,水,,,,,,,,,,,,,,,,土,,,,,,,火,,,,,,,,,,,,,
東住吉区,鷹合,2丁目,11番,,,,,,,,,,,,,,,,月木,,,,,,,,,,,,,,,水,,,,,,,,,,,,,,,,土,,,,,,,火,,,,,,,,,,,,,
東住吉区,鷹合,2丁目,12番,,,,,,,,,,,,,,,,月木,,,,,,,,,,,,,,,水,,,,,,,,,,,,,,,,土,,,,,,,火,,,,,,,,,,,,,
東住吉区,鷹合,2丁目,13番,,,,,,,,,,,,,,,,月木,,,,,,,,,,,,,,,水,,,,,,,,,,,,,,,,土,,,,,,,火,,,,,,,,,,,,,
東住吉区,鷹合,2丁目,14番,,,,,,,,,,,,,,,,月木,,,,,,,,,,,,,,,水,,,,,,,,,,,,,,,,土,,,,,,,火,,,,,,,,,,,,,
東住吉区,鷹合,2丁目,15番,26~29号,,,,,,,,,,,,,,,月木,,,,,,,,,,,,,,,水,,,,,,,,,,,,,,,,土,,,,,,,火,,,,,,,,,,,,,
東住吉区,鷹合,2丁目,15番,上記以外,,,,,,,,,,,,,,,月木,,,,,,,,,,,,,,,水,,,,,,,,,,,,,,,,土,,,,,,,火,,,,,,,,,,,,,
東住吉区,鷹合,2丁目,16番,26~29号,,,,,,,,,,,,,,,月木,,,,,,,,,,,,,,,水,,,,,,,,,,,,,,,,土,,,,,,火,,,,,,,,,,,,,,
東住吉区,鷹合,2丁目,16番,上記以外,,,,,,,,,,,,,,,月木,,,,,,,,,,,,,,,水,,,,,,,,,,,,,,,,土,,,,,,,火,,,,,,,,,,,,,
東住吉区,鷹合,2丁目,17番,28~31号,,,,,,,,,,,,,,,月木,,,,,,,,,,,,,,,水,,,,,,,,,,,,,,,,土,,,,,,火,,,,,,,,,,,,,,
東住吉区,鷹合,2丁目,17番,上記以外,,,,,,,,,,,,,,,月木,,,,,,,,,,,,,,,水,,,,,,,,,,,,,,,,土,,,,,,,火,,,,,,,,,,,,,
東住吉区,鷹合,3丁目,1番,軽四輪車(小さい車)で収集している地域,,,,,,,,,,,,,,,月木,,,,,,,,水,,,,,,,,,,,,,,,,土,,,,,,,,,,,,,,金,,,,,,,,,,,,,
東住吉区,鷹合,3丁目,1番,上記以外,,,,,,,,,,,,,,,月木,,,,,,,,,,,,,,,水,,,,,,,,,,,,,,,,土,,,,,,,金,,,,,,,,,,,,,
東住吉区,鷹合,3丁目,2番,軽四輪車(小さい車)で収集している地域,,,,,,,,,,,,,,,月木,,,,,,,,水,,,,,,,,,,,,,,,,土,,,,,,,,,,,,,,金,,,,,,,,,,,,,
東住吉区,鷹合,3丁目,2番,上記以外,,,,,,,,,,,,,,,月木,,,,,,,,,,,,,,,水,,,,,,,,,,,,,,,,土,,,,,,,金,,,,,,,,,,,,,
東住吉区,鷹合,3丁目,3番,軽四輪車(小さい車)で収集している地域,,,,,,,,,,,,,,,月木,,,,,,,,水,,,,,,,,,,,,,,,,土,,,,,,,,,,,,,,金,,,,,,,,,,,,,
東住吉区,鷹合,3丁目,3番,上記以外,,,,,,,,,,,,,,,月木,,,,,,,,,,,,,,,水,,,,,,,,,,,,,,,,土,,,,,,,金,,,,,,,,,,,,,
東住吉区,鷹合,3丁目,4番,,,,,,,,,,,,,,,,月木,,,,,,,,,,,,,,,水,,,,,,,,,,,,,,,,土,,,,,,,金,,,,,,,,,,,,,
東住吉区,鷹合,3丁目,5番,,,,,,,,,,,,,,,,月木,,,,,,,,,,,,,,,水,,,,,,,,,,,,,,,,土,,,,,,,金,,,,,,,,,,,,,
東住吉区,鷹合,3丁目,6番,,,,,,,,,,,,,,,,月木,,,,,,,,,,,,,,,水,,,,,,,,,,,,,,,,土,,,,,,,金,,,,,,,,,,,,,
東住吉区,鷹合,3丁目,7番,,,,,,,,,,,,,,,,月木,,,,,,,,,,,,,,,水,,,,,,,,,,,,,,,,土,,,,,,,金,,,,,,,,,,,,,
東住吉区,鷹合,3丁目,8番,,,,,,,,,,,,,,,,月木,,,,,,,,,,,,,,,水,,,,,,,,,,,,,,,,土,,,,,,,金,,,,,,,,,,,,,
東住吉区,鷹合,3丁目,9番,,,,,,,,,,,,,,,,月木,,,,,,,,,,,,,,,水,,,,,,,,,,,,,,,,土,,,,,,,金,,,,,,,,,,,,,
東住吉区,鷹合,3丁目,10番,,,,,,,,,,,,,,,,月木,,,,,,,,,,,,,,,水,,,,,,,,,,,,,,,,土,,,,,,,金,,,,,,,,,,,,,
東住吉区,鷹合,3丁目,11番,,,,,,,,,,,,,,,,月木,,,,,,,,,,,,,,,水,,,,,,,,,,,,,,,,土,,,,,,,金,,,,,,,,,,,,,
東住吉区,鷹合,3丁目,13番,,,,,,,,,,,,,,,,月木,,,,,,,,,,,,,,,水,,,,,,,,,,,,,,,,土,,,,,,,金,,,,,,,,,,,,,
東住吉区,鷹合,3丁目,14番,,,,,,,,,,,,,,,,月木,,,,,,,,,,,,,,,水,,,,,,,,,,,,,,,,土,,,,,,,金,,,,,,,,,,,,,
東住吉区,鷹合,3丁目,15番,,,,,,,,,,,,,,,,月木,,,,,,,,,,,,,,水,,,,,,,,,,,,,,,,土,,,,,,,,金,,,,,,,,,,,,,
東住吉区,鷹合,3丁目,16番,,,,,,,,,,,,,,,,月木,,,,,,,,,,,,,,,水,,,,,,,,,,,,,,,,土,,,,,,,金,,,,,,,,,,,,,
東住吉区,鷹合,3丁目,17番,,,,,,,,,,,,,,,,月木,,,,,,,,,,,,,,,水,,,,,,,,,,,,,,,,土,,,,,,,金,,,,,,,,,,,,,
東住吉区,鷹合,3丁目,18番,,,,,,,,,,,,,,,,月木,,,,,,,,,,,,,,,水,,,,,,,,,,,,,,,,土,,,,,,,金,,,,,,,,,,,,,
東住吉区,鷹合,4丁目,1番,,,,,,,,,,,,,,,,月木,,,,,,,,,,,,,,,水,,,,,,,,,,,,,,,,土,,,,,,,金,,,,,,,,,,,,,
東住吉区,鷹合,4丁目,2番,,,,,,,,,,,,,,,,月木,,,,,,,,,,,,,,,水,,,,,,,,,,,,,,,,土,,,,,,,金,,,,,,,,,,,,,
東住吉区,鷹合,4丁目,3番,,,,,,,,,,,,,,,,月木,,,,,,,,,,,,,,,水,,,,,,,,,,,,,,,,土,,,,,,,金,,,,,,,,,,,,,
東住吉区,鷹合,4丁目,4番,,,,,,,,,,,,,,,,月木,,,,,,,,,,,,,,水,,,,,,,,,,,,,,,,土,,,,,,,,金,,,,,,,,,,,,,
東住吉区,鷹合,4丁目,5番,,,,,,,,,,,,,,,,月木,,,,,,,,,,,,,,水,,,,,,,,,,,,,,,,土,,,,,,,,金,,,,,,,,,,,,,
東住吉区,鷹合,4丁目,6番,,,,,,,,,,,,,,,,月木,,,,,,,,,,,,,,水,,,,,,,,,,,,,,,,土,,,,,,,,金,,,,,,,,,,,,,
東住吉区,鷹合,4丁目,7番,,,,,,,,,,,,,,,,月木,,,,,,,,,,,,,,,水,,,,,,,,,,,,,,,,土,,,,,,,金,,,,,,,,,,,,,
東住吉区,鷹合,4丁目,8番,,,,,,,,,,,,,,,,月木,,,,,,,,,,,,,,,水,,,,,,,,,,,,,,,,土,,,,,,,金,,,,,,,,,,,,,
東住吉区,鷹合,4丁目,9番,,,,,,,,,,,,,,,,月木,,,,,,,,,,,,,,,水,,,,,,,,,,,,,,,,土,,,,,,,金,,,,,,,,,,,,,
東住吉区,鷹合,4丁目,10番,,,,,,,,,,,,,,,,月木,,,,,,,,,,,,,,,水,,,,,,,,,,,,,,,,土,,,,,,,金,,,,,,,,,,,,,
東住吉区,鷹合,4丁目,11番,,,,,,,,,,,,,,,,月木,,,,,,,,,,,,,,,水,,,,,,,,,,,,,,,,土,,,,,,,金,,,,,,,,,,,,,
東住吉区,鷹合,4丁目,12番,,,,,,,,,,,,,,,,月木,,,,,,,,,,,,,,,水,,,,,,,,,,,,,,,,土,,,,,,,金,,,,,,,,,,,,,
東住吉区,鷹合,4丁目,13番,,,,,,,,,,,,,,,,月木,,,,,,,,,,,,,,水,,,,,,,,,,,,,,,,土,,,,,,,,金,,,,,,,,,,,,,
東住吉区,鷹合,4丁目,14番,,,,,,,,,,,,,,,,月木,,,,,,,,,,,,,,,水,,,,,,,,,,,,,,,,土,,,,,,,金,,,,,,,,,,,,,
東住吉区,鷹合,4丁目,15番,,,,,,,,,,,,,,,,月木,,,,,,,,,,,,,,,水,,,,,,,,,,,,,,,,土,,,,,,,金,,,,,,,,,,,,,
東住吉区,鷹合,4丁目,16番,,,,,,,,,,,,,,,,月木,,,,,,,,,,,,,,水,,,,,,,,,,,,,,,,土,,,,,,,,金,,,,,,,,,,,,,
東住吉区,鷹合,4丁目,17番,,,,,,,,,,,,,,,,月木,,,,,,,,,,,,,,水,,,,,,,,,,,,,,,,土,,,,,,,,金,,,,,,,,,,,,,
東住吉区,鷹合,4丁目,18番,,,,,,,,,,,,,,,,月木,,,,,,,,,,,,,,水,,,,,,,,,,,,,,,,土,,,,,,,,金,,,,,,,,,,,,,
東住吉区,鷹合,4丁目,19番,,,,,,,,,,,,,,,,月木,,,,,,,,,,,,,,水,,,,,,,,,,,,,,,,土,,,,,,,,金,,,,,,,,,,,,,
東住吉区,鷹合,4丁目,20番,,,,,,,,,,,,,,,,月木,,,,,,,,,,,,,,,水,,,,,,,,,,,,,,,,土,,,,,,,金,,,,,,,,,,,,,
東住吉区,鷹合,4丁目,21番,,,,,,,,,,,,,,,,月木,,,,,,,,,,,,,,,水,,,,,,,,,,,,,,,,土,,,,,,,金,,,,,,,,,,,,,
東住吉区,鷹合,4丁目,22番,,,,,,,,,,,,,,,,月木,,,,,,,,,,,,,,水,,,,,,,,,,,,,,,,土,,,,,,,,金,,,,,,,,,,,,,
東住吉区,鷹合,4丁目,23番,,,,,,,,,,,,,,,,月木,,,,,,,,,,,,,,水,,,,,,,,,,,,,,,,土,,,,,,,,金,,,,,,,,,,,,,
東住吉区,田辺,1丁目,1番,,,,,,,火金,,,,,,,,,,,,,,,,,,,,,,,,月,,,,,,,,,,,,,,,,木,,,,,,金,,,,,,,,,,,,,,
東住吉区,田辺,1丁目,2番,,,,,,,火金,,,,,,,,,,,,,,,,,,,,,,,,月,,,,,,,,,,,,,,,,木,,,,,,金,,,,,,,,,,,,,,
東住吉区,田辺,1丁目,3番,,,,,,,火金,,,,,,,,,,,,,,,,,,,,,,,,月,,,,,,,,,,,,,,,,木,,,,,,金,,,,,,,,,,,,,,
東住吉区,田辺,1丁目,4番,,,,,,,火金,,,,,,,,,,,,,,,,,,,,,,,,月,,,,,,,,,,,,,,,,木,,,,,,,,,,,,,,,,,,,,
東住吉区,田辺,1丁目,5番,1~3号,,,,,,月木,,,,,,,,,,,,,,,,,,,,,,,,火,,,,,,,,,,,,,,,,金,,,,,,金,,,,,,,,,,,,,,
東住吉区,田辺,1丁目,5番,5~27号,,,,,,月木,,,,,,,,,,,,,,,,,,,,,,,,火,,,,,,,,,,,,,,,,金,,,,,,,,,,,,,,,,,,,,
東住吉区,田辺,1丁目,6番,,,,,,,月木,,,,,,,,,,,,,,,,,,,,,,,,火,,,,,,,,,,,,,,,,金,,,,,,,,,,,,,,,,,,,,
東住吉区,田辺,1丁目,7番,,,,,,,月木,,,,,,,,,,,,,,,,,,,,,,,,火,,,,,,,,,,,,,,,,金,,,,,,,,,,,,,,,,,,,,
東住吉区,田辺,1丁目,8番,,,,,,,月木,,,,,,,,,,,,,,,,,,,,,,,,火,,,,,,,,,,,,,,,,金,,,,,,,,,,,,,,,,,,,,
東住吉区,田辺,1丁目,9番,,,,,,,月木,,,,,,,,,,,,,,,,,,,,,,,,火,,,,,,,,,,,,,,,,金,,,,,,,,,,,,,,,,,,,,
東住吉区,田辺,1丁目,10番,,,,,,,月木,,,,,,,,,,,,,,,,,,,,,,,,火,,,,,,,,,,,,,,,,金,,,,,,,,,,,,,,,,,,,,
東住吉区,田辺,1丁目,11番,,,,,,,月木,,,,,,,,,,,,,,,,,,,,,,,,火,,,,,,,,,,,,,,,,金,,,,,,,,,,,,,,,,,,,,
東住吉区,田辺,1丁目,12番,,,,,,,月木,,,,,,,,,,,,,,,,,,,,,,,,火,,,,,,,,,,,,,,,,金,,,,,,,,,,,,,,,,,,,,
東住吉区,田辺,1丁目,13番,,,,,,,月木,,,,,,,,,,,,,,,,,,,,,,,,火,,,,,,,,,,,,,,,,金,,,,,,,,,,,,,,,,,,,,
東住吉区,田辺,1丁目,14番,,,,,,,月木,,,,,,,,,,,,,,,,,,,,,,,,火,,,,,,,,,,,,,,,,金,,,,,,,,,,,,,,,,,,,,
東住吉区,田辺,2丁目,1番,,,,,,,月木,,,,,,,,,,,,,,,,火,,,,,,,,,,,,,,,,金,,,,,,,,,,,,,,,,,,,,,,,,,,,,
東住吉区,田辺,2丁目,2番,軽四輪車(小さい車)で収集している地域,,,,,,,,,,,,,,,月木,,,,,,,,,,,,,,火,,,,,,,,,,,,,,,,金,,,,,,,,,,,,,,,,,,,,,
東住吉区,田辺,2丁目,2番,上記以外,,,,,,月木,,,,,,,,,,,,,,,,火,,,,,,,,,,,,,,,,金,,,,,,,,,,,,,,,,,,,,,,,,,,,,
東住吉区,田辺,2丁目,3番,軽四輪車(小さい車)で収集している地域,,,,,,,,,,,,,,,月木,,,,,,,,,,,,,,火,,,,,,,,,,,,,,,,金,,,,,,,,,,,,,,,,,,,,,
東住吉区,田辺,2丁目,3番,上記以外,,,,,,月木,,,,,,,,,,,,,,,,火,,,,,,,,,,,,,,,,金,,,,,,,,,,,,,,,,,,,,,,,,,,,,
東住吉区,田辺,2丁目,4番,,,,,,,月木,,,,,,,,,,,,,,,,火,,,,,,,,,,,,,,,,金,,,,,,,,,,,,,,,,,,,,,,,,,,,,
東住吉区,田辺,2丁目,5番,軽四輪車(小さい車)で収集している地域,,,,,,,,,,,,,,,月木,,,,,,,,,,,,,,火,,,,,,,,,,,,,,,,金,,,,,,,,,,,,,,,,,,,,,
東住吉区,田辺,2丁目,5番,上記以外,,,,,,月木,,,,,,,,,,,,,,,,火,,,,,,,,,,,,,,,,金,,,,,,,,,,,,,,,,,,,,,,,,,,,,
東住吉区,田辺,2丁目,6番,軽四輪車(小さい車)で収集している地域,,,,,,,,,,,,,,,月木,,,,,,,,,,,,,,火,,,,,,,,,,,,,,,,金,,,,,,,,,,,,,,,,,,,,,
東住吉区,田辺,2丁目,6番,上記以外,,,,,,月木,,,,,,,,,,,,,,,,火,,,,,,,,,,,,,,,,金,,,,,,,,,,,,,,,,,,,,,,,,,,,,
東住吉区,田辺,2丁目,7番,軽四輪車(小さい車)で収集している地域,,,,,,,,,,,,,,,月木,,,,,,,,,,,,,,火,,,,,,,,,,,,,,,,金,,,,,,,,,,,,,,,,,,,,,
東住吉区,田辺,2丁目,7番,上記以外,,,,,,月木,,,,,,,,,,,,,,,,火,,,,,,,,,,,,,,,,金,,,,,,,,,,,,,,,,,,,,,,,,,,,,
東住吉区,田辺,2丁目,8番,軽四輪車(小さい車)で収集している地域,,,,,,,,,,,,,,,月木,,,,,,,,,,,,,,火,,,,,,,,,,,,,,,,金,,,,,,,,,,,,,,,,,,,,,
東住吉区,田辺,2丁目,8番,上記以外,,,,,,月木,,,,,,,,,,,,,,,,火,,,,,,,,,,,,,,,,金,,,,,,,,,,,,,,,,,,,,,,,,,,,,
東住吉区,田辺,2丁目,9番,軽四輪車(小さい車)で収集している地域,,,,,,,,,,,,,,,月木,,,,,,,,,,,,,,火,,,,,,,,,,,,,,,,金,,,,,,,,,,,,,,,,,,,,,
東住吉区,田辺,2丁目,9番,上記以外,,,,,,月木,,,,,,,,,,,,,,,,火,,,,,,,,,,,,,,,,金,,,,,,,,,,,,,,,,,,,,,,,,,,,,
東住吉区,田辺,2丁目,10番,軽四輪車(小さい車)で収集している地域,,,,,,,,,,,,,,,月木,,,,,,,,,,,,,,火,,,,,,,,,,,,,,,,金,,,,,,,,,,,,,,,,,,,,,
東住吉区,田辺,2丁目,10番,上記以外,,,,,,月木,,,,,,,,,,,,,,,,火,,,,,,,,,,,,,,,,金,,,,,,,,,,,,,,,,,,,,,,,,,,,,
東住吉区,田辺,2丁目,11番,,,,,,,月木,,,,,,,,,,,,,,,,火,,,,,,,,,,,,,,,,金,,,,,,,,,,,,,,,,,,,,,,,,,,,,
東住吉区,田辺,3丁目,1番,,,,,,,月木,,,,,,,,,,,,,,,,,,,,,,,火,,,,,,,,,,,,,,,,金,,,,,,,,,,,,,,,,,,,,,
東住吉区,田辺,3丁目,2番,,,,,,,月木,,,,,,,,,,,,,,,,,,,,,,,火,,,,,,,,,,,,,,,,金,,,,,,,,,,,,,,,,,,,,,
東住吉区,田辺,3丁目,3番,,,,,,,月木,,,,,,,,,,,,,,,,,,,,,,,火,,,,,,,,,,,,,,,,金,,,,,,,,,,,,,,,,,,,,,
東住吉区,田辺,3丁目,4番,,,,,,,月木,,,,,,,,,,,,,,,,,,,,,,,火,,,,,,,,,,,,,,,,金,,,,,,,,,,,,,,,,,,,,,
東住吉区,田辺,3丁目,5番,,,,,,,月木,,,,,,,,,,,,,,,,,,,,,,,火,,,,,,,,,,,,,,,,金,,,,,,,,,,,,,,,,,,,,,
東住吉区,田辺,3丁目,6番,,,,,,,月木,,,,,,,,,,,,,,,,,,,,,,,火,,,,,,,,,,,,,,,,金,,,,,,,,,,,,,,,,,,,,,
東住吉区,田辺,3丁目,7番,,,,,,,月木,,,,,,,,,,,,,,,,,,,,,,,火,,,,,,,,,,,,,,,,金,,,,,,,,,,,,,,,,,,,,,
東住吉区,田辺,3丁目,8番,,,,,,,月木,,,,,,,,,,,,,,,,,,,,,,,火,,,,,,,,,,,,,,,,金,,,,,,,,,,,,,,,,,,,,,
東住吉区,田辺,3丁目,9番,,,,,,,月木,,,,,,,,,,,,,,,,,,,,,,,火,,,,,,,,,,,,,,,,金,,,,,,,,,,,,,,,,,,,,,
東住吉区,田辺,3丁目,10番,,,,,,,月木,,,,,,,,,,,,,,,,,,,,,,,火,,,,,,,,,,,,,,,,金,,,,,,,,,,,,,,,,,,,,,
東住吉区,田辺,3丁目,11番,,,,,,,月木,,,,,,,,,,,,,,,,,,,,,,,火,,,,,,,,,,,,,,,,金,,,,,,,,,,,,,,,,,,,,,
東住吉区,田辺,3丁目,12番,,,,,,,月木,,,,,,,,,,,,,,,,,,,,,,,火,,,,,,,,,,,,,,,,金,,,,,,,,,,,,,,,,,,,,,
東住吉区,田辺,3丁目,13番,,,,,,,月木,,,,,,,,,,,,,,,,,,,,,,,火,,,,,,,,,,,,,,,,金,,,,,,,,,,,,,,,,,,,,,
東住吉区,田辺,3丁目,14番,,,,,,,月木,,,,,,,,,,,,,,,,,,,,,,,火,,,,,,,,,,,,,,,,金,,,,,,,,,,,,,,,,,,,,,
東住吉区,田辺,3丁目,15番,,,,,,,月木,,,,,,,,,,,,,,,,,,,,,,,火,,,,,,,,,,,,,,,,金,,,,,,,,,,,,,,,,,,,,,
東住吉区,田辺,3丁目,16番,,,,,,,月木,,,,,,,,,,,,,,,,,,,,,,,火,,,,,,,,,,,,,,,,金,,,,,,,,,,,,,,,,,,,,,
東住吉区,田辺,3丁目,17番,,,,,,,月木,,,,,,,,,,,,,,,,,,,,,,,火,,,,,,,,,,,,,,,,金,,,,,,,,,,,,,,,,,,,,,
東住吉区,田辺,3丁目,18番,,,,,,,月木,,,,,,,,,,,,,,,,,,,,,,,火,,,,,,,,,,,,,,,,金,,,,,,,,,,,,,,,,,,,,,
東住吉区,田辺,3丁目,19番,,,,,,,月木,,,,,,,,,,,,,,,,,,,,,,,火,,,,,,,,,,,,,,,,金,,,,,,,,,,,,,,,,,,,,,
東住吉区,田辺,3丁目,20番,,,,,,,月木,,,,,,,,,,,,,,,,,,,,,,,火,,,,,,,,,,,,,,,,金,,,,,,,,,,,,,,,,,,,,,
東住吉区,田辺,3丁目,21番,,,,,,,月木,,,,,,,,,,,,,,,,,,,,,,,火,,,,,,,,,,,,,,,,金,,,,,,,,,,,,,,,,,,,,,
東住吉区,田辺,3丁目,22番,,,,,,,月木,,,,,,,,,,,,,,,,,,,,,,,火,,,,,,,,,,,,,,,,金,,,,,,,,,,,,,,,,,,,,,
東住吉区,田辺,3丁目,23番,,,,,,,月木,,,,,,,,,,,,,,,,,,,,,,,火,,,,,,,,,,,,,,,,金,,,,,,,,,,,,,,,,,,,,,
東住吉区,田辺,3丁目,24番,,,,,,,月木,,,,,,,,,,,,,,,,,,,,,,,火,,,,,,,,,,,,,,,,金,,,,,,,,,,,,,,,,,,,,,
東住吉区,田辺,3丁目,25番,,,,,,,月木,,,,,,,,,,,,,,,,,,,,,,,火,,,,,,,,,,,,,,,,金,,,,,,,,,,,,,,,,,,,,,
東住吉区,田辺,3丁目,26番,,,,,,,月木,,,,,,,,,,,,,,,,,,,,,,,火,,,,,,,,,,,,,,,,金,,,,,,,,,,,,,,,,,,,,,
東住吉区,田辺,3丁目,27番,,,,,,,月木,,,,,,,,,,,,,,,,,,,,,,,火,,,,,,,,,,,,,,,,金,,,,,,,,,,,,,,,,,,,,,
東住吉区,田辺,4丁目,1番,軽四輪車(小さい車)で収集している地域,,,,,,,,,,,,,,,月木,,,,,,,,,,,,,,火,,,,,,,,,,,,,,,,金,,,,,,,,,,,,,,,,,,,,,
東住吉区,田辺,4丁目,1番,上記以外,,,,,,月木,,,,,,,,,,,,,,,,火,,,,,,,,,,,,,,,,金,,,,,,,,,,,,,,,,,,,,,,,,,,,,
東住吉区,田辺,4丁目,2番,軽四輪車(小さい車)で収集している地域,,,,,,,,,,,,,,,月木,,,,,,,,,,,,,,火,,,,,,,,,,,,,,,,金,,,,,,,,,,,,,,,,,,,,,
東住吉区,田辺,4丁目,2番,上記以外,,,,,,月木,,,,,,,,,,,,,,,,火,,,,,,,,,,,,,,,,金,,,,,,,,,,,,,,,,,,,,,,,,,,,,
東住吉区,田辺,4丁目,3番,軽四輪車(小さい車)で収集している地域,,,,,,,,,,,,,,,月木,,,,,,,,,,,,,,火,,,,,,,,,,,,,,,,金,,,,,,,,,,,,,,,,,,,,,
東住吉区,田辺,4丁目,3番,上記以外,,,,,,月木,,,,,,,,,,,,,,,,火,,,,,,,,,,,,,,,,金,,,,,,,,,,,,,,,,,,,,,,,,,,,,
東住吉区,田辺,4丁目,4番,軽四輪車(小さい車)で収集している地域,,,,,,,,,,,,,,,月木,,,,,,,,,,,,,,火,,,,,,,,,,,,,,,,金,,,,,,,,,,,,,,,,,,,,,
東住吉区,田辺,4丁目,4番,上記以外,,,,,,月木,,,,,,,,,,,,,,,,火,,,,,,,,,,,,,,,,金,,,,,,,,,,,,,,,,,,,,,,,,,,,,
東住吉区,田辺,4丁目,5番,軽四輪車(小さい車)で収集している地域,,,,,,,,,,,,,,,月木,,,,,,,,,,,,,,火,,,,,,,,,,,,,,,,金,,,,,,,,,,,,,,,,,,,,,
東住吉区,田辺,4丁目,5番,上記以外,,,,,,月木,,,,,,,,,,,,,,,,火,,,,,,,,,,,,,,,,金,,,,,,,,,,,,,,,,,,,,,,,,,,,,
東住吉区,田辺,4丁目,6番,軽四輪車(小さい車)で収集している地域,,,,,,,,,,,,,,,月木,,,,,,,,,,,,,,火,,,,,,,,,,,,,,,,金,,,,,,,,,,,,,,,,,,,,,
東住吉区,田辺,4丁目,6番,上記以外,,,,,,月木,,,,,,,,,,,,,,,,火,,,,,,,,,,,,,,,,金,,,,,,,,,,,,,,,,,,,,,,,,,,,,
東住吉区,田辺,4丁目,7番,,,,,,,月木,,,,,,,,,,,,,,,,火,,,,,,,,,,,,,,,,金,,,,,,,,,,,,,,,,,,,,,,,,,,,,
東住吉区,田辺,4丁目,8番,,,,,,,月木,,,,,,,,,,,,,,,,火,,,,,,,,,,,,,,,,金,,,,,,,,,,,,,,,,,,,,,,,,,,,,
東住吉区,田辺,4丁目,9番,軽四輪車(小さい車)で収集している地域,,,,,,,,,,,,,,,月木,,,,,,,火,,,,,,,,,,,,,,,,金,,,,,,,,,,,,,,,,,,,,,,,,,,,,
東住吉区,田辺,4丁目,9番,上記以外,,,,,,月木,,,,,,,,,,,,,,,,火,,,,,,,,,,,,,,,,金,,,,,,,,,,,,,,,,,,,,,,,,,,,,
東住吉区,田辺,4丁目,10番,軽四輪車(小さい車)で収集している地域,,,,,,,,,,,,,,,月木,,,,,,,,,,,,,,火,,,,,,,,,,,,,,,,金,,,,,,,,,,,,,,,,,,,,,
東住吉区,田辺,4丁目,10番,上記以外,,,,,,月木,,,,,,,,,,,,,,,,火,,,,,,,,,,,,,,,,金,,,,,,,,,,,,,,,,,,,,,,,,,,,,
東住吉区,田辺,4丁目,11番,,,,,,,月木,,,,,,,,,,,,,,,,火,,,,,,,,,,,,,,,,金,,,,,,,,,,,,,,,,,,,,,,,,,,,,
東住吉区,田辺,4丁目,12番,,,,,,,月木,,,,,,,,,,,,,,,,,,,,,,,火,,,,,,,,,,,,,,,,金,,,,,,,,,,,,,,,,,,,,,
東住吉区,田辺,4丁目,13番,,,,,,,月木,,,,,,,,,,,,,,,,火,,,,,,,,,,,,,,,,金,,,,,,,,,,,,,,,,,,,,,,,,,,,,
東住吉区,田辺,4丁目,14番,,,,,,,月木,,,,,,,,,,,,,,,,火,,,,,,,,,,,,,,,,金,,,,,,,,,,,,,,,,,,,,,,,,,,,,
東住吉区,田辺,4丁目,15番,,,,,,,月木,,,,,,,,,,,,,,,,火,,,,,,,,,,,,,,,,金,,,,,,,,,,,,,,,,,,,,,,,,,,,,
東住吉区,田辺,4丁目,16番,軽四輪車(小さい車)で収集している地域,,,,,,,,,,,,,,,月木,,,,,,,,,,,,,,火,,,,,,,,,,,,,,,,金,,,,,,,,,,,,,,,,,,,,,
東住吉区,田辺,4丁目,16番,上記以外,,,,,,月木,,,,,,,,,,,,,,,,火,,,,,,,,,,,,,,,,金,,,,,,,,,,,,,,,,,,,,,,,,,,,,
東住吉区,田辺,4丁目,17番,軽四輪車(小さい車)で収集している地域,,,,,,,,,,,,,,,月木,,,,,,,,,,,,,,火,,,,,,,,,,,,,,,,金,,,,,,,,,,,,,,,,,,,,,
東住吉区,田辺,4丁目,17番,上記以外,,,,,,月木,,,,,,,,,,,,,,,,火,,,,,,,,,,,,,,,,金,,,,,,,,,,,,,,,,,,,,,,,,,,,,
東住吉区,田辺,4丁目,18番,軽四輪車(小さい車)で収集している地域,,,,,,,,,,,,,,,月木,,,,,,,,,,,,,,火,,,,,,,,,,,,,,,,金,,,,,,,,,,,,,,,,,,,,,
東住吉区,田辺,4丁目,18番,上記以外,,,,,,月木,,,,,,,,,,,,,,,,火,,,,,,,,,,,,,,,,金,,,,,,,,,,,,,,,,,,,,,,,,,,,,
東住吉区,田辺,4丁目,19番,,,,,,,月木,,,,,,,,,,,,,,,,火,,,,,,,,,,,,,,,,金,,,,,,,,,,,,,,,,,,,,,,,,,,,,
東住吉区,田辺,5丁目,1番,軽四輪車(小さい車)で収集している地域,,,,,,,,,,,,,,,月木,,,,,,,,,,,,,,火,,,,,,,,,,,,,,,,金,,,,,,,,,,,,,,,,,,,,,
東住吉区,田辺,5丁目,1番,上記以外,,,,,,月木,,,,,,,,,,,,,,,,,,,,,,,火,,,,,,,,,,,,,,,,金,,,,,,,,,,,,,,,,,,,,,
東住吉区,田辺,5丁目,2番,軽四輪車(小さい車)で収集している地域,,,,,,,,,,,,,,,月木,,,,,,,,,,,,,,火,,,,,,,,,,,,,,,,金,,,,,,,,,,,,,,,,,,,,,
東住吉区,田辺,5丁目,2番,上記以外,,,,,,月木,,,,,,,,,,,,,,,,,,,,,,,火,,,,,,,,,,,,,,,,金,,,,,,,,,,,,,,,,,,,,,
東住吉区,田辺,5丁目,3番,軽四輪車(小さい車)で収集している地域,,,,,,,,,,,,,,,月木,,,,,,,,,,,,,,火,,,,,,,,,,,,,,,,金,,,,,,,,,,,,,,,,,,,,,
東住吉区,田辺,5丁目,3番,上記以外,,,,,,月木,,,,,,,,,,,,,,,,,,,,,,,火,,,,,,,,,,,,,,,,金,,,,,,,,,,,,,,,,,,,,,
東住吉区,田辺,5丁目,4番,1~6･16号,,,,,,月木,,,,,,,,,,,,,,,,,,,,,,火,,,,,,,,,,,,,,,,金,,,,,,,,,,,,,,,,,,,,,,
東住吉区,田辺,5丁目,4番,7･8･10号,,,,,,月木,,,,,,,,,,,,,,,,,,,,,,火,,,,,,,,,,,,,,,,金,,,,,,,,,,,,,,,,,,,,,,
東住吉区,田辺,5丁目,5番,18~35号,,,,,,月木,,,,,,,,,,,,,,,,,,,,,,火,,,,,,,,,,,,,,,,金,,,,,,,,,,,,,,,,,,,,,,
東住吉区,田辺,5丁目,5番,上記以外,,,,,,月木,,,,,,,,,,,,,,,,,,,,,,火,,,,,,,,,,,,,,,,金,,,,,,,,,,,,,,,,,,,,,,
東住吉区,田辺,5丁目,6番,,,,,,,月木,,,,,,,,,,,,,,,,,,,,,,,火,,,,,,,,,,,,,,,,金,,,,,,,,,,,,,,,,,,,,,
東住吉区,田辺,5丁目,7番,,,,,,,月木,,,,,,,,,,,,,,,,,,,,,,,火,,,,,,,,,,,,,,,,金,,,,,,,,,,,,,,,,,,,,,
東住吉区,田辺,5丁目,8番,軽四輪車(小さい車)で収集している地域,,,,,,,,,,,,,,,月木,,,,,,,,,,,,,,火,,,,,,,,,,,,,,,,金,,,,,,,,,,,,,,,,,,,,,
東住吉区,田辺,5丁目,8番,上記以外,,,,,,月木,,,,,,,,,,,,,,,,,,,,,,,火,,,,,,,,,,,,,,,,金,,,,,,,,,,,,,,,,,,,,,
東住吉区,田辺,5丁目,9番,軽四輪車(小さい車)で収集している地域,,,,,,,,,,,,,,,月木,,,,,,,,,,,,,,火,,,,,,,,,,,,,,,,金,,,,,,,,,,,,,,,,,,,,,
東住吉区,田辺,5丁目,9番,上記以外,,,,,,月木,,,,,,,,,,,,,,,,,,,,,,,火,,,,,,,,,,,,,,,,金,,,,,,,,,,,,,,,,,,,,,
東住吉区,田辺,5丁目,10番,,,,,,,,,,,,,,,,月木,,,,,,,,,,,,,,火,,,,,,,,,,,,,,,,金,,,,,,,,,,,,,,,,,,,,,
東住吉区,田辺,5丁目,11番,,,,,,,,,,,,,,,,月木,,,,,,,,,,,,,,火,,,,,,,,,,,,,,,,金,,,,,,,,,,,,,,,,,,,,,
東住吉区,田辺,5丁目,12番,,,,,,,,,,,,,,,,月木,,,,,,,,,,,,,,火,,,,,,,,,,,,,,,,金,,,,,,,,,,,,,,,,,,,,,
東住吉区,田辺,5丁目,13番,軽四輪車(小さい車)で収集している地域,,,,,,,,,,,,,,,月木,,,,,,,,,,,,,,火,,,,,,,,,,,,,,,,金,,,,,,,,,,,,,,,,,,,,,
東住吉区,田辺,5丁目,13番,上記以外,,,,,,月木,,,,,,,,,,,,,,,,,,,,,,,火,,,,,,,,,,,,,,,,金,,,,,,,,,,,,,,,,,,,,,
東住吉区,田辺,5丁目,14番,,,,,,,月木,,,,,,,,,,,,,,,,,,,,,,,火,,,,,,,,,,,,,,,,金,,,,,,,,,,,,,,,,,,,,,
東住吉区,田辺,5丁目,15番,軽四輪車(小さい車)で収集している地域,,,,,,,,,,,,,,,月木,,,,,,,,,,,,,,火,,,,,,,,,,,,,,,,金,,,,,,,,,,,,,,,,,,,,,
東住吉区,田辺,5丁目,15番,上記以外,,,,,,月木,,,,,,,,,,,,,,,,,,,,,,,火,,,,,,,,,,,,,,,,金,,,,,,,,,,,,,,,,,,,,,
東住吉区,田辺,6丁目,1番,軽四輪車(小さい車)で収集している地域,,,,,,,,,,,,,,,月木,,,,,,,,,,,,,,火,,,,,,,,,,,,,,,,金,,,,,,,,,,,,,,,,,,,,,
東住吉区,田辺,6丁目,1番,上記以外,,,,,,月木,,,,,,,,,,,,,,,,,,,,,,,火,,,,,,,,,,,,,,,,金,,,,,,,,,,,,,,,,,,,,,
東住吉区,田辺,6丁目,2番,軽四輪車(小さい車)で収集している地域,,,,,,,,,,,,,,,月木,,,,,,,,,,,,,,火,,,,,,,,,,,,,,,,金,,,,,,,,,,,,,,,,,,,,,
東住吉区,田辺,6丁目,2番,上記以外,,,,,,月木,,,,,,,,,,,,,,,,,,,,,,,火,,,,,,,,,,,,,,,,金,,,,,,,,,,,,,,,,,,,,,
東住吉区,田辺,6丁目,3番,,,,,,,月木,,,,,,,,,,,,,,,,,,,,,,,火,,,,,,,,,,,,,,,,金,,,,,,,,,,,,,,,,,,,,,
東住吉区,田辺,6丁目,4番,軽四輪車(小さい車)で収集している地域,,,,,,,,,,,,,,,月木,,,,,,,,,,,,,,火,,,,,,,,,,,,,,,,金,,,,,,,,,,,,,,,,,,,,,
東住吉区,田辺,6丁目,4番,上記以外,,,,,,月木,,,,,,,,,,,,,,,,,,,,,,,火,,,,,,,,,,,,,,,,金,,,,,,,,,,,,,,,,,,,,,
東住吉区,田辺,6丁目,5番,軽四輪車(小さい車)で収集している地域,,,,,,,,,,,,,,,月木,,,,,,,,,,,,,,火,,,,,,,,,,,,,,,,金,,,,,,,,,,,,,,,,,,,,,
東住吉区,田辺,6丁目,5番,上記以外,,,,,,月木,,,,,,,,,,,,,,,,,,,,,,,火,,,,,,,,,,,,,,,,金,,,,,,,,,,,,,,,,,,,,,
東住吉区,田辺,6丁目,6番,軽四輪車(小さい車)で収集している地域,,,,,,,,,,,,,,,月木,,,,,,,,,,,,,,火,,,,,,,,,,,,,,,,金,,,,,,,,,,,,,,,,,,,,,
東住吉区,田辺,6丁目,6番,上記以外,,,,,,月木,,,,,,,,,,,,,,,,,,,,,,,火,,,,,,,,,,,,,,,,金,,,,,,,,,,,,,,,,,,,,,
東住吉区,田辺,6丁目,7番,軽四輪車(小さい車)で収集している地域,,,,,,,,,,,,,,,月木,,,,,,,,,,,,,,火,,,,,,,,,,,,,,,,金,,,,,,,,,,,,,,,,,,,,,
東住吉区,田辺,6丁目,7番,上記以外,,,,,,月木,,,,,,,,,,,,,,,,,,,,,,,火,,,,,,,,,,,,,,,,金,,,,,,,,,,,,,,,,,,,,,
東住吉区,田辺,6丁目,8番,軽四輪車(小さい車)で収集している地域,,,,,,,,,,,,,,,月木,,,,,,,,,,,,,,火,,,,,,,,,,,,,,,,金,,,,,,,,,,,,,,,,,,,,,
東住吉区,田辺,6丁目,8番,上記以外,,,,,,月木,,,,,,,,,,,,,,,,,,,,,,,火,,,,,,,,,,,,,,,,金,,,,,,,,,,,,,,,,,,,,,
東住吉区,田辺,6丁目,9番,,,,,,,月木,,,,,,,,,,,,,,,,,,,,,,,火,,,,,,,,,,,,,,,,金,,,,,,,,,,,,,,,,,,,,,
東住吉区,田辺,6丁目,10番,軽四輪車(小さい車)で収集している地域,,,,,,,,,,,,,,,月木,,,,,,,,,,,,,,火,,,,,,,,,,,,,,,,金,,,,,,,,,,,,,,,,,,,,,
東住吉区,田辺,6丁目,10番,上記以外,,,,,,月木,,,,,,,,,,,,,,,,,,,,,,,火,,,,,,,,,,,,,,,,金,,,,,,,,,,,,,,,,,,,,,
東住吉区,田辺,6丁目,11番,軽四輪車(小さい車)で収集している地域,,,,,,,,,,,,,,,月木,,,,,,,,,,,,,,火,,,,,,,,,,,,,,,,金,,,,,,,,,,,,,,,,,,,,,
東住吉区,田辺,6丁目,11番,上記以外,,,,,,月木,,,,,,,,,,,,,,,,,,,,,,,火,,,,,,,,,,,,,,,,金,,,,,,,,,,,,,,,,,,,,,
東住吉区,田辺,6丁目,12番,,,,,,,月木,,,,,,,,,,,,,,,,,,,,,,,火,,,,,,,,,,,,,,,,金,,,,,,,,,,,,,,,,,,,,,
東住吉区,照ケ丘矢田,1丁目,1番,,,,,,,,,,,,,,,,火金,,,,,,,,,,,,,,,,月,,,,,,,,,,,,,,,,木,,,,,,水,,,,,,,,,,,,,
東住吉区,照ケ丘矢田,1丁目,2番,,,,,,,,,,,,,,,,火金,,,,,,,,,,,,,,,,月,,,,,,,,,,,,,,,,木,,,,,,水,,,,,,,,,,,,,
東住吉区,照ケ丘矢田,1丁目,3番,,,,,,,,,,,,,,,,火金,,,,,,,,,,,,,,,,月,,,,,,,,,,,,,,,,木,,,,,,水,,,,,,,,,,,,,
東住吉区,照ケ丘矢田,1丁目,4番,,,,,,,,,,,,,,,,火金,,,,,,,,,,,,,,,,月,,,,,,,,,,,,,,,,木,,,,,,水,,,,,,,,,,,,,
東住吉区,照ケ丘矢田,1丁目,5番,,,,,,,,,,,,,,,,火金,,,,,,,,,,,,,,,,月,,,,,,,,,,,,,,,,木,,,,,,水,,,,,,,,,,,,,
東住吉区,照ケ丘矢田,1丁目,6番,,,,,,,,,,,,,,,,火金,,,,,,,,,,,,,,,,月,,,,,,,,,,,,,,,,木,,,,,,水,,,,,,,,,,,,,
東住吉区,照ケ丘矢田,1丁目,7番,,,,,,,,,,,,,,,,火金,,,,,,,,,,,,,,,,月,,,,,,,,,,,,,,,,木,,,,,,水,,,,,,,,,,,,,
東住吉区,照ケ丘矢田,1丁目,8番,軽四輪車(小さい車)で収集している地域,,,,,,火金,,,,,,,,,,,,,,,,月,,,,,,,,,,,,,,,,木,,,,,,,,,,,,,,,水,,,,,,,,,,,,,
東住吉区,照ケ丘矢田,1丁目,8番,上記以外,,,,,,,,,,,,,,,火金,,,,,,,,,,,,,,,,月,,,,,,,,,,,,,,,,木,,,,,,水,,,,,,,,,,,,,
東住吉区,照ケ丘矢田,1丁目,9番,,,,,,,,,,,,,,,,火金,,,,,,,,,,,,,,,,月,,,,,,,,,,,,,,,,木,,,,,,水,,,,,,,,,,,,,
東住吉区,照ケ丘矢田,1丁目,10番,,,,,,,,,,,,,,,,火金,,,,,,,,,,,,,,,,月,,,,,,,,,,,,,,,,木,,,,,,水,,,,,,,,,,,,,
東住吉区,照ケ丘矢田,1丁目,11番,,,,,,,,,,,,,,,,火金,,,,,,,,,,,,,,,,月,,,,,,,,,,,,,,,,木,,,,,,水,,,,,,,,,,,,,
東住吉区,照ケ丘矢田,1丁目,12番,,,,,,,,,,,,,,,,火金,,,,,,,,,,,,,,,,月,,,,,,,,,,,,,,,,木,,,,,,水,,,,,,,,,,,,,
東住吉区,照ケ丘矢田,1丁目,13番,,,,,,,,,,,,,,,,火金,,,,,,,,,,,,,,,,月,,,,,,,,,,,,,,,,木,,,,,,水,,,,,,,,,,,,,
東住吉区,照ケ丘矢田,1丁目,14番,,,,,,,,,,,,,,,,火金,,,,,,,,,,,,,,,,月,,,,,,,,,,,,,,,,木,,,,,,水,,,,,,,,,,,,,
東住吉区,照ケ丘矢田,1丁目,15番,,,,,,,,,,,,,,,,火金,,,,,,,,,,,,,,,,月,,,,,,,,,,,,,,,,木,,,,,,水,,,,,,,,,,,,,
東住吉区,照ケ丘矢田,1丁目,16番,,,,,,,,,,,,,,,,火金,,,,,,,,,,,,,,,,月,,,,,,,,,,,,,,,,木,,,,,,水,,,,,,,,,,,,,
東住吉区,照ケ丘矢田,1丁目,17番,,,,,,,,,,,,,,,,火金,,,,,,,,,,,,,,,,月,,,,,,,,,,,,,,,,木,,,,,,水,,,,,,,,,,,,,
東住吉区,照ケ丘矢田,1丁目,18番,,,,,,,,,,,,,,,,火金,,,,,,,,,,,,,,,,月,,,,,,,,,,,,,,,,木,,,,,,水,,,,,,,,,,,,,
東住吉区,照ケ丘矢田,1丁目,19番,,,,,,,,,,,,,,,,火金,,,,,,,,,,,,,,,,月,,,,,,,,,,,,,,,,木,,,,,,水,,,,,,,,,,,,,
東住吉区,照ケ丘矢田,1丁目,20番,,,,,,,,,,,,,,,,火金,,,,,,,,,,,,,,,,月,,,,,,,,,,,,,,,,木,,,,,,水,,,,,,,,,,,,,
東住吉区,照ケ丘矢田,1丁目,21番,,,,,,,,,,,,,,,,火金,,,,,,,,,,,,,,,,月,,,,,,,,,,,,,,,,木,,,,,,水,,,,,,,,,,,,,
東住吉区,照ケ丘矢田,1丁目,22番,,,,,,,,,,,,,,,,火金,,,,,,,,,,,,,,,,月,,,,,,,,,,,,,,,,木,,,,,,水,,,,,,,,,,,,,
東住吉区,照ケ丘矢田,1丁目,23番,,,,,,,,,,,,,,,,火金,,,,,,,,,,,,,,,,月,,,,,,,,,,,,,,,,木,,,,,,水,,,,,,,,,,,,,
東住吉区,照ケ丘矢田,2丁目,1番,,,,,,,,,,,,,,,,火金,,,,,,,,,,,,,,,,月,,,,,,,,,,,,,,,,木,,,,,,水,,,,,,,,,,,,,
東住吉区,照ケ丘矢田,2丁目,2番,,,,,,,,,,,,,,,,火金,,,,,,,,,,,,,,,,月,,,,,,,,,,,,,,,,木,,,,,,水,,,,,,,,,,,,,
東住吉区,照ケ丘矢田,2丁目,3番,,,,,,,,,,,,,,,,火金,,,,,,,,,,,,,,,,月,,,,,,,,,,,,,,,,木,,,,,,水,,,,,,,,,,,,,
東住吉区,照ケ丘矢田,2丁目,4番,,,,,,,,,,,,,,,,火金,,,,,,,,,,,,,,,,月,,,,,,,,,,,,,,,,木,,,,,,水,,,,,,,,,,,,,
東住吉区,照ケ丘矢田,2丁目,5番,,,,,,,,,,,,,,,,火金,,,,,,,,,,,,,,,,月,,,,,,,,,,,,,,,,木,,,,,,水,,,,,,,,,,,,,
東住吉区,照ケ丘矢田,2丁目,6番,,,,,,,,,,,,,,,,火金,,,,,,,,,,,,,,,,月,,,,,,,,,,,,,,,,木,,,,,,水,,,,,,,,,,,,,
東住吉区,照ケ丘矢田,2丁目,7番,,,,,,,,,,,,,,,,火金,,,,,,,,,,,,,,,,月,,,,,,,,,,,,,,,,木,,,,,,水,,,,,,,,,,,,,
東住吉区,照ケ丘矢田,2丁目,8番,,,,,,,,,,,,,,,,火金,,,,,,,,,,,,,,,,月,,,,,,,,,,,,,,,,木,,,,,,水,,,,,,,,,,,,,
東住吉区,照ケ丘矢田,2丁目,9番,,,,,,,,,,,,,,,,火金,,,,,,,,,,,,,,,,月,,,,,,,,,,,,,,,,木,,,,,,水,,,,,,,,,,,,,
東住吉区,照ケ丘矢田,2丁目,10番,,,,,,,,,,,,,,,,火金,,,,,,,,,,,,,,,,月,,,,,,,,,,,,,,,,木,,,,,,水,,,,,,,,,,,,,
東住吉区,照ケ丘矢田,2丁目,11番,,,,,,,,,,,,,,,,火金,,,,,,,,,,,,,,,,月,,,,,,,,,,,,,,,,木,,,,,,水,,,,,,,,,,,,,
東住吉区,照ケ丘矢田,2丁目,12番,,,,,,,,,,,,,,,,火金,,,,,,,,,,,,,,,,月,,,,,,,,,,,,,,,,木,,,,,,水,,,,,,,,,,,,,
東住吉区,照ケ丘矢田,2丁目,13番,,,,,,,,,,,,,,,,火金,,,,,,,,,,,,,,,,月,,,,,,,,,,,,,,,,木,,,,,,水,,,,,,,,,,,,,
東住吉区,照ケ丘矢田,2丁目,14番,,,,,,,,,,,,,,,,火金,,,,,,,,,,,,,,,,月,,,,,,,,,,,,,,,,木,,,,,,水,,,,,,,,,,,,,
東住吉区,照ケ丘矢田,2丁目,15番,,,,,,,,,,,,,,,,火金,,,,,,,,,,,,,,,,月,,,,,,,,,,,,,,,,木,,,,,,水,,,,,,,,,,,,,
東住吉区,照ケ丘矢田,2丁目,16番,,,,,,,,,,,,,,,,火金,,,,,,,,,,,,,,,,月,,,,,,,,,,,,,,,,木,,,,,,水,,,,,,,,,,,,,
東住吉区,照ケ丘矢田,2丁目,17番,,,,,,,,,,,,,,,,火金,,,,,,,,,,,,,,,,月,,,,,,,,,,,,,,,,木,,,,,,水,,,,,,,,,,,,,
東住吉区,照ケ丘矢田,2丁目,18番,,,,,,,,,,,,,,,,火金,,,,,,,,,,,,,,,,月,,,,,,,,,,,,,,,,木,,,,,,水,,,,,,,,,,,,,
東住吉区,照ケ丘矢田,2丁目,19番,,,,,,,,,,,,,,,,火金,,,,,,,,,,,,,,,,月,,,,,,,,,,,,,,,,木,,,,,,水,,,,,,,,,,,,,
東住吉区,照ケ丘矢田,2丁目,20番,,,,,,,,,,,,,,,,火金,,,,,,,,,,,,,,,,月,,,,,,,,,,,,,,,,木,,,,,,水,,,,,,,,,,,,,
東住吉区,照ケ丘矢田,2丁目,21番,,,,,,,,,,,,,,,,火金,,,,,,,,,,,,,,,,月,,,,,,,,,,,,,,,,木,,,,,,水,,,,,,,,,,,,,
東住吉区,照ケ丘矢田,2丁目,22番,,,,,,,,,,,,,,,,火金,,,,,,,,,,,,,,,,月,,,,,,,,,,,,,,,,木,,,,,,水,,,,,,,,,,,,,
東住吉区,照ケ丘矢田,2丁目,23番,,,,,,,,,,,,,,,,火金,,,,,,,,,,,,,,,,月,,,,,,,,,,,,,,,,木,,,,,,水,,,,,,,,,,,,,
東住吉区,照ケ丘矢田,3丁目,1番,軽四輪車(小さい車)で収集している地域,,,,,,火金,,,,,,,,,,,,,,,,月,,,,,,,,,,,,,,,,木,,,,,,,,,,,,,,,水,,,,,,,,,,,,,
東住吉区,照ケ丘矢田,3丁目,1番,上記以外,,,,,,,,,,,,,,,火金,,,,,,,,,,,,,,,,月,,,,,,,,,,,,,,,,木,,,,,,水,,,,,,,,,,,,,
東住吉区,照ケ丘矢田,3丁目,2番,軽四輪車(小さい車)で収集している地域,,,,,,火金,,,,,,,,,,,,,,,,月,,,,,,,,,,,,,,,,木,,,,,,,,,,,,,,,水,,,,,,,,,,,,,
東住吉区,照ケ丘矢田,3丁目,2番,上記以外,,,,,,,,,,,,,,,火金,,,,,,,,,,,,,,,,月,,,,,,,,,,,,,,,,木,,,,,,水,,,,,,,,,,,,,
東住吉区,照ケ丘矢田,3丁目,3番,軽四輪車(小さい車)で収集している地域,,,,,,火金,,,,,,,,,,,,,,,,月,,,,,,,,,,,,,,,,木,,,,,,,,,,,,,,,水,,,,,,,,,,,,,
東住吉区,照ケ丘矢田,3丁目,3番,上記以外,,,,,,,,,,,,,,,火金,,,,,,,,,,,,,,,,月,,,,,,,,,,,,,,,,木,,,,,,水,,,,,,,,,,,,,
東住吉区,照ケ丘矢田,3丁目,4番,軽四輪車(小さい車)で収集している地域,,,,,,火金,,,,,,,,,,,,,,,,月,,,,,,,,,,,,,,,,木,,,,,,,,,,,,,,,水,,,,,,,,,,,,,
東住吉区,照ケ丘矢田,3丁目,4番,上記以外,,,,,,,,,,,,,,,火金,,,,,,,,,,,,,,,,月,,,,,,,,,,,,,,,,木,,,,,,水,,,,,,,,,,,,,
東住吉区,照ケ丘矢田,3丁目,5番,軽四輪車(小さい車)で収集している地域,,,,,,火金,,,,,,,,,,,,,,,,月,,,,,,,,,,,,,,,,木,,,,,,,,,,,,,,,水,,,,,,,,,,,,,
東住吉区,照ケ丘矢田,3丁目,5番,上記以外,,,,,,,,,,,,,,,火金,,,,,,,,,,,,,,,,月,,,,,,,,,,,,,,,,木,,,,,,水,,,,,,,,,,,,,
東住吉区,照ケ丘矢田,3丁目,6番,軽四輪車(小さい車)で収集している地域,,,,,,火金,,,,,,,,,,,,,,,,月,,,,,,,,,,,,,,,,木,,,,,,,,,,,,,,,水,,,,,,,,,,,,,
東住吉区,照ケ丘矢田,3丁目,6番,上記以外,,,,,,,,,,,,,,,火金,,,,,,,,,,,,,,,,月,,,,,,,,,,,,,,,,木,,,,,,水,,,,,,,,,,,,,
東住吉区,照ケ丘矢田,3丁目,7番,軽四輪車(小さい車)で収集している地域,,,,,,火金,,,,,,,,,,,,,,,,月,,,,,,,,,,,,,,,,木,,,,,,,,,,,,,,,水,,,,,,,,,,,,,
東住吉区,照ケ丘矢田,3丁目,7番,上記以外,,,,,,,,,,,,,,,火金,,,,,,,,,,,,,,,,月,,,,,,,,,,,,,,,,木,,,,,,水,,,,,,,,,,,,,
東住吉区,照ケ丘矢田,3丁目,8番,軽四輪車(小さい車)で収集している地域,,,,,,火金,,,,,,,,,,,,,,,,月,,,,,,,,,,,,,,,,木,,,,,,,,,,,,,,,水,,,,,,,,,,,,,
東住吉区,照ケ丘矢田,3丁目,8番,上記以外,,,,,,,,,,,,,,,火金,,,,,,,,,,,,,,,,月,,,,,,,,,,,,,,,,木,,,,,,水,,,,,,,,,,,,,
東住吉区,照ケ丘矢田,3丁目,9番,,,,,,,,,,,,,,,,火金,,,,,,,,,,,,,,,,月,,,,,,,,,,,,,,,,木,,,,,,水,,,,,,,,,,,,,
東住吉区,照ケ丘矢田,3丁目,10番,,,,,,,,,,,,,,,,火金,,,,,,,,,,,,,,,,月,,,,,,,,,,,,,,,,木,,,,,,水,,,,,,,,,,,,,
東住吉区,照ケ丘矢田,3丁目,11番,,,,,,,,,,,,,,,,火金,,,,,,,,,,,,,,,,月,,,,,,,,,,,,,,,,木,,,,,,水,,,,,,,,,,,,,
東住吉区,照ケ丘矢田,3丁目,12番,,,,,,,,,,,,,,,,火金,,,,,,,,,,,,,,,,月,,,,,,,,,,,,,,,,木,,,,,,水,,,,,,,,,,,,,
東住吉区,照ケ丘矢田,3丁目,13番,,,,,,,,,,,,,,,,火金,,,,,,,,,,,,,,,,月,,,,,,,,,,,,,,,,木,,,,,,水,,,,,,,,,,,,,
東住吉区,照ケ丘矢田,3丁目,14番,,,,,,,,,,,,,,,,火金,,,,,,,,,,,,,,,,月,,,,,,,,,,,,,,,,木,,,,,,水,,,,,,,,,,,,,
東住吉区,照ケ丘矢田,3丁目,15番,,,,,,,,,,,,,,,,火金,,,,,,,,,,,,,,,,月,,,,,,,,,,,,,,,,木,,,,,,水,,,,,,,,,,,,,
東住吉区,照ケ丘矢田,3丁目,16番,,,,,,,,,,,,,,,,火金,,,,,,,,,,,,,,,,月,,,,,,,,,,,,,,,,木,,,,,,水,,,,,,,,,,,,,
東住吉区,照ケ丘矢田,3丁目,17番,,,,,,,,,,,,,,,,火金,,,,,,,,,,,,,,,,月,,,,,,,,,,,,,,,,木,,,,,,水,,,,,,,,,,,,,
東住吉区,照ケ丘矢田,3丁目,18番,,,,,,,,,,,,,,,,火金,,,,,,,,,,,,,,,,月,,,,,,,,,,,,,,,,木,,,,,,水,,,,,,,,,,,,,
東住吉区,照ケ丘矢田,3丁目,19番,,,,,,,,,,,,,,,,火金,,,,,,,,,,,,,,,,月,,,,,,,,,,,,,,,,木,,,,,,水,,,,,,,,,,,,,
東住吉区,照ケ丘矢田,3丁目,20番,,,,,,,,,,,,,,,,火金,,,,,,,,,,,,,,,,月,,,,,,,,,,,,,,,,木,,,,,,水,,,,,,,,,,,,,
東住吉区,照ケ丘矢田,3丁目,21番,,,,,,,,,,,,,,,,火金,,,,,,,,,,,,,,,,月,,,,,,,,,,,,,,,,木,,,,,,水,,,,,,,,,,,,,
東住吉区,照ケ丘矢田,3丁目,22番,,,,,,,,,,,,,,,,火金,,,,,,,,,,,,,,,,月,,,,,,,,,,,,,,,,木,,,,,,水,,,,,,,,,,,,,
東住吉区,照ケ丘矢田,4丁目,1番,,,,,,,,,,,,,,,,火金,,,,,,,,,,,,,,,,月,,,,,,,,,,,,,,,,木,,,,,,水,,,,,,,,,,,,,
東住吉区,照ケ丘矢田,4丁目,2番,,,,,,,,,,,,,,,,火金,,,,,,,,,,,,,,,,月,,,,,,,,,,,,,,,,木,,,,,,水,,,,,,,,,,,,,
東住吉区,照ケ丘矢田,4丁目,3番,,,,,,,,,,,,,,,,火金,,,,,,,,,,,,,,,,月,,,,,,,,,,,,,,,,木,,,,,,水,,,,,,,,,,,,,
東住吉区,照ケ丘矢田,4丁目,4番,,,,,,,,,,,,,,,,火金,,,,,,,,,,,,,,,,月,,,,,,,,,,,,,,,,木,,,,,,水,,,,,,,,,,,,,
東住吉区,照ケ丘矢田,4丁目,5番,,,,,,,,,,,,,,,,火金,,,,,,,,,,,,,,,,月,,,,,,,,,,,,,,,,木,,,,,,水,,,,,,,,,,,,,
東住吉区,照ケ丘矢田,4丁目,6番,,,,,,,,,,,,,,,,火金,,,,,,,,,,,,,,,,月,,,,,,,,,,,,,,,,木,,,,,,水,,,,,,,,,,,,,
東住吉区,照ケ丘矢田,4丁目,7番,,,,,,,,,,,,,,,,火金,,,,,,,,,,,,,,,,月,,,,,,,,,,,,,,,,木,,,,,,水,,,,,,,,,,,,,
東住吉区,照ケ丘矢田,4丁目,8番,,,,,,,,,,,,,,,,火金,,,,,,,,,,,,,,,,月,,,,,,,,,,,,,,,,木,,,,,,水,,,,,,,,,,,,,
東住吉区,照ケ丘矢田,4丁目,9番,,,,,,,,,,,,,,,,火金,,,,,,,,,,,,,,,,月,,,,,,,,,,,,,,,,木,,,,,,水,,,,,,,,,,,,,
東住吉区,照ケ丘矢田,4丁目,10番,,,,,,,,,,,,,,,,火金,,,,,,,,,,,,,,,,月,,,,,,,,,,,,,,,,木,,,,,,水,,,,,,,,,,,,,
東住吉区,照ケ丘矢田,4丁目,11番,,,,,,,,,,,,,,,,火金,,,,,,,,,,,,,,,,月,,,,,,,,,,,,,,,,木,,,,,,水,,,,,,,,,,,,,
東住吉区,照ケ丘矢田,4丁目,12番,,,,,,,,,,,,,,,,火金,,,,,,,,,,,,,,,,月,,,,,,,,,,,,,,,,木,,,,,,水,,,,,,,,,,,,,
東住吉区,照ケ丘矢田,4丁目,13番,,,,,,,,,,,,,,,,火金,,,,,,,,,,,,,,,,月,,,,,,,,,,,,,,,,木,,,,,,水,,,,,,,,,,,,,
東住吉区,照ケ丘矢田,4丁目,14番,,,,,,,,,,,,,,,,火金,,,,,,,,,,,,,,,月,,,,,,,,,,,,,,,,木,,,,,,,水,,,,,,,,,,,,,
東住吉区,照ケ丘矢田,4丁目,15番,,,,,,,,,,,,,,,,火金,,,,,,,,,,,,,,,月,,,,,,,,,,,,,,,,木,,,,,,,水,,,,,,,,,,,,,
東住吉区,照ケ丘矢田,4丁目,16番,,,,,,,,,,,,,,,,火金,,,,,,,,,,,,,,,月,,,,,,,,,,,,,,,,木,,,,,,,水,,,,,,,,,,,,,
東住吉区,中野,1丁目,1番,,,,,,,,,,,,,,,,月木,,,,,,,,,,,,,,,水,,,,,,,,,,,,,,,,土,,,,,,,木,,,,,,,,,,,,,
東住吉区,中野,1丁目,2番,,,,,,,,,,,,,,,,月木,,,,,,,,,,,,,,,水,,,,,,,,,,,,,,,,土,,,,,,,木,,,,,,,,,,,,,
東住吉区,中野,1丁目,3番,,,,,,,,,,,,,,,,月木,,,,,,,,,,,,,,,水,,,,,,,,,,,,,,,,土,,,,,,,木,,,,,,,,,,,,,
東住吉区,中野,1丁目,4番,,,,,,,,,,,,,,,,月木,,,,,,,,,,,,,,,水,,,,,,,,,,,,,,,,土,,,,,,,木,,,,,,,,,,,,,
東住吉区,中野,1丁目,5番,,,,,,,,,,,,,,,,月木,,,,,,,,,,,,,,,水,,,,,,,,,,,,,,,,土,,,,,,,木,,,,,,,,,,,,,
東住吉区,中野,1丁目,6番,,,,,,,,,,,,,,,,月木,,,,,,,,,,,,,,,水,,,,,,,,,,,,,,,,土,,,,,,,木,,,,,,,,,,,,,
東住吉区,中野,1丁目,7番,,,,,,,,,,,,,,,,月木,,,,,,,,,,,,,,,水,,,,,,,,,,,,,,,,土,,,,,,,木,,,,,,,,,,,,,
東住吉区,中野,1丁目,8番,,,,,,,,,,,,,,,,月木,,,,,,,,,,,,,,,水,,,,,,,,,,,,,,,,土,,,,,,,木,,,,,,,,,,,,,
東住吉区,中野,1丁目,9番,,,,,,,,,,,,,,,,月木,,,,,,,,,,,,,,,水,,,,,,,,,,,,,,,,土,,,,,,,木,,,,,,,,,,,,,
東住吉区,中野,1丁目,10番,,,,,,,,,,,,,,,,月木,,,,,,,,,,,,,,,水,,,,,,,,,,,,,,,,土,,,,,,,木,,,,,,,,,,,,,
東住吉区,中野,1丁目,11番,,,,,,,,,,,,,,,,月木,,,,,,,,,,,,,,,水,,,,,,,,,,,,,,,,土,,,,,,,木,,,,,,,,,,,,,
東住吉区,中野,1丁目,12番,,,,,,,,,,,,,,,,月木,,,,,,,,,,,,,,,水,,,,,,,,,,,,,,,,土,,,,,,,木,,,,,,,,,,,,,
東住吉区,中野,1丁目,13番,,,,,,,,,,,,,,,,月木,,,,,,,,,,,,,,,水,,,,,,,,,,,,,,,,土,,,,,,,木,,,,,,,,,,,,,
東住吉区,中野,1丁目,14番,,,,,,,,,,,,,,,,月木,,,,,,,,,,,,,,,水,,,,,,,,,,,,,,,,土,,,,,,,木,,,,,,,,,,,,,
東住吉区,中野,1丁目,15番,,,,,,,,,,,,,,,,月木,,,,,,,,,,,,,,,水,,,,,,,,,,,,,,,,土,,,,,,,木,,,,,,,,,,,,,
東住吉区,中野,2丁目,1番,,,,,,,月木,,,,,,,,,,,,,,,,,,,,,,,,水,,,,,,,,,,,,,,,,土,,,,,,,木,,,,,,,,,,,,,
東住吉区,中野,2丁目,2番,,,,,,,月木,,,,,,,,,,,,,,,,,,,,,,,,水,,,,,,,,,,,,,,,,土,,,,,,,木,,,,,,,,,,,,,
東住吉区,中野,2丁目,3番,,,,,,,月木,,,,,,,,,,,,,,,,,,,,,,,,水,,,,,,,,,,,,,,,,土,,,,,,,木,,,,,,,,,,,,,
東住吉区,中野,2丁目,4番,,,,,,,月木,,,,,,,,,,,,,,,,,,,,,,,,水,,,,,,,,,,,,,,,,土,,,,,,,木,,,,,,,,,,,,,
東住吉区,中野,2丁目,5番,,,,,,,月木,,,,,,,,,,,,,,,,,,,,,,,,水,,,,,,,,,,,,,,,,土,,,,,,,木,,,,,,,,,,,,,
東住吉区,中野,2丁目,6番,,,,,,,月木,,,,,,,,,,,,,,,,,,,,,,,,水,,,,,,,,,,,,,,,,土,,,,,,,木,,,,,,,,,,,,,
東住吉区,中野,2丁目,7番,,,,,,,月木,,,,,,,,,,,,,,,,,,,,,,,,水,,,,,,,,,,,,,,,,土,,,,,,,木,,,,,,,,,,,,,
東住吉区,中野,2丁目,8番,,,,,,,月木,,,,,,,,,,,,,,,,,,,,,,,,水,,,,,,,,,,,,,,,,土,,,,,,,木,,,,,,,,,,,,,
東住吉区,中野,3丁目,1番,,,,,,,火金,,,,,,,,,,,,,,,,,,,,,,,,月,,,,,,,,,,,,,,,,木,,,,,,土,,,,,,,,,,,,,,
東住吉区,中野,3丁目,2番,,,,,,,,,,,,,,,,火金,,,,,,,,,,,,,,,月,,,,,,,,,,,,,,,,木,,,,,,土,,,,,,,,,,,,,,
東住吉区,中野,3丁目,3番,,,,,,,火金,,,,,,,,,,,,,,,,,,,,,,,,月,,,,,,,,,,,,,,,,木,,,,,,土,,,,,,,,,,,,,,
東住吉区,中野,3丁目,4番,,,,,,,火金,,,,,,,,,,,,,,,,,,,,,,,,月,,,,,,,,,,,,,,,,木,,,,,,土,,,,,,,,,,,,,,
東住吉区,中野,3丁目,5番,,,,,,,火金,,,,,,,,,,,,,,,,,,,,,,,,月,,,,,,,,,,,,,,,,木,,,,,,土,,,,,,,,,,,,,,
東住吉区,中野,3丁目,6番,,,,,,,火金,,,,,,,,,,,,,,,,,,,,,,,,月,,,,,,,,,,,,,,,,木,,,,,,土,,,,,,,,,,,,,,
東住吉区,中野,3丁目,8番,軽四輪車(小さい車)で収集している地域,,,,,,,,,,,,,,,火金,,,,,,,,,,,,,,,月,,,,,,,,,,,,,,,,木,,,,,,土,,,,,,,,,,,,,,
東住吉区,中野,3丁目,8番,上記以外,,,,,,火金,,,,,,,,,,,,,,,,,,,,,,,,月,,,,,,,,,,,,,,,,木,,,,,,土,,,,,,,,,,,,,,
東住吉区,中野,3丁目,9番,,,,,,,火金,,,,,,,,,,,,,,,,,,,,,,,,月,,,,,,,,,,,,,,,,木,,,,,,土,,,,,,,,,,,,,,
東住吉区,中野,3丁目,10番,,,,,,,火金,,,,,,,,,,,,,,,,,,,,,,,,月,,,,,,,,,,,,,,,,木,,,,,,土,,,,,,,,,,,,,,
東住吉区,中野,3丁目,11番,,,,,,,火金,,,,,,,,,,,,,,,,,,,,,,,,月,,,,,,,,,,,,,,,,木,,,,,,土,,,,,,,,,,,,,,
東住吉区,中野,3丁目,12番,,,,,,,火金,,,,,,,,,,,,,,,,,,,,,,,,月,,,,,,,,,,,,,,,,木,,,,,,土,,,,,,,,,,,,,,
東住吉区,中野,4丁目,1番,,,,,,,火金,,,,,,,,,,,,,,,,月,,,,,,,,,,,,,,,,木,,,,,,,,,,,,,,,月,,,,,,,,,,,,,
東住吉区,中野,4丁目,2番,,,,,,,,,,,,,,,,火金,,,,,,,月,,,,,,,,,,,,,,,,木,,,,,,,,,,,,,,,月,,,,,,,,,,,,,
東住吉区,中野,4丁目,3番,,,,,,,,,,,,,,,,火金,,,,,,,月,,,,,,,,,,,,,,,,木,,,,,,,,,,,,,,,月,,,,,,,,,,,,,
東住吉区,中野,4丁目,4番,,,,,,,火金,,,,,,,,,,,,,,,,月,,,,,,,,,,,,,,,,木,,,,,,,,,,,,,,,月,,,,,,,,,,,,,
東住吉区,中野,4丁目,5番,,,,,,,火金,,,,,,,,,,,,,,,,月,,,,,,,,,,,,,,,,木,,,,,,,,,,,,,,,月,,,,,,,,,,,,,
東住吉区,中野,4丁目,6番,,,,,,,火金,,,,,,,,,,,,,,,,月,,,,,,,,,,,,,,,,木,,,,,,,,,,,,,,,月,,,,,,,,,,,,,
東住吉区,中野,4丁目,7番,,,,,,,火金,,,,,,,,,,,,,,,,月,,,,,,,,,,,,,,,,木,,,,,,,,,,,,,,,月,,,,,,,,,,,,,
東住吉区,中野,4丁目,8番,,,,,,,火金,,,,,,,,,,,,,,,,月,,,,,,,,,,,,,,,,木,,,,,,,,,,,,,,,月,,,,,,,,,,,,,
東住吉区,中野,4丁目,9番,,,,,,,火金,,,,,,,,,,,,,,,,月,,,,,,,,,,,,,,,,木,,,,,,,,,,,,,,,月,,,,,,,,,,,,,
東住吉区,中野,4丁目,10番,,,,,,,火金,,,,,,,,,,,,,,,,月,,,,,,,,,,,,,,,,木,,,,,,,,,,,,,,,月,,,,,,,,,,,,,
東住吉区,中野,4丁目,11番,,,,,,,火金,,,,,,,,,,,,,,,,月,,,,,,,,,,,,,,,,木,,,,,,,,,,,,,,,月,,,,,,,,,,,,,
東住吉区,中野,4丁目,12番,,,,,,,火金,,,,,,,,,,,,,,,,月,,,,,,,,,,,,,,,,木,,,,,,,,,,,,,,,月,,,,,,,,,,,,,
東住吉区,中野,4丁目,13番,,,,,,,火金,,,,,,,,,,,,,,,,月,,,,,,,,,,,,,,,,木,,,,,,,,,,,,,,,月,,,,,,,,,,,,,
東住吉区,中野,4丁目,14番,,,,,,,火金,,,,,,,,,,,,,,,,月,,,,,,,,,,,,,,,,木,,,,,,,,,,,,,,,月,,,,,,,,,,,,,
東住吉区,中野,4丁目,15番,,,,,,,火金,,,,,,,,,,,,,,,,月,,,,,,,,,,,,,,,,木,,,,,,,,,,,,,,,月,,,,,,,,,,,,,
東住吉区,中野,4丁目,16番,軽四輪車(小さい車)で収集している地域,,,,,,,,,,,,,,,火金,,,,,,,,,,,,,,月,,,,,,,,,,,,,,,,木,,,,,,,,月,,,,,,,,,,,,,
東住吉区,中野,4丁目,16番,上記以外,,,,,,,,,,,,,,,火金,,,,,,,月,,,,,,,,,,,,,,,,木,,,,,,,,,,,,,,,月,,,,,,,,,,,,,
東住吉区,中野,4丁目,17番,軽四輪車(小さい車)で収集している地域,,,,,,,,,,,,,,,火金,,,,,,,,,,,,,,月,,,,,,,,,,,,,,,,木,,,,,,,,月,,,,,,,,,,,,,
東住吉区,中野,4丁目,17番,上記以外,,,,,,,,,,,,,,,火金,,,,,,,月,,,,,,,,,,,,,,,,木,,,,,,,,,,,,,,,月,,,,,,,,,,,,,
東住吉区,西今川,1丁目,1番,,,,,,,火金,,,,,,,,,,,,,,,,,,,,,,,月,,,,,,,,,,,,,,,,木,,,,,,,,月,,,,,,,,,,,,,
東住吉区,西今川,1丁目,2番,,,,,,,火金,,,,,,,,,,,,,,,,,,,,,,,月,,,,,,,,,,,,,,,,木,,,,,,,,月,,,,,,,,,,,,,
東住吉区,西今川,1丁目,3番,,,,,,,火金,,,,,,,,,,,,,,,,,,,,,,,月,,,,,,,,,,,,,,,,木,,,,,,,,月,,,,,,,,,,,,,
東住吉区,西今川,1丁目,4番,,,,,,,火金,,,,,,,,,,,,,,,,,,,,,,,月,,,,,,,,,,,,,,,,木,,,,,,,,月,,,,,,,,,,,,,
東住吉区,西今川,1丁目,5番,1~13号,,,,,,火金,,,,,,,,,,,,,,,,,,,,,,,月,,,,,,,,,,,,,,,,木,,,,,,,,月,,,,,,,,,,,,,
東住吉区,西今川,1丁目,5番,13~28号,,,,,,火金,,,,,,,,,,,,,,,,,,,,,,,月,,,,,,,,,,,,,,,,木,,,,,,,,月,,,,,,,,,,,,,
東住吉区,西今川,1丁目,6番,,,,,,,火金,,,,,,,,,,,,,,,,,,,,,,,月,,,,,,,,,,,,,,,,木,,,,,,,,月,,,,,,,,,,,,,
東住吉区,西今川,1丁目,7番,,,,,,,火金,,,,,,,,,,,,,,,,,,,,,,,月,,,,,,,,,,,,,,,,木,,,,,,,,月,,,,,,,,,,,,,
東住吉区,西今川,1丁目,8番,,,,,,,火金,,,,,,,,,,,,,,,,,,,,,,,月,,,,,,,,,,,,,,,,木,,,,,,,,月,,,,,,,,,,,,,
東住吉区,西今川,1丁目,9番,,,,,,,火金,,,,,,,,,,,,,,,,,,,,,,,月,,,,,,,,,,,,,,,,木,,,,,,,,月,,,,,,,,,,,,,
東住吉区,西今川,1丁目,10番,,,,,,,火金,,,,,,,,,,,,,,,,,,,,,,,月,,,,,,,,,,,,,,,,木,,,,,,,,月,,,,,,,,,,,,,
東住吉区,西今川,1丁目,11番,,,,,,,火金,,,,,,,,,,,,,,,,,,,,,,,月,,,,,,,,,,,,,,,,木,,,,,,,,月,,,,,,,,,,,,,
東住吉区,西今川,1丁目,14番,,,,,,,火金,,,,,,,,,,,,,,,,,,,,,,,月,,,,,,,,,,,,,,,,木,,,,,,,,月,,,,,,,,,,,,,
東住吉区,西今川,1丁目,15番,,,,,,,火金,,,,,,,,,,,,,,,,,,,,,,,月,,,,,,,,,,,,,,,,木,,,,,,,,月,,,,,,,,,,,,,
東住吉区,西今川,1丁目,16番,,,,,,,火金,,,,,,,,,,,,,,,,,,,,,,,月,,,,,,,,,,,,,,,,木,,,,,,,,月,,,,,,,,,,,,,
東住吉区,西今川,1丁目,17番,,,,,,,火金,,,,,,,,,,,,,,,,,,,,,,,月,,,,,,,,,,,,,,,,木,,,,,,,,月,,,,,,,,,,,,,
東住吉区,西今川,1丁目,18番,,,,,,,火金,,,,,,,,,,,,,,,,,,,,,,,月,,,,,,,,,,,,,,,,木,,,,,,,,月,,,,,,,,,,,,,
東住吉区,西今川,1丁目,19番,,,,,,,火金,,,,,,,,,,,,,,,,,,,,,,,月,,,,,,,,,,,,,,,,木,,,,,,,,月,,,,,,,,,,,,,
東住吉区,西今川,1丁目,20番,,,,,,,火金,,,,,,,,,,,,,,,,,,,,,,,月,,,,,,,,,,,,,,,,木,,,,,,,,月,,,,,,,,,,,,,
東住吉区,西今川,1丁目,21番,,,,,,,火金,,,,,,,,,,,,,,,,,,,,,,,月,,,,,,,,,,,,,,,,木,,,,,,,,月,,,,,,,,,,,,,
東住吉区,西今川,1丁目,22番,,,,,,,火金,,,,,,,,,,,,,,,,,,,,,,,月,,,,,,,,,,,,,,,,木,,,,,,,,月,,,,,,,,,,,,,
東住吉区,西今川,1丁目,23番,,,,,,,火金,,,,,,,,,,,,,,,,,,,,,,,月,,,,,,,,,,,,,,,,木,,,,,,,,月,,,,,,,,,,,,,
東住吉区,西今川,1丁目,24番,,,,,,,火金,,,,,,,,,,,,,,,,,,,,,,,月,,,,,,,,,,,,,,,,木,,,,,,,,月,,,,,,,,,,,,,
東住吉区,西今川,1丁目,25番,,,,,,,火金,,,,,,,,,,,,,,,,,,,,,,,月,,,,,,,,,,,,,,,,木,,,,,,,,月,,,,,,,,,,,,,
東住吉区,西今川,2丁目,1番,,,,,,,,月木,,,,,,,,,,,,,,,,,,,,,,水,,,,,,,,,,,,,,,,土,,,,,,,木,,,,,,,,,,,,,,
東住吉区,西今川,2丁目,2番,,,,,,,,月木,,,,,,,,,,,,,,,,,,,,,,水,,,,,,,,,,,,,,,,土,,,,,,,木,,,,,,,,,,,,,,
東住吉区,西今川,2丁目,3番,,,,,,,,月木,,,,,,,,,,,,,,,,,,,,,,水,,,,,,,,,,,,,,,,土,,,,,,,木,,,,,,,,,,,,,,
東住吉区,西今川,2丁目,4番,,,,,,,,月木,,,,,,,,,,,,,,,,,,,,,,水,,,,,,,,,,,,,,,,土,,,,,,,木,,,,,,,,,,,,,,
東住吉区,西今川,2丁目,5番,,,,,,,,月木,,,,,,,,,,,,,,,,,,,,,,水,,,,,,,,,,,,,,,,土,,,,,,,木,,,,,,,,,,,,,,
東住吉区,西今川,2丁目,6番,,,,,,,,月木,,,,,,,,,,,,,,,,,,,,,,水,,,,,,,,,,,,,,,,土,,,,,,,木,,,,,,,,,,,,,,
東住吉区,西今川,2丁目,7番,,,,,,,,月木,,,,,,,,,,,,,,,,,,,,,,水,,,,,,,,,,,,,,,,土,,,,,,,木,,,,,,,,,,,,,,
東住吉区,西今川,2丁目,8番,,,,,,,,月木,,,,,,,,,,,,,,,,,,,,,,水,,,,,,,,,,,,,,,,土,,,,,,,木,,,,,,,,,,,,,,
東住吉区,西今川,2丁目,9番,,,,,,,,月木,,,,,,,,,,,,,,,,,,,,,,水,,,,,,,,,,,,,,,,土,,,,,,,木,,,,,,,,,,,,,,
東住吉区,西今川,2丁目,10番,,,,,,,,月木,,,,,,,,,,,,,,,,,,,,,,水,,,,,,,,,,,,,,,,土,,,,,,,木,,,,,,,,,,,,,,
東住吉区,西今川,2丁目,11番,,,,,,,,月木,,,,,,,,,,,,,,,,,,,,,,水,,,,,,,,,,,,,,,,土,,,,,,,木,,,,,,,,,,,,,,
東住吉区,西今川,2丁目,12番,,,,,,,,月木,,,,,,,,,,,,,,,,,,,,,,水,,,,,,,,,,,,,,,,土,,,,,,,木,,,,,,,,,,,,,,
東住吉区,西今川,2丁目,13番,,,,,,,,月木,,,,,,,,,,,,,,,,,,,,,,水,,,,,,,,,,,,,,,,土,,,,,,,木,,,,,,,,,,,,,,
東住吉区,西今川,2丁目,14番,,,,,,,,月木,,,,,,,,,,,,,,,水,,,,,,,,,,,,,,,,土,,,,,,,,,,,,,,木,,,,,,,,,,,,,,
東住吉区,西今川,2丁目,15番,,,,,,,,月木,,,,,,,,,,,,,,,水,,,,,,,,,,,,,,,,土,,,,,,,,,,,,,,木,,,,,,,,,,,,,,
東住吉区,西今川,2丁目,16番,,,,,,,,月木,,,,,,,,,,,,,,,水,,,,,,,,,,,,,,,,土,,,,,,,,,,,,,,木,,,,,,,,,,,,,,
東住吉区,西今川,2丁目,17番,,,,,,,,月木,,,,,,,,,,,,,,,水,,,,,,,,,,,,,,,,土,,,,,,,,,,,,,,木,,,,,,,,,,,,,,
東住吉区,西今川,2丁目,18番,,,,,,,,月木,,,,,,,,,,,,,,,水,,,,,,,,,,,,,,,,土,,,,,,,,,,,,,,木,,,,,,,,,,,,,,
東住吉区,西今川,2丁目,19番,,,,,,,,月木,,,,,,,,,,,,,,,水,,,,,,,,,,,,,,,,土,,,,,,,,,,,,,,木,,,,,,,,,,,,,,
東住吉区,西今川,2丁目,20番,,,,,,,,月木,,,,,,,,,,,,,,,水,,,,,,,,,,,,,,,,土,,,,,,,,,,,,,,木,,,,,,,,,,,,,,
東住吉区,西今川,3丁目,1番,,,,,,,,月木,,,,,,,,,,,,,,,水,,,,,,,,,,,,,,,,土,,,,,,,,,,,,,木,,,,,,,,,,,,,,,
東住吉区,西今川,3丁目,2番,,,,,,,,月木,,,,,,,,,,,,,,,水,,,,,,,,,,,,,,,,土,,,,,,,,,,,,,木,,,,,,,,,,,,,,,
東住吉区,西今川,3丁目,3番,,,,,,,,月木,,,,,,,,,,,,,,,水,,,,,,,,,,,,,,,,土,,,,,,,,,,,,,木,,,,,,,,,,,,,,,
東住吉区,西今川,3丁目,4番,,,,,,,,月木,,,,,,,,,,,,,,,水,,,,,,,,,,,,,,,,土,,,,,,,,,,,,,木,,,,,,,,,,,,,,,
東住吉区,西今川,3丁目,5番,,,,,,,,月木,,,,,,,,,,,,,,,水,,,,,,,,,,,,,,,,土,,,,,,,,,,,,,木,,,,,,,,,,,,,,,
東住吉区,西今川,3丁目,6番,,,,,,,,月木,,,,,,,,,,,,,,,水,,,,,,,,,,,,,,,,土,,,,,,,,,,,,,木,,,,,,,,,,,,,,,
東住吉区,西今川,3丁目,7番,,,,,,,,月木,,,,,,,,,,,,,,,水,,,,,,,,,,,,,,,,土,,,,,,,,,,,,,木,,,,,,,,,,,,,,,
東住吉区,西今川,3丁目,8番,,,,,,,,月木,,,,,,,,,,,,,,,水,,,,,,,,,,,,,,,,土,,,,,,,,,,,,,木,,,,,,,,,,,,,,,
東住吉区,西今川,3丁目,9番,,,,,,,,月木,,,,,,,,,,,,,,,水,,,,,,,,,,,,,,,,土,,,,,,,,,,,,,木,,,,,,,,,,,,,,,
東住吉区,西今川,3丁目,10番,,,,,,,,月木,,,,,,,,,,,,,,,水,,,,,,,,,,,,,,,,土,,,,,,,,,,,,,木,,,,,,,,,,,,,,,
東住吉区,西今川,3丁目,11番,,,,,,,,月木,,,,,,,,,,,,,,,水,,,,,,,,,,,,,,,,土,,,,,,,,,,,,,木,,,,,,,,,,,,,,,
東住吉区,西今川,3丁目,12番,,,,,,,,月木,,,,,,,,,,,,,,,水,,,,,,,,,,,,,,,,土,,,,,,,,,,,,,木,,,,,,,,,,,,,,,
東住吉区,西今川,3丁目,13番,,,,,,,,月木,,,,,,,,,,,,,,,水,,,,,,,,,,,,,,,,土,,,,,,,,,,,,,木,,,,,,,,,,,,,,,
東住吉区,西今川,3丁目,14番,,,,,,,,月木,,,,,,,,,,,,,,,水,,,,,,,,,,,,,,,,土,,,,,,,,,,,,,木,,,,,,,,,,,,,,,
東住吉区,西今川,3丁目,15番,,,,,,,,月木,,,,,,,,,,,,,,,水,,,,,,,,,,,,,,,,土,,,,,,,,,,,,,木,,,,,,,,,,,,,,,
東住吉区,西今川,3丁目,16番,,,,,,,,月木,,,,,,,,,,,,,,,水,,,,,,,,,,,,,,,,土,,,,,,,,,,,,,木,,,,,,,,,,,,,,,
東住吉区,西今川,3丁目,17番,,,,,,,,月木,,,,,,,,,,,,,,,水,,,,,,,,,,,,,,,,土,,,,,,,,,,,,,木,,,,,,,,,,,,,,,
東住吉区,西今川,3丁目,18番,,,,,,,,月木,,,,,,,,,,,,,,,水,,,,,,,,,,,,,,,,土,,,,,,,,,,,,,木,,,,,,,,,,,,,,,
東住吉区,西今川,3丁目,19番,,,,,,,,月木,,,,,,,,,,,,,,,水,,,,,,,,,,,,,,,,土,,,,,,,,,,,,,木,,,,,,,,,,,,,,,
東住吉区,西今川,3丁目,20番,,,,,,,,月木,,,,,,,,,,,,,,,水,,,,,,,,,,,,,,,,土,,,,,,,,,,,,,木,,,,,,,,,,,,,,,
東住吉区,西今川,3丁目,21番,,,,,,,,月木,,,,,,,,,,,,,,,水,,,,,,,,,,,,,,,,土,,,,,,,,,,,,,木,,,,,,,,,,,,,,,
東住吉区,西今川,3丁目,22番,,,,,,,,月木,,,,,,,,,,,,,,,水,,,,,,,,,,,,,,,,土,,,,,,,,,,,,,木,,,,,,,,,,,,,,,
東住吉区,西今川,3丁目,23番,,,,,,,,月木,,,,,,,,,,,,,,,水,,,,,,,,,,,,,,,,土,,,,,,,,,,,,,木,,,,,,,,,,,,,,,
東住吉区,西今川,3丁目,24番,,,,,,,,月木,,,,,,,,,,,,,,,水,,,,,,,,,,,,,,,,土,,,,,,,,,,,,,木,,,,,,,,,,,,,,,
東住吉区,西今川,3丁目,25番,,,,,,,,月木,,,,,,,,,,,,,,,水,,,,,,,,,,,,,,,,土,,,,,,,,,,,,,木,,,,,,,,,,,,,,,
東住吉区,西今川,3丁目,26番,,,,,,,,月木,,,,,,,,,,,,,,,水,,,,,,,,,,,,,,,,土,,,,,,,,,,,,,木,,,,,,,,,,,,,,,
東住吉区,西今川,3丁目,27番,,,,,,,,月木,,,,,,,,,,,,,,,水,,,,,,,,,,,,,,,,土,,,,,,,,,,,,,木,,,,,,,,,,,,,,,
東住吉区,西今川,3丁目,28番,,,,,,,,月木,,,,,,,,,,,,,,,水,,,,,,,,,,,,,,,,土,,,,,,,,,,,,,木,,,,,,,,,,,,,,,
東住吉区,西今川,3丁目,29番,,,,,,,,月木,,,,,,,,,,,,,,,水,,,,,,,,,,,,,,,,土,,,,,,,,,,,,,木,,,,,,,,,,,,,,,
東住吉区,西今川,3丁目,30番,,,,,,,,月木,,,,,,,,,,,,,,,水,,,,,,,,,,,,,,,,土,,,,,,,,,,,,,木,,,,,,,,,,,,,,,
東住吉区,西今川,3丁目,31番,,,,,,,,月木,,,,,,,,,,,,,,,水,,,,,,,,,,,,,,,,土,,,,,,,,,,,,,木,,,,,,,,,,,,,,,
東住吉区,西今川,3丁目,32番,,,,,,,,月木,,,,,,,,,,,,,,,水,,,,,,,,,,,,,,,,土,,,,,,,,,,,,,木,,,,,,,,,,,,,,,
東住吉区,西今川,3丁目,33番,,,,,,,,月木,,,,,,,,,,,,,,,水,,,,,,,,,,,,,,,,土,,,,,,,,,,,,,木,,,,,,,,,,,,,,,
東住吉区,西今川,4丁目,1番,,,,,,,,月木,,,,,,,,,,,,,,,水,,,,,,,,,,,,,,,,土,,,,,,,,,,,,,木,,,,,,,,,,,,,,,
東住吉区,西今川,4丁目,2番,,,,,,,,月木,,,,,,,,,,,,,,,水,,,,,,,,,,,,,,,,土,,,,,,,,,,,,,木,,,,,,,,,,,,,,,
東住吉区,西今川,4丁目,3番,,,,,,,,月木,,,,,,,,,,,,,,,水,,,,,,,,,,,,,,,,土,,,,,,,,,,,,,木,,,,,,,,,,,,,,,
東住吉区,西今川,4丁目,4番,,,,,,,,月木,,,,,,,,,,,,,,,水,,,,,,,,,,,,,,,,土,,,,,,,,,,,,,木,,,,,,,,,,,,,,,
東住吉区,西今川,4丁目,5番,,,,,,,,月木,,,,,,,,,,,,,,,水,,,,,,,,,,,,,,,,土,,,,,,,,,,,,,木,,,,,,,,,,,,,,,
東住吉区,西今川,4丁目,6番,,,,,,,,月木,,,,,,,,,,,,,,,水,,,,,,,,,,,,,,,,土,,,,,,,,,,,,,木,,,,,,,,,,,,,,,
東住吉区,西今川,4丁目,7番,,,,,,,,月木,,,,,,,,,,,,,,,水,,,,,,,,,,,,,,,,土,,,,,,,,,,,,,木,,,,,,,,,,,,,,,
東住吉区,西今川,4丁目,8番,,,,,,,,月木,,,,,,,,,,,,,,,水,,,,,,,,,,,,,,,,土,,,,,,,,,,,,,木,,,,,,,,,,,,,,,
東住吉区,西今川,4丁目,9番,,,,,,,,月木,,,,,,,,,,,,,,,水,,,,,,,,,,,,,,,,土,,,,,,,,,,,,,木,,,,,,,,,,,,,,,
東住吉区,西今川,4丁目,10番,,,,,,,,月木,,,,,,,,,,,,,,,水,,,,,,,,,,,,,,,,土,,,,,,,,,,,,,木,,,,,,,,,,,,,,,
東住吉区,西今川,4丁目,11番,,,,,,,,月木,,,,,,,,,,,,,,,水,,,,,,,,,,,,,,,,土,,,,,,,,,,,,,木,,,,,,,,,,,,,,,
東住吉区,西今川,4丁目,12番,,,,,,,,月木,,,,,,,,,,,,,,,水,,,,,,,,,,,,,,,,土,,,,,,,,,,,,,木,,,,,,,,,,,,,,,
東住吉区,西今川,4丁目,13番,,,,,,,,月木,,,,,,,,,,,,,,,水,,,,,,,,,,,,,,,,土,,,,,,,,,,,,,木,,,,,,,,,,,,,,,
東住吉区,西今川,4丁目,14番,,,,,,,,月木,,,,,,,,,,,,,,,水,,,,,,,,,,,,,,,,土,,,,,,,,,,,,,木,,,,,,,,,,,,,,,
東住吉区,西今川,4丁目,15番,,,,,,,,月木,,,,,,,,,,,,,,,水,,,,,,,,,,,,,,,,土,,,,,,,,,,,,,木,,,,,,,,,,,,,,,
東住吉区,西今川,4丁目,16番,,,,,,,,月木,,,,,,,,,,,,,,,水,,,,,,,,,,,,,,,,土,,,,,,,,,,,,,木,,,,,,,,,,,,,,,
東住吉区,西今川,4丁目,17番,,,,,,,,月木,,,,,,,,,,,,,,,水,,,,,,,,,,,,,,,,土,,,,,,,,,,,,,木,,,,,,,,,,,,,,,
東住吉区,西今川,4丁目,18番,,,,,,,,月木,,,,,,,,,,,,,,,水,,,,,,,,,,,,,,,,土,,,,,,,,,,,,,木,,,,,,,,,,,,,,,
東住吉区,西今川,4丁目,19番,,,,,,,,月木,,,,,,,,,,,,,,,水,,,,,,,,,,,,,,,,土,,,,,,,,,,,,,木,,,,,,,,,,,,,,,
東住吉区,西今川,4丁目,20番,,,,,,,,月木,,,,,,,,,,,,,,,水,,,,,,,,,,,,,,,,土,,,,,,,,,,,,,木,,,,,,,,,,,,,,,
東住吉区,西今川,4丁目,21番,,,,,,,,月木,,,,,,,,,,,,,,,水,,,,,,,,,,,,,,,,土,,,,,,,,,,,,,木,,,,,,,,,,,,,,,
東住吉区,西今川,4丁目,22番,,,,,,,,月木,,,,,,,,,,,,,,,水,,,,,,,,,,,,,,,,土,,,,,,,,,,,,,木,,,,,,,,,,,,,,,
東住吉区,西今川,4丁目,23番,,,,,,,,月木,,,,,,,,,,,,,,,水,,,,,,,,,,,,,,,,土,,,,,,,,,,,,,木,,,,,,,,,,,,,,,
東住吉区,西今川,4丁目,24番,,,,,,,,月木,,,,,,,,,,,,,,,水,,,,,,,,,,,,,,,,土,,,,,,,,,,,,,木,,,,,,,,,,,,,,,
東住吉区,西今川,4丁目,25番,,,,,,,,月木,,,,,,,,,,,,,,,水,,,,,,,,,,,,,,,,土,,,,,,,,,,,,,木,,,,,,,,,,,,,,,
東住吉区,西今川,4丁目,26番,,,,,,,,月木,,,,,,,,,,,,,,,水,,,,,,,,,,,,,,,,土,,,,,,,,,,,,,木,,,,,,,,,,,,,,,
東住吉区,西今川,4丁目,27番,,,,,,,,月木,,,,,,,,,,,,,,,水,,,,,,,,,,,,,,,,土,,,,,,,,,,,,,木,,,,,,,,,,,,,,,
東住吉区,西今川,4丁目,28番,,,,,,,,月木,,,,,,,,,,,,,,,水,,,,,,,,,,,,,,,,土,,,,,,,,,,,,,木,,,,,,,,,,,,,,,
東住吉区,西今川,4丁目,29番,,,,,,,,月木,,,,,,,,,,,,,,,水,,,,,,,,,,,,,,,,土,,,,,,,,,,,,,木,,,,,,,,,,,,,,,
東住吉区,西今川,4丁目,30番,,,,,,,,月木,,,,,,,,,,,,,,,水,,,,,,,,,,,,,,,,土,,,,,,,,,,,,,木,,,,,,,,,,,,,,,
東住吉区,西今川,4丁目,31番,,,,,,,,月木,,,,,,,,,,,,,,,水,,,,,,,,,,,,,,,,土,,,,,,,,,,,,,木,,,,,,,,,,,,,,,
東住吉区,西今川,4丁目,32番,,,,,,,,月木,,,,,,,,,,,,,,,水,,,,,,,,,,,,,,,,土,,,,,,,,,,,,,木,,,,,,,,,,,,,,,
東住吉区,西今川,4丁目,33番,,,,,,,,月木,,,,,,,,,,,,,,,水,,,,,,,,,,,,,,,,土,,,,,,,,,,,,,木,,,,,,,,,,,,,,,
東住吉区,西今川,4丁目,34番,,,,,,,,月木,,,,,,,,,,,,,,,水,,,,,,,,,,,,,,,,土,,,,,,,,,,,,,木,,,,,,,,,,,,,,,
東住吉区,西今川,4丁目,35番,,,,,,,,月木,,,,,,,,,,,,,,,水,,,,,,,,,,,,,,,,土,,,,,,,,,,,,,木,,,,,,,,,,,,,,,
東住吉区,西今川,4丁目,36番,,,,,,,,月木,,,,,,,,,,,,,,,水,,,,,,,,,,,,,,,,土,,,,,,,,,,,,,木,,,,,,,,,,,,,,,
東住吉区,西今川,4丁目,37番,,,,,,,,月木,,,,,,,,,,,,,,,水,,,,,,,,,,,,,,,,土,,,,,,,,,,,,,木,,,,,,,,,,,,,,,
東住吉区,西今川,4丁目,38番,,,,,,,,月木,,,,,,,,,,,,,,,水,,,,,,,,,,,,,,,,土,,,,,,,,,,,,,木,,,,,,,,,,,,,,,
東住吉区,針中野,1丁目,1番,軽四輪車(小さい車)で収集している地域,,,,,,,,,,,,,,,火金,,,,,,,,,,,,,,月,,,,,,,,,,,,,,,,木,,,,,,土,,,,,,,,,,,,,,,
東住吉区,針中野,1丁目,1番,上記以外,,,,,,,火金,,,,,,,,,,,,,,,,,,,,,,月,,,,,,,,,,,,,,,,木,,,,,,土,,,,,,,,,,,,,,,
東住吉区,針中野,1丁目,2番,軽四輪車(小さい車)で収集している地域,,,,,,,,,,,,,,,火金,,,,,,,,,,,,,,月,,,,,,,,,,,,,,,,木,,,,,,土,,,,,,,,,,,,,,,
東住吉区,針中野,1丁目,2番,上記以外,,,,,,,火金,,,,,,,,,,,,,,,,,,,,,,月,,,,,,,,,,,,,,,,木,,,,,,土,,,,,,,,,,,,,,,
東住吉区,針中野,1丁目,3番,軽四輪車(小さい車)で収集している地域,,,,,,,,,,,,,,,火金,,,,,,,,,,,,,,月,,,,,,,,,,,,,,,,木,,,,,,土,,,,,,,,,,,,,,,
東住吉区,針中野,1丁目,3番,上記以外,,,,,,,火金,,,,,,,,,,,,,,,,,,,,,,月,,,,,,,,,,,,,,,,木,,,,,,土,,,,,,,,,,,,,,,
東住吉区,針中野,1丁目,4番,軽四輪車(小さい車)で収集している地域,,,,,,,,,,,,,,,火金,,,,,,,,,,,,,,月,,,,,,,,,,,,,,,,木,,,,,,土,,,,,,,,,,,,,,,
東住吉区,針中野,1丁目,4番,上記以外,,,,,,,火金,,,,,,,,,,,,,,,,,,,,,,月,,,,,,,,,,,,,,,,木,,,,,,土,,,,,,,,,,,,,,,
東住吉区,針中野,1丁目,5番,軽四輪車(小さい車)で収集している地域,,,,,,,,,,,,,,,火金,,,,,,,,,,,,,,月,,,,,,,,,,,,,,,,木,,,,,,土,,,,,,,,,,,,,,,
東住吉区,針中野,1丁目,5番,上記以外,,,,,,,火金,,,,,,,,,,,,,,,,,,,,,,月,,,,,,,,,,,,,,,,木,,,,,,土,,,,,,,,,,,,,,,
東住吉区,針中野,1丁目,6番,軽四輪車(小さい車)で収集している地域,,,,,,,,,,,,,,,火金,,,,,,,,,,,,,,月,,,,,,,,,,,,,,,,木,,,,,,土,,,,,,,,,,,,,,,
東住吉区,針中野,1丁目,6番,上記以外,,,,,,,火金,,,,,,,,,,,,,,,,,,,,,,月,,,,,,,,,,,,,,,,木,,,,,,土,,,,,,,,,,,,,,,
東住吉区,針中野,1丁目,7番,軽四輪車(小さい車)で収集している地域,,,,,,,,,,,,,,,火金,,,,,,,,,,,,,,月,,,,,,,,,,,,,,,,木,,,,,,土,,,,,,,,,,,,,,,
東住吉区,針中野,1丁目,7番,上記以外,,,,,,,火金,,,,,,,,,,,,,,,,,,,,,,月,,,,,,,,,,,,,,,,木,,,,,,土,,,,,,,,,,,,,,,
東住吉区,針中野,1丁目,8番,軽四輪車(小さい車)で収集している地域,,,,,,,,,,,,,,,火金,,,,,,,,,,,,,,月,,,,,,,,,,,,,,,,木,,,,,,土,,,,,,,,,,,,,,,
東住吉区,針中野,1丁目,8番,上記以外,,,,,,,火金,,,,,,,,,,,,,,,,,,,,,,月,,,,,,,,,,,,,,,,木,,,,,,土,,,,,,,,,,,,,,,
東住吉区,針中野,1丁目,9番,軽四輪車(小さい車)で収集している地域,,,,,,,,,,,,,,,火金,,,,,,,,,,,,,,月,,,,,,,,,,,,,,,,木,,,,,,土,,,,,,,,,,,,,,,
東住吉区,針中野,1丁目,9番,上記以外,,,,,,,火金,,,,,,,,,,,,,,,,,,,,,,月,,,,,,,,,,,,,,,,木,,,,,,土,,,,,,,,,,,,,,,
東住吉区,針中野,1丁目,10番,軽四輪車(小さい車)で収集している地域,,,,,,,,,,,,,,,火金,,,,,,,,,,,,,,月,,,,,,,,,,,,,,,,木,,,,,,土,,,,,,,,,,,,,,,
東住吉区,針中野,1丁目,10番,上記以外,,,,,,,火金,,,,,,,,,,,,,,,,,,,,,,月,,,,,,,,,,,,,,,,木,,,,,,土,,,,,,,,,,,,,,,
東住吉区,針中野,1丁目,11番,軽四輪車(小さい車)で収集している地域,,,,,,,,,,,,,,,火金,,,,,,,,,,,,,,月,,,,,,,,,,,,,,,,木,,,,,,土,,,,,,,,,,,,,,,
東住吉区,針中野,1丁目,11番,上記以外,,,,,,,火金,,,,,,,,,,,,,,,,,,,,,,月,,,,,,,,,,,,,,,,木,,,,,,土,,,,,,,,,,,,,,,
東住吉区,針中野,1丁目,12番,軽四輪車(小さい車)で収集している地域,,,,,,,,,,,,,,,火金,,,,,,,,,,,,,,月,,,,,,,,,,,,,,,,木,,,,,,土,,,,,,,,,,,,,,,
東住吉区,針中野,1丁目,12番,上記以外,,,,,,,火金,,,,,,,,,,,,,,,,,,,,,,月,,,,,,,,,,,,,,,,木,,,,,,土,,,,,,,,,,,,,,,
東住吉区,針中野,1丁目,13番,軽四輪車(小さい車)で収集している地域,,,,,,,,,,,,,,,火金,,,,,,,,,,,,,,月,,,,,,,,,,,,,,,,木,,,,,,土,,,,,,,,,,,,,,,
東住吉区,針中野,1丁目,13番,上記以外,,,,,,,火金,,,,,,,,,,,,,,,,,,,,,,月,,,,,,,,,,,,,,,,木,,,,,,土,,,,,,,,,,,,,,,
東住吉区,針中野,1丁目,14番,軽四輪車(小さい車)で収集している地域,,,,,,,,,,,,,,,火金,,,,,,,,,,,,,,月,,,,,,,,,,,,,,,,木,,,,,,土,,,,,,,,,,,,,,,
東住吉区,針中野,1丁目,14番,上記以外,,,,,,,火金,,,,,,,,,,,,,,,,,,,,,,月,,,,,,,,,,,,,,,,木,,,,,,土,,,,,,,,,,,,,,,
東住吉区,針中野,1丁目,15番,軽四輪車(小さい車)で収集している地域,,,,,,,,,,,,,,,火金,,,,,,,,,,,,,,月,,,,,,,,,,,,,,,,木,,,,,,土,,,,,,,,,,,,,,,
東住吉区,針中野,1丁目,15番,上記以外,,,,,,,火金,,,,,,,,,,,,,,,,,,,,,,月,,,,,,,,,,,,,,,,木,,,,,,土,,,,,,,,,,,,,,,
東住吉区,針中野,1丁目,16番,軽四輪車(小さい車)で収集している地域,,,,,,,,,,,,,,,火金,,,,,,,,,,,,,,月,,,,,,,,,,,,,,,,木,,,,,,土,,,,,,,,,,,,,,,
東住吉区,針中野,1丁目,16番,上記以外,,,,,,,火金,,,,,,,,,,,,,,,,,,,,,,月,,,,,,,,,,,,,,,,木,,,,,,土,,,,,,,,,,,,,,,
東住吉区,針中野,1丁目,17番,軽四輪車(小さい車)で収集している地域,,,,,,,,,,,,,,,火金,,,,,,,,,,,,,,月,,,,,,,,,,,,,,,,木,,,,,,土,,,,,,,,,,,,,,,
東住吉区,針中野,1丁目,17番,上記以外,,,,,,,火金,,,,,,,,,,,,,,,,,,,,,,月,,,,,,,,,,,,,,,,木,,,,,,土,,,,,,,,,,,,,,,
東住吉区,針中野,1丁目,18番,軽四輪車(小さい車)で収集している地域,,,,,,,,,,,,,,,火金,,,,,,,,,,,,,,月,,,,,,,,,,,,,,,,木,,,,,,土,,,,,,,,,,,,,,,
東住吉区,針中野,1丁目,18番,上記以外,,,,,,,火金,,,,,,,,,,,,,,,,,,,,,,月,,,,,,,,,,,,,,,,木,,,,,,土,,,,,,,,,,,,,,,
東住吉区,針中野,1丁目,19番,軽四輪車(小さい車)で収集している地域,,,,,,,,,,,,,,,火金,,,,,,,,,,,,,,月,,,,,,,,,,,,,,,,木,,,,,,土,,,,,,,,,,,,,,,
東住吉区,針中野,1丁目,19番,上記以外,,,,,,,火金,,,,,,,,,,,,,,,,,,,,,,月,,,,,,,,,,,,,,,,木,,,,,,土,,,,,,,,,,,,,,,
東住吉区,針中野,1丁目,20番,軽四輪車(小さい車)で収集している地域,,,,,,,,,,,,,,,火金,,,,,,,,,,,,,,月,,,,,,,,,,,,,,,,木,,,,,,土,,,,,,,,,,,,,,,
東住吉区,針中野,1丁目,20番,上記以外,,,,,,,火金,,,,,,,,,,,,,,,,,,,,,,月,,,,,,,,,,,,,,,,木,,,,,,土,,,,,,,,,,,,,,,
東住吉区,針中野,1丁目,21番,軽四輪車(小さい車)で収集している地域,,,,,,,,,,,,,,,火金,,,,,,,,,,,,,,月,,,,,,,,,,,,,,,,木,,,,,,土,,,,,,,,,,,,,,,
東住吉区,針中野,1丁目,21番,上記以外,,,,,,,火金,,,,,,,,,,,,,,,,,,,,,,月,,,,,,,,,,,,,,,,木,,,,,,土,,,,,,,,,,,,,,,
東住吉区,針中野,2丁目,1番,軽四輪車(小さい車)で収集している地域,,,,,,,,,,,,,,,火金,,,,,,,,,,,,,,月,,,,,,,,,,,,,,,,木,,,,,,土,,,,,,,,,,,,,,,
東住吉区,針中野,2丁目,1番,上記以外,,,,,,,火金,,,,,,,,,,,,,,,,,,,,,,月,,,,,,,,,,,,,,,,木,,,,,,土,,,,,,,,,,,,,,,
東住吉区,針中野,2丁目,2番,軽四輪車(小さい車)で収集している地域,,,,,,,,,,,,,,,火金,,,,,,,,,,,,,,月,,,,,,,,,,,,,,,,木,,,,,,土,,,,,,,,,,,,,,,
東住吉区,針中野,2丁目,2番,上記以外,,,,,,,火金,,,,,,,,,,,,,,,,,,,,,,月,,,,,,,,,,,,,,,,木,,,,,,土,,,,,,,,,,,,,,,
東住吉区,針中野,2丁目,3番,軽四輪車(小さい車)で収集している地域,,,,,,,,,,,,,,,火金,,,,,,,,,,,,,,月,,,,,,,,,,,,,,,,木,,,,,,土,,,,,,,,,,,,,,,
東住吉区,針中野,2丁目,3番,上記以外,,,,,,,火金,,,,,,,,,,,,,,,,,,,,,,月,,,,,,,,,,,,,,,,木,,,,,,土,,,,,,,,,,,,,,,
東住吉区,針中野,2丁目,4番,軽四輪車(小さい車)で収集している地域,,,,,,,,,,,,,,,火金,,,,,,,,,,,,,,月,,,,,,,,,,,,,,,,木,,,,,,土,,,,,,,,,,,,,,,
東住吉区,針中野,2丁目,4番,上記以外,,,,,,,火金,,,,,,,,,,,,,,,,,,,,,,月,,,,,,,,,,,,,,,,木,,,,,,土,,,,,,,,,,,,,,,
東住吉区,針中野,2丁目,5番,,,,,,,,火金,,,,,,,,,,,,,,,,,,,,,,月,,,,,,,,,,,,,,,,木,,,,,,土,,,,,,,,,,,,,,,
東住吉区,針中野,2丁目,6番,,,,,,,,火金,,,,,,,,,,,,,,,,,,,,,,月,,,,,,,,,,,,,,,,木,,,,,,土,,,,,,,,,,,,,,,
東住吉区,針中野,2丁目,7番,,,,,,,,火金,,,,,,,,,,,,,,,,,,,,,,月,,,,,,,,,,,,,,,,木,,,,,,土,,,,,,,,,,,,,,,
東住吉区,針中野,2丁目,8番,,,,,,,,火金,,,,,,,,,,,,,,,,,,,,,,月,,,,,,,,,,,,,,,,木,,,,,,土,,,,,,,,,,,,,,,
東住吉区,針中野,2丁目,9番,,,,,,,,火金,,,,,,,,,,,,,,,,,,,,,,月,,,,,,,,,,,,,,,,木,,,,,,土,,,,,,,,,,,,,,,
東住吉区,針中野,2丁目,10番,軽四輪車(小さい車)で収集している地域,,,,,,,,,,,,,,,火金,,,,,,,,,,,,,,月,,,,,,,,,,,,,,,,木,,,,,,土,,,,,,,,,,,,,,,
東住吉区,針中野,2丁目,10番,上記以外,,,,,,,火金,,,,,,,,,,,,,,,,,,,,,,月,,,,,,,,,,,,,,,,木,,,,,,土,,,,,,,,,,,,,,,
東住吉区,針中野,2丁目,11番,,,,,,,,火金,,,,,,,,,,,,,,,,,,,,,,月,,,,,,,,,,,,,,,,木,,,,,,土,,,,,,,,,,,,,,,
東住吉区,針中野,2丁目,12番,,,,,,,,火金,,,,,,,,,,,,,,,,,,,,,,月,,,,,,,,,,,,,,,,木,,,,,,土,,,,,,,,,,,,,,,
東住吉区,針中野,3丁目,1番,軽四輪車(小さい車)で収集している地域,,,,,,,,,,,,,,,火金,,,,,,,,,,,,,,月,,,,,,,,,,,,,,,,木,,,,,,土,,,,,,,,,,,,,,,
東住吉区,針中野,3丁目,1番,上記以外,,,,,,,火金,,,,,,,,,,,,,,,,,,,,,,月,,,,,,,,,,,,,,,,木,,,,,,土,,,,,,,,,,,,,,,
東住吉区,針中野,3丁目,2番,軽四輪車(小さい車)で収集している地域,,,,,,,,,,,,,,,火金,,,,,,,,,,,,,,月,,,,,,,,,,,,,,,,木,,,,,,土,,,,,,,,,,,,,,,
東住吉区,針中野,3丁目,2番,上記以外,,,,,,,火金,,,,,,,,,,,,,,,,,,,,,,月,,,,,,,,,,,,,,,,木,,,,,,土,,,,,,,,,,,,,,,
東住吉区,針中野,3丁目,3番,,,,,,,,火金,,,,,,,,,,,,,,,,,,,,,,月,,,,,,,,,,,,,,,,木,,,,,,土,,,,,,,,,,,,,,,
東住吉区,針中野,3丁目,4番,,,,,,,,火金,,,,,,,,,,,,,,,,,,,,,,月,,,,,,,,,,,,,,,,木,,,,,,土,,,,,,,,,,,,,,,
東住吉区,針中野,3丁目,5番,,,,,,,,火金,,,,,,,,,,,,,,,,,,,,,,月,,,,,,,,,,,,,,,,木,,,,,,土,,,,,,,,,,,,,,,
東住吉区,針中野,3丁目,6番,軽四輪車(小さい車)で収集している地域,,,,,,,,,,,,,,,火金,,,,,,,,,,,,,,月,,,,,,,,,,,,,,,,木,,,,,,土,,,,,,,,,,,,,,,
東住吉区,針中野,3丁目,6番,上記以外,,,,,,,火金,,,,,,,,,,,,,,,,,,,,,,月,,,,,,,,,,,,,,,,木,,,,,,土,,,,,,,,,,,,,,,
東住吉区,針中野,3丁目,7番,軽四輪車(小さい車)で収集している地域,,,,,,,,,,,,,,,火金,,,,,,,,,,,,,,月,,,,,,,,,,,,,,,,木,,,,,,土,,,,,,,,,,,,,,,
東住吉区,針中野,3丁目,7番,上記以外,,,,,,,火金,,,,,,,,,,,,,,,,,,,,,,月,,,,,,,,,,,,,,,,木,,,,,,土,,,,,,,,,,,,,,,
東住吉区,針中野,3丁目,8番,,,,,,,,火金,,,,,,,,,,,,,,,,,,,,,,月,,,,,,,,,,,,,,,,木,,,,,,土,,,,,,,,,,,,,,,
東住吉区,針中野,3丁目,9番,,,,,,,,火金,,,,,,,,,,,,,,,,,,,,,,月,,,,,,,,,,,,,,,,木,,,,,,土,,,,,,,,,,,,,,,
東住吉区,針中野,3丁目,10番,,,,,,,,火金,,,,,,,,,,,,,,,,,,,,,,月,,,,,,,,,,,,,,,,木,,,,,,土,,,,,,,,,,,,,,,
東住吉区,針中野,3丁目,11番,,,,,,,,,,,,,,,,火金,,,,,,,,,,,,,,月,,,,,,,,,,,,,,,,木,,,,,,土,,,,,,,,,,,,,,,
東住吉区,針中野,3丁目,12番,,,,,,,,火金,,,,,,,,,,,,,,,,,,,,,,月,,,,,,,,,,,,,,,,木,,,,,,土,,,,,,,,,,,,,,,
東住吉区,針中野,3丁目,13番,,,,,,,,火金,,,,,,,,,,,,,,,,,,,,,,月,,,,,,,,,,,,,,,,木,,,,,,土,,,,,,,,,,,,,,,
東住吉区,針中野,4丁目,1番,,,,,,,火金,,,,,,,,,,,,,,,,,,,,,,,月,,,,,,,,,,,,,,,,木,,,,,,土,,,,,,,,,,,,,,,
東住吉区,針中野,4丁目,2番,,,,,,,火金,,,,,,,,,,,,,,,,,,,,,,,月,,,,,,,,,,,,,,,,木,,,,,,土,,,,,,,,,,,,,,,
東住吉区,針中野,4丁目,3番,,,,,,,火金,,,,,,,,,,,,,,,,,,,,,,,月,,,,,,,,,,,,,,,,木,,,,,,土,,,,,,,,,,,,,,,
東住吉区,針中野,4丁目,4番,,,,,,,火金,,,,,,,,,,,,,,,,,,,,,,,月,,,,,,,,,,,,,,,,木,,,,,,土,,,,,,,,,,,,,,,
東住吉区,針中野,4丁目,5番,,,,,,,火金,,,,,,,,,,,,,,,,,,,,,,,月,,,,,,,,,,,,,,,,木,,,,,,土,,,,,,,,,,,,,,,
東住吉区,針中野,4丁目,6番,,,,,,,火金,,,,,,,,,,,,,,,,,,,,,,,月,,,,,,,,,,,,,,,,木,,,,,,土,,,,,,,,,,,,,,,
東住吉区,針中野,4丁目,7番,,,,,,,火金,,,,,,,,,,,,,,,,,,,,,,,月,,,,,,,,,,,,,,,,木,,,,,,土,,,,,,,,,,,,,,,
東住吉区,針中野,4丁目,8番,,,,,,,火金,,,,,,,,,,,,,,,,,,,,,,,月,,,,,,,,,,,,,,,,木,,,,,,土,,,,,,,,,,,,,,,
東住吉区,針中野,4丁目,9番,,,,,,,火金,,,,,,,,,,,,,,,,,,,,,,,月,,,,,,,,,,,,,,,,木,,,,,,土,,,,,,,,,,,,,,,
東住吉区,針中野,4丁目,10番,,,,,,,火金,,,,,,,,,,,,,,,,,,,,,,,月,,,,,,,,,,,,,,,,木,,,,,,土,,,,,,,,,,,,,,,
東住吉区,針中野,4丁目,11番,,,,,,,火金,,,,,,,,,,,,,,,,,,,,,,,月,,,,,,,,,,,,,,,,木,,,,,,土,,,,,,,,,,,,,,,
東住吉区,針中野,4丁目,12番,,,,,,,火金,,,,,,,,,,,,,,,,,,,,,,,月,,,,,,,,,,,,,,,,木,,,,,,土,,,,,,,,,,,,,,,
東住吉区,東田辺,1丁目,1番,,,,,,,,月木,,,,,,,,,,,,,,,火,,,,,,,,,,,,,,,,金,,,,,,,,,,,,,,,火,,,,,,,,,,,,,
東住吉区,東田辺,1丁目,2番,,,,,,,,月木,,,,,,,,,,,,,,,火,,,,,,,,,,,,,,,,金,,,,,,,,,,,,,,,火,,,,,,,,,,,,,
東住吉区,東田辺,1丁目,3番,,,,,,,,月木,,,,,,,,,,,,,,,火,,,,,,,,,,,,,,,,金,,,,,,,,,,,,,,,火,,,,,,,,,,,,,
東住吉区,東田辺,1丁目,4番,,,,,,,,月木,,,,,,,,,,,,,,,火,,,,,,,,,,,,,,,,金,,,,,,,,,,,,,,,火,,,,,,,,,,,,,
東住吉区,東田辺,1丁目,5番,,,,,,,,月木,,,,,,,,,,,,,,,火,,,,,,,,,,,,,,,,金,,,,,,,,,,,,,,,火,,,,,,,,,,,,,
東住吉区,東田辺,1丁目,6番,,,,,,,,月木,,,,,,,,,,,,,,,火,,,,,,,,,,,,,,,,金,,,,,,,,,,,,,,,火,,,,,,,,,,,,,
東住吉区,東田辺,1丁目,7番,,,,,,,,月木,,,,,,,,,,,,,,,火,,,,,,,,,,,,,,,,金,,,,,,,,,,,,,,,火,,,,,,,,,,,,,
東住吉区,東田辺,1丁目,8番,,,,,,,,月木,,,,,,,,,,,,,,,火,,,,,,,,,,,,,,,,金,,,,,,,,,,,,,,,火,,,,,,,,,,,,,
東住吉区,東田辺,1丁目,9番,,,,,,,,月木,,,,,,,,,,,,,,,火,,,,,,,,,,,,,,,,金,,,,,,,,,,,,,,,火,,,,,,,,,,,,,
東住吉区,東田辺,1丁目,10番,,,,,,,,月木,,,,,,,,,,,,,,,火,,,,,,,,,,,,,,,,金,,,,,,,,,,,,,,,火,,,,,,,,,,,,,
東住吉区,東田辺,1丁目,11番,,,,,,,,月木,,,,,,,,,,,,,,,火,,,,,,,,,,,,,,,,金,,,,,,,,,,,,,,,火,,,,,,,,,,,,,
東住吉区,東田辺,1丁目,12番,,,,,,,,月木,,,,,,,,,,,,,,,火,,,,,,,,,,,,,,,,金,,,,,,,,,,,,,,,火,,,,,,,,,,,,,
東住吉区,東田辺,1丁目,13番,,,,,,,,月木,,,,,,,,,,,,,,,火,,,,,,,,,,,,,,,,金,,,,,,,,,,,,,,,火,,,,,,,,,,,,,
東住吉区,東田辺,1丁目,14番,,,,,,,,月木,,,,,,,,,,,,,,,火,,,,,,,,,,,,,,,,金,,,,,,,,,,,,,,,火,,,,,,,,,,,,,
東住吉区,東田辺,1丁目,15番,,,,,,,,月木,,,,,,,,,,,,,,,火,,,,,,,,,,,,,,,,金,,,,,,,,,,,,,,,火,,,,,,,,,,,,,
東住吉区,東田辺,1丁目,16番,,,,,,,,月木,,,,,,,,,,,,,,,火,,,,,,,,,,,,,,,,金,,,,,,,,,,,,,,,火,,,,,,,,,,,,,
東住吉区,東田辺,1丁目,17番,,,,,,,,月木,,,,,,,,,,,,,,,火,,,,,,,,,,,,,,,,金,,,,,,,,,,,,,,,火,,,,,,,,,,,,,
東住吉区,東田辺,1丁目,18番,,,,,,,,月木,,,,,,,,,,,,,,,火,,,,,,,,,,,,,,,,金,,,,,,,,,,,,,,,火,,,,,,,,,,,,,
東住吉区,東田辺,1丁目,19番,,,,,,,,月木,,,,,,,,,,,,,,,火,,,,,,,,,,,,,,,,金,,,,,,,,,,,,,,,火,,,,,,,,,,,,,
東住吉区,東田辺,2丁目,1番,,,,,,,月木,,,,,,,,,,,,,,,,火,,,,,,,,,,,,,,,,金,,,,,,,,,,,,,,火,,,,,,,,,,,,,,
東住吉区,東田辺,2丁目,2番,,,,,,,月木,,,,,,,,,,,,,,,,火,,,,,,,,,,,,,,,,金,,,,,,,,,,,,,,火,,,,,,,,,,,,,,
東住吉区,東田辺,2丁目,3番,,,,,,,月木,,,,,,,,,,,,,,,,火,,,,,,,,,,,,,,,,金,,,,,,,,,,,,,,火,,,,,,,,,,,,,,
東住吉区,東田辺,2丁目,4番,,,,,,,月木,,,,,,,,,,,,,,,,火,,,,,,,,,,,,,,,,金,,,,,,,,,,,,,,火,,,,,,,,,,,,,,
東住吉区,東田辺,2丁目,5番,,,,,,,月木,,,,,,,,,,,,,,,,火,,,,,,,,,,,,,,,,金,,,,,,,,,,,,,,火,,,,,,,,,,,,,,
東住吉区,東田辺,2丁目,6番,,,,,,,月木,,,,,,,,,,,,,,,,火,,,,,,,,,,,,,,,,金,,,,,,,,,,,,,,火,,,,,,,,,,,,,,
東住吉区,東田辺,2丁目,7番,,,,,,,月木,,,,,,,,,,,,,,,,火,,,,,,,,,,,,,,,,金,,,,,,,,,,,,,,火,,,,,,,,,,,,,,
東住吉区,東田辺,2丁目,8番,,,,,,,月木,,,,,,,,,,,,,,,,火,,,,,,,,,,,,,,,,金,,,,,,,,,,,,,,火,,,,,,,,,,,,,,
東住吉区,東田辺,2丁目,9番,,,,,,,月木,,,,,,,,,,,,,,,,火,,,,,,,,,,,,,,,,金,,,,,,,,,,,,,,火,,,,,,,,,,,,,,
東住吉区,東田辺,2丁目,10番,,,,,,,月木,,,,,,,,,,,,,,,,火,,,,,,,,,,,,,,,,金,,,,,,,,,,,,,,火,,,,,,,,,,,,,,
東住吉区,東田辺,2丁目,11番,,,,,,,月木,,,,,,,,,,,,,,,,火,,,,,,,,,,,,,,,,金,,,,,,,,,,,,,,火,,,,,,,,,,,,,,
東住吉区,東田辺,2丁目,12番,,,,,,,月木,,,,,,,,,,,,,,,,火,,,,,,,,,,,,,,,,金,,,,,,,,,,,,,,火,,,,,,,,,,,,,,
東住吉区,東田辺,2丁目,13番,,,,,,,月木,,,,,,,,,,,,,,,,火,,,,,,,,,,,,,,,,金,,,,,,,,,,,,,,火,,,,,,,,,,,,,,
東住吉区,東田辺,2丁目,14番,,,,,,,月木,,,,,,,,,,,,,,,,火,,,,,,,,,,,,,,,,金,,,,,,,,,,,,,,火,,,,,,,,,,,,,,
東住吉区,東田辺,2丁目,15番,,,,,,,月木,,,,,,,,,,,,,,,,火,,,,,,,,,,,,,,,,金,,,,,,,,,,,,,,火,,,,,,,,,,,,,,
東住吉区,東田辺,2丁目,16番,,,,,,,月木,,,,,,,,,,,,,,,,火,,,,,,,,,,,,,,,,金,,,,,,,,,,,,,,火,,,,,,,,,,,,,,
東住吉区,東田辺,2丁目,17番,,,,,,,月木,,,,,,,,,,,,,,,,火,,,,,,,,,,,,,,,,金,,,,,,,,,,,,,,火,,,,,,,,,,,,,,
東住吉区,東田辺,2丁目,18番,,,,,,,月木,,,,,,,,,,,,,,,,火,,,,,,,,,,,,,,,,金,,,,,,,,,,,,,,火,,,,,,,,,,,,,,
東住吉区,東田辺,2丁目,19番,,,,,,,月木,,,,,,,,,,,,,,,,火,,,,,,,,,,,,,,,,金,,,,,,,,,,,,,,火,,,,,,,,,,,,,,
東住吉区,東田辺,2丁目,20番,,,,,,,月木,,,,,,,,,,,,,,,,火,,,,,,,,,,,,,,,,金,,,,,,,,,,,,,,火,,,,,,,,,,,,,,
東住吉区,東田辺,2丁目,21番,,,,,,,月木,,,,,,,,,,,,,,,,火,,,,,,,,,,,,,,,,金,,,,,,,,,,,,,,火,,,,,,,,,,,,,,
東住吉区,東田辺,2丁目,22番,,,,,,,月木,,,,,,,,,,,,,,,,火,,,,,,,,,,,,,,,,金,,,,,,,,,,,,,,火,,,,,,,,,,,,,,
東住吉区,東田辺,2丁目,23番,,,,,,,月木,,,,,,,,,,,,,,,,火,,,,,,,,,,,,,,,,金,,,,,,,,,,,,,,火,,,,,,,,,,,,,,
東住吉区,東田辺,2丁目,24番,,,,,,,月木,,,,,,,,,,,,,,,,火,,,,,,,,,,,,,,,,金,,,,,,,,,,,,,,火,,,,,,,,,,,,,,
東住吉区,東田辺,2丁目,25番,,,,,,,月木,,,,,,,,,,,,,,,,火,,,,,,,,,,,,,,,,金,,,,,,,,,,,,,,火,,,,,,,,,,,,,,
東住吉区,東田辺,2丁目,26番,,,,,,,月木,,,,,,,,,,,,,,,,火,,,,,,,,,,,,,,,,金,,,,,,,,,,,,,,火,,,,,,,,,,,,,,
東住吉区,東田辺,2丁目,27番,,,,,,,月木,,,,,,,,,,,,,,,,火,,,,,,,,,,,,,,,,金,,,,,,,,,,,,,,火,,,,,,,,,,,,,,
東住吉区,東田辺,3丁目,1番,,,,,,,月木,,,,,,,,,,,,,,,,火,,,,,,,,,,,,,,,,金,,,,,,,,,,,,,,火,,,,,,,,,,,,,,
東住吉区,東田辺,3丁目,2番,,,,,,,月木,,,,,,,,,,,,,,,,火,,,,,,,,,,,,,,,,金,,,,,,,,,,,,,,火,,,,,,,,,,,,,,
東住吉区,東田辺,3丁目,3番,,,,,,,月木,,,,,,,,,,,,,,,,火,,,,,,,,,,,,,,,,金,,,,,,,,,,,,,,火,,,,,,,,,,,,,,
東住吉区,東田辺,3丁目,4番,,,,,,,月木,,,,,,,,,,,,,,,,火,,,,,,,,,,,,,,,,金,,,,,,,,,,,,,,火,,,,,,,,,,,,,,
東住吉区,東田辺,3丁目,5番,,,,,,,月木,,,,,,,,,,,,,,,,火,,,,,,,,,,,,,,,,金,,,,,,,,,,,,,,火,,,,,,,,,,,,,,
東住吉区,東田辺,3丁目,6番,,,,,,,月木,,,,,,,,,,,,,,,,火,,,,,,,,,,,,,,,,金,,,,,,,,,,,,,,火,,,,,,,,,,,,,,
東住吉区,東田辺,3丁目,7番,,,,,,,月木,,,,,,,,,,,,,,,,火,,,,,,,,,,,,,,,,金,,,,,,,,,,,,,,火,,,,,,,,,,,,,,
東住吉区,東田辺,3丁目,8番,,,,,,,月木,,,,,,,,,,,,,,,,火,,,,,,,,,,,,,,,,金,,,,,,,,,,,,,,火,,,,,,,,,,,,,,
東住吉区,東田辺,3丁目,9番,,,,,,,月木,,,,,,,,,,,,,,,,火,,,,,,,,,,,,,,,,金,,,,,,,,,,,,,,火,,,,,,,,,,,,,,
東住吉区,東田辺,3丁目,10番,,,,,,,月木,,,,,,,,,,,,,,,,火,,,,,,,,,,,,,,,,金,,,,,,,,,,,,,,火,,,,,,,,,,,,,,
東住吉区,東田辺,3丁目,11番,,,,,,,月木,,,,,,,,,,,,,,,,火,,,,,,,,,,,,,,,,金,,,,,,,,,,,,,,火,,,,,,,,,,,,,,
東住吉区,東田辺,3丁目,12番,,,,,,,月木,,,,,,,,,,,,,,,,火,,,,,,,,,,,,,,,,金,,,,,,,,,,,,,,火,,,,,,,,,,,,,,
東住吉区,東田辺,3丁目,13番,,,,,,,月木,,,,,,,,,,,,,,,,火,,,,,,,,,,,,,,,,金,,,,,,,,,,,,,,火,,,,,,,,,,,,,,
東住吉区,東田辺,3丁目,14番,,,,,,,月木,,,,,,,,,,,,,,,,火,,,,,,,,,,,,,,,,金,,,,,,,,,,,,,,火,,,,,,,,,,,,,,
東住吉区,東田辺,3丁目,15番,,,,,,,月木,,,,,,,,,,,,,,,,火,,,,,,,,,,,,,,,,金,,,,,,,,,,,,,,火,,,,,,,,,,,,,,
東住吉区,東田辺,3丁目,16番,,,,,,,月木,,,,,,,,,,,,,,,,火,,,,,,,,,,,,,,,,金,,,,,,,,,,,,,,火,,,,,,,,,,,,,,
東住吉区,東田辺,3丁目,17番,,,,,,,月木,,,,,,,,,,,,,,,,火,,,,,,,,,,,,,,,,金,,,,,,,,,,,,,,火,,,,,,,,,,,,,,
東住吉区,東田辺,3丁目,18番,,,,,,,月木,,,,,,,,,,,,,,,,火,,,,,,,,,,,,,,,,金,,,,,,,,,,,,,,火,,,,,,,,,,,,,,
東住吉区,東田辺,3丁目,19番,,,,,,,月木,,,,,,,,,,,,,,,,火,,,,,,,,,,,,,,,,金,,,,,,,,,,,,,,火,,,,,,,,,,,,,,
東住吉区,東田辺,3丁目,20番,,,,,,,月木,,,,,,,,,,,,,,,,火,,,,,,,,,,,,,,,,金,,,,,,,,,,,,,,火,,,,,,,,,,,,,,
東住吉区,東田辺,3丁目,21番,,,,,,,月木,,,,,,,,,,,,,,,,火,,,,,,,,,,,,,,,,金,,,,,,,,,,,,,,火,,,,,,,,,,,,,,
東住吉区,東田辺,3丁目,22番,,,,,,,月木,,,,,,,,,,,,,,,,火,,,,,,,,,,,,,,,,金,,,,,,,,,,,,,,火,,,,,,,,,,,,,,
東住吉区,東田辺,3丁目,23番,,,,,,,月木,,,,,,,,,,,,,,,,火,,,,,,,,,,,,,,,,金,,,,,,,,,,,,,,火,,,,,,,,,,,,,,
東住吉区,東田辺,3丁目,24番,,,,,,,月木,,,,,,,,,,,,,,,,火,,,,,,,,,,,,,,,,金,,,,,,,,,,,,,,火,,,,,,,,,,,,,,
東住吉区,東田辺,3丁目,25番,,,,,,,月木,,,,,,,,,,,,,,,,火,,,,,,,,,,,,,,,,金,,,,,,,,,,,,,,火,,,,,,,,,,,,,,
東住吉区,東田辺,3丁目,26番,,,,,,,月木,,,,,,,,,,,,,,,,火,,,,,,,,,,,,,,,,金,,,,,,,,,,,,,,火,,,,,,,,,,,,,,
東住吉区,東田辺,3丁目,27番,,,,,,,月木,,,,,,,,,,,,,,,,火,,,,,,,,,,,,,,,,金,,,,,,,,,,,,,,火,,,,,,,,,,,,,,
東住吉区,南田辺,1丁目,1番,,,,,,,水土,,,,,,,,,,,,,,,,,,,,,,,火,,,,,,,,,,,,,,,,金,,,,,,火,,,,,,,,,,,,,,,
東住吉区,南田辺,1丁目,2番,軽四輪車(小さい車)で収集している地域,,,,,,水土,,,,,,,,,,,,,,,,火,,,,,,,,,,,,,,,,金,,,,,,,,,,,,,,,,,,,,,,,,,,,,
東住吉区,南田辺,1丁目,2番,上記以外,,,,,,水土,,,,,,,,,,,,,,,,,,,,,,,火,,,,,,,,,,,,,,,,金,,,,,,,,,,,,,,,,,,,,,
東住吉区,南田辺,1丁目,3番,軽四輪車(小さい車)で収集している地域,,,,,,水土,,,,,,,,,,,,,,,,火,,,,,,,,,,,,,,,,金,,,,,,,,,,,,,,,,,,,,,,,,,,,,
東住吉区,南田辺,1丁目,3番,上記以外,,,,,,水土,,,,,,,,,,,,,,,,,,,,,,,火,,,,,,,,,,,,,,,,金,,,,,,,,,,,,,,,,,,,,,
東住吉区,南田辺,1丁目,4番,軽四輪車(小さい車)で収集している地域,,,,,,水土,,,,,,,,,,,,,,,,火,,,,,,,,,,,,,,,,金,,,,,,,,,,,,,,,,,,,,,,,,,,,,
東住吉区,南田辺,1丁目,4番,上記以外,,,,,,水土,,,,,,,,,,,,,,,,,,,,,,,火,,,,,,,,,,,,,,,,金,,,,,,,,,,,,,,,,,,,,,
東住吉区,南田辺,1丁目,5番,軽四輪車(小さい車)で収集している地域,,,,,,水土,,,,,,,,,,,,,,,,火,,,,,,,,,,,,,,,,金,,,,,,,,,,,,,,,,,,,,,,,,,,,,
東住吉区,南田辺,1丁目,5番,上記以外,,,,,,水土,,,,,,,,,,,,,,,,,,,,,,,火,,,,,,,,,,,,,,,,金,,,,,,,,,,,,,,,,,,,,,
東住吉区,南田辺,1丁目,6番,,,,,,,水土,,,,,,,,,,,,,,,,,,,,,,,火,,,,,,,,,,,,,,,,金,,,,,,,,,,,,,,,,,,,,,
東住吉区,南田辺,1丁目,7番,軽四輪車(小さい車)で収集している地域,,,,,,水土,,,,,,,,,,,,,,,,火,,,,,,,,,,,,,,,,金,,,,,,,,,,,,,,,,,,,,,,,,,,,,
東住吉区,南田辺,1丁目,7番,上記以外,,,,,,水土,,,,,,,,,,,,,,,,,,,,,,,火,,,,,,,,,,,,,,,,金,,,,,,,,,,,,,,,,,,,,,
東住吉区,南田辺,1丁目,8番,軽四輪車(小さい車)で収集している地域,,,,,,水土,,,,,,,,,,,,,,,,火,,,,,,,,,,,,,,,,金,,,,,,,,,,,,,,,,,,,,,,,,,,,,
東住吉区,南田辺,1丁目,8番,上記以外,,,,,,水土,,,,,,,,,,,,,,,,,,,,,,,火,,,,,,,,,,,,,,,,金,,,,,,,,,,,,,,,,,,,,,
東住吉区,南田辺,1丁目,9番,軽四輪車(小さい車)で収集している地域,,,,,,水土,,,,,,,,,,,,,,,,火,,,,,,,,,,,,,,,,金,,,,,,,,,,,,,,,,,,,,,,,,,,,,
東住吉区,南田辺,1丁目,9番,上記以外,,,,,,水土,,,,,,,,,,,,,,,,,,,,,,,火,,,,,,,,,,,,,,,,金,,,,,,,,,,,,,,,,,,,,,
東住吉区,南田辺,1丁目,10番,軽四輪車(小さい車)で収集している地域,,,,,,水土,,,,,,,,,,,,,,,,火,,,,,,,,,,,,,,,,金,,,,,,,,,,,,,,,,,,,,,,,,,,,,
東住吉区,南田辺,1丁目,10番,上記以外,,,,,,水土,,,,,,,,,,,,,,,,,,,,,,,火,,,,,,,,,,,,,,,,金,,,,,,,,,,,,,,,,,,,,,
東住吉区,南田辺,2丁目,1番,,,,,,,,水土,,,,,,,,,,,,,,,,,,,,,,,,火,,,,,,,,,,,,,,,,金,,,,,,,,,,,,,,,,,,,
東住吉区,南田辺,2丁目,2番,,,,,,,,水土,,,,,,,,,,,,,,,,,,,,,,,,火,,,,,,,,,,,,,,,,金,,,,,,,,,,,,,,,,,,,
東住吉区,南田辺,2丁目,3番,,,,,,,,水土,,,,,,,,,,,,,,,,,,,,,,,,火,,,,,,,,,,,,,,,,金,,,,,,,,,,,,,,,,,,,
東住吉区,南田辺,2丁目,4番,,,,,,,,水土,,,,,,,,,,,,,,,,,,,,,,,,火,,,,,,,,,,,,,,,,金,,,,,,,,,,,,,,,,,,,
東住吉区,南田辺,2丁目,5番,,,,,,,,水土,,,,,,,,,,,,,,,,,,,,,,,,火,,,,,,,,,,,,,,,,金,,,,,,,,,,,,,,,,,,,
東住吉区,南田辺,2丁目,6番,,,,,,,,水土,,,,,,,,,,,,,,,,,,,,,,,,火,,,,,,,,,,,,,,,,金,,,,,,,,,,,,,,,,,,,
東住吉区,南田辺,2丁目,7番,,,,,,,,水土,,,,,,,,,,,,,,,,,,,,,,,,火,,,,,,,,,,,,,,,,金,,,,,,,,,,,,,,,,,,,
東住吉区,南田辺,2丁目,8番,,,,,,,,水土,,,,,,,,,,,,,,,,,,,,,,,,火,,,,,,,,,,,,,,,,金,,,,,,,,,,,,,,,,,,,
東住吉区,南田辺,2丁目,9番,,,,,,,,水土,,,,,,,,,,,,,,,,,,,,,,,,火,,,,,,,,,,,,,,,,金,,,,,,,,,,,,,,,,,,,
東住吉区,南田辺,2丁目,10番,,,,,,,,水土,,,,,,,,,,,,,,,,,,,,,,,,火,,,,,,,,,,,,,,,,金,,,,,,,,,,,,,,,,,,,
東住吉区,南田辺,2丁目,11番,,,,,,,,水土,,,,,,,,,,,,,,,,,,,,,,,,火,,,,,,,,,,,,,,,,金,,,,,,,,,,,,,,,,,,,
東住吉区,南田辺,2丁目,12番,,,,,,,,水土,,,,,,,,,,,,,,,,,,,,,,,,火,,,,,,,,,,,,,,,,金,,,,,,,,,,,,,,,,,,,
東住吉区,南田辺,2丁目,13番,,,,,,,,水土,,,,,,,,,,,,,,,,,,,,,,,,火,,,,,,,,,,,,,,,,金,,,,,,,,,,,,,,,,,,,
東住吉区,南田辺,2丁目,14番,,,,,,,,水土,,,,,,,,,,,,,,,,,,,,,,,,火,,,,,,,,,,,,,,,,金,,,,,,,,,,,,,,,,,,,
東住吉区,南田辺,3丁目,1番,,,,,,,,水土,,,,,,,,,,,,,,,,,,,,,,,,火,,,,,,,,,,,,,,,,金,,,,,,,,,,,,,,,,,,,
東住吉区,南田辺,3丁目,2番,,,,,,,,水土,,,,,,,,,,,,,,,,,,,,,,,,火,,,,,,,,,,,,,,,,金,,,,,,,,,,,,,,,,,,,
東住吉区,南田辺,3丁目,3番,,,,,,,,水土,,,,,,,,,,,,,,,,,,,,,,,,火,,,,,,,,,,,,,,,,金,,,,,,,,,,,,,,,,,,,
東住吉区,南田辺,3丁目,4番,,,,,,,,水土,,,,,,,,,,,,,,,,,,,,,,,,火,,,,,,,,,,,,,,,,金,,,,,,,,,,,,,,,,,,,
東住吉区,南田辺,3丁目,5番,,,,,,,,水土,,,,,,,,,,,,,,,,,,,,,,,,火,,,,,,,,,,,,,,,,金,,,,,,,,,,,,,,,,,,,
東住吉区,南田辺,3丁目,6番,,,,,,,,水土,,,,,,,,,,,,,,,,,,,,,,,,火,,,,,,,,,,,,,,,,金,,,,,,,,,,,,,,,,,,,
東住吉区,南田辺,3丁目,7番,,,,,,,,水土,,,,,,,,,,,,,,,,,,,,,,,,火,,,,,,,,,,,,,,,,金,,,,,,,,,,,,,,,,,,,
東住吉区,南田辺,3丁目,8番,,,,,,,,水土,,,,,,,,,,,,,,,,,,,,,,,,火,,,,,,,,,,,,,,,,金,,,,,,,,,,,,,,,,,,,
東住吉区,南田辺,3丁目,9番,,,,,,,,水土,,,,,,,,,,,,,,,,,,,,,,,,火,,,,,,,,,,,,,,,,金,,,,,,,,,,,,,,,,,,,
東住吉区,南田辺,3丁目,10番,,,,,,,,水土,,,,,,,,,,,,,,,,,,,,,,,,火,,,,,,,,,,,,,,,,金,,,,,,,,,,,,,,,,,,,
東住吉区,南田辺,3丁目,11番,,,,,,,,水土,,,,,,,,,,,,,,,,,,,,,,,,火,,,,,,,,,,,,,,,,金,,,,,,,,,,,,,,,,,,,
東住吉区,南田辺,3丁目,12番,,,,,,,,水土,,,,,,,,,,,,,,,,,,,,,,,,火,,,,,,,,,,,,,,,,金,,,,,,,,,,,,,,,,,,,
東住吉区,南田辺,3丁目,13番,,,,,,,,水土,,,,,,,,,,,,,,,,,,,,,,,,火,,,,,,,,,,,,,,,,金,,,,,,,,,,,,,,,,,,,
東住吉区,南田辺,3丁目,14番,,,,,,,,水土,,,,,,,,,,,,,,,,,,,,,,,,火,,,,,,,,,,,,,,,,金,,,,,,,,,,,,,,,,,,,
東住吉区,南田辺,3丁目,15番,,,,,,,,水土,,,,,,,,,,,,,,,,,,,,,,,,火,,,,,,,,,,,,,,,,金,,,,,,,,,,,,,,,,,,,
東住吉区,南田辺,3丁目,16番,,,,,,,,水土,,,,,,,,,,,,,,,,,,,,,,,,火,,,,,,,,,,,,,,,,金,,,,,,,,,,,,,,,,,,,
東住吉区,南田辺,3丁目,17番,,,,,,,,水土,,,,,,,,,,,,,,,,,,,,,,,,火,,,,,,,,,,,,,,,,金,,,,,,,,,,,,,,,,,,,
東住吉区,南田辺,3丁目,18番,,,,,,,,水土,,,,,,,,,,,,,,,,,,,,,,,,火,,,,,,,,,,,,,,,,金,,,,,,,,,,,,,,,,,,,
東住吉区,南田辺,3丁目,19番,,,,,,,,水土,,,,,,,,,,,,,,,,,,,,,,,,火,,,,,,,,,,,,,,,,金,,,,,,,,,,,,,,,,,,,
東住吉区,南田辺,3丁目,20番,,,,,,,,水土,,,,,,,,,,,,,,,,,,,,,,,,火,,,,,,,,,,,,,,,,金,,,,,,,,,,,,,,,,,,,
東住吉区,南田辺,3丁目,21番,,,,,,,,水土,,,,,,,,,,,,,,,,,,,,,,,,火,,,,,,,,,,,,,,,,金,,,,,,,,,,,,,,,,,,,
東住吉区,南田辺,3丁目,22番,,,,,,,,水土,,,,,,,,,,,,,,,,,,,,,,,,火,,,,,,,,,,,,,,,,金,,,,,,,,,,,,,,,,,,,
東住吉区,南田辺,3丁目,23番,,,,,,,,水土,,,,,,,,,,,,,,,,,,,,,,,,火,,,,,,,,,,,,,,,,金,,,,,,,,,,,,,,,,,,,
東住吉区,南田辺,3丁目,24番,,,,,,,,水土,,,,,,,,,,,,,,,,,,,,,,,,火,,,,,,,,,,,,,,,,金,,,,,,,,,,,,,,,,,,,
東住吉区,南田辺,3丁目,25番,,,,,,,,水土,,,,,,,,,,,,,,,,,,,,,,,,火,,,,,,,,,,,,,,,,金,,,,,,,,,,,,,,,,,,,
東住吉区,南田辺,3丁目,26番,,,,,,,,水土,,,,,,,,,,,,,,,,,,,,,,,,火,,,,,,,,,,,,,,,,金,,,,,,,,,,,,,,,,,,,
東住吉区,南田辺,3丁目,27番,,,,,,,,水土,,,,,,,,,,,,,,,,,,,,,,,,火,,,,,,,,,,,,,,,,金,,,,,,,,,,,,,,,,,,,
東住吉区,南田辺,3丁目,28番,,,,,,,,水土,,,,,,,,,,,,,,,,,,,,,,,,火,,,,,,,,,,,,,,,,金,,,,,,,,,,,,,,,,,,,
東住吉区,南田辺,4丁目,1番,,,,,,,,水土,,,,,,,,,,,,,,,,,,,,,,,,火,,,,,,,,,,,,,,,,金,,,,,,,,,,,,,,,,,,,
東住吉区,南田辺,4丁目,2番,,,,,,,,水土,,,,,,,,,,,,,,,,,,,,,,,,火,,,,,,,,,,,,,,,,金,,,,,,,,,,,,,,,,,,,
東住吉区,南田辺,4丁目,3番,,,,,,,,水土,,,,,,,,,,,,,,,,,,,,,,,,火,,,,,,,,,,,,,,,,金,,,,,,,,,,,,,,,,,,,
東住吉区,南田辺,4丁目,4番,,,,,,,,水土,,,,,,,,,,,,,,,,,,,,,,,,火,,,,,,,,,,,,,,,,金,,,,,,,,,,,,,,,,,,,
東住吉区,南田辺,4丁目,5番,,,,,,,,水土,,,,,,,,,,,,,,,,,,,,,,,,火,,,,,,,,,,,,,,,,金,,,,,,,,,,,,,,,,,,,
東住吉区,南田辺,4丁目,6番,,,,,,,,水土,,,,,,,,,,,,,,,,,,,,,,,,火,,,,,,,,,,,,,,,,金,,,,,,,,,,,,,,,,,,,
東住吉区,南田辺,4丁目,7番,,,,,,,,水土,,,,,,,,,,,,,,,,,,,,,,,,火,,,,,,,,,,,,,,,,金,,,,,,,,,,,,,,,,,,,
東住吉区,南田辺,4丁目,8番,,,,,,,,水土,,,,,,,,,,,,,,,,,,,,,,,,火,,,,,,,,,,,,,,,,金,,,,,,,,,,,,,,,,,,,
東住吉区,南田辺,4丁目,9番,,,,,,,,水土,,,,,,,,,,,,,,,,,,,,,,,,火,,,,,,,,,,,,,,,,金,,,,,,,,,,,,,,,,,,,
東住吉区,南田辺,5丁目,1番,,,,,,,,水土,,,,,,,,,,,,,,,,,,,,,,,,火,,,,,,,,,,,,,,,,金,,,,,,,,,,,,,,,,,,,
東住吉区,南田辺,5丁目,2番,,,,,,,,水土,,,,,,,,,,,,,,,,,,,,,,,,火,,,,,,,,,,,,,,,,金,,,,,,,,,,,,,,,,,,,
東住吉区,南田辺,5丁目,3番,,,,,,,,水土,,,,,,,,,,,,,,,,,,,,,,,,火,,,,,,,,,,,,,,,,金,,,,,,,,,,,,,,,,,,,
東住吉区,南田辺,5丁目,4番,,,,,,,,水土,,,,,,,,,,,,,,,,,,,,,,,,火,,,,,,,,,,,,,,,,金,,,,,,,,,,,,,,,,,,,
東住吉区,南田辺,5丁目,5番,,,,,,,,水土,,,,,,,,,,,,,,,,,,,,,,,,火,,,,,,,,,,,,,,,,金,,,,,,,,,,,,,,,,,,,
東住吉区,南田辺,5丁目,6番,,,,,,,,水土,,,,,,,,,,,,,,,,,,,,,,,,火,,,,,,,,,,,,,,,,金,,,,,,,,,,,,,,,,,,,
東住吉区,南田辺,5丁目,7番,,,,,,,,水土,,,,,,,,,,,,,,,,,,,,,,,,火,,,,,,,,,,,,,,,,金,,,,,,,,,,,,,,,,,,,
東住吉区,南田辺,5丁目,8番,,,,,,,,水土,,,,,,,,,,,,,,,,,,,,,,,,火,,,,,,,,,,,,,,,,金,,,,,,,,,,,,,,,,,,,
東住吉区,南田辺,5丁目,9番,,,,,,,,水土,,,,,,,,,,,,,,,,,,,,,,,,火,,,,,,,,,,,,,,,,金,,,,,,,,,,,,,,,,,,,
東住吉区,南田辺,5丁目,10番,,,,,,,,水土,,,,,,,,,,,,,,,,,,,,,,,,火,,,,,,,,,,,,,,,,金,,,,,,,,,,,,,,,,,,,
東住吉区,南田辺,5丁目,11番,,,,,,,,水土,,,,,,,,,,,,,,,,,,,,,,,,火,,,,,,,,,,,,,,,,金,,,,,,,,,,,,,,,,,,,
東住吉区,南田辺,5丁目,12番,,,,,,,,水土,,,,,,,,,,,,,,,,,,,,,,,,火,,,,,,,,,,,,,,,,金,,,,,,,,,,,,,,,,,,,
東住吉区,南田辺,5丁目,13番,,,,,,,,水土,,,,,,,,,,,,,,,,,,,,,,,,火,,,,,,,,,,,,,,,,金,,,,,,,,,,,,,,,,,,,
東住吉区,南田辺,5丁目,14番,,,,,,,,水土,,,,,,,,,,,,,,,,,,,,,,,,火,,,,,,,,,,,,,,,,金,,,,,,,,,,,,,,,,,,,
東住吉区,南田辺,5丁目,16番,,,,,,,,水土,,,,,,,,,,,,,,,,,,,,,,,,火,,,,,,,,,,,,,,,,金,,,,,,,,,,,,,,,,,,,
東住吉区,南田辺,5丁目,17番,,,,,,,,水土,,,,,,,,,,,,,,,,,,,,,,,,火,,,,,,,,,,,,,,,,金,,,,,,,,,,,,,,,,,,,
東住吉区,南田辺,5丁目,18番,,,,,,,,水土,,,,,,,,,,,,,,,,,,,,,,,,火,,,,,,,,,,,,,,,,金,,,,,,,,,,,,,,,,,,,
東住吉区,南田辺,5丁目,19番,,,,,,,,水土,,,,,,,,,,,,,,,,,,,,,,,,火,,,,,,,,,,,,,,,,金,,,,,,,,,,,,,,,,,,,
東住吉区,南田辺,5丁目,20番,,,,,,,,水土,,,,,,,,,,,,,,,,,,,,,,,,火,,,,,,,,,,,,,,,,金,,,,,,,,,,,,,,,,,,,
東住吉区,南田辺,5丁目,21番,,,,,,,,水土,,,,,,,,,,,,,,,,,,,,,,,,火,,,,,,,,,,,,,,,,金,,,,,,,,,,,,,,,,,,,
東住吉区,南田辺,5丁目,23番,,,,,,,,水土,,,,,,,,,,,,,,,,,,,,,,,,火,,,,,,,,,,,,,,,,金,,,,,,,,,,,,,,,,,,,
東住吉区,南田辺,5丁目,24番,,,,,,,,水土,,,,,,,,,,,,,,,,,,,,,,,,火,,,,,,,,,,,,,,,,金,,,,,,,,,,,,,,,,,,,
東住吉区,南田辺,5丁目,25番,,,,,,,,水土,,,,,,,,,,,,,,,,,,,,,,,,火,,,,,,,,,,,,,,,,金,,,,,,,,,,,,,,,,,,,
東住吉区,南田辺,5丁目,26番,,,,,,,,水土,,,,,,,,,,,,,,,,,,,,,,,,火,,,,,,,,,,,,,,,,金,,,,,,,,,,,,,,,,,,,
東住吉区,南田辺,5丁目,27番,,,,,,,,水土,,,,,,,,,,,,,,,,,,,,,,,,火,,,,,,,,,,,,,,,,金,,,,,,,,,,,,,,,,,,,
東住吉区,南田辺,5丁目,28番,,,,,,,,水土,,,,,,,,,,,,,,,,,,,,,,,,火,,,,,,,,,,,,,,,,金,,,,,,,,,,,,,,,,,,,
東住吉区,南田辺,5丁目,29番,,,,,,,,水土,,,,,,,,,,,,,,,,,,,,,,,,火,,,,,,,,,,,,,,,,金,,,,,,,,,,,,,,,,,,,
東住吉区,南田辺,5丁目,30番,,,,,,,,水土,,,,,,,,,,,,,,,,,,,,,,,,火,,,,,,,,,,,,,,,,金,,,,,,,,,,,,,,,,,,,
東住吉区,矢田,1丁目,1番,,,,,,,,,,,,,,,,月木,,,,,,,,,,,,,,,,水,,,,,,,,,,,,,,,,土,,,,,水,,,,,,,,,,,,,,
東住吉区,矢田,1丁目,2番,,,,,,,,,,,,,,,,月木,,,,,,,,,,,,,,,,水,,,,,,,,,,,,,,,,土,,,,,水,,,,,,,,,,,,,,
東住吉区,矢田,1丁目,3番,,,,,,,,,,,,,,,,月木,,,,,,,,,,,,,,,,水,,,,,,,,,,,,,,,,土,,,,,水,,,,,,,,,,,,,,
東住吉区,矢田,1丁目,4番,,,,,,,,,,,,,,,,月木,,,,,,,,,,,,,,,,水,,,,,,,,,,,,,,,,土,,,,,水,,,,,,,,,,,,,,
東住吉区,矢田,1丁目,5番,,,,,,,,,,,,,,,,月木,,,,,,,,,,,,,,,,水,,,,,,,,,,,,,,,,土,,,,,水,,,,,,,,,,,,,,
東住吉区,矢田,1丁目,6番,,,,,,,,,,,,,,,,月木,,,,,,,,,,,,,,,,水,,,,,,,,,,,,,,,,土,,,,,水,,,,,,,,,,,,,,
東住吉区,矢田,1丁目,7番,,,,,,,,,,,,,,,,月木,,,,,,,,,,,,,,,,水,,,,,,,,,,,,,,,,土,,,,,水,,,,,,,,,,,,,,
東住吉区,矢田,1丁目,8番,,,,,,,,,,,,,,,,月木,,,,,,,,,,,,,,,,水,,,,,,,,,,,,,,,,土,,,,,水,,,,,,,,,,,,,,
東住吉区,矢田,1丁目,9番,,,,,,,,,,,,,,,,月木,,,,,,,,,,,,,,,,水,,,,,,,,,,,,,,,,土,,,,,水,,,,,,,,,,,,,,
東住吉区,矢田,1丁目,10番,,,,,,,,,,,,,,,,月木,,,,,,,,,,,,,,,,水,,,,,,,,,,,,,,,,土,,,,,水,,,,,,,,,,,,,,
東住吉区,矢田,1丁目,11番,,,,,,,,,,,,,,,,月木,,,,,,,,,,,,,,,,水,,,,,,,,,,,,,,,,土,,,,,水,,,,,,,,,,,,,,
東住吉区,矢田,1丁目,12番,,,,,,,,,,,,,,,,月木,,,,,,,,,,,,,,,,水,,,,,,,,,,,,,,,,土,,,,,水,,,,,,,,,,,,,,
東住吉区,矢田,1丁目,13番,,,,,,,,,,,,,,,,月木,,,,,,,,,,,,,,,,水,,,,,,,,,,,,,,,,土,,,,,水,,,,,,,,,,,,,,
東住吉区,矢田,1丁目,14番,,,,,,,,,,,,,,,,月木,,,,,,,,,,,,,,,,水,,,,,,,,,,,,,,,,土,,,,,水,,,,,,,,,,,,,,
東住吉区,矢田,1丁目,15番,,,,,,,,,,,,,,,,月木,,,,,,,,,,,,,,,,水,,,,,,,,,,,,,,,,土,,,,,水,,,,,,,,,,,,,,
東住吉区,矢田,1丁目,16番,,,,,,,,,,,,,,,,月木,,,,,,,,,,,,,,,,水,,,,,,,,,,,,,,,,土,,,,,水,,,,,,,,,,,,,,
東住吉区,矢田,1丁目,17番,,,,,,,,,,,,,,,,月木,,,,,,,,,,,,,,,,水,,,,,,,,,,,,,,,,土,,,,,水,,,,,,,,,,,,,,
東住吉区,矢田,1丁目,18番,,,,,,,,,,,,,,,,月木,,,,,,,,,,,,,,,,水,,,,,,,,,,,,,,,,土,,,,,水,,,,,,,,,,,,,,
東住吉区,矢田,1丁目,19番,,,,,,,,,,,,,,,,月木,,,,,,,,,,,,,,,,水,,,,,,,,,,,,,,,,土,,,,,水,,,,,,,,,,,,,,
東住吉区,矢田,1丁目,20番,,,,,,,,,,,,,,,,月木,,,,,,,,,,,,,,,,水,,,,,,,,,,,,,,,,土,,,,,水,,,,,,,,,,,,,,
東住吉区,矢田,1丁目,21番,,,,,,,,,,,,,,,,月木,,,,,,,,,,,,,,,,水,,,,,,,,,,,,,,,,土,,,,,水,,,,,,,,,,,,,,
東住吉区,矢田,1丁目,22番,,,,,,,,,,,,,,,,月木,,,,,,,,,,,,,,,,水,,,,,,,,,,,,,,,,土,,,,,水,,,,,,,,,,,,,,
東住吉区,矢田,1丁目,23番,,,,,,,,,,,,,,,,月木,,,,,,,,,,,,,,,,水,,,,,,,,,,,,,,,,土,,,,,水,,,,,,,,,,,,,,
東住吉区,矢田,1丁目,24番,,,,,,,,,,,,,,,,月木,,,,,,,,,,,,,,,,水,,,,,,,,,,,,,,,,土,,,,,水,,,,,,,,,,,,,,
東住吉区,矢田,1丁目,25番,,,,,,,,,,,,,,,,月木,,,,,,,,,,,,,,,,水,,,,,,,,,,,,,,,,土,,,,,水,,,,,,,,,,,,,,
東住吉区,矢田,1丁目,26番,,,,,,,,,,,,,,,,月木,,,,,,,,,,,,,,,,水,,,,,,,,,,,,,,,,土,,,,,水,,,,,,,,,,,,,,
東住吉区,矢田,1丁目,27番,,,,,,,,,,,,,,,,月木,,,,,,,,,,,,,,,,水,,,,,,,,,,,,,,,,土,,,,,水,,,,,,,,,,,,,,
東住吉区,矢田,2丁目,1番,,,,,,,,,,,,,,,,月木,,,,,,,,,,,,,,,,水,,,,,,,,,,,,,,,,土,,,,,水,,,,,,,,,,,,,,
東住吉区,矢田,2丁目,2番,,,,,,,,,,,,,,,,月木,,,,,,,,,,,,,,,,水,,,,,,,,,,,,,,,,土,,,,,水,,,,,,,,,,,,,,
東住吉区,矢田,2丁目,3番,,,,,,,,,,,,,,,,月木,,,,,,,,,,,,,,,,水,,,,,,,,,,,,,,,,土,,,,,水,,,,,,,,,,,,,,
東住吉区,矢田,2丁目,4番,,,,,,,,,,,,,,,,月木,,,,,,,,,,,,,,,,水,,,,,,,,,,,,,,,,土,,,,,水,,,,,,,,,,,,,,
東住吉区,矢田,2丁目,5番,,,,,,,,,,,,,,,,月木,,,,,,,,,,,,,,,,水,,,,,,,,,,,,,,,,土,,,,,水,,,,,,,,,,,,,,
東住吉区,矢田,2丁目,6番,,,,,,,,,,,,,,,,月木,,,,,,,,,,,,,,,,水,,,,,,,,,,,,,,,,土,,,,,水,,,,,,,,,,,,,,
東住吉区,矢田,2丁目,7番,,,,,,,,,,,,,,,,月木,,,,,,,,,,,,,,,,水,,,,,,,,,,,,,,,,土,,,,,水,,,,,,,,,,,,,,
東住吉区,矢田,2丁目,8番,,,,,,,,,,,,,,,,月木,,,,,,,,,,,,,,,,水,,,,,,,,,,,,,,,,土,,,,,水,,,,,,,,,,,,,,
東住吉区,矢田,2丁目,9番,,,,,,,,,,,,,,,,月木,,,,,,,,,,,,,,,,水,,,,,,,,,,,,,,,,土,,,,,水,,,,,,,,,,,,,,
東住吉区,矢田,2丁目,10番,,,,,,,,,,,,,,,,月木,,,,,,,,,,,,,,,,水,,,,,,,,,,,,,,,,土,,,,,水,,,,,,,,,,,,,,
東住吉区,矢田,2丁目,11番,,,,,,,,,,,,,,,,月木,,,,,,,,,,,,,,,,水,,,,,,,,,,,,,,,,土,,,,,水,,,,,,,,,,,,,,
東住吉区,矢田,2丁目,12番,,,,,,,,,,,,,,,,月木,,,,,,,,,,,,,,,,水,,,,,,,,,,,,,,,,土,,,,,水,,,,,,,,,,,,,,
東住吉区,矢田,2丁目,13番,,,,,,,,,,,,,,,,月木,,,,,,,,,,,,,,,,水,,,,,,,,,,,,,,,,土,,,,,水,,,,,,,,,,,,,,
東住吉区,矢田,2丁目,14番,,,,,,,,,,,,,,,,月木,,,,,,,,,,,,,,,,水,,,,,,,,,,,,,,,,土,,,,,水,,,,,,,,,,,,,,
東住吉区,矢田,2丁目,15番,,,,,,,,,,,,,,,,月木,,,,,,,,,,,,,,,,水,,,,,,,,,,,,,,,,土,,,,,水,,,,,,,,,,,,,,
東住吉区,矢田,2丁目,16番,,,,,,,,,,,,,,,,月木,,,,,,,,,,,,,,,,水,,,,,,,,,,,,,,,,土,,,,,水,,,,,,,,,,,,,,
東住吉区,矢田,2丁目,17番,,,,,,,,,,,,,,,,月木,,,,,,,,,,,,,,,,水,,,,,,,,,,,,,,,,土,,,,,水,,,,,,,,,,,,,,
東住吉区,矢田,2丁目,18番,,,,,,,,,,,,,,,,月木,,,,,,,,,,,,,,,,水,,,,,,,,,,,,,,,,土,,,,,水,,,,,,,,,,,,,,
東住吉区,矢田,2丁目,19番,,,,,,,,,,,,,,,,月木,,,,,,,,,,,,,,,,水,,,,,,,,,,,,,,,,土,,,,,水,,,,,,,,,,,,,,
東住吉区,矢田,2丁目,20番,,,,,,,,,,,,,,,,月木,,,,,,,,,,,,,,,,水,,,,,,,,,,,,,,,,土,,,,,水,,,,,,,,,,,,,,
東住吉区,矢田,2丁目,21番,,,,,,,,,,,,,,,,月木,,,,,,,,,,,,,,,,水,,,,,,,,,,,,,,,,土,,,,,水,,,,,,,,,,,,,,
東住吉区,矢田,2丁目,22番,,,,,,,,,,,,,,,,月木,,,,,,,,,,,,,,,,水,,,,,,,,,,,,,,,,土,,,,,水,,,,,,,,,,,,,,
東住吉区,矢田,2丁目,23番,,,,,,,,,,,,,,,,月木,,,,,,,,,,,,,,,,水,,,,,,,,,,,,,,,,土,,,,,水,,,,,,,,,,,,,,
東住吉区,矢田,2丁目,24番,,,,,,,,,,,,,,,,月木,,,,,,,,,,,,,,,,水,,,,,,,,,,,,,,,,土,,,,,水,,,,,,,,,,,,,,
東住吉区,矢田,2丁目,25番,,,,,,,,,,,,,,,,月木,,,,,,,,,,,,,,,,水,,,,,,,,,,,,,,,,土,,,,,水,,,,,,,,,,,,,,
東住吉区,矢田,3丁目,1番,,,,,,,,,,,,,,,,月木,,,,,,,,,,,,,,,,水,,,,,,,,,,,,,,,,土,,,,,水,,,,,,,,,,,,,,
東住吉区,矢田,3丁目,2番,,,,,,,,,,,,,,,,月木,,,,,,,,,,,,,,,,水,,,,,,,,,,,,,,,,土,,,,,水,,,,,,,,,,,,,,
東住吉区,矢田,3丁目,3番,,,,,,,,,,,,,,,,月木,,,,,,,,,,,,,,,,水,,,,,,,,,,,,,,,,土,,,,,水,,,,,,,,,,,,,,
東住吉区,矢田,3丁目,4番,,,,,,,,,,,,,,,,月木,,,,,,,,,,,,,,,,水,,,,,,,,,,,,,,,,土,,,,,水,,,,,,,,,,,,,,
東住吉区,矢田,3丁目,5番,,,,,,,,,,,,,,,,月木,,,,,,,,,,,,,,,,水,,,,,,,,,,,,,,,,土,,,,,水,,,,,,,,,,,,,,
東住吉区,矢田,3丁目,6番,,,,,,,,,,,,,,,,月木,,,,,,,,,,,,,,,,水,,,,,,,,,,,,,,,,土,,,,,水,,,,,,,,,,,,,,
東住吉区,矢田,3丁目,7番,,,,,,,,,,,,,,,,月木,,,,,,,,,,,,,,,,水,,,,,,,,,,,,,,,,土,,,,,水,,,,,,,,,,,,,,
東住吉区,矢田,3丁目,8番,,,,,,,,,,,,,,,,月木,,,,,,,,,,,,,,,,水,,,,,,,,,,,,,,,,土,,,,,水,,,,,,,,,,,,,,
東住吉区,矢田,3丁目,9番,,,,,,,,,,,,,,,,月木,,,,,,,,,,,,,,,,水,,,,,,,,,,,,,,,,土,,,,,水,,,,,,,,,,,,,,
東住吉区,矢田,3丁目,10番,,,,,,,,,,,,,,,,月木,,,,,,,,,,,,,,,,水,,,,,,,,,,,,,,,,土,,,,,水,,,,,,,,,,,,,,
東住吉区,矢田,3丁目,11番,,,,,,,,,,,,,,,,月木,,,,,,,,,,,,,,,,水,,,,,,,,,,,,,,,,土,,,,,水,,,,,,,,,,,,,,
東住吉区,矢田,3丁目,12番,,,,,,,,,,,,,,,,月木,,,,,,,,,,,,,,,,水,,,,,,,,,,,,,,,,土,,,,,水,,,,,,,,,,,,,,
東住吉区,矢田,3丁目,13番,,,,,,,,,,,,,,,,月木,,,,,,,,,,,,,,,,水,,,,,,,,,,,,,,,,土,,,,,水,,,,,,,,,,,,,,
東住吉区,矢田,3丁目,14番,,,,,,,,,,,,,,,,月木,,,,,,,,,,,,,,,,水,,,,,,,,,,,,,,,,土,,,,,水,,,,,,,,,,,,,,
東住吉区,矢田,3丁目,15番,,,,,,,,,,,,,,,,月木,,,,,,,,,,,,,,,,水,,,,,,,,,,,,,,,,土,,,,,水,,,,,,,,,,,,,,
東住吉区,矢田,3丁目,16番,,,,,,,,,,,,,,,,月木,,,,,,,,,,,,,,,,水,,,,,,,,,,,,,,,,土,,,,,水,,,,,,,,,,,,,,
東住吉区,矢田,4丁目,1番,,,,,,,,,,,,,,,,月木,,,,,,,,,,,,,,,,水,,,,,,,,,,,,,,,,土,,,,,水,,,,,,,,,,,,,,
東住吉区,矢田,4丁目,2番,,,,,,,,,,,,,,,,月木,,,,,,,,,,,,,,,,水,,,,,,,,,,,,,,,,土,,,,,水,,,,,,,,,,,,,,
東住吉区,矢田,4丁目,3番,,,,,,,,,,,,,,,,月木,,,,,,,,,,,,,,,,水,,,,,,,,,,,,,,,,土,,,,,水,,,,,,,,,,,,,,
東住吉区,矢田,4丁目,4番,,,,,,,,,,,,,,,,月木,,,,,,,,,,,,,,,,水,,,,,,,,,,,,,,,,土,,,,,水,,,,,,,,,,,,,,
東住吉区,矢田,4丁目,5番,,,,,,,,,,,,,,,,月木,,,,,,,,,,,,,,,,水,,,,,,,,,,,,,,,,土,,,,,水,,,,,,,,,,,,,,
東住吉区,矢田,4丁目,6番,,,,,,,,,,,,,,,,月木,,,,,,,,,,,,,,,,水,,,,,,,,,,,,,,,,土,,,,,水,,,,,,,,,,,,,,
東住吉区,矢田,4丁目,7番,,,,,,,,,,,,,,,,月木,,,,,,,,,,,,,,,,水,,,,,,,,,,,,,,,,土,,,,,水,,,,,,,,,,,,,,
東住吉区,矢田,4丁目,8番,,,,,,,,,,,,,,,,月木,,,,,,,,,,,,,,,,水,,,,,,,,,,,,,,,,土,,,,,水,,,,,,,,,,,,,,
東住吉区,矢田,4丁目,9番,,,,,,,,,,,,,,,,月木,,,,,,,,,,,,,,,,水,,,,,,,,,,,,,,,,土,,,,,水,,,,,,,,,,,,,,
東住吉区,矢田,4丁目,10番,,,,,,,,,,,,,,,,月木,,,,,,,,,,,,,,,,水,,,,,,,,,,,,,,,,土,,,,,水,,,,,,,,,,,,,,
東住吉区,矢田,4丁目,11番,,,,,,,,,,,,,,,,月木,,,,,,,,,,,,,,,,水,,,,,,,,,,,,,,,,土,,,,,水,,,,,,,,,,,,,,
東住吉区,矢田,4丁目,12番,,,,,,,,,,,,,,,,月木,,,,,,,,,,,,,,,,水,,,,,,,,,,,,,,,,土,,,,,水,,,,,,,,,,,,,,
東住吉区,矢田,4丁目,13番,,,,,,,,,,,,,,,,月木,,,,,,,,,,,,,,,,水,,,,,,,,,,,,,,,,土,,,,,水,,,,,,,,,,,,,,
東住吉区,矢田,4丁目,14番,,,,,,,,,,,,,,,,月木,,,,,,,,,,,,,,,,水,,,,,,,,,,,,,,,,土,,,,,水,,,,,,,,,,,,,,
東住吉区,矢田,4丁目,15番,,,,,,,,,,,,,,,,月木,,,,,,,,,,,,,,,,水,,,,,,,,,,,,,,,,土,,,,,水,,,,,,,,,,,,,,
東住吉区,矢田,4丁目,16番,,,,,,,,,,,,,,,,月木,,,,,,,,,,,,,,,,水,,,,,,,,,,,,,,,,土,,,,,水,,,,,,,,,,,,,,
東住吉区,矢田,4丁目,17番,,,,,,,,,,,,,,,,月木,,,,,,,,,,,,,,,,水,,,,,,,,,,,,,,,,土,,,,,水,,,,,,,,,,,,,,
東住吉区,矢田,4丁目,18番,,,,,,,,,,,,,,,,月木,,,,,,,,,,,,,,,,水,,,,,,,,,,,,,,,,土,,,,,水,,,,,,,,,,,,,,
東住吉区,矢田,4丁目,19番,,,,,,,,,,,,,,,,月木,,,,,,,,,,,,,,,,水,,,,,,,,,,,,,,,,土,,,,,水,,,,,,,,,,,,,,
東住吉区,矢田,5丁目,1番,,,,,,,,,,,,,,,,月木,,,,,,,,,,,,,,,,水,,,,,,,,,,,,,,,,土,,,,,水,,,,,,,,,,,,,,
東住吉区,矢田,5丁目,2番,,,,,,,,,,,,,,,,月木,,,,,,,,,,,,,,,,水,,,,,,,,,,,,,,,,土,,,,,,水,,,,,,,,,,,,,
東住吉区,矢田,5丁目,7番,,,,,,,,,,,,,,,,月木,,,,,,,,,,,,,,,,水,,,,,,,,,,,,,,,,土,,,,,,水,,,,,,,,,,,,,
東住吉区,矢田,5丁目,9番,,,,,,,,,,,,,,,,月木,,,,,,,,,,,,,,,,水,,,,,,,,,,,,,,,,土,,,,,水,,,,,,,,,,,,,,
東住吉区,矢田,5丁目,10番,,,,,,,,,,,,,,,,月木,,,,,,,,,,,,,,,,水,,,,,,,,,,,,,,,,土,,,,,,水,,,,,,,,,,,,,
東住吉区,矢田,5丁目,11番,,,,,,,,,,,,,,,,月木,,,,,,,,,,,,,,,,水,,,,,,,,,,,,,,,,土,,,,,水,,,,,,,,,,,,,,
東住吉区,矢田,5丁目,12番,,,,,,,,,,,,,,,,月木,,,,,,,,,,,,,,,,水,,,,,,,,,,,,,,,,土,,,,,水,,,,,,,,,,,,,,
東住吉区,矢田,5丁目,13番,,,,,,,,,,,,,,,,月木,,,,,,,,,,,,,,,,水,,,,,,,,,,,,,,,,土,,,,,水,,,,,,,,,,,,,,
東住吉区,矢田,6丁目,1番,,,,,,,,,,,,,,,,月木,,,,,,,,,,,,,,,,水,,,,,,,,,,,,,,,,土,,,,,,水,,,,,,,,,,,,,
東住吉区,矢田,6丁目,2番,,,,,,,,,,,,,,,,月木,,,,,,,,,,,,,,,,水,,,,,,,,,,,,,,,,土,,,,,,水,,,,,,,,,,,,,
東住吉区,矢田,6丁目,3番,,,,,,,,,,,,,,,,月木,,,,,,,,,,,,,,,,水,,,,,,,,,,,,,,,,土,,,,,,水,,,,,,,,,,,,,
東住吉区,矢田,6丁目,5番,,,,,,,,,,,,,,,,月木,,,,,,,,,,,,,,,,水,,,,,,,,,,,,,,,,土,,,,,,水,,,,,,,,,,,,,
東住吉区,矢田,6丁目,6番,,,,,,,,,,,,,,,,月木,,,,,,,,,,,,,,,,水,,,,,,,,,,,,,,,,土,,,,,,水,,,,,,,,,,,,,
東住吉区,矢田,6丁目,8番,,,,,,,,,,,,,,,,月木,,,,,,,,,,,,,,,,水,,,,,,,,,,,,,,,,土,,,,,,水,,,,,,,,,,,,,
東住吉区,矢田,6丁目,9番,,,,,,,,,,,,,,,,月木,,,,,,,,,,,,,,,,水,,,,,,,,,,,,,,,,土,,,,,,水,,,,,,,,,,,,,
東住吉区,矢田,6丁目,10番,,,,,,,,,,,,,,,,月木,,,,,,,,,,,,,,,,水,,,,,,,,,,,,,,,,土,,,,,,水,,,,,,,,,,,,,
東住吉区,矢田,6丁目,11番,,,,,,,,,,,,,,,,月木,,,,,,,,,,,,,,,,水,,,,,,,,,,,,,,,,土,,,,,,水,,,,,,,,,,,,,
東住吉区,矢田,6丁目,12番,,,,,,,,,,,,,,,,月木,,,,,,,,,,,,,,,,水,,,,,,,,,,,,,,,,土,,,,,,水,,,,,,,,,,,,,
東住吉区,矢田,7丁目,3番,,,,,,,,,,,,,,,,月木,,,,,,,,,,,,,,水,,,,,,,,,,,,,,,,土,,,,,,,水,,,,,,,,,,,,,,
東住吉区,矢田,7丁目,4番,,,,,,,,,,,,,,,,月木,,,,,,,,,,,,,,水,,,,,,,,,,,,,,,,土,,,,,,,水,,,,,,,,,,,,,,
東住吉区,矢田,7丁目,5番,,,,,,,,,,,,,,,,月木,,,,,,,,,,,,,,水,,,,,,,,,,,,,,,,土,,,,,,,水,,,,,,,,,,,,,,
東住吉区,矢田,7丁目,6番,,,,,,,,,,,,,,,,月木,,,,,,,,,,,,,,水,,,,,,,,,,,,,,,,土,,,,,,,水,,,,,,,,,,,,,,
東住吉区,矢田,7丁目,7番,,,,,,,,,,,,,,,,月木,,,,,,,,,,,,,,水,,,,,,,,,,,,,,,,土,,,,,,,水,,,,,,,,,,,,,,
東住吉区,矢田,7丁目,8番,,,,,,,,,,,,,,,,月木,,,,,,,,,,,,,,水,,,,,,,,,,,,,,,,土,,,,,,,水,,,,,,,,,,,,,,
東住吉区,矢田,7丁目,9番,,,,,,,,,,,,,,,,月木,,,,,,,,,,,,,,水,,,,,,,,,,,,,,,,土,,,,,,,水,,,,,,,,,,,,,,
東住吉区,矢田,7丁目,10番,,,,,,,,,,,,,,,,月木,,,,,,,,,,,,,,水,,,,,,,,,,,,,,,,土,,,,,,,水,,,,,,,,,,,,,,
東住吉区,矢田,7丁目,11番,,,,,,,,,,,,,,,,月木,,,,,,,,,,,,,,水,,,,,,,,,,,,,,,,土,,,,,,,水,,,,,,,,,,,,,,
東住吉区,矢田,7丁目,12番,,,,,,,,,,,,,,,,月木,,,,,,,,,,,,,,水,,,,,,,,,,,,,,,,土,,,,,,,水,,,,,,,,,,,,,,
東住吉区,矢田,7丁目,13番,,,,,,,,,,,,,,,,月木,,,,,,,,,,,,,,水,,,,,,,,,,,,,,,,土,,,,,,,水,,,,,,,,,,,,,,
東住吉区,矢田,7丁目,14番,,,,,,,,,,,,,,,,月木,,,,,,,,,,,,,,水,,,,,,,,,,,,,,,,土,,,,,,,水,,,,,,,,,,,,,,
東住吉区,矢田,7丁目,15番,,,,,,,,,,,,,,,,月木,,,,,,,,,,,,,,水,,,,,,,,,,,,,,,,土,,,,,,,水,,,,,,,,,,,,,,
東住吉区,矢田,7丁目,16番,,,,,,,,,,,,,,,,月木,,,,,,,,,,,,,,水,,,,,,,,,,,,,,,,土,,,,,,,水,,,,,,,,,,,,,,
東住吉区,矢田,7丁目,17番,,,,,,,,,,,,,,,,月木,,,,,,,,,,,,,,水,,,,,,,,,,,,,,,,土,,,,,,,水,,,,,,,,,,,,,,
東住吉区,矢田,7丁目,18番,,,,,,,,,,,,,,,,月木,,,,,,,,,,,,,,水,,,,,,,,,,,,,,,,土,,,,,,,水,,,,,,,,,,,,,,
東住吉区,矢田,7丁目,19番,,,,,,,,,,,,,,,,月木,,,,,,,,,,,,,,水,,,,,,,,,,,,,,,,土,,,,,,,水,,,,,,,,,,,,,,
東住吉区,山坂,1丁目,2番,,,,,,,,火金,,,,,,,,,,,,,,,,,,,,,,月,,,,,,,,,,,,,,,,木,,,,,,,金,,,,,,,,,,,,,,
東住吉区,山坂,1丁目,3番,,,,,,,,火金,,,,,,,,,,,,,,,,,,,,,,月,,,,,,,,,,,,,,,,木,,,,,,,金,,,,,,,,,,,,,,
東住吉区,山坂,1丁目,4番,,,,,,,,火金,,,,,,,,,,,,,,,,,,,,,,月,,,,,,,,,,,,,,,,木,,,,,,,金,,,,,,,,,,,,,,
東住吉区,山坂,1丁目,5番,,,,,,,,火金,,,,,,,,,,,,,,,,,,,,,,月,,,,,,,,,,,,,,,,木,,,,,,,金,,,,,,,,,,,,,,
東住吉区,山坂,1丁目,6番,,,,,,,,火金,,,,,,,,,,,,,,,,,,,,,,月,,,,,,,,,,,,,,,,木,,,,,,,金,,,,,,,,,,,,,,
東住吉区,山坂,1丁目,7番,,,,,,,,火金,,,,,,,,,,,,,,,,,,,,,,月,,,,,,,,,,,,,,,,木,,,,,,,金,,,,,,,,,,,,,,
東住吉区,山坂,1丁目,8番,,,,,,,,火金,,,,,,,,,,,,,,,,,,,,,,月,,,,,,,,,,,,,,,,木,,,,,,,金,,,,,,,,,,,,,,
東住吉区,山坂,1丁目,9番,,,,,,,,火金,,,,,,,,,,,,,,,,,,,,,,月,,,,,,,,,,,,,,,,木,,,,,,,金,,,,,,,,,,,,,,
東住吉区,山坂,1丁目,10番,,,,,,,,火金,,,,,,,,,,,,,,,,,,,,,,月,,,,,,,,,,,,,,,,木,,,,,,,金,,,,,,,,,,,,,,
東住吉区,山坂,1丁目,11番,,,,,,,,月木,,,,,,,,,,,,,,,,,,,,,,火,,,,,,,,,,,,,,,,金,,,,,,,,,,,,,,,,,,,,,
東住吉区,山坂,1丁目,12番,,,,,,,,月木,,,,,,,,,,,,,,,,,,,,,,火,,,,,,,,,,,,,,,,金,,,,,,,,,,,,,,,,,,,,,
東住吉区,山坂,1丁目,13番,,,,,,,,月木,,,,,,,,,,,,,,,,,,,,,,火,,,,,,,,,,,,,,,,金,,,,,,,,,,,,,,,,,,,,,
東住吉区,山坂,1丁目,14番,,,,,,,,月木,,,,,,,,,,,,,,,,,,,,,,火,,,,,,,,,,,,,,,,金,,,,,,,,,,,,,,,,,,,,,
東住吉区,山坂,1丁目,15番,,,,,,,,月木,,,,,,,,,,,,,,,,,,,,,,火,,,,,,,,,,,,,,,,金,,,,,,,,,,,,,,,,,,,,,
東住吉区,山坂,1丁目,16番,,,,,,,,月木,,,,,,,,,,,,,,,,,,,,,,火,,,,,,,,,,,,,,,,金,,,,,,,,,,,,,,,,,,,,,
東住吉区,山坂,1丁目,17番,,,,,,,,月木,,,,,,,,,,,,,,,,,,,,,,火,,,,,,,,,,,,,,,,金,,,,,,,,,,,,,,,,,,,,,
東住吉区,山坂,1丁目,18番,,,,,,,,月木,,,,,,,,,,,,,,,,,,,,,,火,,,,,,,,,,,,,,,,金,,,,,,,,,,,,,,,,,,,,,
東住吉区,山坂,1丁目,19番,,,,,,,,月木,,,,,,,,,,,,,,,,,,,,,,火,,,,,,,,,,,,,,,,金,,,,,,,,,,,,,,,,,,,,,
東住吉区,山坂,1丁目,20番,,,,,,,,月木,,,,,,,,,,,,,,,,,,,,,,火,,,,,,,,,,,,,,,,金,,,,,,,,,,,,,,,,,,,,,
東住吉区,山坂,2丁目,2番,,,,,,,,月木,,,,,,,,,,,,,,,,,,,,,,火,,,,,,,,,,,,,,,,金,,,,,,,,,,,,,,,,,,,,,
東住吉区,山坂,2丁目,3番,,,,,,,,月木,,,,,,,,,,,,,,,,,,,,,,火,,,,,,,,,,,,,,,,金,,,,,,,,,,,,,,,,,,,,,
東住吉区,山坂,2丁目,4番,,,,,,,,月木,,,,,,,,,,,,,,,,,,,,,,火,,,,,,,,,,,,,,,,金,,,,,,,,,,,,,,,,,,,,,
東住吉区,山坂,2丁目,5番,,,,,,,,月木,,,,,,,,,,,,,,,,,,,,,,火,,,,,,,,,,,,,,,,金,,,,,,,,,,,,,,,,,,,,,
東住吉区,山坂,2丁目,6番,,,,,,,,月木,,,,,,,,,,,,,,,,,,,,,,火,,,,,,,,,,,,,,,,金,,,,,,,,,,,,,,,,,,,,,
東住吉区,山坂,2丁目,7番,,,,,,,,月木,,,,,,,,,,,,,,,,,,,,,,火,,,,,,,,,,,,,,,,金,,,,,,,,,,,,,,,,,,,,,
東住吉区,山坂,2丁目,8番,,,,,,,,月木,,,,,,,,,,,,,,,,,,,,,,火,,,,,,,,,,,,,,,,金,,,,,,,,,,,,,,,,,,,,,
東住吉区,山坂,2丁目,9番,,,,,,,,月木,,,,,,,,,,,,,,,,,,,,,,火,,,,,,,,,,,,,,,,金,,,,,,,,,,,,,,,,,,,,,
東住吉区,山坂,2丁目,10番,,,,,,,,月木,,,,,,,,,,,,,,,,,,,,,,火,,,,,,,,,,,,,,,,金,,,,,,,,,,,,,,,,,,,,,
東住吉区,山坂,2丁目,11番,,,,,,,,月木,,,,,,,,,,,,,,,,,,,,,,火,,,,,,,,,,,,,,,,金,,,,,,,,,,,,,,,,,,,,,
東住吉区,山坂,2丁目,12番,,,,,,,,月木,,,,,,,,,,,,,,,,,,,,,,火,,,,,,,,,,,,,,,,金,,,,,,,,,,,,,,,,,,,,,
東住吉区,山坂,2丁目,13番,,,,,,,,月木,,,,,,,,,,,,,,,,,,,,,,火,,,,,,,,,,,,,,,,金,,,,,,,,,,,,,,,,,,,,,
東住吉区,山坂,2丁目,14番,,,,,,,,月木,,,,,,,,,,,,,,,,,,,,,,火,,,,,,,,,,,,,,,,金,,,,,,,,,,,,,,,,,,,,,
東住吉区,山坂,2丁目,15番,,,,,,,,月木,,,,,,,,,,,,,,,,,,,,,,火,,,,,,,,,,,,,,,,金,,,,,,,,,,,,,,,,,,,,,
東住吉区,山坂,2丁目,16番,,,,,,,,月木,,,,,,,,,,,,,,,,,,,,,,火,,,,,,,,,,,,,,,,金,,,,,,,,,,,,,,,,,,,,,
東住吉区,山坂,2丁目,17番,,,,,,,,月木,,,,,,,,,,,,,,,,,,,,,,火,,,,,,,,,,,,,,,,金,,,,,,,,,,,,,,,,,,,,,
東住吉区,山坂,2丁目,18番,,,,,,,,月木,,,,,,,,,,,,,,,,,,,,,,火,,,,,,,,,,,,,,,,金,,,,,,,,,,,,,,,,,,,,,
東住吉区,山坂,2丁目,19番,,,,,,,,月木,,,,,,,,,,,,,,,,,,,,,,火,,,,,,,,,,,,,,,,金,,,,,,,,,,,,,,,,,,,,,
東住吉区,山坂,2丁目,20番,,,,,,,,月木,,,,,,,,,,,,,,,,,,,,,,火,,,,,,,,,,,,,,,,金,,,,,,,,,,,,,,,,,,,,,
東住吉区,山坂,2丁目,21番,,,,,,,,月木,,,,,,,,,,,,,,,,,,,,,,火,,,,,,,,,,,,,,,,金,,,,,,,,,,,,,,,,,,,,,
東住吉区,山坂,3丁目,1番,,,,,,,水土,,,,,,,,,,,,,,,,,,,,,,,火,,,,,,,,,,,,,,,,金,,,,,,,,,,,,,,,,,,,,,
東住吉区,山坂,3丁目,2番,,,,,,,水土,,,,,,,,,,,,,,,,,,,,,,,火,,,,,,,,,,,,,,,,金,,,,,,,,,,,,,,,,,,,,,
東住吉区,山坂,3丁目,3番,,,,,,,水土,,,,,,,,,,,,,,,,,,,,,,,火,,,,,,,,,,,,,,,,金,,,,,,,,,,,,,,,,,,,,,
東住吉区,山坂,3丁目,4番,,,,,,,水土,,,,,,,,,,,,,,,,,,,,,,,火,,,,,,,,,,,,,,,,金,,,,,,,,,,,,,,,,,,,,,
東住吉区,山坂,3丁目,5番,,,,,,,水土,,,,,,,,,,,,,,,,,,,,,,,火,,,,,,,,,,,,,,,,金,,,,,,,,,,,,,,,,,,,,,
東住吉区,山坂,3丁目,6番,,,,,,,水土,,,,,,,,,,,,,,,,,,,,,,,火,,,,,,,,,,,,,,,,金,,,,,,,,,,,,,,,,,,,,,
東住吉区,山坂,3丁目,7番,,,,,,,水土,,,,,,,,,,,,,,,,,,,,,,,火,,,,,,,,,,,,,,,,金,,,,,,,,,,,,,,,,,,,,,
東住吉区,山坂,3丁目,8番,,,,,,,水土,,,,,,,,,,,,,,,,,,,,,,,火,,,,,,,,,,,,,,,,金,,,,,,,,,,,,,,,,,,,,,
東住吉区,山坂,3丁目,9番,,,,,,,水土,,,,,,,,,,,,,,,,,,,,,,,火,,,,,,,,,,,,,,,,金,,,,,,,,,,,,,,,,,,,,,
東住吉区,山坂,3丁目,10番,,,,,,,水土,,,,,,,,,,,,,,,,,,,,,,,火,,,,,,,,,,,,,,,,金,,,,,,,,,,,,,,,,,,,,,
東住吉区,山坂,3丁目,11番,,,,,,,水土,,,,,,,,,,,,,,,,,,,,,,,火,,,,,,,,,,,,,,,,金,,,,,,,,,,,,,,,,,,,,,
東住吉区,山坂,3丁目,12番,,,,,,,水土,,,,,,,,,,,,,,,,,,,,,,,火,,,,,,,,,,,,,,,,金,,,,,,,,,,,,,,,,,,,,,
東住吉区,山坂,3丁目,13番,,,,,,,水土,,,,,,,,,,,,,,,,,,,,,,,火,,,,,,,,,,,,,,,,金,,,,,,,,,,,,,,,,,,,,,
東住吉区,山坂,3丁目,14番,,,,,,,水土,,,,,,,,,,,,,,,,,,,,,,,火,,,,,,,,,,,,,,,,金,,,,,,,,,,,,,,,,,,,,,
東住吉区,山坂,4丁目,1番,,,,,,,水土,,,,,,,,,,,,,,,,,,,,,,,,,火,,,,,,,,,,,,,,,,金,,,,,,,,,,,,,,,,,,,
東住吉区,山坂,4丁目,2番,,,,,,,水土,,,,,,,,,,,,,,,,,,,,,,,,,火,,,,,,,,,,,,,,,,金,,,,,,,,,,,,,,,,,,,
東住吉区,山坂,4丁目,3番,,,,,,,水土,,,,,,,,,,,,,,,,,,,,,,,,,火,,,,,,,,,,,,,,,,金,,,,,,,,,,,,,,,,,,,
東住吉区,山坂,4丁目,4番,,,,,,,水土,,,,,,,,,,,,,,,,,,,,,,,,,火,,,,,,,,,,,,,,,,金,,,,,,,,,,,,,,,,,,,
東住吉区,山坂,4丁目,5番,,,,,,,水土,,,,,,,,,,,,,,,,,,,,,,,,,火,,,,,,,,,,,,,,,,金,,,,,,,,,,,,,,,,,,,
東住吉区,山坂,4丁目,6番,,,,,,,水土,,,,,,,,,,,,,,,,,,,,,,,,,火,,,,,,,,,,,,,,,,金,,,,,,,,,,,,,,,,,,,
東住吉区,山坂,4丁目,7番,,,,,,,水土,,,,,,,,,,,,,,,,,,,,,,,,,火,,,,,,,,,,,,,,,,金,,,,,,,,,,,,,,,,,,,
東住吉区,山坂,4丁目,8番,,,,,,,水土,,,,,,,,,,,,,,,,,,,,,,,,,火,,,,,,,,,,,,,,,,金,,,,,,,,,,,,,,,,,,,
東住吉区,山坂,4丁目,9番,,,,,,,水土,,,,,,,,,,,,,,,,,,,,,,,,,火,,,,,,,,,,,,,,,,金,,,,,,,,,,,,,,,,,,,
東住吉区,山坂,4丁目,10番,,,,,,,水土,,,,,,,,,,,,,,,,,,,,,,,,,火,,,,,,,,,,,,,,,,金,,,,,,,,,,,,,,,,,,,
東住吉区,山坂,4丁目,11番,,,,,,,水土,,,,,,,,,,,,,,,,,,,,,,,,,火,,,,,,,,,,,,,,,,金,,,,,,,,,,,,,,,,,,,
東住吉区,山坂,4丁目,12番,,,,,,,水土,,,,,,,,,,,,,,,,,,,,,,,,,火,,,,,,,,,,,,,,,,金,,,,,,,,,,,,,,,,,,,
東住吉区,山坂,4丁目,13番,,,,,,,水土,,,,,,,,,,,,,,,,,,,,,,,,,火,,,,,,,,,,,,,,,,金,,,,,,,,,,,,,,,,,,,
東住吉区,山坂,4丁目,14番,,,,,,,水土,,,,,,,,,,,,,,,,,,,,,,,,,火,,,,,,,,,,,,,,,,金,,,,,,,,,,,,,,,,,,,
東住吉区,山坂,4丁目,15番,,,,,,,水土,,,,,,,,,,,,,,,,,,,,,,,,,火,,,,,,,,,,,,,,,,金,,,,,,,,,,,,,,,,,,,
東住吉区,山坂,4丁目,16番,,,,,,,水土,,,,,,,,,,,,,,,,,,,,,,,,,火,,,,,,,,,,,,,,,,金,,,,,,,,,,,,,,,,,,,
東住吉区,山坂,4丁目,17番,,,,,,,水土,,,,,,,,,,,,,,,,,,,,,,,,,火,,,,,,,,,,,,,,,,金,,,,,,,,,,,,,,,,,,,
東住吉区,山坂,4丁目,18番,,,,,,,水土,,,,,,,,,,,,,,,,,,,,,,,,,火,,,,,,,,,,,,,,,,金,,,,,,,,,,,,,,,,,,,
東住吉区,山坂,4丁目,19番,,,,,,,水土,,,,,,,,,,,,,,,,,,,,,,,,,火,,,,,,,,,,,,,,,,金,,,,,,,,,,,,,,,,,,,
東住吉区,山坂,4丁目,20番,,,,,,,水土,,,,,,,,,,,,,,,,,,,,,,,,,火,,,,,,,,,,,,,,,,金,,,,,,,,,,,,,,,,,,,
東住吉区,山坂,5丁目,1番,,,,,,,水土,,,,,,,,,,,,,,,,,,,,,,,,,火,,,,,,,,,,,,,,,,金,,,,,,,,,,,,,,,,,,,
東住吉区,山坂,5丁目,2番,,,,,,,水土,,,,,,,,,,,,,,,,,,,,,,,,,火,,,,,,,,,,,,,,,,金,,,,,,,,,,,,,,,,,,,
東住吉区,山坂,5丁目,3番,,,,,,,水土,,,,,,,,,,,,,,,,,,,,,,,,,火,,,,,,,,,,,,,,,,金,,,,,,,,,,,,,,,,,,,
東住吉区,山坂,5丁目,4番,,,,,,,水土,,,,,,,,,,,,,,,,,,,,,,,,,火,,,,,,,,,,,,,,,,金,,,,,,,,,,,,,,,,,,,
東住吉区,山坂,5丁目,5番,,,,,,,水土,,,,,,,,,,,,,,,,,,,,,,,,,火,,,,,,,,,,,,,,,,金,,,,,,,,,,,,,,,,,,,
東住吉区,山坂,5丁目,6番,,,,,,,水土,,,,,,,,,,,,,,,,,,,,,,,,,火,,,,,,,,,,,,,,,,金,,,,,,,,,,,,,,,,,,,
東住吉区,山坂,5丁目,7番,,,,,,,水土,,,,,,,,,,,,,,,,,,,,,,,,,火,,,,,,,,,,,,,,,,金,,,,,,,,,,,,,,,,,,,
東住吉区,山坂,5丁目,8番,,,,,,,水土,,,,,,,,,,,,,,,,,,,,,,,,,火,,,,,,,,,,,,,,,,金,,,,,,,,,,,,,,,,,,,
東住吉区,山坂,5丁目,9番,,,,,,,水土,,,,,,,,,,,,,,,,,,,,,,,,,火,,,,,,,,,,,,,,,,金,,,,,,,,,,,,,,,,,,,
東住吉区,山坂,5丁目,10番,,,,,,,水土,,,,,,,,,,,,,,,,,,,,,,,,,火,,,,,,,,,,,,,,,,金,,,,,,,,,,,,,,,,,,,
東住吉区,山坂,5丁目,11番,,,,,,,水土,,,,,,,,,,,,,,,,,,,,,,,,,火,,,,,,,,,,,,,,,,金,,,,,,,,,,,,,,,,,,,
東住吉区,山坂,5丁目,12番,,,,,,,水土,,,,,,,,,,,,,,,,,,,,,,,,,火,,,,,,,,,,,,,,,,金,,,,,,,,,,,,,,,,,,,
東住吉区,山坂,5丁目,13番,,,,,,,水土,,,,,,,,,,,,,,,,,,,,,,,,,火,,,,,,,,,,,,,,,,金,,,,,,,,,,,,,,,,,,,
東住吉区,山坂,5丁目,14番,,,,,,,水土,,,,,,,,,,,,,,,,,,,,,,,,,火,,,,,,,,,,,,,,,,金,,,,,,,,,,,,,,,,,,,
東住吉区,山坂,5丁目,15番,,,,,,,水土,,,,,,,,,,,,,,,,,,,,,,,,,火,,,,,,,,,,,,,,,,金,,,,,,,,,,,,,,,,,,,
東住吉区,山坂,5丁目,16番,,,,,,,水土,,,,,,,,,,,,,,,,,,,,,,,,,火,,,,,,,,,,,,,,,,金,,,,,,,,,,,,,,,,,,,
東住吉区,山坂,5丁目,17番,,,,,,,水土,,,,,,,,,,,,,,,,,,,,,,,,,火,,,,,,,,,,,,,,,,金,,,,,,,,,,,,,,,,,,,
東住吉区,山坂,5丁目,18番,,,,,,,水土,,,,,,,,,,,,,,,,,,,,,,,,,火,,,,,,,,,,,,,,,,金,,,,,,,,,,,,,,,,,,,
東住吉区,山坂,5丁目,19番,,,,,,,水土,,,,,,,,,,,,,,,,,,,,,,,,,火,,,,,,,,,,,,,,,,金,,,,,,,,,,,,,,,,,,,
東住吉区,湯里,1丁目,1番,,,,,,,,,,,,,,,,火金,,,,,,,,,,,,,,月,,,,,,,,,,,,,,,,木,,,,,,,,土,,,,,,,,,,,,,
東住吉区,湯里,1丁目,2番,,,,,,,,,,,,,,,,火金,,,,,,,,,,,,,,月,,,,,,,,,,,,,,,,木,,,,,,,,土,,,,,,,,,,,,,
東住吉区,湯里,1丁目,3番,,,,,,,,,,,,,,,,火金,,,,,,,,,,,,,,月,,,,,,,,,,,,,,,,木,,,,,,,,土,,,,,,,,,,,,,
東住吉区,湯里,1丁目,4番,,,,,,,,,,,,,,,,火金,,,,,,,,,,,,,,月,,,,,,,,,,,,,,,,木,,,,,,,,土,,,,,,,,,,,,,
東住吉区,湯里,1丁目,5番,,,,,,,,,,,,,,,,火金,,,,,,,,,,,,,,月,,,,,,,,,,,,,,,,木,,,,,,,,土,,,,,,,,,,,,,
東住吉区,湯里,1丁目,6番,,,,,,,,,,,,,,,,火金,,,,,,,,,,,,,,月,,,,,,,,,,,,,,,,木,,,,,,,,土,,,,,,,,,,,,,
東住吉区,湯里,1丁目,7番,,,,,,,,,,,,,,,,火金,,,,,,,,,,,,,,月,,,,,,,,,,,,,,,,木,,,,,,,,土,,,,,,,,,,,,,
東住吉区,湯里,1丁目,8番,,,,,,,,,,,,,,,,火金,,,,,,,,,,,,,,月,,,,,,,,,,,,,,,,木,,,,,,,,土,,,,,,,,,,,,,
東住吉区,湯里,1丁目,9番,,,,,,,,,,,,,,,,火金,,,,,,,,,,,,,,月,,,,,,,,,,,,,,,,木,,,,,,,,土,,,,,,,,,,,,,
東住吉区,湯里,1丁目,10番,,,,,,,,,,,,,,,,火金,,,,,,,,,,,,,,月,,,,,,,,,,,,,,,,木,,,,,,,,土,,,,,,,,,,,,,
東住吉区,湯里,1丁目,11番,,,,,,,,,,,,,,,,火金,,,,,,,,,,,,,,月,,,,,,,,,,,,,,,,木,,,,,,,,土,,,,,,,,,,,,,
東住吉区,湯里,1丁目,12番,,,,,,,,,,,,,,,,火金,,,,,,,,,,,,,,月,,,,,,,,,,,,,,,,木,,,,,,,,土,,,,,,,,,,,,,
東住吉区,湯里,1丁目,13番,,,,,,,,,,,,,,,,火金,,,,,,,,,,,,,,月,,,,,,,,,,,,,,,,木,,,,,,,,土,,,,,,,,,,,,,
東住吉区,湯里,1丁目,14番,軽四輪車(小さい車)で収集している地域,,,,,,,,,,,,,,,火金,,,,,,,,,,,,,,月,,,,,,,,,,,,,,,,木,,,,,,,,土,,,,,,,,,,,,,
東住吉区,湯里,1丁目,14番,上記以外,,,,,,,火金,,,,,,,,,,,,,,,,,,,,,,月,,,,,,,,,,,,,,,,木,,,,,,,,土,,,,,,,,,,,,,
東住吉区,湯里,1丁目,15番,軽四輪車(小さい車)で収集している地域,,,,,,,,,,,,,,,火金,,,,,,,,,,,,,,月,,,,,,,,,,,,,,,,木,,,,,,,,土,,,,,,,,,,,,,
東住吉区,湯里,1丁目,15番,上記以外,,,,,,,火金,,,,,,,,,,,,,,,,,,,,,,月,,,,,,,,,,,,,,,,木,,,,,,,,土,,,,,,,,,,,,,
東住吉区,湯里,1丁目,16番,,,,,,,,,,,,,,,,火金,,,,,,,,,,,,,,月,,,,,,,,,,,,,,,,木,,,,,,,,土,,,,,,,,,,,,,
東住吉区,湯里,1丁目,17番,,,,,,,,,,,,,,,,火金,,,,,,,,,,,,,,月,,,,,,,,,,,,,,,,木,,,,,,,,土,,,,,,,,,,,,,
東住吉区,湯里,1丁目,18番,軽四輪車(小さい車)で収集している地域,,,,,,,,,,,,,,,火金,,,,,,,,,,,,,,月,,,,,,,,,,,,,,,,木,,,,,,,,土,,,,,,,,,,,,,
東住吉区,湯里,1丁目,18番,上記以外,,,,,,,火金,,,,,,,,,,,,,,,,,,,,,,月,,,,,,,,,,,,,,,,木,,,,,,,,土,,,,,,,,,,,,,
東住吉区,湯里,1丁目,19番,軽四輪車(小さい車)で収集している地域,,,,,,,,,,,,,,,火金,,,,,,,,,,,,,,月,,,,,,,,,,,,,,,,木,,,,,,,,土,,,,,,,,,,,,,
東住吉区,湯里,1丁目,19番,上記以外,,,,,,,火金,,,,,,,,,,,,,,,,,,,,,,月,,,,,,,,,,,,,,,,木,,,,,,,,土,,,,,,,,,,,,,
東住吉区,湯里,2丁目,1番,,,,,,,,火金,,,,,,,,,,,,,,,,,,,,,,月,,,,,,,,,,,,,,,,木,,,,,,,,土,,,,,,,,,,,,,
東住吉区,湯里,2丁目,2番,,,,,,,,火金,,,,,,,,,,,,,,,,,,,,,,月,,,,,,,,,,,,,,,,木,,,,,,,,土,,,,,,,,,,,,,
東住吉区,湯里,2丁目,3番,,,,,,,,火金,,,,,,,,,,,,,,,,,,,,,,月,,,,,,,,,,,,,,,,木,,,,,,,,土,,,,,,,,,,,,,
東住吉区,湯里,2丁目,5番,,,,,,,,火金,,,,,,,,,,,,,,,,,,,,,,月,,,,,,,,,,,,,,,,木,,,,,,,,土,,,,,,,,,,,,,
東住吉区,湯里,2丁目,6番,,,,,,,,火金,,,,,,,,,,,,,,,,,,,,,,月,,,,,,,,,,,,,,,,木,,,,,,,,土,,,,,,,,,,,,,
東住吉区,湯里,2丁目,7番,,,,,,,,火金,,,,,,,,,,,,,,,,,,,,,,月,,,,,,,,,,,,,,,,木,,,,,,,,土,,,,,,,,,,,,,
東住吉区,湯里,2丁目,8番,,,,,,,,火金,,,,,,,,,,,,,,,,,,,,,,月,,,,,,,,,,,,,,,,木,,,,,,,,土,,,,,,,,,,,,,
東住吉区,湯里,2丁目,9番,,,,,,,,火金,,,,,,,,,,,,,,,,,,,,,,月,,,,,,,,,,,,,,,,木,,,,,,,,土,,,,,,,,,,,,,
東住吉区,湯里,2丁目,10番,,,,,,,,火金,,,,,,,,,,,,,,,,,,,,,,月,,,,,,,,,,,,,,,,木,,,,,,,,土,,,,,,,,,,,,,
東住吉区,湯里,2丁目,11番,,,,,,,,火金,,,,,,,,,,,,,,,,,,,,,,月,,,,,,,,,,,,,,,,木,,,,,,,,土,,,,,,,,,,,,,
東住吉区,湯里,2丁目,12番,,,,,,,,火金,,,,,,,,,,,,,,,,,,,,,,月,,,,,,,,,,,,,,,,木,,,,,,,,土,,,,,,,,,,,,,
東住吉区,湯里,2丁目,13番,,,,,,,,火金,,,,,,,,,,,,,,,,,,,,,,月,,,,,,,,,,,,,,,,木,,,,,,,,土,,,,,,,,,,,,,
東住吉区,湯里,2丁目,14番,,,,,,,,火金,,,,,,,,,,,,,,,,,,,,,,月,,,,,,,,,,,,,,,,木,,,,,,,,土,,,,,,,,,,,,,
東住吉区,湯里,2丁目,15番,,,,,,,,火金,,,,,,,,,,,,,,,,,,,,,,月,,,,,,,,,,,,,,,,木,,,,,,,,土,,,,,,,,,,,,,
東住吉区,湯里,2丁目,16番,,,,,,,,火金,,,,,,,,,,,,,,,,,,,,,,月,,,,,,,,,,,,,,,,木,,,,,,,,土,,,,,,,,,,,,,
東住吉区,湯里,2丁目,17番,,,,,,,,火金,,,,,,,,,,,,,,,,,,,,,,月,,,,,,,,,,,,,,,,木,,,,,,,,土,,,,,,,,,,,,,
東住吉区,湯里,2丁目,18番,,,,,,,,火金,,,,,,,,,,,,,,,,,,,,,,月,,,,,,,,,,,,,,,,木,,,,,,,,土,,,,,,,,,,,,,
東住吉区,湯里,2丁目,19番,,,,,,,,火金,,,,,,,,,,,,,,,,,,,,,,月,,,,,,,,,,,,,,,,木,,,,,,,,土,,,,,,,,,,,,,
東住吉区,湯里,2丁目,20番,,,,,,,,火金,,,,,,,,,,,,,,,,,,,,,,月,,,,,,,,,,,,,,,,木,,,,,,,,土,,,,,,,,,,,,,
東住吉区,湯里,2丁目,21番,,,,,,,,火金,,,,,,,,,,,,,,,,,,,,,,月,,,,,,,,,,,,,,,,木,,,,,,,,土,,,,,,,,,,,,,
東住吉区,湯里,3丁目,1番,,,,,,,,,,,,,,,,火金,,,,,,,,月,,,,,,,,,,,,,,,,木,,,,,,,,,,,,,,月,,,,,,,,,,,,,
東住吉区,湯里,3丁目,2番,,,,,,,,,,,,,,,,火金,,,,,,,,月,,,,,,,,,,,,,,,,木,,,,,,,,,,,,,,,,,,,,,,,,,,,
東住吉区,湯里,4丁目,1番,,,,,,,,,,,,,,,,火金,,,,,,,,,,,,,,月,,,,,,,,,,,,,,,,木,,,,,,,,,,,,,,,,,,,,,
東住吉区,湯里,4丁目,2番,,,,,,,,,,,,,,,,火金,,,,,,,,,,,,,,月,,,,,,,,,,,,,,,,木,,,,,,,,,,,,,,,,,,,,,
東住吉区,湯里,4丁目,3番,,,,,,,,,,,,,,,,火金,,,,,,,,,,,,,,月,,,,,,,,,,,,,,,,木,,,,,,,,,,,,,,,,,,,,,
東住吉区,湯里,4丁目,4番,,,,,,,,,,,,,,,,火金,,,,,,,,,,,,,,月,,,,,,,,,,,,,,,,木,,,,,,,,,,,,,,,,,,,,,
東住吉区,湯里,4丁目,5番,,,,,,,,,,,,,,,,火金,,,,,,,,,,,,,,月,,,,,,,,,,,,,,,,木,,,,,,,,,,,,,,,,,,,,,
東住吉区,湯里,4丁目,6番,,,,,,,,,,,,,,,,火金,,,,,,,,,,,,,,月,,,,,,,,,,,,,,,,木,,,,,,,,,,,,,,,,,,,,,
東住吉区,湯里,4丁目,7番,,,,,,,,,,,,,,,,火金,,,,,,,,,,,,,,月,,,,,,,,,,,,,,,,木,,,,,,,,,,,,,,,,,,,,,
東住吉区,湯里,4丁目,8番,,,,,,,,,,,,,,,,火金,,,,,,,,,,,,,,月,,,,,,,,,,,,,,,,木,,,,,,,,,,,,,,,,,,,,,
東住吉区,湯里,4丁目,9番,,,,,,,,,,,,,,,,火金,,,,,,,,,,,,,,月,,,,,,,,,,,,,,,,木,,,,,,,,,,,,,,,,,,,,,
東住吉区,湯里,4丁目,10番,,,,,,,,,,,,,,,,火金,,,,,,,,,,,,,,月,,,,,,,,,,,,,,,,木,,,,,,,,,,,,,,,,,,,,,
東住吉区,湯里,4丁目,11番,,,,,,,,,,,,,,,,火金,,,,,,,,,,,,,,月,,,,,,,,,,,,,,,,木,,,,,,,,,,,,,,,,,,,,,
東住吉区,湯里,4丁目,12番,,,,,,,,,,,,,,,,火金,,,,,,,,,,,,,,月,,,,,,,,,,,,,,,,木,,,,,,,,,,,,,,,,,,,,,
東住吉区,湯里,4丁目,13番,,,,,,,,,,,,,,,,火金,,,,,,,,,,,,,,月,,,,,,,,,,,,,,,,木,,,,,,,,,,,,,,,,,,,,,
東住吉区,湯里,4丁目,14番,,,,,,,,,,,,,,,,火金,,,,,,,,,,,,,,月,,,,,,,,,,,,,,,,木,,,,,,,,,,,,,,,,,,,,,
東住吉区,湯里,4丁目,15番,,,,,,,,,,,,,,,,火金,,,,,,,,,,,,,,月,,,,,,,,,,,,,,,,木,,,,,,,,,,,,,,,,,,,,,
東住吉区,湯里,4丁目,16番,,,,,,,,,,,,,,,,火金,,,,,,,,,,,,,,月,,,,,,,,,,,,,,,,木,,,,,,,,,,,,,,,,,,,,,
東住吉区,湯里,4丁目,17番,,,,,,,,,,,,,,,,火金,,,,,,,,,,,,,,月,,,,,,,,,,,,,,,,木,,,,,,,,,,,,,,,,,,,,,
東住吉区,湯里,4丁目,18番,,,,,,,,,,,,,,,,火金,,,,,,,,,,,,,,月,,,,,,,,,,,,,,,,木,,,,,,,,,,,,,,,,,,,,,
東住吉区,湯里,5丁目,1番,,,,,,,,,,,,,,,,火金,,,,,,,,,,,,,,月,,,,,,,,,,,,,,,,木,,,,,,,,,,,,,,,,,,,,,
東住吉区,湯里,5丁目,2番,,,,,,,,,,,,,,,,火金,,,,,,,,,,,,,,月,,,,,,,,,,,,,,,,木,,,,,,,,,,,,,,,,,,,,,
東住吉区,湯里,5丁目,3番,,,,,,,,,,,,,,,,火金,,,,,,,,,,,,,,月,,,,,,,,,,,,,,,,木,,,,,,,,,,,,,,,,,,,,,
東住吉区,湯里,5丁目,4番,,,,,,,,,,,,,,,,火金,,,,,,,,,,,,,,月,,,,,,,,,,,,,,,,木,,,,,,,,,,,,,,,,,,,,,
東住吉区,湯里,5丁目,5番,,,,,,,,,,,,,,,,火金,,,,,,,,,,,,,,月,,,,,,,,,,,,,,,,木,,,,,,,,,,,,,,,,,,,,,
東住吉区,湯里,5丁目,6番,,,,,,,,,,,,,,,,火金,,,,,,,,,,,,,,月,,,,,,,,,,,,,,,,木,,,,,,,,,,,,,,,,,,,,,
東住吉区,湯里,5丁目,7番,,,,,,,,,,,,,,,,火金,,,,,,,,,,,,,,月,,,,,,,,,,,,,,,,木,,,,,,,,,,,,,,,,,,,,,
東住吉区,湯里,5丁目,8番,,,,,,,,,,,,,,,,火金,,,,,,,,,,,,,,月,,,,,,,,,,,,,,,,木,,,,,,,,,,,,,,,,,,,,,
東住吉区,湯里,5丁目,9番,,,,,,,,,,,,,,,,火金,,,,,,,,,,,,,,月,,,,,,,,,,,,,,,,木,,,,,,,,,,,,,,,,,,,,,
東住吉区,湯里,5丁目,10番,,,,,,,,,,,,,,,,火金,,,,,,,,,,,,,,月,,,,,,,,,,,,,,,,木,,,,,,,,,,,,,,,,,,,,,
東住吉区,湯里,5丁目,11番,,,,,,,,,,,,,,,,火金,,,,,,,,,,,,,,月,,,,,,,,,,,,,,,,木,,,,,,,,,,,,,,,,,,,,,
東住吉区,湯里,5丁目,12番,,,,,,,,,,,,,,,,火金,,,,,,,,,,,,,,月,,,,,,,,,,,,,,,,木,,,,,,,,,,,,,,,,,,,,,
東住吉区,湯里,5丁目,13番,,,,,,,,,,,,,,,,火金,,,,,,,,,,,,,,月,,,,,,,,,,,,,,,,木,,,,,,,,,,,,,,,,,,,,,
東住吉区,湯里,5丁目,14番,,,,,,,,,,,,,,,,火金,,,,,,,,,,,,,,月,,,,,,,,,,,,,,,,木,,,,,,,,,,,,,,,,,,,,,
東住吉区,湯里,5丁目,15番,,,,,,,,,,,,,,,,火金,,,,,,,,,,,,,,月,,,,,,,,,,,,,,,,木,,,,,,,,,,,,,,,,,,,,,
東住吉区,湯里,5丁目,16番,,,,,,,,,,,,,,,,火金,,,,,,,,,,,,,,月,,,,,,,,,,,,,,,,木,,,,,,,,,,,,,,,,,,,,,
東住吉区,湯里,5丁目,17番,,,,,,,,,,,,,,,,火金,,,,,,,,,,,,,,月,,,,,,,,,,,,,,,,木,,,,,,,,,,,,,,,,,,,,,
東住吉区,湯里,5丁目,18番,,,,,,,,,,,,,,,,火金,,,,,,,,,,,,,,月,,,,,,,,,,,,,,,,木,,,,,,,,,,,,,,,,,,,,,
東住吉区,湯里,5丁目,19番,,,,,,,,,,,,,,,,火金,,,,,,,,,,,,,,月,,,,,,,,,,,,,,,,木,,,,,,,,,,,,,,,,,,,,,
東住吉区,湯里,5丁目,20番,,,,,,,,,,,,,,,,火金,,,,,,,,,,,,,,月,,,,,,,,,,,,,,,,木,,,,,,,,,,,,,,,,,,,,,
東住吉区,湯里,6丁目,1番,,,,,,,火金,,,,,,,,,,,,,,,,,,,,,,,月,,,,,,,,,,,,,,,,木,,,,,,,,,,,,,,,,,,,,,
東住吉区,湯里,6丁目,2番,,,,,,,,,,,,,,,,火金,,,,,,,,,,,,,,月,,,,,,,,,,,,,,,,木,,,,,,,,,,,,,,,,,,,,,
東住吉区,湯里,6丁目,3番,,,,,,,,,,,,,,,,火金,,,,,,,,,,,,,,月,,,,,,,,,,,,,,,,木,,,,,,,,,,,,,,,,,,,,,
東住吉区,湯里,6丁目,4番,,,,,,,,,,,,,,,,火金,,,,,,,,,,,,,,月,,,,,,,,,,,,,,,,木,,,,,,,,,,,,,,,,,,,,,
東住吉区,湯里,6丁目,5番,,,,,,,,,,,,,,,,火金,,,,,,,,,,,,,,月,,,,,,,,,,,,,,,,木,,,,,,,,,,,,,,,,,,,,,
東住吉区,湯里,6丁目,6番,,,,,,,,,,,,,,,,火金,,,,,,,,,,,,,,月,,,,,,,,,,,,,,,,木,,,,,,,,,,,,,,,,,,,,,
東住吉区,湯里,6丁目,7番,,,,,,,,,,,,,,,,火金,,,,,,,,,,,,,,月,,,,,,,,,,,,,,,,木,,,,,,,,,,,,,,,,,,,,,
東住吉区,湯里,6丁目,8番,,,,,,,,,,,,,,,,火金,,,,,,,,,,,,,,月,,,,,,,,,,,,,,,,木,,,,,,,,,,,,,,,,,,,,,
東住吉区,湯里,6丁目,9番,,,,,,,,,,,,,,,,火金,,,,,,,,,,,,,,月,,,,,,,,,,,,,,,,木,,,,,,,,,,,,,,,,,,,,,
東住吉区,湯里,6丁目,10番,,,,,,,,,,,,,,,,火金,,,,,,,,,,,,,,月,,,,,,,,,,,,,,,,木,,,,,,,,,,,,,,,,,,,,,
東住吉区,湯里,6丁目,11番,,,,,,,,,,,,,,,,火金,,,,,,,,,,,,,,月,,,,,,,,,,,,,,,,木,,,,,,,,,,,,,,,,,,,,,
東住吉区,湯里,6丁目,12番,,,,,,,,,,,,,,,,火金,,,,,,,,,,,,,,月,,,,,,,,,,,,,,,,木,,,,,,,,,,,,,,,,,,,,,
東住吉区,湯里,6丁目,13番,,,,,,,,火金,,,,,,,,,,,,,,,,,,,,,,月,,,,,,,,,,,,,,,,木,,,,,,,,,,,,,,,,,,,,,
東住吉区,湯里,6丁目,14番,,,,,,,,火金,,,,,,,,,,,,,,,,,,,,,,月,,,,,,,,,,,,,,,,木,,,,,,,,,,,,,,,,,,,,,
