地区名1,地区名2,地区名3,地区名4,地区名5,備考,雑ごみ,普通ごみ_収集時間要問合せ,普通ごみ_午前,普通ごみ_午後,普通ごみ_8:30~10:30,普通ごみ_9:00~11:00,普通ごみ_9:30~11:30,普通ごみ_10:00~12:00,普通ごみ_10:30~12:30,普通ごみ_11:00~13:00,普通ごみ_11:30~13:30,普通ごみ_12:00~14:00,普通ごみ_12:30~14:30,普通ごみ_13:00~15:00,普通ごみ_13:30~15:30,普通ごみ_14:00~16:00,普通ごみ_14:30~16:30,資源ごみ_収集時間要問合せ,資源ごみ_午前,資源ごみ_午後,資源ごみ_8:30~10:30,資源ごみ_9:00~11:00,資源ごみ_9:30~11:30,資源ごみ_10:00~12:00,資源ごみ_10:30~12:30,資源ごみ_11:00~13:00,資源ごみ_11:30~13:30,資源ごみ_12:00~14:00,資源ごみ_12:30~14:30,資源ごみ_13:00~15:00,資源ごみ_13:30~15:30,資源ごみ_14:00~16:00,資源ごみ_14:30~16:30,プラスチック資源_収集時間要問合せ,プラスチック資源_午前,プラスチック資源_午後,プラスチック資源_8:30~10:30,プラスチック資源_9:00~11:00,プラスチック資源_9:30~11:30,プラスチック資源_10:00~12:00,プラスチック資源_10:30~12:30,プラスチック資源_11:00~13:00,プラスチック資源_11:30~13:30,プラスチック資源_12:00~14:00,プラスチック資源_12:30~14:30,プラスチック資源_13:00~15:00,プラスチック資源_13:30~15:30,プラスチック資源_14:00~16:00,プラスチック資源_14:30~16:30,古紙衣類_収集時間要問合せ,古紙衣類_午前,古紙衣類_午後,古紙衣類_8:30~10:30,古紙衣類_9:00~11:00,古紙衣類_9:30~11:30,古紙衣類_10:00~12:00,古紙衣類_10:30~12:30,古紙衣類_11:00~13:00,古紙衣類_11:30~13:30,古紙衣類_12:00~14:00,古紙衣類_12:30~14:30,古紙衣類_13:00~15:00,古紙衣類_13:30~15:30,古紙衣類_14:00~16:00,古紙衣類_14:30~16:30
東成区,大今里,1丁目,1番,軽四輪車(小さい車)で収集している地域,,,,,,,,,,,,,,,,,月木,,,,,,,,,,,,,,,月,,,,,,,,,,,,,,,,木,,,,,,,,,,,,,,,,,,木
東成区,大今里,1丁目,1番,上記以外,,,,,,,,,,,,,,火金,,,,,,,,,,,,,,,,月,,,,,,,,,,,,,,,,木,,,,,,,,,,,,,,,,,,,木,
東成区,大今里,1丁目,2番,軽四輪車(小さい車)で収集している地域,,,,,,,,,,,,,,,,,火金,,,,,,,,,,,,,月,,,,,,,,,,,,,,,,木,,,,,,,,,,,,,,,,,,,木,
東成区,大今里,1丁目,2番,上記以外,,,,,,,,,,,,,,,火金,,,,,,,,,,,,,,,月,,,,,,,,,,,,,,,,木,,,,,,,,,,,,,,,,,木,,,
東成区,大今里,1丁目,3番,軽四輪車(小さい車)で収集している地域,,,,,,,,,,,,,,,,,月木,,,,,,,火,,,,,,,,,,,,,,,,金,,,,,,,,,,,,,,,,,,,,,,,,,木,
東成区,大今里,1丁目,3番,上記以外,,,,,,,,,,,,,,火金,,,,,,,,,,,,,,,,月,,,,,,,,,,,,,,,,木,,,,,,,,,,,,,,,,,,,木,
東成区,大今里,1丁目,4番,,,,,,,,,,,,,,,,火金,,,,,,,,,,,,,,,月,,,,,,,,,,,,,,,,木,,,,,,,,,,,,,,,,,,,木,
東成区,大今里,1丁目,5番,,,,,,,,,,,,,,,,火金,,,,,,,,,,,,,,,月,,,,,,,,,,,,,,,,木,,,,,,,,,,,,,,,,,木,,,
東成区,大今里,1丁目,6番,軽四輪車(小さい車)で収集している地域,,,,,,,,,,,,,,,火金,,,,,,,,,,,,,,,月,,,,,,,,,,,,,,,,木,,,,,,,,,,,,,,,,,,,木,
東成区,大今里,1丁目,6番,上記以外,,,,,,,,,,,,,,火金,,,,,,,,,,,,,,,,月,,,,,,,,,,,,,,,,木,,,,,,,,,,,,,,,,木,,,,
東成区,大今里,1丁目,7番,,,,,,,,,,,,,,,火金,,,,,,,,,,,,,,,,月,,,,,,,,,,,,,,,,木,,,,,,,,,,,,,,,,,木,,,
東成区,大今里,1丁目,8番,軽四輪車(小さい車)で収集している地域,,,,,,,,,,,,,,,火金,,,,,,,,,,,,,,,月,,,,,,,,,,,,,,,,木,,,,,,,,,,,,,,,,,,,木,
東成区,大今里,1丁目,8番,上記以外,,,,,,,,,,,,,,火金,,,,,,,,,,,,,,,,月,,,,,,,,,,,,,,,,木,,,,,,,,,,,,,,,,,木,,,
東成区,大今里,1丁目,9番,,,,,,,,,,,,,,,,火金,,,,,,,,,,,,,,,月,,,,,,,,,,,,,,,,木,,,,,,,,,,,,,,,,,木,,,
東成区,大今里,1丁目,10番,軽四輪車(小さい車)で収集している地域,,,,,,,,,,,,,,,,火金,,,,,,,,,,,,,,月,,,,,,,,,,,,,,,,木,,,,,,,,,,,,,,,,,,木,,
東成区,大今里,1丁目,10番,上記以外,,,,,,,,,,,,,,,火金,,,,,,,,,,,,,,,月,,,,,,,,,,,,,,,,木,,,,,,,,,,,,,,,,,木,,,
東成区,大今里,1丁目,11番,,,,,,,,,,,,,,,火金,,,,,,,,,,,,,,,,月,,,,,,,,,,,,,,,,木,,,,,,,,,,,,,,,,,木,,,
東成区,大今里,1丁目,12番,軽四輪車(小さい車)で収集している地域,,,,,,,,,,,,,,月木,,,,,,,,,,,,,,,,火,,,,,,,,,,,,,,,,金,,,,,,,,,,,,,,,,,,,木,
東成区,大今里,1丁目,12番,上記以外,,,,,,,,,,,,,,火金,,,,,,,,,,,,,,,,月,,,,,,,,,,,,,,,,木,,,,,,,,,,,,木,,,,,,,,
東成区,大今里,1丁目,13番,7･8･11･16~19号,,,,,,,,,,,,,,月木,,,,,,,,,,,,,,,,火,,,,,,,,,,,,,,,,金,,,,,,,,,,,,木,,,,,,,,
東成区,大今里,1丁目,13番,13･14号,,,,,,月木,,,,,,,,,,,,,,,,,,,,,,,,火,,,,,,,,,,,,,,,,金,,,,,,,,,,,,,,,,,,,木,
東成区,大今里,1丁目,13番,上記以外,,,,,,,,,,,,,,月木,,,,,,,,,,,,,,,,月,,,,,,,,,,,,,,,,木,,,,,,,,,,,,,,,,,木,,,
東成区,大今里,1丁目,14番,軽四輪車(小さい車)で収集している地域,,,,,,月木,,,,,,,,,,,,,,,,,,,,,,,,火,,,,,,,,,,,,,,,,金,,,,,,,,,,,木,,,,,,,,,
東成区,大今里,1丁目,14番,上記以外,,,,,,,,,,,,,,火金,,,,,,,,,,,,,,,,月,,,,,,,,,,,,,,,,木,,,,,,,,,,,,,,,,,,木,,
東成区,大今里,1丁目,15番,,,,,,,,,,,,,,,火金,,,,,,,,,,,,,,,,月,,,,,,,,,,,,,,,,木,,,,,,,,,,,,,,,,,木,,,
東成区,大今里,1丁目,16番,,,,,,,,,,,,,,,火金,,,,,,,,,,,,,,,,月,,,,,,,,,,,,,,,,木,,,,,,,,,,,,,,,,,木,,,
東成区,大今里,1丁目,17番,,,,,,,,,,,,,,,火金,,,,,,,,,,,,,,,,月,,,,,,,,,,,,,,,,木,,,,,,,,,,,,,,,,,木,,,
東成区,大今里,1丁目,18番,,,,,,,,,,,,,,,火金,,,,,,,,,,,,,,,,月,,,,,,,,,,,,,,,,木,,,,,,,,,,,,,,,,,,木,,
東成区,大今里,1丁目,19番,,,,,,,,,,,,,,,火金,,,,,,,,,,,,,,,,月,,,,,,,,,,,,,,,,木,,,,,,,,,,,,,,,,,木,,,
東成区,大今里,1丁目,20番,1~7号,,,,,,,,,,,,,,,,,月木,,,,,,,,,,,,,月,,,,,,,,,,,,,,,,木,,,,,,,,,,,,,,,,,,,木,
東成区,大今里,1丁目,20番,上記以外,,,,,,,,,,,,,,火金,,,,,,,,,,,,,,,,月,,,,,,,,,,,,,,,,木,,,,,,,,,,,,,,,,,木,,,
東成区,大今里,1丁目,21番,,,,,,,,,,,,,,,火金,,,,,,,,,,,,,,,,月,,,,,,,,,,,,,,,,木,,,,,,,,,,,,,,,,,木,,,
東成区,大今里,1丁目,22番,,,,,,,火金,,,,,,,,,,,,,,,,月,,,,,,,,,,,,,,,,木,,,,,,,,,,,,,,,,,,,,,,,,,,,木,
東成区,大今里,1丁目,23番,,,,,,,火金,,,,,,,,,,,,,,,,月,,,,,,,,,,,,,,,,木,,,,,,,,,,,,,,,,,,,,,,,,,,,木,
東成区,大今里,1丁目,24番,軽四輪車(小さい車)で収集している地域,,,,,,,月木,,,,,,,,,,,,,,,,,火,,,,,,,,,,,,,,,,金,,,,,,,,,,,,,,木,,,,,,,,,,,,
東成区,大今里,1丁目,24番,30･31号,,,,,,火金,,,,,,,,,,,,,,,,月,,,,,,,,,,,,,,,,木,,,,,,,,,,,,,,,,木,,,,,,,,,,,,
東成区,大今里,1丁目,24番,上記以外,,,,,,火金,,,,,,,,,,,,,,,,,,,,,,,,月,,,,,,,,,,,,,,,,木,,,,,,,,木,,,,,,,,,,,,
東成区,大今里,1丁目,25番,7~10･13･14･22~24号,,,,,,,月木,,,,,,,,,,,,,,,,,火,,,,,,,,,,,,,,,,金,,,,,,,,,,,,,,,,,木,,,,,,,,,
東成区,大今里,1丁目,25番,上記以外,,,,,,,,,,,,,,火金,,,,,,,,,,,,,,,,月,,,,,,,,,,,,,,,,木,,,,,,,,,,,,,,,,,,木,,
東成区,大今里,1丁目,26番,9･10号,,,,,,,,,,,,,,月木,,,,,,,,,,,,,,,,火,,,,,,,,,,,,,,,,金,,,,,,,,,,,木,,,,,,,,,
東成区,大今里,1丁目,26番,11･21･26~30号,,,,,,月木,,,,,,,,,,,,,,,,,,,,,,,,火,,,,,,,,,,,,,,,,金,,,,,,,,,,,木,,,,,,,,,
東成区,大今里,1丁目,26番,12~17号,,,,,,月木,,,,,,,,,,,,,,,,,,,,,,,,月,,,,,,,,,,,,,,,,木,,,,,,,,,,,木,,,,,,,,,
東成区,大今里,1丁目,26番,19･20･22~24号,,,,,,火金,,,,,,,,,,,,,,,,,,,,,,,,月,,,,,,,,,,,,,,,,木,,,,,,,,,,,木,,,,,,,,,
東成区,大今里,1丁目,26番,ディアコート今里,,,,,,,,,,月木,,,,,,,,,,,,,,,,,,,,月,,,,,,,,,,,,,,,,木,,,,,,,,,,,木,,,,,,,,,
東成区,大今里,1丁目,27番,8･10･11･23~25号,,,,,,,,,,,,,,月木,,,,,,,,,,,,,,,,火,,,,,,,,,,,,,,,,金,,,,,,,,,,,,,,,,,,,木,
東成区,大今里,1丁目,27番,14･15号,,,,,,火金,,,,,,,,,,,,,,,,,,,,,,,,月,,,,,,,,,,,,,,,,木,,,,,,,,,,,,,,,,,,,木,
東成区,大今里,1丁目,27番,17~22号,,,,,,,月木,,,,,,,,,,,,,,,,,,,,,,,月,,,,,,,,,,,,,,,,木,,,,,,,,,,,,,,,,,,,木,
東成区,大今里,1丁目,27番,ロジュマン今里,,,,,,,,,,,,,,月木,,,,,,,,,,,,,,,,火,,,,,,,,,,,,,,,,金,,,,,,,,,,,,,,,,,,,木,
東成区,大今里,1丁目,27番,上記以外,,,,,,,,,,,,,,火金,,,,,,,,,,,,,,,,月,,,,,,,,,,,,,,,,木,,,,,,,,,,,,,,,,,,,木,
東成区,大今里,1丁目,28番,13~20号,,,,,,,,,,,,,,月木,,,,,,,,,,,,,,,,火,,,,,,,,,,,,,,,,金,,,,,,,,,,,木,,,,,,,,,
東成区,大今里,1丁目,28番,23･24号,,,,,,火金,,,,,,,,,,,,,,,,,,,,,,,,月,,,,,,,,,,,,,,,,木,,,,,,,,,,,木,,,,,,,,,
東成区,大今里,1丁目,28番,25号,,,,,,火金,,,,,,,,,,,,,,,,,,,,,,,,月,,,,,,,,,,,,,,,,木,,,,,,,,,,,,,,,,,,,木,
東成区,大今里,1丁目,28番,36号,,,,,,月木,,,,,,,,,,,,,,,,,,火,,,,,,,,,,,,,,,,金,,,,,,,,,,,,,,,,,,,,,,,木,,,
東成区,大今里,1丁目,28番,ルミエール今里,,,,,,月木,,,,,,,,,,,,,,,,,,,,,,,,火,,,,,,,,,,,,,,,,金,,,,,,,,,,,,,,,,,木,,,
東成区,大今里,1丁目,28番,上記以外,,,,,,,,,,,,,,月木,,,,,,,,,,,,,,,,月,,,,,,,,,,,,,,,,木,,,,,,,,,,,,,,,,,,,木,
東成区,大今里,1丁目,29番,1･2･18~24号,,,,,,,,,,,,,,月木,,,,,,,,,,,,,,,,火,,,,,,,,,,,,,,,,金,,,,,,,,木,,,,,,,,,,,,
東成区,大今里,1丁目,29番,14･15号,,,,,,火金,,,,,,,,,,,,,,,,,,,,,,,,月,,,,,,,,,,,,,,,,木,,,,,,,,木,,,,,,,,,,,,
東成区,大今里,1丁目,29番,上記以外,,,,,,,,,,,,,,火金,,,,,,,,,,,,,,,,月,,,,,,,,,,,,,,,,木,,,,,,,,木,,,,,,,,,,,,
東成区,大今里,1丁目,30番,3･18･22･24号,,,,,,,,,,,,,,,月木,,,,,,,,,火,,,,,,,,,,,,,,,,金,,,,,,,,,,,,,,木,,,,,,,,,,,,
東成区,大今里,1丁目,30番,4~9号,,,,,,火金,,,,,,,,,,,,,,,,,,,,,,,,月,,,,,,,,,,,,,,,,木,,,,,,,,木,,,,,,,,,,,,
東成区,大今里,1丁目,30番,上記以外,,,,,,,,,,,,,,火金,,,,,,,,,,,,,,,,月,,,,,,,,,,,,,,,,木,,,,,,,,木,,,,,,,,,,,,
東成区,大今里,1丁目,31番,2~6･12･26･27号,,,,,,,,,,,,,,,月木,,,,,,,,,火,,,,,,,,,,,,,,,,金,,,,,,,,,,,,,,,,,,,,,,,,,木,
東成区,大今里,1丁目,31番,今里1番街(15･17~23号),,,,,,火金,,,,,,,,,,,,,,,,月,,,,,,,,,,,,,,,,木,,,,,,,,,,,,,,,,木,,,,,,,,,,,,
東成区,大今里,1丁目,31番,上記以外,,,,,,,,,,,,,,火金,,,,,,,,,,,,,,,,月,,,,,,,,,,,,,,,,木,,,,,,,,,,木,,,,,,,,,,
東成区,大今里,1丁目,32番,1~6号,,,,,,火金,,,,,,,,,,,,,,,,,,,,,,,,月,,,,,,,,,,木,,,,,,,,,,,,,,木,,,,,,,,,,,,
東成区,大今里,1丁目,32番,8･10･11号,,,月木,,,,,,,,,,,,,,,,,,,,,火,,,,,,,,,,,,,,,,金,,,,,,,,,,,,,,木,,,,,,,,,,,,
東成区,大今里,1丁目,32番,25~31号,,,月木,,,,,,,,,,,,,,,,,,,,,火,,,,,,,,,,,,,,,,金,,,,,,,,,,,,,,木,,,,,,,,,,,,
東成区,大今里,1丁目,32番,上記以外,,,,,,火金,,,,,,,,,,,,,,,,月,,,,,,,,,,,,,,,,木,,,,,,,,,,,,,,,,木,,,,,,,,,,,,
東成区,大今里,1丁目,33番,6~8･10･11号,,,,,,,月木,,,,,,,,,,,,,,,,,火,,,,,,,,,,,,,,,,金,,,,,,,,,,,,,,木,,,,,,,,,,,,
東成区,大今里,1丁目,33番,軽四輪車(小さい車)で収集している地域,,,,,,月木,,,,,,,,,,,,,,,,,,火,,,,,,,,,,,,,,,,金,,,,,,,,,,,,,,木,,,,,,,,,,,,
東成区,大今里,1丁目,33番,上記以外,,,,,,火金,,,,,,,,,,,,,,,,,,,,,,,,月,,,,,,,,,,,,,,,,木,,,,,,,,木,,,,,,,,,,,,
東成区,大今里,1丁目,34番,今里新道筋商店街(9･12~16･18号),,,,,,火金,,,,,,,,,,,,,,,,月,,,,,,,,,,,,,,,,木,,,,,,,,,,,,,,,,木,,,,,,,,,,,,
東成区,大今里,1丁目,34番,軽四輪車(小さい車)で収集している地域,,,,,,,月木,,,,,,,,,,,,,,,,,火,,,,,,,,,,,,,,,,金,,,,,,,,,,,,,,,,,木,,,,,,,,,
東成区,大今里,1丁目,34番,上記以外,,,,,,火金,,,,,,,,,,,,,,,,月,,,,,,,,,,,,,,,,木,,,,,,,,,,,,,,,,木,,,,,,,,,,,,
東成区,大今里,1丁目,35番,今里新道筋商店街(19~23･26号),,,,,,火金,,,,,,,,,,,,,,,,月,,,,,,,,,,,,,,,,木,,,,,,,,,,,,,,,,木,,,,,,,,,,,,
東成区,大今里,1丁目,35番,上記以外,,,,,,火金,,,,,,,,,,,,,,,,月,,,,,,,,,,,,,,,,木,,,,,,,,,,,,,,,,,,,木,,,,,,,,,
東成区,大今里,1丁目,36番,アプローズ今里,,,,,,,,,,,,,,火金,,,,,,,,,,,,,,,,月,,,,,,,,,,,,,,,,木,,,,,,,,土,,,,,,,,,,,,
東成区,大今里,1丁目,36番,上記以外,,,,,,火金,,,,,,,,,,,,,,,,,,,,,,,,月,,,,,,,,,,,,,,,,木,,,,,,,,木,,,,,,,,,,,,
東成区,大今里,1丁目,37番,サンブライト今里,,,,,,,,,,,,,,火金,,,,,,,,,,,,,,,,月,,,,,,,,,,,,,,,,木,,,,,,,,土,,,,,,,,,,,,
東成区,大今里,1丁目,37番,上記以外,,,,,,火金,,,,,,,,,,,,,,,,月,,,,,,,,,,,,,,,,木,,,,,,,,,,,,,,,,木,,,,,,,,,,,,
東成区,大今里,2丁目,1番,5･6･9･12号,,,,,,,月木,,,,,,,,,,,,,,,,,月,,,,,,,,,,,,,,,,木,,,,,,,,,,,,,,,,,,木,,,,,,,,
東成区,大今里,2丁目,1番,上記以外,,,,,,,,,,,,,,火金,,,,,,,,,,,,,,,,月,,,,,,,,,,,,,,,,木,,,,,,,,,,,,木,,,,,,,,
東成区,大今里,2丁目,2番,16~19･25~34号,,,,,,,月木,,,,,,,,,,,,,,,,月,,,,,,,,,,,,,,,,,,,,,,,木,,,,,,,,,,,,木,,,,,,,,
東成区,大今里,2丁目,2番,上記以外,,,,,,,,,,,,,,火金,,,,,,,,,,,,,,,,月,,,,,,,,,,,,,,,,木,,,,,,,,,,,木,,,,,,,,,
東成区,大今里,2丁目,3番,4~13号,,,,,,,,,,,,,,火金,,,,,,,,,,,,,,,,月,,,,,,,,,,,,,,,,木,,,,,,,,,,,,,,,,,,,,木
東成区,大今里,2丁目,3番,上記以外,,,,,,,,,,,,,,火金,,,,,,,,,,,,,,,,月,,,,,,,,,,,,,,,,木,,,,,,,,,,,木,,,,,,,,,
東成区,大今里,2丁目,4番,,,,,,,火金,,,,,,,,,,,,,,,,,,,,,,,,月,,,,,,,,,,,,,,,,木,,,,,,,,,,,,,,,,,木,,,
東成区,大今里,2丁目,5番,,,,,,,,火金,,,,,,,,,,,,,,,,,,,,,,,月,,,,,,,,,,,,,,,,木,,,,,,,,,,,,,,,,,,木,,
東成区,大今里,2丁目,6番,,,,,,,,火金,,,,,,,,,,,,,,,,,,,,,,,月,,,,,,,,,,,,,,,,木,,,,,,,,,,,,,,,,木,,,,
東成区,大今里,2丁目,7番,軽四輪車(小さい車)で収集している地域,,,,,,火金,,,,,,,,,,,,,,,,,,月,,,,,,,,,,,,,,,,木,,,,,,,,,,,,,,木,,,,,,,,,,,,
東成区,大今里,2丁目,7番,上記以外,,,,,,,火金,,,,,,,,,,,,,,,,,,,,,,,月,,,,,,,,,,,,,,,,木,,,,,,,,木,,,,,,,,,,,,
東成区,大今里,2丁目,8番,軽四輪車(小さい車)で収集している地域,,,,,,火金,,,,,,,,,,,,,,,,,,月,,,,,,,,,,,,,,,,木,,,,,,,,,,,,,,木,,,,,,,,,,,,
東成区,大今里,2丁目,8番,上記以外,,,,,,,火金,,,,,,,,,,,,,,,,,,,,,,,月,,,,,,,,,,,,,,,,木,,,,,,,,木,,,,,,,,,,,,
東成区,大今里,2丁目,9番,,,,,,,火金,,,,,,,,,,,,,,,,,,,,,,,,月,,,,,,,,,,,,,,,,木,,,,,,,,,,,,,,,,,,,木,
東成区,大今里,2丁目,10番,軽四輪車(小さい車)で収集している地域,,,,,,火金,,,,,,,,,,,,,,,,,,月,,,,,,,,,,,,,,,,木,,,,,,,,,,,,,,木,,,,,,,,,,,,
東成区,大今里,2丁目,10番,上記以外,,,,,,,火金,,,,,,,,,,,,,,,,,,,,,,,月,,,,,,,,,,,,,,,,木,,,,,,,,,,,,,,,,,,,木,
東成区,大今里,2丁目,11番,,,,,,,,火金,,,,,,,,,,,,,,,,,,,,,,,月,,,,,,,,,,,,,,,,木,,,,,,,,,,,,,,,,,,木,,
東成区,大今里,2丁目,12番,9~10･13号,,,,,,月木,,,,,,,,,,,,,,,,,,,,,,,,,,火,,,,,,,,,,,,,,,,金,,,,,,木,,,,,,,,,,,,
東成区,大今里,2丁目,12番,上記以外,,,,,,,火金,,,,,,,,,,,,,,,,,,,,,,,月,,,,,,,,,,,,,,,,木,,,,,,,,,,,,,,,,,,木,,
東成区,大今里,2丁目,13番,5~8･12･13号,,,,,,月木,,,,,,,,,,,,,,,,,,,,,,,,,,火,,,,,,,,,,,,,,,,金,,,,,,木,,,,,,,,,,,,
東成区,大今里,2丁目,13番,上記以外,,,,,,,火金,,,,,,,,,,,,,,,,,,,,,,,月,,,,,,,,,,,,,,,,木,,,,,,,,,,,,,,,,,,木,,
東成区,大今里,2丁目,14番,6･7号,,,,,,月木,,,,,,,,,,,,,,,,,,,,,,,,,,火,,,,,,,,,,,,,,,,金,,,,,,木,,,,,,,,,,,,
東成区,大今里,2丁目,14番,上記以外,,,,,,,,,,,,,,火金,,,,,,,,,,,,,,,,月,,,,,,,,,,,,,,,,木,,,,,,,,,,,,,,,,,木,,,
東成区,大今里,2丁目,15番,4~11号,,,,,,月木,,,,,,,,,,,,,,,,,,,,,,,,,,火,,,,,,,,,,,,,,,,金,,,,,,木,,,,,,,,,,,,
東成区,大今里,2丁目,15番,上記以外,,,,,,,,,,,,,,火金,,,,,,,,,,,,,,,,月,,,,,,,,,,,,,,,,木,,,,,,,,,,,,,,,,,,木,,
東成区,大今里,2丁目,16番,,,,,,,月木,,,,,,,,,,,,,,,,,,,,,,,,,,火,,,,,,,,,,,,,,,,金,,,,,,木,,,,,,,,,,,,
東成区,大今里,2丁目,17番,,,,,,,月木,,,,,,,,,,,,,,,,,,,,,,,,,,火,,,,,,,,,,,,,,,,金,,,,,,木,,,,,,,,,,,,
東成区,大今里,2丁目,18番,6~7･11･13･14号,,,,,,,火金,,,,,,,,,,,,,,,,,,,,,,,月,,,,,,,,,,,,,,,,木,,,,,,,,木,,,,,,,,,,,,
東成区,大今里,2丁目,18番,上記以外,,,,,,月木,,,,,,,,,,,,,,,,,,,,,,,,,,火,,,,,,,,,,,,,,,,金,,,,,,木,,,,,,,,,,,,
東成区,大今里,2丁目,19番,軽四輪車(小さい車)で収集している地域,,,,,,火金,,,,,,,,,,,,,,,,,,,,,,,,,,火,,,,,,,,,,,,,,,,金,,,,,,木,,,,,,,,,,,,
東成区,大今里,2丁目,19番,上記以外,,,,,,火金,,,,,,,,,,,,,,,,,,,,,,,,月,,,,,,,,,,,,,,,,木,,,,,,,,木,,,,,,,,,,,,
東成区,大今里,2丁目,20番,,,,,,,火金,,,,,,,,,,,,,,,,,,,,,,,,月,,,,,,,,,,,,,,,,木,,,,,,,,木,,,,,,,,,,,,
東成区,大今里,2丁目,21番,7~9号,,,,,,火金,,,,,,,,,,,,,,,,,,,,,,,,月,,,,,,,,,,,,,,,,木,,,,,,,,木,,,,,,,,,,,,
東成区,大今里,2丁目,21番,上記以外,,,,,,,,,,,,,,,月木,,,,,,,,,,,,,,,火,,,,,,,,,,,,,,,,,,金,,,,,,木,,,,,,,,,,,,
東成区,大今里,2丁目,22番,2~6･20~22号,,,,,,,,,,,,,,,月木,,,,,,,,,,,,,,,火,,,,,,,,,,,,,,,,,,金,,,,,,,,木,,,,,,,,,,
東成区,大今里,2丁目,22番,上記以外,,,,,,火金,,,,,,,,,,,,,,,,,,,,,,,,月,,,,,,,,,,,,,,,,木,,,,,,,,,,,,,,,,,,木,,
東成区,大今里,2丁目,23番,12~14号,,,,,,火金,,,,,,,,,,,,,,,,,,,,,,,,月,,,,,,,,,,,,,,,,木,,,,,,,,,,,,,,,,,,木,,
東成区,大今里,2丁目,23番,上記以外,,,,,,,,,,,,,,,月木,,,,,,,,,,,,,,,,,火,,,,,,,,,,,,,,,,金,,,,,,木,,,,,,,,,,,,
東成区,大今里,2丁目,24番,,,,,,,月木,,,,,,,,,,,,,,,,,,,,,,,,,,火,,,,,,,,,,,,,,,,金,,,,,,木,,,,,,,,,,,,
東成区,大今里,2丁目,25番,16~21号,,,,,,,,,,,,,,火金,,,,,,,,,,,,,,,,月,,,,,,,,,,,,,,,,木,,,,,,,,,,,,,,,,,,木,,
東成区,大今里,2丁目,25番,上記以外,,,,,,月木,,,,,,,,,,,,,,,,,,,,,,,,,,火,,,,,,,,,,,,,,,,金,,,,,,,,,,,,,,,,木,,
東成区,大今里,2丁目,26番,3~13号,,,,,,,,,,,,,,火金,,,,,,,,,,,,,,,,月,,,,,,,,,,,,,,,,木,,,,,,,,,,,,,,,,,,,,木
東成区,大今里,2丁目,26番,上記以外,,,,,,,,,,,,,,火金,,,,,,,,,,,,,,,,月,,,,,,,,,,,,,,,,木,,,,,,,,,,,木,,,,,,,,,
東成区,大今里,2丁目,27番,1･2･16~24号,,,,,,,,,,,,,,月木,,,,,,,,,,,,,,,,火,,,,,,,,,,,,,,,,金,,,,,,,,,,,,,,,,,,,木,
東成区,大今里,2丁目,27番,5~12号,,,,,,,,,,,,,,火金,,,,,,,,,,,,,,,,月,,,,,,,,,,,,,,,,木,,,,,,,,,,,木,,,,,,,,,
東成区,大今里,2丁目,27番,上記以外,,,,,,火金,,,,,,,,,,,,,,,,,,,,,,,,月,,,,,,,,,,,,,,,,木,,,,,,,,,,,木,,,,,,,,,
東成区,大今里,2丁目,28番,2~12号,,,,,,,,,,,,,,月木,,,,,,,,,,,,,,,,火,,,,,,,,,,,,,,,,金,,,,,,,,木,,,,,,,,,,,,
東成区,大今里,2丁目,28番,14~17号,,,,,,火金,,,,,,,,,,,,,,,,,,,,,,,,月,,,,,,,,,,,,,,,,木,,,,,,,,,,,木,,,,,,,,,
東成区,大今里,2丁目,28番,上記以外,,,,,,,,,,,,,,火金,,,,,,,,,,,,,,,,月,,,,,,,,,,,,,,,,木,,,,,,,,,,,木,,,,,,,,,
東成区,大今里,2丁目,29番,2号,,,,,,火金,,,,,,,,,,,,,,,,,,,,,,,,月,,,,,,,,,,,,,,,,木,,,,,,,,,,,,,,,,,,,,木
東成区,大今里,2丁目,29番,神路銀座(11~14号) ,,,,,,火金,,,,,,,,,,,,,,,,月,,,,,,,,,,,,,,,,木,,,,,,,,,,,,,,,,,,,,木,,,,,,,,
東成区,大今里,2丁目,29番,16･17･18･20号,,,,,,,,,,,,,,,火金,,,,,,,,,,,,,,,月,,,,,,,,,,,,,,,,木,,,,,,,,,,,,木,,,,,,,,
東成区,大今里,2丁目,30番,16~21号,,,,,,,,,,,,,,月木,,,,,,,,,,,,,,,,火,,,,,,,,,,,,,,,,金,,,,,,,,,,,,,,,,,,,木,
東成区,大今里,2丁目,30番,上記以外,,,,,,,,,,,,,,火金,,,,,,,,,,,,,,,,月,,,,,,,,,,,,,,,,木,,,,,,,,,,,木,,,,,,,,,
東成区,大今里,2丁目,31番,5~10号,,,,,,,,,,,,,,,火金,,,,,,,,,,,,,,,月,,,,,,,,,,,,,,,,木,,,,,,,,,,木,,,,,,,,,,
東成区,大今里,2丁目,31番,上記以外,,,,,,,,,,,,,,火金,,,,,,,,,,,,,,,,月,,,,,,,,,,,,,,,,木,,,,,,,,,,,木,,,,,,,,,
東成区,大今里,2丁目,32番,1~5･7~11号,,,,,,火金,,,,,,,,,,,,,,,,,,,,,,,,月,,,,,,,,,,,,,,,,木,,,,,,,,,,,,,,,,,,木,,
東成区,大今里,2丁目,32番,13･14･19~27号,,,,,,,,,,,,,,,月木,,,,,,,,,,,,,,,火,,,,,,,,,,,,,,,,金,,,,,,,,,,木,,,,,,,,,,
東成区,大今里,2丁目,32番,29号,,,,,,,,,,,,,,,火金,,,,,,,,,,,,,,,月,,,,,,,,,,,,,,,,木,,,,,,,,,,木,,,,,,,,,,
東成区,大今里,2丁目,33番,3~9･20･24･33号,,,,,,,,,,,,,,,月木,,,,,,,,,,,,,,,火,,,,,,,,金,,,,,,,,,,,,,,,,木,,,,,,,,,,,,
東成区,大今里,2丁目,33番,28~32号,,,,,,,,,,,,,,,火金,,,,,,,,,,,,,,,月,,,,,,,,木,,,,,,,,,,,,,,,,木,,,,,,,,,,,,
東成区,大今里,2丁目,33番,上記以外,,,,,,火金,,,,,,,,,,,,,,,,月,,,,,,,,,,,,,,,,木,,,,,,,,,,,,,,,,木,,,,,,,,,,,,
東成区,大今里,2丁目,34番,3~8号,,,,,,,,,,,,,,,月木,,,,,,,,,,,,,,,,,火,,,,,,木,,,,,,,,,,,,,,,,木,,,,,,,,,,,,
東成区,大今里,2丁目,34番,上記以外,,,,,,火金,,,,,,,,,,,,,,,,月,,,,,,,,,,,,,,,,木,,,,,,,,,,,,,,,,木,,,,,,,,,,,,
東成区,大今里,2丁目,35番,7~11号,,,,,,火金,,,,,,,,,,,,,,,,,,,,,,,,月,,,,,,,,木,,,,,,,,,,,,,,,,木,,,,,,,,,,,,
東成区,大今里,2丁目,35番,13･15･16･20~22号,,,,,,,,,,,,,,,月木,,,,,,,,,,,,,,,,,火,,,,,,金,,,,,,,,,,,,,,,,,,木,,,,,,,,,,
東成区,大今里,2丁目,36番,神路商店街(10･11･13･16~21号),,,,,,火金,,,,,,,,,,,,,,,,月,,,,,,,,,,,,,,,,木,,,,,,,,,,,,,,,,木,,,,,,,,,,,,
東成区,大今里,2丁目,36番,軽四輪車(小さい車)で収集している地域,,,,,,火金,,,,,,,,,,,,,,,,月,,,,,,,,,,,,,,,,木,,,,,,,,,,,,,,,,,,木,,,,,,,,,,
東成区,大今里,2丁目,36番,上記以外,,,,,,火金,,,,,,,,,,,,,,,,,,,,,,,,月,,,,,,,,木,,,,,,,,,,,,,,,,木,,,,,,,,,,,,
東成区,大今里,2丁目,37番,神路商店街(11･14･16~17号),,,,,,火金,,,,,,,,,,,,,,,,月,,,,,,,,,,,,,,,,木,,,,,,,,,,,,,,,,木,,,,,,,,,,,,
東成区,大今里,2丁目,37番,上記以外,,,,,,火金,,,,,,,,,,,,,,,,,,,,,,,,月,,,,,,,,木,,,,,,,,,,,,,,,,木,,,,,,,,,,,,
東成区,大今里,3丁目,1番,今里新道商店街(2~15号),,,,,,火金,,,,,,,,,,,,,,,,月,,,,,,,,,,,,,,,,木,,,,,,,,,,,,,,,,木,,,,,,,,,,,,
東成区,大今里,3丁目,1番,上記以外,,,,,,火金,,,,,,,,,,,,,,,,,,,,,,,,月,,,,,,,,,,,,,,,,木,,,,,,,,,,,,木,,,,,,,,
東成区,大今里,3丁目,2番,今里新道筋商店街(1~12･30~32号),,,,,,火金,,,,,,,,,,,,,,,,月,,,,,,,,,,,,,,,,木,,,,,,,,,,,,,,,,木,,,,,,,,,,,,
東成区,大今里,3丁目,2番,軽四輪車(小さい車)で収集している地域,,,,,,,,,,,,,,火金,,,,,,,,,,,,,,,,月,,,,,,,,,,,,,,,,木,,,,,,,,木,,,,,,,,,,,,
東成区,大今里,3丁目,2番,上記以外,,,,,,火金,,,,,,,,,,,,,,,,月,,,,,,,,,,,,,,,,木,,,,,,,,,,,,,,,,木,,,,,,,,,,,,
東成区,大今里,3丁目,3番,今里1番街(1~4･22号),,,,,,火金,,,,,,,,,,,,,,,,月,,,,,,,,,,,,,,,,木,,,,,,,,,,,,,,,,木,,,,,,,,,,,,
東成区,大今里,3丁目,3番,軽四輪車(小さい車)で収集している地域,,,,,,,,,,,,,,火金,,,,,,,,,,,,,,,,月,,,,,,,,,,,,,,,,木,,,,,,,,木,,,,,,,,,,,,
東成区,大今里,3丁目,3番,上記以外,,,,,,火金,,,,,,,,,,,,,,,,月,,,,,,,,,,,,,,,,木,,,,,,,,,,,,,,,,木,,,,,,,,,,,,
東成区,大今里,3丁目,4番,今里1番街(1~5号),,,,,,火金,,,,,,,,,,,,,,,,月,,,,,,,,,,,,,,,,木,,,,,,,,,,,,,,,,木,,,,,,,,,,,,
東成区,大今里,3丁目,4番,軽四輪車(小さい車)で収集している地域,,,,,,,,火金,,,,,,,,,,,,,,,,,,,,,,月,,,,,,,,,,,,,,,,木,,,,,,,,,,,,木,,,,,,,,
東成区,大今里,3丁目,4番,上記以外,,,,,,火金,,,,,,,,,,,,,,,,月,,,,,,,,,,,,,,,,木,,,,,,,,,,,,,,,,木,,,,,,,,,,,,
東成区,大今里,3丁目,5番,今里1番街(1~2･4~7･25号),,,,,,火金,,,,,,,,,,,,,,,,月,,,,,,,,,,,,,,,,木,,,,,,,,,,,,,,,,木,,,,,,,,,,,,
東成区,大今里,3丁目,5番,軽四輪車(小さい車)で収集している地域,,,,,,,,火金,,,,,,,,,,,,,,,,,,,,,,月,,,,,,,,,,,,,,,,木,,,,,,,,,,,,木,,,,,,,,
東成区,大今里,3丁目,5番,上記以外,,,,,,火金,,,,,,,,,,,,,,,,,,,,,,,,月,,,,,,,,,,,,,,,,木,,,,,,,,木,,,,,,,,,,,,
東成区,大今里,3丁目,6番,,,,,,,,火金,,,,,,,,,,,,,,,,,,,,,,,月,,,,,,,,,,,,,,,,木,,,,,,,,,,,,木,,,,,,,,
東成区,大今里,3丁目,7番,,,,,,,,火金,,,,,,,,,,,,,,,,,,,,,,,月,,,,,,,,,,,,,,,,木,,,,,,,,,,木,,,,,,,,,,
東成区,大今里,3丁目,8番,,,,,,,,,,,,,,,,火金,,,,,,,,,,,,,,,月,,,,,,,,,,,,,,,,木,,,,,,,,,,木,,,,,,,,,,
東成区,大今里,3丁目,9番,,,,,,,,,,,,,,,火金,,,,,,,,,,,,,,,,月,,,,,,,,,,,,,,,,木,,,,,,,,,,木,,,,,,,,,,
東成区,大今里,3丁目,10番,,,,,,,,火金,,,,,,,,,,,,,,,,,,,,,,,月,,,,,,,,,,,,,,,,木,,,,,,,,木,,,,,,,,,,,,
東成区,大今里,3丁目,11番,軽四輪車(小さい車)で収集している地域,,,,,,,,,,,,,,火金,,,,,,,,,,,,,,,,月,,,,,,,,,,,,,,,,木,,,,,,,,木,,,,,,,,,,,,
東成区,大今里,3丁目,11番,上記以外,,,,,,火金,,,,,,,,,,,,,,,,,,,,,,,,月,,,,,,,,,,,,,,,,木,,,,,,,,,,,,木,,,,,,,,
東成区,大今里,3丁目,12番,,,,,,,火金,,,,,,,,,,,,,,,,,,,,,,,,月,,,,,,,,,,,,,,,,木,,,,,,,,,,,,木,,,,,,,,
東成区,大今里,3丁目,13番,,,,,,,火金,,,,,,,,,,,,,,,,,,,,,,,,月,,,,,,,,,,,,,,,,木,,,,,,,,,,,,木,,,,,,,,
東成区,大今里,3丁目,14番,オーク今里,,,,,,,,,,,,,,火金,,,,,,,,,,,,,,,,月,,,,,,,,,,,,,,,,木,,,,,,,,,,,木,,,,,,,,,
東成区,大今里,3丁目,14番,オーク今里･ステーション,,,,,,火金,,,,,,,,,,,,,,,,,,,,,,,,月,,,,,,,,,,,,,,,,木,,,,,,,,,,,,木,,,,,,,,
東成区,大今里,3丁目,14番,上記以外,,,,,,火金,,,,,,,,,,,,,,,,,,,,,,,,月,,,,,,,,,,,,,,,,木,,,,,,,,,,,,木,,,,,,,,
東成区,大今里,3丁目,15番,,,,,,,火金,,,,,,,,,,,,,,,,,,,,,,,,月,,,,,,,,,,,,,,,,木,,,,,,,,,,,,木,,,,,,,,
東成区,大今里,3丁目,16番,,,,,,,火金,,,,,,,,,,,,,,,,,,,,,,,,月,,,,,,,,,,,,,,,,木,,,,,,,,,,,,木,,,,,,,,
東成区,大今里,3丁目,17番,,,,,,,火金,,,,,,,,,,,,,,,,,,,,,,,,月,,,,,,,,,,,,,,,,木,,,,,,,,,,,,木,,,,,,,,
東成区,大今里,3丁目,18番,,,,,,,火金,,,,,,,,,,,,,,,,,,,,,,,,月,,,,,,,,,,,,,,,,木,,,,,,,,,,,木,,,,,,,,,
東成区,大今里,3丁目,19番,,,,,,,火金,,,,,,,,,,,,,,,,,,,,,,,,月,,,,,,,,,,,,,,,,木,,,,,,,,,,,木,,,,,,,,,
東成区,大今里,3丁目,20番,,,,,,,火金,,,,,,,,,,,,,,,,,,,,,,,,月,,,,,,,,,,,,,,,,木,,,,,,,,,,,木,,,,,,,,,
東成区,大今里,3丁目,21番,,,,,,,火金,,,,,,,,,,,,,,,,,,,,,,,,月,,,,,,,,,,,,,,,,木,,,,,,,,,,,木,,,,,,,,,
東成区,大今里,3丁目,22番,,,,,,,火金,,,,,,,,,,,,,,,,,,,,,,,,月,,,,,,,,,,,,,,,,木,,,,,,,,,,,木,,,,,,,,,
東成区,大今里,3丁目,23番,,,,,,,火金,,,,,,,,,,,,,,,,,,,,,,,,月,,,,,,,,,,,,,,,,木,,,,,,,,,,,,木,,,,,,,,
東成区,大今里,3丁目,24番,,,,,,,火金,,,,,,,,,,,,,,,,,,,,,,,,月,,,,,,,,,,,,,,,,木,,,,,,,,,,,,木,,,,,,,,
東成区,大今里,3丁目,25番,,,,,,,,火金,,,,,,,,,,,,,,,,,,,,,,,月,,,,,,,,,,,,,,,,木,,,,,,,,木,,,,,,,,,,,,
東成区,大今里,3丁目,26番,,,,,,,火金,,,,,,,,,,,,,,,,,,,,,,,,月,,,,,,,,,,,,,,,,木,,,,,,,,,,,木,,,,,,,,,
東成区,大今里,4丁目,1番,神路銀座(1~5号),,,,,,,火金,,,,,,,,,,,,,,,月,,,,,,,,,,,,,,,,木,,,,,,,,,,,,,,,,,,木,,,,,,,,,,
東成区,大今里,4丁目,1番,神路銀座以外(5･7~9号),,,,,,,,,,,,,,火金,,,,,,,,月,,,,,,,,,,,,,,,,木,,,,,,,,,,,,,,,,,,木,,,,,,,,,,
東成区,大今里,4丁目,1番,上記以外,,,,,,火金,,,,,,,,,,,,,,,,,,,,,,,,月,,,,,,,,,,,,,,,,木,,,,,,,,,,木,,,,,,,,,,
東成区,大今里,4丁目,2番,神路銀座(1~3号),,,,,,火金,,,,,,,,,,,,,,,,月,,,,,,,,,,,,,,,,木,,,,,,,,,,,,,,,,木,,,,,,,,,,,,
東成区,大今里,4丁目,2番,神路銀座以外(3･5~7･9号),,,,,,,,,,,,,火金,,,,,,,,,月,,,,,,,,,,,,,,,,木,,,,,,,,,,,,,,,,,,,,木,,,,,,,,
東成区,大今里,4丁目,2番,上記以外,,,,,,火金,,,,,,,,,,,,,,,,,,,,,,,,月,,,,,,,,,,,,,,,,木,,,,,,,,,,,,木,,,,,,,,
東成区,大今里,4丁目,3番,軽四輪車(小さい車)で収集している地域,,,,,,,火金,,,,,,,,,,,,,,,,,,,,,,,月,,,,,,,,,,,,,,,,木,,,,,,,,,,,,木,,,,,,,,
東成区,大今里,4丁目,3番,上記以外,,,,,,火金,,,,,,,,,,,,,,,,月,,,,,,,,,,,,,,,,木,,,,,,,,,,,,,,,,木,,,,,,,,,,,,
東成区,大今里,4丁目,4番,7~13･16~21号,,,,,,,火金,,,,,,,,,,,,,,,,,,,,,,,月,,,,,,,,,,,,,,,,木,,,,,,,,,,木,,,,,,,,,,
東成区,大今里,4丁目,4番,27~32号,,,,,,,,,,,,,,火金,,,,,,,,,,,,,,,,,月,,,,,,,,,,,,,,,,,木,,,,,,木,,,,,,,,,,,,
東成区,大今里,4丁目,4番,上記以外,,,,,,火金,,,,,,,,,,,,,,,,月,,,,,,,,,,,,,,,,木,,,,,,,,,,,,,,,,木,,,,,,,,,,,,
東成区,大今里,4丁目,5番,軽四輪車(小さい車)で収集している地域,,,,,,火金,,,,,,,,,,,,,,,,月,,,,,,,,,,,,,,,,木,,,,,,,,,,,,,,,,,,,木,,,,,,,,,
東成区,大今里,4丁目,5番,上記以外,,,,,,火金,,,,,,,,,,,,,,,,,,,,,,,,月,,,,,,,,,,,,,,,,木,,,,,,,,木,,,,,,,,,,,,
東成区,大今里,4丁目,6番,,,,,,,,火金,,,,,,,,,,,,,,,,,,,,,,,月,,,,,,,,,,,,,,,,木,,,,,,,,,,,木,,,,,,,,,
東成区,大今里,4丁目,7番,軽四輪車(小さい車)で収集している地域,,,,,,,,,,,,,,火金,,,,,,,,,,月,,,,,,,,,,,,,,,,木,,,,,,,,,,,,,,,,木,,,,,,,,,,
東成区,大今里,4丁目,7番,上記以外,,,,,,火金,,,,,,,,,,,,,,,,,,,,,,,,月,,,,,,,,,,,,,,,,木,,,,,,,,,,,木,,,,,,,,,
東成区,大今里,4丁目,8番,,,,,,,,,,,,,,,,火金,,,,,,,,,,,,,,,月,,,,,,,,,,,,,,,,木,,,,,,,,,,,,木,,,,,,,,
東成区,大今里,4丁目,9番,,,,,,,,,,,,,,,,火金,,,,,,,,,,,,,,,月,,,,,,,,,,,,,,,,木,,,,,,,,,,,,木,,,,,,,,
東成区,大今里,4丁目,10番,軽四輪車(小さい車)で収集している地域,,,,,,,,,,,,,,,火金,,,,,,,,,,,,,,,月,,,,,,,,,,,,,,,,木,,,,,,,,,,木,,,,,,,,,,
東成区,大今里,4丁目,10番,上記以外,,,,,,,,,,,,,,火金,,,,,,,,,,,,,,,,月,,,,,,,,,,,,,,,,木,,,,,,,,,,,木,,,,,,,,,
東成区,大今里,4丁目,11番,軽四輪車(小さい車)で収集している地域,,,,,,,,,,,,,,,火金,,,,,,,,,,,,,,,月,,,,,,,,,,,,,,,,木,,,,,,,,,,,,木,,,,,,,,
東成区,大今里,4丁目,11番,上記以外,,,,,,,,,,,,,,,火金,,,,,,,,,,,,,,,月,,,,,,,,,,,,,,,,木,,,,,,,,,,,,木,,,,,,,,
東成区,大今里,4丁目,12番,軽四輪車(小さい車)で収集している地域,,,,,,,火金,,,,,,,,,,,,,,,,,,,,,,,月,,,,,,,,,,,,,,,,木,,,,,,,,,,木,,,,,,,,,,
東成区,大今里,4丁目,12番,上記以外,,,,,,火金,,,,,,,,,,,,,,,,,,,,,,,,月,,,,,,,,,,,,,,,,木,,,,,,,,,,,,木,,,,,,,,
東成区,大今里,4丁目,13番,,,,,,,火金,,,,,,,,,,,,,,,,,,,,,,,,月,,,,,,,,,,,,,,,,木,,,,,,,,,,,木,,,,,,,,,
東成区,大今里,4丁目,14番,,,,,,,火金,,,,,,,,,,,,,,,,,,,,,,,,月,,,,,,,,,,,,,,,,木,,,,,,,,,,,木,,,,,,,,,
東成区,大今里,4丁目,15番,,,,,,,,火金,,,,,,,,,,,,,,,,,,,,,,,月,,,,,,,,,,,,,,,,木,,,,,,,,,,,木,,,,,,,,,
東成区,大今里,4丁目,16番,軽四輪車(小さい車)で収集している地域,,,,,,,,火金,,,,,,,,,,,,,,,,,,,,,,月,,,,,,,,,,,,,,,,木,,,,,,,,木,,,,,,,,,,,,
東成区,大今里,4丁目,16番,上記以外,,,,,,火金,,,,,,,,,,,,,,,,,,,,,,,,月,,,,,,,,,,,,,,,,木,,,,,,,,,,,,木,,,,,,,,
東成区,大今里,4丁目,17番,軽四輪車(小さい車)で収集している地域,,,,,,,,,火金,,,,,,,,,,,,,,,,,,,,,月,,,,,,,,,,,,,,,,木,,,,,,,,木,,,,,,,,,,,,
東成区,大今里,4丁目,17番,上記以外,,,,,,,火金,,,,,,,,,,,,,,,,,,,,,,,月,,,,,,,,,,,,,,,,木,,,,,,,,,,,,木,,,,,,,,
東成区,大今里,4丁目,18番,軽四輪車(小さい車)で収集している地域,,,,,,,,,,,,,,火金,,,,,,,,,,,,,,,,月,,,,,,,,,,,,,,,,木,,,,,,,,木,,,,,,,,,,,,
東成区,大今里,4丁目,18番,上記以外,,,,,,火金,,,,,,,,,,,,,,,,,,,,,,,,月,,,,,,,,,,,,,,,,木,,,,,,,,木,,,,,,,,,,,,
東成区,大今里,4丁目,19番,,,,,,,,火金,,,,,,,,,,,,,,,,,,,,,,,月,,,,,,,,,,,,,,,,木,,,,,,,,木,,,,,,,,,,,,
東成区,大今里,4丁目,20番,軽四輪車(小さい車)で収集している地域,,,,,,,,火金,,,,,,,,,,,,,,,,,,,,,,月,,,,,,,,,,,,,,,,木,,,,,,,,木,,,,,,,,,,,,
東成区,大今里,4丁目,20番,上記以外,,,,,,火金,,,,,,,,,,,,,,,,,,,,,,,,月,,,,,,,,,,,,,,,,木,,,,,,,,木,,,,,,,,,,,,
東成区,大今里,4丁目,21番,軽四輪車(小さい車)で収集している地域,,,,,,火金,,,,,,,,,,,,,,,,,,,,,,,,月,,,,,,,,,,,,,,,,木,,,,,,,,,,,木,,,,,,,,,
東成区,大今里,4丁目,21番,上記以外,,,,,,火金,,,,,,,,,,,,,,,,,,,,,,,,月,,,,,,,,,,,,,,,,木,,,,,,,,木,,,,,,,,,,,,
東成区,大今里,4丁目,22番,,,,,,,火金,,,,,,,,,,,,,,,,,,,,,,,,月,,,,,,,,,,,,,,,,木,,,,,,,,木,,,,,,,,,,,,
東成区,大今里,4丁目,23番,,,,,,,,,火金,,,,,,,,,,,,,,,,,,,,,,月,,,,,,,,,,,,,,,,木,,,,,,,,木,,,,,,,,,,,,
東成区,大今里,4丁目,24番,,,,,,,,,火金,,,,,,,,,,,,,,,,,,,,,,月,,,,,,,,,,,,,,,,木,,,,,,,,木,,,,,,,,,,,,
東成区,大今里,4丁目,25番,,,,,,,,,火金,,,,,,,,,,,,,,,,,,,,,,月,,,,,,,,,,,,,,,,木,,,,,,,,木,,,,,,,,,,,,
東成区,大今里,4丁目,26番,,,,,,,火金,,,,,,,,,,,,,,,,,,,,,,,,月,,,,,,,,,,,,,,,,木,,,,,,,,木,,,,,,,,,,,,
東成区,大今里,4丁目,27番,,,,,,,火金,,,,,,,,,,,,,,,,,,,,,,,,月,,,,,,,,,,,,,,,,木,,,,,,,,木,,,,,,,,,,,,
東成区,大今里西,1丁目,1番,,,,,,,,,,,,,,,,月木,,,,,,,,,,,,,,,火,,,,,,,,,,,,,,,,,,,,金,,,,,,,,,,,,金,,,,
東成区,大今里西,1丁目,2番,,,,,,,,,,,,,,,月木,,,,,,,,,,,,,,,,火,,,,,,,,,,,,,,,,,,,,金,,,,,,,,,,,,,金,,,
東成区,大今里西,1丁目,3番,,,,,,,,,,,,,,,月木,,,,,,,,,,,,,,,,火,,,,,,,,,,,,,,,,,,,,金,,,,,,,,,,,,,金,,,
東成区,大今里西,1丁目,4番,,,,,,,,,,,,,,,月木,,,,,,,,,,,,,,,,火,,,,,,,,,,,,,,,,,,,,金,,,,,,,,,,,,,金,,,
東成区,大今里西,1丁目,5番,,,,,,,,,,,,,,,,月木,,,,,,,,,,,,,,,火,,,,,,,,,,,,,,,,,,,,金,,,,,,,,,,,,,金,,,
東成区,大今里西,1丁目,6番,,,,,,,,,,,,,,,月木,,,,,,,,,,,,,,,,火,,,,,,,,,,,,,,,,,,,,金,,,,,,,,,,,,,,,,金
東成区,大今里西,1丁目,7番,,,,,,,,,,,,,,,月木,,,,,,,,,,,,,,,,火,,,,,,,,,,,,,,,,,,,,金,,,,,,,,,,,,,金,,,
東成区,大今里西,1丁目,8番,,,,,,,,,,,,,,,,月木,,,,,,,,,,,,,,,火,,,,,,,,,,,,,,,,,,,,金,,,,,,,,,,,,,,金,,
東成区,大今里西,1丁目,9番,,,,,,,,,,,,,,,,月木,,,,,,,,,,,,,,,火,,,,,,,,,,,,,,,,,,,,金,,,,,,,,,,,,,,,,金
東成区,大今里西,1丁目,11番,,,,,,,,,,,,,,,月木,,,,,,,,,,,,,,,,火,,,,,,,,,,,,,,,,,,,,金,,,,,,,,,,,,,,,,金
東成区,大今里西,1丁目,12番,,,,,,,,,,,,,,,月木,,,,,,,,,,,,,,,,火,,,,,,,,,,,,,,,,,,,,金,,,,,,,,,,,,,,,,金
東成区,大今里西,1丁目,13番,,,,,,,,,,,,,,,月木,,,,,,,,,,,,,,,,火,,,,,,,,,,,,,,,,,,,,金,,,,,,,,,,,,,,,,金
東成区,大今里西,1丁目,14番,,,,,,,,,,,,,,,月木,,,,,,,,,,,,,,,,火,,,,,,,,,,,,,,,,,,,,金,,,,,,,,,,,,,,,,金
東成区,大今里西,1丁目,15番,,,,,,,,,,,,,,,,月木,,,,,,,,,,,,,,,火,,,,,,,,,,,,,,,,,,,,金,,,,,,,,,,,,,,,,金
東成区,大今里西,1丁目,16番,,,,,,,,,,,,,,,月木,,,,,,,,,,,,,,,,火,,,,,,,,,,,,,,,,,,,,金,,,,,,,,,,,,,,,,金
東成区,大今里西,1丁目,17番,,,,,,,,,,,,,,,月木,,,,,,,,,,,,,,,,火,,,,,,,,,,,,,,,,,,,,金,,,,,,,,,,,,,,,金,
東成区,大今里西,1丁目,18番,,,,,,,,,,,,,,,月木,,,,,,,,,,,,,,,,火,,,,,,,,,,,,,,,,,,,,金,,,,,,,,,,,,,,金,,
東成区,大今里西,1丁目,19番,,,,,,,,,,,,,,,月木,,,,,,,,,,,,,,,,火,,,,,,,,,,,,,,,,,,,,金,,,,,,,,,,,,,,金,,
東成区,大今里西,1丁目,20番,,,,,,,,,,,,,,,月木,,,,,,,,,,,,,,,,火,,,,,,,,,,,,,,,,,,,,金,,,,,,,,,,,,,金,,,
東成区,大今里西,1丁目,21番,,,,,,,,,,,,,,,月木,,,,,,,,,,,,,,,,火,,,,,,,,,,,,,,,,,,,,金,,,,,,,,,,,,,金,,,
東成区,大今里西,1丁目,22番,,,,,,,,,,,,,,,月木,,,,,,,,,,,,,,,,火,,,,,,,,,,,,,,,,,,,,金,,,,,,,,,,,,,,金,,
東成区,大今里西,1丁目,23番,,,,,,,,,,,,,,,,月木,,,,,,,,,,,,,,,火,,,,,,,,,,,,,,,,,,,,金,,,,,,,,,,,,,,,,金
東成区,大今里西,1丁目,24番,,,,,,,,,,,,,,,,月木,,,,,,,,,,,,,,,火,,,,,,,,,,,,,,,,,,,,金,,,,,,,,,,,,,,,,金
東成区,大今里西,1丁目,25番,,,,,,,,,,,,,,,月木,,,,,,,,,,,,,,,,火,,,,,,,,,,,,,,,,,,,,金,,,,,,,,,,,,,,,,金
東成区,大今里西,1丁目,26番,,,,,,,,,,,,,,,月木,,,,,,,,,,,,,,,,火,,,,,,,,,,,,,,,,,,,,金,,,,,,,,,,,,,,,,金
東成区,大今里西,1丁目,27番,,,,,,,,,,,,,,,月木,,,,,,,,,,,,,,,,火,,,,,,,,,,,,,,,,,,,,金,,,,,,,,,,,,,,,,金
東成区,大今里西,1丁目,28番,,,,,,,,月木,,,,,,,,,,,,,,,,,,,,,,,火,,,,,,,,,,,,,,,,,,,,金,,,,,,,,,,,,,金,,,
東成区,大今里西,1丁目,29番,,,,,,,月木,,,,,,,,,,,,,,,,,,,,,,,,火,,,,,,,,,,,,,,,,,,,,金,,,,,,,,,,,,金,,,,
東成区,大今里西,1丁目,30番,,,,,,,,,,,,,,,月木,,,,,,,,,,,,,,,,火,,,,,,,,,,,,,,,,,,,,金,,,,,,,,,,,,,,,,金
東成区,大今里西,2丁目,1番,,,,,,,月木,,,,,,,,,,,,,,,,,,,,,,,,火,,,,,,,,,,,,,,,,,,,,金,,,,,,,,,,,,,,,,金
東成区,大今里西,2丁目,2番,,,,,,,月木,,,,,,,,,,,,,,,,,,,,,,,,火,,,,,,,,,,,,,,,,,,,,金,,,,,,,,,,,,,,,,金
東成区,大今里西,2丁目,3番,,,,,,,月木,,,,,,,,,,,,,,,,,,,,,,,,火,,,,,,,,,,,,,,,,,,,,金,,,,,,,,,,,,,,,金,
東成区,大今里西,2丁目,4番,,,,,,,月木,,,,,,,,,,,,,,,,,,,,,,,,火,,,,,,,,,,,,,,,,,,,,金,,,,,,,,,,,,,,金,,
東成区,大今里西,2丁目,5番,,,,,,,月木,,,,,,,,,,,,,,,,,,,,,,,,火,,,,,,,,,,,,,,,,,,,,金,,,,,,,,,,,,,,金,,
東成区,大今里西,2丁目,6番,,,,,,,月木,,,,,,,,,,,,,,,,,,,,,,,,火,,,,,,,,,,,,,,,,,,,,金,,,,,,,,,,,,,,,,金
東成区,大今里西,2丁目,7番,,,,,,,月木,,,,,,,,,,,,,,,,,,,,,,,,火,,,,,,,,,,,,,,,,,,,,金,,,,,,,,,,,,,,金,,
東成区,大今里西,2丁目,8番,,,,,,,月木,,,,,,,,,,,,,,,,,,,,,,,,火,,,,,,,,,,,,,,,,,,,,金,,,,,,,,,,,,,,,,金
東成区,大今里西,2丁目,9番,,,,,,,月木,,,,,,,,,,,,,,,,,,,,,,,,火,,,,,,,,,,,,,,,,,,,,金,,,,,,,,,,,,,,,,金
東成区,大今里西,2丁目,10番,,,,,,,月木,,,,,,,,,,,,,,,,,,,,,,,,火,,,,,,,,,,,,,,,,,,,,金,,,,,,,,,,,,,,,,金
東成区,大今里西,2丁目,11番,,,,,,,,月木,,,,,,,,,,,,,,,,,,,,,,,火,,,,,,,,,,,,,,,,,,,,金,,,,,,,,,,,,,,,,金
東成区,大今里西,2丁目,12番,,,,,,,月木,,,,,,,,,,,,,,,,,,,,,,,,火,,,,,,,,,,,,,,,,,,,,金,,,,,,,,,,,,,,,金,
東成区,大今里西,2丁目,13番,,,,,,,月木,,,,,,,,,,,,,,,,,,,,,,,,火,,,,,,,,,,,,,,,,,,,,金,,,,,,,,,,,,,,,,金
東成区,大今里西,2丁目,14番,,,,,,,,月木,,,,,,,,,,,,,,,,,,,,,,,火,,,,,,,,,,,,,,,,,,,,金,,,,,,,,,,,,,,金,,
東成区,大今里西,2丁目,15番,,,,,,,月木,,,,,,,,,,,,,,,,,,,,,,,,火,,,,,,,,,,,,,,,,,,,,金,,,,,,,,,,,,,,金,,
東成区,大今里西,2丁目,16番,,,,,,,月木,,,,,,,,,,,,,,,,,,,,,,,,火,,,,,,,,,,,,,,,,,,,,金,,,,,,,,,,,,,,,,金
東成区,大今里西,2丁目,17番,,,,,,,月木,,,,,,,,,,,,,,,,,,,,,,,,火,,,,,,,,,,,,,,,,,,,,金,,,,,,,,,,,,,,,,金
東成区,大今里西,2丁目,18番,軽四輪車(小さい車)で収集している地域,,,,,,,,月木,,,,,,,,,,,,,,,,,,,,,,火,,,,,,,,,,,,,,,,,,,,金,,,,,,,金,,,,,,,,,
東成区,大今里西,2丁目,18番,上記以外,,,,,,,,,,,,,,月木,,,,,,,,,,,,,,,,火,,,,,,,,,,,,,,,,,,,,金,,,,,,,金,,,,,,,,,
東成区,大今里西,3丁目,1番,軽四輪車(小さい車)で収集している地域,,,,,,,,,,,,,,,水土,,,,,,,火,,,,,,,,,,,,,,,,金,,,,,,,,,,,,,,,,,,,金,,,,,,,,,
東成区,大今里西,3丁目,1番,上記以外,,,,,,,,,,,水土,,,,,,,,,,,火,,,,,,,,,,,,,,,,金,,,,,,,,,,,,,,,,,,,金,,,,,,,,,
東成区,大今里西,3丁目,2番,今里コーポ,,,,,,,,,,,水土,,,,,,,,,,,火,,,,,,,,,,,,,,,,金,,,,,,,,,,,,,,,,土,,,,,,,,,,,,
東成区,大今里西,3丁目,2番,上記以外,,,,,,,,,,,水土,,,,,,,,,,,火,,,,,,,,,,,,,,,,金,,,,,,,,,,,,,,,,,,,金,,,,,,,,,
東成区,大今里西,3丁目,3番,軽四輪車(小さい車)で収集している地域,,,,,,,,,,,,,,水土,,,,,,,,火,,,,,,,,,,,,,,,,金,,,,,,,,,,,,,,,,,,,金,,,,,,,,,
東成区,大今里西,3丁目,3番,上記以外,,,,,,,,,,,水土,,,,,,,,,,,火,,,,,,,,,,,,,,,,金,,,,,,,,,,,,,,,,,,,金,,,,,,,,,
東成区,大今里西,3丁目,4番,軽四輪車(小さい車)で収集している地域,,,,,,,,,,,,,,水土,,,,,,,,火,,,,,,,,,,,,,,,,金,,,,,,,,,,,,,,,,,,,金,,,,,,,,,
東成区,大今里西,3丁目,4番,上記以外,,,,,,,,,,,水土,,,,,,,,,,,火,,,,,,,,,,,,,,,,金,,,,,,,,,,,,,,,,,,,金,,,,,,,,,
東成区,大今里西,3丁目,5番,軽四輪車(小さい車)で収集している地域,,,,,,,,,,,,,,水土,,,,,,,,火,,,,,,,,,,,,,,,,金,,,,,,,,,,,,,,,,,,金,,,,,,,,,,
東成区,大今里西,3丁目,5番,上記以外,,,,,,,,,,,水土,,,,,,,,,,,火,,,,,,,,,,,,,,,,金,,,,,,,,,,,,,,,,,,,金,,,,,,,,,
東成区,大今里西,3丁目,6番,,,,,,,,,,,水土,,,,,,,,,,,,火,,,,,,,,,,,,,,,,金,,,,,,,,,,,,,,,,金,,,,,,,,,,,,
東成区,大今里西,3丁目,7番,,,,,,,,,,,水土,,,,,,,,,,,,火,,,,,,,,,,,,,,,,金,,,,,,,,,,,,,,,,金,,,,,,,,,,,,
東成区,大今里西,3丁目,8番,,,,,,,,,,,水土,,,,,,,,,,,,火,,,,,,,,,,,,,,,,金,,,,,,,,,,,,,,,,金,,,,,,,,,,,,
東成区,大今里西,3丁目,9番,,,,,,,,,,,水土,,,,,,,,,,,,火,,,,,,,,,,,,,,,,金,,,,,,,,,,,,,,,,,,,,,金,,,,,,,
東成区,大今里西,3丁目,10番,,,,,,,,,,,,水土,,,,,,,,,,,火,,,,,,,,,,,,,,,,金,,,,,,,,,,,,,,,,金,,,,,,,,,,,,
東成区,大今里西,3丁目,11番,,,,,,,,,,,水土,,,,,,,,,,,,火,,,,,,,,,,,,,,,,金,,,,,,,,,,,,,,,,金,,,,,,,,,,,,
東成区,大今里西,3丁目,12番,,,,,,,,,,,,水土,,,,,,,,,,,火,,,,,,,,,,,,,,,,金,,,,,,,,,,,,,,,,,,,,金,,,,,,,,
東成区,大今里西,3丁目,13番,,,,,,,,,,,,水土,,,,,,,,,,,火,,,,,,,,,,,,,,,,金,,,,,,,,,,,,,,,,,,,,,金,,,,,,,
東成区,大今里西,3丁目,14番,7~16号,,,,,,,,,,,,,,,水土,,,,,,,火,,,,,,,,,,,,,,,,金,,,,,,,,,,,,,,,,,,,,金,,,,,,,,
東成区,大今里西,3丁目,14番,上記以外,,,,,,,,,水土,,,,,,,,,,,,,火,,,,,,,,,,,,,,,,金,,,,,,,,,,,,,,,,,,,,金,,,,,,,,
東成区,大今里西,3丁目,15番,軽四輪車(小さい車)で収集している地域,,,,,,,,,,,,,,水土,,,,,,,,火,,,,,,,,,,,,,,,,金,,,,,,,,,,,,,,,,,,,金,,,,,,,,,
東成区,大今里西,3丁目,15番,上記以外,,,,,,,,,,,水土,,,,,,,,,,,火,,,,,,,,,,,,,,,,金,,,,,,,,,,,,,,,,,,,金,,,,,,,,,
東成区,大今里西,3丁目,16番,,,,,,,,,,,,水土,,,,,,,,,,,火,,,,,,,,,,,,,,,,金,,,,,,,,,,,,,,,,,,,,金,,,,,,,,
東成区,大今里西,3丁目,17番,,,,,,,,,,,,水土,,,,,,,,,,,火,,,,,,,,,,,,,,,,金,,,,,,,,,,,,,,,,,,,,金,,,,,,,,
東成区,大今里西,3丁目,18番,,,,,,,,,,,,水土,,,,,,,,,,,火,,,,,,,,,,,,,,,,金,,,,,,,,,,,,,,,,金,,,,,,,,,,,,
東成区,大今里南,1丁目,1番,,,,,,,,,,,,,,,,,水土,,,,,,,,火,,,,,,,,,,,,,,,,金,,,,,,,,,,,,,,,,,,金,,,,,,,,
東成区,大今里南,1丁目,2番,,,,,,,,,,,,,,,,,,水土,,,,,,,火,,,,,,,,,,,,,,,,金,,,,,,,,,,,,,,,,,金,,,,,,,,,
東成区,大今里南,1丁目,3番,6~8号,,,,,,,,,,,,,,,,水土,,,,,,火,,,,,,,,,,,,,,,,金,,,,,,,,,,,,,,,,金,,,,,,,,,,,,
東成区,大今里南,1丁目,3番,上記以外,,,,,,,,,,,,,,,,水土,,,,,,,,火,,,,,,,,,,,,,,,,金,,,,,,,,,,,,,,,,,,金,,,,,,,,
東成区,大今里南,1丁目,4番,,,,,,,,,,,,,,,,,水土,,,,,,,,火,,,,,,,,,,,,,,,,金,,,,,,,,,,,,,,,,,,金,,,,,,,,
東成区,大今里南,1丁目,5番,,,,,,,,,,,,,,,,,,水土,,,,,,,火,,,,,,,,,,,,,,,,金,,,,,,,,,,,,,,,,,,金,,,,,,,,
東成区,大今里南,1丁目,6番,,,,,,,,,,,,,,,,,水土,,,,,,,,火,,,,,,,,,,,,,,,,金,,,,,,,,,,,,,,,,,,金,,,,,,,,
東成区,大今里南,1丁目,7番,軽四輪車(小さい車)で収集している地域,,,,,,,,水土,,,,,,,,,,,,,,,,火,,,,,,,,,,,,,,,,金,,,,,,,,,,,,,,,,,,金,,,,,,,,
東成区,大今里南,1丁目,7番,上記以外,,,,,,,,,,,,,,,,水土,,,,,,,,火,,,,,,,,,,,,,,,,金,,,,,,,,,,,,,,,,,,金,,,,,,,,
東成区,大今里南,1丁目,8番,,,,,,,,,,,,,,,,,水土,,,,,,,,火,,,,,,,,,,,,,,,,金,,,,,,,,,,,,,,,,金,,,,,,,,,,
東成区,大今里南,1丁目,9番,,,,,,,,,,,,,,,,,水土,,,,,,,,火,,,,,,,,,,,,,,,,金,,,,,,,,,,,,,,,,金,,,,,,,,,,
東成区,大今里南,1丁目,10番,,,,,,,,,,,,,,,,,,水土,,,,,,,火,,,,,,,,,,,,,,,,金,,,,,,,,,,,,,,,,金,,,,,,,,,,
東成区,大今里南,1丁目,11番,,,,,,,,,,,,,,,,,,水土,,,,,,,火,,,,,,,,,,,,,,,,金,,,,,,,,,,,,,,,,,金,,,,,,,,,
東成区,大今里南,1丁目,12番,,,,,,,,,,,,,,,,,水土,,,,,,,,火,,,,,,,,,,,,,,,,金,,,,,,,,,,,,,,,,,金,,,,,,,,,
東成区,大今里南,1丁目,13番,,,,,,,,,,,,,,,,,,水土,,,,,,,火,,,,,,,,,,,,,,,,金,,,,,,,,,,,,,,,,金,,,,,,,,,,
東成区,大今里南,1丁目,14番,,,,,,,,,,,,,,,,,,水土,,,,,,,火,,,,,,,,,,,,,,,,金,,,,,,,,,,,,,,,,金,,,,,,,,,,
東成区,大今里南,1丁目,15番,,,,,,,,,,,,,,,,,,水土,,,,,,,火,,,,,,,,,,,,,,,,金,,,,,,,,,,,,,,,,金,,,,,,,,,,
東成区,大今里南,1丁目,16番,,,,,,,,,,,,,,,,,水土,,,,,,,,火,,,,,,,,,,,,,,,,金,,,,,,,,,,,,,,,,,,金,,,,,,,,
東成区,大今里南,1丁目,17番,10･11･13号,,,,,,,,,,,,,,,水土,,,,,,,,,火,,,,,,,,,,,,,,,,金,,,,,,,,,,,,,,金,,,,,,,,,,,,
東成区,大今里南,1丁目,17番,14･22号,,,,,,,,,,,水土,,,,,,,,,,,,,火,,,,,,,,,,,,,,,,金,,,,,,,,,,,,,,金,,,,,,,,,,,,
東成区,大今里南,1丁目,17番,上記以外,,,,,,,,,,,,,,,,,水土,,,,,,,火,,,,,,,,,,,,,,,,金,,,,,,,,,,,,,,金,,,,,,,,,,,,
東成区,大今里南,1丁目,18番,14~17号,,,,,,,,,,,水土,,,,,,,,,,,,,火,,,,,,,,,,,,,,,,金,,,,,,,,,,,,,,金,,,,,,,,,,,,
東成区,大今里南,1丁目,18番,上記以外,,,,,,,,,,,,,,,,,水土,,,,,,,火,,,,,,,,,,,,,,,,金,,,,,,,,,,,,,,金,,,,,,,,,,,,
東成区,大今里南,1丁目,19番,15~17号,,,,,,,,,,,水土,,,,,,,,,,,,,火,,,,,,,,,,,,,,,,金,,,,,,,,,,,,,,金,,,,,,,,,,,,
東成区,大今里南,1丁目,19番,上記以外,,,,,,,,,,,,,,,,,水土,,,,,,,火,,,,,,,,,,,,,,,,金,,,,,,,,,,,,,,金,,,,,,,,,,,,
東成区,大今里南,1丁目,20番,,,,,,,,,,,,,,,,,,水土,,,,,,,火,,,,,,,,,,,,,,,,金,,,,,,,,,,,,,,金,,,,,,,,,,,,
東成区,大今里南,1丁目,21番,パークスクエア大今里,,,,,,,,,,,水土,,,,,,,,,,,,,火,,,,,,,,,,,,,,,,金,,,,,,,,,,,,,,金,,,,,,,,,,,,
東成区,大今里南,1丁目,21番,上記以外,,,,,,,,,,水土,,,,,,,,,,,,,,火,,,,,,,,,,,,,,,,金,,,,,,,,,,,,,,,,,,,金,,,,,,,
東成区,大今里南,1丁目,22番,,,,,,,,,,,,,,,,,水土,,,,,,,,火,,,,,,,,,,,,,,,,金,,,,,,,,,,,,,,,,金,,,,,,,,,,
東成区,大今里南,1丁目,23番,,,,,,,,,,,,,,,,,,水土,,,,,,,火,,,,,,,,,,,,,,,,金,,,,,,,,,,,,,,金,,,,,,,,,,,,
東成区,大今里南,1丁目,24番,,,,,,,,,,,,水土,,,,,,,,,,,,,火,,,,,,,,,,,,,,,,金,,,,,,,,,,,,,,金,,,,,,,,,,,,
東成区,大今里南,1丁目,25番,,,,,,,,,,,,水土,,,,,,,,,,,,,火,,,,,,,,,,,,,,,,金,,,,,,,,,,,,,,金,,,,,,,,,,,,
東成区,大今里南,1丁目,26番,,,,,,,,,,,,水土,,,,,,,,,,,,,火,,,,,,,,,,,,,,,,金,,,,,,,,,,,,,,,,金,,,,,,,,,,
東成区,大今里南,2丁目,1番,,,,,,,,,,,,,,,,,水土,,,,,,,,火,,,,,,,,,,,,,,,,金,,,,,,,,,,,,,,,,,金,,,,,,,,,
東成区,大今里南,2丁目,2番,,,,,,,,,,,,,,,,,水土,,,,,,,,火,,,,,,,,,,,,,,,,金,,,,,,,,,,,,,,金,,,,,,,,,,,,
東成区,大今里南,2丁目,3番,,,,,,,,,,,,,,,,,水土,,,,,,,,火,,,,,,,,,,,,,,,,金,,,,,,,,,,,,,,金,,,,,,,,,,,,
東成区,大今里南,2丁目,4番,,,,,,,,,,,,,,,,,水土,,,,,,,,火,,,,,,,,,,,,,,,,金,,,,,,,,,,,,,,金,,,,,,,,,,,,
東成区,大今里南,2丁目,5番,,,,,,,,,,,,,,,,,水土,,,,,,,,火,,,,,,,,,,,,,,,,金,,,,,,,,,,,,,,金,,,,,,,,,,,,
東成区,大今里南,2丁目,6番,,,,,,,,,,,,,,,,,水土,,,,,,,,火,,,,,,,,,,,,,,,,金,,,,,,,,,,,,,,金,,,,,,,,,,,,
東成区,大今里南,2丁目,7番,軽四輪車(小さい車)で収集している地域,,,,,,,,水土,,,,,,,,,,,,,,火,,,,,,,,,,,,,,,,金,,,,,,,,,,,,,,,,金,,,,,,,,,,,,
東成区,大今里南,2丁目,7番,上記以外,,,,,,,,,,,,,,,,水土,,,,,,火,,,,,,,,,,,,,,,,金,,,,,,,,,,,,,,,,金,,,,,,,,,,,,
東成区,大今里南,2丁目,8番,,,,,,,,,,,,,,,,,水土,,,,,,火,,,,,,,,,,,,,,,,金,,,,,,,,,,,,,,,,,,,,金,,,,,,,,
東成区,大今里南,2丁目,9番,,,,,,,,,,,,,,,,,水土,,,,,,火,,,,,,,,,,,,,,,,金,,,,,,,,,,,,,,,,,,,,金,,,,,,,,
東成区,大今里南,2丁目,10番,,,,,,,,,,,,,,,,,水土,,,,,,火,,,,,,,,,,,,,,,,金,,,,,,,,,,,,,,,,,,,,金,,,,,,,,
東成区,大今里南,2丁目,11番,軽四輪車(小さい車)で収集している地域,,,,,,,,,,,,,,水土,,,,,,,,火,,,,,,,,,,,,,,,,金,,,,,,,,,,,,,,,,金,,,,,,,,,,,,
東成区,大今里南,2丁目,11番,上記以外,,,,,,,,,,,水土,,,,,,,,,,,火,,,,,,,,,,,,,,,,金,,,,,,,,,,,,,,,,,,,金,,,,,,,,,
東成区,大今里南,2丁目,12番,軽四輪車(小さい車)で収集している地域,,,,,,,,,,,,,,水土,,,,,,,,火,,,,,,,,,,,,,,,,金,,,,,,,,,,,,,,,,金,,,,,,,,,,,,
東成区,大今里南,2丁目,12番,上記以外,,,,,,,,,,,水土,,,,,,,,,,,火,,,,,,,,,,,,,,,,金,,,,,,,,,,,,,,,,,,金,,,,,,,,,,
東成区,大今里南,2丁目,13番,ハイツ白鳥,,,,,,,,,,,水土,,,,,,,,,,,火,,,,,,,,,,,,,,,,金,,,,,,,,,,,,,,,,金,,,,,,,,,,,,
東成区,大今里南,2丁目,13番,上記以外,,,,,,,,,,,水土,,,,,,,,,,,火,,,,,,,,,,,,,,,,金,,,,,,,,,,,,,,,,,,,,金,,,,,,,,
東成区,大今里南,2丁目,14番,,,,,,,,,,,,,,,,,水土,,,,,,,,火,,,,,,,,,,,,,,,,金,,,,,,,,,,,,,,金,,,,,,,,,,,,
東成区,大今里南,2丁目,15番,,,,,,,,,,,,,,,,,水土,,,,,,,,火,,,,,,,,,,,,,,,,金,,,,,,,,,,,,,,金,,,,,,,,,,,,
東成区,大今里南,2丁目,16番,,,,,,,,,,水土,,,,,,,,,,,,,,,火,,,,,,,,,,,,,,,,金,,,,,,,,,,,,,,金,,,,,,,,,,,,
東成区,大今里南,2丁目,17番,,,,,,,,,水土,,,,,,,,,,,,,,,,火,,,,,,,,,,,,,,,,金,,,,,,,,,,,,,,金,,,,,,,,,,,,
東成区,大今里南,2丁目,18番,軽四輪車(小さい車)で収集している地域,,,,,,,,水土,,,,,,,,,,,,,,,,火,,,,,,,,,,,,,,,,金,,,,,,,,,,,,,,金,,,,,,,,,,,,
東成区,大今里南,2丁目,18番,上記以外,,,,,,,,,,,,,,,,水土,,,,,,,,火,,,,,,,,,,,,,,,,金,,,,,,,,,,,,,,金,,,,,,,,,,,,
東成区,大今里南,2丁目,19番,,,,,,,,,,,,,,,,,水土,,,,,,,,火,,,,,,,,,,,,,,,,金,,,,,,,,,,,,,,金,,,,,,,,,,,,
東成区,大今里南,2丁目,20番,,,,,,,,,,,,,,,,,水土,,,,,,,,火,,,,,,,,,,,,,,,,金,,,,,,,,,,,,,,金,,,,,,,,,,,,
東成区,大今里南,2丁目,21番,,,,,,,,,水土,,,,,,,,,,,,,,,,火,,,,,,,,,,,,,,,,金,,,,,,,,,,,,,,金,,,,,,,,,,,,
東成区,大今里南,3丁目,1番,,,,,,,,,水土,,,,,,,,,,,,,,,,火,,,,,,,,,,,,,,,,金,,,,,,,,,,,,,,金,,,,,,,,,,,,
東成区,大今里南,3丁目,2番,,,,,,,,,,,,,,,,,,水土,,,,,,,火,,,,,,,,,,,,,,,,金,,,,,,,,,,,,,,金,,,,,,,,,,,,
東成区,大今里南,3丁目,3番,,,,,,,,,,,,,,,,,水土,,,,,,,,火,,,,,,,,,,,,,,,,金,,,,,,,,,,,,,,金,,,,,,,,,,,,
東成区,大今里南,3丁目,4番,,,,,,,,,,,,,,,,,水土,,,,,,,,火,,,,,,,,,,,,,,,,金,,,,,,,,,,,,,,金,,,,,,,,,,,,
東成区,大今里南,3丁目,5番,,,,,,,,,,,,,,,,水土,,,,,,,,,火,,,,,,,,,,,,,,,,金,,,,,,,,,,,,,,金,,,,,,,,,,,,
東成区,大今里南,3丁目,6番,,,,,,,,,,,,,,,,,水土,,,,,,,,火,,,,,,,,,,,,,,,,金,,,,,,,,,,,,,,金,,,,,,,,,,,,
東成区,大今里南,3丁目,7番,,,,,,,,,,,,,,,,,水土,,,,,,,,火,,,,,,,,,,,,,,,,金,,,,,,,,,,,,,,金,,,,,,,,,,,,
東成区,大今里南,3丁目,8番,,,,,,,,,,水土,,,,,,,,,,,,,,,火,,,,,,,,,,,,,,,,金,,,,,,,,,,,,,,金,,,,,,,,,,,,
東成区,大今里南,3丁目,9番,,,,,,,,,水土,,,,,,,,,,,,,,,,火,,,,,,,,,,,,,,,,金,,,,,,,,,,,,,,金,,,,,,,,,,,,
東成区,大今里南,3丁目,10番,,,,,,,,,水土,,,,,,,,,,,,,,,,火,,,,,,,,,,,,,,,,金,,,,,,,,,,,,,,金,,,,,,,,,,,,
東成区,大今里南,3丁目,11番,,,,,,,,,水土,,,,,,,,,,,,,,,,火,,,,,,,,,,,,,,,,金,,,,,,,,,,,,,,,,,金,,,,,,,,,
東成区,大今里南,3丁目,12番,,,,,,,,,水土,,,,,,,,,,,,,,,,火,,,,,,,,,,,,,,,,金,,,,,,,,,,,,,,,,,金,,,,,,,,,
東成区,大今里南,3丁目,13番,,,,,,,,,水土,,,,,,,,,,,,,,,,火,,,,,,,,,,,,,,,,金,,,,,,,,,,,,,,金,,,,,,,,,,,,
東成区,大今里南,3丁目,14番,,,,,,,,,水土,,,,,,,,,,,,,,,,火,,,,,,,,,,,,,,,,金,,,,,,,,,,,,,,金,,,,,,,,,,,,
東成区,大今里南,3丁目,15番,,,,,,,,,水土,,,,,,,,,,,,,,,,火,,,,,,,,,,,,,,,,金,,,,,,,,,,,,,,金,,,,,,,,,,,,
東成区,大今里南,3丁目,16番,,,,,,,,,水土,,,,,,,,,,,,,,,,火,,,,,,,,,,,,,,,,金,,,,,,,,,,,,,,金,,,,,,,,,,,,
東成区,大今里南,4丁目,1番,,,,,,,水土,,,,,,,,,,,,,,,,月,,,,,,,,,,,,,,,,木,,,,,,,,,,,,,,,,,,,,,,,,木,,,,
東成区,大今里南,4丁目,2番,,,,,,,,,水土,,,,,,,,,,,,,,月,,,,,,,,,,,,,,,,木,,,,,,,,,,,,,,,,,,,,,,,,,,木,,
東成区,大今里南,4丁目,3番,,,,,,,,水土,,,,,,,,,,,,,,,月,,,,,,,,,,,,,,,,木,,,,,,,,,,,,,,,,,,,,,,,,木,,,,
東成区,大今里南,4丁目,4番,,,,,,,水土,,,,,,,,,,,,,,,,月,,,,,,,,,,,,,,,,木,,,,,,,,,,,,,,,,,,,,,,,,木,,,,
東成区,大今里南,4丁目,5番,,,,,,,水土,,,,,,,,,,,,,,,,月,,,,,,,,,,,,,,,,木,,,,,,,,,,,,,,,,,,,,,,,,木,,,,
東成区,大今里南,4丁目,6番,,,,,,,水土,,,,,,,,,,,,,,,,月,,,,,,,,,,,,,,,,木,,,,,,,,,,,,,,,,,,,,,,,,,木,,,
東成区,大今里南,4丁目,7番,,,,,,,水土,,,,,,,,,,,,,,,,月,,,,,,,,,,,,,,,,木,,,,,,,,,,,,,,,,,,,,,,,,,木,,,
東成区,大今里南,4丁目,8番,,,,,,,水土,,,,,,,,,,,,,,,,月,,,,,,,,,,,,,,,,木,,,,,,,,,,,,,,,,,,,,,,,,,木,,,
東成区,大今里南,4丁目,9番,14~23号,,,,,,水土,,,,,,,,,,,,,,,,月,,,,,,,,,,,,,,,,木,,,,,,,,,,,,,,,,,,,木,,,,,,,,,
東成区,大今里南,4丁目,9番,上記以外,,,,,,水土,,,,,,,,,,,,,,,,月,,,,,,,,,,,,,,,,木,,,,,,,,,,,,,,,,,,,,,,,,,木,,,
東成区,大今里南,4丁目,10番,,,,,,,水土,,,,,,,,,,,,,,,,月,,,,,,,,,,,,,,,,木,,,,,,,,,,,,,,,,,,,,,,,,,木,,,
東成区,大今里南,4丁目,11番,,,,,,,水土,,,,,,,,,,,,,,,,月,,,,,,,,,,,,,,,,木,,,,,,,,,,,,,,,,,,,,,,,,,木,,,
東成区,大今里南,4丁目,12番,7~11号,,,,,,水土,,,,,,,,,,,,,,,,月,,,,,,,,,,,,,,,,木,,,,,,,,,,,,,,,,,,,木,,,,,,,,,
東成区,大今里南,4丁目,12番,上記以外,,,,,,水土,,,,,,,,,,,,,,,,月,,,,,,,,,,,,,,,,木,,,,,,,,,,,,,,,,,,,,,,,,,木,,,
東成区,大今里南,4丁目,13番,,,,,,,水土,,,,,,,,,,,,,,,,月,,,,,,,,,,,,,,,,木,,,,,,,,,,,,,,,,,,,,,,,,,木,,,
東成区,大今里南,4丁目,14番,,,,,,,水土,,,,,,,,,,,,,,,,月,,,,,,,,,,,,,,,,木,,,,,,,,,,,,,,,,,,,,,,,,,木,,,
東成区,大今里南,4丁目,15番,,,,,,,水土,,,,,,,,,,,,,,,,月,,,,,,,,,,,,,,,,木,,,,,,,,,,,,,,,,,,,,,,,,,木,,,
東成区,大今里南,4丁目,16番,,,,,,,水土,,,,,,,,,,,,,,,,月,,,,,,,,,,,,,,,,木,,,,,,,,,,,,,,,,,,,,,,,,,木,,,
東成区,大今里南,4丁目,17番,今里グリーンハイツ,,,,,,水土,,,,,,,,,,,,,,,,月,,,,,,,,,,,,,,,,木,,,,,,,,,,,,,,,,土,,,,,,,,,,,,
東成区,大今里南,4丁目,17番,上記以外,,,,,,水土,,,,,,,,,,,,,,,,月,,,,,,,,,,,,,,,,木,,,,,,,,,,,,,,,,,,,,,,,,木,,,,
東成区,大今里南,4丁目,18番,,,,,,,水土,,,,,,,,,,,,,,,,月,,,,,,,,,,,,,,,,木,,,,,,,,,,,,,,,,,,,,,,,,木,,,,
東成区,大今里南,4丁目,19番,,,,,,,水土,,,,,,,,,,,,,,,,月,,,,,,,,,,,,,,,,木,,,,,,,,,,,,,,,,,,,,,,,,,木,,,
東成区,大今里南,4丁目,20番,,,,,,,,,水土,,,,,,,,,,,,,,月,,,,,,,,,,,,,,,,木,,,,,,,,,,,,,,,,,,,,,,,,,木,,,
東成区,大今里南,4丁目,21番,,,,,,,水土,,,,,,,,,,,,,,,,月,,,,,,,,,,,,,,,,木,,,,,,,,,,,,,,,,,,,,,,,,木,,,,
東成区,大今里南,5丁目,1番,,,,,,,水土,,,,,,,,,,,,,,,,月,,,,,,,,,,,,,,,,木,,,,,,,,,,,,,,,,,,,,,,,,,木,,,
東成区,大今里南,5丁目,2番,,,,,,,,水土,,,,,,,,,,,,,,,月,,,,,,,,,,,,,,,,木,,,,,,,,,,,,,,,,,,,,,,,,,木,,,
東成区,大今里南,5丁目,3番,,,,,,,,水土,,,,,,,,,,,,,,,月,,,,,,,,,,,,,,,,木,,,,,,,,,,,,,,,,,,,,,,,,,木,,,
東成区,大今里南,5丁目,4番,,,,,,,水土,,,,,,,,,,,,,,,,月,,,,,,,,,,,,,,,,木,,,,,,,,,,,,,,,,,,,,,,,,,木,,,
東成区,大今里南,5丁目,5番,,,,,,,水土,,,,,,,,,,,,,,,,月,,,,,,,,,,,,,,,,木,,,,,,,,,,,,,,,,,,,,,,,,,木,,,
東成区,大今里南,5丁目,6番,,,,,,,,水土,,,,,,,,,,,,,,,月,,,,,,,,,,,,,,,,木,,,,,,,,,,,,,,,,,,,,,,,,,木,,,
東成区,大今里南,5丁目,7番,,,,,,,水土,,,,,,,,,,,,,,,,月,,,,,,,,,,,,,,,,木,,,,,,,,,,,,,,,,,,,,,,,,,木,,,
東成区,大今里南,5丁目,8番,,,,,,,水土,,,,,,,,,,,,,,,,月,,,,,,,,,,,,,,,,木,,,,,,,,,,,,,,,,,,,,,,,,,木,,,
東成区,大今里南,5丁目,9番,,,,,,,水土,,,,,,,,,,,,,,,,月,,,,,,,,,,,,,,,,木,,,,,,,,,,,,,,,,,,,,,,,,,木,,,
東成区,大今里南,5丁目,10番,,,,,,,水土,,,,,,,,,,,,,,,,月,,,,,,,,,,,,,,,,木,,,,,,,,,,,,,,,,,,,,,,,,,木,,,
東成区,大今里南,5丁目,11番,,,,,,,水土,,,,,,,,,,,,,,,,月,,,,,,,,,,,,,,,,木,,,,,,,,,,,,,,,,,,,,,,,,,木,,,
東成区,大今里南,5丁目,12番,,,,,,,水土,,,,,,,,,,,,,,,,月,,,,,,,,,,,,,,,,木,,,,,,,,,,,,,,,,,,,,,,,,,木,,,
東成区,大今里南,5丁目,13番,,,,,,,水土,,,,,,,,,,,,,,,,月,,,,,,,,,,,,,,,,木,,,,,,,,,,,,,,,,,,,,,,,,,木,,,
東成区,大今里南,5丁目,14番,,,,,,,水土,,,,,,,,,,,,,,,,月,,,,,,,,,,,,,,,,木,,,,,,,,,,,,,,,,,,,,,,,,,木,,,
東成区,大今里南,5丁目,15番,,,,,,,水土,,,,,,,,,,,,,,,,月,,,,,,,,,,,,,,,,木,,,,,,,,,,,,,,,,,,,,,,,,,木,,,
東成区,大今里南,5丁目,16番,,,,,,,,水土,,,,,,,,,,,,,,,月,,,,,,,,,,,,,,,,木,,,,,,,,,,,,,,,,,,,,,,,,,木,,,
東成区,大今里南,5丁目,17番,,,,,,,水土,,,,,,,,,,,,,,,,月,,,,,,,,,,,,,,,,木,,,,,,,,,,,,,,,,,,,,,,,,,木,,,
東成区,大今里南,5丁目,18番,,,,,,,水土,,,,,,,,,,,,,,,,月,,,,,,,,,,,,,,,,木,,,,,,,,,,,,,,,,,,,,,,,,木,,,,
東成区,大今里南,5丁目,19番,,,,,,,水土,,,,,,,,,,,,,,,,月,,,,,,,,,,,,,,,,木,,,,,,,,,,,,,,,,,,,,,,,,木,,,,
東成区,大今里南,5丁目,20番,,,,,,,水土,,,,,,,,,,,,,,,,月,,,,,,,,,,,,,,,,木,,,,,,,,,,,,,,,,,,,,,,,,木,,,,
東成区,大今里南,6丁目,1番,,,,,,,,,水土,,,,,,,,,,,,,,月,,,,,,,,,,,,,,,,木,,,,,,,,,,,,,,,,,,,,,,,,,木,,,
東成区,大今里南,6丁目,2番,,,,,,,水土,,,,,,,,,,,,,,,,月,,,,,,,,,,,,,,,,木,,,,,,,,,,,,,,,,,,,,,,,,,木,,,
東成区,大今里南,6丁目,3番,,,,,,,水土,,,,,,,,,,,,,,,,月,,,,,,,,,,,,,,,,木,,,,,,,,,,,,,,,,,,,,,,,,木,,,,
東成区,大今里南,6丁目,4番,,,,,,,水土,,,,,,,,,,,,,,,,月,,,,,,,,,,,,,,,,木,,,,,,,,,,,,,,,,,,,,,,,,,木,,,
東成区,大今里南,6丁目,5番,,,,,,,水土,,,,,,,,,,,,,,,,月,,,,,,,,,,,,,,,,木,,,,,,,,,,,,,,,,,,,,,,,,,木,,,
東成区,大今里南,6丁目,6番,,,,,,,水土,,,,,,,,,,,,,,,,月,,,,,,,,,,,,,,,,木,,,,,,,,,,,,,,,,,,,,,,,,,木,,,
東成区,大今里南,6丁目,7番,,,,,,,水土,,,,,,,,,,,,,,,,月,,,,,,,,,,,,,,,,木,,,,,,,,,,,,,,,,,,,,,,,,木,,,,
東成区,大今里南,6丁目,8番,,,,,,,水土,,,,,,,,,,,,,,,,月,,,,,,,,,,,,,,,,木,,,,,,,,,,,,,,,,,,,,,,,,,木,,,
東成区,大今里南,6丁目,9番,,,,,,,水土,,,,,,,,,,,,,,,,月,,,,,,,,,,,,,,,,木,,,,,,,,,,,,,,,,,,,,,,,,木,,,,
東成区,大今里南,6丁目,10番,,,,,,,水土,,,,,,,,,,,,,,,,月,,,,,,,,,,,,,,,,木,,,,,,,,,,,,,,,,,,,,,,,,木,,,,
東成区,大今里南,6丁目,11番,,,,,,,水土,,,,,,,,,,,,,,,,月,,,,,,,,,,,,,,,,木,,,,,,,,,,,,,,,,,,,,,,,,木,,,,
東成区,大今里南,6丁目,12番,,,,,,,水土,,,,,,,,,,,,,,,,月,,,,,,,,,,,,,,,,木,,,,,,,,,,,,,,,,,,,,,,,,,木,,,
東成区,大今里南,6丁目,13番,,,,,,,水土,,,,,,,,,,,,,,,,月,,,,,,,,,,,,,,,,木,,,,,,,,,,,,,,,,,,,,,,,,,木,,,
東成区,大今里南,6丁目,14番,,,,,,,水土,,,,,,,,,,,,,,,,月,,,,,,,,,,,,,,,,木,,,,,,,,,,,,,,,,,,,,,,,,,木,,,
東成区,大今里南,6丁目,15番,,,,,,,,水土,,,,,,,,,,,,,,,月,,,,,,,,,,,,,,,,木,,,,,,,,,,,,,,,,,,,,,,,,,木,,,
東成区,大今里南,6丁目,16番,,,,,,,水土,,,,,,,,,,,,,,,,月,,,,,,,,,,,,,,,,木,,,,,,,,,,,,,,,,,,,,,,,,,木,,,
東成区,大今里南,6丁目,17番,,,,,,,水土,,,,,,,,,,,,,,,,月,,,,,,,,,,,,,,,,木,,,,,,,,,,,,,,,,,,,,,,,,,木,,,
東成区,大今里南,6丁目,18番,,,,,,,水土,,,,,,,,,,,,,,,,月,,,,,,,,,,,,,,,,木,,,,,,,,,,,,,,,,,,,,,,,,,木,,,
東成区,大今里南,6丁目,19番,,,,,,,水土,,,,,,,,,,,,,,,,月,,,,,,,,,,,,,,,,木,,,,,,,,,,,,,,,,,,,,,,,,,木,,,
東成区,大今里南,6丁目,20番,,,,,,,水土,,,,,,,,,,,,,,,,月,,,,,,,,,,,,,,,,木,,,,,,,,,,,,,,,,,,,,,,,,木,,,,
東成区,大今里南,6丁目,21番,,,,,,,水土,,,,,,,,,,,,,,,,月,,,,,,,,,,,,,,,,木,,,,,,,,,,,,,,,,,,,,,,,,,木,,,
東成区,大今里南,6丁目,22番,,,,,,,水土,,,,,,,,,,,,,,,,月,,,,,,,,,,,,,,,,木,,,,,,,,,,,,,,,,,,,,,,,,木,,,,
東成区,大今里南,6丁目,23番,,,,,,,水土,,,,,,,,,,,,,,,,月,,,,,,,,,,,,,,,,木,,,,,,,,,,,,,,,,,,,,,,,,木,,,,
東成区,大今里南,6丁目,24番,,,,,,,水土,,,,,,,,,,,,,,,,月,,,,,,,,,,,,,,,,木,,,,,,,,,,,,,,,,,,,,,,,,木,,,,
東成区,大今里南,6丁目,25番,,,,,,,水土,,,,,,,,,,,,,,,,月,,,,,,,,,,,,,,,,木,,,,,,,,,,,,,,,,,,,,,,,,木,,,,
東成区,大今里南,6丁目,26番,,,,,,,水土,,,,,,,,,,,,,,,,月,,,,,,,,,,,,,,,,木,,,,,,,,,,,,,,,,,,,,,,,,木,,,,
東成区,大今里南,6丁目,27番,,,,,,,水土,,,,,,,,,,,,,,,,月,,,,,,,,,,,,,,,,木,,,,,,,,,,,,,,,,,,,,,,,,木,,,,
東成区,大今里南,6丁目,28番,,,,,,,,水土,,,,,,,,,,,,,,,月,,,,,,,,,,,,,,,,木,,,,,,,,,,,,,,,,,,,,,,,,,木,,,
東成区,神路,1丁目,1番,,,,,,,,,火金,,,,,,,,,,,,,,,,,,,,,,,,月,,,,,,,,,,,,,,,,木,,,,,,,,,,,,,,,月,,,
東成区,神路,1丁目,2番,,,,,,,,,火金,,,,,,,,,,,,,,,,,,,,,,,,月,,,,,,,,,,,,,,,,木,,,,,,,,,,,,,,,月,,,
東成区,神路,1丁目,3番,,,,,,,,,火金,,,,,,,,,,,,,,,,,,,,,,,,月,,,,,,,,,,,,,,,,木,,,,,,,,,,,,,,,月,,,
東成区,神路,1丁目,4番,,,,,,,,,火金,,,,,,,,,,,,,,,,,,,,,,,,月,,,,,,,,,,,,,,,,木,,,,,,,,,,,,,,,月,,,
東成区,神路,1丁目,5番,,,,,,,,,火金,,,,,,,,,,,,,,,,,,,,,,,,月,,,,,,,,,,,,,,,,木,,,,,,,,,,,,,,,月,,,
東成区,神路,1丁目,6番,,,,,,,,火金,,,,,,,,,,,,,,,,,,,,,,,,,月,,,,,,,,,,,,,,,,木,,,,,,,,,,,,,,,月,,,
東成区,神路,1丁目,7番,サンハイツ枡田,,,,,,,火金,,,,,,,,,,,,,,,,,,,,,,,,,月,,,,,,,,,,,,,,,,木,,,,,,土,,,,,,,,,,,,
東成区,神路,1丁目,7番,上記以外,,,,,,,,火金,,,,,,,,,,,,,,,,,,,,,,,,月,,,,,,,,,,,,,,,,木,,,,,,,,,,,,,,,,月,,
東成区,神路,1丁目,8番,,,,,,,火金,,,,,,,,,,,,,,,,,,,,,,,,,,月,,,,,,,,,,,,,,,,木,,,,,,,,,,,,,,,月,,,
東成区,神路,1丁目,9番,,,,,,,火金,,,,,,,,,,,,,,,,,,,,,,,,,,月,,,,,,,,,,,,,,,,木,,,,,,,,,,,,,,,,月,,
東成区,神路,1丁目,10番,,,,,,,,,火金,,,,,,,,,,,,,,,,,,,,,,,,月,,,,,,,,,,,,,,,,木,,,,,,,,,,,,,,,,月,,
東成区,神路,1丁目,11番,,,,,,,,,火金,,,,,,,,,,,,,,,,,,,,,,,,月,,,,,,,,,,,,,,,,木,,,,,,,,,,,,,,,,月,,
東成区,神路,1丁目,12番,,,,,,,火金,,,,,,,,,,,,,,,,,,,,,,,,,,月,,,,,,,,,,,,,,,,木,,,,,,,,,,,,,,,,月,,
東成区,神路,1丁目,13番,,,,,,,,火金,,,,,,,,,,,,,,,,,,,,,,,,,月,,,,,,,,,,,,,,,,木,,,,,,,,,,,,,,,,月,,
東成区,神路,1丁目,14番,軽四輪車(小さい車)で収集している地域,,,,,,,火金,,,,,,,,,,,,,,,月,,,,,,,,,,,,,,,,木,,,,,,,,,,,,,,,,,,,,,,,,,,月,,
東成区,神路,1丁目,14番,上記以外,,,,,,,,,,,,,,,,火金,,,,,,,,,,,,,,,,月,,,,,,,,,,,,,,,,木,,,,,,,,,,,,,,,,月,,
東成区,神路,1丁目,15番,,,,,,,火金,,,,,,,,,,,,,,,,,,,,,,,,,,月,,,,,,,,,,,,,,,,木,,,,,,,,,,,,,,,,月,,
東成区,神路,2丁目,1番,,,,,,,,,,,,,,,,,火金,,,,,,,,月,,,,,,,,,,,,,,,,木,,,,,,,,,,,,,,,,,,,,,,,,,月,
東成区,神路,2丁目,2番,,,,,,,,,,,,,,,,,,火金,,,,,,,月,,,,,,,,,,,,,,,,木,,,,,,,,,,,,,,,,,,,,,,,,月,,
東成区,神路,2丁目,3番,軽四輪車(小さい車)で収集している地域,,,,,,,火金,,,,,,,,,,,,,,,,,月,,,,,,,,,,,,,,,,木,,,,,,,,,,,,,,,,,,,,,,,,月,,
東成区,神路,2丁目,3番,上記以外,,,,,,,,,,,,,,,,,火金,,,,,,,月,,,,,,,,,,,,,,,,木,,,,,,,,,,,,,,,,,,,,,,,,月,,
東成区,神路,2丁目,4番,,,,,,,,,,,,,,,,,,,火金,,,,,,月,,,,,,,,,,,,,,,,木,,,,,,,,,,,,,,,,,,,,,,,,月,,
東成区,神路,2丁目,5番,,,,,,,,,,,,,,,,,,火金,,,,,,,月,,,,,,,,,,,,,,,,木,,,,,,,,,,,,,,,,,,,,,,,,,月,
東成区,神路,2丁目,6番,,,,,,,,,火金,,,,,,,,,,,,,,,,月,,,,,,,,,,,,,,,,木,,,,,,,,,,,,,,,,,,,,,,,,月,,
東成区,神路,2丁目,7番,フェリーチェ深江橋1号館･2号館,,,,,,火金,,,,,,,,,,,,,,,,,,月,,,,,,,,,,,,,,,,木,,,,,,,,,,,,,,土,,,,,,,,,,,,
東成区,神路,2丁目,7番,上記以外,,,,,,,,火金,,,,,,,,,,,,,,,,月,,,,,,,,,,,,,,,,木,,,,,,,,,,,,,,,,,,,,,,,,月,,
東成区,神路,2丁目,8番,クレアシティ深江橋,,,,,,火金,,,,,,,,,,,,,,,,,,月,,,,,,,,,,,,,,,,木,,,,,,,,,,,,,,,,,,,,,,,,土,,
東成区,神路,2丁目,8番,上記以外,,,,,,火金,,,,,,,,,,,,,,,,,,月,,,,,,,,,,,,,,,,木,,,,,,,,,,,,,,,,,,,,,,,,,,月
東成区,神路,2丁目,9番,,,,,,,,火金,,,,,,,,,,,,,,,,,月,,,,,,,,,,,,,,,,木,,,,,,,,,,,,,,,,,,,,,,,,,月,
東成区,神路,3丁目,1番,,,,,,,火金,,,,,,,,,,,,,,,,,,月,,,,,,,,,,,,,,,,木,,,,,,,,,,,,,,,,,,,,,,,,,,木
東成区,神路,3丁目,2番,,,,,,,火金,,,,,,,,,,,,,,,,,,月,,,,,,,,,,,,,,,,木,,,,,,,,,,,,,,,,,,,,,,,,,木,
東成区,神路,3丁目,3番,,,,,,,,,火金,,,,,,,,,,,,,,,,月,,,,,,,,,,,,,,,,木,,,,,,,,,,,,,,,,,,,,,,,,,,木
東成区,神路,3丁目,4番,,,,,,,,,,,,,,,火金,,,,,,,,,,月,,,,,,,,,,,,,,,,木,,,,,,,,,,,,,,,,,,,,,,,,,木,
東成区,神路,3丁目,5番,,,,,,,,,,,,,,,火金,,,,,,,,,,月,,,,,,,,,,,,,,,,木,,,,,,,,,,,,,,,,,,,,,,,,,木,
東成区,神路,3丁目,6番,,,,,,,,,,,,,,,火金,,,,,,,,,,月,,,,,,,,,,,,,,,,木,,,,,,,,,,,,,,,,,,,,,,,,,,木
東成区,神路,3丁目,7番,,,,,,,,,,,,,,,火金,,,,,,,,,,月,,,,,,,,,,,,,,,,木,,,,,,,,,,,,,,,,,,,,,,,,,木,
東成区,神路,3丁目,8番,,,,,,,,,,,,,,,火金,,,,,,,,,,月,,,,,,,,,,,,,,,,木,,,,,,,,,,,,,,,,,,,,,,,,,,木
東成区,神路,3丁目,9番,,,,,,,,,,,,,,,火金,,,,,,,,,,月,,,,,,,,,,,,,,,,木,,,,,,,,,,,,,,木,,,,,,,,,,,,
東成区,神路,3丁目,10番,,,,,,,火金,,,,,,,,,,,,,,,,,,月,,,,,,,,,,,,,,,,木,,,,,,,,,,,,,,,,木,,,,,,,,,,
東成区,神路,3丁目,11番,,,,,,,火金,,,,,,,,,,,,,,,,,,月,,,,,,,,,,,,,,,,木,,,,,,,,,,,,,,,,,,,,,,,,,,木
東成区,神路,3丁目,12番,,,,,,,火金,,,,,,,,,,,,,,,,,,月,,,,,,,,,,,,,,,,木,,,,,,,,,,,,,,,,,,,,,,,,,木,
東成区,神路,3丁目,13番,,,,,,,火金,,,,,,,,,,,,,,,,,月,,,,,,,,,,,,,,,,木,,,,,,,,,,,,,,,,,,,,,,,,,,木,
東成区,神路,3丁目,14番,,,,,,,火金,,,,,,,,,,,,,,,,月,,,,,,,,,,,,,,,,木,,,,,,,,,,,,,,,,,,,,,,,,,,,木,
東成区,神路,3丁目,15番,,,,,,,,火金,,,,,,,,,,,,,,,月,,,,,,,,,,,,,,,,木,,,,,,,,,,,,,,,,,,,,,,,,,,,木,
東成区,神路,3丁目,16番,軽四輪車(小さい車)で収集している地域,,,,,,火金,,,,,,,,,,,,,,,,月,,,,,,,,,,,,,,,,木,,,,,,,,,,,,,,,,,,,,,,,,,,,木,
東成区,神路,3丁目,16番,上記以外,,,,,,,,,,,,,,火金,,,,,,,,月,,,,,,,,,,,,,,,,木,,,,,,,,,,,,,,,,,,木,,,,,,,,,,
東成区,神路,3丁目,17番,神路東商店街,,,,,,火金,,,,,,,,,,,,,,,,月,,,,,,,,,,,,,,,,木,,,,,,,,,,,,,,,,木,,,,,,,,,,,,
東成区,神路,3丁目,17番,軽四輪車(小さい車)で収集している地域,,,,,,火金,,,,,,,,,,,,,,,,月,,,,,,,,,,,,,,,,木,,,,,,,,,,,,,,,,,,,,,,,,,,,木,
東成区,神路,3丁目,17番,上記以外,,,,,,,,,,,,,,,火金,,,,,,,月,,,,,,,,,,,,,,,,木,,,,,,,,,,,,,,,,木,,,,,,,,,,,,
東成区,神路,4丁目,1番,3~15号,,,,,,火金,,,,,,,,,,,,,,,,月,,,,,,,,,,,,,,,,木,,,,,,,,,,,,,,,,木,,,,,,,,,,,,
東成区,神路,4丁目,1番,上記以外,,,,,,火金,,,,,,,,,,,,,,,,月,,,,,,,,,,,,,,,,木,,,,,,,,,,,,,,,,,,,,,,,,,木,,,
東成区,神路,4丁目,2番,,,,,,,火金,,,,,,,,,,,,,,,,月,,,,,,,,,,,,,,,,木,,,,,,,,,,,,,,,,,,,,,,,,,木,,,
東成区,神路,4丁目,3番,,,,,,,火金,,,,,,,,,,,,,,,,月,,,,,,,,,,,,,,,,木,,,,,,,,,,,,,,,,,,,,,,,,,木,,,
東成区,神路,4丁目,4番,,,,,,,,,,,,,,,,火金,,,,,,,月,,,,,,,,,,,,,,,,木,,,,,,,,,,,,,,,,,,,,,,,,,木,,,
東成区,神路,4丁目,5番,5~8号,,,,,,,,,,,,,,,火金,,,,,,,月,,,,,,,,,,,,,,,,木,,,,,,,,,,,,,,,,木,,,,,,,,,,,,
東成区,神路,4丁目,5番,上記以外,,,,,,,,,,,,,,,火金,,,,,,,月,,,,,,,,,,,,,,,,木,,,,,,,,,,,,,,,,,,,,,,,,,木,,,
東成区,神路,4丁目,6番,,,,,,,火金,,,,,,,,,,,,,,,,月,,,,,,,,,,,,,,,,木,,,,,,,,,,,,,,,,,,,,,,,,,木,,,
東成区,神路,4丁目,7番,,,,,,,火金,,,,,,,,,,,,,,,,月,,,,,,,,,,,,,,,,木,,,,,,,,,,,,,,,,,,,,,,,,,木,,,
東成区,神路,4丁目,8番,,,,,,,火金,,,,,,,,,,,,,,,,月,,,,,,,,,,,,,,,,木,,,,,,,,,,,,,,,,,,,,,,,,,木,,,
東成区,神路,4丁目,9番,,,,,,,火金,,,,,,,,,,,,,,,,月,,,,,,,,,,,,,,,,木,,,,,,,,,,,,,,,,,,,,,,,,,木,,,
東成区,神路,4丁目,10番,,,,,,,火金,,,,,,,,,,,,,,,,月,,,,,,,,,,,,,,,,木,,,,,,,,,,,,,,,,,,,,,,,,,木,,,
東成区,神路,4丁目,11番,,,,,,,,火金,,,,,,,,,,,,,,,月,,,,,,,,,,,,,,,,木,,,,,,,,,,,,,,,,,,,,,,,,,木,,,
東成区,神路,4丁目,12番,,,,,,,,火金,,,,,,,,,,,,,,,月,,,,,,,,,,,,,,,,木,,,,,,,,,,,,,,,,,,,,,,,,,木,,,
東成区,玉津,1丁目,1番,,,,,,,,,,,,,,,,月木,,,,,,,,,,,,,,,火,,,,,,,,,,,,,,,,,,,,金,,,,,,,,,,,,,,,,
東成区,玉津,1丁目,2番,,,,,,,,,,,,,,,,月木,,,,,,,,,,,,,,,火,,,,,,,,,,,,,,,,,,,,金,,,,,,,,,,,,,,,,
東成区,玉津,1丁目,3番,,,,,,,,,,月木,,,,,,,,,,,,,,,,,,,,,火,,,,,,,,,,,,,,,,,,,,金,,,,,,,,,,,,,,,,
東成区,玉津,1丁目,4番,,,,,,,,,,月木,,,,,,,,,,,,,,,,,,,,,火,,,,,,,,,,,,,,,,,,,,金,,,,,,,,,,,,,,,,
東成区,玉津,1丁目,5番,,,,,,,,,,,,,,,,月木,,,,,,,,,,,,,,,火,,,,,,,,,,,,,,,,,,,,金,,,,,,,,,,,,,,,,
東成区,玉津,1丁目,6番,,,,,,,,,,,,,,,,月木,,,,,,,,,,,,,,,火,,,,,,,,,,,,,,,,,,,,金,,,,,,,,,,,,,,,,
東成区,玉津,1丁目,7番,,,,,,,,,,,,,,,月木,,,,,,,,,,,,,,,,火,,,,,,,,,,,,,,,,,,,,金,,,,,,,,,,,,,,,,
東成区,玉津,1丁目,8番,,,,,,,,,,,,,,,月木,,,,,,,,,,,,,,,,火,,,,,,,,,,,,,,,,,,,,金,,,,,,,,,,,,,,,,
東成区,玉津,1丁目,9番,,,,,,,,,,,,,,,,月木,,,,,,,,,,,,,,,火,,,,,,,,,,,,,,,,,,,,金,,,,,,,,,,,,,,,,
東成区,玉津,1丁目,10番,,,,,,,,,,,,,,,月木,,,,,,,,,,,,,,,,火,,,,,,,,,,,,,,,,,,,,金,,,,,,,,,,,,,,,,
東成区,玉津,1丁目,11番,,,,,,,,,,,,,,,月木,,,,,,,,,,,,,,,,火,,,,,,,,,,,,,,,,,,,,金,,,,,,,,,,,,,,,,
東成区,玉津,1丁目,12番,,,,,,,,,,,,,,,月木,,,,,,,,,,,,,,,,火,,,,,,,,,,,,,,,,,,,,金,,,,,,,,,,,,,,,,
東成区,玉津,2丁目,1番,2~6･9~11･25~27号,,,,,,,,,,,,,,月木,,,,,,,,,,火,,,,,,,,,,,,,,,,金,,,,,,,,,,,,,,,,,,,,,,,,,,
東成区,玉津,2丁目,1番,上記以外,,,,,,月木,,,,,,,,,,,,,,,,,,火,,,,,,,,,,,,,,,,金,,,,,,,,,,,,,,,,,,,,,,,,,,
東成区,玉津,2丁目,2番,2~12･25~27号,,,,,,,,,,,,,,月木,,,,,,,,,,火,,,,,,,,,,,,,,,,金,,,,,,,,,,,,,,,,,,,,,,,,,,
東成区,玉津,2丁目,2番,上記以外,,,,,,月木,,,,,,,,,,,,,,,,,,火,,,,,,,,,,,,,,,,金,,,,,,,,,,,,,,,,,,,,,,,,,,
東成区,玉津,2丁目,3番,,,,,,,月木,,,,,,,,,,,,,,,,,,火,,,,,,,,,,,,,,,,金,,,,,,,,,,,,,,,,,,,,,,,,,,
東成区,玉津,2丁目,4番,22~25号,,,,,,月木,,,,,,,,,,,,,,,,,,火,,,,,,,,,,,,,,,,金,,,,,,,,,,,,,,,,,,,,,,,,,,
東成区,玉津,2丁目,4番,上記以外,,,,,,,,,,,,,,月木,,,,,,,,,,火,,,,,,,,,,,,,,,,金,,,,,,,,,,,,,,,,,,,,,,,,,,
東成区,玉津,2丁目,5番,2~10･15･16号,,,,,,,,,,,,,,,月木,,,,,,,,,火,,,,,,,,,,,,,,,,金,,,,,,,,,,,,,,,,,,,,,,,,,,
東成区,玉津,2丁目,5番,上記以外,,,,,,,,,,,,,,月木,,,,,,,,,,火,,,,,,,,,,,,,,,,金,,,,,,,,,,,,,,,,,,,,,,,,,,
東成区,玉津,2丁目,6番,,,,,,,,,,,,,,,月木,,,,,,,,,,火,,,,,,,,,,,,,,,,金,,,,,,,,,,,,,,,,,,,,,,,,金,,
東成区,玉津,2丁目,7番,,,,,,,,,,,,,,,月木,,,,,,,,,,火,,,,,,,,,,,,,,,,金,,,,,,,,,,,,,,,,,,,,,,,,,金,
東成区,玉津,2丁目,8番,軽四輪車(小さい車)で収集している地域,,,,,,,,,,,,,,月木,,,,,,,,,,火,,,,,,,,,,,,,,,,金,,,,,,,,,,,,,,,,,,,,,,,,金,,
東成区,玉津,2丁目,8番,上記以外,,,,,,月木,,,,,,,,,,,,,,,,,,火,,,,,,,,,,,,,,,,金,,,,,,,,,,,,,,,,,,,,,,,,金,,
東成区,玉津,2丁目,9番,12~20･23~27号,,,,,,月木,,,,,,,,,,,,,,,,,,火,,,,,,,,,,,,,,,,金,,,,,,,,,,,,,,,,,,,,,,,,,,
東成区,玉津,2丁目,9番,上記以外,,,,,,月木,,,,,,,,,,,,,,,,,,火,,,,,,,,,,,,,,,,金,,,,,,,,,,,,,,,,,,,,,,,,,,
東成区,玉津,2丁目,10番,3･6･10･15~17･22号,,,,,,月木,,,,,,,,,,,,,,,,,,火,,,,,,,,,,,,,,,,金,,,,,,,,,,,,,,,,,,,,,,,,,,
東成区,玉津,2丁目,10番,12号,,,,,,,,,,,,,,月木,,,,,,,,,,火,,,,,,,,,,,,,,,,金,,,,,,,,,,,,,,,,,,,,,,,,,,
東成区,玉津,2丁目,10番,上記以外,,,,,,月木,,,,,,,,,,,,,,,,,,火,,,,,,,,,,,,,,,,金,,,,,,,,,,,,,,,,,,,,,,,金,,,
東成区,玉津,2丁目,11番,2~5号,,,,,,月木,,,,,,,,,,,,,,,,,,火,,,,,,,,,,,,,,,,金,,,,,,,,,,,,,,,,,,,,,,,,,,
東成区,玉津,2丁目,11番,7･8号,,,,,,,,,,,,,,月木,,,,,,,,,,火,,,,,,,,,,,,,,,,金,,,,,,,,,,,,,,,,,,,,,,,,,,
東成区,玉津,2丁目,11番,上記以外,,,,,,月木,,,,,,,,,,,,,,,,,,火,,,,,,,,,,,,,,,,金,,,,,,,,,,,金,,,,,,,,,,,,,,,
東成区,玉津,2丁目,12番,軽四輪車(小さい車)で収集している地域,,,,,,,,,,,,,,月木,,,,,,,,火,,,,,,,,,,,,,,,,金,,,,,,,,,,,,,,,,,,,,,,,,,,,,
東成区,玉津,2丁目,12番,上記以外,,,,,,月木,,,,,,,,,,,,,,,,,,火,,,,,,,,,,,,,,,,金,,,,,,,,,,,,,,,,,,,,,,,,,,
東成区,玉津,2丁目,13番,,,,,,,,,,,,,,,月木,,,,,,,,,,火,,,,,,,,,,,,,,,,金,,,,,,,,,,,,,,,,,,,,,,,,金,,
東成区,玉津,2丁目,14番,,,,,,,,,,,,,,,,月木,,,,,,,,,火,,,,,,,,,,,,,,,,金,,,,,,,,,,,,,,,,,,,,,,,金,,,
東成区,玉津,2丁目,15番,,,,,,,,,,,,,,,,月木,,,,,,,,,火,,,,,,,,,,,,,,,,金,,,,,,,,,,,,,,,,,,,,,,,金,,,
東成区,玉津,2丁目,16番,,,,,,,,,,,,,,,月木,,,,,,,,,,火,,,,,,,,,,,,,,,,金,,,,,,,,,,,,,,,,,,,,,,,,金,,
東成区,玉津,2丁目,17番,軽四輪車(小さい車)で収集している地域,,,,,,,,,,,,,,月木,,,,,,,,火,,,,,,,,,,,,,,,,金,,,,,,,,,,,,,,,,,,,,,,,,,,,金,
東成区,玉津,2丁目,17番,上記以外,,,,,,,月木,,,,,,,,,,,,,,,,,火,,,,,,,,,,,,,,,,金,,,,,,,,,,,,,,,,,,,,,,,,,金,
東成区,玉津,2丁目,18番,軽四輪車(小さい車)で収集している地域,,,,,,,,,,,,,,月木,,,,,,,,火,,,,,,,,,,,,,,,,金,,,,,,,,,,,,,,,,,,,,,,,,,,,金,
東成区,玉津,2丁目,18番,上記以外,,,,,,月木,,,,,,,,,,,,,,,,,,火,,,,,,,,,,,,,,,,金,,,,,,,,,,,,,,,,,,,,,,,金,,,
東成区,玉津,2丁目,19番,,,,,,,月木,,,,,,,,,,,,,,,,,,火,,,,,,,,,,,,,,,,金,,,,,,,,,,,,,,,,,,,,,,,金,,,
東成区,玉津,2丁目,20番,,,,,,,月木,,,,,,,,,,,,,,,,,,火,,,,,,,,,,,,,,,,金,,,,,,,,,,,,,,,,,,,,,,,金,,,
東成区,玉津,2丁目,21番,,,,,,,月木,,,,,,,,,,,,,,,,,,火,,,,,,,,,,,,,,,,金,,,,,,,,,,,,,,,,,,,,,,,金,,,
東成区,玉津,3丁目,1番,,,,,,,,,,,,,水土,,,,,,,,,,火,,,,,,,,,,,,,,,,金,,,,,,,,,,,,,,,,,,,,金,,,,,,,,
東成区,玉津,3丁目,2番,軽四輪車(小さい車)で収集している地域,,,,,,,,,,,,,,水土,,,,,,,,火,,,,,,,,,,,,,,,,金,,,,,,,,,,,,,,,,,,,,,,,,,,,金,
東成区,玉津,3丁目,2番,上記以外,,,,,,,,,,,水土,,,,,,,,,,,火,,,,,,,,,,,,,,,,金,,,,,,,,,,,,,,,,,,,,金,,,,,,,,
東成区,玉津,3丁目,3番,,,,,,,,,,,,水土,,,,,,,,,,,火,,,,,,,,,,,,,,,,金,,,,,,,,,,,,,,,,,,,金,,,,,,,,,
東成区,玉津,3丁目,4番,,,,,,,,,,,,水土,,,,,,,,,,,火,,,,,,,,,,,,,,,,金,,,,,,,,,,,,,,,,,,,金,,,,,,,,,
東成区,玉津,3丁目,5番,,,,,,,,,,,,水土,,,,,,,,,,,火,,,,,,,,,,,,,,,,金,,,,,,,,,,,,,,,,,,,金,,,,,,,,,
東成区,玉津,3丁目,6番,軽四輪車(小さい車)で収集している地域,,,,,,,,,,,,,,,水土,,,,,,,火,,,,,,,,,,,,,,,,金,,,,,,,,,,,,,,,,,,,金,,,,,,,,,
東成区,玉津,3丁目,6番,上記以外,,,,,,,,,,,水土,,,,,,,,,,,火,,,,,,,,,,,,,,,,金,,,,,,,,,,,,,,,,,,,,,,,,,金,,,
東成区,玉津,3丁目,7番,,,,,,,,,,,,水土,,,,,,,,,,,火,,,,,,,,,,,,,,,,金,,,,,,,,,,,,,,,,,,,金,,,,,,,,,
東成区,玉津,3丁目,8番,軽四輪車(小さい車)で収集している地域,,,,,,,,,,,,,,,水土,,,,,,,火,,,,,,,,,,,,,,,,金,,,,,,,,,,,,,,,,,,,金,,,,,,,,,
東成区,玉津,3丁目,8番,上記以外,,,,,,,,,,,水土,,,,,,,,,,,火,,,,,,,,,,,,,,,,金,,,,,,,,,,,,,,,,,,,金,,,,,,,,,
東成区,玉津,3丁目,9番,,,,,,,,,,,,,水土,,,,,,,,,,火,,,,,,,,,,,,,,,,金,,,,,,,,,,,,,,,,,,,,金,,,,,,,,
東成区,玉津,3丁目,10番,,,,,,,,,,,,水土,,,,,,,,,,,火,,,,,,,,,,,,,,,,金,,,,,,,,,,,,,,,,,,,,金,,,,,,,,
東成区,玉津,3丁目,11番,軽四輪車(小さい車)で収集している地域,,,,,,,,,,,,,,,水土,,,,,,,火,,,,,,,,,,,,,,,,金,,,,,,,,,,,,,,,,,,,,金,,,,,,,,
東成区,玉津,3丁目,11番,上記以外,,,,,,,,,,,水土,,,,,,,,,,,火,,,,,,,,,,,,,,,,金,,,,,,,,,,,,,,,,,,,,金,,,,,,,,
東成区,玉津,3丁目,12番,,,,,,,,,,,,水土,,,,,,,,,,,火,,,,,,,,,,,,,,,,金,,,,,,,,,,,,,,,,,,,,金,,,,,,,,
東成区,玉津,3丁目,13番,,,,,,,,,,,,水土,,,,,,,,,,,火,,,,,,,,,,,,,,,,金,,,,,,,,,,,,,,,,,,,,金,,,,,,,,
東成区,玉津,3丁目,14番,軽四輪車(小さい車)で収集している地域,,,,,,,,,,,,,,,水土,,,,,,,火,,,,,,,,,,,,,,,,金,,,,,,,,,,,,,,,,,,,金,,,,,,,,,
東成区,玉津,3丁目,14番,上記以外,,,,,,,,,,,水土,,,,,,,,,,,火,,,,,,,,,,,,,,,,金,,,,,,,,,,,,,,,,,,,金,,,,,,,,,
東成区,中道,1丁目,1番,,,,,,,,,,月木,,,,,,,,,,,,,,,,,,,,,,,火,,,,,,,,,,,,,,,,金,,,,,,,,,火,,,,,,,,,
東成区,中道,1丁目,2番,,,,,,,,,月木,,,,,,,,,,,,,,,,,,,,,,,,火,,,,,,,,,,,,,,,,金,,,,,,,,,,火,,,,,,,,
東成区,中道,1丁目,3番,,,,,,,,月木,,,,,,,,,,,,,,,,,,,,,,,,,火,,,,,,,,,,,,,,,,金,,,,,,,,火,,,,,,,,,,
東成区,中道,1丁目,4番,,,,,,,,,,月木,,,,,,,,,,,,,,,,,,,,,,,火,,,,,,,,,,,,,,,,金,,,,,,,,,火,,,,,,,,,
東成区,中道,1丁目,5番,,,,,,,,月木,,,,,,,,,,,,,,,,,,,,,,,,,火,,,,,,,,,,,,,,,,金,,,,,,,,火,,,,,,,,,,
東成区,中道,1丁目,6番,,,,,,,,月木,,,,,,,,,,,,,,,,,,,,,,,,,火,,,,,,,,,,,,,,,,金,,,,,,,,,,火,,,,,,,,
東成区,中道,1丁目,7番,軽四輪車(小さい車)で収集している地域,,,,,,,月木,,,,,,,,,,,,,,,,火,,,,,,,,,,,,,,,,金,,,,,,,,,,,,,,,,,,,,,,,,火,,,
東成区,中道,1丁目,7番,上記以外,,,,,,,,,月木,,,,,,,,,,,,,,,,,,,,,,,火,,,,,,,,,,,,,,,,金,,,,,,,,火,,,,,,,,,,
東成区,中道,1丁目,8番,,,,,,,,月木,,,,,,,,,,,,,,,,,,,,,,,,,火,,,,,,,,,,,,,,,,金,,,,,,火,,,,,,,,,,,,
東成区,中道,1丁目,9番,,,,,,,,,,月木,,,,,,,,,,,,,,,,,,,,,,,火,,,,,,,,,,,,,,,,金,,,,,,火,,,,,,,,,,,,
東成区,中道,1丁目,10番,,,,,,,,,月木,,,,,,,,,,,,,,,,,,,,,,,,火,,,,,,,,,,,,,,,,金,,,,,,,,,火,,,,,,,,,
東成区,中道,1丁目,11番,,,,,,,,,月木,,,,,,,,,,,,,,,,,,,,,,,,火,,,,,,,,,,,,,,,,金,,,,,,,,,火,,,,,,,,,
東成区,中道,1丁目,12番,,,,,,,,,,月木,,,,,,,,,,,,,,,,,,,,,,,火,,,,,,,,,,,,,,,,金,,,,,,,,,火,,,,,,,,,
東成区,中道,2丁目,1番,軽四輪車(小さい車)で収集している地域,,,,,,,,,,,,,,,,,月木,,,,,,,,,,,,,,,火,,,,,,,,,,,,,,,,金,,,,,,,,,,,,,,,火,,,
東成区,中道,2丁目,1番,上記以外,,,,,,,,,,,,,,,,,月木,,,,,,,,,,,,,,,火,,,,,,,,,,,,,,,,金,,,,,,,,,,火,,,,,,,,
東成区,中道,2丁目,2番,,,,,,,,,,,,,,,,,,月木,,,,,,,,,,,,,,,火,,,,,,,,,,,,,,,,金,,,,,,,,,,,,,,,,,,火
東成区,中道,2丁目,3番,,,,,,,,,月木,,,,,,,,,,,,,,,,,,,,,,,,火,,,,,,,,,,,,,,,,金,,,,,,,,,,,,,,,,,,火
東成区,中道,2丁目,4番,軽四輪車(小さい車)で収集している地域,,,,,,,,,,,,,,,,月木,,,,,,,,,,,,,,,,火,,,,,,,,,,,,,,,,金,,,,,,,,,,,,,,火,,,,
東成区,中道,2丁目,4番,上記以外,,,,,,,月木,,,,,,,,,,,,,,,,,,,,,,,,,火,,,,,,,,,,,,,,,,金,,,,,,,,,,,,,,,,,火,
東成区,中道,2丁目,5番,,,,,,,,月木,,,,,,,,,,,,,,,,,,,,,,,,,火,,,,,,,,,,,,,,,,金,,,,,,火,,,,,,,,,,,,
東成区,中道,2丁目,6番,,,,,,,,,月木,,,,,,,,,,,,,,,,,,,,,,,,火,,,,,,,,,,,,,,,,金,,,,,,,,,,,,,,火,,,,
東成区,中道,2丁目,7番,,,,,,,,,月木,,,,,,,,,,,,,,,,,,,,,,,,火,,,,,,,,,,,,,,,,金,,,,,,,,,,,,,,火,,,,
東成区,中道,2丁目,8番,,,,,,,,,月木,,,,,,,,,,,,,,,,,,,,,,,,火,,,,,,,,,,,,,,,,金,,,,,,,,,,,,,,火,,,,
東成区,中道,2丁目,9番,,,,,,,,,,,,,,,,,,月木,,,,,,,,,,,,,,,火,,,,,,,,,,,,,,,,金,,,,,,,,,,,,,,,火,,,
東成区,中道,2丁目,10番,,,,,,,,,,,,,,,,,,月木,,,,,,,,,,,,,,,火,,,,,,,,,,,,,,,,金,,,,,,,,,,,,,,火,,,,
東成区,中道,2丁目,11番,,,,,,,,,月木,,,,,,,,,,,,,,,,,,,,,,,,火,,,,,,,,,,,,,,,,金,,,,,,,,,,,,,,火,,,,
東成区,中道,2丁目,12番,,,,,,,,,,,,,,,,,,月木,,,,,,,,,,,,,,,火,,,,,,,,,,,,,,,,金,,,,,,,,,火,,,,,,,,,
東成区,中道,2丁目,13番,軽四輪車(小さい車)で収集している地域,,,,,,,,,,,,,,,,,月木,,,,,,,火,,,,,,,,,,,,,,,,金,,,,,,,,,,,,,,,,,火,,,,,,,,,
東成区,中道,2丁目,13番,上記以外,,,,,,,,月木,,,,,,,,,,,,,,,,,,,,,,,,火,,,,,,,,,,,,,,,,金,,,,,,,,,火,,,,,,,,,
東成区,中道,2丁目,14番,,,,,,,,,月木,,,,,,,,,,,,,,,,,,,,,,,,火,,,,,,,,,,,,,,,,金,,,,,,,,,,,,,,,火,,,
東成区,中道,2丁目,15番,軽四輪車(小さい車)で収集している地域,,,,,,,,,,,,,,,,,月木,,,,,,,火,,,,,,,,,,,,,,,,金,,,,,,,,,,,,,,,,,,,,,,,火,,,
東成区,中道,2丁目,15番,上記以外,,,,,,,,月木,,,,,,,,,,,,,,,,,,,,,,,,火,,,,,,,,,,,,,,,,金,,,,,,,,,,,,,,,,,火,
東成区,中道,2丁目,16番,軽四輪車(小さい車)で収集している地域,,,,,,,,,,,,,,,,,月木,,,,,,,火,,,,,,,,,,,,,,,,金,,,,,,,,,,,,,,,,,,,,,,,火,,,
東成区,中道,2丁目,16番,上記以外,,,,,,,,月木,,,,,,,,,,,,,,,,,,,,,,,,火,,,,,,,,,,,,,,,,金,,,,,,,,,,,,,,,,,火,
東成区,中道,2丁目,17番,軽四輪車(小さい車)で収集している地域,,,,,,,,,,,,,,,,,月木,,,,,,,火,,,,,,,,,,,,,,,,金,,,,,,,,,,,,,,,,,,,,,,,火,,,
東成区,中道,2丁目,17番,上記以外,,,,,,,,月木,,,,,,,,,,,,,,,,,,,,,,,,火,,,,,,,,,,,,,,,,金,,,,,,,,,,,,,,,,,,火
東成区,中道,2丁目,18番,軽四輪車(小さい車)で収集している地域,,,,,,,,,,,,,,,,,月木,,,,,,,火,,,,,,,,,,,,,,,,金,,,,,,,,,,,,,,,,,,,,,,,火,,,
東成区,中道,2丁目,18番,上記以外,,,,,,,,月木,,,,,,,,,,,,,,,,,,,,,,,,火,,,,,,,,,,,,,,,,金,,,,,,,,火,,,,,,,,,,
東成区,中道,2丁目,19番,軽四輪車(小さい車)で収集している地域,,,,,,,,,,,,,,,,,月木,,,,,,,火,,,,,,,,,,,,,,,,金,,,,,,,,,,,,,,,,,,,,,,,火,,,
東成区,中道,2丁目,19番,上記以外,,,,,,,,月木,,,,,,,,,,,,,,,,,,,,,,,,火,,,,,,,,,,,,,,,,金,,,,,,,,,,,,,,,,,,火
東成区,中道,2丁目,20番,軽四輪車(小さい車)で収集している地域,,,,,,,,月木,,,,,,,,,,,,,,,,火,,,,,,,,,,,,,,,,金,,,,,,,,,,,,,,,,,,,,,,,,火,,
東成区,中道,2丁目,20番,上記以外,,,,,,,,,,,,,,,,,,月木,,,,,,,,,,,,,,火,,,,,,,,,,,,,,,,金,,,,,,,,,,,,,,,,,,火
東成区,中道,2丁目,21番,軽四輪車(小さい車)で収集している地域,,,,,,,,月木,,,,,,,,,,,,,,,,火,,,,,,,,,,,,,,,,金,,,,,,,,,,,,,,,,,,,,,,,,,火,
東成区,中道,2丁目,21番,上記以外,,,,,,,,,,,,,,,,,月木,,,,,,,,,,,,,,,火,,,,,,,,,,,,,,,,金,,,,,,,,,,,,,,,,,,火
東成区,中道,2丁目,22番,軽四輪車(小さい車)で収集している地域,,,,,,,月木,,,,,,,,,,,,,,,,,火,,,,,,,,,,,,,,,,金,,,,,,,,,,,,,,,,,,,,,,,,,火,
東成区,中道,2丁目,22番,上記以外,,,,,,,,,,,,,,,,,,月木,,,,,,,,,,,,,,火,,,,,,,,,,,,,,,,金,,,,,,,,,,,,,,,,,火,
東成区,中道,2丁目,23番,軽四輪車(小さい車)で収集している地域,,,,,,,月木,,,,,,,,,,,,,,,,,火,,,,,,,,,,,,,,,,金,,,,,,,,,,,,,,,,,,,,,,,,,火,
東成区,中道,2丁目,23番,上記以外,,,,,,,,,,,,,,,,,,月木,,,,,,,,,,,,,,火,,,,,,,,,,,,,,,,金,,,,,,,,,,,,,,,,,,火
東成区,中道,2丁目,24番,サンヴェール森ノ宮,,,,,,月木,,,,,,,,,,,,,,,,,,,,,,,,,,火,,,,,,,,,,,,,,,,金,,,,,,,,,,,,,,,,土,,
東成区,中道,2丁目,24番,軽四輪車(小さい車)で収集している地域,,,,,,,月木,,,,,,,,,,,,,,,,,火,,,,,,,,,,,,,,,,金,,,,,,,,,,,,,,,,,,,,,,,,火,,
東成区,中道,2丁目,24番,上記以外,,,,,,,,,,,,,,,,,月木,,,,,,,,,,,,,,,火,,,,,,,,,,,,,,,,金,,,,,,,,,,,,,,,,,,火
東成区,中道,2丁目,25番,軽四輪車(小さい車)で収集している地域,,,,,,,月木,,,,,,,,,,,,,,,,,火,,,,,,,,,,,,,,,,金,,,,,,,,,,,,,,,,,,,,,,,,,火,
東成区,中道,2丁目,25番,上記以外,,,,,,,,,,,,,,,,,,月木,,,,,,,,,,,,,,火,,,,,,,,,,,,,,,,金,,,,,,,,,,,,,,,,,,火
東成区,中道,2丁目,26番,,,,,,,,,,月木,,,,,,,,,,,,,,,,,,,,,,,火,,,,,,,,,,,,,,,,金,,,,,,,,,,,,,,,,,,火
東成区,中道,2丁目,27番,,,,,,,,,月木,,,,,,,,,,,,,,,,,,,,,,,,火,,,,,,,,,,,,,,,,金,,,,,,,,火,,,,,,,,,,
東成区,中道,2丁目,28番,,,,,,,,,月木,,,,,,,,,,,,,,,,,,,,,,,,火,,,,,,,,,,,,,,,,金,,,,,,,,火,,,,,,,,,,
東成区,中道,3丁目,1番,,,,,,,,,月木,,,,,,,,,,,,,,,,,,,,,,,,火,,,,,,,,,,,,,,,,金,,,,,,,,火,,,,,,,,,,
東成区,中道,3丁目,2番,,,,,,,,,月木,,,,,,,,,,,,,,,,,,,,,,,,火,,,,,,,,,,,,,,,,金,,,,,,火,,,,,,,,,,,,
東成区,中道,3丁目,3番,,,,,,,,,,月木,,,,,,,,,,,,,,,,,,,,,,,火,,,,,,,,,,,,,,,,金,,,,,,火,,,,,,,,,,,,
東成区,中道,3丁目,4番,,,,,,,,月木,,,,,,,,,,,,,,,,,,,,,,,,,火,,,,,,,,,,,,,,,,金,,,,,,火,,,,,,,,,,,,
東成区,中道,3丁目,5番,,,,,,,,月木,,,,,,,,,,,,,,,,,,,,,,,,,火,,,,,,,,,,,,,,,,金,,,,,,火,,,,,,,,,,,,
東成区,中道,3丁目,6番,,,,,,,,月木,,,,,,,,,,,,,,,,,,,,,,,,,火,,,,,,,,,,,,,,,,金,,,,,,火,,,,,,,,,,,,
東成区,中道,3丁目,7番,,,,,,,,,月木,,,,,,,,,,,,,,,,,,,,,,,,火,,,,,,,,,,,,,,,,金,,,,,,火,,,,,,,,,,,,
東成区,中道,3丁目,8番,,,,,,,,,月木,,,,,,,,,,,,,,,,,,,,,,,,火,,,,,,,,,,,,,,,,金,,,,,,,,火,,,,,,,,,,
東成区,中道,3丁目,9番,,,,,,,,,,月木,,,,,,,,,,,,,,,,,,,,,,,火,,,,,,,,,,,,,,,,金,,,,,,火,,,,,,,,,,,,
東成区,中道,3丁目,10番,,,,,,,,月木,,,,,,,,,,,,,,,,,,,,,,,,,火,,,,,,,,,,,,,,,,金,,,,,,火,,,,,,,,,,,,
東成区,中道,3丁目,11番,,,,,,,,月木,,,,,,,,,,,,,,,,,,,,,,,,,火,,,,,,,,,,,,,,,,金,,,,,,火,,,,,,,,,,,,
東成区,中道,3丁目,12番,,,,,,,,月木,,,,,,,,,,,,,,,,,,,,,,,,,火,,,,,,,,,,,,,,,,金,,,,,,,,,火,,,,,,,,,
東成区,中道,3丁目,13番,,,,,,,,,月木,,,,,,,,,,,,,,,,,,,,,,,,火,,,,,,,,,,,,,,,,金,,,,,,火,,,,,,,,,,,,
東成区,中道,3丁目,14番,,,,,,,,月木,,,,,,,,,,,,,,,,,,,,,,,,,火,,,,,,,,,,,,,,,,金,,,,,,火,,,,,,,,,,,,
東成区,中道,3丁目,15番,,,,,,,,,,月木,,,,,,,,,,,,,,,,,,,,,,,火,,,,,,,,,,,,,,,,金,,,,,,火,,,,,,,,,,,,
東成区,中道,3丁目,16番,,,,,,,,,月木,,,,,,,,,,,,,,,,,,,,,,,,火,,,,,,,,,,,,,,,,金,,,,,,,,火,,,,,,,,,,
東成区,中道,3丁目,17番,,,,,,,,,月木,,,,,,,,,,,,,,,,,,,,,,,,火,,,,,,,,,,,,,,,,金,,,,,,,,,,火,,,,,,,,
東成区,中道,4丁目,1番,,,,,,,,月木,,,,,,,,,,,,,,,,,,,,,,,,,火,,,,,,,,,,,,,,,,金,,,,,,,,,,,,,,,,,火,
東成区,中道,4丁目,2番,,,,,,,,,,月木,,,,,,,,,,,,,,,,,,,,,,,火,,,,,,,,,,,,,,,,金,,,,,,,,,,,,,,,,,,火
東成区,中道,4丁目,3番,,,,,,,,,月木,,,,,,,,,,,,,,,,,,,,,,火,,,,,,,,,,,,,,,,金,,,,,,,,,,,火,,,,,,,,,
東成区,中道,4丁目,4番,,,,,,,,,月木,,,,,,,,,,,,,,,,,,,,,,火,,,,,,,,,,,,,,,,金,,,,,,,,,,,火,,,,,,,,,
東成区,中道,4丁目,5番,軽四輪車(小さい車)で収集している地域,,,,,,,月木,,,,,,,,,,,,,,,,火,,,,,,,,,,,,,,,,金,,,,,,,,,,,,,,,,,,,,,,,,,,火,
東成区,中道,4丁目,5番,上記以外,,,,,,,月木,,,,,,,,,,,,,,,,,,,,,,,,,火,,,,,,,,,,,,,,,,金,,,,,,,,,,,,,,,,,火,
東成区,中道,4丁目,6番,軽四輪車(小さい車)で収集している地域,,,,,,,月木,,,,,,,,,,,,,,,,火,,,,,,,,,,,,,,,,金,,,,,,,,,,,,,,,,,,,,,,,,,,火,
東成区,中道,4丁目,6番,上記以外,,,,,,,月木,,,,,,,,,,,,,,,,,,,,,,,,,火,,,,,,,,,,,,,,,,金,,,,,,,,,,,,,,,,,火,
東成区,中道,4丁目,7番,軽四輪車(小さい車)で収集している地域,,,,,,,,月木,,,,,,,,,,,,,,,火,,,,,,,,,,,,,,,,金,,,,,,,,,,,,,,,,,,,,,,,,,,,火
東成区,中道,4丁目,7番,上記以外,,,,,,,,月木,,,,,,,,,,,,,,,,,,,,,,火,,,,,,,,,,,,,,,,金,,,,,,,,,,,,,,,,,,,,火
東成区,中道,4丁目,8番,軽四輪車(小さい車)で収集している地域,,,,,,,,月木,,,,,,,,,,,,,,,火,,,,,,,,,,,,,,,,金,,,,,,,,,,,,,,,,,,,,,,,,,,,火
東成区,中道,4丁目,8番,上記以外,,,,,,,,月木,,,,,,,,,,,,,,,,,,,,,,火,,,,,,,,,,,,,,,,金,,,,,,,,,,,,,,,,,,,,火
東成区,中道,4丁目,9番,軽四輪車(小さい車)で収集している地域,,,,,,,,月木,,,,,,,,,,,,,,,火,,,,,,,,,,,,,,,,金,,,,,,,,,,,,,,,,,,火,,,,,,,,,
東成区,中道,4丁目,9番,上記以外,,,,,,,,月木,,,,,,,,,,,,,,,,火,,,,,,,,,,,,,,,,,,,,,,金,,,,,,,,,,,火,,,,,,,,,
東成区,中道,4丁目,10番,,,,,,,,,月木,,,,,,,,,,,,,,,火,,,,,,,,,,,,,,,,金,,,,,,,,,,,,,,,,,,,,,,,,,,,火
東成区,中道,4丁目,11番,軽四輪車(小さい車)で収集している地域,,,,,,,,月木,,,,,,,,,,,,,,,火,,,,,,,,,,,,,,,,金,,,,,,,,,,,,,,,,,,,,,,,,,,,火
東成区,中道,4丁目,11番,上記以外,,,,,,,,月木,,,,,,,,,,,,,,,,,,,,,,,,火,,,,,,,,,,,,,,,,金,,,,,,,,,,,,,,,,,,火
東成区,中道,4丁目,12番,,,,,,,,,,月木,,,,,,,,,,,,,,,,,,,,,,,火,,,,,,,,,,,,,,,,金,,,,,,,,,,,,,,,,,,火
東成区,中道,4丁目,13番,,,,,,,,,月木,,,,,,,,,,,,,,,,,,,,,,,,火,,,,,,,,,,,,,,,,金,,,,,,火,,,,,,,,,,,,
東成区,中道,4丁目,14番,軽四輪車(小さい車)で収集している地域,,,,,,,,月木,,,,,,,,,,,,,,,火,,,,,,,,,,,,,,,,金,,,,,,,,,,,,,,,,,,,火,,,,,,,,
東成区,中道,4丁目,14番,上記以外,,,,,,,,,月木,,,,,,,,,,,,,,,,,,,,,,,火,,,,,,,,,,,,,,,,金,,,,,,,,,,,,,,,,,,火
東成区,中道,4丁目,15番,軽四輪車(小さい車)で収集している地域,,,,,,,,月木,,,,,,,,,,,,,,,火,,,,,,,,,,,,,,,,金,,,,,,,,,,,,,,,,,,,,,,,,,,,火
東成区,中道,4丁目,15番,上記以外,,,,,,,,,月木,,,,,,,,,,,,,,,,,,,,,,,火,,,,,,,,,,,,,,,,金,,,,,,,,,,,,,,,,,,火
東成区,中道,4丁目,16番,軽四輪車(小さい車)で収集している地域,,,,,,,,,月木,,,,,,,,,,,,,火,,,,,,,,,,,,,,,,金,,,,,,,,,,,,,,,,,,,,,,,,,,,,火
東成区,中道,4丁目,16番,上記以外,,,,,,,,,月木,,,,,,,,,,,,,,,,,,,,,火,,,,,,,,,,,,,,,,金,,,,,,,,,,,,,,,,,,,,火
東成区,中道,4丁目,17番,軽四輪車(小さい車)で収集している地域,,,,,,,,月木,,,,,,,,,,,,,,,,,,,,,,火,,,,,,,,,,,,,,,,金,,,,,,,,,,,,,,,,,,,,火
東成区,中道,4丁目,17番,上記以外,,,,,,,,,月木,,,,,,,,,,,,,,,,,,,,,火,,,,,,,,,,,,,,,,金,,,,,,,,,,,火,,,,,,,,,
東成区,中本,1丁目,1番,ハイツ森ノ宮,,,,,,,,,,,,,,,月木,,,,,,,,,,,,,,,,,火,,,,,,,,,,,,,,,,金,,,,,,火,,,,,,,,,,,,
東成区,中本,1丁目,1番,上記以外,,,,,,,,,,,,,,,,月木,,,,,,,,,,,,,,,,火,,,,,,,,,,,,,,,,金,,,,,,,,,,,,,,,,,,火
東成区,中本,1丁目,2番,,,,,,,,,,,,,,,,,月木,,,,,,,,,,,,,,,,火,,,,,,,,,,,,,,,,金,,,,,,,,,,,,,,,,,,火
東成区,中本,1丁目,3番,,,,,,,,,,,,,,,,,,月木,,,,,,,,,,,,,,,火,,,,,,,,,,,,,,,,金,,,,,,,,,,,,,,,,,,火
東成区,中本,1丁目,4番,,,,,,,,,,,,,,,,,,月木,,,,,,,,,,,,,,,火,,,,,,,,,,,,,,,,金,,,,,,,,,,,,,,,,,,火
東成区,中本,1丁目,5番,,,,,,,,,,,,,,,,,,月木,,,,,,,,,,,,,,,火,,,,,,,,,,,,,,,,金,,,,,,,,,,,,,,,,,火,
東成区,中本,1丁目,6番,,,,,,,,,,,,,,,,,,月木,,,,,,,,,,,,,,,火,,,,,,,,,,,,,,,,金,,,,,,,,,,,,,,,,,,火
東成区,中本,1丁目,7番,,,,,,,,,,,,,,,,,月木,,,,,,,,,,,,,,,,火,,,,,,,,,,,,,,,,金,,,,,,,,,,,,,,,,,,火
東成区,中本,1丁目,8番,,,,,,,,,,,,,,,,,月木,,,,,,,,,,,,,,,,火,,,,,,,,,,,,,,,,金,,,,,,,,,,,,,,,,,,火
東成区,中本,1丁目,9番,,,,,,,,,,月木,,,,,,,,,,,,,,,,,,,,,,,火,,,,,,,,,,,,,,,,金,,,,,,,,,,,,,,,,,,火
東成区,中本,1丁目,10番,,,,,,,,,,,,,,,,,月木,,,,,,,,,,,,,,,,火,,,,,,,,,,,,,,,,金,,,,,,,,,,,火,,,,,,,
東成区,中本,1丁目,11番,,,,,,,,,,月木,,,,,,,,,,,,,,,,,,,,,,,火,,,,,,,,,,,,,,,,金,,,,,,,,,,,,,,,,,,火
東成区,中本,2丁目,1番,,,,,,,,,,月木,,,,,,,,,,,,,水,,,,,,,,,,,,,,,,土,,,,,,,,,,,,,,,,,,,,,,,,,,,火,
東成区,中本,2丁目,2番,,,,,,,,,,,,,,,,,,月木,,,,,水,,,,,,,,,,,,,,,,土,,,,,,,,,,,,,,,,,,,,,,,,,,,,火
東成区,中本,2丁目,3番,,,,,,,,,,,,,,,,,,月木,,,,,水,,,,,,,,,,,,,,,,土,,,,,,,,,,,,,,,,,,,,,,,,,,,火,
東成区,中本,2丁目,4番,,,,,,,,,,,,,,,,,,月木,,,,,水,,,,,,,,,,,,,,,,土,,,,,,,,,,,,,,,,,,,,,,,,,,,火,
東成区,中本,2丁目,5番,,,,,,,,,,,,,,,,,,月木,,,,,水,,,,,,,,,,,,,,,,土,,,,,,,,,,,,,,,,,,,,,,,,,,,,火
東成区,中本,2丁目,6番,,,,,,,,,,,,,,,,,,月木,,,,,水,,,,,,,,,,,,,,,,土,,,,,,,,,,,,,,,,,,,,,,,,,火,,,
東成区,中本,2丁目,7番,1~7号,,,,,,,,,,,,,,,,水土,,,,,,,,水,,,,,,,,,,,,,,,,土,,,,,,,,,,,,,,,,,,,,,,,,火,,
東成区,中本,2丁目,7番,上記以外,,,,,,,,,,,,,,,,,月木,,,,,水,,,,,,,,,,,,,,,,土,,,,,,,,,,,,,,,,,,,,,,,,,火,,,
東成区,中本,2丁目,8番,2~9･14~20号,,,,,,,,,,,,,,,,水土,,,,,,,,水,,,,,,,,,,,,,,,,土,,,,,,,,,,,,,,,,,,,,,,,火,,,
東成区,中本,2丁目,8番,上記以外,,,,,,,,,,,,,,,,,月木,,,,,水,,,,,,,,,,,,,,,,土,,,,,,,,,,,,,,,,,,,,,,,,,火,,,
東成区,中本,2丁目,9番,2~7･18~25号,,,,,,,,,,,,,,,,水土,,,,,,,,水,,,,,,,,,,,,,,,,土,,,,,,,,,,,,,,,,,,,,,,,,火,,
東成区,中本,2丁目,9番,上記以外,,,,,,,,,,,,,,,,,月木,,,,,水,,,,,,,,,,,,,,,,土,,,,,,,,,,,,,,,,,,,,,,,,,,火,,
東成区,中本,2丁目,10番,4~10･21号,,,,,,,,,,,,,,,,水土,,,,,,,,水,,,,,,,,,,,,,,,,土,,,,,,,,,,,,,,,,,,,,,,,,火,,
東成区,中本,2丁目,10番,上記以外,,,,,,,,,,,,,,,,,月木,,,,,水,,,,,,,,,,,,,,,,土,,,,,,,,,,,,,,,,,,,,,,,,,,火,,
東成区,中本,2丁目,11番,緑橋駅前アーバンコンフォ―ト,,,,,,月木,,,,,,,,,,,,,,,,水,,,,,,,,,,,,,,,,土,,,,,,,,,,,,,,,,,,,,,,,,,,,,
東成区,中本,2丁目,11番,5･9･10･11･41号,,,,,,,,,,,,,,,,水土,,,,,,水,,,,,,,,,,,,,,,,土,,,,,,,,,,,,,,,,,,,,,,,,,,,火,
東成区,中本,2丁目,11番,上記以外,,,,,,,,,,,,,,,,水土,,,,,,,,水,,,,,,,,,,,,,,,,土,,,,,,,,,,,,,,,,,,,,,,,,火,,
東成区,中本,2丁目,12番,軽四輪車(小さい車)で収集している地域,,,,,,,,,,,,,,,,水土,,,,,,,,水,,,,,,,,,,,,,,,,土,,,,,,,,,,,,,,,,,,,,,,,火,,,
東成区,中本,2丁目,12番,上記以外,,,,,,,,,,,,,,,,,月木,,,,,水,,,,,,,,,,,,,,,,土,,,,,,,,,,,,,,,,,,,,,,,,,火,,,
東成区,中本,2丁目,13番,メロディハイム緑橋参番館,,,,,,,,,,,,,,,,月木,,,,,,水,,,,,,,,,,,,,,,,土,,,,,,,,,,,,,,,,土,,,,,,,,,,,,
東成区,中本,2丁目,13番,軽四輪車(小さい車)で収集している地域,,,,,,,,,,,,,,,,水土,,,,,,,,水,,,,,,,,,,,,,,,,土,,,,,,,,,,,,,,,,,,,,,,,火,,,
東成区,中本,2丁目,13番,上記以外,,,,,,,,,,,,,,,,月木,,,,,,水,,,,,,,,,,,,,,,,土,,,,,,,,,,,,,,,,,,,,,,,,,火,,,
東成区,中本,3丁目,1番,,,,,,,,,,,,,,,,,月木,,,,,,水,,,,,,,,,,,,,,,,土,,,,,,,,,,,,,,,,,,,,,,,,,,火,,
東成区,中本,3丁目,2番,,,,,,,,,,,,,,,,,,月木,,,,,水,,,,,,,,,,,,,,,,土,,,,,,,,,,,,,,,,,,,,,,,,,火,,,
東成区,中本,3丁目,3番,,,,,,,,,,,,,,,,,,月木,,,,,水,,,,,,,,,,,,,,,,土,,,,,,,,,,,,,,,,,,,,,,,,,火,,,
東成区,中本,3丁目,4番,,,,,,,,,,,,,,,,月木,,,,,,,水,,,,,,,,,,,,,,,,土,,,,,,,,,,,,,,,,,,,,,,,,,火,,,
東成区,中本,3丁目,5番,,,,,,,,,,,,,,,,月木,,,,,,,水,,,,,,,,,,,,,,,,土,,,,,,,,,,,,,,,,,,,,,,,,,火,,,
東成区,中本,3丁目,6番,,,,,,,,,,,,,,,,,,月木,,,,,水,,,,,,,,,,,,,,,,土,,,,,,,,,,,,,,,,,,,,,,,,,火,,,
東成区,中本,3丁目,7番,,,,,,,,,,,,,,,,,,月木,,,,,水,,,,,,,,,,,,,,,,土,,,,,,,,,,,,,,,,,,,,,,,,,火,,,
東成区,中本,3丁目,8番,,,,,,,,,,,,,,,,,,月木,,,,,水,,,,,,,,,,,,,,,,土,,,,,,,,,,,,,,,,,,,,,,,,,火,,,
東成区,中本,3丁目,9番,,,,,,,,,,,,,,,,月木,,,,,,,水,,,,,,,,,,,,,,,,土,,,,,,,,,,,,,,,,,,,,,,,,,火,,,
東成区,中本,3丁目,10番,,,,,,,,,,,,,,,,,月木,,,,,,水,,,,,,,,,,,,,,,,土,,,,,,,,,,,,,,,,,,,,,,,,,火,,,
東成区,中本,3丁目,11番,,,,,,,,,,,,,,,,,,月木,,,,,水,,,,,,,,,,,,,,,,土,,,,,,,,,,,,,,,,,,,,,,,,,火,,,
東成区,中本,3丁目,12番,,,,,,,,,,,,,,,,月木,,,,,,,水,,,,,,,,,,,,,,,,土,,,,,,,,,,,,,,,,,,,,,,,,,火,,,
東成区,中本,3丁目,13番,,,,,,,,,,,,,,,,,月木,,,,,,水,,,,,,,,,,,,,,,,土,,,,,,,,,,,,,,,,,,,,,,,,火,,,,
東成区,中本,3丁目,14番,,,,,,,,,,,,,,,,,月木,,,,,,水,,,,,,,,,,,,,,,,土,,,,,,,,,,,,,,,,,,,,,,,,,火,,,
東成区,中本,3丁目,15番,,,,,,,,,,,,,,,,,月木,,,,,,水,,,,,,,,,,,,,,,,土,,,,,,,,,,,,,,,,,,,,,,,,,火,,,
東成区,中本,3丁目,16番,,,,,,,,,,,,,,,,,月木,,,,,,水,,,,,,,,,,,,,,,,土,,,,,,,,,,,,,,,,,,,,,,,,,火,,,
東成区,中本,3丁目,17番,,,,,,,,,,,,,,,,,,,月木,,,,水,,,,,,,,,,,,,,,,土,,,,,,,,,,,,,,,,,,,,,,,,,火,,,
東成区,中本,4丁目,1番,メゾンドール緑橋,,,,,,,,,,,,,,,,,月木,,,,,水,,,,,,,,,,,,,,,,土,,,,,,,,,,,,,,,,,,土,,,,,,,,,,
東成区,中本,4丁目,1番,上記以外,,,,,,,,,,,,,,,月木,,,,,,,水,,,,,,,,,,,,,,,,土,,,,,,,,,,,,,,,,,,,,,,,,,,火,,
東成区,中本,4丁目,2番,軽四輪車(小さい車)で収集している地域,,,,,,,,月木,,,,,,,,,,,,,,水,,,,,,,,,,,,,,,,土,,,,,,,,,,,,,,,,,,,,,,,,,,,火,
東成区,中本,4丁目,2番,上記以外,,,,,,,,,,,,,,,月木,,,,,,,水,,,,,,,,,,,,,,,,土,,,,,,,,,,,,,,,,,,,,,,,,,,火,,
東成区,中本,4丁目,3番,,,,,,,,,月木,,,,,,,,,,,,,,水,,,,,,,,,,,,,,,,土,,,,,,,,,,,,,,,,,,,,,,,,火,,,,
東成区,中本,4丁目,4番,,,,,,,,,,,,,,,,,,月木,,,,,水,,,,,,,,,,,,,,,,土,,,,,,,,,,,,,,,,,,,,,,,,,,,火,
東成区,中本,4丁目,5番,29･30･32･34~36号,,,,,,,月木,,,,,,,,,,,,,,,水,,,,,,,,,,,,,,,,土,,,,,,,,,,,,,,,,,,,火,,,,,,,,,
東成区,中本,4丁目,5番,上記以外,,,,,,,,,,,,,,月木,,,,,,,,水,,,,,,,,,,,,,,,,土,,,,,,,,,,,,,,,,,,,,,,,,,,,,火
東成区,中本,4丁目,6番,,,,,,,,,,月木,,,,,,,,,,,,,水,,,,,,,,,,,,,,,,土,,,,,,,,,,,,,,,,,,,,,,,,,,,,火
東成区,中本,4丁目,7番,,,,,,,,,,月木,,,,,,,,,,,,,水,,,,,,,,,,,,,,,,土,,,,,,,,,,,,,,,,,,,,,,,,,,,,火
東成区,中本,4丁目,8番,,,,,,,,,月木,,,,,,,,,,,,,,水,,,,,,,,,,,,,,,,土,,,,,,,,,,,,,,,,,,,火,,,,,,,,,
東成区,中本,4丁目,9番,,,,,,,,,,,,,,,,,,月木,,,,,水,,,,,,,,,,,,,,,,土,,,,,,,,,,,,,,,,,,,,,,,,火,,,,
東成区,中本,4丁目,10番,軽四輪車(小さい車)で収集している地域,,,,,,,,月木,,,,,,,,,,,,,,水,,,,,,,,,,,,,,,,土,,,,,,,,,,,,,,,,,,,,,,,,火,,,,
東成区,中本,4丁目,10番,上記以外,,,,,,,,,,,,,,,月木,,,,,,,水,,,,,,,,,,,,,,,,土,,,,,,,,,,,,,,,,,,,,,,,,,火,,,
東成区,中本,4丁目,11番,軽四輪車(小さい車)で収集している地域,,,,,,,,月木,,,,,,,,,,,,,,水,,,,,,,,,,,,,,,,土,,,,,,,,,,,,,,,,,,,,,,,,火,,,,
東成区,中本,4丁目,11番,上記以外,,,,,,,,,,,,,,,月木,,,,,,,水,,,,,,,,,,,,,,,,土,,,,,,,,,,,,,,,,,,,,,,,,火,,,,
東成区,中本,4丁目,12番,,,,,,,,,,月木,,,,,,,,,,,,,水,,,,,,,,,,,,,,,,土,,,,,,,,,,,,,,,,,,,火,,,,,,,,,
東成区,中本,4丁目,13番,軽四輪車(小さい車)で収集している地域,,,,,,,,月木,,,,,,,,,,,,,,水,,,,,,,,,,,,,,,,土,,,,,,,,,,,,,,,,,,,火,,,,,,,,,
東成区,中本,4丁目,13番,上記以外,,,,,,,,,月木,,,,,,,,,,,,,水,,,,,,,,,,,,,,,,土,,,,,,,,,,,,,,,,,,,,,,,,,,,,火
東成区,中本,5丁目,1番,,,,,,,,,,,,,,,,月木,,,,,,,水,,,,,,,,,,,,,,,,土,,,,,,,,,,,,,,,,,,,,,,,,,火,,,
東成区,中本,5丁目,2番,,,,,,,,,,,,,,,,月木,,,,,,,水,,,,,,,,,,,,,,,,土,,,,,,,,,,,,,,,,,,,,,,,,,火,,,
東成区,中本,5丁目,3番,,,,,,,,,,,,,,,,月木,,,,,,,,,水,,,,,,,,,,,,,,,,土,,,,,,,,,,,,,,,,,,,,,,,火,,,
東成区,中本,5丁目,4番,,,,,,,,,,,,,,,,月木,,,,,,,水,,,,,,,,,,,,,,,,土,,,,,,,,,,,,,,,,,,,,,,,,,火,,,
東成区,中本,5丁目,5番,,,,,,,,,,,,,,,,,,月木,,,,,水,,,,,,,,,,,,,,,,土,,,,,,,,,,,,,,,,,,,,,,,,,,火,,
東成区,中本,5丁目,6番,,,,,,,,,,,,,,,,,月木,,,,,,,,水,,,,,,,,,,,,,,,,土,,,,,,,,,,,,,,,,,,,,,,,,火,,
東成区,中本,5丁目,7番,,,,,,,,,,,,,,,,月木,,,,,,,,,水,,,,,,,,,,,,,,,,土,,,,,,,,,,,,,,,,,,,,,,,火,,,
東成区,中本,5丁目,8番,軽四輪車(小さい車)で収集している地域,,,,,,,,,,,,,,,,月木,,,,,,,,,,,,,,水,,,,,,,,,,,,,,,,土,,,,,,,,,,,,,,,,火,,,,
東成区,中本,5丁目,8番,上記以外,,,,,,,,,,,,,,,月木,,,,,,,,,水,,,,,,,,,,,,,,,,土,,,,,,,,,,,,,,,,,,,,,,,,火,,
東成区,中本,5丁目,9番,,,,,,,,,,,,,,,,月木,,,,,,,水,,,,,,,,,,,,,,,,土,,,,,,,,,,,,,,,,,,,,,,,,,火,,,
東成区,中本,5丁目,10番,軽四輪車(小さい車)で収集している地域,,,,,,,,,,,,,,,,月木,,,,,,水,,,,,,,,,,,,,,,,土,,,,,,,,,,,,,,,,,,,,,,,,,火,,,
東成区,中本,5丁目,10番,上記以外,,,,,,,,,,,,,,月木,,,,,,,,,,水,,,,,,,,,,,,,,,,土,,,,,,,,,,,,,,,,,,,,,,,火,,,
東成区,中本,5丁目,11番,,,,,,,,,,,,,,,月木,,,,,,,,,,水,,,,,,,,,,,,,,,,土,,,,,,,,,,,,,,,,,,,,,,,火,,,
東成区,中本,5丁目,12番,,,,,,,,,,,,,,,月木,,,,,,,,水,,,,,,,,,,,,,,,,土,,,,,,,,,,,,,,,,,,,,,,,,,火,,,
東成区,中本,5丁目,13番,,,,,,,,,,,,,,,,月木,,,,,,,水,,,,,,,,,,,,,,,,土,,,,,,,,,,,,,,,,,,,,,,,,,火,,,
東成区,中本,5丁目,14番,,,,,,,,,,,,,,,月木,,,,,,,,水,,,,,,,,,,,,,,,,土,,,,,,,,,,,,,,,,,,,,,,,,火,,,,
東成区,中本,5丁目,15番,,,,,,,,,,,,,,,,,月木,,,,,,,,水,,,,,,,,,,,,,,,,土,,,,,,,,,,,,,,,,,,,,,,,火,,,
東成区,中本,5丁目,16番,軽四輪車(小さい車)で収集している地域,,,,,,,,,,,,,,月木,,,,,,,,,,,,,,,,水,,,,,,,,,,,,,,,,土,,,,,,,,,,,,,,,,,,火,,
東成区,中本,5丁目,16番,上記以外,,,,,,,,,,,,,,月木,,,,,,,,水,,,,,,,,,,,,,,,,土,,,,,,,,,,,,,,,,,,,,,,,,火,,,,
東成区,中本,5丁目,17番,軽四輪車(小さい車)で収集している地域,,,,,,,,,,,,,,月木,,,,,,,,,,,,,,,,水,,,,,,,,,,,,,,,,土,,,,,,,,,,,,,,,,,,火,,
東成区,中本,5丁目,17番,上記以外,,,,,,,,,,,,,,,月木,,,,,,,水,,,,,,,,,,,,,,,,土,,,,,,,,,,,,,,,,,,,,,,,,,,火,,
東成区,中本,5丁目,18番,軽四輪車(小さい車)で収集している地域,,,,,,,,,,,,,,,月木,,,,,,,,,,,,,,,水,,,,,,,,,,,,,,,,土,,,,,,,,,,,,,,,,,,火,,
東成区,中本,5丁目,18番,上記以外,,,,,,,,,,,,,,,月木,,,,,,,水,,,,,,,,,,,,,,,,土,,,,,,,,,,,,,,,,,,,,,,,,,火,,,
東成区,中本,5丁目,19番,軽四輪車(小さい車)で収集している地域,,,,,,,,,,,,,,,月木,,,,,,,,,,,,,,,水,,,,,,,,,,,,,,,,土,,,,,,,,,,,,,,,,,,火,,
東成区,中本,5丁目,19番,上記以外,,,,,,,,,,,,,,,月木,,,,,,,水,,,,,,,,,,,,,,,,土,,,,,,,,,,,,,,,,,,,,,,,,,火,,,
東成区,中本,5丁目,20番,,,,,,,,,,,,,,,,,,月木,,,,,水,,,,,,,,,,,,,,,,土,,,,,,,,,,,,,,,,,,,,,,,,,火,,,
東成区,中本,5丁目,21番,,,,,,,,,,,,,,,,,月木,,,,,,水,,,,,,,,,,,,,,,,土,,,,,,,,,,,,,,,,,,,,,,,,,,火,,
東成区,中本,5丁目,22番,,,,,,,,,,,,,,,,,月木,,,,,,水,,,,,,,,,,,,,,,,土,,,,,,,,,,,,,,,,,,,,,,,,,火,,,
東成区,中本,5丁目,23番,,,,,,,,,,,,,,,,,月木,,,,,,水,,,,,,,,,,,,,,,,土,,,,,,,,,,,,,,,,,,,,,,,,,火,,,
東成区,中本,5丁目,24番,,,,,,,,,,,,,,,,月木,,,,,,,水,,,,,,,,,,,,,,,,土,,,,,,,,,,,,,,,,,,,,,,,,,,火,,
東成区,中本,5丁目,25番,軽四輪車(小さい車)で収集している地域,,,,,,,,,,,,,,,月木,,,,,,,,,,,,,,,水,,,,,,,,,,,,,,,,土,,,,,,,,,,,,,,,,,火,,,
東成区,中本,5丁目,25番,上記以外,,,,,,,,,,,,,,,月木,,,,,,,水,,,,,,,,,,,,,,,,土,,,,,,,,,,,,,,,,,,,,,,,,,火,,,
東成区,中本,5丁目,26番,軽四輪車(小さい車)で収集している地域,,,,,,,,,,,,,,,月木,,,,,,,,,,,,,,,水,,,,,,,,,,,,,,,,土,,,,,,,,,,,,,,,,,火,,,
東成区,中本,5丁目,26番,上記以外,,,,,,,,,,,,,,,月木,,,,,,,水,,,,,,,,,,,,,,,,土,,,,,,,,,,,,,,,,,,,,,,,,,火,,,
東成区,中本,5丁目,27番,,,,,,,,,,,,,,,,月木,,,,,,,水,,,,,,,,,,,,,,,,土,,,,,,,,,,,,,,,,,,,,,,,,火,,,,
東成区,東今里,1丁目,1番,,,,,,,,,,,,,,,,,火金,,,,,,,,,,,,,,水,,,,,,,,,,,,,,,,土,,,,,,,,月,,,,,,,,,,,,
東成区,東今里,1丁目,2番,,,,,,,,,,,,,,,,,火金,,,,,,,,,,,,,,水,,,,,,,,,,,,,,,,土,,,,,,,,月,,,,,,,,,,,,
東成区,東今里,1丁目,3番,,,,,,,,,,,,,,,,,火金,,,,,,,,,,,,,,水,,,,,,,,,,,,,,,,土,,,,,,,,月,,,,,,,,,,,,
東成区,東今里,1丁目,4番,,,,,,,,,,,,,,,,,,火金,,,,,,,,,,,,,水,,,,,,,,,,,,,,,,土,,,,,,,,月,,,,,,,,,,,,
東成区,東今里,1丁目,5番,アーベイン緑橋,,,,,,,,,,,,,,,,,火金,,,,,,,,,,,,,水,,,,,,,,,,,,,,,,土,,,,,,,,土,,,,,,,,,,,,
東成区,東今里,1丁目,5番,上記以外,,,,,,,,火金,,,,,,,,,,,,,,,,,,,,,,水,,,,,,,,,,,,,,,,土,,,,,,,,,,,,,,,,,,月,,
東成区,東今里,1丁目,6番,,,,,,,,,火金,,,,,,,,,,,,,,,,,,,,,,水,,,,,,,,,,,,,,,,土,,,,,,,,,,,,,,,,,,月,,
東成区,東今里,1丁目,7番,,,,,,,,,,,,,,,,,,火金,,,,,,,,,,,,,水,,,,,,,,,,,,,,,,土,,,,,,,,,,,,,,,,,,月,,
東成区,東今里,2丁目,1番,,,,,,,,,,,,,,,,,,火金,,,,,,,,,,,,,,,水,,,,,,,,,,,,,,,,土,,,,,,月,,,,,,,,,,,,
東成区,東今里,2丁目,2番,,,,,,,,,,,,,,,,,,火金,,,,,,,,,,,,,,,水,,,,,,,,,,,,,,,,土,,,,,,月,,,,,,,,,,,,
東成区,東今里,2丁目,3番,,,,,,,,,,,,,,,,,,火金,,,,,,,,,,,,,,,水,,,,,,,,,,,,,,,,土,,,,,,月,,,,,,,,,,,,
東成区,東今里,2丁目,4番,,,,,,,,,,,,,,,,,,火金,,,,,,,,,,,,,,,水,,,,,,,,,,,,,,,,土,,,,,,月,,,,,,,,,,,,
東成区,東今里,2丁目,5番,,,,,,,,,,,,,,,,,,火金,,,,,,,,,,,,,,,水,,,,,,,,,,,,,,,,土,,,,,,月,,,,,,,,,,,,
東成区,東今里,2丁目,6番,,,,,,,,,,,,,,,,,,火金,,,,,,,,,,,,,,,水,,,,,,,,,,,,,,,,土,,,,,,月,,,,,,,,,,,,
東成区,東今里,2丁目,7番,,,,,,,,,,,,,,,,,火金,,,,,,,,,,,,,,,,水,,,,,,,,,,,,,,,,土,,,,,,月,,,,,,,,,,,,
東成区,東今里,2丁目,8番,,,,,,,,,,,,,,,,,,火金,,,,,,,,,,,,,,,水,,,,,,,,,,,,,,,,土,,,,,,,,,,,,,,月,,,,
東成区,東今里,2丁目,9番,,,,,,,,,,,,,,,,,,,火金,,,,,,,,,,,,,,水,,,,,,,,,,,,,,,,土,,,,,,,,,,,,,,,月,,,
東成区,東今里,2丁目,10番,,,,,,,,,,,,,,,,,,火金,,,,,,,,,,,,,,,水,,,,,,,,,,,,,,,,土,,,,,,,,,,,,,,,,月,,
東成区,東今里,2丁目,11番,,,,,,,,,,,,,,,,,,火金,,,,,,,,,,,,,,,水,,,,,,,,,,,,,,,,土,,,,,,,,,,,,,,,,,月,
東成区,東今里,2丁目,12番,,,,,,,,,,,,,,,,,,,火金,,,,,,,,,,,,,,水,,,,,,,,,,,,,,,,土,,,,,,,,,,,,,,,月,,,
東成区,東今里,2丁目,13番,,,,,,,,,,,,,,,,,,火金,,,,,,,,,,,,,,,水,,,,,,,,,,,,,,,,土,,,,,,,,,,,,,,,月,,,
東成区,東今里,2丁目,14番,,,,,,,,,,,,,,,,,,,火金,,,,,,,,,,,,,,水,,,,,,,,,,,,,,,,土,,,,,,,,,,,,,,,月,,,
東成区,東今里,2丁目,15番,,,,,,,,,,,,,,,,,,火金,,,,,,,,,,,,,,,水,,,,,,,,,,,,,,,,土,,,,,,,,,,,,,,,月,,,
東成区,東今里,2丁目,16番,,,,,,,,,,,,,,,,,,,火金,,,,,,,,,,,,,,水,,,,,,,,,,,,,,,,土,,,,,,,,,,,,,,,,月,,
東成区,東今里,3丁目,1番,,,,,,,,,,,,,,,,,,火金,,,,,,,,,,,,,水,,,,,,,,,,,,,,,,土,,,,,,,,,,,,,,,,月,,,,
東成区,東今里,3丁目,2番,,,,,,,,,,,,,,,,,,火金,,,,,,,,,,,,,水,,,,,,,,,,,,,,,,土,,,,,,,,,,,,,,,,,,月,,
東成区,東今里,3丁目,3番,軽四輪車(小さい車)で収集している地域,,,,,,,火金,,,,,,,,,,,,,,,,,,,,,,,,,水,,,,,,,,,,,,,,,,土,,,,,,,,,,,,,,,,月,,
東成区,東今里,3丁目,3番,上記以外,,,,,,,,,,,,,,,,,火金,,,,,,,,,,,,,水,,,,,,,,,,,,,,,,土,,,,,,,,,,,,,,,,,,月,,
東成区,東今里,3丁目,4番,軽四輪車(小さい車)で収集している地域,,,,,,,火金,,,,,,,,,,,,,,,,,,,,,,,,,水,,,,,,,,,,,,,,,,土,,,,,,,,,,,,,,,,,,月
東成区,東今里,3丁目,4番,上記以外,,,,,,,,,,,,,,,,,火金,,,,,,,,,,,,,水,,,,,,,,,,,,,,,,土,,,,,,,,,,,,,,,,,,月,,
東成区,東今里,3丁目,5番,軽四輪車(小さい車)で収集している地域,,,,,,,火金,,,,,,,,,,,,,,,,,,,,,,,,,水,,,,,,,,,,,,,,,,土,,,,,,,,,,,,,,,,,,月
東成区,東今里,3丁目,5番,上記以外,,,,,,,,,,,,,,,,,,火金,,,,,,,,,,,,水,,,,,,,,,,,,,,,,土,,,,,,,,,,,,,,,,,,月,,
東成区,東今里,3丁目,6番,軽四輪車(小さい車)で収集している地域,,,,,,,火金,,,,,,,,,,,,,,,,,,,,,,,,,水,,,,,,,,,,,,,,,,土,,,,,,,,,,,,,,,,月,,
東成区,東今里,3丁目,6番,上記以外,,,,,,,,,,,,,,,火金,,,,,,,,,,,,,,,水,,,,,,,,,,,,,,,,土,,,,,,,,,,,,,,,,,,月,,
東成区,東今里,3丁目,7番,軽四輪車(小さい車)で収集している地域,,,,,,,火金,,,,,,,,,,,,,,,,,,,,,,,,,水,,,,,,,,,,,,,,,,土,,,,,,,,,,,,,,,,,月,
東成区,東今里,3丁目,7番,上記以外,,,,,,,,,,,,,,,,,火金,,,,,,,,,,,,,水,,,,,,,,,,,,,,,,土,,,,,,,,,,,,,,,,,,月,,
東成区,東今里,3丁目,8番,軽四輪車(小さい車)で収集している地域,,,,,,,火金,,,,,,,,,,,,,,,,,,,,,,,,,水,,,,,,,,,,,,,,,,土,,,,,,,,,,,,,,,,月,,
東成区,東今里,3丁目,8番,上記以外,,,,,,,,,,,,,,,,,火金,,,,,,,,,,,,,水,,,,,,,,,,,,,,,,土,,,,,,,,,,,,,,,,,,月,,
東成区,東今里,3丁目,9番,軽四輪車(小さい車)で収集している地域,,,,,,,火金,,,,,,,,,,,,,,,,,,,,,,,,,水,,,,,,,,,,,,,,,,土,,,,,,,,,,,,,,,,月,,
東成区,東今里,3丁目,9番,上記以外,,,,,,,,,,,,,,,,,火金,,,,,,,,,,,,,水,,,,,,,,,,,,,,,,土,,,,,,,,,,,,,,,,,,月,,
東成区,東今里,3丁目,10番,,,,,,,,,,,,,,,,,,火金,,,,,,,,,,,,,水,,,,,,,,,,,,,,,,土,,,,,,,,,,,,,,,,,,月,,
東成区,東今里,3丁目,11番,軽四輪車(小さい車)で収集している地域,,,,,,,,,,,,,,,,,火金,,,,,,,,,,,,,水,,,,,,,,,,,,,,,,土,,,,,,,,,,,,,,,,,,月,,
東成区,東今里,3丁目,11番,上記以外,,,,,,,,,,,,,,,火金,,,,,,,,,,,,,,,水,,,,,,,,,,,,,,,,土,,,,,,,,,,,,月,,,,,,,,
東成区,東今里,3丁目,12番,,,,,,,,,,,,,,,,,,火金,,,,,,,,,,,,,水,,,,,,,,,,,,,,,,土,,,,,,,,,,,,,,,,月,,,,
東成区,東今里,3丁目,13番,,,,,,,,,,,,,,,,,,火金,,,,,,,,,,,,,水,,,,,,,,,,,,,,,,土,,,,,,,,,,,,,,,,月,,,,
東成区,東今里,3丁目,14番,軽四輪車(小さい車)で収集している地域,,,,,,,火金,,,,,,,,,,,,,,,,,,,,,,,,,水,,,,,,,,,,,,,,,,土,,,,,,,,,,,,,,,,,,月
東成区,東今里,3丁目,14番,上記以外,,,,,,,,,,,,,,,,火金,,,,,,,,,,,,,,水,,,,,,,,,,,,,,,,土,,,,,,,,,,,,,,,,,,,,月
東成区,東今里,3丁目,15番,軽四輪車(小さい車)で収集している地域,,,,,,,火金,,,,,,,,,,,,,,,,,,,,,,,,,水,,,,,,,,,,,,,,,,土,,,,,,,,,,,,,,,,,月,
東成区,東今里,3丁目,15番,上記以外,,,,,,,,,,,,,,,,,火金,,,,,,,,,,,,,水,,,,,,,,,,,,,,,,土,,,,,,,,,,,,,,,,,,,月,
東成区,東今里,3丁目,16番,,,,,,,,,,,,,,,,火金,,,,,,,,,,,,,,,水,,,,,,,,,,,,,,,,土,,,,,,,,,,,,,,,,,,月,,
東成区,東今里,3丁目,17番,,,,,,,,,,,,,,,火金,,,,,,,,,,,,,,,,水,,,,,,,,,,,,,,,,土,,,,,,,,,,,,,,,,,月,,,
東成区,東今里,3丁目,18番,,,,,,,,,,,,,,,火金,,,,,,,,,,,,,,,,水,,,,,,,,,,,,,,,,土,,,,,,,,,,,,,,,,,月,,,
東成区,東今里,3丁目,19番,軽四輪車(小さい車)で収集している地域,,,,,,,火金,,,,,,,,,,,,,,,,,,,,,,,,,水,,,,,,,,,,,,,,,土,,,,,,,,,,,,,,,,,,月,
東成区,東今里,3丁目,19番,上記以外,,,,,,,,,,,,,,火金,,,,,,,,,,,,,,,,水,,,,,,,,,,,,,,,,土,,,,,,,,,,,,,,,,,,,月,
東成区,東今里,3丁目,20番,軽四輪車(小さい車)で収集している地域,,,,,,,火金,,,,,,,,,,,,,,,,,,,,,,,,,水,,,,,,,,,,,,,,,土,,,,,,,,,,,,,,,,,,月,
東成区,東今里,3丁目,20番,上記以外,,,,,,,,,,,,,,,火金,,,,,,,,,,,,,,,水,,,,,,,,,,,,,,,,土,,,,,,,,,,,,,,,,,,,月,
東成区,東今里,3丁目,21番,,,,,,,,,,,,,,,,火金,,,,,,,,,,,,,,,,,水,,,,,,,,,,,,,,,土,,,,,,,,,,,,,,,,,,月,
東成区,東今里,3丁目,22番,,,,,,,,,,,,,,,,火金,,,,,,,,,,,,,,,,,水,,,,,,,,,,,,,,,土,,,,,,,,,,,,,,,,,,月,
東成区,東小橋,1丁目,1番,,,,,,,,,月木,,,,,,,,,,,,,,,,火,,,,,,,,,,,,,,,,金,,,,,,,,,,,,,,,,,,,,,,,,,,
東成区,東小橋,1丁目,2番,,,,,,,,,,月木,,,,,,,,,,,,,,,火,,,,,,,,,,,,,,,,金,,,,,,,,,,,,,,,,,,,,,,,,,,
東成区,東小橋,1丁目,3番,,,,,,,,月木,,,,,,,,,,,,,,,,,火,,,,,,,,,,,,,,,,金,,,,,,,,,,,,,,,,,,,,,,,,,,
東成区,東小橋,1丁目,4番,,,,,,,,月木,,,,,,,,,,,,,,,,,火,,,,,,,,,,,,,,,,金,,,,,,,,,,,,,,,,,,,,,,,,,,
東成区,東小橋,1丁目,5番,,,,,,,,月木,,,,,,,,,,,,,,,,,火,,,,,,,,,,,,,,,,金,,,,,,,,,,,,,,,,,,,,,,,,,,
東成区,東小橋,1丁目,6番,,,,,,,,月木,,,,,,,,,,,,,,,,,火,,,,,,,,,,,,,,,,金,,,,,,,,,,,,,,,,,,,,,,,,,,
東成区,東小橋,1丁目,7番,,,,,,,,月木,,,,,,,,,,,,,,,,,火,,,,,,,,,,,,,,,,金,,,,,,,,,,,,,,,,,,,,,,,,,,
東成区,東小橋,1丁目,8番,,,,,,,,月木,,,,,,,,,,,,,,,,,火,,,,,,,,,,,,,,,,金,,,,,,,,,,,,,,,,,,,,,,,,,,
東成区,東小橋,1丁目,9番,,,,,,,,,,月木,,,,,,,,,,,,,,,火,,,,,,,,,,,,,,,,金,,,,,,,,,,,,,,,,,,,,,,,,,,
東成区,東小橋,1丁目,10番,,,,,,,月木,,,,,,,,,,,,,,,,,,火,,,,,,,,,,,,,,,,金,,,,,,,,,,,,,,,,,,,,,,,,,,
東成区,東小橋,1丁目,11番,,,,,,,月木,,,,,,,,,,,,,,,,,,火,,,,,,,,,,,,,,,,金,,,,,,,,,,,,,,,,,,,,,,,,,,
東成区,東小橋,1丁目,12番,,,,,,,月木,,,,,,,,,,,,,,,,,,火,,,,,,,,,,,,,,,,金,,,,,,,,,,,,,,,,,,,,,,,,,,
東成区,東小橋,1丁目,13番,,,,,,,,月木,,,,,,,,,,,,,,,,,火,,,,,,,,,,,,,,,,金,,,,,,,,,,,,,,,,,,,,,,,,,,
東成区,東小橋,1丁目,14番,,,,,,,月木,,,,,,,,,,,,,,,,,,火,,,,,,,,,,,,,,,,金,,,,,,,,,,,火,,,,,,,,,,,,,,,
東成区,東小橋,1丁目,15番,,,,,,,月木,,,,,,,,,,,,,,,,,,火,,,,,,,,,,,,,,,,金,,,,,,,,,,,,,,,,,,,,,,,,,,
東成区,東小橋,1丁目,16番,,,,,,,月木,,,,,,,,,,,,,,,,,,火,,,,,,,,,,,,,,,,金,,,,,,,,,,,,,,,,,,,,,,,,,,
東成区,東小橋,1丁目,17番,,,,,,,月木,,,,,,,,,,,,,,,,,,火,,,,,,,,,,,,,,,,金,,,,,,,,,,,,,,火,,,,,,,,,,,,
東成区,東小橋,1丁目,18番,,,,,,,月木,,,,,,,,,,,,,,,,,,火,,,,,,,,,,,,,,,,金,,,,,,,,,,,,,,火,,,,,,,,,,,,
東成区,東小橋,1丁目,19番,,,,,,,月木,,,,,,,,,,,,,,,,,,火,,,,,,,,,,,,,,,,金,,,,,,,,,,,,,,火,,,,,,,,,,,,
東成区,東小橋,2丁目,1番,,,,,,,月木,,,,,,,,,,,,,,,,,,火,,,,,,,,,,,,,,,,金,,,,,,,,,,,,,,火,,,,,,,,,,,,
東成区,東小橋,2丁目,2番,,,,,,,月木,,,,,,,,,,,,,,,,,,火,,,,,,,,,,,,,,,,金,,,,,,,,,,,,,,火,,,,,,,,,,,,
東成区,東小橋,2丁目,3番,,,,,,,,月木,,,,,,,,,,,,,,,,,火,,,,,,,,,,,,,,,,金,,,,,,,,,,,,,,火,,,,,,,,,,,,
東成区,東小橋,2丁目,4番,,,,,,,月木,,,,,,,,,,,,,,,,火,,,,,,,,,,,,,,,,金,,,,,,,,,,,,,,,,火,,,,,,,,,,,,
東成区,東小橋,2丁目,5番,,,,,,,月木,,,,,,,,,,,,,,,,火,,,,,,,,,,,,,,,,金,,,,,,,,,,,,,,,,火,,,,,,,,,,,,
東成区,東小橋,2丁目,6番,,,,,,,月木,,,,,,,,,,,,,,,,,,火,,,,,,,,,,,,,,,,金,,,,,,,,,,,,,,火,,,,,,,,,,,,
東成区,東小橋,2丁目,7番,,,,,,,月木,,,,,,,,,,,,,,,,,,火,,,,,,,,,,,,,,,,金,,,,,,,,,,,,,,火,,,,,,,,,,,,
東成区,東小橋,2丁目,8番,,,,,,,月木,,,,,,,,,,,,,,,,,,火,,,,,,,,,,,,,,,,金,,,,,,,,,,,,,,火,,,,,,,,,,,,
東成区,東小橋,2丁目,9番,,,,,,,月木,,,,,,,,,,,,,,,,火,,,,,,,,,,,,,,,,金,,,,,,,,,,,,,,,,火,,,,,,,,,,,,
東成区,東小橋,2丁目,10番,,,,,,,月木,,,,,,,,,,,,,,,,火,,,,,,,,,,,,,,,,金,,,,,,,,,,,,,,,,火,,,,,,,,,,,,
東成区,東小橋,2丁目,11番,,,,,,,月木,,,,,,,,,,,,,,,,火,,,,,,,,,,,,,,,,金,,,,,,,,,,,,,,,,火,,,,,,,,,,,,
東成区,東小橋,3丁目,1番,,,,,,,月木,,,,,,,,,,,,,,,,火,,,,,,,,,,,,,,,,金,,,,,,,,,,,,,,,,,,,火,,,,,,,,,
東成区,東小橋,3丁目,2番,,,,,,,月木,,,,,,,,,,,,,,,,火,,,,,,,,,,,,,,,,金,,,,,,,,,,,,,,,,,,火,,,,,,,,,,
東成区,東小橋,3丁目,3番,,,,,,,月木,,,,,,,,,,,,,,,,火,,,,,,,,,,,,,,,,金,,,,,,,,,,,,,,,,,,,火,,,,,,,,,
東成区,東小橋,3丁目,4番,,,,,,,月木,,,,,,,,,,,,,,,,火,,,,,,,,,,,,,,,,金,,,,,,,,,,,,,,,,,,,火,,,,,,,,,
東成区,東小橋,3丁目,5番,,,,,,,月木,,,,,,,,,,,,,,,,火,,,,,,,,,,,,,,,,金,,,,,,,,,,,,,,,,火,,,,,,,,,,,,
東成区,東小橋,3丁目,6番,,,,,,,月木,,,,,,,,,,,,,,,,火,,,,,,,,,,,,,,,,金,,,,,,,,,,,,,,,,火,,,,,,,,,,,,
東成区,東小橋,3丁目,7番,,,,,,,月木,,,,,,,,,,,,,,,,火,,,,,,,,,,,,,,,,金,,,,,,,,,,,,,,,,火,,,,,,,,,,,,
東成区,東小橋,3丁目,8番,,,,,,,月木,,,,,,,,,,,,,,,,火,,,,,,,,,,,,,,,,金,,,,,,,,,,,,,,,,火,,,,,,,,,,,,
東成区,東小橋,3丁目,9番,,,,,,,月木,,,,,,,,,,,,,,,,火,,,,,,,,,,,,,,,,金,,,,,,,,,,,,,,,,火,,,,,,,,,,,,
東成区,東小橋,3丁目,10番,,,,,,,月木,,,,,,,,,,,,,,,,火,,,,,,,,,,,,,,,,金,,,,,,,,,,,,,,,,火,,,,,,,,,,,,
東成区,東小橋,3丁目,11番,,,,,,,月木,,,,,,,,,,,,,,,,火,,,,,,,,,,,,,,,,金,,,,,,,,,,,,,,,,,,火,,,,,,,,,,
東成区,東小橋,3丁目,12番,,,,,,,月木,,,,,,,,,,,,,,,,火,,,,,,,,,,,,,,,,金,,,,,,,,,,,,,,,,,,火,,,,,,,,,,
東成区,東小橋,3丁目,13番,,,,,,,月木,,,,,,,,,,,,,,,,火,,,,,,,,,,,,,,,,金,,,,,,,,,,,,,,,,,,火,,,,,,,,,,
東成区,東小橋,3丁目,14番,,,,,,,月木,,,,,,,,,,,,,,,,火,,,,,,,,,,,,,,,,金,,,,,,,,,,,,,,,,,,,火,,,,,,,,,
東成区,東小橋,3丁目,15番,,,,,,,月木,,,,,,,,,,,,,,,,火,,,,,,,,,,,,,,,,金,,,,,,,,,,,,,,,,,,,火,,,,,,,,,
東成区,東小橋,3丁目,16番,,,,,,,月木,,,,,,,,,,,,,,,,火,,,,,,,,,,,,,,,,金,,,,,,,,,,,,,,,,,,,火,,,,,,,,,
東成区,東小橋,3丁目,17番,,,,,,,月木,,,,,,,,,,,,,,,,火,,,,,,,,,,,,,,,,金,,,,,,,,,,,,,,,,,,,火,,,,,,,,,
東成区,東小橋,3丁目,18番,,,,,,,月木,,,,,,,,,,,,,,,,火,,,,,,,,,,,,,,,,金,,,,,,,,,,,,,,,,,,,火,,,,,,,,,
東成区,東小橋,3丁目,19番,,,,,,,月木,,,,,,,,,,,,,,,,火,,,,,,,,,,,,,,,,金,,,,,,,,,,,,,,,,,,火,,,,,,,,,,
東成区,東小橋,3丁目,20番,,,,,,,月木,,,,,,,,,,,,,,,,火,,,,,,,,,,,,,,,,金,,,,,,,,,,,,,,,,,,火,,,,,,,,,,
東成区,東中本,1丁目,1番,,,,,,,,,,,,,,,,,,火金,,,,,,,,,,,,,水,,,,,,,,,,,,,,,,土,,,,,,,,月,,,,,,,,,,,,
東成区,東中本,1丁目,2番,,,,,,,,,,,,,,,,,,火金,,,,,,,,,,,,,水,,,,,,,,,,,,,,,,土,,,,,,,,月,,,,,,,,,,,,
東成区,東中本,1丁目,3番,,,,,,,,,,,,,,,,,,火金,,,,,,,,,,,,,水,,,,,,,,,,,,,,,,土,,,,,,,,月,,,,,,,,,,,,
東成区,東中本,1丁目,4番,,,,,,,,,,,,,,,,,,火金,,,,,,,,,,,,,水,,,,,,,,,,,,,,,,土,,,,,,,,月,,,,,,,,,,,,
東成区,東中本,1丁目,5番,,,,,,,,,,,,,,,,,,火金,,,,,,,,,,,,,水,,,,,,,,,,,,,,,,土,,,,,,,,月,,,,,,,,,,,,
東成区,東中本,1丁目,6番,,,,,,,,,,,,,,,,,,火金,,,,,,,,,,,,,水,,,,,,,,,,,,,,,,土,,,,,,,,月,,,,,,,,,,,,
東成区,東中本,1丁目,7番,,,,,,,,,,,,,,,,,,火金,,,,,,,,,,,,,,,水,,,,,,,,,,,,,,,,土,,,,,,月,,,,,,,,,,,,
東成区,東中本,1丁目,8番,,,,,,,,,,,,,,,,,,火金,,,,,,,,,,,,,,,水,,,,,,,,,,,,,,,,土,,,,,,月,,,,,,,,,,,,
東成区,東中本,1丁目,9番,,,,,,,,,,,,,,,,,,火金,,,,,,,,,,,,,,,水,,,,,,,,,,,,,,,,土,,,,,,月,,,,,,,,,,,,
東成区,東中本,1丁目,10番,,,,,,,,,,,,,,,,,,火金,,,,,,,,,,,,,,,水,,,,,,,,,,,,,,,,土,,,,,,月,,,,,,,,,,,,
東成区,東中本,1丁目,11番,,,,,,,,,,,,,,,,,,火金,,,,,,,,,,,,,,,水,,,,,,,,,,,,,,,,土,,,,,,月,,,,,,,,,,,,
東成区,東中本,1丁目,12番,,,,,,,,,,,,,,,,,,火金,,,,,,,,,,,,,水,,,,,,,,,,,,,,,,土,,,,,,,,月,,,,,,,,,,,,
東成区,東中本,1丁目,13番,,,,,,,,,,,,,,,,,,火金,,,,,,,,,,,,,水,,,,,,,,,,,,,,,,土,,,,,,,,,,月,,,,,,,,,,
東成区,東中本,1丁目,14番,,,,,,,,,,,,,,,,,,火金,,,,,,,,,,,,,水,,,,,,,,,,,,,,,,土,,,,,,,,,,月,,,,,,,,,,
東成区,東中本,1丁目,15番,,,,,,,,,,,,,,,,,,火金,,,,,,,,,,,,,水,,,,,,,,,,,,,,,,土,,,,,,,,月,,,,,,,,,,,,
東成区,東中本,1丁目,16番,,,,,,,,,,,,,,,,,,火金,,,,,,,,,,,,,水,,,,,,,,,,,,,,,,土,,,,,,,,月,,,,,,,,,,,,
東成区,東中本,1丁目,17番,,,,,,,,,,,,,,,,,,火金,,,,,,,,,,,,,水,,,,,,,,,,,,,,,,土,,,,,,,,月,,,,,,,,,,,,
東成区,東中本,2丁目,1番,,,,,,,,,,,,,,,,,,,火金,,,,,,,,,,,,,,水,,,,,,,,,,,,,,,,土,,,,,,,,月,,,,,,,,,,
東成区,東中本,2丁目,2番,,,,,,,,,,,,,,,,,,,火金,,,,,,,,,,,,,,水,,,,,,,,,,,,,,,,土,,,,,,月,,,,,,,,,,,,
東成区,東中本,2丁目,3番,,,,,,,,,,,,,,,,火金,,,,,,,,,,,,,,,,,水,,,,,,,,,,,,,,,,土,,,,,,月,,,,,,,,,,,,
東成区,東中本,2丁目,4番,,,,,,,,,,,,,,,,,火金,,,,,,,,,,,,,,,,水,,,,,,,,,,,,,,,,土,,,,,,月,,,,,,,,,,,,
東成区,東中本,2丁目,5番,,,,,,,,,,,,,,,,,火金,,,,,,,,,,,,,,,,水,,,,,,,,,,,,,,,,土,,,,,,月,,,,,,,,,,,,
東成区,東中本,2丁目,6番,,,,,,,,,,,,,,,火金,,,,,,,,,,,,,,,,,,水,,,,,,,,,,,,,,,,土,,,,,,月,,,,,,,,,,,,
東成区,東中本,2丁目,7番,,,,,,,,,,,,,,,火金,,,,,,,,,,,,,,,,,,水,,,,,,,,,,,,,,,,土,,,,,,月,,,,,,,,,,,,
東成区,東中本,2丁目,8番,,,,,,,,,,,,,,,,火金,,,,,,,,,,,,,,,,,水,,,,,,,,,,,,,,,,土,,,,,,月,,,,,,,,,,,,
東成区,東中本,2丁目,9番,,,,,,,,,,,,,,,火金,,,,,,,,,,,,,,,,,,水,,,,,,,,,,,,,,,,土,,,,,,月,,,,,,,,,,,,
東成区,東中本,2丁目,10番,,,,,,,,,,,,,,,,,,,火金,,,,,,,,,,,,,,水,,,,,,,,,,,,,,,,土,,,,,,月,,,,,,,,,,,,
東成区,東中本,2丁目,11番,,,,,,,,,,,,,,,,,,,火金,,,,,,,,,,,,,,水,,,,,,,,,,,,,,,,土,,,,,,月,,,,,,,,,,,,
東成区,東中本,2丁目,12番,,,,,,,,,,,,,,,火金,,,,,,,,,,,,,,,,,,水,,,,,,,,,,,,,,,,土,,,,,,月,,,,,,,,,,,,
東成区,東中本,2丁目,13番,,,,,,,,,,,,,,,,,,,火金,,,,,,,,,,,,,,水,,,,,,,,,,,,,,,,土,,,,,,月,,,,,,,,,,,,
東成区,東中本,2丁目,14番,,,,,,,,,,,,,,,火金,,,,,,,,,,,,,,,,,,水,,,,,,,,,,,,,,,,土,,,,,,月,,,,,,,,,,,,
東成区,東中本,2丁目,15番,,,,,,,,,,,,,,,火金,,,,,,,,,,,,,,,,,,水,,,,,,,,,,,,,,,,土,,,,,,月,,,,,,,,,,,,
東成区,東中本,2丁目,16番,,,,,,,,,,,,,,,火金,,,,,,,,,,,,,,,,,,水,,,,,,,,,,,,,,,,土,,,,,,月,,,,,,,,,,,,
東成区,東中本,2丁目,17番,シャトレ緑橋,,,,,,,,,,,,,,火金,,,,,,,,,,,,,,,,,,水,,,,,,,,,,,,,,,,土,,,,,,土,,,,,,,,,,,,
東成区,東中本,2丁目,17番,上記以外,,,,,,,,,,,,,,火金,,,,,,,,,,,,,,,,,,水,,,,,,,,,,,,,,,,土,,,,,,,,,,月,,,,,,,,
東成区,東中本,3丁目,1番,,,,,,,,,,,,,,,,火金,,,,,,,,,水,,,,,,,,,,,,,,,,土,,,,,,,,,,,,,,,,,,月,,,,,,,,
東成区,東中本,3丁目,2番,,,,,,,,,,,,,,,火金,,,,,,,,,,,,,,,,水,,,,,,,,,,,,,,,,土,,,,,,,,,,,,月,,,,,,,,
東成区,東中本,3丁目,3番,,,,,,,,,,,,,,,火金,,,,,,,,,,,,,,,,水,,,,,,,,,,,,,,,,土,,,,,,,,,,,,月,,,,,,,,
東成区,東中本,3丁目,4番,軽四輪車(小さい車)で収集している地域,,,,,,,,,,,,,,,,,火金,,,,,,,,,,,,,水,,,,,,,,,,,,,,,,土,,,,,,,,,,,,,,,,,,,月,
東成区,東中本,3丁目,4番,上記以外,,,,,,,,,,,,,,,火金,,,,,,,,,,,,,,,水,,,,,,,,,,,,,,,,土,,,,,,,,,,,,月,,,,,,,,
東成区,東中本,3丁目,5番,,,,,,,,,,,,,,,,火金,,,,,,,,,,,,,,,水,,,,,,,,,,,,,,,,土,,,,,,,,,,,,,月,,,,,,,
東成区,東中本,3丁目,6番,,,,,,,,,,,,,,,,火金,,,,,,,,,,,,,,,水,,,,,,,,,,,,,,,,土,,,,,,,,,,,,月,,,,,,,,
東成区,東中本,3丁目,7番,22号メゾンソレイル･25号,,,,,,,,,,,,,,火金,,,,,,,,,,水,,,,,,,,,,,,,,,,土,,,,,,,,,,,,,,,,,,月,,,,,,,,
東成区,東中本,3丁目,7番,上記以外,,,,,,,,,,,,,,,火金,,,,,,,,,,,,,,,水,,,,,,,,,,,,,,,,土,,,,,,,,,,,,月,,,,,,,,
東成区,東中本,3丁目,8番,,,,,,,,,,,,,,,,火金,,,,,,,,,,,,,,,水,,,,,,,,,,,,,,,,土,,,,,,,,,,,,月,,,,,,,,
東成区,東中本,3丁目,9番,,,,,,,,,,,,,,,,火金,,,,,,,,,,,,,,,水,,,,,,,,,,,,,,,,土,,,,,,,,,,,,月,,,,,,,,
東成区,東中本,3丁目,10番,,,,,,,,,,,,,,,,火金,,,,,,,,,,,,,,,水,,,,,,,,,,,,,,,,土,,,,,,,,,,,,月,,,,,,,,
東成区,東中本,3丁目,11番,,,,,,,,,,,,,,,,火金,,,,,,,,,,,,,,,水,,,,,,,,,,,,,,,,土,,,,,,,,,,,月,,,,,,,,,
東成区,東中本,3丁目,12番,,,,,,,,,,,,,,,,,,火金,,,,,,,,,,,,,水,,,,,,,,,,,,,,,,土,,,,,,,,,,,,,,,,,月,,,
東成区,東中本,3丁目,13番,,,,,,,,,,,,,,,火金,,,,,,,,,,水,,,,,,,,,,,,,,,,土,,,,,,,,,,,,,,,,,,,,,,,月,,,
東成区,東中本,3丁目,14番,,,,,,,,,,,,,,,火金,,,,,,,,,,水,,,,,,,,,,,,,,,,土,,,,,,,,,,,,,,,,,,,,,,月,,,,
東成区,東中本,3丁目,15番,,,,,,,,,,,,,,,火金,,,,,,,,,,水,,,,,,,,,,,,,,,,土,,,,,,,,,,,,,,,,,,,,,,月,,,,
東成区,東中本,3丁目,16番,サニーハイツ緑橋,,,,,,,,,,,,,,火金,,,,,,,,,,水,,,,,,,,,,,,,,,,土,,,,,,,,,,,,,,土,,,,,,,,,,,,
東成区,東中本,3丁目,16番,上記以外,,,,,,,,,,,,,,火金,,,,,,,,,,水,,,,,,,,,,,,,,,,土,,,,,,,,,,,,,,,,,,,,,,,月,,,
東成区,東中本,3丁目,17番,,,,,,,,,,,,,,,,火金,,,,,,,,,水,,,,,,,,,,,,,,,,土,,,,,,,,,,,,,,,,,,,,,,,月,,,
東成区,東中本,3丁目,18番,,,,,,,,,,,,,,,火金,,,,,,,,,,水,,,,,,,,,,,,,,,,土,,,,,,,,,,,,,,,,,,,,,,月,,,,
東成区,東中本,3丁目,19番,,,,,,,,,,,,,,,火金,,,,,,,,,,水,,,,,,,,,,,,,,,,土,,,,,,,,,,,,,,,,,,,,,,月,,,,
東成区,東中本,3丁目,20番,,,,,,,,,,,,,,,,火金,,,,,,,,,水,,,,,,,,,,,,,,,,土,,,,,,,,,,,,,,,,,,,,,,,月,,,
東成区,東中本,3丁目,21番,,,,,,,,,,,,,,,,火金,,,,,,,,,水,,,,,,,,,,,,,,,,土,,,,,,,,,,,,,,,,,,,,,,,月,,,
東成区,東中本,3丁目,22番,,,,,,,,,,,,,,,火金,,,,,,,,,,水,,,,,,,,,,,,,,,,土,,,,,,,,,,,,,,,,,,,,,,月,,,,
東成区,深江北,1丁目,1番,,,,,,,,,,火金,,,,,,,,,,,,,,,,,,,,,,,月,,,,,,,,,,,,,,,,木,,,,,,,,,,,,,,,月,,,
東成区,深江北,1丁目,2番,シティライフ深江橋駅前アンネフェ,,,,,,,火金,,,,,,,,,,,,,,,,,,,,,,,,,月,,,,,,,,,,,,,,,,木,,,,,,,,,,,,,,,月,,,
東成区,深江北,1丁目,2番,上記以外,,,,,,,火金,,,,,,,,,,,,,,,,,,,,,,,,,月,,,,,,,,,,,,,,,,木,,,,,,,,,,,,,,,,月,,
東成区,深江北,1丁目,3番,,,,,,,,火金,,,,,,,,,,,,,,,,,,,,,,,,,月,,,,,,,,,,,,,,,,木,,,,,,,,,,,,,,,,月,,
東成区,深江北,1丁目,4番,,,,,,,,,火金,,,,,,,,,,,,,,,,,,,,,,,,月,,,,,,,,,,,,,,,,木,,,,,,,,,,,,,,,,月,,
東成区,深江北,1丁目,5番,,,,,,,,,火金,,,,,,,,,,,,,,,,,,,,,,,,月,,,,,,,,,,,,,,,,木,,,,,,,,,,,,,,,,月,,
東成区,深江北,1丁目,6番,,,,,,,,,火金,,,,,,,,,,,,,,,,,,,,,,,,月,,,,,,,,,,,,,,,,木,,,,,,,,,,,,,,,,月,,
東成区,深江北,1丁目,7番,コープ野村深江橋,,,,,,,火金,,,,,,,,,,,,,,,,,月,,,,,,,,,,,,,,,,木,,,,,,,,,,,,,,,,,,,,,,月,,,,
東成区,深江北,1丁目,7番,上記以外,,,,,,,火金,,,,,,,,,,,,,,,,,,,,,,,,,月,,,,,,,,,,,,,,,,木,,,,,,,,,,,,,,,月,,,
東成区,深江北,1丁目,8番,ベルル深江橋,,,,,,火金,,,,,,,,,,,,,,,,,,月,,,,,,,,,,,,,,,,木,,,,,,,,,,,,,,,,,,,,,,,月,,,
東成区,深江北,1丁目,8番,上記以外,,,,,,,火金,,,,,,,,,,,,,,,,,,,,,,,,,月,,,,,,,,,,,,,,,,木,,,,,,,,,,,,,,,,月,,
東成区,深江北,1丁目,9番,サンベール深江橋,,,,,,,,,,,,,,,,火金,,,,,,,,,,,,,,,,月,,,,,,,,,,,,,,,,木,,,,,,,,,,,,,,月,,,,
東成区,深江北,1丁目,9番,上記以外,,,,,,,,,,,,,,,,,火金,,,,,,,,,,,,,,,月,,,,,,,,,,,,,,,,木,,,,,,,,,,,,,,,,月,,
東成区,深江北,1丁目,10番,3･4･6･29~32号,,,,,,,,火金,,,,,,,,,,,,,,,,月,,,,,,,,,,,,,,,,木,,,,,,,,,,,,,,,,,,,,,,,,月,,
東成区,深江北,1丁目,10番,上記以外,,,,,,,,,,,,,,,,,火金,,,,,,,月,,,,,,,,,,,,,,,,木,,,,,,,,,,,,,,,,,,,,,,,,月,,
東成区,深江北,1丁目,11番,軽四輪車(小さい車)で収集している地域,,,,,,,火金,,,,,,,,,,,,,,,,,月,,,,,,,,,,,,,,,,木,,,,,,,,,,,,,,,,,,月,,,,,,,,
東成区,深江北,1丁目,11番,上記以外,,,,,,,,,,,,,,,,,火金,,,,,,,月,,,,,,,,,,,,,,,,木,,,,,,,,,,,,,,,,,,,,,,,,月,,
東成区,深江北,1丁目,12番,,,,,,,,火金,,,,,,,,,,,,,,,,,月,,,,,,,,,,,,,,,,木,,,,,,,,,,,,,,,,,,,,,,,,月,,
東成区,深江北,1丁目,14番,アイランドテラス深江橋,,,,,,,火金,,,,,,,,,,,,,,,,,月,,,,,,,,,,,,,,,,木,,,,,,,,,,,,,,,,,,,,,,月,,,,
東成区,深江北,1丁目,14番,上記以外,,,,,,,火金,,,,,,,,,,,,,,,,,月,,,,,,,,,,,,,,,,木,,,,,,,,,,,,,,,,,,,,,,,月,,,
東成区,深江北,1丁目,15番,,,,,,,,火金,,,,,,,,,,,,,,,,,月,,,,,,,,,,,,,,,,木,,,,,,,,,,,,,,,,,,,,,,,月,,,
東成区,深江北,1丁目,16番,,,,,,,,火金,,,,,,,,,,,,,,,,,月,,,,,,,,,,,,,,,,木,,,,,,,,,,,,,,,,,,,,,,月,,,,
東成区,深江北,1丁目,17番,,,,,,,,火金,,,,,,,,,,,,,,,,,月,,,,,,,,,,,,,,,,木,,,,,,,,,,,,,,,,,,,,,,,,,月,
東成区,深江北,2丁目,1番,,,,,,,,火金,,,,,,,,,,,,,,,,,,,,,,,,,月,,,,,,,,,,,,,,,,木,,,,,,,,,,,,,,,,月,,
東成区,深江北,2丁目,2番,,,,,,,,,,火金,,,,,,,,,,,,,,,,,,,,,,,月,,,,,,,,,,,,,,,,木,,,,,,,,,,,,,,,,,,月
東成区,深江北,2丁目,3番,,,,,,,,,,火金,,,,,,,,,,,,,,,,,,,,,,,月,,,,,,,,,,,,,,,,木,,,,,,,,,,,,,,月,,,,
東成区,深江北,2丁目,4番,,,,,,,,火金,,,,,,,,,,,,,,,,,,,,,,,,,月,,,,,,,,,,,,,,,,木,,,,,,,,,,,,,,,,,月,
東成区,深江北,2丁目,5番,,,,,,,,,火金,,,,,,,,,,,,,,,,,,,,,,,,月,,,,,,,,,,,,,,,,木,,,,,,,,,,,,,,,,,,月
東成区,深江北,2丁目,6番,,,,,,,,,火金,,,,,,,,,,,,,,,,,,,,,,,,月,,,,,,,,,,,,,,,,木,,,,,,,,,,,,,,,,,,月
東成区,深江北,2丁目,7番,,,,,,,,,火金,,,,,,,,,,,,,,,,,,,,,,,,月,,,,,,,,,,,,,,,,木,,,,,,,,,,,,,,,,,,月
東成区,深江北,2丁目,8番,,,,,,,,,火金,,,,,,,,,,,,,,,,,,,,,,,,月,,,,,,,,,,,,,,,,木,,,,,,,,,,,,,,,,月,,
東成区,深江北,2丁目,9番,フォレストグレイス深江橋Ⅱ,,,,,,,火金,,,,,,,,,,,,,,,,,,,,,,,,,月,,,,,,,,,,,,,,,,木,,,,,,,,,,,,,,月,,,,
東成区,深江北,2丁目,9番,上記以外,,,,,,,,火金,,,,,,,,,,,,,,,,,,,,,,,,月,,,,,,,,,,,,,,,,木,,,,,,,,,,,,,,,,月,,
東成区,深江北,2丁目,10番,,,,,,,,,火金,,,,,,,,,,,,,,,,,,,,,,,,月,,,,,,,,,,,,,,,,木,,,,,,,,,,,,,,,,,,月
東成区,深江北,2丁目,11番,,,,,,,,,火金,,,,,,,,,,,,,,,,,,,,,,,,月,,,,,,,,,,,,,,,,木,,,,,,,,,,,,,,月,,,,
東成区,深江北,2丁目,12番,,,,,,,,,火金,,,,,,,,,,,,,,,,,,,,,,,,月,,,,,,,,,,,,,,,,木,,,,,,,,,,,,,,,,,,月
東成区,深江北,2丁目,13番,,,,,,,,,,火金,,,,,,,,,,,,,,,,,,,,,,,月,,,,,,,,,,,,,,,,木,,,,,,,,,,,,,,月,,,,
東成区,深江北,2丁目,14番,,,,,,,,,火金,,,,,,,,,,,,,,,,,,,,,,,,月,,,,,,,,,,,,,,,,木,,,,,,,,,,,,,,月,,,,
東成区,深江北,2丁目,15番,,,,,,,,,火金,,,,,,,,,,,,,,,,,,,,,,,,月,,,,,,,,,,,,,,,,木,,,,,,,,,,,,,,,,,,月
東成区,深江北,2丁目,16番,,,,,,,,,,火金,,,,,,,,,,,,,,,,,,,,,,,月,,,,,,,,,,,,,,,,木,,,,,,,,,,月,,,,,,,,
東成区,深江北,2丁目,17番,,,,,,,,,,火金,,,,,,,,,,,,,,,,,,,,,,,月,,,,,,,,,,,,,,,,木,,,,,,,,,月,,,,,,,,,
東成区,深江北,3丁目,1番,,,,,,,,,,火金,,,,,,,,,,,,,,,,,,,,,,,月,,,,,,,,,,,,,,,,木,,,,,,,,,,,,,,,,,,月
東成区,深江北,3丁目,2番,,,,,,,,,火金,,,,,,,,,,,,,,,,,,,,,,,,月,,,,,,,,,,,,,,,,木,,,,,,,,,,,,,,,,,,月
東成区,深江北,3丁目,3番,,,,,,,,,火金,,,,,,,,,,,,,,,,,,,,,,,,月,,,,,,,,,,,,,,,,木,,,,,,,,,,,,,,,,,,月
東成区,深江北,3丁目,4番,,,,,,,,,火金,,,,,,,,,,,,,,,,,,,,,,,,月,,,,,,,,,,,,,,,,木,,,,,,,,,,,,,,,,,,月
東成区,深江北,3丁目,5番,,,,,,,,,火金,,,,,,,,,,,,,,,,,,,,,,,,月,,,,,,,,,,,,,,,,木,,,,,,,,,,,,,,,,,,月
東成区,深江北,3丁目,6番,,,,,,,,,火金,,,,,,,,,,,,,,,,,,,,,,,,月,,,,,,,,,,,,,,,,木,,,,,,,,,,,,,,,,,,月
東成区,深江北,3丁目,7番,,,,,,,,,火金,,,,,,,,,,,,,,,,,,,,,,,,月,,,,,,,,,,,,,,,,木,,,,,,,,,,,,,,月,,,,
東成区,深江北,3丁目,8番,,,,,,,,,火金,,,,,,,,,,,,,,,,,,,,,,,,月,,,,,,,,,,,,,,,,木,,,,,,,,,,,,,,,,,,月
東成区,深江北,3丁目,9番,,,,,,,,,火金,,,,,,,,,,,,,,,,,,,,,,,,月,,,,,,,,,,,,,,,,木,,,,,,,,,,,,,,月,,,,
東成区,深江北,3丁目,10番,,,,,,,,,火金,,,,,,,,,,,,,,,,,,,,,,,,月,,,,,,,,,,,,,,,,木,,,,,,,,,,,,,,月,,,,
東成区,深江北,3丁目,11番,,,,,,,,,火金,,,,,,,,,,,,,,,,,,,,,,,,月,,,,,,,,,,,,,,,,木,,,,,,,,,,,,,,,,,,月
東成区,深江北,3丁目,12番,,,,,,,,,火金,,,,,,,,,,,,,,,,,,,,,,,,月,,,,,,,,,,,,,,,,木,,,,,,,,,,,,,,,,,,月
東成区,深江北,3丁目,13番,,,,,,,,,火金,,,,,,,,,,,,,,,,,,,,,,,,月,,,,,,,,,,,,,,,,木,,,,,,,,,,,,,,月,,,,
東成区,深江北,3丁目,14番,,,,,,,,,火金,,,,,,,,,,,,,,,,,,,,,,,,月,,,,,,,,,,,,,,,,木,,,,,,,,,,,,,,月,,,,
東成区,深江北,3丁目,15番,,,,,,,,,火金,,,,,,,,,,,,,,,,,,,,,,,,月,,,,,,,,,,,,,,,,木,,,,,,,,,,,,,,月,,,,
東成区,深江北,3丁目,16番,,,,,,,,,火金,,,,,,,,,,,,,,,,,,,,,,,,月,,,,,,,,,,,,,,,,木,,,,,,,,,,,,,,月,,,,
東成区,深江北,3丁目,17番,,,,,,,,,火金,,,,,,,,,,,,,,,,,,,,,,,,月,,,,,,,,,,,,,,,,木,,,,,,,,,,,,,,月,,,,
東成区,深江北,3丁目,18番,,,,,,,,,火金,,,,,,,,,,,,,,,,,,,,,,,,月,,,,,,,,,,,,,,,,木,,,,,,,,,,,,,,月,,,,
東成区,深江北,3丁目,19番,,,,,,,,,,火金,,,,,,,,,,,,,,,,,,,,,,,月,,,,,,,,,,,,,,,,木,,,,,,,,,,,,,,月,,,,
東成区,深江北,3丁目,20番,,,,,,,,,火金,,,,,,,,,,,,,,,,,,,,,,,,月,,,,,,,,,,,,,,,,木,,,,,,,,,,,,,,月,,,,
東成区,深江北,3丁目,21番,,,,,,,,,火金,,,,,,,,,,,,,,,,,,,,,,,,月,,,,,,,,,,,,,,,,木,,,,,,,,,,,,,,月,,,,
東成区,深江北,3丁目,22番,,,,,,,,,火金,,,,,,,,,,,,,,,,,,,,,,,,月,,,,,,,,,,,,,,,,木,,,,,,,,,月,,,,,,,,,
東成区,深江北,3丁目,23番,,,,,,,,,火金,,,,,,,,,,,,,,,,,,,,,,,,月,,,,,,,,,,,,,,,,木,,,,,,,,,月,,,,,,,,,
東成区,深江北,3丁目,24番,,,,,,,,,火金,,,,,,,,,,,,,,,,,,,,,,,,月,,,,,,,,,,,,,,,,木,,,,,,,,,月,,,,,,,,,
東成区,深江南,1丁目,1番,深江橋アーバンコンフォート,,,,,,,,,,,,,,,,,火金,,,,,,,月,,,,,,,,,,,,,,,,木,,,,,,,,,,,,,,,,,,,,,,,,,,
東成区,深江南,1丁目,1番,上記以外,,,,,,,火金,,,,,,,,,,,,,,,,,月,,,,,,,,,,,,,,,,木,,,,,,,,,,,,,,,,,,,,,,,,,木,
東成区,深江南,1丁目,2番,,,,,,,,火金,,,,,,,,,,,,,,,,,月,,,,,,,,,,,,,,,,木,,,,,,,,,,,,,,,,,,,,,,,,,木,
東成区,深江南,1丁目,3番,,,,,,,,,火金,,,,,,,,,,,,,,,,月,,,,,,,,,,,,,,,,木,,,,,,,,,,,,,,,,,,,,,,,,,木,
東成区,深江南,1丁目,4番,,,,,,,,,,火金,,,,,,,,,,,,,,,月,,,,,,,,,,,,,,,,木,,,,,,,,,,,,,,木,,,,,,,,,,,,
東成区,深江南,1丁目,5番,,,,,,,,火金,,,,,,,,,,,,,,,,,月,,,,,,,,,,,,,,,,木,,,,,,,,,,,,,,木,,,,,,,,,,,,
東成区,深江南,1丁目,6番,,,,,,,,,,,,,,,火金,,,,,,,,,,月,,,,,,,,,,,,,,,,木,,,,,,,,,,,,,,木,,,,,,,,,,,,
東成区,深江南,1丁目,7番,,,,,,,,火金,,,,,,,,,,,,,,,,,月,,,,,,,,,,,,,,,,木,,,,,,,,,,,,,,木,,,,,,,,,,,,
東成区,深江南,1丁目,8番,,,,,,,,,,,,,,,火金,,,,,,,,,,月,,,,,,,,,,,,,,,,木,,,,,,,,,,,,,,,,木,,,,,,,,,,
東成区,深江南,1丁目,9番,,,,,,,,火金,,,,,,,,,,,,,,,月,,,,,,,,,,,,,,,,木,,,,,,,,,,,,,,,,木,,,,,,,,,,,,
東成区,深江南,1丁目,10番,,,,,,,火金,,,,,,,,,,,,,,,,月,,,,,,,,,,,,,,,,木,,,,,,,,,,,,,,,,木,,,,,,,,,,,,
東成区,深江南,1丁目,11番,,,,,,,,火金,,,,,,,,,,,,,,,月,,,,,,,,,,,,,,,,木,,,,,,,,,,,,,,,,木,,,,,,,,,,,,
東成区,深江南,1丁目,12番,1～3号,,,,,,,,,,,,,,,火金,,,,,,,月,,,,,,,,,,,,,,,,木,,,,,,,,,,,,,,,,木,,,,,,,,,,,,
東成区,深江南,1丁目,12番,9~12号,,,,,,火金,,,,,,,,,,,,,,,,月,,,,,,,,,,,,,,,,木,,,,,,,,,,,,,,,,,,木,,,,,,,,,,
東成区,深江南,1丁目,12番,上記以外,,,,,,,,,,,,,,,火金,,,,,,,月,,,,,,,,,,,,,,,,木,,,,,,,,,,,,,,,,,,木,,,,,,,,,,
東成区,深江南,1丁目,13番,1~4号,,,,,,火金,,,,,,,,,,,,,,,,月,,,,,,,,,,,,,,,,木,,,,,,,,,,,,,,,,木,,,,,,,,,,,,
東成区,深江南,1丁目,13番,上記以外,,,,,,,,,,,,,,火金,,,,,,,,月,,,,,,,,,,,,,,,,木,,,,,,,,,,,,,,,,木,,,,,,,,,,,,
東成区,深江南,1丁目,14番,3~8号,,,,,,火金,,,,,,,,,,,,,,,,月,,,,,,,,,,,,,,,,木,,,,,,,,,,,,,,,,木,,,,,,,,,,,,
東成区,深江南,1丁目,14番,上記以外,,,,,,,,,,,,,,火金,,,,,,,,月,,,,,,,,,,,,,,,,木,,,,,,,,,,,,,,,,,,,,木,,,,,,,,
東成区,深江南,1丁目,15番,新深江ビューハイツ,,,,,,,火金,,,,,,,,,,,,,,,月,,,,,,,,,,,,,,,,木,,,,,,,,,,,,,,,,,,,,,,,,,,,,木
東成区,深江南,1丁目,15番,セイワパレス新深江,,,,,,,火金,,,,,,,,,,,,,,,月,,,,,,,,,,,,,,,,木,,,,,,,,,,,,,,,,,,,,,,,,,,,木,
東成区,深江南,1丁目,15番,ルモン新深江,,,,,,,火金,,,,,,,,,,,,,,,月,,,,,,,,,,,,,,,,木,,,,,,,,,,,,,,,,,,,,,,,,,,,,
東成区,深江南,1丁目,15番,上記以外,,,,,,,,,,,,,,火金,,,,,,,,月,,,,,,,,,,,,,,,,木,,,,,,,,,,,,,,,,,,,,,,,,,,,,木
東成区,深江南,1丁目,16番,コート新深江,,,,,,火金,,,,,,,,,,,,,,,,月,,,,,,,,,,,,,,,,木,,,,,,,,,,,,,,,,,,,,,,,,,,,,
東成区,深江南,1丁目,16番,上記以外,,,,,,火金,,,,,,,,,,,,,,,,月,,,,,,,,,,,,,,,,木,,,,,,,,,,,,,,,,,,木,,,,,,,,,,
東成区,深江南,1丁目,17番,6･12･13号,,,,,,火金,,,,,,,,,,,,,,,,月,,,,,,,,,,,,,,,,木,,,,,,,,,,,,,,,,,,,,,,,,,,,,木
東成区,深江南,1丁目,17番,上記以外,,,,,,,,,,,,,,火金,,,,,,,,月,,,,,,,,,,,,,,,,木,,,,,,,,,,,,,,,,,,,,,,,,,,,,木
東成区,深江南,2丁目,1番,,,,,,,,,水土,,,,,,,,,,,,,,,,,,,,,,,,月,,,,,,,,,,,,,,,,木,,,,,,,,,,,,,,月,,,,
東成区,深江南,2丁目,2番,,,,,,,,,水土,,,,,,,,,,,,,,,,,,,,,,,,月,,,,,,,,,,,,,,,,木,,,,,,,,,月,,,,,,,,,
東成区,深江南,2丁目,3番,,,,,,,,,水土,,,,,,,,,,,,,,,,,,,,,,,,月,,,,,,,,,,,,,,,,木,,,,,,,,,月,,,,,,,,,
東成区,深江南,2丁目,4番,,,,,,,,,水土,,,,,,,,,,,,,,,,月,,,,,,,,,,,,,,,,木,,,,,,,,,,,,,,,,,,,,,,月,,,,
東成区,深江南,2丁目,5番,,,,,,,,,水土,,,,,,,,,,,,,,,,月,,,,,,,,,,,,,,,,木,,,,,,,,,,,,,,,,,,,,,,月,,,,
東成区,深江南,2丁目,6番,,,,,,,,,水土,,,,,,,,,,,,,,,,月,,,,,,,,,,,,,,,,木,,,,,,,,,,,,,,,,,,,,,,月,,,,
東成区,深江南,2丁目,7番,,,,,,,,水土,,,,,,,,,,,,,,,,,月,,,,,,,,,,,,,,,,木,,,,,,,,,,,,,,,,,,,,,,月,,,,
東成区,深江南,2丁目,8番,,,,,,,,,水土,,,,,,,,,,,,,,,,月,,,,,,,,,,,,,,,,木,,,,,,,,,,,,,,月,,,,,,,,,,,,
東成区,深江南,2丁目,9番,,,,,,,,水土,,,,,,,,,,,,,,,,,月,,,,,,,,,,,,,,,,木,,,,,,,,,,,,,,,,,,,,,,月,,,,
東成区,深江南,2丁目,10番,,,,,,,,水土,,,,,,,,,,,,,,,,,月,,,,,,,,,,,,,,,,木,,,,,,,,,,,,,,,,,,,,,,月,,,,
東成区,深江南,2丁目,11番,,,,,,,,水土,,,,,,,,,,,,,,,,,月,,,,,,,,,,,,,,,,木,,,,,,,,,,,,,,,,,,,,,,月,,,,
東成区,深江南,2丁目,12番,,,,,,,,水土,,,,,,,,,,,,,,,,,月,,,,,,,,,,,,,,,,木,,,,,,,,,,,,,,,,,,,,,,月,,,,
東成区,深江南,2丁目,13番,,,,,,,水土,,,,,,,,,,,,,,,,,,月,,,,,,,,,,,,,,,,木,,,,,,,,,,,,,,,,,,,,,,月,,,,
東成区,深江南,2丁目,14番,,,,,,,水土,,,,,,,,,,,,,,,,,,月,,,,,,,,,,,,,,,,木,,,,,,,,,,,,,,,,,,,,,,月,,,,
東成区,深江南,2丁目,15番,,,,,,,,,,水土,,,,,,,,,,,,,月,,,,,,,,,,,,,,,,木,,,,,,,,,,,,,,,,,,,,,,,,月,,,,
東成区,深江南,2丁目,16番,,,,,,,,,水土,,,,,,,,,,,,,,月,,,,,,,,,,,,,,,,木,,,,,,,,,,,,,,,,,,,,,,,,月,,,,
東成区,深江南,2丁目,17番,10･11･12号,,,,,,水土,,,,,,,,,,,,,,,,月,,,,,,,,,,,,,,,,木,,,,,,,,,,,,,,,,,,,,,,,,月,,,,
東成区,深江南,2丁目,17番,上記以外,,,,,,水土,,,,,,,,,,,,,,,,,,月,,,,,,,,,,,,,,,,木,,,,,,,,,,,,,,,,,,,,,,月,,,,
東成区,深江南,2丁目,18番,,,,,,,水土,,,,,,,,,,,,,,,,,,月,,,,,,,,,,,,,,,,木,,,,,,,,,,,,,,,,,,,,,,月,,,,
東成区,深江南,2丁目,19番,10･11号,,,,,,水土,,,,,,,,,,,,,,,,月,,,,,,,,,,,,,,,,木,,,,,,,,,,,,,,,,,,,,,,,,月,,,,
東成区,深江南,2丁目,19番,上記以外,,,,,,水土,,,,,,,,,,,,,,,,,,月,,,,,,,,,,,,,,,,木,,,,,,,,,,,,,,,,,,,,,,月,,,,
東成区,深江南,2丁目,20番,,,,,,,,,,水土,,,,,,,,,,,,,月,,,,,,,,,,,,,,,,木,,,,,,,,,,,,,,,,,,,,,,,,月,,,,
東成区,深江南,3丁目,1番,,,,,,,,,水土,,,,,,,,,,,,,,,,,,,,,,,,月,,,,,,,,,,,,,,,,木,,,,,,,,,,,,,,,,,,月
東成区,深江南,3丁目,2番,,,,,,,,,水土,,,,,,,,,,,,,,,,,,,,,,,,月,,,,,,,,,,,,,,,,木,,,,,,,,,,,,,,,,,,月
東成区,深江南,3丁目,3番,,,,,,,,,水土,,,,,,,,,,,,,,,,,,,,,,,,月,,,,,,,,,,,,,,,,木,,,,,,,,,,,,,,,,,,月
東成区,深江南,3丁目,4番,,,,,,,,,水土,,,,,,,,,,,,,,,,,,,,,,,,月,,,,,,,,,,,,,,,,木,,,,,,,,,,,,,,,,,,月
東成区,深江南,3丁目,5番,,,,,,,,,水土,,,,,,,,,,,,,,,,月,,,,,,,,,,,,,,,,木,,,,,,,,,,,,,,,,,,,,,,,,,,月
東成区,深江南,3丁目,6番,,,,,,,,,水土,,,,,,,,,,,,,,,,月,,,,,,,,,,,,,,,,木,,,,,,,,,,,,,,,,月,,,,,,,,,,
東成区,深江南,3丁目,7番,,,,,,,,,水土,,,,,,,,,,,,,,月,,,,,,,,,,,,,,,,木,,,,,,,,,,,,,,,,,,月,,,,,,,,,,
東成区,深江南,3丁目,8番,,,,,,,水土,,,,,,,,,,,,,,,,月,,,,,,,,,,,,,,,,木,,,,,,,,,,,,,,,,,,月,,,,,,,,,,
東成区,深江南,3丁目,9番,,,,,,,,,水土,,,,,,,,,,,,,,,,月,,,,,,,,,,,,,,,,木,,,,,,,,,,,,,,,,,,,,,,,,,,月
東成区,深江南,3丁目,10番,,,,,,,,,水土,,,,,,,,,,,,,,,,月,,,,,,,,,,,,,,,,木,,,,,,,,,,,,,,,,,,,,,,,,,,月
東成区,深江南,3丁目,11番,,,,,,,水土,,,,,,,,,,,,,,,,月,,,,,,,,,,,,,,,,木,,,,,,,,,,,,,,,,月,,,,,,,,,,,,
東成区,深江南,3丁目,12番,,,,,,,水土,,,,,,,,,,,,,,,,月,,,,,,,,,,,,,,,,木,,,,,,,,,,,,,,,,月,,,,,,,,,,,,
東成区,深江南,3丁目,13番,,,,,,,水土,,,,,,,,,,,,,,,,月,,,,,,,,,,,,,,,,木,,,,,,,,,,,,,,,,月,,,,,,,,,,,,
東成区,深江南,3丁目,14番,,,,,,,水土,,,,,,,,,,,,,,,,月,,,,,,,,,,,,,,,,木,,,,,,,,,,,,,,,,月,,,,,,,,,,,,
東成区,深江南,3丁目,15番,,,,,,,水土,,,,,,,,,,,,,,,,月,,,,,,,,,,,,,,,,木,,,,,,,,,,,,,,,,月,,,,,,,,,,,,
東成区,深江南,3丁目,16番,,,,,,,,水土,,,,,,,,,,,,,,,月,,,,,,,,,,,,,,,,木,,,,,,,,,,,,,,,,月,,,,,,,,,,,,
東成区,深江南,3丁目,17番,,,,,,,,,水土,,,,,,,,,,,,,,,,月,,,,,,,,,,,,,,,,木,,,,,,,,,,,,,,月,,,,,,,,,,,,
東成区,深江南,3丁目,18番,21~30号,,,,,,水土,,,,,,,,,,,,,,,,月,,,,,,,,,,,,,,,,木,,,,,,,,,,,,,,,,月,,,,,,,,,,,,
東成区,深江南,3丁目,18番,上記以外,,,,,,水土,,,,,,,,,,,,,,,,,,月,,,,,,,,,,,,,,,,木,,,,,,,,,,,,,,月,,,,,,,,,,,,
東成区,深江南,3丁目,19番,,,,,,,水土,,,,,,,,,,,,,,,,月,,,,,,,,,,,,,,,,木,,,,,,,,,,,,,,,,月,,,,,,,,,,,,
東成区,深江南,3丁目,20番,,,,,,,水土,,,,,,,,,,,,,,,,月,,,,,,,,,,,,,,,,木,,,,,,,,,,,,,,,,月,,,,,,,,,,,,
東成区,深江南,3丁目,21番,,,,,,,水土,,,,,,,,,,,,,,,,月,,,,,,,,,,,,,,,,木,,,,,,,,,,,,,,,,月,,,,,,,,,,,,
東成区,深江南,3丁目,22番,,,,,,,水土,,,,,,,,,,,,,,,,月,,,,,,,,,,,,,,,,木,,,,,,,,,,,,,,,,月,,,,,,,,,,,,
