地区名1,地区名2,地区名3,地区名4,地区名5,備考,雑ごみ,普通ごみ_収集時間要問合せ,普通ごみ_午前,普通ごみ_午後,普通ごみ_8:30~10:30,普通ごみ_9:00~11:00,普通ごみ_9:30~11:30,普通ごみ_10:00~12:00,普通ごみ_10:30~12:30,普通ごみ_11:00~13:00,普通ごみ_11:30~13:30,普通ごみ_12:00~14:00,普通ごみ_12:30~14:30,普通ごみ_13:00~15:00,普通ごみ_13:30~15:30,普通ごみ_14:00~16:00,普通ごみ_14:30~16:30,資源ごみ_収集時間要問合せ,資源ごみ_午前,資源ごみ_午後,資源ごみ_8:30~10:30,資源ごみ_9:00~11:00,資源ごみ_9:30~11:30,資源ごみ_10:00~12:00,資源ごみ_10:30~12:30,資源ごみ_11:00~13:00,資源ごみ_11:30~13:30,資源ごみ_12:00~14:00,資源ごみ_12:30~14:30,資源ごみ_13:00~15:00,資源ごみ_13:30~15:30,資源ごみ_14:00~16:00,資源ごみ_14:30~16:30,プラスチック資源_収集時間要問合せ,プラスチック資源_午前,プラスチック資源_午後,プラスチック資源_8:30~10:30,プラスチック資源_9:00~11:00,プラスチック資源_9:30~11:30,プラスチック資源_10:00~12:00,プラスチック資源_10:30~12:30,プラスチック資源_11:00~13:00,プラスチック資源_11:30~13:30,プラスチック資源_12:00~14:00,プラスチック資源_12:30~14:30,プラスチック資源_13:00~15:00,プラスチック資源_13:30~15:30,プラスチック資源_14:00~16:00,プラスチック資源_14:30~16:30,古紙衣類_収集時間要問合せ,古紙衣類_午前,古紙衣類_午後,古紙衣類_8:30~10:30,古紙衣類_9:00~11:00,古紙衣類_9:30~11:30,古紙衣類_10:00~12:00,古紙衣類_10:30~12:30,古紙衣類_11:00~13:00,古紙衣類_11:30~13:30,古紙衣類_12:00~14:00,古紙衣類_12:30~14:30,古紙衣類_13:00~15:00,古紙衣類_13:30~15:30,古紙衣類_14:00~16:00,古紙衣類_14:30~16:30
平野区,瓜破,1丁目,1番,セレッソコート,,,,,,水土,,,,,,,,,,,,,,,,,,,月,,,,,,,,,,,,,,,,,木,,,,,,,,,,,,月,,,,,,,,,,,,
平野区,瓜破,1丁目,1番,上記以外,,,水土,,,,,,,,,,,,,,,,,,,,,,,,,,,月,,,,,,,,,,,,,,,,木,,,,,,,,,,月,,,,,,,,,,
平野区,瓜破,1丁目,2番,軽四輪車(小さい車)で収集している地域,,,,,,水土,,,,,,,,,,,,,,,,,,,,,,,,月,,,,,,,,,,,,,,,,木,,,,,,,,月,,,,,,,,,,,,
平野区,瓜破,1丁目,2番,上記以外,,,,,,水土,,,,,,,,,,,,,,,,,,,,,,,,月,,,,,,,,,,,,,,,,木,,,,,,,,月,,,,,,,,,,,,
平野区,瓜破,1丁目,3番,,,,,,,水土,,,,,,,,,,,,,月,,,,,,,,,,,,,,,,木,,,,,,,,,,,,,,,,,,,月,,,,,,,,,,,,
平野区,瓜破,1丁目,4番,,,,,,,,,,,水土,,,,,,,,,,,,,,,,,,,月,,,,,,,,,,,,,,,,木,,,,,,,,,,,月,,,,,,,,,,
平野区,瓜破,1丁目,5番,,,,,,,水土,,,,,,,,,,,,,,,,,,,,,,,月,,,,,,,,,,,,,,,,木,,,,,,,,,,,月,,,,,,,,,,
平野区,瓜破,1丁目,6番,,,,,,,,,,水土,,,,,,,,,,,,,,,,,,,,月,,,,,,,,,,,,,,,,木,,,,,,,,,月,,,,,,,,,,,,
平野区,瓜破,1丁目,7番,,,,,,,水土,,,,,,,,,,,,,,,,,,,,,,,,,,,,月,,,,,,,,,,,,,,,,木,,,,月,,,,,,,,,,,,
平野区,瓜破,1丁目,8番,,,,,,,,,,,,水土,,,,,,,,,,,,,,,,,,,,,,,月,,,,,,,,,,,,,,,,木,,,,月,,,,,,,,,,,,
平野区,瓜破,1丁目,9番,,,,,,,水土,,,,,,,,,,,,,,,,,,,,,,,,,,,,月,,,,,,,,,,,,,,,,木,,,,月,,,,,,,,,,,,
平野区,瓜破,1丁目,11番,,,,,,,水土,,,,,,,,,,,,,,,,,,,,,,,月,,,,,,,,,,,,,,,,木,,,,,,,,,月,,,,,,,,,,,,
平野区,瓜破,1丁目,12番,,,,水土,,,,,,,,,,,,,,,,,,,,,,,,,,,月,,,,,,,,,,,,,,,,木,,,,,,,,月,,,,,,,,,,,,
平野区,瓜破,2丁目,1番,軽四輪車(小さい車)で収集している地域,,,,,,水土,,,,,,,,,,,,,,,,月,,,,,,,,,,,,,,,,木,,,,,,,,,,,,,,,,月,,,,,,,,,,,,
平野区,瓜破,2丁目,1番,上記以外,,,水土,,,,,,,,,,,,,,,,月,,,,,,,,,,,,,,,,木,,,,,,,,,,,,,,,,,,,月,,,,,,,,,,,,
平野区,瓜破,2丁目,2番,,,,,,,水土,,,,,,,,,,,,,,,,,,,,,,,,,,,月,,,,,,,,,,,,,,,,木,,,,,月,,,,,,,,,,,,
平野区,瓜破,2丁目,3番,軽四輪車(小さい車)で収集している地域,,,,,,水土,,,,,,,,,,,,,,,,月,,,,,,,,,,,,,,,,木,,,,,,,,,,,,,,,,月,,,,,,,,,,,,
平野区,瓜破,2丁目,3番,上記以外,,,,,,,,,水土,,,,,,,,,,,,,,,,,,,,,,,,月,,,,,,,,,,,,,,,,木,,,,,月,,,,,,,,,,,,
平野区,瓜破,2丁目,4番,,,,,,,,,,水土,,,,,,,,,,,,,,,,,,,,,,,,月,,,,,,,,,,,,,,,,木,,,,,月,,,,,,,,,,,,
平野区,瓜破,2丁目,5番,,,,,,,,,水土,,,,,,,,,,,,,,,,,,,,,,,,,月,,,,,,,,,,,,,,,,木,,,,,月,,,,,,,,,,,,
平野区,瓜破,2丁目,6番,,,,,,,水土,,,,,,,,,,,,,,,,,,,,,,,月,,,,,,,,,,,,,,,,木,,,,,,,,,月,,,,,,,,,,,,
平野区,瓜破,2丁目,7番,軽四輪車(小さい車)で収集している地域,,,,,,水土,,,,,,,,,,,,,月,,,,,,,,,,,,,,,,木,,,,,,,,,,,,,,,,,,,月,,,,,,,,,,,,
平野区,瓜破,2丁目,7番,上記以外,,,,,,,,,水土,,,,,,,,,,月,,,,,,,,,,,,,,,,木,,,,,,,,,,,,,,,,,,,月,,,,,,,,,,,,
平野区,瓜破,3丁目,1番,軽四輪車(小さい車)で収集している地域,,,,,,,,水土,,,,,,,,,,,,,,,,,,,,,,月,,,,,,,,,,,,,,,,木,,,,,,,,月,,,,,,,,,,,,
平野区,瓜破,3丁目,1番,上記以外,,,,,,水土,,,,,,,,,,,,,,,,,,,,,,,,月,,,,,,,,,,,,,,,,木,,,,,月,,,,,,,,,,,,,,,
平野区,瓜破,3丁目,2番,軽四輪車(小さい車)で収集している地域,,,,,,,,,水土,,,,,,,,,,,,,,,,,,,,,月,,,,,,,,,,,,,,,,木,,,,,,,,月,,,,,,,,,,,,
平野区,瓜破,3丁目,2番,上記以外,,,,,,水土,,,,,,,,,,,,,月,,,,,,,,,,,,,,,,木,,,,,,,,,,,,,,,,月,,,,,,,,,,,,,,,
平野区,瓜破,3丁目,3番,,,,,,,水土,,,,,,,,,,,,,,,,,,,,,,,,月,,,,,,,,,,,,,,,,木,,,,,,,,月,,,,,,,,,,,,
平野区,瓜破,4丁目,1番,,,,,,,,水土,,,,,,,,,,,,,,,,,,,,,,,月,,,,,,,,,,,,,,,,木,,,,,,,,月,,,,,,,,,,,,
平野区,瓜破,4丁目,2番,,,,,,,,水土,,,,,,,,,,,,,,,,,,,,,,,,月,,,,,,,,,,,,,,,,木,,,,,,,月,,,,,,,,,,,,
平野区,瓜破,5丁目,1番,,,,,,,水土,,,,,,,,,,,,,,,,,,,,,,,,,月,,,,,,,,,,,,,,,,木,,,,,,,月,,,,,,,,,,,,
平野区,瓜破,5丁目,2番,,,,,,,水土,,,,,,,,,,,,,,,,,,,,,,,,,月,,,,,,,,,,,,,,,,木,,,,,,,月,,,,,,,,,,,,
平野区,瓜破,5丁目,3番,,,,,,,水土,,,,,,,,,,,,,,,,,,,,,,,,,月,,,,,,,,,,,,,,,,木,,,,,,,月,,,,,,,,,,,,
平野区,瓜破,5丁目,4番,,,,,,,水土,,,,,,,,,,,,,,,,,,,,,,,,,,月,,,,,,,,,,,,,,,,木,,,,,,月,,,,,,,,,,,,
平野区,瓜破,6丁目,1番,,,,,,,水土,,,,,,,,,,,,,,,,,,,,,,,,,月,,,,,,,,,,,,,,,,木,,,,,,,月,,,,,,,,,,,,
平野区,瓜破,6丁目,2番,,,,,,,,水土,,,,,,,,,,,,,,,,,,,,,,,,月,,,,,,,,,,,,,,,,木,,,,,,,月,,,,,,,,,,,,
平野区,瓜破,6丁目,3番,,,,,,,,,水土,,,,,,,,,,,,,,,,,,,,,,,,月,,,,,,,,,,,,,,,,木,,,,,,月,,,,,,,,,,,,
平野区,瓜破,6丁目,4番,,,,,,,,,水土,,,,,,,,,,,,,,,,,,,,,,,,月,,,,,,,,,,,,,,,,木,,,,,,月,,,,,,,,,,,,
平野区,瓜破,6丁目,5番,,,,,,,,水土,,,,,,,,,,,,,,,,,,,,,,,,月,,,,,,,,,,,,,,,,木,,,,,,,月,,,,,,,,,,,,
平野区,瓜破,6丁目,6番,,,,,,,,,水土,,,,,,,,,,,,,,,,,,,,,,月,,,,,,,,,,,,,,,,木,,,,,,,,月,,,,,,,,,,,,
平野区,瓜破,6丁目,7番,,,,,,,,水土,,,,,,,,,,,,,,,,,,,,,,,,月,,,,,,,,,,,,,,,,木,,,,,,,月,,,,,,,,,,,,
平野区,瓜破,6丁目,8番,,,,,,,,,水土,,,,,,,,,,,,,,,,,,,,,,,月,,,,,,,,,,,,,,,,木,,,,,,,月,,,,,,,,,,,,
平野区,瓜破,6丁目,9番,軽四輪車(小さい車)で収集している地域,,,,,,,水土,,,,,,,,,,,,,,,,,,,,,,,,,,月,,,,,,,,,,,,,,,,木,,,,,月,,,,,,,,,,,,
平野区,瓜破,6丁目,9番,上記以外,,,,,,水土,,,,,,,,,,,,,,,,,,,,,,,,,,,月,,,,,,,,,,,,,,,,木,,,,,月,,,,,,,,,,,,
平野区,瓜破,6丁目,10番,,,,,,,,,水土,,,,,,,,,,,,,,,,,,,,,,,,,月,,,,,,,,,,,,,,,,木,,,,,月,,,,,,,,,,,,
平野区,瓜破,7丁目,1番,,,,,,,水土,,,,,,,,,,,,,,,,,,,,,,,,,,月,,,,,,,,,,,,,,,,木,,,,,,月,,,,,,,,,,,,
平野区,瓜破,7丁目,2番,,,,,,,水土,,,,,,,,,,,,,,,,,,,,,,,,,,月,,,,,,,,,,,,,,,,木,,,,,,月,,,,,,,,,,,,
平野区,瓜破,7丁目,3番,,,,,,,水土,,,,,,,,,,,,,,,,,,,,,,,,,,月,,,,,,,,,,,,,,,,木,,,,,,月,,,,,,,,,,,,
平野区,瓜破,7丁目,4番,軽四輪車(小さい車)で収集している地域,,,,,,水土,,,,,,,,,,,,,,,,,,,,,,,,,,月,,,,,,,,,,,,,,,,木,,,,,,月,,,,,,,,,,,,
平野区,瓜破,7丁目,4番,上記以外,,,,,,,,,水土,,,,,,,,,,,,,,,,,,,,,,,,月,,,,,,,,,,,,,,,,木,,,,,月,,,,,,,,,,,,
平野区,瓜破,7丁目,5番,,,,,,,,,,水土,,,,,,,,,,,,,,,,,,,,,,,,月,,,,,,,,,,,,,,,,木,,,,,月,,,,,,,,,,,,
平野区,瓜破,7丁目,6番,,,,,,,,,,水土,,,,,,,,,,,,,,,,,,,,,,月,,,,,,,,,,,,,,,,木,,,,,,,,,月,,,,,,,,,,
平野区,瓜破西,1丁目,1番,,,,,,,,水土,,,,,,,,,,,,,,,,,,,,,,,,,,月,,,,,,,,,,,,,,,,木,,,,,月,,,,,,,,,,,,
平野区,瓜破西,1丁目,2番,,,,,,,,,水土,,,,,,,,,,,,,,,,,,,,,,,,月,,,,,,,,,,,,,,,,木,,,,,,,,月,,,,,,,,,,
平野区,瓜破西,1丁目,3番,,,,,,,水土,,,,,,,,,,,,,,,,,,,,,,,,,,月,,,,,,,,,,,,,,,,木,,,,,,月,,,,,,,,,,,,
平野区,瓜破西,1丁目,4番,,,,,,,水土,,,,,,,,,,,,,,,,,,,,,,,,,,月,,,,,,,,,,,,,,,,木,,,,,,月,,,,,,,,,,,,
平野区,瓜破西,1丁目,5番,,,,,,,水土,,,,,,,,,,,,,,,,,,,,,,,,,,,月,,,,,,,,,,,,,,,,木,,,,,月,,,,,,,,,,,,
平野区,瓜破西,1丁目,6番,,,,,,,水土,,,,,,,,,,,,,,,,,,,,,,,,,月,,,,,,,,,,,,,,,,木,,,,,,,月,,,,,,,,,,,,
平野区,瓜破西,1丁目,7番,,,,,,,水土,,,,,,,,,,,,,,,,,,,,,,,,,,,月,,,,,,,,,,,,,,,,木,,,,,月,,,,,,,,,,,,
平野区,瓜破西,1丁目,8番,軽四輪車(小さい車)で収集している地域,,,,,,水土,,,,,,,,,,,,,,,,,,,,,,,,,,,月,,,,,,,,,,,,,,,,木,,,,,月,,,,,,,,,,,,
平野区,瓜破西,1丁目,8番,上記以外,,,,,,水土,,,,,,,,,,,,,,,,,,,,,,,,月,,,,,,,,,,,,,,,,木,,,,,,,,月,,,,,,,,,,,,
平野区,瓜破西,1丁目,9番,,,,,,,水土,,,,,,,,,,,,,,,,,,,,,,,,月,,,,,,,,,,,,,,,,木,,,,,,,,月,,,,,,,,,,,,
平野区,瓜破西,1丁目,10番,,,,,,,水土,,,,,,,,,,,,,,,,,,,,,,,,月,,,,,,,,,,,,,,,,木,,,,,,,,月,,,,,,,,,,,,
平野区,瓜破西,1丁目,11番,,,,,,,水土,,,,,,,,,,,,,,,,,,,,,,,,月,,,,,,,,,,,,,,,,木,,,,,,,,月,,,,,,,,,,,,
平野区,瓜破西,1丁目,12番,,,,,,,水土,,,,,,,,,,,,,,,,,,,,,,,,月,,,,,,,,,,,,,,,,木,,,,,,,,月,,,,,,,,,,,,
平野区,瓜破西,1丁目,13番,,,,,,,水土,,,,,,,,,,,,,,,,,,,,,,,,月,,,,,,,,,,,,,,,,木,,,,,,,,月,,,,,,,,,,,,
平野区,瓜破西,1丁目,14番,,,,,,,水土,,,,,,,,,,,,,,,,,,,,,,,,,,,月,,,,,,,,,,,,,,,,木,,,,,,,月,,,,,,,,,,
平野区,瓜破西,1丁目,15番,,,,,,,水土,,,,,,,,,,,,,,,,,,,,,,,,,,月,,,,,,,,,,,,,,,,木,,,,,,月,,,,,,,,,,,,
平野区,瓜破西,1丁目,16番,,,,,,,水土,,,,,,,,,,,,,,,,,,,,,,,,月,,,,,,,,,,,,,,,,木,,,,,,,,月,,,,,,,,,,,,
平野区,瓜破西,2丁目,1番,,,,,,,水土,,,,,,,,,,,,,,,,,,,,,,,,,月,,,,,,,,,,,,,,,,木,,,,,,,月,,,,,,,,,,,,
平野区,瓜破西,2丁目,2番,,,,,,,水土,,,,,,,,,,,,,,,,,,,,,,,,,,月,,,,,,,,,,,,,,,,木,,,,,,月,,,,,,,,,,,,
平野区,瓜破西,2丁目,3番,,,,,,,水土,,,,,,,,,,,,,,,,,,,,,,,,,,月,,,,,,,,,,,,,,,,木,,,,,,月,,,,,,,,,,,,
平野区,瓜破西,2丁目,4番,,,,,,,水土,,,,,,,,,,,,,,,,,,,,,,,,,,月,,,,,,,,,,,,,,,,木,,,,,,月,,,,,,,,,,,,
平野区,瓜破西,2丁目,5番,,,,,,,水土,,,,,,,,,,,,,,,,,,,,,,,,,,月,,,,,,,,,,,,,,,,,木,,,,,月,,,,,,,,,,,,
平野区,瓜破西,2丁目,6番,,,,,,,水土,,,,,,,,,,,,,,,,,,,,,,,,月,,,,,,,,,,,,,,,,木,,,,,,,,月,,,,,,,,,,,,
平野区,瓜破西,2丁目,7番,,,,,,,水土,,,,,,,,,,,,,,,,,,,,,,,,月,,,,,,,,,,,,,,,,木,,,,,,,,月,,,,,,,,,,,,
平野区,瓜破西,2丁目,8番,,,,,,,水土,,,,,,,,,,,,,,,,,,,,,,,,,月,,,,,,,,,,,,,,,,木,,,,,,,月,,,,,,,,,,,,
平野区,瓜破西,2丁目,9番,,,,,,,水土,,,,,,,,,,,,,,,,,,,,,,,,,,,月,,,,,,,,,,,,,,,,木,,,,,,,月,,,,,,,,,,
平野区,瓜破西,2丁目,10番,,,,,,,水土,,,,,,,,,,,,,,,,,,,,,,,,,,,月,,,,,,,,,,,,,,,,木,,,,,,,月,,,,,,,,,,
平野区,瓜破西,2丁目,11番,,,,,,,水土,,,,,,,,,,,,,,,,,,,,,,,,,月,,,,,,,,,,,,,,,,木,,,,,,,,,月,,,,,,,,,,
平野区,瓜破西,2丁目,12番,,,,,,,水土,,,,,,,,,,,,,,,,,,,,,,,,,,,月,,,,,,,,,,,,,,,,木,,,,,,,月,,,,,,,,,,
平野区,瓜破西,2丁目,13番,,,,,,,,,,水土,,,,,,,,,,,,,,,,,,,,,,,,月,,,,,,,,,,,,,,,,木,,,,,月,,,,,,,,,,,,
平野区,瓜破西,2丁目,14番,,,,,,,水土,,,,,,,,,,,,,,,,,,,,,,,,,,月,,,,,,,,,,,,,,,,木,,,,,,月,,,,,,,,,,,,
平野区,瓜破西,2丁目,15番,,,,,,,水土,,,,,,,,,,,,,,,,,,,,,,,,,,月,,,,,,,,,,,,,,,,木,,,,,,月,,,,,,,,,,,,
平野区,瓜破西,3丁目,1番,,,,,,,水土,,,,,,,,,,,,,,,,,,,,,,,,,,,月,,,,,,,,,,,,,,,,木,,,,,,,月,,,,,,,,,,
平野区,瓜破西,3丁目,2番,,,,,,,,,水土,,,,,,,,,,,,,,,,,,,,,,,,月,,,,,,,,,,,,,,,,木,,,,,,,,月,,,,,,,,,,
平野区,瓜破西,3丁目,3番,,,,,,,,,,水土,,,,,,,,,,,,,,,,,,,,,,,,月,,,,,,,,,,,,,,,,木,,,,,月,,,,,,,,,,,,
平野区,瓜破西,3丁目,4番,,,,,,,,水土,,,,,,,,,,,,,,,,,,,,,,,,,月,,,,,,,,,,,,,,,,木,,,,,,月,,,,,,,,,,,,
平野区,瓜破西,3丁目,5番,,,,,,,,,,水土,,,,,,,,,,,,,,,,,,,,,,,,月,,,,,,,,,,,,,,,,木,,,,,月,,,,,,,,,,,,
平野区,瓜破西,3丁目,6番,,,,,,,,水土,,,,,,,,,,,,,,,,,,,,,,,,,,月,,,,,,,,,,,,,,,,木,,,,,月,,,,,,,,,,,,
平野区,瓜破西,3丁目,7番,,,,,,,,,,水土,,,,,,,,,,,,,,,,,,,,,,,月,,,,,,,,,,,,,,,,木,,,,,,,,月,,,,,,,,,,
平野区,瓜破西,3丁目,8番,,,,,,,,,水土,,,,,,,,,,,,,,,,,,,,,,,,月,,,,,,,,,,,,,,,,木,,,,,,,,月,,,,,,,,,,
平野区,瓜破西,3丁目,9番,,,,,,,,水土,,,,,,,,,,,,,,,,,,,,,,,,,月,,,,,,,,,,,,,,,,木,,,,,,,,月,,,,,,,,,,
平野区,瓜破西,3丁目,10番,,,,,,,,,,水土,,,,,,,,,,,,,,,,,,,,,,,,月,,,,,,,,,,,,,,,,木,,,,,,,月,,,,,,,,,,
平野区,瓜破西,3丁目,11番,,,,,,,,,水土,,,,,,,,,,,,,,,,,,,,,,,,,月,,,,,,,,,,,,,,,,木,,,,,月,,,,,,,,,,,,
平野区,瓜破西,3丁目,12番,,,,,,,,,水土,,,,,,,,,,,,,,,,,,,,,,,,,月,,,,,,,,,,,,,,,,木,,,,,月,,,,,,,,,,,,
平野区,瓜破西,3丁目,13番,,,,,,,,,水土,,,,,,,,,,,,,,,,,,,,,,,,,月,,,,,,,,,,,,,,,,木,,,,,月,,,,,,,,,,,,
平野区,瓜破西,3丁目,14番,,,,,,,,,水土,,,,,,,,,,,,,,,,,,,,,,,,,月,,,,,,,,,,,,,,,,木,,,,,月,,,,,,,,,,,,
平野区,瓜破西,3丁目,15番,,,,,,,,,,水土,,,,,,,,,,,,,,,,,,,,,,,,月,,,,,,,,,,,,,,,,木,,,,,,,月,,,,,,,,,,
平野区,瓜破東,1丁目,1番,,,,,,,,,,,,,,,,,水土,,,,,,,,,,,,,,月,,,,,,,,,,,,,,,,木,,,,,,,,木,,,,,,,,,,,,
平野区,瓜破東,1丁目,2番,,,,,,,,,,,,,,,,,水土,,,,,,,,,,,,,,月,,,,,,,,,,,,,,,,木,,,,,,,,木,,,,,,,,,,,,
平野区,瓜破東,1丁目,3番,市営瓜破東1丁目住宅1・2号棟,,,,,,,,,,,,,,,水土,,,,,,,,,,,,,,,月,,,,,,,,,,,,,,,,木,,,,,,,,金,,,,,,,,,,,,
平野区,瓜破東,1丁目,4番,市営瓜破東1丁目住宅3～5号棟,,,,,,,,,,,,,,,水土,,,,,,,,,,,,,,,,,,月,,,,,,,,,,,,,,,,木,,,,,金,,,,,,,,,,,,
平野区,瓜破東,1丁目,4番,上記以外,,,,,,,,,,,,,,,水土,,,,,,,,,,,,,,,,,,月,,,,,,,,,,,,,,,,木,,,,,木,,,,,,,,,,,,
平野区,瓜破東,1丁目,5番,,,,,,,,,,,,,,,,水土,,,,,,,,,,,,,,,月,,,,,,,,,,,,,,,,木,,,,,,,,木,,,,,,,,,,,,
平野区,瓜破東,1丁目,6番,市営瓜破東第一住宅1・2・5号館,,,,,,,,,,,,,,,,水土,,,,,,,,,,,,,,月,,,,,,,,,,,,,,,,木,,,,,,,,金,,,,,,,,,,,,
平野区,瓜破東,1丁目,11番,市営瓜破東第一住宅4号館,,,,,,,,,,,,,,,水土,,,,,,,,,,,,,,,月,,,,,,,,,,,,,,,,木,,,,,,,,金,,,,,,,,,,,,
平野区,瓜破東,1丁目,11番,上記以外,,,,,,,,,,,,,,,水土,,,,,,,,,,,,,,,月,,,,,,,,,,,,,,,,木,,,,,,,,,,木,,,,,,,,,,
平野区,瓜破東,1丁目,12番,市営瓜破東第一住宅3号館,,,,,,,,,,,,,,,水土,,,,,,,,,,,,,,,月,,,,,,,,,,,,,,,,木,,,,,,,,金,,,,,,,,,,,,
平野区,瓜破東,1丁目,12番,上記以外,,,,,,,,,,,,,,,水土,,,,,,,,,,,,,,,月,,,,,,,,,,,,,,,,木,,,,,,,,,,木,,,,,,,,,,
平野区,瓜破東,1丁目,13番,,,,,,,,,,,,,,,,,水土,,,,,,,,,,,,,,月,,,,,,,,,,,,,,,,木,,,,,,,,木,,,,,,,,,,,,
平野区,瓜破東,2丁目,1番,軽四輪車(小さい車)で収集している地域,,,,,,,,,,,,,,,,水土,,,,,,,,,,,,,,月,,,,,,,,,,,,,,,,木,,,,,,,,,,木,,,,,,,,,,
平野区,瓜破東,2丁目,1番,上記以外,,,,,,,,,,,,,,,,水土,,,,,,,,,,,,,,月,,,,,,,,,,,,,,,,木,,,,,,,,木,,,,,,,,,,,,
平野区,瓜破東,2丁目,2番,,,,,,,,,,,,,,,,水土,,,,,,,,,,,,,,,月,,,,,,,,,,,,,,,,木,,,,,,,,木,,,,,,,,,,,,
平野区,瓜破東,2丁目,3番,,,,,,,,,,,,,,,,水土,,,,,,,,,,,,,,,,,,月,,,,,,,,,,,,,,,,木,,,,,木,,,,,,,,,,,,
平野区,瓜破東,2丁目,4番,市営瓜破東住宅1号館,,,,,,,,,,,,,,,,,水土,,,,,,,,,,,,,,,,月,,,,,,,,,,,,,,,,木,,,,,金,,,,,,,,,,,,
平野区,瓜破東,2丁目,5番,市営瓜破東住宅4号館,,,,,,,,,,,,,,,,水土,,,,,,,,,,,,,,月,,,,,,,,,,,,,,,,木,,,,,,,,金,,,,,,,,,,,,
平野区,瓜破東,2丁目,5番,上記以外,,,,,,,,,,,,,,,,水土,,,,,,,,,,,,,,月,,,,,,,,,,,,,,,,木,,,,,,,,木,,,,,,,,,,,,
平野区,瓜破東,2丁目,6番,市営瓜破東第2住宅1号館,,,,,,,,,,,,,,,水土,,,,,,,,,,,,,,,,,月,,,,,,,,,,,,,,,,木,,,,,,金,,,,,,,,,,,,
平野区,瓜破東,2丁目,7番,市営瓜破東第2住宅5号館,,,,,,,,,,,,,,,,水土,,,,,,,,,,,,,,,,,月,,,,,,,,,,,,,,,,木,,,,,金,,,,,,,,,,,,
平野区,瓜破東,2丁目,7番,55～62号,,,,,,,,,,,,,,,,水土,,,,,,,,,,,,,,月,,,,,,,,,,,,,,,,木,,,,,,,,木,,,,,,,,,,,,
平野区,瓜破東,2丁目,7番,軽四輪車(小さい車)で収集している地域,,,,,,,,,,,,,,,,水土,,,,,,,,,,,,,,月,,,,,,,,,,,,,,,,木,,,,,,,,木,,,,,,,,,,,,
平野区,瓜破東,2丁目,7番,上記以外,,,,,,,,,,,,,,,,水土,,,,,,,,,,,,,,,,,月,,,,,,,,,,,,,,,,木,,,,,木,,,,,,,,,,,,
平野区,瓜破東,2丁目,8番,,,,,,,,,,,,,,,,,水土,,,,,,,,,,,,,,月,,,,,,,,,,,,,,,,木,,,,,,,,木,,,,,,,,,,,,
平野区,瓜破東,2丁目,9番,,,,,,,,,,,,,,,,,水土,,,,,,,,,,,,,,月,,,,,,,,,,,,,,,,木,,,,,,,,木,,,,,,,,,,,,
平野区,瓜破東,2丁目,10番,,,,,,,,,,,,,,,,,水土,,,,,,,,,,,,,,月,,,,,,,,,,,,,,,,木,,,,,,,,木,,,,,,,,,,,,
平野区,瓜破東,2丁目,11番,,,,,,,,,,,,,,,,水土,,,,,,,,,,,,,,,月,,,,,,,,,,,,,,,,木,,,,,,,,木,,,,,,,,,,,,
平野区,瓜破東,3丁目,1番,,,,,,,,,,,,,,,,,水土,,,,,,,,,,,,,,月,,,,,,,,,,,,,,,,木,,,,,,,,木,,,,,,,,,,,,
平野区,瓜破東,3丁目,2番,,,,,,,,,,,,,,,,,水土,,,,,,,,,,,,,,月,,,,,,,,,,,,,,,,木,,,,,,,,木,,,,,,,,,,,,
平野区,瓜破東,3丁目,3番,,,,,,,,,,,,,,,,,水土,,,,,,,,,,,,,,月,,,,,,,,,,,,,,,,木,,,,,,,,木,,,,,,,,,,,,
平野区,瓜破東,3丁目,4番,,,,,,,,,,,,,,,,,水土,,,,,,,,,,,,,,月,,,,,,,,,,,,,,,,木,,,,,,,,木,,,,,,,,,,,,
平野区,瓜破東,3丁目,5番,,,,,,,,,,,,,,,,,,水土,,,,,,,,,,,,,月,,,,,,,,,,,,,,,,木,,,,,,,,木,,,,,,,,,,,,
平野区,瓜破東,3丁目,6番,,,,,,,,,,,,,,,,水土,,,,,,,,,,,,,,,月,,,,,,,,,,,,,,,,木,,,,,,,,木,,,,,,,,,,,,
平野区,瓜破東,3丁目,7番,,,,,,,,,,,,,,,,,水土,,,,,,,,,,,,,,,,月,,,,,,,,,,,,,,,,木,,,,,,木,,,,,,,,,,,,
平野区,瓜破東,3丁目,8番,,,,,,,,,,,,,,,,,水土,,,,,,,,,,,,,,月,,,,,,,,,,,,,,,,木,,,,,,,,木,,,,,,,,,,,,
平野区,瓜破東,4丁目,1番,,,,,,,,,,,,,,,,,,水土,,,,,,,,,,,,,,,,月,,,,,,,,,,,,,,,,木,,,,,木,,,,,,,,,,,,
平野区,瓜破東,4丁目,2番,,,,,,,,,,,,,,,,,水土,,,,,,,,,,,,,,月,,,,,,,,,,,,,,,,木,,,,,,,,木,,,,,,,,,,,,
平野区,瓜破東,4丁目,3番,,,,,,,,,,,,,,,,,,水土,,,,,,,,,,,,,月,,,,,,,,,,,,,,,,木,,,,,,,,木,,,,,,,,,,,,
平野区,瓜破東,4丁目,4番,,,,,,,,,,,,,,,,,水土,,,,,,,,,,,,,,月,,,,,,,,,,,,,,,,木,,,,,,,,木,,,,,,,,,,,,
平野区,瓜破東,4丁目,5番,市営瓜破東第2住宅2・3・4号館,,,,,,,,,,,,,,,,,水土,,,,,,,,,,,,,,,,,月,,,,,,,,,,,,,,,,木,,,,金,,,,,,,,,,,,
平野区,瓜破東,4丁目,5番,上記以外,,,,,,,,,,,,,,,,,水土,,,,,,,,,,,,,,,,,月,,,,,,,,,,,,,,,,木,,,,木,,,,,,,,,,,,
平野区,瓜破東,5丁目,1番,,,,,,,,,,,,,,,,,,水土,,,,,,,,,,,,,月,,,,,,,,,,,,,,,,木,,,,,,,,木,,,,,,,,,,,,
平野区,瓜破東,5丁目,2番,,,,,,,,,,,,,,,,,,水土,,,,,,,,,,,,,月,,,,,,,,,,,,,,,,木,,,,,,,,木,,,,,,,,,,,,
平野区,瓜破東,5丁目,3番,,,,,,,,,,,,,,,,,,水土,,,,,,,,,,,,,月,,,,,,,,,,,,,,,,木,,,,,,,,木,,,,,,,,,,,,
平野区,瓜破東,5丁目,4番,,,,,,,,,,,,,,,,,,水土,,,,,,,,,,,,,月,,,,,,,,,,,,,,,,木,,,,,,,,木,,,,,,,,,,,,
平野区,瓜破東,5丁目,5番,,,,,,,,,,,,,,,,,,水土,,,,,,,,,,,,,月,,,,,,,,,,,,,,,,木,,,,,,,,木,,,,,,,,,,,,
平野区,瓜破東,5丁目,6番,,,,,,,,,,,,,,,,,,水土,,,,,,,,,,,,,月,,,,,,,,,,,,,,,,木,,,,,,,,木,,,,,,,,,,,,
平野区,瓜破東,5丁目,7番,,,,,,,,,,,,,,,,,,水土,,,,,,,,,,,,,月,,,,,,,,,,,,,,,,木,,,,,,,,木,,,,,,,,,,,,
平野区,瓜破東,5丁目,8番,,,,,,,,,,,,,,,,,,水土,,,,,,,,,,,,,月,,,,,,,,,,,,,,,,木,,,,,,,,木,,,,,,,,,,,,
平野区,瓜破東,5丁目,9番,,,,,,,,,,,,,,,,,,水土,,,,,,,,,,,,,月,,,,,,,,,,,,,,,,木,,,,,,,,木,,,,,,,,,,,,
平野区,瓜破東,5丁目,10番,,,,,,,,,,,,,,,,,,水土,,,,,,,,,,,,,月,,,,,,,,,,,,,,,,木,,,,,,,,木,,,,,,,,,,,,
平野区,瓜破東,6丁目,1番,,,,,,,,,,,,,,,,,,水土,,,,,,,,,,,,,,月,,,,,,,,,,,,,,,,木,,,,,,,木,,,,,,,,,,,,
平野区,瓜破東,6丁目,2番,,,,,,,,,,,,,,,,,水土,,,,,,,,,,,,,,,月,,,,,,,,,,,,,,,,木,,,,,,,木,,,,,,,,,,,,
平野区,瓜破東,7丁目,1番,,,,,,,,,,,,,,,,,,水土,,,,,,,,,,,,,,,,月,,,,,,,,,,,,,,,,木,,,,,木,,,,,,,,,,,,
平野区,瓜破東,8丁目,1番,,,,,,,,,,,,,,,,,水土,,,,,,,,,,,,,,月,,,,,,,,,,,,,,,,木,,,,,,,,木,,,,,,,,,,,,
平野区,瓜破東,8丁目,2番,,,,,,,,,,,,,,,,,,水土,,,,,,,,,,,,,月,,,,,,,,,,,,,,,,木,,,,,,,,木,,,,,,,,,,,,
平野区,瓜破東,8丁目,3番,,,,,,,,,,,,,,,,,水土,,,,,,,,,,,,,,月,,,,,,,,,,,,,,,,木,,,,,,,,木,,,,,,,,,,,,
平野区,瓜破東,8丁目,4番,,,,,,,,,,,,,,,,,,水土,,,,,,,,,,,,,,,,月,,,,,,,,,,,,,,,,木,,,,,木,,,,,,,,,,,,
平野区,瓜破東,8丁目,5番,,,,,,,,,,,,,,,,,,水土,,,,,,,,,,,,,,,,月,,,,,,,,,,,,,,,,木,,,,,木,,,,,,,,,,,,
平野区,瓜破東,8丁目,6番,,,,,,,,,,,,,,,,,水土,,,,,,,,,,,,,,月,,,,,,,,,,,,,,,,木,,,,,,,,,,木,,,,,,,,,,
平野区,瓜破東,8丁目,7番,,,,,,,,,,,,,,,,,水土,,,,,,,,,,,,,,月,,,,,,,,,,,,,,,,木,,,,,,,,木,,,,,,,,,,,,
平野区,瓜破東,8丁目,8番,,,,,,,,,,,,,,,,,水土,,,,,,,,,,,,,,月,,,,,,,,,,,,,,,,木,,,,,,,,木,,,,,,,,,,,,
平野区,瓜破東,8丁目,9番,市営瓜破東8丁目住宅1～5棟,,,,,,,,,,,,,,,水土,,,,,,,,,,,,,,,月,,,,,,,,,,,,,,,,木,,,,,,,,金,,,,,,,,,,,,
平野区,瓜破東,8丁目,10番,,,,,,,,,,,,,,,,,水土,,,,,,,,,,,,,,月,,,,,,,,,,,,,,,,木,,,,,,,,木,,,,,,,,,,,,
平野区,瓜破東,8丁目,11番,,,,,,,,,,,,,,,,,,水土,,,,,,,,,,,,,月,,,,,,,,,,,,,,,,木,,,,,,,,木,,,,,,,,,,,,
平野区,瓜破東,8丁目,12番,,,,,,,,,,,,,,,,,,水土,,,,,,,,,,,,,月,,,,,,,,,,,,,,,,木,,,,,,,,木,,,,,,,,,,,,
平野区,瓜破南,1丁目,1番,,,,,,,,,水土,,,,,,,,,,,,,,,,,,,,,,,月,,,,,,,,,,,,,,,,木,,,,,,,月,,,,,,,,,,,,
平野区,瓜破南,1丁目,2番,,,,,,,,,,,,,,,,,水土,,,,,,,,,,,,,,,月,,,,,,,,,,,,,,,,木,,,,,,,月,,,,,,,,,,,,
平野区,瓜破南,1丁目,3番,,,,,,,,,水土,,,,,,,,,,,,,,,,,,,,,,,月,,,,,,,,,,,,,,,,木,,,,,,,月,,,,,,,,,,,,
平野区,瓜破南,1丁目,4番,,,,,,,,水土,,,,,,,,,,,,,,,,,,,,,,,,月,,,,,,,,,,,,,,,,木,,,,,,,月,,,,,,,,,,,,
平野区,瓜破南,2丁目,1番,,,,,,,,,,水土,,,,,,,,,,,,,,,,,,,,,,月,,,,,,,,,,,,,,,,木,,,,,,,月,,,,,,,,,,,,
平野区,瓜破南,2丁目,2番,,,,,,,,,,水土,,,,,,,,,,,,,,,,,,,,,,月,,,,,,,,,,,,,,,,木,,,,,,,月,,,,,,,,,,,,
平野区,瓜破南,2丁目,3番,,,,,,,,,水土,,,,,,,,,,,,,,,,,,,,,,,月,,,,,,,,,,,,,,,,木,,,,,,,月,,,,,,,,,,,,
平野区,瓜破南,2丁目,4番,,,,,,,,,,水土,,,,,,,,,,,,,,,,,,,,,,月,,,,,,,,,,,,,,,,木,,,,,,,月,,,,,,,,,,,,
平野区,加美北,1丁目,1番,,,,,,,,,,,,,,,,,,月木,,,,,火,,,,,,,,,,,,,,,,金,,,,,,,,,,,,,,,,,,,,,,,,,金,,,
平野区,加美北,1丁目,2番,,,,,,,,,,,,,,,,,,月木,,,,,火,,,,,,,,,,,,,,,,金,,,,,,,,,,,,,,,,,,,,,,,,,金,,,
平野区,加美北,1丁目,3番,,,,,,,,,,,,,,,,,,月木,,,,,火,,,,,,,,,,,,,,,,金,,,,,,,,,,,,,,,,,,,,,,,,,金,,,
平野区,加美北,1丁目,4番,,,,,,,,,,,,,,,,,月木,,,,,,火,,,,,,,,,,,,,,,,金,,,,,,,,,,,,,,,,,,,,,,,,,金,,,
平野区,加美北,1丁目,5番,,,,,,,,,,,,,,,,,月木,,,,,,火,,,,,,,,,,,,,,,,金,,,,,,,,,,,,,,,,,,,,,,,,,金,,,
平野区,加美北,1丁目,6番,,,,,,,,,,,,,,,,,月木,,,,,,火,,,,,,,,,,,,,,,,金,,,,,,,,,,,,,,,,,,,,,,,,,金,,,
平野区,加美北,1丁目,7番,,,,,,,,,,,,,,,,,月木,,,,,,火,,,,,,,,,,,,,,,,金,,,,,,,,,,,,,,,,,,,,,,,,,金,,,
平野区,加美北,1丁目,8番,,,,,,,,,,,,,,,,,月木,,,,,,火,,,,,,,,,,,,,,,,金,,,,,,,,,,,,,,,,,,,,,,,,,金,,,
平野区,加美北,1丁目,9番,,,,,,,,,,,,,,,,,月木,,,,,,火,,,,,,,,,,,,,,,,金,,,,,,,,,,,,,,,,,,,,,,,,,金,,,
平野区,加美北,1丁目,10番,,,,,,,,,,,,,,,,,月木,,,,,,火,,,,,,,,,,,,,,,,金,,,,,,,,,,,,,,,,,,,,,,,,,金,,,
平野区,加美北,1丁目,11番,,,,,,,,,,,,,,,,,月木,,,,,,火,,,,,,,,,,,,,,,,金,,,,,,,,,,,,,,,,,,,,,,,,,金,,,
平野区,加美北,1丁目,12番,,,,,,,,,,,,,,,,,月木,,,,,,火,,,,,,,,,,,,,,,,金,,,,,,,,,,,,,,,,,,,,,,,,,金,,,
平野区,加美北,1丁目,13番,,,,,,,,,,,,,,,,,月木,,,,,,火,,,,,,,,,,,,,,,,金,,,,,,,,,,,,,,,,,,,,,,,,,金,,,
平野区,加美北,1丁目,14番,,,,,,,,,,,,,,,,,月木,,,,,,火,,,,,,,,,,,,,,,,金,,,,,,,,,,,,,,,,,,,,,,,,,金,,,
平野区,加美北,1丁目,15番,,,,,,,,,,,,,,,,,月木,,,,,,火,,,,,,,,,,,,,,,,金,,,,,,,,,,,,,,,,,,,,,,,,,金,,,
平野区,加美北,1丁目,16番,,,,,,,,,,,,,,,,月木,,,,,,,火,,,,,,,,,,,,,,,,金,,,,,,,,,,,,,,,,,,,,,,,,,金,,,
平野区,加美北,1丁目,17番,,,,,,,,,,,,,,,,,月木,,,,,,火,,,,,,,,,,,,,,,,金,,,,,,,,,,,,,,,,,,,,,,,,,金,,,
平野区,加美北,1丁目,18番,,,,,,,,,,,,,,,,,月木,,,,,,火,,,,,,,,,,,,,,,,金,,,,,,,,,,,,,,,,,,,,,,,,,金,,,
平野区,加美北,1丁目,19番,,,,,,,,,,,,,,,,,月木,,,,,,火,,,,,,,,,,,,,,,,金,,,,,,,,,,,,,,,,,,,,,,,,,金,,,
平野区,加美北,1丁目,20番,,,,,,,,,,,,,,,,,月木,,,,,,火,,,,,,,,,,,,,,,,金,,,,,,,,,,,,,,,,,,,,,,,,,金,,,
平野区,加美北,1丁目,21番,,,,,,,,,,,,,,,,,月木,,,,,,火,,,,,,,,,,,,,,,,金,,,,,,,,,,,,,,,,,,,,,,,,,金,,,
平野区,加美北,1丁目,22番,,,,,,,,,,,,,,,,,月木,,,,,,火,,,,,,,,,,,,,,,,金,,,,,,,,,,,,,,,,,,,,,,,,,金,,,
平野区,加美北,1丁目,23番,,,,,,,,,,,,,,,,,月木,,,,,,火,,,,,,,,,,,,,,,,金,,,,,,,,,,,,,,,,,,,,,,,,,金,,,
平野区,加美北,1丁目,24番,,,,,,,,,,,,,,,,月木,,,,,,,火,,,,,,,,,,,,,,,,金,,,,,,,,,,,,,,,,,,,,,,,,,金,,,
平野区,加美北,1丁目,25番,,,,,,,,,,,,,,,,,月木,,,,,,火,,,,,,,,,,,,,,,,金,,,,,,,,,,,,,,,,,,,,,,,,,金,,,
平野区,加美北,2丁目,1番,,,,,,,,,,,,,,,,,月木,,,,,,火,,,,,,,,,,,,,,,,金,,,,,,,,,,,,,,,,,,,,,,,,,金,,,
平野区,加美北,2丁目,2番,,,,,,,,,,,,,,,,,,月木,,,,,火,,,,,,,,,,,,,,,,金,,,,,,,,,,,,,,,,,,,,,,,,,金,,,
平野区,加美北,2丁目,3番,,,,,,,,,,,,,,,,,,月木,,,,,火,,,,,,,,,,,,,,,,金,,,,,,,,,,,,,,,,,,,,,,,,,金,,,
平野区,加美北,2丁目,4番,,,,,,,,,,,,,,,,,月木,,,,,,,火,,,,,,,,,,,,,,,,金,,,,,,,,,,,,,,,,,,,,,,,,金,,,
平野区,加美北,2丁目,5番,,,,,,,,,,,,,,,,,月木,,,,,,,火,,,,,,,,,,,,,,,,金,,,,,,,,,,,,,,,,,,,,,,,,金,,,
平野区,加美北,2丁目,6番,,,,,,,,,,,,,,,,,,月木,,,,,,火,,,,,,,,,,,,,,,,金,,,,,,,,,,,,,,,,,,,,,,,,金,,,
平野区,加美北,3丁目,1番,,,,,,,,,,,,,,,,月木,,,,,,,火,,,,,,,,,,,,,,,,金,,,,,,,,,,,,,,,,,,,,,,,,,金,,,
平野区,加美北,3丁目,2番,,,,,,,,,,,,,,,,,月木,,,,,,火,,,,,,,,,,,,,,,,金,,,,,,,,,,,,,,,,,,,,,,,,,金,,,
平野区,加美北,3丁目,3番,,,,,,,,,,,,,,,,,,月木,,,,,火,,,,,,,,,,,,,,,,金,,,,,,,,,,,,,,,,,,,,,,,,,金,,,
平野区,加美北,3丁目,4番,,,,,,,,,,,,,,,,,月木,,,,,,火,,,,,,,,,,,,,,,,金,,,,,,,,,,,,,,,,,,,,,,,,,金,,,
平野区,加美北,3丁目,5番,,,,,,,,,,,,,,,,,,月木,,,,,火,,,,,,,,,,,,,,,,金,,,,,,,,,,,,,,,,,,,,,,,,,金,,,
平野区,加美北,3丁目,6番,,,,,,,,,,,,,,,,,月木,,,,,,火,,,,,,,,,,,,,,,,金,,,,,,,,,,,,,,,,,,,,,,,,,金,,,
平野区,加美北,3丁目,7番,,,,,,,,,,,,,,,,,月木,,,,,,火,,,,,,,,,,,,,,,,金,,,,,,,,,,,,,,,,,,,,,,,,,金,,,
平野区,加美北,3丁目,8番,,,,,,,,,,,,,,,,,月木,,,,,,火,,,,,,,,,,,,,,,,金,,,,,,,,,,,,,,,,,,,,,,,,,金,,,
平野区,加美北,3丁目,9番,,,,,,,,,,,,,,,,,月木,,,,,,火,,,,,,,,,,,,,,,,金,,,,,,,,,,,,,,,,,,,,,,,,,金,,,
平野区,加美北,3丁目,10番,,,,,,,,,,,,,,,,,月木,,,,,,火,,,,,,,,,,,,,,,,金,,,,,,,,,,,,,,,,,,,,,,,,,金,,,
平野区,加美北,3丁目,11番,,,,,,,,,,,,,,,,,月木,,,,,,火,,,,,,,,,,,,,,,,,金,,,,,,,,,,,,,,,,,,,,,,,,金,,,
平野区,加美北,3丁目,12番,,,,,,,,,,,,,,,,,月木,,,,,,,,,火,,,,,,,,,,,,,,,,金,,,,,,,,,,,,,,,,,,,,,,金,,,
平野区,加美北,3丁目,13番,,,,,,,,,,,,,,,,,月木,,,,,,,,,火,,,,,,,,,,,,,,,,金,,,,,,,,,,,,,,,,,,,,,,金,,,
平野区,加美北,3丁目,14番,,,,,,,,,,,,,,,,,月木,,,,,,,,,火,,,,,,,,,,,,,,,,金,,,,,,,,,,,,,,,,,,,,,,金,,,
平野区,加美北,3丁目,15番,,,,,,,,,,,,,,,,,月木,,,,,,,,,火,,,,,,,,,,,,,,,,金,,,,,,,,,,,,,,,,,,,,,,金,,,
平野区,加美北,3丁目,16番,,,,,,,,,,,,,,,,,月木,,,,,,火,,,,,,,,,,,,,,,,金,,,,,,,,,,,,,,,,,,,,,,,,,金,,,
平野区,加美北,3丁目,17番,,,,,,,,,,,,,,,,,月木,,,,,,,火,,,,,,,,,,,,,,,,金,,,,,,,,,,,,,,,,,,,,,,,,金,,,
平野区,加美北,4丁目,1番,,,,,,,,,,,,,,,,,月木,,,,,,,火,,,,,,,,,,,,,,,,金,,,,,,,,,,,,,,,,,,,,,,,,金,,,
平野区,加美北,4丁目,2番,,,,,,,,,,,,,,,,,,月木,,,,,,火,,,,,,,,,,,,,,,,金,,,,,,,,,,,,,,,,,,,,,,,,金,,,
平野区,加美北,4丁目,3番,,,,,,,,,,,,,,,,,月木,,,,,,,火,,,,,,,,,,,,,,,,金,,,,,,,,,,,,,,,,,,,,,,,,金,,,
平野区,加美北,4丁目,4番,,,,,,,,,,,,,,,,,月木,,,,,,,火,,,,,,,,,,,,,,,,金,,,,,,,,,,,,,,,,,,,,,,,,金,,,
平野区,加美北,4丁目,5番,,,,,,,,,,,,,,,,,月木,,,,,,,火,,,,,,,,,,,,,,,,金,,,,,,,,,,,,,,,,,,,,,,,,金,,,
平野区,加美北,4丁目,6番,,,,,,,,,,,,,,,,,月木,,,,,,,,,火,,,,,,,,,,,,,,,,金,,,,,,,,,,,,,,,,,,,,,,金,,,
平野区,加美北,4丁目,7番,,,,,,,,,,,,,,,,,月木,,,,,,,,,火,,,,,,,,,,,,,,,,金,,,,,,,,,,,,,,,,,,,,,,金,,,
平野区,加美北,4丁目,8番,,,,,,,,,,,,,,,,,月木,,,,,,,,,火,,,,,,,,,,,,,,,,金,,,,,,,,,,,,,,,,,,,,,,金,,,
平野区,加美北,4丁目,9番,,,,,,,,,,,,,,,,,月木,,,,,,,,,火,,,,,,,,,,,,,,,,金,,,,,,,,,,,,,,,,,,,,,,金,,,
平野区,加美北,4丁目,10番,,,,,,,,,,,,,,,,,月木,,,,,,,,,火,,,,,,,,,,,,,,,,金,,,,,,,,,,,,,,,,,,,,,,金,,,
平野区,加美北,4丁目,11番,,,,,,,,,,,,,,,,,月木,,,,,,,,,火,,,,,,,,,,,,,,,,金,,,,,,,,,,,,,,,,,,,,,,金,,,
平野区,加美北,4丁目,12番,,,,,,,,,,,,,,,,,月木,,,,,,,,,火,,,,,,,,,,,,,,,,金,,,,,,,,,,,,,,,,,,,,,,金,,,
平野区,加美北,5丁目,1番,,,,,,,,,,,,,,,,,月木,,,,,,,火,,,,,,,,,,,,,,,,金,,,,,,,,,,,,,,,,,,,,,,,,金,,,
平野区,加美北,5丁目,2番,,,,,,,,,,,,,,,,,月木,,,,,,,,,火,,,,,,,,,,,,,,,,金,,,,,,,,,,,,,,,,,,,,,,金,,,
平野区,加美北,5丁目,3番,,,,,,,,,,,,,,,,,月木,,,,,,,,,火,,,,,,,,,,,,,,,,金,,,,,,,,,,,,,,,,,,,,,,金,,,
平野区,加美北,5丁目,4番,,,,,,,,,,,,,,,,,,月木,,,,,,,火,,,,,,,,,,,,,,,,金,,,,,,,,,,,,,,,,,,,,,,,金,,,
平野区,加美北,5丁目,5番,,,,,,,,,,,,,,,,,月木,,,,,,,,,火,,,,,,,,,,,,,,,,金,,,,,,,,,,,,,,,,,,,,,,金,,,
平野区,加美北,5丁目,6番,8号フェルティ･パーク平野ウエストコート,,,,,,,,月木,,,,,,,,,,,,,,,,,火,,,,,,,,,,,,,,,金,,,,,,,,,,,金,,,,,,,,,,,,,,,
平野区,加美北,5丁目,6番,20号フェルティ･パーク平野イーストアベニュー,,,,,,,,月木,,,,,,,,,,,,,,,,,火,,,,,,,,,,,,,,,金,,,,,,,,,,,金,,,,,,,,,,,,,,,
平野区,加美北,5丁目,6番,軽四輪車(小さい車)で収集している地域,,,,,,,,,,,,,,,,月木,,,,,,,,,火,,,,,,,,,,,,,,,,金,,,,,,,,,,,,,,,,,,,,,,金,,,
平野区,加美北,5丁目,6番,上記以外,,,,,,,,月木,,,,,,,,,,,,,,,,,火,,,,,,,,,,,,,,,,金,,,,,,,,,,,,,,,,,,,,,,金,,,
平野区,加美北,5丁目,7番,,,,,,,,,,,,,,,,,月木,,,,,,,,,火,,,,,,,,,,,,,,,,金,,,,,,,,,,,,,,,,,,,,,,金,,,
平野区,加美北,5丁目,8番,,,,,,,,,,,,,,,,,月木,,,,,,,,,火,,,,,,,,,,,,,,,,金,,,,,,,,,,,,,,,,,,,,,,金,,,
平野区,加美北,5丁目,9番,,,,,,,,,,,,,,,,,月木,,,,,,,,,火,,,,,,,,,,,,,,,,金,,,,,,,,,,,,,,,,,,,,,,金,,,
平野区,加美北,5丁目,10番,,,,,,,,,,,,,,,,,月木,,,,,,,,,火,,,,,,,,,,,,,,,,金,,,,,,,,,,,,,,,,,,,,,,金,,,
平野区,加美北,5丁目,11番,,,,,,,,,,,,,,,,月木,,,,,,,,,,火,,,,,,,,,,,,,,,,金,,,,,,,,,,,,,,,,,,,,,,金,,,
平野区,加美北,5丁目,12番,,,,,,,,,,,,,,,,,月木,,,,,,,,,火,,,,,,,,,,,,,,,,金,,,,,,,,,,,,,,,,,,,,,,金,,,
平野区,加美北,5丁目,13番,,,,,,,,,,,,,,,,,月木,,,,,,,,,火,,,,,,,,,,,,,,,,金,,,,,,,,,,,,,,,,,,,,,,金,,,
平野区,加美北,5丁目,14番,,,,,,,,,,,,,,,,,月木,,,,,,,,,火,,,,,,,,,,,,,,,,金,,,,,,,,,,,,,,,,,,,,,,金,,,
平野区,加美北,6丁目,1番,軽四輪車(小さい車)で収集している地域,,,,,,,,,,,,,,,,月木,,,,,,火,,,,,,,,,,,,,,,,金,,,,,,,,,,,,,,,,,,,,,,,,,金,,,
平野区,加美北,6丁目,1番,上記以外,,,,,,,,,,,,,,,,月木,,,,,,,,,火,,,,,,,,,,,,,,,,金,,,,,,,,,,,,,,,,,,,,,金,,,,
平野区,加美北,6丁目,2番,,,,,,,,,,,,,,,,月木,,,,,,,火,,,,,,,,,,,,,,,,金,,,,,,,,,,,,,,,,,,,,,,,,金,,,,
平野区,加美北,6丁目,3番,,,,,,,,,,,,,,,,,月木,,,,,,火,,,,,,,,,,,,,,,,金,,,,,,,,,,,,,,,,,,,,,,,,金,,,,
平野区,加美北,6丁目,4番,,,,,,,,,,,,,,,,,月木,,,,,,,,,火,,,,,,,,,,,,,,,,金,,,,,,,,,,,,,,,,,,,,,金,,,,
平野区,加美北,6丁目,5番,,,,,,,,,,,,,,,,,月木,,,,,,,,,火,,,,,,,,,,,,,,,,金,,,,,,,,,,,,,,,,,,,,,金,,,,
平野区,加美北,6丁目,6番,,,,,,,,,,,,,,,,,月木,,,,,,,,,火,,,,,,,,,,,,,,,,金,,,,,,,,,,,,,,,,,,,,,金,,,,
平野区,加美北,6丁目,7番,,,,,,,,,,,,,,,,,月木,,,,,,,,,火,,,,,,,,,,,,,,,,金,,,,,,,,,,,,,,,,,,,,,金,,,,
平野区,加美北,6丁目,8番,,,,,,,,,,,,,,,,,月木,,,,,,火,,,,,,,,,,,,,,,,金,,,,,,,,,,,,,,,,,,,,,,,,金,,,,
平野区,加美北,6丁目,9番,,,,,,,,,,,,,,,,月木,,,,,,,,,,火,,,,,,,,,,,,,,,,金,,,,,,,,,,,,,,,,,,,,,金,,,,
平野区,加美北,6丁目,10番,,,,,,,,,,,,,,,,月木,,,,,,,火,,,,,,,,,,,,,,,,金,,,,,,,,,,,,,,,,,,,,,,,,金,,,,
平野区,加美北,6丁目,11番,,,,,,,,,,,,,,,,,月木,,,,,,火,,,,,,,,,,,,,,,,金,,,,,,,,,,,,,,,,,,,,,,,,金,,,,
平野区,加美北,6丁目,12番,,,,,,,,,,,,,,,,,月木,,,,,,火,,,,,,,,,,,,,,,,金,,,,,,,,,,,,,,,,,,,,,,,,金,,,,
平野区,加美北,6丁目,13番,,,,,,,,,,,,,,,,,月木,,,,,,火,,,,,,,,,,,,,,,,金,,,,,,,,,,,,,,,,,,,,,,,,金,,,,
平野区,加美北,6丁目,14番,,,,,,,,,,,,,,,,,月木,,,,,,火,,,,,,,,,,,,,,,,金,,,,,,,,,,,,,,,,,,,,,,,,金,,,,
平野区,加美北,6丁目,15番,,,,,,,,,,,,,,,,,月木,,,,,,火,,,,,,,,,,,,,,,,金,,,,,,,,,,,,,,,,,,,,,,,,金,,,,
平野区,加美北,6丁目,16番,,,,,,,,,,,,,,,,,月木,,,,,,火,,,,,,,,,,,,,,,,金,,,,,,,,,,,,,,,,,,,,,,,,金,,,,
平野区,加美北,6丁目,17番,,,,,,,,,,,,,,,,,月木,,,,,,火,,,,,,,,,,,,,,,,金,,,,,,,,,,,,,,,,,,,,,,,,金,,,,
平野区,加美北,7丁目,1番,,,,,,,,,,,,,,,,,月木,,,,,,,,,火,,,,,,,,,,,,,,,,金,,,,,,,,,,,,,,,,,,,,,金,,,,
平野区,加美北,7丁目,2番,,,,,,,,,,,,,,,,,月木,,,,,,,,,火,,,,,,,,,,,,,,,,金,,,,,,,,,,,,,,,,,,,,,金,,,,
平野区,加美北,7丁目,3番,,,,,,,,,,,,,,,,,月木,,,,,,,,,火,,,,,,,,,,,,,,,,金,,,,,,,,,,,,,,,,,,,,,金,,,,
平野区,加美北,7丁目,4番,,,,,,,,,,,,,,,,,月木,,,,,,,,,火,,,,,,,,,,,,,,,,金,,,,,,,,,,,,,,,,,,,,,金,,,,
平野区,加美北,7丁目,5番,,,,,,,,,,,,,,,,,月木,,,,,,,,,火,,,,,,,,,,,,,,,,金,,,,,,,,,,,,,,,,,,,,,金,,,,
平野区,加美北,7丁目,6番,,,,,,,,,,,,,,,,,月木,,,,,,火,,,,,,,,,,,,,,,,金,,,,,,,,,,,,,,,,,,,,,,,,金,,,,
平野区,加美北,7丁目,7番,,,,,,,,,,,,,,,,,月木,,,,,,火,,,,,,,,,,,,,,,,金,,,,,,,,,,,,,,,,,,,,,,,,金,,,,
平野区,加美北,7丁目,8番,,,,,,,,,,,,,,,,,月木,,,,,,火,,,,,,,,,,,,,,,,金,,,,,,,,,,,,,,,,,,,,,,,,金,,,,
平野区,加美北,7丁目,9番,,,,,,,,,,,,,,,,,月木,,,,,,,,,火,,,,,,,,,,,,,,,,金,,,,,,,,,,,,,,,,,,,,,金,,,,
平野区,加美北,7丁目,10番,,,,,,,,,,,,,,,,,月木,,,,,,火,,,,,,,,,,,,,,,,金,,,,,,,,,,,,,,,,,,,,,,,,金,,,,
平野区,加美北,7丁目,11番,,,,,,,,,,,,,,,,,月木,,,,,,,火,,,,,,,,,,,,,,,,金,,,,,,,,,,,,,,,,,,,,,,,金,,,,
平野区,加美北,8丁目,1番,,,,,,,,,,,,,,,,,月木,,,,,,,,火,,,,,,,,,,,,,,,,金,,,,,,,,,,,,,,,,,,,,,,金,,,,
平野区,加美北,8丁目,2番,,,,,,,,,,,,,,,,,月木,,,,,,,,,火,,,,,,,,,,,,,,,,金,,,,,,,,,,,,,,,,,,,,,金,,,,
平野区,加美北,8丁目,3番,,,,,,,,,,,,,,,,,,月木,,,,,,,,火,,,,,,,,,,,,,,,,金,,,,,,,,,,,,,,,,,,,,,,金,,,
平野区,加美北,8丁目,4番,,,,,,,,,,,,,,,,,月木,,,,,,,,,火,,,,,,,,,,,,,,,,金,,,,,,,,,,,,,,,,,,,,,金,,,,
平野区,加美北,8丁目,5番,,,,,,,,,,,,,,,,,月木,,,,,,,,,火,,,,,,,,,,,,,,,,金,,,,,,,,,,,,,,,,,,,,,金,,,,
平野区,加美北,8丁目,6番,,,,,,,,,,,,,,,,,月木,,,,,,,,,火,,,,,,,,,,,,,,,,金,,,,,,,,,,,,,,,,,,,,,金,,,,
平野区,加美北,8丁目,7番,,,,,,,,,,,,,,,,,月木,,,,,,火,,,,,,,,,,,,,,,,金,,,,,,,,,,,,,,,,,,,,,,,,金,,,,
平野区,加美北,8丁目,8番,,,,,,,,,,,,,,,,,月木,,,,,,,火,,,,,,,,,,,,,,,,金,,,,,,,,,,,,,,,,,,,,,,,金,,,,
平野区,加美北,8丁目,9番,,,,,,,,,,,,,,,,,月木,,,,,,,,,火,,,,,,,,,,,,,,,,金,,,,,,,,,,,,,,,,,,,,,金,,,,
平野区,加美北,8丁目,10番,,,,,,,,,,,,,,,,,月木,,,,,,,,,火,,,,,,,,,,,,,,,,金,,,,,,,,,,,,,,,,,,,,,金,,,,
平野区,加美北,8丁目,11番,,,,,,,,,,,,,,,,,月木,,,,,,,,,火,,,,,,,,,,,,,,,,金,,,,,,,,,,,,,,,,,,,,,金,,,,
平野区,加美北,8丁目,12番,,,,,,,,,,,,,,,,,月木,,,,,,火,,,,,,,,,,,,,,,,金,,,,,,,,,,,,,,,,,,,,,,,,金,,,,
平野区,加美北,8丁目,13番,,,,,,,,,,,,,,,,,月木,,,,,,火,,,,,,,,,,,,,,,,金,,,,,,,,,,,,,,,,,,,,,,,,金,,,,
平野区,加美北,8丁目,14番,,,,,,,,,,,,,,,,,月木,,,,,,火,,,,,,,,,,,,,,,,金,,,,,,,,,,,,,,,,,,,,,,,,金,,,,
平野区,加美北,8丁目,16番,,,,,,,,,,,,,,,,,月木,,,,,,,,,火,,,,,,,,,,,,,,,,金,,,,,,,,,,,,,,,,,,,,,金,,,,
平野区,加美北,8丁目,18番,,,,,,,,,,,,,,,,,月木,,,,,,,,,,火,,,,,,,,,,,,,,,,金,,,,,,,,,,,,,,,,,,,,金,,,,
平野区,加美北,8丁目,19番,,,,,,,,,,,,,,,,,月木,,,,,,火,,,,,,,,,,,,,,,,金,,,,,,,,,,,,,,,,,,,,,,,,金,,,,
平野区,加美北,8丁目,21番,,,,,,,,,,,,,,,,,月木,,,,,,火,,,,,,,,,,,,,,,,金,,,,,,,,,,,,,,,,,,,,,,,,金,,,,
平野区,加美北,8丁目,22番,,,,,,,,,,,,,,,,,月木,,,,,,火,,,,,,,,,,,,,,,,金,,,,,,,,,,,,,,,,,,,,,,,,金,,,,
平野区,加美北,8丁目,23番,,,,,,,,,,,,,,,,,月木,,,,,,,,,火,,,,,,,,,,,,,,,,金,,,,,,,,,,,,,,,,,,,,,金,,,,
平野区,加美北,8丁目,24番,,,,,,,,,,,,,,,,,月木,,,,,,,,,火,,,,,,,,,,,,,,,,金,,,,,,,,,,,,,,,,,,,,,金,,,,
平野区,加美北,9丁目,1番,,,,,,,,,,,,,,,,,月木,,,,,,火,,,,,,,,,,,,,,,,金,,,,,,,,,,,,,,,,,,,,,,,,金,,,,
平野区,加美北,9丁目,2番,,,,,,,,,,,,,,,,,月木,,,,,,火,,,,,,,,,,,,,,,,金,,,,,,,,,,,,,,,,,,,,,,,,金,,,,
平野区,加美北,9丁目,3番,,,,,,,,,,,,,,,,,月木,,,,,,火,,,,,,,,,,,,,,,,金,,,,,,,,,,,,,,,,,,,,,,,,金,,,,
平野区,加美北,9丁目,4番,,,,,,,,,,,,,,,,,月木,,,,,,火,,,,,,,,,,,,,,,,金,,,,,,,,,,,,,,,,,,,,,,,,金,,,,
平野区,加美北,9丁目,5番,,,,,,,,,,,,,,,,,月木,,,,,,火,,,,,,,,,,,,,,,,金,,,,,,,,,,,,,,,,,,,,,,,,金,,,,
平野区,加美北,9丁目,6番,,,,,,,,,,,,,,,,,月木,,,,,,火,,,,,,,,,,,,,,,,金,,,,,,,,,,,,,,,,,,,,,,,,金,,,,
平野区,加美北,9丁目,7番,,,,,,,,,,,,,,,,,月木,,,,,,火,,,,,,,,,,,,,,,,金,,,,,,,,,,,,,,,,,,,,,,,,金,,,,
平野区,加美北,9丁目,8番,,,,,,,,,,,,,,,,,月木,,,,,,火,,,,,,,,,,,,,,,,金,,,,,,,,,,,,,,,,,,,,,,,,金,,,,
平野区,加美北,9丁目,9番,,,,,,,,,,,,,,,,,月木,,,,,,火,,,,,,,,,,,,,,,,金,,,,,,,,,,,,,,,,,,,,,,,,金,,,,
平野区,加美北,9丁目,10番,,,,,,,,,,,,,,,,,月木,,,,,,火,,,,,,,,,,,,,,,,金,,,,,,,,,,,,,,,,,,,,,,,,金,,,,
平野区,加美北,9丁目,11番,,,,,,,,,,,,,,,,,月木,,,,,,火,,,,,,,,,,,,,,,,金,,,,,,,,,,,,,,,,,,,,,,,,金,,,,
平野区,加美北,9丁目,12番,,,,,,,,,,,,,,,,,月木,,,,,,火,,,,,,,,,,,,,,,,金,,,,,,,,,,,,,,,,,,,,,,,,金,,,,
平野区,加美北,9丁目,13番,,,,,,,,,,,,,,,,,月木,,,,,,火,,,,,,,,,,,,,,,,金,,,,,,,,,,,,,,,,,,,,,,,,金,,,,
平野区,加美北,9丁目,14番,,,,,,,,,,,,,,,,,,月木,,,,,火,,,,,,,,,,,,,,,,金,,,,,,,,,,,,,,,,,,,,,,,,金,,,,
平野区,加美北,9丁目,15番,,,,,,,,,,,,月木,,,,,,,,,,,,火,,,,,,,,,,,,,,,金,,,,,,,,,,,,,,,,,,,,,,,,金,,,,
平野区,加美北,9丁目,17番,,,,,,,,,,,,,月木,,,,,,,,,,,火,,,,,,,,,,,,,,,金,,,,,,,,,,,,,,,,,,,,,,,,金,,,,
平野区,加美鞍作,1丁目,1番,,,,,,,,,,,,月木,,,,,,,,,,,,,,,,,,,火,,,,,,,,,,,,,,,,金,,,,,,,,,,火,,,,,,,,,,
平野区,加美鞍作,1丁目,2番,,,,,,,,,,,,,月木,,,,,,,,,,,,,,,,,,火,,,,,,,,,,,,,,,,金,,,,,,,,,,火,,,,,,,,,,
平野区,加美鞍作,1丁目,3番,,,,,,,,,,,,,月木,,,,,,,,,,,,,,,,,,火,,,,,,,,,,,,,,,,金,,,,,,,,,,火,,,,,,,,,,
平野区,加美鞍作,1丁目,4番,,,,,,,,,,,,,月木,,,,,,,,,,,,,,,,,,火,,,,,,,,,,,,,,,,金,,,,,,,,,,火,,,,,,,,,,
平野区,加美鞍作,1丁目,5番,,,,,,,,,,,月木,,,,,,,,,,,,,,,,,,,,火,,,,,,,,,,,,,,,,金,,,,,,,,,,火,,,,,,,,,,
平野区,加美鞍作,1丁目,6番,,,,,,,,,,,月木,,,,,,,,,,,,,,,,,,,,火,,,,,,,,,,,,,,,,金,,,,,,,,,,火,,,,,,,,,,
平野区,加美鞍作,1丁目,7番,,,,,,,,,,,月木,,,,,,,,,,,,,,,,,,,,火,,,,,,,,,,,,,,,,金,,,,,,,,,,火,,,,,,,,,,
平野区,加美鞍作,1丁目,8番,,,,,,,,,,,月木,,,,,,,,,,,,,,,,,,,,火,,,,,,,,,,,,,,,,金,,,,,,,,,,火,,,,,,,,,,
平野区,加美鞍作,1丁目,9番,,,,,,,月木,,,,,,,,,,,,,,,,,,,,,,,,火,,,,,,,,,,,,,,,,金,,,,,,,,火,,,,,,,,,,,,
平野区,加美鞍作,1丁目,10番,,,,,,,,,,,月木,,,,,,,,,,,,,,,,,,,,火,,,,,,,,,,,,,,,,金,,,,,,,,火,,,,,,,,,,,,
平野区,加美鞍作,1丁目,11番,,,,,,,,,,,月木,,,,,,,,,,,,,,,,,,,,火,,,,,,,,,,,,,,,,金,,,,,,,,,,火,,,,,,,,,,
平野区,加美鞍作,1丁目,12番,,,,,,,,,,,月木,,,,,,,,,,,,,,,,,,,,火,,,,,,,,,,,,,,,,金,,,,,,,,,,火,,,,,,,,,,
平野区,加美鞍作,1丁目,13番,,,,,,,,,,,月木,,,,,,,,,,,,,,,,,,,,火,,,,,,,,,,,,,,,,金,,,,,,,,,,火,,,,,,,,,,
平野区,加美鞍作,1丁目,14番,,,,,,,,,,,月木,,,,,,,,,,,,,,,,,,,,火,,,,,,,,,,,,,,,,金,,,,,,,,,,火,,,,,,,,,,
平野区,加美鞍作,2丁目,1番,,,,,,,,,,,,月木,,,,,,,,,,,,,,,,,,,火,,,,,,,,,,,,,,,,金,,,,,,,,火,,,,,,,,,,,,
平野区,加美鞍作,2丁目,2番,,,,,,,,,,,,月木,,,,,,,,,,,,,,,,,,,火,,,,,,,,,,,,,,,,金,,,,,,,,火,,,,,,,,,,,,
平野区,加美鞍作,2丁目,3番,,,,,,,,,,,,月木,,,,,,,,,,,,,,,,,,,火,,,,,,,,,,,,,,,,金,,,,,,,,火,,,,,,,,,,,,
平野区,加美鞍作,2丁目,4番,,,,,,,,,,,,月木,,,,,,,,,,,,,,,,,,,火,,,,,,,,,,,,,,,,金,,,,,,,,火,,,,,,,,,,,,
平野区,加美鞍作,2丁目,5番,,,,,,,,,,,,月木,,,,,,,,,,,,,,,,,,,火,,,,,,,,,,,,,,,,金,,,,,,,,火,,,,,,,,,,,,
平野区,加美鞍作,2丁目,6番,,,,,,,,,,,,月木,,,,,,,,,,,,,,,,,,,火,,,,,,,,,,,,,,,,金,,,,,,,,,,火,,,,,,,,,,
平野区,加美鞍作,2丁目,7番,,,,,,,,,,,,月木,,,,,,,,,,,,,,,,,,,火,,,,,,,,,,,,,,,,金,,,,,,,,火,,,,,,,,,,,,
平野区,加美鞍作,2丁目,8番,,,,,,,,,,,,月木,,,,,,,,,,,,,,,,,,,火,,,,,,,,,,,,,,,,金,,,,,,,,,,火,,,,,,,,,,
平野区,加美鞍作,2丁目,9番,,,,,,,,,,,,月木,,,,,,,,,,,,,,,,,,,火,,,,,,,,,,,,,,,,金,,,,,,,,,,火,,,,,,,,,,
平野区,加美鞍作,2丁目,10番,,,,,,,,,,,,月木,,,,,,,,,,,,,,,,,,,火,,,,,,,,,,,,,,,,金,,,,,,,,火,,,,,,,,,,,,
平野区,加美鞍作,2丁目,11番,,,,,,,,,,,,月木,,,,,,,,,,,,,,,,,,,火,,,,,,,,,,,,,,,,金,,,,,,,,火,,,,,,,,,,,,
平野区,加美鞍作,2丁目,12番,,,,,,,,,,,,月木,,,,,,,,,,,,,,,,,,,火,,,,,,,,,,,,,,,,金,,,,,,,,火,,,,,,,,,,,,
平野区,加美鞍作,2丁目,13番,,,,,,,,,,,,月木,,,,,,,,,,,,,,,,,,,火,,,,,,,,,,,,,,,,金,,,,,,,,火,,,,,,,,,,,,
平野区,加美鞍作,2丁目,14番,,,,,,,,,,,,月木,,,,,,,,,,,,,,,,,,,火,,,,,,,,,,,,,,,,金,,,,,,,,火,,,,,,,,,,,,
平野区,加美鞍作,2丁目,15番,,,,,,,,,,,,月木,,,,,,,,,,,,,,,,,,,火,,,,,,,,,,,,,,,,金,,,,,,,,火,,,,,,,,,,,,
平野区,加美鞍作,2丁目,16番,,,,,,,,,,,,,月木,,,,,,,,,,,,,,,,,,火,,,,,,,,,,,,,,,,金,,,,,,,,火,,,,,,,,,,,,
平野区,加美鞍作,2丁目,17番,,,,,,,,,,,,月木,,,,,,,,,,,,,,,,,,,火,,,,,,,,,,,,,,,,金,,,,,,,,火,,,,,,,,,,,,
平野区,加美鞍作,3丁目,1番,,,,,,,,,,,,月木,,,,,,,,,,,,,,,,,,,火,,,,,,,,,,,,,,,,金,,,,,,,,火,,,,,,,,,,,,
平野区,加美鞍作,3丁目,2番,,,,,,,月木,,,,,,,,,,,,,,,,,,,,,,,,火,,,,,,,,,,,,,,,,金,,,,,,,,火,,,,,,,,,,,,
平野区,加美鞍作,3丁目,3番,,,,,,,,,,,,月木,,,,,,,,,,,,,,,,,,,火,,,,,,,,,,,,,,,,金,,,,,,,,火,,,,,,,,,,,,
平野区,加美鞍作,3丁目,4番,,,,,,,,,,,,月木,,,,,,,,,,,,,,,,,,,火,,,,,,,,,,,,,,,,金,,,,,,,,火,,,,,,,,,,,,
平野区,加美鞍作,3丁目,5番,,,,,,,,,,,,,月木,,,,,,,,,,,,,,,,,,火,,,,,,,,,,,,,,,,金,,,,,,,,火,,,,,,,,,,,,
平野区,加美鞍作,3丁目,6番,,,,,,,,,,,,,月木,,,,,,,,,,,,,,,,,,火,,,,,,,,,,,,,,,,金,,,,,,,,火,,,,,,,,,,,,
平野区,加美鞍作,3丁目,7番,,,,,,,月木,,,,,,,,,,,,,,,,,,,,,,,,火,,,,,,,,,,,,,,,,金,,,,,,,,火,,,,,,,,,,,,
平野区,加美鞍作,3丁目,8番,,,,,,,月木,,,,,,,,,,,,,,,,,,,,,,,,火,,,,,,,,,,,,,,,,金,,,,,,,,火,,,,,,,,,,,,
平野区,加美鞍作,3丁目,9番,,,,,,,月木,,,,,,,,,,,,,,,,,,,,,,,,火,,,,,,,,,,,,,,,,金,,,,,,,,火,,,,,,,,,,,,
平野区,加美鞍作,3丁目,10番,,,,,,,月木,,,,,,,,,,,,,,,,,,,,,,,,火,,,,,,,,,,,,,,,,金,,,,,,,,火,,,,,,,,,,,,
平野区,加美鞍作,3丁目,11番,,,,,,,月木,,,,,,,,,,,,,,,,,,,,,,,,火,,,,,,,,,,,,,,,,金,,,,,,,,火,,,,,,,,,,,,
平野区,加美鞍作,3丁目,12番,,,,,,,,,,,,,月木,,,,,,,,,,,,,,,,,,火,,,,,,,,,,,,,,,,金,,,,,,,,火,,,,,,,,,,,,
平野区,加美正覚寺,1丁目,1番,,,,,,,,,,,,,,,,,月木,,,,,,火,,,,,,,,,,,,,,,,金,,,,,,,,,,,,,,,,,,,,,,,,火,,,,
平野区,加美正覚寺,1丁目,2番,,,,,,,,,,,,,,,,,月木,,,,,,火,,,,,,,,,,,,,,,,金,,,,,,,,,,,,,,,,,,,,,,,,火,,,,
平野区,加美正覚寺,1丁目,3番,,,,,,,,,,,,,,,,,月木,,,,,,火,,,,,,,,,,,,,,,,金,,,,,,,,,,,,,,,,,,,,,,,,火,,,,
平野区,加美正覚寺,1丁目,4番,,,,,,,,,,,,,,,,,月木,,,,,,火,,,,,,,,,,,,,,,,金,,,,,,,,,,,,,,,,,,,,,,,,火,,,,
平野区,加美正覚寺,1丁目,5番,,,,,,,,,,,,,,,,,,月木,,,,,火,,,,,,,,,,,,,,,,金,,,,,,,,,,,,,,,,,,,,,,,,火,,,,
平野区,加美正覚寺,1丁目,6番,,,,,,,,,,,,,,,,,,月木,,,,,火,,,,,,,,,,,,,,,,金,,,,,,,,,,,,,,,,,,,,,,,,火,,,,
平野区,加美正覚寺,1丁目,7番,,,,,,,,,,,,,,,,,,月木,,,,,火,,,,,,,,,,,,,,,,金,,,,,,,,,,,,,,,,,,,,,,,,火,,,,
平野区,加美正覚寺,1丁目,8番,,,,,,,,,,,,,,,,,月木,,,,,,火,,,,,,,,,,,,,,,,金,,,,,,,,,,,,,,,,,,,,,,,,火,,,,
平野区,加美正覚寺,1丁目,9番,,,,,,,,,,,,,,,,,,月木,,,,,火,,,,,,,,,,,,,,,,金,,,,,,,,,,,,,,,,,,,,,,,,火,,,,
平野区,加美正覚寺,1丁目,10番,,,,,,,,,,,,,,,,,,月木,,,,,火,,,,,,,,,,,,,,,,金,,,,,,,,,,,,,,,,,,,,,,,,火,,,,
平野区,加美正覚寺,1丁目,11番,,,,,,,,,,,,,,,,,,月木,,,,,火,,,,,,,,,,,,,,,,金,,,,,,,,,,,,,,,,,,,,,,,,火,,,,
平野区,加美正覚寺,1丁目,12番,,,,,,,,,,,,,,,,,,月木,,,,,火,,,,,,,,,,,,,,,,金,,,,,,,,,,,,,,,,,,,,,,,,火,,,,
平野区,加美正覚寺,1丁目,13番,,,,,,,,,,,,,,,,,,月木,,,,,火,,,,,,,,,,,,,,,,金,,,,,,,,,,,,,,,,,,,,,,,,火,,,,
平野区,加美正覚寺,1丁目,14番,,,,,,,,,,,,,,,,,,月木,,,,,火,,,,,,,,,,,,,,,,金,,,,,,,,,,,,,,,,,,,,,,,,火,,,,
平野区,加美正覚寺,1丁目,15番,,,,,,,,,,,,,,,,,,月木,,,,,火,,,,,,,,,,,,,,,,金,,,,,,,,,,,,,,,,,,,,,,,,火,,,,
平野区,加美正覚寺,1丁目,16番,,,,,,,,,,,,,,,,,月木,,,,,,火,,,,,,,,,,,,,,,,金,,,,,,,,,,,,,,,,,,,,,,,,火,,,,
平野区,加美正覚寺,1丁目,17番,,,,,,,,,,,,,,,,,,月木,,,,,火,,,,,,,,,,,,,,,,金,,,,,,,,,,,,,,,,,,,,,,,,火,,,,
平野区,加美正覚寺,1丁目,18番,,,,,,,,,,,,,,,,,月木,,,,,,火,,,,,,,,,,,,,,,,金,,,,,,,,,,,,,,,,,,,,,,,,火,,,,
平野区,加美正覚寺,1丁目,19番,,,,,,,,,,,,,,,,,月木,,,,,,火,,,,,,,,,,,,,,,,金,,,,,,,,,,,,,,,,,,,,,,,,火,,,,
平野区,加美正覚寺,1丁目,20番,,,,,,,,,,,,,,,,,月木,,,,,,火,,,,,,,,,,,,,,,,金,,,,,,,,,,,,,,,,,,,,,,,,火,,,,
平野区,加美正覚寺,1丁目,21番,,,,,,,,,,,,,,,,,月木,,,,,,火,,,,,,,,,,,,,,,,金,,,,,,,,,,,,,,,,,,,,,,,,火,,,,
平野区,加美正覚寺,1丁目,22番,,,,,,,,,,,,,,,,,月木,,,,,,火,,,,,,,,,,,,,,,,金,,,,,,,,,,,,,,,,,,,,,,,,火,,,,
平野区,加美正覚寺,1丁目,23番,,,,,,,,,,,,,,,,,,月木,,,,,火,,,,,,,,,,,,,,,,金,,,,,,,,,,,,,,,,,,,,,,,,,,,,
平野区,加美正覚寺,1丁目,24番,,,,,,,,,,,,,,,,,,月木,,,,,火,,,,,,,,,,,,,,,,金,,,,,,,,,,,,,,,,,,,,,,,,,,,,
平野区,加美正覚寺,1丁目,25番,,,,,,,,,,,,,,,,,,月木,,,,,火,,,,,,,,,,,,,,,,金,,,,,,,,,,,,,,,,,,,,,,,,火,,,,
平野区,加美正覚寺,2丁目,1番,,,,,,,,,,,,,,,,,,月木,,,,,火,,,,,,,,,,,,,,,,金,,,,,,,,,,,,,,,,,,,,,,,,火,,,,
平野区,加美正覚寺,2丁目,2番,,,,,,,,,,,,,,,,,月木,,,,,,火,,,,,,,,,,,,,,,,金,,,,,,,,,,,,,,,,,,,,,,,,火,,,,
平野区,加美正覚寺,2丁目,3番,,,,,,,,,,,,,,,,,月木,,,,,,火,,,,,,,,,,,,,,,,金,,,,,,,,,,,,,,,,,,,,,,,,火,,,,
平野区,加美正覚寺,2丁目,4番,,,,,,,,,,,,,,,,,,月木,,,,,火,,,,,,,,,,,,,,,,金,,,,,,,,,,,,,,,,,,,,,,,,火,,,,
平野区,加美正覚寺,2丁目,5番,,,,,,,,,,,,,,,,,月木,,,,,,火,,,,,,,,,,,,,,,,金,,,,,,,,,,,,,,,,,,,,,,,,火,,,,
平野区,加美正覚寺,2丁目,6番,,,,,,,,,,,,,,,,,月木,,,,,,火,,,,,,,,,,,,,,,,金,,,,,,,,,,,,,,,,,,,,,,,,火,,,,
平野区,加美正覚寺,2丁目,7番,,,,,,,,,,,,,,,,,,月木,,,,,,,火,,,,,,,,,,,,,,,,金,,,,,,,,,,,,,,,,,,,,,,火,,,,
平野区,加美正覚寺,2丁目,8番,,,,,,,,,,,,,,,,,月木,,,,,,火,,,,,,,,,,,,,,,,金,,,,,,,,,,,,,,,,,,,,,,,,火,,,,
平野区,加美正覚寺,2丁目,9番,,,,,,,,,,,,,,,,,,月木,,,,,火,,,,,,,,,,,,,,,,金,,,,,,,,,,,,,,,,,,,,,,,,火,,,,
平野区,加美正覚寺,2丁目,10番,,,,,,,,,,,,,,,,,,月木,,,,,火,,,,,,,,,,,,,,,,金,,,,,,,,,,,,,,,,,,,,,,,,火,,,,
平野区,加美正覚寺,2丁目,11番,,,,,,,,,,,,,,,,,月木,,,,,,火,,,,,,,,,,,,,,,,金,,,,,,,,,,,,,,,,,,,,,,,,火,,,,
平野区,加美正覚寺,2丁目,12番,,,,,,,,,,,,,,,,,月木,,,,,,火,,,,,,,,,,,,,,,,金,,,,,,,,,,,,,,,,,,,,,,,,火,,,,
平野区,加美正覚寺,3丁目,1番,,,,,,,,,,,,,,,,,,月木,,,,,火,,,,,,,,,,,,,,,,金,,,,,,,,,,,,,,,,,,,,,,,,火,,,,
平野区,加美正覚寺,3丁目,2番,,,,,,,,,,,,,,,,,,月木,,,,,火,,,,,,,,,,,,,,,,金,,,,,,,,,,,,,,,,,,,,,,,,火,,,,
平野区,加美正覚寺,3丁目,3番,,,,,,,,,,,,,,,,,,月木,,,,,火,,,,,,,,,,,,,,,,金,,,,,,,,,,,,,,,,,,,,,,,,火,,,,
平野区,加美正覚寺,3丁目,4番,,,,,,,,,,,,,,,,,,月木,,,,,火,,,,,,,,,,,,,,,,金,,,,,,,,,,,,,,,,,,,,,,,,火,,,,
平野区,加美正覚寺,3丁目,5番,,,,,,,,,,,,,,,,,月木,,,,,,火,,,,,,,,,,,,,,,,金,,,,,,,,,,,,,,,,,,,,,,,,火,,,,
平野区,加美正覚寺,3丁目,6番,,,,,,,,,,,,,,,,,月木,,,,,,,,火,,,,,,,,,,,,,,,,金,,,,,,,,,,,,,,,,,,,,,,火,,,,
平野区,加美正覚寺,3丁目,7番,,,,,,,,,,,,,,,,,月木,,,,,,火,,,,,,,,,,,,,,,,金,,,,,,,,,,,,,,,,,,,,,,,,火,,,,
平野区,加美正覚寺,3丁目,8番,,,,,,,,,,,,,,,,,月木,,,,,,火,,,,,,,,,,,,,,,,金,,,,,,,,,,,,,,,,,,,,,,,,火,,,,
平野区,加美正覚寺,3丁目,9番,,,,,,,,,,,,,,,,,月木,,,,,,火,,,,,,,,,,,,,,,,金,,,,,,,,,,,,,,,,,,,,,,,,火,,,,
平野区,加美正覚寺,3丁目,10番,,,,,,,,,,,,,,,,,月木,,,,,,火,,,,,,,,,,,,,,,,金,,,,,,,,,,,,,,,,,,,,,,,,,火,,,
平野区,加美正覚寺,3丁目,11番,,,,,,,,,,,,,,,,,月木,,,,,,火,,,,,,,,,,,,,,,,金,,,,,,,,,,,,,,,,,,,,,,,,火,,,,
平野区,加美正覚寺,3丁目,14番,,,,,,,,,,,,,,,,,月木,,,,,,,,火,,,,,,,,,,,,,,,,金,,,,,,,,,,,,,,,,,,,,,,火,,,,
平野区,加美正覚寺,4丁目,1番,,,,,,,,,,,,,,,,,月木,,,,,,,,火,,,,,,,,,,,,,,,,金,,,,,,,,,,,,,,,,,,,,,,火,,,,
平野区,加美正覚寺,4丁目,2番,,,,,,,,,,,,,,,,,,月木,,,,,,,火,,,,,,,,,,,,,,,,金,,,,,,,,,,,,,,,,,,,,,,火,,,,
平野区,加美正覚寺,4丁目,3番,,,,,,,,,,,,,,,,,,月木,,,,,,,火,,,,,,,,,,,,,,,,金,,,,,,,,,,,,,,,,,,,,,,火,,,,
平野区,加美正覚寺,4丁目,4番,,,,,,,,,,,,,,,,,,月木,,,,,火,,,,,,,,,,,,,,,,金,,,,,,,,,,,,,,,,,,,,,,,,火,,,,
平野区,加美正覚寺,4丁目,5番,,,,,,,,,,,,,,,,,,月木,,,,,火,,,,,,,,,,,,,,,,金,,,,,,,,,,,,,,,,,,,,,,,,火,,,,
平野区,加美正覚寺,4丁目,6番,,,,,,,,,,,,,,,,,,月木,,,,,火,,,,,,,,,,,,,,,,金,,,,,,,,,,,,,,,,,,,,,,,,火,,,,
平野区,加美正覚寺,4丁目,7番,,,,,,,,,,,,,,,,,,月木,,,,,火,,,,,,,,,,,,,,,,金,,,,,,,,,,,,,,,,,,,,,,,,火,,,,
平野区,加美西,1丁目,1番,,,,,,,,,,,,月木,,,,,,,,,,,,,,,,,,,,,火,,,,,,,,,,,,,,,,金,,,,,,火,,,,,,,,,,,,
平野区,加美西,1丁目,2番,,,,,,,,,,月木,,,,,,,,,,,,,,,,,,,,,,,火,,,,,,,,,,,,,,,,金,,,,,,火,,,,,,,,,,,,
平野区,加美西,1丁目,3番,,,,,,,,,,月木,,,,,,,,,,,,,,,,,,,,,,,火,,,,,,,,,,,,,,,,金,,,,,,火,,,,,,,,,,,,
平野区,加美西,1丁目,4番,,,,,,,,,,,,月木,,,,,,,,,,,,,,,,,,,,,火,,,,,,,,,,,,,,,,金,,,,,,火,,,,,,,,,,,,
平野区,加美西,1丁目,5番,,,,,,,,,,月木,,,,,,,,,,,,,,,,,,,,,,,火,,,,,,,,,,,,,,,,金,,,,,,火,,,,,,,,,,,,
平野区,加美西,1丁目,6番,,,,,,,,,,月木,,,,,,,,,,,,,,,,,,,,,,,,火,,,,,,,,,,,,,,,,金,,,,,火,,,,,,,,,,,,
平野区,加美西,1丁目,7番,,,,,,,,,,月木,,,,,,,,,,,,,,,,,,,,,,,火,,,,,,,,,,,,,,,,金,,,,,,火,,,,,,,,,,,,
平野区,加美西,1丁目,8番,,,,,,,,,,月木,,,,,,,,,,,,,,,,,,,,,,,火,,,,,,,,,,,,,,,,金,,,,,,火,,,,,,,,,,,,
平野区,加美西,1丁目,9番,,,,,,,,,,月木,,,,,,,,,,,,,,,,,,,,,,,火,,,,,,,,,,,,,,,,金,,,,,,火,,,,,,,,,,,,
平野区,加美西,1丁目,10番,,,,,,,,,,月木,,,,,,,,,,,,,,,,,,,,,,,火,,,,,,,,,,,,,,,,金,,,,,,火,,,,,,,,,,,,
平野区,加美西,1丁目,11番,,,,,,,,,,月木,,,,,,,,,,,,,,,,,,,,,,,火,,,,,,,,,,,,,,,,金,,,,,,火,,,,,,,,,,,,
平野区,加美西,1丁目,12番,,,,,,,,,,月木,,,,,,,,,,,,,,,,,,,,,,,火,,,,,,,,,,,,,,,,金,,,,,,火,,,,,,,,,,,,
平野区,加美西,1丁目,13番,,,,,,,,,月木,,,,,,,,,,,,,,,,,,,,,,火,,,,,,,,,,,,,,,,金,,,,,,,,火,,,,,,,,,,,,
平野区,加美西,1丁目,14番,,,,,,,,,月木,,,,,,,,,,,,,,,,,,,,,,火,,,,,,,,,,,,,,,,金,,,,,,,,火,,,,,,,,,,,,
平野区,加美西,1丁目,15番,,,,,,,,,,月木,,,,,,,,,,,,,,,,,,,,,火,,,,,,,,,,,,,,,,金,,,,,,,,,,火,,,,,,,,,,
平野区,加美西,1丁目,16番,,,,,,,,,,月木,,,,,,,,,,,,,,,,,,,,,火,,,,,,,,,,,,,,,,金,,,,,,,,火,,,,,,,,,,,,
平野区,加美西,1丁目,17番,,,,,,,,月木,,,,,,,,,,,,,,,,,,,,,,,火,,,,,,,,,,,,,,,,金,,,,,,,,火,,,,,,,,,,,,
平野区,加美西,1丁目,18番,,,,,,,,月木,,,,,,,,,,,,,,,,,,,,,,,火,,,,,,,,,,,,,,,,金,,,,,,,,火,,,,,,,,,,,,
平野区,加美西,2丁目,1番,,,,,,,,月木,,,,,,,,,,,,,,,,,,,,,,,,,火,,,,,,,,,,,,,,,,金,,,,,,,,火,,,,,,,,,,
平野区,加美西,2丁目,2番,,,,,,,月木,,,,,,,,,,,,,,,,,,,,,,,,火,,,,,,,,,,,,,,,金,,,,,,,,,,,火,,,,,,,,,,
平野区,加美西,2丁目,3番,,,,,,,,月木,,,,,,,,,,,,,,,,,,,,,,,火,,,,,,,,,,,,,,,,金,,,,,,,,,,火,,,,,,,,,,
平野区,加美西,2丁目,4番,,,,,,,月木,,,,,,,,,,,,,,,,,,,,,,,,火,,,,,,,,,,,,,,,,金,,,,,,,,火,,,,,,,,,,,,
平野区,加美西,2丁目,5番,,,,,,,,月木,,,,,,,,,,,,,,,,,,,,,,,火,,,,,,,,,,,,,,,,金,,,,,,,,火,,,,,,,,,,,,
平野区,加美西,2丁目,6番,,,,,,,月木,,,,,,,,,,,,,,,,,,,,,,,,火,,,,,,,,,,,,,,,,金,,,,,,,,火,,,,,,,,,,,,
平野区,加美西,2丁目,7番,,,,,,,月木,,,,,,,,,,,,,,,,,,,,,,,,,,火,,,,,,,,,,,,,,,,金,,,,,,火,,,,,,,,,,,,
平野区,加美西,2丁目,8番,,,,,,,月木,,,,,,,,,,,,,,,,,,,,,,,,火,,,,,,,,,,,,,,,,金,,,,,,,,火,,,,,,,,,,,,
平野区,加美西,2丁目,9番,,,,,,,月木,,,,,,,,,,,,,,,,,,,,,,,,火,,,,,,,,,,,,,,,,金,,,,,,,,火,,,,,,,,,,,,
平野区,加美西,2丁目,10番,,,,,,,月木,,,,,,,,,,,,,,,,,,,,,,,,火,,,,,,,,,,,,,,,,金,,,,,,,,,,火,,,,,,,,,,
平野区,加美西,2丁目,11番,,,,,,,月木,,,,,,,,,,,,,,,,,,,,,,,,火,,,,,,,,,,,,,,,,金,,,,,,,,,,火,,,,,,,,,,
平野区,加美西,2丁目,12番,,,,,,,,月木,,,,,,,,,,,,,,,,,,,,,,,火,,,,,,,,,,,,,,,,金,,,,,,,,,,火,,,,,,,,,,
平野区,加美東,1丁目,1番,,,,,,,,,,,月木,,,,,,,,,,,,火,,,,,,,,,,,,,,,,金,,,,,,,,,,,,,,,,,,,,,,,,火,,,,
平野区,加美東,1丁目,2番,,,,,,,,,,,,月木,,,,,,,,,,,火,,,,,,,,,,,,,,,,金,,,,,,,,,,,,,,,,,,,,,,,,火,,,,
平野区,加美東,1丁目,3番,,,,,,,,,,,,月木,,,,,,,,,,,火,,,,,,,,,,,,,,,,金,,,,,,,,,,,,,,,,,,,,,,,,火,,,,
平野区,加美東,1丁目,4番,,,,,,,,,,,,月木,,,,,,,,,,,火,,,,,,,,,,,,,,,,金,,,,,,,,,,,,,,,,,,,,,,,,火,,,,
平野区,加美東,1丁目,5番,,,,,,,,,,,,月木,,,,,,,,,,,火,,,,,,,,,,,,,,,,金,,,,,,,,,,,,,,,,,,,,,,,,火,,,,
平野区,加美東,1丁目,6番,,,,,,,,,,,月木,,,,,,,,,,,,火,,,,,,,,,,,,,,,,金,,,,,,,,,,,,,,,,,,,,,,,,火,,,,
平野区,加美東,1丁目,7番,,,,,,,,,,,,月木,,,,,,,,,,,火,,,,,,,,,,,,,,,,金,,,,,,,,,,,,,,,,,,,,,,,,火,,,,
平野区,加美東,1丁目,8番,,,,,,,,,,,,月木,,,,,,,,,,,火,,,,,,,,,,,,,,,,金,,,,,,,,,,,,,,,,,,,,,,,,,,,火,
平野区,加美東,1丁目,9番,,,,,,,,,,,月木,,,,,,,,,,,,火,,,,,,,,,,,,,,,,金,,,,,,,,,,,,,,,,,,,,,,,,,,,火,
平野区,加美東,1丁目,10番,,,,,,,,,,,,月木,,,,,,,,,,,火,,,,,,,,,,,,,,,,金,,,,,,,,,,,,,,,,,,,,,,,,,,,火,
平野区,加美東,1丁目,11番,,,,,,,,,,,月木,,,,,,,,,,,,,,,火,,,,,,,,,,,,,,,,金,,,,,,,,,,,,,,,,,,,,,,,,火,
平野区,加美東,1丁目,12番,,,,,,,,,,,,月木,,,,,,,,,,,,,,火,,,,,,,,,,,,,,,,金,,,,,,,,,,,,,,,,,,,,,,,,火,
平野区,加美東,1丁目,13番,,,,,,,,,,,,月木,,,,,,,,,,,,,,火,,,,,,,,,,,,,,,,金,,,,,,,,,,,,,,,,,,,,,,,,火,
平野区,加美東,1丁目,14番,,,,,,,,,,,月木,,,,,,,,,,,,,,,火,,,,,,,,,,,,,,,,金,,,,,,,,,,,,,,,,,,,,,,,,火,
平野区,加美東,1丁目,15番,,,,,,,,,,,,月木,,,,,,,,,,,,,,火,,,,,,,,,,,,,,,,金,,,,,,,,,,,,,,,,,,,,,火,,,,
平野区,加美東,2丁目,1番,,,,,,,,,,,,,月木,,,,,,,,,,火,,,,,,,,,,,,,,,,金,,,,,,,,,,,,,,,,,,,,,,,,火,,,,
平野区,加美東,2丁目,2番,,,,,,,,,,,,月木,,,,,,,,,,,火,,,,,,,,,,,,,,,,金,,,,,,,,,,,,,,,,,,,,,,,,,,,火,
平野区,加美東,2丁目,3番,,,,,,,,,,,,,月木,,,,,,,,,,火,,,,,,,,,,,,,,,,金,,,,,,,,,,,,,,,,,,,,,,,,,,,火,
平野区,加美東,2丁目,4番,,,,,,,,,,,,,月木,,,,,,,,,,火,,,,,,,,,,,,,,,,金,,,,,,,,,,,,,,,,,,,,,,,,火,,,,
平野区,加美東,2丁目,5番,,,,,,,,,,,,月木,,,,,,,,,,,火,,,,,,,,,,,,,,,,金,,,,,,,,,,,,,,,,,,,,,,,,火,,,,
平野区,加美東,2丁目,6番,,,,,,,,,,,,月木,,,,,,,,,,,火,,,,,,,,,,,,,,,,金,,,,,,,,,,,,,,,,,,,,,,,,,,,火,
平野区,加美東,2丁目,7番,,,,,,,,,,,,,月木,,,,,,,,,,火,,,,,,,,,,,,,,,,金,,,,,,,,,,,,,,,,,,,,,,,,,,,火,
平野区,加美東,2丁目,8番,,,,,,,,,,,,,月木,,,,,,,,,,火,,,,,,,,,,,,,,,,金,,,,,,,,,,,,,,,,,,,,,,,,,,,火,
平野区,加美東,2丁目,9番,,,,,,,,,,,月木,,,,,,,,,,,,火,,,,,,,,,,,,,,,,金,,,,,,,,,,,,,,,,,,,,,,,,,,,火,
平野区,加美東,2丁目,10番,,,,,,,,,,,月木,,,,,,,,,,,,火,,,,,,,,,,,,,,,,金,,,,,,,,,,,,,,,,,,,,,,,,,,,火,
平野区,加美東,2丁目,11番,,,,,,,,,,月木,,,,,,,,,,,,,火,,,,,,,,,,,,,,,,金,,,,,,,,,,,,,,,,,,,,,,,,,,,火,
平野区,加美東,3丁目,1番,,,,,,,,,月木,,,,,,,,,,,,,,火,,,,,,,,,,,,,,,,金,,,,,,,,,,,,,,,,,,,,,,,,,,,火,
平野区,加美東,3丁目,2番,,,,,,,,,,,月木,,,,,,,,,,,,火,,,,,,,,,,,,,,,,金,,,,,,,,,,,,,,,,,,,,,,,,,,,火,
平野区,加美東,3丁目,3番,,,,,,,,,,,,,,,,,,月木,,,,,火,,,,,,,,,,,,,,,,金,,,,,,,,,,,,,,,,,,,,,,,,,,,火,
平野区,加美東,3丁目,4番,,,,,,,,,,,,月木,,,,,,,,,,,火,,,,,,,,,,,,,,,,金,,,,,,,,,,,,,,,,,,,,,,,,,,,火,
平野区,加美東,3丁目,5番,,,,,,,,,,月木,,,,,,,,,,,,,火,,,,,,,,,,,,,,,,金,,,,,,,,,,,,,,,,,,,,,,,,,,,火,
平野区,加美東,3丁目,6番,,,,,,,,,,,月木,,,,,,,,,,,,火,,,,,,,,,,,,,,,,金,,,,,,,,,,,,,,,,,,,,,,,,,,,火,
平野区,加美東,3丁目,7番,,,,,,,,,月木,,,,,,,,,,,,,,火,,,,,,,,,,,,,,,,金,,,,,,,,,,,,,,,,,,,,,,,,,,,火,
平野区,加美東,3丁目,8番,,,,,,,,,月木,,,,,,,,,,,,,,火,,,,,,,,,,,,,,,,金,,,,,,,,,,,,,,,,,,,,,,,,,,,火,
平野区,加美東,3丁目,9番,,,,,,,,,月木,,,,,,,,,,,,,,火,,,,,,,,,,,,,,,,金,,,,,,,,,,,,,,,,,,,,,,,,,,,火,
平野区,加美東,3丁目,10番,,,,,,,,,,月木,,,,,,,,,,,,,火,,,,,,,,,,,,,,,,金,,,,,,,,,,,,,,,,,,,,,,,,,,,火,
平野区,加美東,3丁目,11番,,,,,,,,,,,,,月木,,,,,,,,,,火,,,,,,,,,,,,,,,,金,,,,,,,,,,,,,,,,,,,,,,,,,,,火,
平野区,加美東,3丁目,12番,,,,,,,,,,,,月木,,,,,,,,,,,火,,,,,,,,,,,,,,,,金,,,,,,,,,,,,,,,,,,,,,,,,,,,火,
平野区,加美東,3丁目,13番,,,,,,,,,,,,月木,,,,,,,,,,,火,,,,,,,,,,,,,,,,金,,,,,,,,,,,,,,,,,,,,,,,,,,,火,
平野区,加美東,3丁目,14番,,,,,,,,,,月木,,,,,,,,,,,,,火,,,,,,,,,,,,,,,,金,,,,,,,,,,,,,,,,,,,,,,,,,,,火,
平野区,加美東,3丁目,15番,,,,,,,,,,,月木,,,,,,,,,,,,火,,,,,,,,,,,,,,,,金,,,,,,,,,,,,,,,,,,,,,,,,,,,火,
平野区,加美東,3丁目,16番,,,,,,,,,,,,月木,,,,,,,,,,,火,,,,,,,,,,,,,,,,金,,,,,,,,,,,,,,,,,,,,,,,,,,,火,
平野区,加美東,3丁目,17番,,,,,,,,,,,,月木,,,,,,,,,,,火,,,,,,,,,,,,,,,,金,,,,,,,,,,,,,,,,,,,,,,,,,,,火,
平野区,加美東,4丁目,1番,,,,,,,,,,,,月木,,,,,,,,,,,火,,,,,,,,,,,,,,,,金,,,,,,,,,,,,,,,,,,,,,,,,,,,火,
平野区,加美東,4丁目,2番,,,,,,,,,,,,月木,,,,,,,,,,,,,,火,,,,,,,,,,,,,,,,金,,,,,,,,,,,,,,,,,,,,,,,,火,
平野区,加美東,4丁目,3番,,,,,,,,,,,,月木,,,,,,,,,,,,,,火,,,,,,,,,,,,,,,,金,,,,,,,,,,,,,,,,,,,,,,,,火,
平野区,加美東,4丁目,4番,,,,,,,,,,,,月木,,,,,,,,,,,,,,火,,,,,,,,,,,,,,,,金,,,,,,,,,,,,,,,,,,,,,,,,火,
平野区,加美東,4丁目,5番,,,,,,,,,,,,月木,,,,,,,,,,,,,,火,,,,,,,,,,,,,,,,金,,,,,,,,,,,,,,,,,,,,,,,,火,
平野区,加美東,4丁目,6番,,,,,,,,,,,,月木,,,,,,,,,,,,,,火,,,,,,,,,,,,,,,,金,,,,,,,,,,,,,,,,,,,,,,,,火,
平野区,加美東,4丁目,7番,,,,,,,,,,,,月木,,,,,,,,,,,,,,火,,,,,,,,,,,,,,,,金,,,,,,,,,,,,,,,,,,,,,,,,火,
平野区,加美東,4丁目,8番,,,,,,,,,,,,月木,,,,,,,,,,,,,,火,,,,,,,,,,,,,,,,金,,,,,,,,,,,,,,,,,,,,,,,,火,
平野区,加美東,4丁目,9番,,,,,,,,,,,月木,,,,,,,,,,,,,,火,,,,,,,,,,,,,,,,金,,,,,,,,,,,,,,,,,,,,,,,,,火,
平野区,加美東,4丁目,10番,,,,,,,,,,,,月木,,,,,,,,,,,,,,火,,,,,,,,,,,,,,,,金,,,,,,,,,,,,,,,,,,,,,,,,火,
平野区,加美東,4丁目,11番,,,,,,,,,,,,月木,,,,,,,,,,,,,火,,,,,,,,,,,,,,,,金,,,,,,,,,,,,,,,,,,,,,,,,,火,
平野区,加美東,4丁目,12番,,,,,,,,,,,,月木,,,,,,,,,,,,,火,,,,,,,,,,,,,,,,金,,,,,,,,,,,,,,,,,,,,,,,,,火,
平野区,加美東,4丁目,13番,,,,,,,,,,,,月木,,,,,,,,,,,,,火,,,,,,,,,,,,,,,,金,,,,,,,,,,,,,,,,,,,,,,,,,火,
平野区,加美東,4丁目,14番,,,,,,,,,,,,月木,,,,,,,,,,,,,火,,,,,,,,,,,,,,,,金,,,,,,,,,,,,,,,,,,,,,,,,,火,
平野区,加美東,4丁目,15番,,,,,,,,,,,,月木,,,,,,,,,,,,,火,,,,,,,,,,,,,,,,金,,,,,,,,,,,,,,,,,,,,,,,,,火,
平野区,加美東,4丁目,16番,,,,,,,,,,,,月木,,,,,,,,,,,,,火,,,,,,,,,,,,,,,,金,,,,,,,,,,,,,,,,,,,,,,,,,火,
平野区,加美東,4丁目,17番,,,,,,,,,,,,月木,,,,,,,,,,,,,,火,,,,,,,,,,,,,,,,金,,,,,,,,,,,,,,,,,,,,,,,,火,
平野区,加美東,4丁目,18番,,,,,,,,,,,,月木,,,,,,,,,,,,,,火,,,,,,,,,,,,,,,,金,,,,,,,,,,,,,,,,,,,,,,,,火,
平野区,加美東,4丁目,19番,,,,,,,,,,,,月木,,,,,,,,,,,,,,火,,,,,,,,,,,,,,,,金,,,,,,,,,,,,,,,,,,,,,,,,火,
平野区,加美東,4丁目,20番,,,,,,,,,,,月木,,,,,,,,,,,,,,,火,,,,,,,,,,,,,,,,金,,,,,,,,,,,,,,,,,,,,,,,,火,
平野区,加美東,4丁目,21番,,,,,,,,,,,月木,,,,,,,,,,,,,,,火,,,,,,,,,,,,,,,,金,,,,,,,,,,,,,,,,,,,,,,,,火,
平野区,加美東,4丁目,22番,,,,,,,,,,,,,月木,,,,,,,,,,,,,火,,,,,,,,,,,,,,,,金,,,,,,,,,,,,,,,,,,,,,,,,火,
平野区,加美東,5丁目,1番,,,,,,,,,,,月木,,,,,,,,,,,,,,,火,,,,,,,,,,,,,,,,金,,,,,,,,,,,,,,,,,,,,,,,,火,
平野区,加美東,5丁目,2番,,,,,,,,,,,,月木,,,,,,,,,,,,,,火,,,,,,,,,,,,,,,,金,,,,,,,,,,,,,,,,,,,,,,,,火,
平野区,加美東,5丁目,3番,,,,,,,,,,,月木,,,,,,,,,,,,,,,火,,,,,,,,,,,,,,,,金,,,,,,,,,,,,,,,,,,,,,,,,火,
平野区,加美東,5丁目,4番,,,,,,,,,,,月木,,,,,,,,,,,,,,,火,,,,,,,,,,,,,,,,金,,,,,,,,,,,,,,,,,,,,,,,,火,
平野区,加美東,5丁目,5番,,,,,,,,,,,月木,,,,,,,,,,,,,,,火,,,,,,,,,,,,,,,,金,,,,,,,,,,,,,,,,,,,,,,,,火,
平野区,加美東,5丁目,6番,,,,,,,,,,,月木,,,,,,,,,,,,,,,火,,,,,,,,,,,,,,,,金,,,,,,,,,,,,,,,,,,,,,,,,火,
平野区,加美東,5丁目,7番,,,,,,,,,,,月木,,,,,,,,,,,,,,,火,,,,,,,,,,,,,,,,金,,,,,,,,,,,,,,,,,,,,,,,,火,
平野区,加美東,5丁目,8番,,,,,,,,,,,月木,,,,,,,,,,,,,,,火,,,,,,,,,,,,,,,,金,,,,,,,,,,,,,,,,,,,,,,,,火,
平野区,加美東,5丁目,9番,,,,,,,,,,,月木,,,,,,,,,,,,,,,火,,,,,,,,,,,,,,,,金,,,,,,,,,,,,,,,,,,,,,,,,火,
平野区,加美東,5丁目,10番,,,,,,,,,,,月木,,,,,,,,,,,,,,,火,,,,,,,,,,,,,,,,金,,,,,,,,,,,,,,,,,,,,,,,,火,
平野区,加美東,5丁目,11番,,,,,,,,,,,月木,,,,,,,,,,,,,,火,,,,,,,,,,,,,,,,金,,,,,,,,,,,,,,,,,,,,,,,,,火,
平野区,加美東,5丁目,12番,,,,,,,,,,,月木,,,,,,,,,,,,,,火,,,,,,,,,,,,,,,,金,,,,,,,,,,,,,,,,,,,,,,,,,火,
平野区,加美東,6丁目,1番,,,,,,,,,,,月木,,,,,,,,,,,,,,火,,,,,,,,,,,,,,,,金,,,,,,,,,,,,,,,,,,,,,,,,,火,
平野区,加美東,6丁目,2番,,,,,,,,,,,月木,,,,,,,,,,,,,,火,,,,,,,,,,,,,,,,金,,,,,,,,,,,,,,,,,,,,,,,,,火,
平野区,加美東,6丁目,3番,,,,,,,,,,,月木,,,,,,,,,,,,,,火,,,,,,,,,,,,,,,,金,,,,,,,,,,,,,,,,,,,,,,,,,火,
平野区,加美東,6丁目,4番,,,,,,,,,,,月木,,,,,,,,,,,,,,火,,,,,,,,,,,,,,,,金,,,,,,,,,,,,,,,,,,,,,,,,,,火
平野区,加美東,6丁目,5番,,,,,,,,,,,,月木,,,,,,,,,,,,,火,,,,,,,,,,,,,,,,金,,,,,,,,,,,,,,,,,,,,,,,,,,火
平野区,加美東,6丁目,6番,,,,,,,,,,,,月木,,,,,,,,,,,,,火,,,,,,,,,,,,,,,,金,,,,,,,,,,,,,,,,,,,,,,,,,火,
平野区,加美東,6丁目,7番,,,,,,,,,,月木,,,,,,,,,,,,,火,,,,,,,,,,,,,,,,金,,,,,,,,,,,,,,,,,,,,,,,,,,,火,
平野区,加美東,6丁目,8番,,,,,,,,,,,,月木,,,,,,,,,,,火,,,,,,,,,,,,,,,,金,,,,,,,,,,,,,,,,,,,,,,,,,,,火,
平野区,加美東,6丁目,9番,,,,,,,,,,,,月木,,,,,,,,,,,火,,,,,,,,,,,,,,,,金,,,,,,,,,,,,,,,,,,,,,,,,,,,火,
平野区,加美東,6丁目,10番,,,,,,,,,,,月木,,,,,,,,,,,,火,,,,,,,,,,,,,,,,金,,,,,,,,,,,,,,,,,,,,,,,,,,,火,
平野区,加美東,6丁目,11番,,,,,,,,,,,月木,,,,,,,,,,,,火,,,,,,,,,,,,,,,,金,,,,,,,,,,,,,,,,,,,,,,,,,,,火,
平野区,加美東,6丁目,12番,,,,,,,,,,,月木,,,,,,,,,,,,火,,,,,,,,,,,,,,,,金,,,,,,,,,,,,,,,,,,,,,,,,,,,火,
平野区,加美東,6丁目,13番,,,,,,,,,,,月木,,,,,,,,,,,,火,,,,,,,,,,,,,,,,金,,,,,,,,,,,,,,,,,,,,,,,,,,,火,
平野区,加美東,6丁目,14番,,,,,,,,,,,月木,,,,,,,,,,,,火,,,,,,,,,,,,,,,,金,,,,,,,,,,,,,,,,,,,,,,,,,,,火,
平野区,加美東,6丁目,15番,,,,,,,,,,,月木,,,,,,,,,,,,火,,,,,,,,,,,,,,,,金,,,,,,,,,,,,,,,,,,,,,,,,,,,火,
平野区,加美東,7丁目,1番,,,,,,,,,,,月木,,,,,,,,,,,,,,火,,,,,,,,,,,,,,,,金,,,,,,,,,,,,,,,,,,,,,,,,,火,
平野区,加美東,7丁目,2番,,,,,,,,,,月木,,,,,,,,,,,,,火,,,,,,,,,,,,,,,,金,,,,,,,,,,,,,,,,,,,,,,,,,,,火,
平野区,加美東,7丁目,3番,,,,,,,,,,,月木,,,,,,,,,,,,火,,,,,,,,,,,,,,,,金,,,,,,,,,,,,,,,,,,,,,,,,,,,火,
平野区,加美南,1丁目,1番,,,,,,,,,,,,月木,,,,,,,,,,,,,,,,,,,火,,,,,,,,,,,,,,,,金,,,,,,,,火,,,,,,,,,,,,
平野区,加美南,1丁目,2番,,,,,,,,,,,月木,,,,,,,,,,,,,,,,,,,,火,,,,,,,,,,,,,,,,金,,,,,,,,火,,,,,,,,,,,,
平野区,加美南,1丁目,3番,,,,,,,,,,,月木,,,,,,,,,,,,,,,,,,,,火,,,,,,,,,,,,,,,,金,,,,,,,,火,,,,,,,,,,,,
平野区,加美南,1丁目,4番,,,,,,,,,,,月木,,,,,,,,,,,,,,,,,,,,火,,,,,,,,,,,,,,,,金,,,,,,,,火,,,,,,,,,,,,
平野区,加美南,1丁目,5番,,,,,,,,,,,月木,,,,,,,,,,,,,,,,,,,,火,,,,,,,,,,,,,,,,金,,,,,,,,火,,,,,,,,,,,,
平野区,加美南,1丁目,6番,,,,,,,,,,,,月木,,,,,,,,,,,,,,,,,,,火,,,,,,,,,,,,,,,,金,,,,,,,,火,,,,,,,,,,,,
平野区,加美南,1丁目,7番,,,,,,,,,,,月木,,,,,,,,,,,,,,,,,,,,火,,,,,,,,,,,,,,,,金,,,,,,,,火,,,,,,,,,,,,
平野区,加美南,1丁目,8番,,,,,,,,,,,月木,,,,,,,,,,,,,,,,,,,,,火,,,,,,,,,,,,,,,,金,,,,,,,火,,,,,,,,,,,,
平野区,加美南,1丁目,9番,,,,,,,,,,,月木,,,,,,,,,,,,,,,,,,,,火,,,,,,,,,,,,,,,,金,,,,,,,,,,火,,,,,,,,,,
平野区,加美南,1丁目,10番,,,,,,,,,,,月木,,,,,,,,,,,,,,,,,,,,火,,,,,,,,,,,,,,,,金,,,,,,,,火,,,,,,,,,,,,
平野区,加美南,1丁目,11番,,,,,,,,,,,月木,,,,,,,,,,,,,,,,,,,,火,,,,,,,,,,,,,,,,金,,,,,,,,火,,,,,,,,,,,,
平野区,加美南,1丁目,12番,,,,,,,,,,,月木,,,,,,,,,,,,,,,,,,,,火,,,,,,,,,,,,,,,,金,,,,,,,,火,,,,,,,,,,,,
平野区,加美南,2丁目,1番,,,,,,,,,,,月木,,,,,,,,,,,,,,,,,,,,火,,,,,,,,,,,,,,,,金,,,,,,,,火,,,,,,,,,,,,
平野区,加美南,2丁目,2番,,,,,,,,,,,月木,,,,,,,,,,,,,,,,,,,,火,,,,,,,,,,,,,,,,金,,,,,,,,火,,,,,,,,,,,,
平野区,加美南,2丁目,3番,,,,,,,,,,,,月木,,,,,,,,,,,,,,,,,,,,火,,,,,,,,,,,,,,,,金,,,,,,,火,,,,,,,,,,,,
平野区,加美南,2丁目,4番,,,,,,,,,,,,月木,,,,,,,,,,,,,,,,,,,,火,,,,,,,,,,,,,,,,金,,,,,,,火,,,,,,,,,,,,
平野区,加美南,2丁目,5番,,,,,,,,,,,,月木,,,,,,,,,,,,,,,,,,,,火,,,,,,,,,,,,,,,,金,,,,,,,火,,,,,,,,,,,,
平野区,加美南,2丁目,6番,,,,,,,,,,,,月木,,,,,,,,,,,,,,,,,,,火,,,,,,,,,,,,,,,,金,,,,,,,,火,,,,,,,,,,,,
平野区,加美南,2丁目,7番,,,,,,,,,,,,月木,,,,,,,,,,,,,,,,,,,火,,,,,,,,,,,,,,,,金,,,,,,,,火,,,,,,,,,,,,
平野区,加美南,3丁目,1番,,,,,,,,,,,,月木,,,,,,,,,,,,,,,,,,,火,,,,,,,,,,,,,,,,金,,,,,,,,,,火,,,,,,,,,,
平野区,加美南,3丁目,2番,,,,,,,,,,,,月木,,,,,,,,,,,,,,,,,,,火,,,,,,,,,,,,,,,,金,,,,,,,,火,,,,,,,,,,,,
平野区,加美南,3丁目,3番,,,,,,,,,,,,月木,,,,,,,,,,,,,,,,,,,火,,,,,,,,,,,,,,,,金,,,,,,,,火,,,,,,,,,,,,
平野区,加美南,3丁目,4番,,,,,,,,,,,月木,,,,,,,,,,,,,,,,,,,,火,,,,,,,,,,,,,,,,金,,,,,,,,火,,,,,,,,,,,,
平野区,加美南,3丁目,5番,,,,,,,,,,,月木,,,,,,,,,,,,,,,,,,,,火,,,,,,,,,,,,,,,,金,,,,,,,,,,火,,,,,,,,,,
平野区,加美南,3丁目,6番,,,,,,,,,,,,月木,,,,,,,,,,,,,,,,,,,火,,,,,,,,,,,,,,,,金,,,,,,,,火,,,,,,,,,,,,
平野区,加美南,3丁目,7番,,,,,,,月木,,,,,,,,,,,,,,,,,,,,,,,,火,,,,,,,,,,,,,,,,金,,,,,,,,火,,,,,,,,,,,,
平野区,加美南,3丁目,8番,,,,,,,,,,,,月木,,,,,,,,,,,,,,,,,,,火,,,,,,,,,,,,,,,,金,,,,,,,,火,,,,,,,,,,,,
平野区,加美南,3丁目,9番,,,,,,,,,,,月木,,,,,,,,,,,,,,,,,,,,火,,,,,,,,,,,,,,,,金,,,,,,,,火,,,,,,,,,,,,
平野区,加美南,4丁目,1番,,,,,,,,,,,,月木,,,,,,,,,,,,,,,,,,,火,,,,,,,,,,,,,,,,金,,,,,,,,火,,,,,,,,,,,,
平野区,加美南,4丁目,2番,,,,,,,,,,,,月木,,,,,,,,,,,,,,,,,,,火,,,,,,,,,,,,,,,,金,,,,,,,,火,,,,,,,,,,,,
平野区,加美南,4丁目,3番,,,,,,,,,,,,月木,,,,,,,,,,,,,,,,,,,火,,,,,,,,,,,,,,,,金,,,,,,,,火,,,,,,,,,,,,
平野区,加美南,4丁目,4番,,,,,,,,,,,,月木,,,,,,,,,,,,,,,,,,,火,,,,,,,,,,,,,,,,金,,,,,,,,火,,,,,,,,,,,,
平野区,加美南,4丁目,5番,,,,,,,,,,,,月木,,,,,,,,,,,,,,,,,,,火,,,,,,,,,,,,,,,,金,,,,,,,,火,,,,,,,,,,,,
平野区,加美南,4丁目,6番,,,,,,,,,,,,月木,,,,,,,,,,,,,,,,,,,,火,,,,,,,,,,,,,,,,金,,,,,,,火,,,,,,,,,,,,
平野区,加美南,5丁目,1番,,,,,,,月木,,,,,,,,,,,,,,,,,,,,,,,,,,,火,,,,,,,,,,,,,,,,金,,,,,火,,,,,,,,,,,,
平野区,加美南,5丁目,2番,,,,,,,月木,,,,,,,,,,,,,,,,,,,,,,,,,,,火,,,,,,,,,,,,,,,,金,,,,,,,火,,,,,,,,,,
平野区,加美南,5丁目,3番,,,,,,,月木,,,,,,,,,,,,,,,,,,,,,,,,,,,火,,,,,,,,,,,,,,,,金,,,,,,,火,,,,,,,,,,
平野区,加美南,5丁目,4番,,,,,,,月木,,,,,,,,,,,,,,,,,,,,,,,,,,,火,,,,,,,,,,,,,,,,金,,,,,火,,,,,,,,,,,,
平野区,加美南,5丁目,5番,,,,,,,,月木,,,,,,,,,,,,,,,,,,,,,,,,,,火,,,,,,,,,,,,,,,,金,,,,,,,火,,,,,,,,,,
平野区,加美南,5丁目,6番,,,,,,,月木,,,,,,,,,,,,,,,,,,,,,,,,,,,火,,,,,,,,,,,,,,,,金,,,,,火,,,,,,,,,,,,
平野区,加美南,5丁目,7番,,,,,,,月木,,,,,,,,,,,,,,,,,,,,,,,,火,,,,,,,,,,,,,,,,金,,,,,,,,火,,,,,,,,,,,,
平野区,加美南,5丁目,8番,,,,,,,,,,,月木,,,,,,,,,,,,,,,,,,,,火,,,,,,,,,,,,,,,,金,,,,,,,,火,,,,,,,,,,,,
平野区,加美南,5丁目,9番,,,,,,,,,,,月木,,,,,,,,,,,,,,,,,,,,火,,,,,,,,,,,,,,,,金,,,,,,,,火,,,,,,,,,,,,
平野区,加美南,5丁目,10番,,,,,,,,,,,月木,,,,,,,,,,,,,,,,,,,,火,,,,,,,,,,,,,,,,金,,,,,,,,火,,,,,,,,,,,,
平野区,加美南,5丁目,11番,,,,,,,,,,,月木,,,,,,,,,,,,,,,,,,,,火,,,,,,,,,,,,,,,,金,,,,,,,,火,,,,,,,,,,,,
平野区,加美南,5丁目,12番,,,,,,,,,,,月木,,,,,,,,,,,,,,,,,,,,火,,,,,,,,,,,,,,,,金,,,,,,,,火,,,,,,,,,,,,
平野区,加美南,5丁目,13番,,,,,,,,,,,,月木,,,,,,,,,,,,,,,,,,,火,,,,,,,,,,,,,,,,金,,,,,,,,火,,,,,,,,,,,,
平野区,喜連,1丁目,1番,,,,,,,火金,,,,,,,,,,,,,,,,,,,,,,,,水,,,,,,,,,,,,,,,,土,,,,,,,,土,,,,,,,,,,,,
平野区,喜連,1丁目,2番,,,,,,,火金,,,,,,,,,,,,,,,,,,,,,,,,水,,,,,,,,,,,,,,,,土,,,,,,,,,,土,,,,,,,,,,
平野区,喜連,1丁目,3番,,,,,,,火金,,,,,,,,,,,,,,,,,,,,,,,,水,,,,,,,,,,,,,,,,土,,,,,,,,,,土,,,,,,,,,,
平野区,喜連,1丁目,4番,,,,,,,火金,,,,,,,,,,,,,,,,,,,,,,,,水,,,,,,,,,,,,,,,,土,,,,,,,,土,,,,,,,,,,,,
平野区,喜連,1丁目,5番,,,,,,,,火金,,,,,,,,,,,,,,,,,,,,,,,,,,水,,,,,,,,,,,,,,,,土,,,,,土,,,,,,,,,,,,
平野区,喜連,1丁目,6番,,,,,,,火金,,,,,,,,,,,,,,,,,,,,,,,,,水,,,,,,,,,,,,,,,,,土,,,土,,,,,,,,,,,,,,,
平野区,喜連,1丁目,7番,,,,,,,,,,火金,,,,,,,,,,,,,,,,,,,,,,,水,,,,,,,,,,,,,,,,,土,,土,,,,,,,,,,,,,,,
平野区,喜連,1丁目,8番,,,,,,,,,火金,,,,,,,,,,,,,,,,,,,,,,,,水,,,,,,,,,,,,,,,,,土,,土,,,,,,,,,,,,,,,
平野区,喜連,1丁目,9番,,,,,,,,,火金,,,,,,,,,,,,,,,,,,,,,,,,水,,,,,,,,,,,,,,,,,土,,土,,,,,,,,,,,,,,,
平野区,喜連,2丁目,1番,,,,,,,火金,,,,,,,,,,,,,,,,,,,,,,,,,,水,,,,,,,,,,,,,,,,,土,,土,,,,,,,,,,,,,,,
平野区,喜連,2丁目,2番,,,,,,,火金,,,,,,,,,,,,,,,,,,,,,,,,水,,,,,,,,,,,,,,,,,土,,,,土,,,,,,,,,,,,,,,
平野区,喜連,2丁目,3番,,,,,,,火金,,,,,,,,,,,,,,,,,水,,,,,,,,,,,,,,,土,,,,,,,,,,,,,土,,,,,,,,,,,,,,,
平野区,喜連,2丁目,4番,,,,,,,火金,,,,,,,,,,,,,,,,,水,,,,,,,,,,,,,,,土,,,,,,,,,,,,,土,,,,,,,,,,,,,,,
平野区,喜連,2丁目,5番,,,,,,,火金,,,,,,,,,,,,,,,,,,,,,,,,,,水,,,,,,,,,,,,,,,,土,,,土,,,,,,,,,,,,,,,
平野区,喜連,2丁目,6番,,,,,,,火金,,,,,,,,,,,,,,,,,,,,,,,,,,水,,,,,,,,,,,,,,,,土,,,土,,,,,,,,,,,,,,,
平野区,喜連,2丁目,7番,,,,,,,火金,,,,,,,,,,,,,,,,,,水,,,,,,,,,,,,,,,,,土,,,,,,,,,,,,,,,,,,,,,,,,土,
平野区,喜連,3丁目,1番,,,,,,,火金,,,,,,,,,,,,,,,,,,,,水,,,,,,,,,,,,,,,土,,,,,,,,,,,,,土,,,,,,,,,,,,
平野区,喜連,3丁目,2番,,,,,,,火金,,,,,,,,,,,,,,,,,,,,水,,,,,,,,,,,,,,,土,,,,,,,,,,,,,土,,,,,,,,,,,,
平野区,喜連,3丁目,3番,,,,,,,火金,,,,,,,,,,,,,,,,,,,,水,,,,,,,,,,,,,,,土,,,,,,,,,,,,,土,,,,,,,,,,,,
平野区,喜連,3丁目,4番,,,,,,,火金,,,,,,,,,,,,,,,,,,,,水,,,,,,,,,,,,,,,土,,,,,,,,,,,,,土,,,,,,,,,,,,
平野区,喜連,3丁目,5番,,,,,,,火金,,,,,,,,,,,,,,,,,,,,,,,,水,,,,,,,,,,,,,,,,土,,,,,,,,土,,,,,,,,,,,,
平野区,喜連,3丁目,6番,,,,,,,火金,,,,,,,,,,,,,,,,,,水,,,,,,,,,,,,,,,,土,,,,,,,,,,,,,,土,,,,,,,,,,,,
平野区,喜連,3丁目,7番,軽四輪車(小さい車)で収集している地域,,,,,,,火金,,,,,,,,,,,,,,,水,,,,,,,,,,,,,,,,土,,,,,,,,,,,,,,,,,,,,,,,,土,,,,
平野区,喜連,3丁目,7番,上記以外,,,,,,火金,,,,,,,,,,,,,,,,,,水,,,,,,,,,,,,,,,,土,,,,,,,,,,,,,,土,,,,,,,,,,,,
平野区,喜連,3丁目,8番,,,,,,,火金,,,,,,,,,,,,,,,,水,,,,,,,,,,,,,,,,土,,,,,,,,,,,,,土,,,,,,,,,,,,,,,
平野区,喜連,4丁目,1番,,,,,,,火金,,,,,,,,,,,,,,,,水,,,,,,,,,,,,,,,,土,,,,,,,,,,,,,土,,,,,,,,,,,,,,,
平野区,喜連,4丁目,2番,,,,,,,火金,,,,,,,,,,,,,,,,水,,,,,,,,,,,,,,,,土,,,,,,,,,,,,,,,,,,,,,,,,土,,,,
平野区,喜連,4丁目,3番,,,,,,,火金,,,,,,,,,,,,,,,,水,,,,,,,,,,,,,,,,土,,,,,,,,,,,,,,,,,,,,,,,,土,,,,
平野区,喜連,4丁目,4番,,,,,,,,火金,,,,,,,,,,,,,,,水,,,,,,,,,,,,,,,,土,,,,,,,,,,,,,,,,,,,,,,,,土,,,,
平野区,喜連,4丁目,5番,,,,,,,火金,,,,,,,,,,,,,,,,水,,,,,,,,,,,,,,,,土,,,,,,,,,,,,,土,,,,,,,,,,,,,,,
平野区,喜連,4丁目,6番,,,,,,,火金,,,,,,,,,,,,,,,,水,,,,,,,,,,,,,,,,土,,,,,,,,,,,,,,,,,,,,,,,,土,,,,
平野区,喜連,4丁目,7番,,,,,,,火金,,,,,,,,,,,,,,,,,,,,,,,,月,,,,,,,,,,,,,,,,木,,,,,,,,,,,,,,,,土,,,,
平野区,喜連,4丁目,8番,,,,,,,火金,,,,,,,,,,,,,,,,,,,,,,,,月,,,,,,,,,,,,,,,,木,,,,,,,,,,,,,,,,土,,,,
平野区,喜連,4丁目,9番,,,,,,,火金,,,,,,,,,,,,,,,,,,,,,,,,月,,,,,,,,,,,,,,,,木,,,,,,,,,,,,,,,,土,,,,
平野区,喜連,4丁目,10番,,,,,,,火金,,,,,,,,,,,,,,,,,,,,,,,,月,,,,,,,,,,,,,,,,木,,,,,,,,,,,,,,,,土,,,,
平野区,喜連,4丁目,11番,,,,,,,火金,,,,,,,,,,,,,,,,,,,,,,,,月,,,,,,,,,,,,,,,,木,,,,,,,,,,,,,,,,土,,,,
平野区,喜連,4丁目,13番,,,,,,,火金,,,,,,,,,,,,,,,,,,,,,,,,月,,,,,,,,,,,,,,,,木,,,,,,,,,,,,,,,,土,,,,
平野区,喜連,4丁目,17番,,,,,,,火金,,,,,,,,,,,,,,,,,,,,,,,,月,,,,,,,,,,,,,,,,木,,,,,,,,,,,,,,,,土,,,,
平野区,喜連,5丁目,1番,,,,,,,,,火金,,,,,,,,,,,,,,,,,水,,,,,,,,,,,,,,,,土,,,,,,,,,,,,,土,,,,,,,,,,,,
平野区,喜連,5丁目,2番,,,,,,,,,火金,,,,,,,,,,,,,,,,水,,,,,,,,,,,,,,,,土,,,,,,,,,,,,,,土,,,,,,,,,,,,
平野区,喜連,5丁目,3番,,,,,,,,火金,,,,,,,,,,,,,,,水,,,,,,,,,,,,,,,,土,,,,,,,,,,,,,,,,土,,,,,,,,,,,,
平野区,喜連,5丁目,4番,,,,,,,,,火金,,,,,,,,,,,,,,水,,,,,,,,,,,,,,,,土,,,,,,,,,,,,,,,,土,,,,,,,,,,,,
平野区,喜連,5丁目,5番,,,,,,,,火金,,,,,,,,,,,,,,,水,,,,,,,,,,,,,,,,土,,,,,,,,,,,,,,,,土,,,,,,,,,,,,
平野区,喜連,5丁目,6番,,,,,,,,火金,,,,,,,,,,,,,,,水,,,,,,,,,,,,,,,,土,,,,,,,,,,,,,,,,土,,,,,,,,,,,,
平野区,喜連,5丁目,7番,,,,,,,,火金,,,,,,,,,,,,,,,水,,,,,,,,,,,,,,,,土,,,,,,,,,,,,,,,,土,,,,,,,,,,,,
平野区,喜連,5丁目,8番,,,,,,,火金,,,,,,,,,,,,,,,,水,,,,,,,,,,,,,,,,土,,,,,,,,,,,,,,,,土,,,,,,,,,,,,
平野区,喜連,5丁目,9番,,,,,,,火金,,,,,,,,,,,,,,,,水,,,,,,,,,,,,,,,,土,,,,,,,,,,,,,,,,,,土,,,,,,,,,,
平野区,喜連,5丁目,10番,,,,,,,火金,,,,,,,,,,,,,,,,水,,,,,,,,,,,,,,,,土,,,,,,,,,,,,,,,,土,,,,,,,,,,,,
平野区,喜連,5丁目,11番,,,,,,,火金,,,,,,,,,,,,,,,,水,,,,,,,,,,,,,,,,土,,,,,,,,,,,,,,,,土,,,,,,,,,,,,
平野区,喜連,6丁目,1番,,,,,,,,火金,,,,,,,,,,,,,,,水,,,,,,,,,,,,,,,,土,,,,,,,,,,,,,,,,土,,,,,,,,,,,,
平野区,喜連,6丁目,2番,,,,,,,,,火金,,,,,,,,,,,,,,水,,,,,,,,,,,,,,,,土,,,,,,,,,,,,,,,,土,,,,,,,,,,,,
平野区,喜連,6丁目,3番,,,,,,,,,火金,,,,,,,,,,,,,,水,,,,,,,,,,,,,,,,土,,,,,,,,,,,,,,,,土,,,,,,,,,,,,
平野区,喜連,6丁目,4番,,,,,,,,,,火金,,,,,,,,,,,,,水,,,,,,,,,,,,,,,,土,,,,,,,,,,,,,,,,土,,,,,,,,,,,,
平野区,喜連,6丁目,5番,,,,,,,,,,火金,,,,,,,,,,,,,水,,,,,,,,,,,,,,,,土,,,,,,,,,,,,,,,,土,,,,,,,,,,,,
平野区,喜連,6丁目,6番,,,,,,,,,,火金,,,,,,,,,,,,,水,,,,,,,,,,,,,,,,土,,,,,,,,,,,,,,,,土,,,,,,,,,,,,
平野区,喜連,6丁目,7番,,,,,,,火金,,,,,,,,,,,,,,,,水,,,,,,,,,,,,,,,,土,,,,,,,,,,,,,,,,土,,,,,,,,,,,,
平野区,喜連,7丁目,1番,,,,,,,,,,火金,,,,,,,,,,,,,水,,,,,,,,,,,,,,,,土,,,,,,,,,,,,,土,,,,,,,,,,,,,,,
平野区,喜連,7丁目,2番,,,,,,,,,火金,,,,,,,,,,,,,,水,,,,,,,,,,,,,,,,土,,,,,,,,,,,,,,,,土,,,,,,,,,,,,
平野区,喜連,7丁目,3番,,,,,,,火金,,,,,,,,,,,,,,,,,,,,,,,,月,,,,,,,,,,,,,,,,木,,,,,土,,,,,,,,,,,,,,,
平野区,喜連,7丁目,4番,,,,,,,火金,,,,,,,,,,,,,,,,,,,,,,,,月,,,,,,,,,,,,,,,,木,,,,,,,,,,,,,,,,,土,,,
平野区,喜連,7丁目,6番,,,,,,,火金,,,,,,,,,,,,,,,,,,,,,,,,月,,,,,,,,,,,,,,,,木,,,,,,,,,,,,,,,,,土,,,
平野区,喜連,7丁目,9番,,,,,,,,,,,火金,,,,,,,,,,,,,,,,,,,,月,,,,,,,,,,,,,,,,木,,,,,,,,,,,,,,,,,土,,,
平野区,喜連西,1丁目,1番,,,,,,,,,,火金,,,,,,,,,,,,,,,,,,,,,水,,,,,,,,,,,,,,,,土,,,,,,,,水,,,,,,,,,,,,
平野区,喜連西,1丁目,2番,,,,,,,,,,,,,,,,,火金,,,,,,,,,,,,,,水,,,,,,,,,,,,,,,,土,,,,,,,,水,,,,,,,,,,,,
平野区,喜連西,1丁目,3番,,,,,,,火金,,,,,,,,,,,,,,,,,,,,,,,,月,,,,,,,,,,,,,,,,木,,,,,水,,,,,,,,,,,,,,,
平野区,喜連西,1丁目,10番,,,,,,,,火金,,,,,,,,,,,,,,,,,,,,,,,水,,,,,,,,,,,,,,,,土,,,,,水,,,,,,,,,,,,,,,
平野区,喜連西,1丁目,11番,,,,,,,火金,,,,,,,,,,,,,,,,,,,,,,,,水,,,,,,,,,,,,,,,,土,,,,,,,,水,,,,,,,,,,,,
平野区,喜連西,1丁目,12番,,,,,,,,火金,,,,,,,,,,,,,,,,,,,,,,,水,,,,,,,,,,,,,,,,土,,,,,,,,水,,,,,,,,,,,,
平野区,喜連西,1丁目,13番,,,,,,,,,火金,,,,,,,,,,,,,,,,,,,,,,水,,,,,,,,,,,,,,,,土,,,,,,,,水,,,,,,,,,,,,
平野区,喜連西,1丁目,14番,,,,,,,,,火金,,,,,,,,,,,,,,,,,,,,,,水,,,,,,,,,,,,,,,,土,,,,,,,,,,水,,,,,,,,,,
平野区,喜連西,1丁目,15番,,,,,,,火金,,,,,,,,,,,,,,,,,,,,,,,,水,,,,,,,,,,,,,,,,土,,,,,,,,水,,,,,,,,,,,,
平野区,喜連西,1丁目,16番,,,,,,,火金,,,,,,,,,,,,,,,,,,,,,,,,水,,,,,,,,,,,,,,,,土,,,,,水,,,,,,,,,,,,,,,
平野区,喜連西,1丁目,17番,,,,,,,,,火金,,,,,,,,,,,,,,,,,,,,,,水,,,,,,,,,,,,,,,,土,,,,,,,,,,水,,,,,,,,,,
平野区,喜連西,1丁目,18番,,,,,,,,火金,,,,,,,,,,,,,,,,,,,,,,,水,,,,,,,,,,,,,,,,土,,,,,,,,水,,,,,,,,,,,,
平野区,喜連西,1丁目,19番,,,,,,,火金,,,,,,,,,,,,,,,,,,,,,,,,水,,,,,,,,,,,,,,,,土,,,,,,,,水,,,,,,,,,,,,
平野区,喜連西,2丁目,1番,,,,,,,,,,火金,,,,,,,,,,,,,,,,,,,,,月,,,,,,,,,,,,,,,,木,,,,,水,,,,,,,,,,,,,,,
平野区,喜連西,2丁目,2番,,,,,,,,,火金,,,,,,,,,,,,,,,,,,,,,,月,,,,,,,,,,,,,,,,木,,,,,,,,水,,,,,,,,,,,,
平野区,喜連西,2丁目,9番,,,,,,,,,火金,,,,,,,,,,,,,,,,,,,,,,水,,,,,,,,,,,,,,,,土,,,,,,,,水,,,,,,,,,,,,
平野区,喜連西,2丁目,10番,,,,,,,,,火金,,,,,,,,,,,,,,,,,,,,,,水,,,,,,,,,,,,,,,,土,,,,,,,,水,,,,,,,,,,,,
平野区,喜連西,2丁目,11番,,,,,,,,火金,,,,,,,,,,,,,,,,,,,,,,,水,,,,,,,,,,,,,,,,土,,,,,,,,,,水,,,,,,,,,,
平野区,喜連西,3丁目,1番,,,,,,,火金,,,,,,,,,,,,,,,,,,,,,,,,月,,,,,,,,,,,,,,,,木,,,,,,,,水,,,,,,,,,,,,
平野区,喜連西,3丁目,2番,,,,,,,,,,火金,,,,,,,,,,,,,,,,,,,,,月,,,,,,,,,,,,,,,,木,,,,,,,,水,,,,,,,,,,,,
平野区,喜連西,3丁目,3番,,,,,,,,火金,,,,,,,,,,,,,,,,,,,,,,,月,,,,,,,,,,,,,,,,木,,,,,,,,水,,,,,,,,,,,,
平野区,喜連西,3丁目,8番,,,,,,,,,,火金,,,,,,,,,,,,,,,,,,,,,,,,月,,,,,,,,,,,,,,,,木,,水,,,,,,,,,,,,,,,
平野区,喜連西,3丁目,13番,,,,,,,,火金,,,,,,,,,,,,,,,,,,,,,,,月,,,,,,,,,,,,,,,,木,,,,,,,,,,水,,,,,,,,,,
平野区,喜連西,3丁目,14番,,,,,,,,,,火金,,,,,,,,,,,,,,,,,,,,,,,,月,,,,,,,,,,,,,,,,木,,,,,,,水,,,,,,,,,,
平野区,喜連西,3丁目,15番,,,,,,,,,,火金,,,,,,,,,,,,,,,,,,,,,,,,月,,,,,,,,,,,,,,,,木,,,,,,,水,,,,,,,,,,
平野区,喜連西,3丁目,16番,,,,,,,,,,火金,,,,,,,,,,,,,,,,,,,,,,,,月,,,,,,,,,,,,,,,,木,,,,,,,水,,,,,,,,,,
平野区,喜連西,3丁目,17番,,,,,,,,,火金,,,,,,,,,,,,,,,,,,,,,,,,,水,,,,,,,,,,,,,,,,土,,,,,水,,,,,,,,,,,,
平野区,喜連西,3丁目,18番,,,,,,,,,火金,,,,,,,,,,,,,,,,,,,,,,,,,月,,,,,,,,,,,,,,,,木,,水,,,,,,,,,,,,,,,
平野区,喜連西,3丁目,19番,,,,,,,,火金,,,,,,,,,,,,,,,,,,,,,,,,,,月,,,,,,,,,,,,,,,,木,,,,,,,水,,,,,,,,,,
平野区,喜連西,4丁目,1番,,,,,,,,,,火金,,,,,,,,,,,,,,,,,,,,,月,,,,,,,,,,,,,,,,木,,,,,水,,,,,,,,,,,,,,,
平野区,喜連西,4丁目,2番,,,,,,,,,火金,,,,,,,,,,,,,,,,,,,,,,,,,月,,,,,,,,,,,,,,,,木,,水,,,,,,,,,,,,,,,
平野区,喜連西,4丁目,3番,,,,,,,,,火金,,,,,,,,,,,,,,,,,,,,,,,,,月,,,,,,,,,,,,,,,,木,,,,,水,,,,,,,,,,,,
平野区,喜連西,4丁目,4番,,,,,,,,,火金,,,,,,,,,,,,,,,,,,,,,,,,,月,,,,,,,,,,,,,,,,木,,,,,水,,,,,,,,,,,,
平野区,喜連西,4丁目,5番,,,,,,,,,火金,,,,,,,,,,,,,,,,,,,,,,,,,月,,,,,,,,,,,,,,,,木,,,,,水,,,,,,,,,,,,
平野区,喜連西,4丁目,6番,,,,,,,,,火金,,,,,,,,,,,,,,,,,,,,,,月,,,,,,,,,,,,,,,,木,,,,,,,,水,,,,,,,,,,,,
平野区,喜連西,4丁目,7番,,,,,,,,,火金,,,,,,,,,,,,,,,,,,,,,,,,,月,,,,,,,,,,,,,,,,木,,,,,水,,,,,,,,,,,,
平野区,喜連西,5丁目,1番,,,,,,,,,火金,,,,,,,,,,,,,,,,,,,,,,,,,水,,,,,,,,,,,,,,,,土,,,,,水,,,,,,,,,,,,
平野区,喜連西,5丁目,2番,,,,,,,火金,,,,,,,,,,,,,,,,,,,,,,,,,,,水,,,,,,,,,,,,,,,,土,,,,,水,,,,,,,,,,,,
平野区,喜連西,5丁目,3番,,,,,,,,,火金,,,,,,,,,,,,,,,,,,,,,,,,,水,,,,,,,,,,,,,,,,土,,,,,水,,,,,,,,,,,,
平野区,喜連西,5丁目,4番,,,,,,,,,火金,,,,,,,,,,,,,,,,,,,,,,,,,水,,,,,,,,,,,,,,,,土,,,,,水,,,,,,,,,,,,
平野区,喜連西,6丁目,1番,,,,,,,,火金,,,,,,,,,,,,,,,,,,,,,,,,,,水,,,,,,,,,,,,,,,,土,,,,,水,,,,,,,,,,,,
平野区,喜連西,6丁目,2番,,,,,,,火金,,,,,,,,,,,,,,,,,,,,,,,,,,,水,,,,,,,,,,,,,,,,土,,,,,,,水,,,,,,,,,,
平野区,喜連東,1丁目,1番,,,,,,,火金,,,,,,,,,,,,,,,,,,,,,,,,水,,,,,,,,,,,,,,,,土,,,,,,,,土,,,,,,,,,,,,
平野区,喜連東,1丁目,2番,,,,,,,火金,,,,,,,,,,,,,,,,,,,,,,,,水,,,,,,,,,,,,,,,,土,,,,,,,,土,,,,,,,,,,,,
平野区,喜連東,1丁目,3番,,,,,,,,火金,,,,,,,,,,,,,,,,,,,,,,,水,,,,,,,,,,,,,,,,土,,,,,,,,,,,,,,,,,月,,,
平野区,喜連東,1丁目,4番,,,,,,,,火金,,,,,,,,,,,,,,,,,,,,,,,水,,,,,,,,,,,,,,,,土,,,,,,,,,,,,,,,,,月,,,
平野区,喜連東,1丁目,5番,,,,,,,,火金,,,,,,,,,,,,,,,,,,,,,,,水,,,,,,,,,,,,,,,,土,,,,,,,,,,,,,,,,,月,,,
平野区,喜連東,1丁目,6番,,,,,,,,火金,,,,,,,,,,,,,,,,,,,,,,,水,,,,,,,,,,,,,,,,土,,,,,,,,,,,,,,,,,月,,,
平野区,喜連東,1丁目,7番,,,,,,,,火金,,,,,,,,,,,,,,,,,,,,,,,水,,,,,,,,,,,,,,,,土,,,,,,,,,,,,,,,,,月,,,
平野区,喜連東,1丁目,8番,,,,,,,火金,,,,,,,,,,,,,,,,,,,,,,,,水,,,,,,,,,,,,,,,,土,,,,,,,,,,,,,,,,,月,,,
平野区,喜連東,2丁目,1番,,,,,,,,火金,,,,,,,,,,,,,,,,,,,,,,,水,,,,,,,,,,,,,,,,土,,,,,,,,,,,,,,,,,月,,,
平野区,喜連東,2丁目,2番,,,,,,,,火金,,,,,,,,,,,,,,,,,,,,,,,水,,,,,,,,,,,,,,,,土,,,,,,,,,,,,,,,,,月,,,
平野区,喜連東,2丁目,3番,,,,火金,,,,,,,,,,,,,,,,,,,,,,,,,,,水,,,,,,,,,,,,,,,,土,,,,,,,,,,,,,,,,,月,,,
平野区,喜連東,2丁目,11番,,,,,,,,,,火金,,,,,,,,,,,,,,,水,,,,,,,,,,,,,,,,土,,,,,,,,,,,,,,土,,,,,,,,,,,,
平野区,喜連東,3丁目,1番,,,,,,,,,,火金,,,,,,,,,,,,,,,,,,,,,水,,,,,,,,,,,,,,,,土,,,,,,,,,,,,,,,,,月,,,
平野区,喜連東,3丁目,2番,,,,,,,,,,火金,,,,,,,,,,,,,,,,,,,,,水,,,,,,,,,,,,,,,,土,,,,,,,,,,,,,,,,,月,,,
平野区,喜連東,3丁目,3番,,,,,,,,火金,,,,,,,,,,,,,,,,,,,,,,,水,,,,,,,,,,,,,,,,土,,,,,,,,,,,,,,,,,月,,,
平野区,喜連東,3丁目,4番,,,,,,,,,,火金,,,,,,,,,,,,,,,,,,,,,水,,,,,,,,,,,,,,,,土,,,,,,,,,,,,,,,,,月,,,
平野区,喜連東,3丁目,5番,,,,,,,,,,火金,,,,,,,,,,,,,,,月,,,,,,,,,,,,,,,,木,,,,,,,,,,,,,,,,,,,,,,,月,,,
平野区,喜連東,3丁目,6番,,,,,,,火金,,,,,,,,,,,,,,,,,,月,,,,,,,,,,,,,,,,木,,,,,,,,,,,,,,,,,,,,,,,月,,,
平野区,喜連東,3丁目,7番,,,,,,,,,,火金,,,,,,,,,,,,,,,月,,,,,,,,,,,,,,,,木,,,,,,,,,,,,,,,,,,,,,,,月,,,
平野区,喜連東,3丁目,8番,,,,,,,,,,火金,,,,,,,,,,,,,,,月,,,,,,,,,,,,,,,,木,,,,,,,,,,,,,,,,,,,,,,,月,,,
平野区,喜連東,3丁目,9番,,,,,,,,,,火金,,,,,,,,,,,,,,月,,,,,,,,,,,,,,,,木,,,,,,,,,,,,,,,,,,,,,,,,月,,,
平野区,喜連東,3丁目,10番,,,,,,,,,,,火金,,,,,,,,,,,,,,月,,,,,,,,,,,,,,,,木,,,,,,,,,,,,,,,,,,,,,,,月,,,
平野区,喜連東,3丁目,11番,南側･西側通り,,,,,,,,,火金,,,,,,,,,,,,,,,水,,,,,,,,,,,,,,,,土,,,,,,,,,,,,,,土,,,,,,,,,,,,
平野区,喜連東,3丁目,11番,上記以外,,,,,,,,,火金,,,,,,,,,,,,,,,,,,,,,水,,,,,,,,,,,,,,,,土,,,,,,,,土,,,,,,,,,,,,
平野区,喜連東,3丁目,12番,北側･西側通り,,,,,,,火金,,,,,,,,,,,,,,,,,水,,,,,,,,,,,,,,,,土,,,,,,,,,,,,,,,,土,,,,,,,,,,
平野区,喜連東,3丁目,12番,上記以外,,,,,,,火金,,,,,,,,,,,,,,,,,,,,,,,水,,,,,,,,,,,,,,,,土,,,,,,,,,,土,,,,,,,,,,
平野区,喜連東,3丁目,13番,西側通り,,,,,,,火金,,,,,,,,,,,,,,,,,水,,,,,,,,,,,,,,,,土,,,,,,,,,,,,,,,,,,,,,,,土,,,
平野区,喜連東,3丁目,13番,上記以外,,,,,,,火金,,,,,,,,,,,,,,,,,,,,,,,水,,,,,,,,,,,,,,,,土,,,,,,,,,,,,,,,,,土,,,
平野区,喜連東,4丁目,1番,,,,,,,火金,,,,,,,,,,,,,,,,,,,,,,,,水,,,,,,,,,,,,,,,,土,,,,,,,,,,,,,,,,,月,,,
平野区,喜連東,4丁目,2番,,,,,,,,火金,,,,,,,,,,,,,,,,,,,,,,,水,,,,,,,,,,,,,,,,土,,,,,,,,,,,,,,,,,月,,,
平野区,喜連東,4丁目,3番,,,,,,,火金,,,,,,,,,,,,,,,,,,月,,,,,,,,,,,,,,,,木,,,,,,,,,,,,,,,,,,,,,,,月,,,
平野区,喜連東,4丁目,4番,,,,,,,火金,,,,,,,,,,,,,,,,,,月,,,,,,,,,,,,,,,,木,,,,,,,,,,,,,,,,,,,,,,,月,,,
平野区,喜連東,4丁目,5番,,,,,,,火金,,,,,,,,,,,,,,,,,,月,,,,,,,,,,,,,,,,木,,,,,,,,,,,,,,,,,,,,,,,月,,,
平野区,喜連東,4丁目,6番,,,,,,,火金,,,,,,,,,,,,,,,,,,月,,,,,,,,,,,,,,,,木,,,,,,,,,,,,,,,,,,,,,,,月,,,
平野区,喜連東,4丁目,7番,,,,,,,火金,,,,,,,,,,,,,,,,,,月,,,,,,,,,,,,,,,,木,,,,,,,,,,,,,,,,,,,,,,,月,,,
平野区,喜連東,4丁目,8番,,,,,,,,,火金,,,,,,,,,,,,,,,,月,,,,,,,,,,,,,,,,木,,,,,,,,,,,,,,,,,,,,,,,月,,,
平野区,喜連東,5丁目,1番,,,,,,,,火金,,,,,,,,,,,,,,,,,,,,,,,水,,,,,,,,,,,,,,,,土,,,,,,,,,,,,,,,,,月,,,
平野区,喜連東,5丁目,2番,,,,,,,,,火金,,,,,,,,,,,,,,,,,月,,,,,,,,,,,,,,,,木,,,,,,,,,,,,,,,,,,,,,,月,,,
平野区,喜連東,5丁目,3番,,,,,,,,,火金,,,,,,,,,,,,,,,,,月,,,,,,,,,,,,,,,,木,,,,,,,,,,,,,,,,,,,,,,月,,,
平野区,喜連東,5丁目,4番,,,,,,,,,,,火金,,,,,,,,,,,,,,,月,,,,,,,,,,,,,,,,木,,,,,,,,,,,,,,,,,,,,,,月,,,
平野区,喜連東,5丁目,13番,,,,,,,,,火金,,,,,,,,,,,,,,,,,月,,,,,,,,,,,,,,,,木,,,,,,,,,,,,,,,,,,,,,,月,,,
平野区,喜連東,5丁目,14番,,,,,,,,,火金,,,,,,,,,,,,,,,,,,,,,,水,,,,,,,,,,,,,,,,土,,,,,,,,,,,,,,,,,月,,,
平野区,喜連東,5丁目,15番,,,,,,,火金,,,,,,,,,,,,,,,,,,,,,,,,水,,,,,,,,,,,,,,,,土,,,,,,,,,,,,,,,,,,,月,
平野区,喜連東,5丁目,16番,,,,,,,火金,,,,,,,,,,,,,,,,,,,,,,,,水,,,,,,,,,,,,,,,,土,,,,,,,,,,,,,,,,,,,月,
平野区,背戸口,1丁目,1番,,,,,,,,,,月木,,,,,,,,,,,,,,,,,,,,,火,,,,,,,,,,,,,,,,金,,,,,,,,,,,,,,,,,,,,
平野区,背戸口,1丁目,2番,,,,,,,,,,月木,,,,,,,,,,,,,,,,,,,,,火,,,,,,,,,,,,,,,,金,,,,,,,,,,,,,,,,,,,,
平野区,背戸口,1丁目,3番,,,,,,,,,,月木,,,,,,,,,,,,,,,,,,,,,火,,,,,,,,,,,,,,,,金,,,,,,,,,,,,,,,,,,,,
平野区,背戸口,1丁目,4番,,,,,,,,,,月木,,,,,,,,,,,,,,,,,,,,,火,,,,,,,,,,,,,,,,金,,,,,,,,,,,,,,,,,,,,
平野区,背戸口,1丁目,5番,,,,,,,,,,月木,,,,,,,,,,,,,,,,,,,,,火,,,,,,,,,,,,,,,,金,,,,,,,,,,,,,,,,,,,,
平野区,背戸口,1丁目,6番,,,,,,,,,,月木,,,,,,,,,,,,,,,,,,,,,火,,,,,,,,,,,,,,,,金,,,,,,,,,,,,,,,,,,,,
平野区,背戸口,1丁目,7番,,,,,,,,月木,,,,,,,,,,,,,,,,,,,,,,,火,,,,,,,,,,,,,,,,金,,,,,,,,,,,,,,,,,,,,
平野区,背戸口,1丁目,9番,,,,,,,,月木,,,,,,,,,,,,,,,,,,,,,,,火,,,,,,,,,,,,,,,,金,,,,,,,,,,,,,,,,,,,,
平野区,背戸口,1丁目,10番,,,,,,,,,,月木,,,,,,,,,,,,,,,,,,,,,火,,,,,,,,,,,,,,,,,金,,,,,,,,,,,,,,,,,,,
平野区,背戸口,1丁目,11番,,,,,,,,月木,,,,,,,,,,,,,,,,,,,,,,,火,,,,,,,,,,,,,,,,,金,,,,,,,,,,,,,,,,,,,
平野区,背戸口,1丁目,12番,,,,,,,月木,,,,,,,,,,,,,,,,,,,,,,,,火,,,,,,,,,,,,,,,,,金,,,,,,,,,,,,,,,,,,,
平野区,背戸口,1丁目,13番,,,,,,,月木,,,,,,,,,,,,,,,,,,,,,,,,火,,,,,,,,,,,,,,,,,金,,,,,,,,,,,,,,,,,,,
平野区,背戸口,1丁目,14番,,,,,,,月木,,,,,,,,,,,,,,,,,,,,,,,,火,,,,,,,,,,,,,,,,,金,,,,,,,,,,,,,,,,,,,
平野区,背戸口,1丁目,15番,,,,,,,,,,月木,,,,,,,,,,,,,,,,,,,,,火,,,,,,,,,,,,,,,,,金,,,,,,,,,,,,,,,,,,,
平野区,背戸口,1丁目,16番,,,,,,,,,,月木,,,,,,,,,,,,,,,,,,,,,火,,,,,,,,,,,,,,,,,金,,,,,,,,,,,,,,,,,,,
平野区,背戸口,1丁目,17番,,,,,,,,,,月木,,,,,,,,,,,,,,,,,,,,,火,,,,,,,,,,,,,,,,,,,金,,,,,,,,,,,,,,,,,
平野区,背戸口,1丁目,18番,,,,,,,,,,月木,,,,,,,,,,,,,,,,,,,,,,,,火,,,,,,,,,,,,,,,,金,,,,,,,,,,,,,,,,,
平野区,背戸口,1丁目,19番,,,,,,,,,月木,,,,,,,,,,,,,,,,,,,,,,,,,火,,,,,,,,,,,,,,,,金,,,,,,,,,,,,,,,,,
平野区,背戸口,1丁目,20番,軽四輪車(小さい車)で収集している地域,,,,,,,,,,月木,,,,,,,,,,,,,,,,,,,,,,,火,,,,,,,,,,,,,,,,金,,,,,,,,,,,,,,,,,
平野区,背戸口,1丁目,20番,上記以外,,,,,,月木,,,,,,,,,,,,,,,,,,,,,,,,,,,火,,,,,,,,,,,,,,,,金,,,,,,,,,,,,,,,,,
平野区,背戸口,1丁目,22番,軽四輪車(小さい車)で収集している地域,,,,,,,,,,月木,,,,,,,,,,,,,,,,,,,,,,,火,,,,,,,,,,,,,,,,金,,,,,,,,,,,,,,,,,
平野区,背戸口,1丁目,22番,上記以外,,,,,,月木,,,,,,,,,,,,,,,,,,,,,,,,,,,火,,,,,,,,,,,,,,,,金,,,,,,,,,,,,,,,,,
平野区,背戸口,2丁目,1番,,,,,,,,,月木,,,,,,,,,,,,,,,,,,,,,,火,,,,,,,,,,,,,,,,金,,,,,,,,,,,,,,,,,,,,
平野区,背戸口,2丁目,2番,,,,,,,,,月木,,,,,,,,,,,,,,,,,,,,,,火,,,,,,,,,,,,,,,,金,,,,,,,,,,,,,,,,,,,,
平野区,背戸口,2丁目,3番,,,,,,,,,月木,,,,,,,,,,,,,,,,,,,,,,火,,,,,,,,,,,,,,,,金,,,,,,,,,,,,,,,,,,,,
平野区,背戸口,2丁目,4番,,,,,,,,,月木,,,,,,,,,,,,,,,,,,,,,,火,,,,,,,,,,,,,,,,金,,,,,,,,,,,,,,,,,,,,
平野区,背戸口,2丁目,5番,,,,,,,月木,,,,,,,,,,,,,,,,,,,,,,,,火,,,,,,,,,,,,,,,,金,,,,,,,,,,,,,,,,,,,,
平野区,背戸口,2丁目,6番,,,,,,,,,月木,,,,,,,,,,,,,,,,,,,,,,火,,,,,,,,,,,,,,,,金,,,,,,,,,,,,,,,,,,,,
平野区,背戸口,2丁目,7番,,,,,,,,月木,,,,,,,,,,,,,,,,,,,,,,,火,,,,,,,,,,,,,,,,金,,,,,,,,,,,,,,,,,,,,
平野区,背戸口,2丁目,8番,,,,,,,,月木,,,,,,,,,,,,,,,,,,,,,,,火,,,,,,,,,,,,,,,,金,,,,,,,,,,,,,,,,,,,,
平野区,背戸口,2丁目,9番,,,,,,,,月木,,,,,,,,,,,,,,,,,,,,,,,火,,,,,,,,,,,,,,,,金,,,,,,,,,,,,,,,,,,,,
平野区,背戸口,2丁目,10番,,,,,,,,月木,,,,,,,,,,,,,,,,,,,,,,,火,,,,,,,,,,,,,,,,金,,,,,,,,,,,,,,,,,,,,
平野区,背戸口,2丁目,11番,,,,,,,,,月木,,,,,,,,,,,,,,,,,,,,,,,,火,,,,,,,,,,,,,,,,金,,,,,,,,,,,,,,,,,,
平野区,背戸口,2丁目,12番,,,,,,,,,月木,,,,,,,,,,,,,,,,,,,,,,,,火,,,,,,,,,,,,,,,,金,,,,,,,,,,,,,,,,,,
平野区,背戸口,2丁目,13番,,,,,,,,,月木,,,,,,,,,,,,,,,,,,,,,,,,火,,,,,,,,,,,,,,,,金,,,,,,,,,,,,,,,,,,
平野区,背戸口,2丁目,14番,,,,,,,,,月木,,,,,,,,,,,,,,,,,,,,,,,,火,,,,,,,,,,,,,,,,金,,,,,,,,,,,,,,,,,,
平野区,背戸口,2丁目,15番,,,,,,,,,,月木,,,,,,,,,,,,,,,,,,,,,,,火,,,,,,,,,,,,,,,,金,,,,,,,,,,,,,,,,,,
平野区,背戸口,2丁目,16番,,,,,,,,,,月木,,,,,,,,,,,,,,,,,,,,,,,火,,,,,,,,,,,,,,,,金,,,,,,,,,,,,,,,,,,
平野区,背戸口,2丁目,17番,,,,,,,,,,月木,,,,,,,,,,,,,,,,,,,,,,,火,,,,,,,,,,,,,,,,金,,,,,,,,,,,,,,,,,,
平野区,背戸口,2丁目,18番,,,,,,,,,月木,,,,,,,,,,,,,,,,,,,,,,,,火,,,,,,,,,,,,,,,,金,,,,,,,,,,,,,,,,,,
平野区,背戸口,3丁目,1番,,,,,,,,,月木,,,,,,,,,,,,,,,,,,,,,,,,火,,,,,,,,,,,,,,,,金,,,,,,,,,,,,,,,,,,
平野区,背戸口,3丁目,2番,,,,,,,,,月木,,,,,,,,,,,,,,,,,,,,,,,,火,,,,,,,,,,,,,,,,金,,,,,,,,,,,,,,,,,,
平野区,背戸口,3丁目,3番,,,,,,,,月木,,,,,,,,,,,,,,,,,,,,,,,,,火,,,,,,,,,,,,,,,,金,,,,,,,,,,,,,,,,,,
平野区,背戸口,3丁目,4番,,,,,,,,,月木,,,,,,,,,,,,,,,,,,,,,,,,火,,,,,,,,,,,,,,,,金,,,,,,,,,,,,,,,,,,
平野区,背戸口,3丁目,5番,,,,,,,,,月木,,,,,,,,,,,,,,,,,,,,,,,,,火,,,,,,,,,,,,,,,,金,,,,,,,,,,,,,,,,,
平野区,背戸口,3丁目,6番,,,,,,,,,月木,,,,,,,,,,,,,,,,,,,,,,,,,火,,,,,,,,,,,,,,,,金,,,,,,,,,,,,,,,,,
平野区,背戸口,3丁目,7番,,,,,,,,,月木,,,,,,,,,,,,,,,,,,,,,,,,,火,,,,,,,,,,,,,,,,金,,,,,,,,,,,,,,,,,
平野区,背戸口,3丁目,8番,,,,,,,,,月木,,,,,,,,,,,,,,,,,,,,,,,,,火,,,,,,,,,,,,,,,,金,,,,,,,,,,,,,,,,,
平野区,背戸口,3丁目,9番,,,,,,,,,,月木,,,,,,,,,,,,,,,,,,,,,,,,火,,,,,,,,,,,,,,,,金,,,,,,,,,,,,,,,,,
平野区,背戸口,4丁目,1番,,,,,,,月木,,,,,,,,,,,,,,,,,,,,,,,,火,,,,,,,,,,,,,,,,金,,,,,,,,,,,,,,,,,,,金,
平野区,背戸口,4丁目,2番,,,,,,,,,月木,,,,,,,,,,,,,,,,,,,,,,火,,,,,,,,,,,,,,,,金,,,,,,,,,,,,,,,,,,,金,
平野区,背戸口,4丁目,3番,,,,,,,,,月木,,,,,,,,,,,,,,,,,,,,,,火,,,,,,,,,,,,,,,,金,,,,,,,,,,,,,,,,,,,金,
平野区,背戸口,4丁目,4番,,,,,,,,,月木,,,,,,,,,,,,,,,,,,,,,,火,,,,,,,,,,,,,,,,金,,,,,,,,,,,,,,,,,,,金,
平野区,背戸口,4丁目,5番,,,,,,,,,月木,,,,,,,,,,,,,,,,,,,,,,火,,,,,,,,,,,,,,,,金,,,,,,,,,,,,,,,,,,,金,
平野区,背戸口,4丁目,6番,,,,,,,,,,月木,,,,,,,,,,,,,,,,,,,,,,,火,,,,,,,,,,,,,,,,金,,,,,,,,,,,,,,,,,金,
平野区,背戸口,4丁目,7番,,,,,,,,,,月木,,,,,,,,,,,,,,,,,,,,,火,,,,,,,,,,,,,,,,金,,,,,,,,,,,,,,,,,,,金,
平野区,背戸口,4丁目,8番,,,,,,,,,,月木,,,,,,,,,,,,,,,,,,,,,,,火,,,,,,,,,,,,,,,,金,,,,,,,,,,,,,,,,,金,
平野区,背戸口,4丁目,9番,,,,,,,,,,月木,,,,,,,,,,,,,,,,,,,,,,,火,,,,,,,,,,,,,,,,金,,,,,,,,,,,,,,,,,金,
平野区,背戸口,4丁目,10番,,,,,,,,,,月木,,,,,,,,,,,,,,,,,,,,,,,火,,,,,,,,,,,,,,,,金,,,,,,,,,,,,,,,,,金,
平野区,背戸口,4丁目,11番,,,,,,,,,,月木,,,,,,,,,,,,,,,,,,,,,,,火,,,,,,,,,,,,,,,,金,,,,,,,,,,,,,,,,,金,
平野区,背戸口,5丁目,1番,,,,,,,,,,月木,,,,,,,,,,,,,,,,,,,,,,,火,,,,,,,,,,,,,,,,金,,,,,,,,,,,,,,,,,金,
平野区,背戸口,5丁目,2番,,,,,,,,,,月木,,,,,,,,,,,,,,,,,,,,,,,,火,,,,,,,,,,,,,,,,金,,,,,,,,,,,,,,,,金,
平野区,背戸口,5丁目,3番,,,,,,,,,月木,,,,,,,,,,,,,,,,,,,,,,,,,火,,,,,,,,,,,,,,,,金,,,,,,,,,,,,,,,,金,
平野区,背戸口,5丁目,4番,,,,,,,,,,月木,,,,,,,,,,,,,,,,,,,,,,,,火,,,,,,,,,,,,,,,,金,,,,,,,,,,,,,,,,金,
平野区,背戸口,5丁目,5番,,,,,,,,,月木,,,,,,,,,,,,,,,,,,,,,,,,,火,,,,,,,,,,,,,,,,金,,,,,,,,,,,,,,,,金,
平野区,背戸口,5丁目,6番,,,,,,,,,,月木,,,,,,,,,,,,,,,,,,,,,,,,火,,,,,,,,,,,,,,,,金,,,,,,,,,,,,,,,,金,
平野区,背戸口,5丁目,7番,,,,,,,,月木,,,,,,,,,,,,,,,,,,,,,,,,,,火,,,,,,,,,,,,,,,,金,,,,,,,,,,,,,,,,金,
平野区,長吉川辺,1丁目,1番,,,,,,,,,,,水土,,,,,,,,,,,,,,,,,,,,,,,月,,,,,,,,,,,,,,,,木,,,,,,,,,,,,,,,,木,
平野区,長吉川辺,1丁目,2番,,,,,,,,,,,水土,,,,,,,,,,,,,,,,,,,,,,,月,,,,,,,,,,,,,,,,木,,,,,,,,,,,,,,,,木,
平野区,長吉川辺,1丁目,3番,,,,,,,,,,,水土,,,,,,,,,,,,,,,,,,,,,,,月,,,,,,,,,,,,,,,,木,,,,,,,,,,,,,,,,木,
平野区,長吉川辺,1丁目,4番,,,,,,,,,,水土,,,,,,,,,,,,,,,,,,,,,,,,月,,,,,,,,,,,,,,,,木,,,,,,,,,,,,,,,,木,
平野区,長吉川辺,1丁目,5番,,,,,,,,,,,水土,,,,,,,,,,,,,,,,,,,,,,,月,,,,,,,,,,,,,,,,木,,,,,,,,,,,,,,,,木,
平野区,長吉川辺,1丁目,6番,,,,,,,,,,,水土,,,,,,,,,,,,,,,,,,,,,,,月,,,,,,,,,,,,,,,,木,,,,,,,,,,,,,,,,木,
平野区,長吉川辺,1丁目,北1番,,,,,,,,,,水土,,,,,,,,,,,,,,,,,,,,,,,月,,,,,,,,,,,,,,,,木,,,,,,木,,,,,,,,,,,,
平野区,長吉川辺,1丁目,北2番,14･26･27･34号,,,,,,,,水土,,,,,,,,,,,,,,,,,,,,,,,,月,,,,,,,,,,,,,,,,木,,,,,,木,,,,,,,,,,,,
平野区,長吉川辺,1丁目,北3番,,,,,,,,,,,,水土,,,,,,,,,,,,,,,,,,,,,月,,,,,,,,,,,,,,,,木,,,,,,,,木,,,,,,,,,,
平野区,長吉川辺,2丁目,1番,,,,,,,,,,,,水土,,,,,,,,,,,,,,,,,,,,,,月,,,,,,,,,,,,,,,,木,,,,,,,,,,,,,,,,木,
平野区,長吉川辺,2丁目,2番,,,,,,,,,,,,水土,,,,,,,,,,,,,,,,,,,,,,月,,,,,,,,,,,,,,,,木,,,,,,,,,,,,,,,,木,
平野区,長吉川辺,2丁目,3番,,,,,,,,,,,水土,,,,,,,,,,,,,,,,,,,,,,,月,,,,,,,,,,,,,,,,木,,,,,,,,,,,,,,,,木,
平野区,長吉川辺,2丁目,4番,,,,,,,,,,,水土,,,,,,,,,,,,,,,,,,,,,,,月,,,,,,,,,,,,,,,,木,,,,,,,,,,,,,,,,木,
平野区,長吉川辺,2丁目,5番,軽四輪車(小さい車)で収集している地域,,,,,,,,,水土,,,,,,,,,,,,,,,,,,,,,,月,,,,,,,,,,,,,,,,木,,,,,,,,,,,,,,,,,,木,
平野区,長吉川辺,2丁目,5番,上記以外,,,,,,,,,水土,,,,,,,,,,,,,,,,,,,,,,,,月,,,,,,,,,,,,,,,,木,,,,,,,,,,,,,,,,木,
平野区,長吉川辺,2丁目,6番,軽四輪車(小さい車)で収集している地域,,,,,,,,,水土,,,,,,,,,,,,,,,,,,,,,,月,,,,,,,,,,,,,,,,木,,,,,,,,,,,,,,,,,,木,
平野区,長吉川辺,2丁目,6番,上記以外,,,,,,,,,,水土,,,,,,,,,,,,,,,,,,,,,,,月,,,,,,,,,,,,,,,,木,,,,,,,,,,,,,,,,木,
平野区,長吉川辺,2丁目,7番,軽四輪車(小さい車)で収集している地域,,,,,,,,水土,,,,,,,,,,,,,,,,,,,,,,,月,,,,,,,,,,,,,,,,木,,,,,,,,,,,,,,,,,,木,
平野区,長吉川辺,2丁目,7番,上記以外,,,,,,,,水土,,,,,,,,,,,,,,,,,,,,,,,,,月,,,,,,,,,,,,,,,,木,,,,,,,,,,,,,,,,木,
平野区,長吉川辺,2丁目,8番,軽四輪車(小さい車)で収集している地域,,,,,,,,水土,,,,,,,,,,,,,,,,,,,,,,,月,,,,,,,,,,,,,,,,木,,,,,,,,,,,,,,,,,,木,
平野区,長吉川辺,2丁目,8番,上記以外,,,,,,,,,,水土,,,,,,,,,,,,,,,,,,,,,,,月,,,,,,,,,,,,,,,,木,,,,,,,,,,,,,,,,木,
平野区,長吉川辺,2丁目,北1番,,,,,,,,,,,水土,,,,,,,,,,,,,,,,,,,,,月,,,,,,,,,,,,,,,,木,,,,,,,,,木,,,,,,,,,,
平野区,長吉川辺,2丁目,北2番,,,,,,,,,,,水土,,,,,,,,,,,,,,,,,,,,,,,月,,,,,,,,,,,,,,,,木,,,,,,,木,,,,,,,,,,
平野区,長吉川辺,2丁目,北3番,,,,,,,,,,,,水土,,,,,,,,,,,,,,,,,,,,,,月,,,,,,,,,,,,,,,,木,,,,,,,木,,,,,,,,,,
平野区,長吉川辺,2丁目,北4番,,,,,,,,,,,水土,,,,,,,,,,,,,,,,,,,,,,,月,,,,,,,,,,,,,,,,木,,,,,,,木,,,,,,,,,,
平野区,長吉川辺,3丁目,1番,,,,,,,,,,,火金,,,,,,,,,,,,月,,,,,,,,,,,,,,,,,木,,,,,,,,,,,,,,,,,,,,,,,,,,木,
平野区,長吉川辺,3丁目,2番,,,,,,,,,,,火金,,,,,,,,,,,,,月,,,,,,,,,,,,,,,,木,,,,,,,,,,,,,,,,,,,,,,,,,,木,
平野区,長吉川辺,3丁目,3番,,,,,,,,,,,,火金,,,,,,,,,,,,,,,,,,月,,,,,,,,,,,,,,,,木,,,,,,,,,,,,,,,,,,,,木,
平野区,長吉川辺,3丁目,4番,,,,,,,,,,,,火金,,,,,,,,,,,,,,,,,,月,,,,,,,,,,,,,,,,木,,,,,,,,,,,,,,,,,,,,木,
平野区,長吉川辺,3丁目,5番,,,,,,,,,,,火金,,,,,,,,,,,,,,,,,,,月,,,,,,,,,,,,,,,,木,,,,,,,,,,,,,,,,,,,,木,
平野区,長吉川辺,3丁目,6番,,,,,,,,,,,,,火金,,,,,,,,,,,,,,,,,月,,,,,,,,,,,,,,,,木,,,,,,,,,,,,,,,,,,,,木,
平野区,長吉川辺,3丁目,7番,,,,,,,,,,,火金,,,,,,,,,,,,,,,,,,,月,,,,,,,,,,,,,,,,木,,,,,,,,,,,,,,,,,,,,木,
平野区,長吉川辺,3丁目,8番,,,,,,,,,,,火金,,,,,,,,,,,,,,,,,,,月,,,,,,,,,,,,,,,,木,,,,,,,,,,,,,,,,,,,,木,
平野区,長吉川辺,3丁目,9番,,,,,,,,,,,,火金,,,,,,,,,,,,,,,,,,月,,,,,,,,,,,,,,,,木,,,,,,,,,,,,,,,,,,,,木,
平野区,長吉川辺,3丁目,10番,,,,,,,,,,,,火金,,,,,,,,,,,,,,,,,,月,,,,,,,,,,,,,,,,木,,,,,,,,,,,,,,,,,,,,木,
平野区,長吉川辺,3丁目,11番,,,,,,,,,,,,火金,,,,,,,,,,,,,,,,,,月,,,,,,,,,,,,,,,,木,,,,,,,,,,,,,,,,,,,,木,
平野区,長吉川辺,3丁目,12番,,,,,,,,,,,火金,,,,,,,,,,,,,,,,,,,月,,,,,,,,,,,,,,,,木,,,,,,,,,,,,,,,,,,,,木,
平野区,長吉川辺,3丁目,13番,,,,,,,,,,,火金,,,,,,,,,,,,,,,,,,,月,,,,,,,,,,,,,,,,木,,,,,,,,,,,,,,,,,,,,木,
平野区,長吉川辺,3丁目,14番,,,,,,,,,,,,火金,,,,,,,,,,,,,,,,,,月,,,,,,,,,,,,,,,,木,,,,,,,,,,,,,,,,,,,,木,
平野区,長吉川辺,3丁目,15番,,,,,,,,,,,,火金,,,,,,,,,,,,,,,,,,月,,,,,,,,,,,,,,,,木,,,,,,,,,,,,,,,,,,,,木,
平野区,長吉川辺,3丁目,16番,,,,,,,,,,,,火金,,,,,,,,,,,,,,,,,,月,,,,,,,,,,,,,,,,木,,,,,,,,,,,,,,,,,,,,木,
平野区,長吉川辺,3丁目,17番,,,,,,,,,,,,火金,,,,,,,,,,,,,,,,,,月,,,,,,,,,,,,,,,,木,,,,,,,,,,,,,,,,,,,,木,
平野区,長吉川辺,3丁目,18番,,,,,,,,,,,,,火金,,,,,,,,,,,,,,,,,月,,,,,,,,,,,,,,,,木,,,,,,,,,,,,,,,,,,,,木,
平野区,長吉川辺,3丁目,19番,,,,,,,,,,,火金,,,,,,,,,,,,,,,,,,,月,,,,,,,,,,,,,,,,木,,,,,,,,,,,,,,,,,,,,木,
平野区,長吉川辺,3丁目,20番,,,,,,,,,,,火金,,,,,,,,,,,,,,,,,,,月,,,,,,,,,,,,,,,,木,,,,,,,,,,,,,,,,,,,,木,
平野区,長吉川辺,3丁目,21番,,,,,,,,,,,,火金,,,,,,,,,,,,,,,,,,月,,,,,,,,,,,,,,,,木,,,,,,,,,,,,,,,,,,,,木,
平野区,長吉川辺,4丁目,1番,軽四輪車(小さい車)で収集している地域,,,,,,,,,,水土,,,,,,,,,,,,,,,,,,,,月,,,,,,,,,,,,,,,,木,,,,,,,,,,,,,,,,,,,木,
平野区,長吉川辺,4丁目,1番,上記以外,,,,,,,,,,水土,,,,,,,,,,,,,,,,,,,,月,,,,,,,,,,,,,,,,木,,,,,,,,,,,,,,,,,,,木,
平野区,長吉出戸,1丁目,1番,,,,,,,,,,,,,,,,,火金,,,,,,,,,,,,,水,,,,,,,,,,,,,,,,土,,,,,,,,,,,,,,,,,,,,月,
平野区,長吉出戸,1丁目,5番,,,,,,,,,,,,,,,,,火金,,,,,,,水,,,,,,,,,,,,,,,,土,,,,,,,,,,,,,,,,,,,,,,,,,,月,
平野区,長吉出戸,1丁目,7番,,,,,,,,,,,,,,,,,火金,,,,,,,水,,,,,,,,,,,,,,,,土,,,,,,,,,,,,,,,,,,,,,,,,月,,,
平野区,長吉出戸,1丁目,10番,,,,,,,,,,,,,,,,,火金,,,,,,,,,,,,,,水,,,,,,,,,,,,,,,,土,,,,,,,,,,,,,,,,,,,月,
平野区,長吉出戸,1丁目,11番,,,,,,,,,,,,,,,,火金,,,,,,,,,水,,,,,,,,,,,,,,,,土,,,,,,,,,,,,,,,,,,,,,,,,,月,
平野区,長吉出戸,2丁目,1番,,,,,,,,,,,,,,,,,火金,,,,,,,,,,,,,,,水,,,,,,,,,,,,,,,,土,,,,,,,,,,,,,,,,,,月,
平野区,長吉出戸,2丁目,2番,,,,,,,,,,,,,,,,,火金,,,,,,,,,,,,,,,水,,,,,,,,,,,,,,,,土,,,,,,,,,,,,,,,,,,月,
平野区,長吉出戸,2丁目,3番,,,,,,,,,,,,,,,,,火金,,,,,,,,,,,,,,,水,,,,,,,,,,,,,,,,土,,,,,,,,,,,,,,,,月,,,
平野区,長吉出戸,2丁目,4番,,,,,,,,,,,,,,,,,火金,,,,,,,,,,,,,,,水,,,,,,,,,,,,,,,,土,,,,,,,,,,,,,,,,,,月,
平野区,長吉出戸,2丁目,5番,,,,,,,,,,,,,,,,,火金,,,,,,,,,,,,,,,水,,,,,,,,,,,,,,,,土,,,,,,,,,,,,,,,,,,月,
平野区,長吉出戸,2丁目,6番,,,,,,,,,,,,,,,,,火金,,,,,,,,,,,,,,,水,,,,,,,,,,,,,,,,土,,,,月,,,,,,,,,,,,,,,
平野区,長吉出戸,2丁目,7番,,,,,,,,,,,,,,,,,火金,,,,,,,,,,,,,,水,,,,,,,,,,,,,,,,土,,,,,月,,,,,,,,,,,,,,,
平野区,長吉出戸,2丁目,8番,,,,,,,,,,,,,,,,,火金,,,,,,,,,,,,,,水,,,,,,,,,,,,,,,,土,,,,,月,,,,,,,,,,,,,,,
平野区,長吉出戸,2丁目,9番,,,,,,,,,,,,,,,,,火金,,,,,,,,,,,,,,水,,,,,,,,,,,,,,,,土,,,,,月,,,,,,,,,,,,,,,
平野区,長吉出戸,2丁目,10番,,,,,,,,,,,,,,,,,火金,,,,,,,,,,,,,,水,,,,,,,,,,,,,,,,土,,,,,月,,,,,,,,,,,,,,,
平野区,長吉出戸,2丁目,11番,,,,,,,,,,,,,,,,,火金,,,,,,,,,,,,,,水,,,,,,,,,,,,,,,,土,,,,,月,,,,,,,,,,,,,,,
平野区,長吉出戸,2丁目,12番,,,,,,,,,,,,,,,,,火金,,,,,,,,,,,,,,水,,,,,,,,,,,,,,,,土,,,,,月,,,,,,,,,,,,,,,
平野区,長吉出戸,2丁目,13番,,,,,,,,,,,,,,,,,火金,,,,,,,,,,,,,,水,,,,,,,,,,,,,,,,土,,,,,月,,,,,,,,,,,,,,,
平野区,長吉出戸,2丁目,14番,,,,,,,,,,,,,,,,,火金,,,,,,,,,,,,,,水,,,,,,,,,,,,,,,,土,,,,,月,,,,,,,,,,,,,,,
平野区,長吉出戸,2丁目,15番,,,,,,,,,,,,,,,,,火金,,,,,,,,,,,,,,水,,,,,,,,,,,,,,,,土,,,,,月,,,,,,,,,,,,,,,
平野区,長吉出戸,2丁目,16番,,,,,,,,,,,,,,,,,火金,,,,,,,,,,,,,,,,水,,,,,,,,,,,,,,,,土,,,月,,,,,,,,,,,,,,,
平野区,長吉出戸,2丁目,17番,,,,,,,,,,,,,,,,,火金,,,,,,,,,,,,,,,,水,,,,,,,,,,,,,,,,土,,,月,,,,,,,,,,,,,,,
平野区,長吉出戸,2丁目,18番,,,,,,,,,,,,,,,,,火金,,,,,,,,,,,,,,,,水,,,,,,,,,,,,,,,,土,,,月,,,,,,,,,,,,,,,
平野区,長吉出戸,2丁目,19番,,,,,,,,,,,,,,,,,火金,,,,,,,,,,,,,,,,水,,,,,,,,,,,,,,,,土,,,月,,,,,,,,,,,,,,,
平野区,長吉出戸,2丁目,20番,,,,,,,,,,,,,,,,,火金,,,,,,,,,,,,,,,,水,,,,,,,,,,,,,,,,土,,,月,,,,,,,,,,,,,,,
平野区,長吉出戸,2丁目,21番,,,,,,,,,,,,,,,,,火金,,,,,,,,,,,,,,,,水,,,,,,,,,,,,,,,,土,,,月,,,,,,,,,,,,,,,
平野区,長吉出戸,2丁目,22番,,,,,,,,,,,,,,,,,火金,,,,,,,,,,,,,,,,水,,,,,,,,,,,,,,,,土,,,月,,,,,,,,,,,,,,,
平野区,長吉出戸,2丁目,23番,,,,,,,,,,,,,,,,,火金,,,,,,,,,,,,,,,,水,,,,,,,,,,,,,,,,土,,,月,,,,,,,,,,,,,,,
平野区,長吉出戸,2丁目,24番,,,,,,,,,,,,,,,,,火金,,,,,,,,,,,,,,,,水,,,,,,,,,,,,,,,,土,,,月,,,,,,,,,,,,,,,
平野区,長吉出戸,2丁目,25番,,,,,,,,,,,,,,,,火金,,,,,,,,,,,,,,,,,水,,,,,,,,,,,,,,,,土,,,月,,,,,,,,,,,,,,,
平野区,長吉出戸,2丁目,26番,,,,,,,,,,,,,,,,,火金,,,,,,,,,,,,,,,,水,,,,,,,,,,,,,,,,土,,,,,,,,,,,,,,,,,月,
平野区,長吉出戸,3丁目,1番,,,,,,,,,,,,,,,,,火金,,,,,,,,,,,,,,,,水,,,,,,,,,,,,,,,,土,,,,,,,,,,,,,,,,,月,
平野区,長吉出戸,3丁目,2番,,,,,,,,,,,,,,,,,火金,,,,,,,,,,,,,,,,水,,,,,,,,,,,,,,,,土,,,,,,,,,,,,,,,月,,,
平野区,長吉出戸,3丁目,3番,,,,,,,,,,,,,,,,,火金,,,,,,,,,,,,,,,,水,,,,,,,,,,,,,,,,土,,,,,,,,,,,,,,,月,,,
平野区,長吉出戸,4丁目,1番,,,,,,,,,,,,,,,,,火金,,,,,,月,,,,,,,,,,,,,,,,木,,,,,,,,,,,,,,,,,,,,,,,,,,,月,
平野区,長吉出戸,4丁目,2番,,,,,,,,,,,,,,,,,火金,,,,,,月,,,,,,,,,,,,,,,,木,,,,,,,,,,,,,,,,,,,,,,,,,,,月,
平野区,長吉出戸,4丁目,3番,,,,,,,,,,,,,,,,,火金,,,,,,月,,,,,,,,,,,,,,,,木,,,,,,,,,,,,,,,,,,,,,,,,,,,月,
平野区,長吉出戸,4丁目,4番,,,,,,,,,,,,,,,,,火金,,,,,,月,,,,,,,,,,,,,,,,木,,,,,,,,,,,,,,,,,,,,,,,,,,,月,
平野区,長吉出戸,4丁目,5番,,,,,,,,,,,,,,,,,火金,,,,,,月,,,,,,,,,,,,,,,,木,,,,,,,,,,,,,,,,,,,,,,,,,,,月,
平野区,長吉出戸,4丁目,6番,,,,,,,,,,,,,,,,,火金,,,,,,月,,,,,,,,,,,,,,,,木,,,,,,,,,,,,,,,,,,,,,,,,,,,月,
平野区,長吉出戸,5丁目,1番,,,,,,,,,,,,,,,,,火金,,,,,,月,,,,,,,,,,,,,,,,木,,,,,,,,,,,,,,,,,,,,,,,,,,,月,
平野区,長吉出戸,5丁目,2番,,,,,,,,,,,,,,,,,火金,,,,,,月,,,,,,,,,,,,,,,,木,,,,,,,,,,,,,,,,,,,,,,,,,,,月,
平野区,長吉出戸,5丁目,3番,,,,,,,,,,,,,,,,火金,,,,,,,月,,,,,,,,,,,,,,,,木,,,,,,,,,,,,,月,,,,,,,,,,,,,,,
平野区,長吉出戸,5丁目,4番,,,,,,,,,,,,,,,,,火金,,,,,,月,,,,,,,,,,,,,,,,木,,,,,,,,,,,,,,,,,,,,,,,,,,,月,
平野区,長吉出戸,6丁目,1番,,,,,,,,,,,,,,,,,火金,,,,,,月,,,,,,,,,,,,,,,,木,,,,,,,,,,,,,,,,,,,,,,,,,月,,,
平野区,長吉出戸,6丁目,2番,,,,,,,,,,,,,,,,,火金,,,,,,月,,,,,,,,,,,,,,,,木,,,,,,,,,,,,,,,,,,,,,,,,,月,,,
平野区,長吉出戸,6丁目,3番,,,,,,,,,,,,,,,,,火金,,,,,,月,,,,,,,,,,,,,,,,木,,,,,,,,,,,,,,,,,,,,,,,,,月,,,
平野区,長吉出戸,6丁目,4番,,,,,,,,,,,,,,,,,火金,,,,,,月,,,,,,,,,,,,,,,,木,,,,,,,,,,,,,,,,,,,,,,,,,,,月,
平野区,長吉出戸,6丁目,5番,,,,,,,,,,,,,,,,,火金,,,,,,月,,,,,,,,,,,,,,,,木,,,,,,,,,,,,,,,,,,,,,,,,,月,,,
平野区,長吉出戸,6丁目,6番,,,,,,,,,,,,,,,,,火金,,,,,,,月,,,,,,,,,,,,,,,,木,,,,,,,,,,,,,,,,,,,,,,,,月,,,
平野区,長吉出戸,6丁目,7番,,,,,,,,,,,,,,,,,火金,,,,,,,月,,,,,,,,,,,,,,,,木,,,,,,,,,,,,,,,,,,,,,,,,月,,,
平野区,長吉出戸,6丁目,8番,,,,,,,,,,,,,,,,,火金,,,,,,,月,,,,,,,,,,,,,,,,木,,,,,,,,,,,,,,,,,,,,,,,,月,,,
平野区,長吉出戸,6丁目,9番,,,,,,,,,,,,,,,,,火金,,,,,,月,,,,,,,,,,,,,,,,木,,,,,,,,,,,,,,,,,,,,,,,,,月,,,
平野区,長吉出戸,6丁目,10番,,,,,,,,,,,,,,,,,,火金,,,,,,月,,,,,,,,,,,,,,,,木,,,,,,,,,,,,,,,,,,,,,,,,月,,,
平野区,長吉出戸,6丁目,11番,,,,,,,,,,,,,,,,,火金,,,,,,月,,,,,,,,,,,,,,,,木,,,,,,,,,,,,,,,,,,,,,,,,,月,,,
平野区,長吉出戸,6丁目,12番,,,,,,,,,,,,,,,,,火金,,,,,,月,,,,,,,,,,,,,,,,木,,,,,,,,,,,,,,,,,,,,,,,,,月,,,
平野区,長吉出戸,6丁目,13番,,,,,,,,,,,,,,,,,火金,,,,,,月,,,,,,,,,,,,,,,,木,,,,,,,,,,,,,,,,,,,,,,,,,月,,,
平野区,長吉出戸,6丁目,14番,,,,,,,,,,,,,,,,,火金,,,,,,月,,,,,,,,,,,,,,,,木,,,,,,,,,,,,,,,,,,,,,,,,,月,,,
平野区,長吉出戸,6丁目,15番,,,,,,,,,,,,,,,,,火金,,,,,,月,,,,,,,,,,,,,,,,木,,,,,,,,,,,,,,,,,,,,,,,,,月,,,
平野区,長吉出戸,7丁目,1番,,,,,,,,,,,,,,,,,,火金,,,,,月,,,,,,,,,,,,,,,,木,,,,,,,,,,,,,,,,,,,,,,,,,木,,,
平野区,長吉出戸,7丁目,2番,,,,,,,,,,,,,,,,,,火金,,,,,月,,,,,,,,,,,,,,,,木,,,,,,,,,,,,,,,,,,,,,,,,,木,,,
平野区,長吉出戸,7丁目,3番,,,,,,,,,,,,,,,,,火金,,,,,,月,,,,,,,,,,,,,,,,木,,,,,,,,,,,,,,,,,,,,,,,,,木,,,
平野区,長吉出戸,7丁目,4番,,,,,,,,,,,,,,,,,火金,,,,,,月,,,,,,,,,,,,,,,,木,,,,,,,,,,,,,,,,,,,,,,,,,木,,,
平野区,長吉出戸,7丁目,5番,,,,,,,,,,,,,,,,,火金,,,,,,月,,,,,,,,,,,,,,,,木,,,,,,,,,,,,,,,,,,,,,,,,,木,,,
平野区,長吉出戸,7丁目,6番,,,,,,,,,,,,,,,,,火金,,,,,,,月,,,,,,,,,,,,,,,,木,,,,,,,,,,,,,,,,,,,,,,,,木,,,
平野区,長吉出戸,7丁目,7番,,,,,,,,,,,,,,,,,火金,,,,,,月,,,,,,,,,,,,,,,,木,,,,,,,,,,,,,,,,,,,,,,,,,木,,,
平野区,長吉出戸,7丁目,8番,,,,,,,,,,,,,,,,,火金,,,,,,月,,,,,,,,,,,,,,,,木,,,,,,,,,,,,,,,,,,,,,,,,,木,,,
平野区,長吉出戸,7丁目,9番,,,,,,,,,,,,,,,,,火金,,,,,,月,,,,,,,,,,,,,,,,木,,,,,,,,,,,,,,,,,,,,,,,,,木,,,
平野区,長吉出戸,7丁目,10番,,,,,,,,,,,,,,,,,火金,,,,,,,月,,,,,,,,,,,,,,,,木,,,,,,,,,,,,,,,,,,,,,,,,木,,,
平野区,長吉出戸,7丁目,11番,,,,,,,,,,,,,,,,,火金,,,,,,,月,,,,,,,,,,,,,,,,木,,,,,,,,,,,,,,,,,,,,,,,,木,,,
平野区,長吉出戸,7丁目,12番,,,,,,,,,,,,,,,,,火金,,,,,,,月,,,,,,,,,,,,,,,,木,,,,,,,,,,,,,,,,,,,,,,,,木,,,
平野区,長吉出戸,7丁目,13番,,,,,,,,,,,,,,,,,火金,,,,,,,月,,,,,,,,,,,,,,,,木,,,,,,,,,,,,,,,,,,,,,,,,木,,,
平野区,長吉出戸,7丁目,14番,,,,,,,,,,,,,,,,,火金,,,,,,月,,,,,,,,,,,,,,,,木,,,,,,,,,,,,,,,,,,,,,,,,,木,,,
平野区,長吉出戸,7丁目,15番,,,,,,,,,,,,,,,,,火金,,,,,,月,,,,,,,,,,,,,,,,木,,,,,,,,,,,,,,,,,,,,,,,,,木,,,
平野区,長吉出戸,8丁目,1番,,,,,,,,,,,,,,,,,火金,,,,,,月,,,,,,,,,,,,,,,,木,,,,,,,,,,,,,,,,,,,,,,,,,木,,,
平野区,長吉出戸,8丁目,2番,,,,,,,,,,,,,,,,,火金,,,,,,月,,,,,,,,,,,,,,,,木,,,,,,,,,,,,,,,,,,,,,,,,,木,,,
平野区,長吉出戸,8丁目,3番,,,,,,,,,,,,,,,,,火金,,,,,,月,,,,,,,,,,,,,,,,木,,,,,,,,,,,,,,,,,,,,,,,,,木,,,
平野区,長吉出戸,8丁目,4番,,,,,,,,,,,,,,,,,火金,,,,,,月,,,,,,,,,,,,,,,,木,,,,,,,,,,,,,,,,,,,,,,,,,木,,,
平野区,長吉出戸,8丁目,5番,,,,,,,,,,,,,,,,,火金,,,,,,,月,,,,,,,,,,,,,,,,木,,,,,,,,,,,,,,,,,,,,,,,,木,,,
平野区,長吉出戸,8丁目,6番,,,,,,,,,,,火金,,,,,,,,,,,,,月,,,,,,,,,,,,,,,,木,,,,,,,,,,,,,,,,,,,,,,,,木,,,
平野区,長吉出戸,8丁目,7番,20~30号,,,,,,,,,,火金,,,,,,,,,,,,月,,,,,,,,,,,,,,,,木,,,,,,,,,,,,,,,,,,,,,,,,,木,,,
平野区,長吉出戸,8丁目,7番,上記以外,,,,,,,,,,,,,,,,火金,,,,,,月,,,,,,,,,,,,,,,,木,,,,,,,,,,,,,,,,,,,,,,,,,木,,,
平野区,長吉出戸,8丁目,8番,,,,,,,,,,,,,,,,,火金,,,,,,月,,,,,,,,,,,,,,,,木,,,,,,,,,,,,,,,,,,,,,,,,,木,,,
平野区,長吉出戸,8丁目,9番,,,,,,,,,,,,,,,,,火金,,,,,,月,,,,,,,,,,,,,,,,木,,,,,,,,,,,,,,,,,,,,,,,,,木,,,
平野区,長吉出戸,8丁目,10番,,,,,,,,,,,,,,,,,火金,,,,,,月,,,,,,,,,,,,,,,,木,,,,,,,,,,,,,木,,,,,,,,,,,,,,,
平野区,長吉出戸,8丁目,11番,,,,,,,,,,,,,,,,,火金,,,,,,月,,,,,,,,,,,,,,,,木,,,,,,,,,,,,,木,,,,,,,,,,,,,,,
平野区,長吉出戸,8丁目,12番,,,,,,,,,,,火金,,,,,,,,,,,,月,,,,,,,,,,,,,,,,木,,,,,,,,,,,,,,,,,,,,,,,,,木,,,
平野区,長吉長原,1丁目,1番,,,,,,,,,,,,,,,,火金,,,,,,,月,,,,,,,,,,,,,,,,木,,,,,,,,,,,,,,,,木,,,,,,,,,,,,
平野区,長吉長原,1丁目,2番,,,,,,,,,,,,,,,,,火金,,,,,,月,,,,,,,,,,,,,,,,木,,,,,,,,,,,,,,,,木,,,,,,,,,,,,
平野区,長吉長原,1丁目,3番,,,,,,,,,,,,,,,,,火金,,,,,,,,,,月,,,,,,,,,,,,,,,,木,,,,,,,,,,,,,,木,,,,,,,,,,
平野区,長吉長原,1丁目,4番,,,,,,,,,,,,,,,,,火金,,,,,,,,月,,,,,,,,,,,,,,,,木,,,,,,,,,,,,,,,,木,,,,,,,,,,
平野区,長吉長原,1丁目,5番,,,,,,,,,,,,,,,,,火金,,,,,,,月,,,,,,,,,,,,,,,,木,,,,,,,,,,,,,,,,,木,,,,,,,,,,
平野区,長吉長原,1丁目,6番,,,,,,,,,,,,,,,,,火金,,,,,,,月,,,,,,,,,,,,,,,,木,,,,,,,,,,,,,,,,,木,,,,,,,,,,
平野区,長吉長原,1丁目,7番,,,,,,,,,,,,,,,,,火金,,,,,,,月,,,,,,,,,,,,,,,,木,,,,,,,,,,,,,,,,,木,,,,,,,,,,
平野区,長吉長原,1丁目,8番,,,,,,,,,,,,,,,,火金,,,,,,,月,,,,,,,,,,,,,,,,木,,,,,,,,,,,,,,,,,,木,,,,,,,,,,
平野区,長吉長原,1丁目,9番,,,,,,,,,,,,,,,,,火金,,,,,,月,,,,,,,,,,,,,,,,木,,,,,,,,,,,,,,,,,,木,,,,,,,,,,
平野区,長吉長原,1丁目,10番,,,,,,,,,,,,,,,,,火金,,,,,,,月,,,,,,,,,,,,,,,,木,,,,,,,,,,,,,,,,,木,,,,,,,,,,
平野区,長吉長原,1丁目,11番,,,,,,,,,,,,,,,,,火金,,,,,,月,,,,,,,,,,,,,,,,木,,,,,,,,,,,,,,,,,,木,,,,,,,,,,
平野区,長吉長原,1丁目,12番,,,,,,,,,,,,,,,,火金,,,,,,,,,,,月,,,,,,,,,,,,,,,,木,,,,,,,,,,,,,,木,,,,,,,,,,
平野区,長吉長原,1丁目,13番,,,,,,,,,,,,,,,,,火金,,,,,,,,,,月,,,,,,,,,,,,,,,,木,,,,,,,,,,,,,,木,,,,,,,,,,
平野区,長吉長原,2丁目,1番,,,,,,,,,,,,,,,,,火金,,,,,,,月,,,,,,,,,,,,,,,,木,,,,,,,,,,,,,,,木,,,,,,,,,,,,
平野区,長吉長原,2丁目,2番,,,,,,,,,,,,,,,,,火金,,,,,,,月,,,,,,,,,,,,,,,,木,,,,,,,,,,,,,,,木,,,,,,,,,,,,
平野区,長吉長原,2丁目,3番,,,,,,,,,,,,,,,,,火金,,,,,,,月,,,,,,,,,,,,,,,,木,,,,,,,,,,,,,,,,,木,,,,,,,,,,
平野区,長吉長原,2丁目,4番,,,,,,,,,,,,,,,,火金,,,,,,,,月,,,,,,,,,,,,,,,,木,,,,,,,,,,,,,,,,,木,,,,,,,,,,
平野区,長吉長原,2丁目,5番,,,,,,,,,,,,,,,,,火金,,,,,,,月,,,,,,,,,,,,,,,,木,,,,,,,,,,,,,,,,,木,,,,,,,,,,
平野区,長吉長原,2丁目,6番,,,,,,,,,,,,,,,,火金,,,,,,,,月,,,,,,,,,,,,,,,,木,,,,,,,,,,,,,,,,,木,,,,,,,,,,
平野区,長吉長原,2丁目,7番,,,,,,,,,,,,,,,,,火金,,,,,,月,,,,,,,,,,,,,,,,木,,,,,,,,,,,,,,,,,,木,,,,,,,,,,
平野区,長吉長原,2丁目,8番,,,,,,,,,,,,,,,,,火金,,,,,,月,,,,,,,,,,,,,,,,木,,,,,,,,,,,,,,,,,,木,,,,,,,,,,
平野区,長吉長原,2丁目,9番,,,,,,,,,,,,,,,,,火金,,,,,,月,,,,,,,,,,,,,,,,木,,,,,,,,,,,,,,,,,,木,,,,,,,,,,
平野区,長吉長原,2丁目,10番,,,,,,,,,,,,,,,,,火金,,,,,,月,,,,,,,,,,,,,,,,木,,,,,,,,,,,,,,,,,,木,,,,,,,,,,
平野区,長吉長原,2丁目,11番,,,,,,,,,,,,,,,,,火金,,,,,,月,,,,,,,,,,,,,,,,木,,,,,,,,,,,,,,,,,,木,,,,,,,,,,
平野区,長吉長原,2丁目,12番,,,,,,,,,,,,,,,,,火金,,,,,,,月,,,,,,,,,,,,,,,,木,,,,,,,,,,,,,,,,,木,,,,,,,,,,
平野区,長吉長原,2丁目,13番,,,,,,,,,,,,,,,,火金,,,,,,,,月,,,,,,,,,,,,,,,,木,,,,,,,,,,,,,,,,,木,,,,,,,,,,
平野区,長吉長原,2丁目,14番,市営長吉住宅1号館～6号館,,,,,,,,,,,,,,,火金,,,,,,,,月,,,,,,,,,,,,,,,,木,,,,,,,,,,,,,,,,,金,,,,,,,,,,
平野区,長吉長原,3丁目,1番,,,,,,,,,,,,,,,,火金,,,,,,,,月,,,,,,,,,,,,,,,,木,,,,,,,,,,,,,,,木,,,,,,,,,,,,
平野区,長吉長原,3丁目,2番,,,,,,,,,,,,,,,,火金,,,,,,,,月,,,,,,,,,,,,,,,,木,,,,,,,,,,,,,,,木,,,,,,,,,,,,
平野区,長吉長原,3丁目,3番,,,,,,,,,,,,,,,,火金,,,,,,,,月,,,,,,,,,,,,,,,,木,,,,,,,,,,,,,,,木,,,,,,,,,,,,
平野区,長吉長原,3丁目,4番,,,,,,,,,,,,,,,,,火金,,,,,,,月,,,,,,,,,,,,,,,,木,,,,,,,,,,,,,,,木,,,,,,,,,,,,
平野区,長吉長原,3丁目,5番,軽四輪車(小さい車)で収集している地域,,,,,,,,,,,,,,,火金,,,,,,,,月,,,,,,,,,,,,,,,,木,,,,,,,,,,,,,,,木,,,,,,,,,,,,
平野区,長吉長原,3丁目,5番,上記以外,,,,,,,,,,,,,,,,火金,,,,,,月,,,,,,,,,,,,,,,,木,,,,,,,,,,,,,,,,,,木,,,,,,,,,,
平野区,長吉長原,3丁目,6番,,,,,,,,,,,,,,,,火金,,,,,,,月,,,,,,,,,,,,,,,,木,,,,,,,,,,,,,,,,木,,,,,,,,,,,,
平野区,長吉長原,3丁目,7番,,,,,,,,,,,,,,,,火金,,,,,,,,月,,,,,,,,,,,,,,,,木,,,,,,,,,,,,,,,木,,,,,,,,,,,,
平野区,長吉長原,3丁目,8番,,,,,,,,,,,,,,,,,火金,,,,,,月,,,,,,,,,,,,,,,,木,,,,,,,,,,,,,,,,,,木,,,,,,,,,,
平野区,長吉長原,3丁目,9番,,,,,,,,,,,,,,,,火金,,,,,,,月,,,,,,,,,,,,,,,,木,,,,,,,,,,,,,,,,,,木,,,,,,,,,,
平野区,長吉長原,3丁目,10番,,,,,,,,,,,,,,,,,火金,,,,,,月,,,,,,,,,,,,,,,,木,,,,,,,,,,,,,,,,,,木,,,,,,,,,,
平野区,長吉長原,3丁目,11番,,,,,,,,,,,,,,,,火金,,,,,,,月,,,,,,,,,,,,,,,,木,,,,,,,,,,,,,,,,,,木,,,,,,,,,,
平野区,長吉長原,3丁目,12番,,,,,,,,,,,,,,,,,,火金,,,,,月,,,,,,,,,,,,,,,,木,,,,,,,,,,,,,,,,,,木,,,,,,,,,,
平野区,長吉長原,3丁目,13番,,,,,,,,,,,,,,,,,火金,,,,,,月,,,,,,,,,,,,,,,,木,,,,,,,,,,,,,,,,,,木,,,,,,,,,,
平野区,長吉長原,3丁目,14番,,,,,,,,,,,,,,,,,火金,,,,,,月,,,,,,,,,,,,,,,,木,,,,,,,,,,,,,,,,,,木,,,,,,,,,,
平野区,長吉長原,3丁目,15番,,,,,,,,,,,,,,,,,火金,,,,,,,月,,,,,,,,,,,,,,,,木,,,,,,,,,,,,,,,,,木,,,,,,,,,,
平野区,長吉長原,3丁目,16番,,,,,,,,,,,,,,,,,火金,,,,,,,,月,,,,,,,,,,,,,,,,木,,,,,,,,,,,,,,,,木,,,,,,,,,,
平野区,長吉長原,3丁目,17番,,,,,,,,,,,,,,,,,火金,,,,,,月,,,,,,,,,,,,,,,,木,,,,,,,,,,,,,,,,,,木,,,,,,,,,,
平野区,長吉長原,4丁目,1番,,,,,,,,,水土,,,,,,,,,,,,,,,,,,,,,,,,,,月,,,,,,,,,,,,,,,,木,,,,,,木,,,,,,,,,,
平野区,長吉長原,4丁目,2番,,,,,,,,,,水土,,,,,,,,,,,,,,,,,月,,,,,,,,,,,,,,,,木,,,,,,,,,,,,,,木,,,,,,,,,,
平野区,長吉長原,4丁目,3番,,,,,,,,,,水土,,,,,,,,,,,,,,,,,,,,,,,月,,,,,,,,,,,,,,,,木,,,,,,,,木,,,,,,,,,,
平野区,長吉長原,4丁目,4番,,,,,,,,,,水土,,,,,,,,,,,,,,,,,,,,,,,月,,,,,,,,,,,,,,,,木,,,,,,,,,,,木,,,,,,,
平野区,長吉長原,4丁目,5番,,,,,,,,,,水土,,,,,,,,,,,,,,,,,,,,,,,月,,,,,,,,,,,,,,,,木,,,,,,,,木,,,,,,,,,,
平野区,長吉長原,4丁目,6番,,,,,,,,,,水土,,,,,,,,,,,,,,,,,,,,,,,月,,,,,,,,,,,,,,,,木,,,,,,,,木,,,,,,,,,,
平野区,長吉長原,4丁目,7番,,,,,,,,,,水土,,,,,,,,,,,,,,,,,,,,,,,月,,,,,,,,,,,,,,,,木,,,,,,,,木,,,,,,,,,,
平野区,長吉長原,4丁目,8番,,,,,,,,,,水土,,,,,,,,,,,,,,,,,,,,,,,月,,,,,,,,,,,,,,,,木,,,,,,,,木,,,,,,,,,,
平野区,長吉長原,4丁目,9番,,,,,,,,,,水土,,,,,,,,,,,,,,,,,,,,,,,月,,,,,,,,,,,,,,,,木,,,,,,,,木,,,,,,,,,,
平野区,長吉長原,4丁目,10番,,,,,,,,,,水土,,,,,,,,,,,,,,,,,,,,,,,月,,,,,,,,,,,,,,,,木,,,,,,,,木,,,,,,,,,,
平野区,長吉長原,4丁目,11番,,,,,,,,,,,水土,,,,,,,,,,,,,,,,,,,,,,月,,,,,,,,,,,,,,,,木,,,,,,,,木,,,,,,,,,,
平野区,長吉長原,4丁目,12番,,,,,,,,,,,水土,,,,,,,,,,,,,,,,,,,,,,月,,,,,,,,,,,,,,,,木,,,,,,,,木,,,,,,,,,,
平野区,長吉長原,4丁目,13番,,,,,,,,,,,水土,,,,,,,,,,,,,,,,,,,,,,月,,,,,,,,,,,,,,,,木,,,,,,,,木,,,,,,,,,,
平野区,長吉長原,4丁目,14番,,,,,,,,,,,水土,,,,,,,,,,,,,,,,,,,,,,月,,,,,,,,,,,,,,,,木,,,,,,,,木,,,,,,,,,,
平野区,長吉長原,4丁目,15番,,,,,,,,,,,水土,,,,,,,,,,,,,,,,,,,,,,月,,,,,,,,,,,,,,,,木,,,,,,,,木,,,,,,,,,,
平野区,長吉長原,4丁目,16番,,,,,,,,,,,水土,,,,,,,,,,,,,,,,,,,,,,月,,,,,,,,,,,,,,,,木,,,,,,,,木,,,,,,,,,,
平野区,長吉長原,4丁目,17番,,,,,,,,,,水土,,,,,,,,,,,,,,,,,,,,,,,月,,,,,,,,,,,,,,,,木,,,,,,,,木,,,,,,,,,,
平野区,長吉長原,4丁目,18番,,,,,,,,,,,水土,,,,,,,,,,,,,,,,,,,,,,月,,,,,,,,,,,,,,,,木,,,,,,,,木,,,,,,,,,,
平野区,長吉長原,4丁目,19番,,,,,,,,,,,水土,,,,,,,,,,,,,,,,,,,,,,月,,,,,,,,,,,,,,,,木,,,,,,,,木,,,,,,,,,,
平野区,長吉長原西,1丁目,1番,,,,,,,,,,,,,,,,,水土,,,,,,,,,,,,,,,,,月,,,,,,,,,,,,,,,,木,,,,,,,,木,,,,,,,,,
平野区,長吉長原西,1丁目,2番,,,,,,,,,,,,,,,,,水土,,,,,,,,,,,,,,,,,月,,,,,,,,,,,,,,,,木,,,,,,,,木,,,,,,,,,
平野区,長吉長原西,1丁目,3番,,,,,,,,,,,,,,,,,水土,,,,,,,,,,,,,,月,,,,,,,,,,,,,,,,木,,,,,,,,,,木,,,,,,,,,,
平野区,長吉長原西,1丁目,4番,,,,,,,,,,,,,,,,,水土,,,,,,,,,,,,,,,,,月,,,,,,,,,,,,,,,,木,,,,,,,,木,,,,,,,,,
平野区,長吉長原西,1丁目,5番,,,,,,,,,,,,,,,,,水土,,,,,,,,,,,,,,月,,,,,,,,,,,,,,,,木,,,,,,,,,,木,,,,,,,,,,
平野区,長吉長原西,2丁目,1番,,,,,,,,,,,,,,,,,水土,,,,,,,,,,,,,,月,,,,,,,,,,,,,,,,木,,,,,,,,,,木,,,,,,,,,,
平野区,長吉長原西,2丁目,2番,,,,,,,,,,,,,,,,,水土,,,,,,,,,,,,,,月,,,,,,,,,,,,,,,,木,,,,,,,,,,木,,,,,,,,,,
平野区,長吉長原西,2丁目,3番,,,,,,,,,,,,,,,,,水土,,,,,,,,,,,,,,月,,,,,,,,,,,,,,,,木,,,,,,,,,,木,,,,,,,,,,
平野区,長吉長原西,2丁目,4番,,,,,,,,,,,,,,,,,水土,,,,,,,,,,,,,,月,,,,,,,,,,,,,,,,木,,,,,,,,,,,木,,,,,,,,,
平野区,長吉長原西,2丁目,5番,,,,,,,,,,,,,,,,,,水土,,,,,,,,,,,,,月,,,,,,,,,,,,,,,,木,,,,,,,,,,木,,,,,,,,,,
平野区,長吉長原西,2丁目,6番,,,,,,,,,,,,,,,,,水土,,,,,,,,,,,,,,月,,,,,,,,,,,,,,,,木,,,,,,,,,,木,,,,,,,,,,
平野区,長吉長原西,2丁目,7番,,,,,,,,,,,,,,,,,水土,,,,,,,,,,,,,,月,,,,,,,,,,,,,,,,木,,,,,,,,,,木,,,,,,,,,,
平野区,長吉長原西,2丁目,8番,,,,,,,,,,,,,,,,,水土,,,,,,,,,,,,,,月,,,,,,,,,,,,,,,,木,,,,,,,,,,木,,,,,,,,,,
平野区,長吉長原西,2丁目,9番,,,,,,,,,,,,,,,,,水土,,,,,,,,,,,,,,月,,,,,,,,,,,,,,,,木,,,,,,,,,,木,,,,,,,,,,
平野区,長吉長原西,2丁目,10番,,,,,,,,,,,,,,,,,水土,,,,,,,,,,,,,,月,,,,,,,,,,,,,,,,木,,,,,,,,,,木,,,,,,,,,,
平野区,長吉長原西,2丁目,11番,,,,,,,,,,,,,,,,,水土,,,,,,,,,,,,,,月,,,,,,,,,,,,,,,,木,,,,,,,,,,木,,,,,,,,,,
平野区,長吉長原西,2丁目,12番,,,,,,,,,,,,,,,,,水土,,,,,,,,,,,,,,月,,,,,,,,,,,,,,,,木,,,,,,,,,,木,,,,,,,,,,
平野区,長吉長原西,3丁目,1番,,,,,,,,,,,,,,,,,水土,,,,,,,,,,,,,,月,,,,,,,,,,,,,,,,木,,,,,,,,,,木,,,,,,,,,,
平野区,長吉長原西,3丁目,2番,,,,,,,,,,,,,,,,,水土,,,,,,,,,,,,,,月,,,,,,,,,,,,,,,,木,,,,,,,,,,木,,,,,,,,,,
平野区,長吉長原西,3丁目,3番,,,,,,,,,,,,,,,,,水土,,,,,,,,,,,,,,月,,,,,,,,,,,,,,,,木,,,,,,,,,,木,,,,,,,,,,
平野区,長吉長原西,3丁目,4番,,,,,,,,,,,,,,,,,,水土,,,,,,,,,,,,,月,,,,,,,,,,,,,,,,木,,,,,,,,,,木,,,,,,,,,,
平野区,長吉長原西,3丁目,5番,,,,,,,,,,,,,,,,,水土,,,,,,,,,,,,,,月,,,,,,,,,,,,,,,,木,,,,,,,,,,木,,,,,,,,,,
平野区,長吉長原西,3丁目,6番,,,,,,,,,,,,,,,,,水土,,,,,,,,,,,,,,,,,月,,,,,,,,,,,,,,,,木,,,,,木,,,,,,,,,,,,
平野区,長吉長原西,3丁目,7番,,,,,,,,,,,,,,,,,水土,,,,,,,,,,,,,,月,,,,,,,,,,,,,,,,木,,,,,,,,木,,,,,,,,,,,,
平野区,長吉長原西,3丁目,8番,,,,,,,,,,,,,,,,,水土,,,,,,,,,,,,,,月,,,,,,,,,,,,,,,,木,,,,,,,,木,,,,,,,,,,,,
平野区,長吉長原西,3丁目,9番,,,,,,,,,,,,,,,,,水土,,,,,,,,,,,,,,,,,月,,,,,,,,,,,,,,,,木,,,,,,,木,,,,,,,,,,
平野区,長吉長原西,3丁目,10番,,,,,,,,,,,,,,,,,水土,,,,,,,,,,,,,,月,,,,,,,,,,,,,,,,木,,,,,,,,,,木,,,,,,,,,,
平野区,長吉長原西,3丁目,11番,,,,,,,,,,,,,,,,,,水土,,,,,,,,,,,,,月,,,,,,,,,,,,,,,,木,,,,,,,,,,木,,,,,,,,,,
平野区,長吉長原西,4丁目,1番,市営長吉長原西第三住宅1～9棟,,,,,,,,,,,,,,,,,水土,,,,,,,,,,,,,月,,,,,,,,,,,,,,,,木,,,,,,,,金,,,,,,,,,,,,
平野区,長吉長原西,4丁目,2番,市営長吉長原西第三住宅10～20棟,,,,,,,,,,,,,,,,,水土,,,,,,,,,,,,,月,,,,,,,,,,,,,,,,木,,,,,,,,金,,,,,,,,,,,,
平野区,長吉長原西,4丁目,2番,上記以外,,,,,,,,,,,,,,,,,水土,,,,,,,,,,,,,月,,,,,,,,,,,,,,,,木,,,,,,,,木,,,,,,,,,,,,
平野区,長吉長原西,4丁目,3番,,,,,,,,,,,,,,,,,,水土,,,,,,,,,,,,,月,,,,,,,,,,,,,,,,木,,,,,,,,木,,,,,,,,,,,,
平野区,長吉長原西,4丁目,4番,,,,,,,,,,,,,,,,,,水土,,,,,,,,,,,,,月,,,,,,,,,,,,,,,,木,,,,,木,,,,,,,,,,,,,,,
平野区,長吉長原西,4丁目,5番,,,,,,,,,,,,,,,,,水土,,,,,,,,,,,,,,,月,,,,,,,,,,,,,,,木,,,,,,,,,,木,,,,,,,,,,
平野区,長吉長原西,4丁目,6番,,,,,,,,,,,,,,,,,水土,,,,,,,,,,,,,,,,月,,,,,,,,,,,,,,,,木,,,,,,,,木,,,,,,,,,,
平野区,長吉長原西,4丁目,7番,,,,,,,,,,,,,,,,,,水土,,,,,,,,,,,,,,,月,,,,,,,,,,,,,,,,木,,,,,,,,木,,,,,,,,,,
平野区,長吉長原東,1丁目,1番,,,,,,,,火金,,,,,,,,,,,,,,,月,,,,,,,,,,,,,,,,木,,,,,,,,,,,,,,,,,,,,,,,,,木,,,
平野区,長吉長原東,1丁目,2番,,,,,,,,,,,,火金,,,,,,,,,,,,月,,,,,,,,,,,,,,,,木,,,,,,,,,,,,,,,,,,,,,,,,木,,,
平野区,長吉長原東,1丁目,3番,,,,,,,,,,,火金,,,,,,,,,,,,,月,,,,,,,,,,,,,,,,木,,,,,,,,,,,,,,,,,,,,,,,,木,,,
平野区,長吉長原東,1丁目,5番,市営長吉長原東住宅9号館,,,,,,,,,,火金,,,,,,,,,,,,月,,,,,,,,,,,,,,,,木,,,,,,,,,,,,,,,,火,,,,,,,,,,,,
平野区,長吉長原東,1丁目,6番,,,,,,,,,,,火金,,,,,,,,,,,,,,,月,,,,,,,,,,,,,,,,木,,,,,,,,,,,,,,,,,,,,,,木,,,
平野区,長吉長原東,1丁目,7番,,,,,,,,,,,,火金,,,,,,,,,,,,月,,,,,,,,,,,,,,,,木,,,,,,,,,,,,,,,,,,,,,,,,木,,,
平野区,長吉長原東,1丁目,8番,市営長吉長原東住宅5号館,,,,,,,,,,火金,,,,,,,,,,,,,,,月,,,,,,,,,,,,,,,,木,,,,,,,,,,,,,,,,,,,,,,,,,
平野区,長吉長原東,1丁目,9番,市営長吉長原東住宅6・7号館,,,,,,,,,,,火金,,,,,,,,,,,月,,,,,,,,,,,,,,,,木,,,,,,,,,,,,,,,,火,,,,,,,,,,,,
平野区,長吉長原東,1丁目,11番,市営長吉長原東住宅8号館,,,,,,,,,,火金,,,,,,,,,,,,,,,月,,,,,,,,,,,,,,,,木,,,,,,,,,,,,,火,,,,,,,,,,,,
平野区,長吉長原東,2丁目,1番,,,,,,,,,,,,火金,,,,,,,,,,,,月,,,,,,,,,,,,,,,,木,,,,,,,,,,,,,,,,,,,,,,,,,,,
平野区,長吉長原東,2丁目,3番,,,,,,,,,,,,火金,,,,,,,,,,,,月,,,,,,,,,,,,,,,,木,,,,,,,,,,,,,,,,,,,,,,,,,,木,
平野区,長吉長原東,2丁目,5番,市営長吉長原東住宅10・11号館,,,,,,,,,,火金,,,,,,,,,,,,月,,,,,,,,,,,,,,,,木,,,,,,,,,,,,,,,,,,,,,,,,,,,,
平野区,長吉長原東,2丁目,6番,市営長吉長原東住宅12号館,,,,,,,,,,火金,,,,,,,,,,,,,,月,,,,,,,,,,,,,,,,木,,,,,,,,,,,,,,火,,,,,,,,,,,,
平野区,長吉長原東,2丁目,7番,市営長吉長原東住宅13号館,,,,,,,,,,火金,,,,,,,,,,,,月,,,,,,,,,,,,,,,,木,,,,,,,,,,,,,,,,,,,,,,,,,,,,
平野区,長吉長原東,2丁目,8番,リバー平野ガーデンズ,,,,,,,,,,火金,,,,,,,,,,,,,,月,,,,,,,,,,,,,,,,木,,,,,,,,,,,,,,火,,,,,,,,,,,,
平野区,長吉長原東,3丁目,1番,,,,,,,,,,,火金,,,,,,,,,,,,月,,,,,,,,,,,,,,,,木,,,,,,,,,,,,,,,,,,,,,,,,,,,木,
平野区,長吉長原東,3丁目,2番,,,,,,,,,,,火金,,,,,,,,,,,,,,月,,,,,,,,,,,,,,,,木,,,,,,,,,,,,,,,,,,,,,,,,,木,
平野区,長吉長原東,3丁目,3番,市営長吉長原東第4住宅38号館,,,,,,,,,,,火金,,,,,,,,,,,,,月,,,,,,,,,,,,,,,,木,,,,,,,,,,,,,,火,,,,,,,,,,,,
平野区,長吉長原東,3丁目,4番,市営長吉長原東第4住宅37号館,,,,,,,,,,,火金,,,,,,,,,,,,,月,,,,,,,,,,,,,,,,木,,,,,,,,,,,,,,,,,,,,,,,,,,
平野区,長吉長原東,3丁目,5番,,,,,,,,,,,,火金,,,,,,,,,,,,,月,,,,,,,,,,,,,,,,木,,,,,,,,,,,,,,,,,,,,,,,,,木,
平野区,長吉長原東,3丁目,6番,,,,,,,,,,,,火金,,,,,,,,,,,,,月,,,,,,,,,,,,,,,,木,,,,,,,,,,,,,,,,,,,,,,,,,木,
平野区,長吉長原東,3丁目,7番,,,,,,,,,,,火金,,,,,,,,,,,,,,月,,,,,,,,,,,,,,,,木,,,,,,,,,,,,,,,,,,,,,,,,,木,
平野区,長吉長原東,3丁目,8番,,,,,,,,,,,,火金,,,,,,,,,,,,,月,,,,,,,,,,,,,,,,木,,,,,,,,,,,,,,,,,,,,,,,,,木,
平野区,長吉長原東,3丁目,9番,,,,,,,,,,,,火金,,,,,,,,,,,,,,月,,,,,,,,,,,,,,,,木,,,,,,,,,,,,,,,,,,,,,,,,木,
平野区,長吉長原東,3丁目,10番,,,,,,,,,,,,火金,,,,,,,,,,,,,,月,,,,,,,,,,,,,,,,木,,,,,,,,,,木,,,,,,,,,,,,,,,
平野区,長吉長原東,3丁目,11番,,,,,,,,,,,,火金,,,,,,,,,,,,,,月,,,,,,,,,,,,,,,,木,,,,,,,,,,,,,,,,,,,,,,,,木,
平野区,長吉長原東,3丁目,12番,,,,,,,,,,,火金,,,,,,,,,,,,,,月,,,,,,,,,,,,,,,,木,,,,,,,,,,,,,,,,,,,,,,,,,木,
平野区,長吉長原東,3丁目,13番,,,,,,,,,,,,,火金,,,,,,,,,,,,月,,,,,,,,,,,,,,,,木,,,,,,,,,,,,,,,,,,,,,,,,,木,
平野区,長吉長原東,3丁目,14番,木の本合同宿舎1・2号棟,,,,,,,,,,火金,,,,,,,,,,,,,,月,,,,,,,,,,,,,,,,木,,,,,,,,,,,,,,,,,,,,火,,,,,,
平野区,長吉長原東,3丁目,14番,上記以外,,,,,,,,,,火金,,,,,,,,,,,,,,月,,,,,,,,,,,,,,,,木,,,,,,,,,,,,,,,,,,,,,,,,,木,
平野区,長吉六反,1丁目,1番,,,,,,,,,,,,,火金,,,,,,,,,,月,,,,,,,,,,,,,,,,木,,,,,,,,,,,,,,,,,,,,,,,,,木,,,
平野区,長吉六反,1丁目,2番,,,,,,,,,,,,,火金,,,,,,,,,,月,,,,,,,,,,,,,,,,木,,,,,,,,,,,,,,,,,,,,,,,,,木,,,
平野区,長吉六反,1丁目,3番,,,,,,,,,,,,,火金,,,,,,,,,,月,,,,,,,,,,,,,,,,木,,,,,,,,,,,,,,,,,,,,,,,,,木,,,
平野区,長吉六反,1丁目,4番,,,,,,,,,,,,,火金,,,,,,,,,,月,,,,,,,,,,,,,,,,木,,,,,,,,,,,,,,,,,,,,,,,,,木,,,
平野区,長吉六反,1丁目,5番,,,,,,,,,,,,,火金,,,,,,,,,,月,,,,,,,,,,,,,,,,木,,,,,,,,,,,,,,,,,,,,,,,,,木,,,
平野区,長吉六反,1丁目,6番,,,,,,,,,,,,,火金,,,,,,,,,,月,,,,,,,,,,,,,,,,木,,,,,,,,,,,,,,,,,,,,,,,,,木,,,
平野区,長吉六反,1丁目,7番,,,,,,,,,,,,,火金,,,,,,,,,,月,,,,,,,,,,,,,,,,木,,,,,,,,,,,,,,,,,,,,,,,,,木,,,
平野区,長吉六反,1丁目,8番,,,,,,,,,,,,,火金,,,,,,,,,,月,,,,,,,,,,,,,,,,木,,,,,,,,,,,,,,,,,,,,,,,,,木,,,
平野区,長吉六反,1丁目,9番,,,,,,,,,,,,,火金,,,,,,,,,,月,,,,,,,,,,,,,,,,木,,,,,,,,,,,,,,,,,,,,,,,,,木,,,
平野区,長吉六反,1丁目,10番,,,,,,,,,,,,,火金,,,,,,,,,,月,,,,,,,,,,,,,,,,木,,,,,,,,,,,,,,,,,,,,,,,,,木,,,
平野区,長吉六反,1丁目,11番,,,,,,,,,,,,火金,,,,,,,,,,,月,,,,,,,,,,,,,,,,木,,,,,,,,,,,,,,,,,,,,,,,,,木,,,
平野区,長吉六反,1丁目,12番,,,,,,,,,,,,,火金,,,,,,,,,,月,,,,,,,,,,,,,,,,木,,,,,,,,,,,,,,,,,,,,,,,,,木,,,
平野区,長吉六反,1丁目,13番,,,,,,,,,,,,火金,,,,,,,,,,,月,,,,,,,,,,,,,,,,木,,,,,,,,,,,,,,,,,,,,,,,,,木,,,
平野区,長吉六反,1丁目,14番,,,,,,,,,,,火金,,,,,,,,,,,,月,,,,,,,,,,,,,,,,木,,,,,,,,,,,,,,,,,,,,,,,,,木,,,
平野区,長吉六反,2丁目,1番,,,,,,,,,,,火金,,,,,,,,,,,,月,,,,,,,,,,,,,,,,木,,,,,,,,,,,,,,,,,,,,,,,,,木,,,
平野区,長吉六反,2丁目,2番,,,,,,,,,,,火金,,,,,,,,,,,,月,,,,,,,,,,,,,,,,木,,,,,,,,,,,,,,,,,,,,,,,,,木,,,
平野区,長吉六反,2丁目,3番,,,,,,,,,,,火金,,,,,,,,,,,,月,,,,,,,,,,,,,,,,木,,,,,,,,,,,,,,,,,,,,,,,,,木,,,
平野区,長吉六反,2丁目,4番,軽四輪車(小さい車)で収集している地域,,,,,,火金,,,,,,,,,,,,,,,,月,,,,,,,,,,,,,,,,木,,,,,,,,,,,,,,,,木,,,,,,,,,,,,
平野区,長吉六反,2丁目,4番,上記以外,,,,,,,,,,火金,,,,,,,,,,,,,,,月,,,,,,,,,,,,,,,,木,,,,,,,,,,,,,,,,,,,,,,木,,,
平野区,長吉六反,2丁目,5番,軽四輪車(小さい車)で収集している地域,,,,,,火金,,,,,,,,,,,,,,,,月,,,,,,,,,,,,,,,,木,,,,,,,,,,,,,,,,木,,,,,,,,,,,,
平野区,長吉六反,2丁目,5番,上記以外,,,,,,,,,,火金,,,,,,,,,,,,,,,月,,,,,,,,,,,,,,,,木,,,,,,,,,,,,,,,,,,,,,,木,,,
平野区,長吉六反,2丁目,6番,,,,,,,,,,,火金,,,,,,,,,,,,月,,,,,,,,,,,,,,,,木,,,,,,,,,,,,,,,,,,,,,,,,,木,,,
平野区,長吉六反,2丁目,7番,,,,,,,,,,,火金,,,,,,,,,,,,月,,,,,,,,,,,,,,,,木,,,,,,,,,,,,,,,,,,,,,,,,,木,,,
平野区,長吉六反,2丁目,8番,,,,,,,,,,,,火金,,,,,,,,,,,月,,,,,,,,,,,,,,,,木,,,,,,,,,,,,,,,,,,,,,,,,,木,,,
平野区,長吉六反,2丁目,9番,,,,,,,,,,,火金,,,,,,,,,,,,月,,,,,,,,,,,,,,,,木,,,,,,,,,,,,,,,,,,,,,,,,,木,,,
平野区,長吉六反,2丁目,10番,,,,,,,,,,,火金,,,,,,,,,,,,月,,,,,,,,,,,,,,,,木,,,,,,,,,,,,,,,,,,,,,,,,,木,,,
平野区,長吉六反,2丁目,11番,,,,,,,,,,,火金,,,,,,,,,,,,月,,,,,,,,,,,,,,,,木,,,,,,,,,,,,,,,,,,,,,,,,,木,,,
平野区,長吉六反,2丁目,12番,,,,,,,,,,,火金,,,,,,,,,,,,,月,,,,,,,,,,,,,,,,木,,,,,,,,,,,,,,,,,,,,,,,,木,,,
平野区,長吉六反,2丁目,13番,,,,,,,,,,,火金,,,,,,,,,,,,月,,,,,,,,,,,,,,,,木,,,,,,,,,,,,,,,,,,,,,,,,,木,,,
平野区,長吉六反,3丁目,1番,,,,,,,,,,,,火金,,,,,,,,,,,月,,,,,,,,,,,,,,,,木,,,,,,,,,,,,,木,,,,,,,,,,,,,,,
平野区,長吉六反,3丁目,2番,,,,,,,,,,,,,火金,,,,,,,,,,月,,,,,,,,,,,,,,,,木,,,,,,,,,,,,,,,,,,,,,,,,,木,,,
平野区,長吉六反,3丁目,3番,,,,,,,,,,,火金,,,,,,,,,,,,月,,,,,,,,,,,,,,,,木,,,,,,,,,,,,,,,,,,,,,,,,,木,,,
平野区,長吉六反,3丁目,4番,,,,,,,,,,,火金,,,,,,,,,,,,月,,,,,,,,,,,,,,,,木,,,,,,,,,,,,,,,,,,,,,,,,,木,,,
平野区,長吉六反,3丁目,5番,,,,,,,,,,,火金,,,,,,,,,,,,,月,,,,,,,,,,,,,,,,木,,,,,,,,,,,,,,,,,,,,,,,,木,,,
平野区,長吉六反,3丁目,6番,,,,,,,,,,,,火金,,,,,,,,,,,,月,,,,,,,,,,,,,,,,木,,,,,,,,,,,,,,,,,,,,,,,,木,,,
平野区,長吉六反,3丁目,7番,,,,,,,,,,,火金,,,,,,,,,,,,,月,,,,,,,,,,,,,,,,木,,,,,,,,,,,,,,,,,,,,,,,,木,,,
平野区,長吉六反,3丁目,8番,市営長吉長原東住宅14号館,,,,,,,,,,火金,,,,,,,,,,,,,月,,,,,,,,,,,,,,,,木,,,,,,,,,,,,,,,火,,,,,,,,,,,,
平野区,長吉六反,3丁目,8番,市営長吉長原東住宅15号館,,,,,,,,,,火金,,,,,,,,,,,,,月,,,,,,,,,,,,,,,,木,,,,,,,,,,,,,,,,,,,,,,,,,,,
平野区,長吉六反,3丁目,9番,,,,,,,,,,,火金,,,,,,,,,,,,,月,,,,,,,,,,,,,,,,木,,,,,,,,,,,,,,,,,,,,,,,,,,木,
平野区,長吉六反,3丁目,10番,,,,,,,,,,,,火金,,,,,,,,,,,,月,,,,,,,,,,,,,,,,木,,,,,,,,,,,,,,,,,,,,,,,,,,木,
平野区,長吉六反,3丁目,11番,市営長吉長原東住宅16号館,,,,,,,,,,,火金,,,,,,,,,,,,月,,,,,,,,,,,,,,,,木,,,,,,,,,,,,,,,火,,,,,,,,,,,,
平野区,長吉六反,3丁目,14番,,,,,,,,,,,火金,,,,,,,,,,,,,月,,,,,,,,,,,,,,,,木,,,,,,,,,,,,,,,,,,,,,,,,,,木,
平野区,長吉六反,3丁目,15番,,,,,,,,,,,,火金,,,,,,,,,,,,月,,,,,,,,,,,,,,,,木,,,,,,,,,,,,,,,,,,,,,,,,木,,,
平野区,長吉六反,3丁目,16番,,,,,,,,,,,,火金,,,,,,,,,,,,月,,,,,,,,,,,,,,,,木,,,,,,,,,,,,,,,,,,,,,,,,木,,,
平野区,長吉六反,3丁目,17番,,,,,,,,,,,,火金,,,,,,,,,,,,月,,,,,,,,,,,,,,,,木,,,,,,,,,,,,,,,,,,,,,,,,木,,,
平野区,長吉六反,3丁目,18番,,,,,,,,,,,,,火金,,,,,,,,,,,月,,,,,,,,,,,,,,,,木,,,,,,,,,,,,,,,,,,,,,,,,木,,,
平野区,長吉六反,3丁目,19番,,,,,,,,,,,,火金,,,,,,,,,,,,月,,,,,,,,,,,,,,,,木,,,,,,,,,,,,,,,,,,,,,,,,木,,,
平野区,長吉六反,3丁目,20番,,,,,,,,,,,火金,,,,,,,,,,,,,月,,,,,,,,,,,,,,,,木,,,,,,,,,,,,,,,,,,,,,,,,,,木,
平野区,長吉六反,3丁目,21番,,,,,,,,,,,火金,,,,,,,,,,,,,月,,,,,,,,,,,,,,,,木,,,,,,,,,,,,,,,,,,,,,,,,,,木,
平野区,長吉六反,4丁目,1番,,,,,,,,,,,火金,,,,,,,,,,,,月,,,,,,,,,,,,,,,,木,,,,,,,,,,,,,,,,,,,,,,,,,木,,,
平野区,長吉六反,4丁目,2番,,,,,,,,,,,火金,,,,,,,,,,,,月,,,,,,,,,,,,,,,,木,,,,,,,,,,,,,,,,,,,,,,,,,木,,,
平野区,長吉六反,4丁目,3番,,,,,,,,,,,,火金,,,,,,,,,,,月,,,,,,,,,,,,,,,,木,,,,,,,,,,,,,,,,,,,,,,,,,木,,,
平野区,長吉六反,4丁目,4番,,,,,,,,,,,火金,,,,,,,,,,,,,月,,,,,,,,,,,,,,,,木,,,,,,,,,,,,,,,,,,,,,,,,木,,,
平野区,長吉六反,4丁目,5番,長吉六反北住宅3号館,,,,,,,,,,,火金,,,,,,,,,,,月,,,,,,,,,,,,,,,,木,,,,,,,,,,,,,,,,,,,,,,,,,木,,,
平野区,長吉六反,4丁目,5番,上記以外,,,,,,,,,,火金,,,,,,,,,,,,,月,,,,,,,,,,,,,,,,木,,,,,,,,,,,,,,,,,,,,,,,,木,,,
平野区,長吉六反,4丁目,6番,,,,,,,,,,,,火金,,,,,,,,,,,月,,,,,,,,,,,,,,,,木,,,,,,,,,,,,,,,,,,,,,,,,,木,,,
平野区,長吉六反,4丁目,7番,,,,,,,,,,,,火金,,,,,,,,,,,月,,,,,,,,,,,,,,,,木,,,,,,,,,,,,,,,,,,,,,,,,,木,,,
平野区,長吉六反,4丁目,8番,長吉六反北住宅1･2号館,,,,,,,,,,,火金,,,,,,,,,,,月,,,,,,,,,,,,,,,,木,,,,,,,,,,,,,,,,,,,,,,,,,木,,,
平野区,長吉六反,4丁目,8番,上記以外,,,,,,,,,,火金,,,,,,,,,,,,月,,,,,,,,,,,,,,,,木,,,,,,,,,,,,,,,,,,,,,,,,,木,,,
平野区,長吉六反,4丁目,9番,,,,,,,,,,,火金,,,,,,,,,,,,月,,,,,,,,,,,,,,,,木,,,,,,,,,,,,,,,,,,,,,,,,,木,,,
平野区,長吉六反,5丁目,1番,長吉六反東住宅,,,,,,,,,,,火金,,,,,,,,,,,月,,,,,,,,,,,,,,,,木,,,,,,,,,,,,,,,,,,,,,,,,,,,,
平野区,長吉六反,5丁目,1番,上記以外,,,,,,,,,,,火金,,,,,,,,,,,月,,,,,,,,,,,,,,,,木,,,,,,,,,,,,,,,,,,,,,,,,,木,,,
平野区,長吉六反,5丁目,2番,長吉六反東住宅,,,,,,,,,,,火金,,,,,,,,,,,月,,,,,,,,,,,,,,,,木,,,,,,,,,,,,,,,,,,,,,,,,,,,,
平野区,長吉六反,5丁目,2番,上記以外,,,,,,,,,,火金,,,,,,,,,,,,,月,,,,,,,,,,,,,,,,木,,,,,,,,,,,,,,,,,,,,,,,,木,,,
平野区,長吉六反,5丁目,3番,,,,,,,,,,,,火金,,,,,,,,,,,,月,,,,,,,,,,,,,,,,木,,,,,,,,,,,,,,,,,,,,,,,,木,,,
平野区,長吉六反,5丁目,4番,長吉六反東住宅,,,,,,,,,,,火金,,,,,,,,,,,月,,,,,,,,,,,,,,,,木,,,,,,,,,,,,,,,,,,,,,,,,,,,,
平野区,長吉六反,5丁目,4番,上記以外,,,,,,,,,,,火金,,,,,,,,,,,,月,,,,,,,,,,,,,,,,木,,,,,,,,,,,,,,,,,,,,,,,,木,,,
平野区,長吉六反,5丁目,5番,長吉六反東住宅,,,,,,,,,,,火金,,,,,,,,,,,月,,,,,,,,,,,,,,,,木,,,,,,,,,,,,,,,,,,,,,,,,,,,,
平野区,長吉六反,5丁目,5番,上記以外,,,,,,,,,,,火金,,,,,,,,,,,,月,,,,,,,,,,,,,,,,木,,,,,,,,,,,,,,,,,,,,,,,,木,,,
平野区,長吉六反,5丁目,6番,長吉六反東住宅,,,,,,,,,,,火金,,,,,,,,,,,月,,,,,,,,,,,,,,,,木,,,,,,,,,,,,,,,,,,,,,,,,,,,,
平野区,長吉六反,5丁目,6番,上記以外,,,,,,,,,,,火金,,,,,,,,,,,月,,,,,,,,,,,,,,,,木,,,,,,,,,,,,,,,,,,,,,,,,,,,木,
平野区,長吉六反,5丁目,7番,,,,,,,,,,,,,火金,,,,,,,,,,月,,,,,,,,,,,,,,,,木,,,,,,,,,,,,,,,,,,,,,,,,,,,木,
平野区,長吉六反,5丁目,8番,,,,,,,,,,,,火金,,,,,,,,,,,,月,,,,,,,,,,,,,,,,木,,,,,,,,,,,,,,,,,,,,,,,,,,木,
平野区,長吉六反,5丁目,9番,,,,,,,,,,,,,火金,,,,,,,,,,,月,,,,,,,,,,,,,,,,木,,,,,,,,,,,,,,,,,,,,,,,,,,木,
平野区,長吉六反,5丁目,10番,,,,,,,,,,,,火金,,,,,,,,,,,,月,,,,,,,,,,,,,,,,木,,,,,,,,,,,,,,,,,,,,,,,,,,木,
平野区,流町,1丁目,1番,,,,,,,火金,,,,,,,,,,,,,,,,,水,,,,,,,,,,,,,,,,土,,,,,,,,,,,,,,,,,,,,,,,,水,,,
平野区,流町,1丁目,2番,,,,,,,火金,,,,,,,,,,,,,,,,,水,,,,,,,,,,,,,,,,土,,,,,,,,,,,,,,,,,,,,,,,,水,,,
平野区,流町,1丁目,3番,13~22号,,,,,,火金,,,,,,,,,,,,,,,,水,,,,,,,,,,,,,,,,土,,,,,,,,,,,,,,,,,,,,,,,,,水,,,
平野区,流町,1丁目,3番,上記以外,,,,,,火金,,,,,,,,,,,,,,,,,水,,,,,,,,,,,,,,,,土,,,,,,,,,,,,,,,,,,,,,,,,水,,,
平野区,流町,1丁目,4番,1~11号,,,,,,火金,,,,,,,,,,,,,,,,水,,,,,,,,,,,,,,,,土,,,,,,,,,,,,,,,,,,,,,,,,,水,,,
平野区,流町,1丁目,4番,上記以外,,,,,,火金,,,,,,,,,,,,,,,,,水,,,,,,,,,,,,,,,,土,,,,,,,,,,,,,,,,,,,,,,,,水,,,
平野区,流町,1丁目,5番,,,,,,,火金,,,,,,,,,,,,,,,,,水,,,,,,,,,,,,,,,,土,,,,,,,,,,,,,,,,,,,,,,,,水,,,
平野区,流町,1丁目,6番,,,,,,,,火金,,,,,,,,,,,,,,,,水,,,,,,,,,,,,,,,,土,,,,,,,,,,,,,,,,,,,,,,,,水,,,
平野区,流町,1丁目,7番,,,,,,,火金,,,,,,,,,,,,,,,,水,,,,,,,,,,,,,,,,土,,,,,,,,,,,,,,,,,,,,,,,,,水,,,
平野区,流町,1丁目,8番,,,,,,,火金,,,,,,,,,,,,,,,,水,,,,,,,,,,,,,,,,土,,,,,,,,,,,,,,,,,,,,,,,,,水,,,
平野区,流町,1丁目,9番,,,,,,,火金,,,,,,,,,,,,,,,,水,,,,,,,,,,,,,,,,土,,,,,,,,,,,,,,,,,,,,,,,,,水,,,
平野区,流町,1丁目,10番,,,,,,,火金,,,,,,,,,,,,,,,,水,,,,,,,,,,,,,,,,土,,,,,,,,,,,,,,,,,,,,,,,,,水,,,
平野区,流町,1丁目,11番,,,,,,,火金,,,,,,,,,,,,,,,,水,,,,,,,,,,,,,,,,土,,,,,,,,,,,,,,,,,,,,,,,,,水,,,
平野区,流町,1丁目,12番,,,,,,,火金,,,,,,,,,,,,,,,,水,,,,,,,,,,,,,,,,土,,,,,,,,,,,,,,,,,,,,,,,,,水,,,
平野区,流町,2丁目,1番,,,,,,,,火金,,,,,,,,,,,,,,,水,,,,,,,,,,,,,,,,土,,,,,,,,,,,,,,,,,,,,,,,,,水,,,
平野区,流町,2丁目,2番,,,,,,,火金,,,,,,,,,,,,,,,,水,,,,,,,,,,,,,,,,土,,,,,,,,,,,,,,,,,,,,,,,,,水,,,
平野区,流町,2丁目,3番,,,,,,,火金,,,,,,,,,,,,,,,,水,,,,,,,,,,,,,,,,土,,,,,,,,,,,,,,,,,,,,,,,,,水,,,
平野区,流町,2丁目,4番,,,,,,,火金,,,,,,,,,,,,,,,,水,,,,,,,,,,,,,,,,土,,,,,,,,,,,,,,,,,,,,,,,,,水,,,
平野区,流町,2丁目,5番,,,,,,,火金,,,,,,,,,,,,,,,,,水,,,,,,,,,,,,,,,,土,,,,,,,,,,,,,,,,,,,,,,,,水,,,
平野区,流町,2丁目,6番,,,,,,,,,火金,,,,,,,,,,,,,,水,,,,,,,,,,,,,,,,土,,,,,,,,,,,,,,,,,,,,,,,,,水,,,
平野区,流町,3丁目,1番,,,,,,,火金,,,,,,,,,,,,,,,,水,,,,,,,,,,,,,,,,土,,,,,,,,,,,,,,,,,,,,,,,,,水,,,
平野区,流町,3丁目,2番,,,,,,,火金,,,,,,,,,,,,,,,,水,,,,,,,,,,,,,,,,土,,,,,,,,,,,,,,,,,,,,,,,,,水,,,
平野区,流町,3丁目,3番,,,,,,,火金,,,,,,,,,,,,,,,,水,,,,,,,,,,,,,,,,土,,,,,,,,,,,,,,,,,,,,,,,,,水,,,
平野区,流町,3丁目,4番,,,,,,,火金,,,,,,,,,,,,,,,,水,,,,,,,,,,,,,,,,土,,,,,,,,,,,,,,,,,,,,,,,,,水,,,
平野区,流町,3丁目,5番,,,,,,,,火金,,,,,,,,,,,,,,,水,,,,,,,,,,,,,,,,土,,,,,,,,,,,,,,,,,,,,,,,,,水,,,
平野区,流町,3丁目,6番,,,,,,,,火金,,,,,,,,,,,,,,,水,,,,,,,,,,,,,,,,土,,,,,,,,,,,,,,,,,,,,,,,,,水,,,
平野区,流町,3丁目,7番,,,,,,,火金,,,,,,,,,,,,,,,,水,,,,,,,,,,,,,,,,土,,,,,,,,,,,,,,,,,,,,,,,,,水,,,
平野区,流町,3丁目,8番,,,,,,,,火金,,,,,,,,,,,,,,,水,,,,,,,,,,,,,,,,土,,,,,,,,,,,,,,,,,,,,,,,,,水,,,
平野区,流町,3丁目,9番,,,,,,,火金,,,,,,,,,,,,,,,,水,,,,,,,,,,,,,,,,土,,,,,,,,,,,,,,,,,,,,,,,,,水,,,
平野区,流町,3丁目,10番,,,,,,,火金,,,,,,,,,,,,,,,,水,,,,,,,,,,,,,,,,土,,,,,,,,,,,,,,,,,,,,,,,,,水,,,
平野区,流町,3丁目,11番,,,,,,,火金,,,,,,,,,,,,,,,,水,,,,,,,,,,,,,,,,土,,,,,,,,,,,,,,,,,,,,,,,,,水,,,
平野区,流町,3丁目,12番,,,,,,,火金,,,,,,,,,,,,,,,,水,,,,,,,,,,,,,,,,土,,,,,,,,,,,,,,,,,,,,,,,,,水,,,
平野区,流町,3丁目,13番,25~28号,,,,,,火金,,,,,,,,,,,,,,,,水,,,,,,,,,,,,,,,,土,,,,,,,,,,,,,,,,,,,,,,,,,,,水,
平野区,流町,3丁目,13番,上記以外,,,,,,火金,,,,,,,,,,,,,,,,,水,,,,,,,,,,,,,,,,土,,,,,,,,,,,,,,,,,,,,,,,,,,水,
平野区,流町,3丁目,14番,,,,,,,,火金,,,,,,,,,,,,,,,水,,,,,,,,,,,,,,,,土,,,,,,,,,,,,,,,,,,,,,,,,,,,水,
平野区,流町,3丁目,15番,,,,,,,火金,,,,,,,,,,,,,,,,水,,,,,,,,,,,,,,,,土,,,,,,,,,,,,,,,,,,,,,,,,,,,水,
平野区,流町,3丁目,16番,,,,,,,火金,,,,,,,,,,,,,,,,水,,,,,,,,,,,,,,,,土,,,,,,,,,,,,,,,,,,,,,,,,,,,水,
平野区,流町,3丁目,17番,,,,,,,,火金,,,,,,,,,,,,,,,水,,,,,,,,,,,,,,,,土,,,,,,,,,,,,,,,,,,,,,,,,,,,水,
平野区,流町,3丁目,18番,,,,,,,,火金,,,,,,,,,,,,,,,水,,,,,,,,,,,,,,,,土,,,,,,,,,,,,,,,,,,,,,,,,,,,水,
平野区,流町,3丁目,19番,,,,,,,火金,,,,,,,,,,,,,,,,水,,,,,,,,,,,,,,,,土,,,,,,,,,,,,,,,,,,,,,,,,,,,水,
平野区,流町,3丁目,20番,,,,,,,,火金,,,,,,,,,,,,,,,水,,,,,,,,,,,,,,,,土,,,,,,,,,,,,,,,,,,,,,,,,,,,水,
平野区,流町,4丁目,1番,,,,,,,火金,,,,,,,,,,,,,,,,水,,,,,,,,,,,,,,,,土,,,,,,,,,,,,,,,,,,,,,,,,,水,,,
平野区,流町,4丁目,2番,,,,,,,火金,,,,,,,,,,,,,,,,水,,,,,,,,,,,,,,,,土,,,,,,,,,,,,,,,,,,,,,,,,,水,,,
平野区,流町,4丁目,3番,,,,,,,火金,,,,,,,,,,,,,,,,水,,,,,,,,,,,,,,,,土,,,,,,,,,,,,,,,,,,,,,,,,,水,,,
平野区,流町,4丁目,4番,,,,,,,火金,,,,,,,,,,,,,,,,水,,,,,,,,,,,,,,,,土,,,,,,,,,,,,,,,,,,,,,,,,,水,,,
平野区,流町,4丁目,5番,,,,,,,,,,,火金,,,,,,,,,,,,水,,,,,,,,,,,,,,,,土,,,,,,,,,,,,,,,,,,,,,,,,,水,,,
平野区,流町,4丁目,6番,,,,,,,火金,,,,,,,,,,,,,,,,水,,,,,,,,,,,,,,,,土,,,,,,,,,,,,,,,,,,,,,,,,,水,,,
平野区,流町,4丁目,7番,,,,,,,火金,,,,,,,,,,,,,,,,水,,,,,,,,,,,,,,,,土,,,,,,,,,,,,,,,,,,,,,,,,,水,,,
平野区,流町,4丁目,8番,,,,,,,火金,,,,,,,,,,,,,,,,水,,,,,,,,,,,,,,,,土,,,,,,,,,,,,,,,,,,,,,,,,,水,,,
平野区,流町,4丁目,9番,,,,,,,火金,,,,,,,,,,,,,,,,水,,,,,,,,,,,,,,,,土,,,,,,,,,,,,,,,,,,,,,,,,,水,,,
平野区,流町,4丁目,10番,,,,,,,火金,,,,,,,,,,,,,,,,水,,,,,,,,,,,,,,,,土,,,,,,,,,,,,,,,,,,,,,,,,,水,,,
平野区,流町,4丁目,11番,,,,,,,火金,,,,,,,,,,,,,,,,水,,,,,,,,,,,,,,,,土,,,,,,,,,,,,,,,,,,,,,,,,,水,,,
平野区,流町,4丁目,12番,,,,,,,火金,,,,,,,,,,,,,,,,水,,,,,,,,,,,,,,,,土,,,,,,,,,,,,,,,,,,,,,,,,,水,,,
平野区,流町,4丁目,13番,,,,,,,火金,,,,,,,,,,,,,,,,水,,,,,,,,,,,,,,,,土,,,,,,,,,,,,,,,,,,,,,,,,,水,,,
平野区,流町,4丁目,14番,,,,,,,,火金,,,,,,,,,,,,,,,水,,,,,,,,,,,,,,,,土,,,,,,,,,,,,,,,,,,,,,,,,,水,,,
平野区,流町,4丁目,15番,,,,,,,,火金,,,,,,,,,,,,,,,水,,,,,,,,,,,,,,,,土,,,,,,,,,,,,,,,,,,,,,,,,,水,,,
平野区,西脇,1丁目,1番,,,,,,,,月木,,,,,,,,,,,,,,,,,,,,,,,,,,,火,,,,,,,,,,,,,,,,金,,,,,,,,,,,,,,,金,
平野区,西脇,1丁目,2番,,,,,,,月木,,,,,,,,,,,,,,,,,,,,,,,,,,,,火,,,,,,,,,,,,,,,,金,,,,,,,,,,,,,,,金,
平野区,西脇,1丁目,3番,,,,,,,,月木,,,,,,,,,,,,,,,,,,,,,,,,,,,火,,,,,,,,,,,,,,,,金,,,,,,,,,,,,,,,金,
平野区,西脇,1丁目,4番,,,,,,,,月木,,,,,,,,,,,,,,,,,,,,,,,,,,,火,,,,,,,,,,,,,,,,金,,,,,,,,,,,,,,,金,
平野区,西脇,1丁目,5番,,,,,,,,月木,,,,,,,,,,,,,,,,,,,,,,,,,,,火,,,,,,,,,,,,,,,,金,金,,,,,,,,,,,,,,,
平野区,西脇,1丁目,6番,,,,,,,,月木,,,,,,,,,,,,,,,,,,,,,,,,,,,火,,,,,,,,,,,,,,,,金,,,,,,,,,,,,,,,金,
平野区,西脇,1丁目,7番,,,,,,,,月木,,,,,,,,,,,,,,,,,,,,,,,,,,,火,,,,,,,,,,,,,,,,金,,,,,,,,,,,,,,,金,
平野区,西脇,1丁目,8番,グランドパレス平野,,,,,,,月木,,,,,,,,,,,,,,,,,,,,,,,,,,,火,,,,,,,,,,,,,,,,金,,,,,,,,,,,,,,,金,
平野区,西脇,1丁目,8番,上記以外,,,,,,,月木,,,,,,,,,,,,,,,,,,,,,,,,,,,火,,,,,,,,,,,,,,,,金,,,,金,,,,,,,,,,,,
平野区,西脇,1丁目,9番,,,,,,,,月木,,,,,,,,,,,,,,,,,,,,,,,,,,,火,,,,,,,,,,,,,,,,金,,,,,,,,,,,,,,,金,
平野区,西脇,1丁目,10番,,,,,,,,月木,,,,,,,,,,,,,,,,,,,,,,,,,,,火,,,,,,,,,,,,,,,,金,,,,,,,,,,,,,,,金,
平野区,西脇,1丁目,11番,,,,,,,,月木,,,,,,,,,,,,,,,,,,,,,,,,,,,火,,,,,,,,,,,,,,,,金,,,,,,,,,,,,,,,金,
平野区,西脇,1丁目,12番,,,,,,,,月木,,,,,,,,,,,,,,,,,,,,,,,,,,,火,,,,,,,,,,,,,,,,金,,,,,,,,,,,,,,,金,
平野区,西脇,1丁目,13番,,,,,,,,月木,,,,,,,,,,,,,,,,,,,,,,,,,,,火,,,,,,,,,,,,,,,,金,,,,,,,,,,,,,,,金,
平野区,西脇,1丁目,16番,,,,,,,月木,,,,,,,,,,,,,,,,,,,,,,,,火,,,,,,,,,,,,,,,,金,,,,,,,,,,,,,,,,,,,金,
平野区,西脇,1丁目,17番,,,,,,,月木,,,,,,,,,,,,,,,,,,,,,,,,火,,,,,,,,,,,,,,,,金,,,,,,,,,,,,,,,,,,,金,
平野区,西脇,1丁目,18番,,,,,,,月木,,,,,,,,,,,,,,,,,,,,,,,,火,,,,,,,,,,,,,,,,金,,,,,,,,,,,,,,,,,,,金,
平野区,西脇,1丁目,19番,,,,,,,月木,,,,,,,,,,,,,,,,,,,,,,,,火,,,,,,,,,,,,,,,,金,,,,,,,,,,,,,,,,,,,金,
平野区,西脇,1丁目,20番,,,,,,,月木,,,,,,,,,,,,,,,,,,,,,,,,火,,,,,,,,,,,,,,,,金,,,,,,,,,,,,,,,,,,,金,
平野区,西脇,1丁目,21番,,,,,,,月木,,,,,,,,,,,,,,,,,,,,,,,,火,,,,,,,,,,,,,,,,金,,,,,,,,,,,,,,,,,,,金,
平野区,西脇,2丁目,1番,,,,,,,月木,,,,,,,,,,,,,,,,,,,,,,,,火,,,,,,,,,,,,,,,,金,,,,,,,,,,,,,,,,,,,金,
平野区,西脇,2丁目,2番,,,,,,,,月木,,,,,,,,,,,,,,,,,,,,,,,火,,,,,,,,,,,,,,,,金,,,,,,,,,,,,,,,,,,,金,
平野区,西脇,2丁目,3番,,,,,,,,月木,,,,,,,,,,,,,,,,,,,,,,,火,,,,,,,,,,,,,,,,金,,,,,,,,,,,,,,,,,,,金,
平野区,西脇,2丁目,4番,,,,,,,,月木,,,,,,,,,,,,,,,,,,,,,,,火,,,,,,,,,,,,,,,,金,,,,,,,,,,,,,,,,,,,金,
平野区,西脇,2丁目,5番,,,,,,,,月木,,,,,,,,,,,,,,,,,,,,,,,火,,,,,,,,,,,,,,,,金,,,,,,,,,,,,,,,,,,,金,
平野区,西脇,2丁目,6番,,,,,,,月木,,,,,,,,,,,,,,,,,,,,,,,,火,,,,,,,,,,,,,,,,金,,,,,,,,,,,,,,,,,,,金,
平野区,西脇,2丁目,7番,,,,,,,月木,,,,,,,,,,,,,,,,,,,,,,,,火,,,,,,,,,,,,,,,,金,,,,,,,,,,,,,,,,,,,金,
平野区,西脇,2丁目,8番,,,,,,,,,月木,,,,,,,,,,,,,,,,,,,,,,火,,,,,,,,,,,,,,,,金,,,,,,,,,,,,,,,,,,,金,
平野区,西脇,2丁目,9番,,,,,,,,月木,,,,,,,,,,,,,,,,,,,,,,,火,,,,,,,,,,,,,,,,金,,,,,,,,,,,,,,,,,,,金,
平野区,西脇,2丁目,10番,,,,,,,,,月木,,,,,,,,,,,,,,,,,,,,,,火,,,,,,,,,,,,,,,,金,,,,,,,,,,,,,,,,,,,金,
平野区,西脇,2丁目,11番,,,,,,,,月木,,,,,,,,,,,,,,,,,,,,,,,火,,,,,,,,,,,,,,,,金,,,,,,,,,,,,,,,,,,,金,
平野区,西脇,2丁目,12番,,,,,,,月木,,,,,,,,,,,,,,,,,,,,,,,,火,,,,,,,,,,,,,,,,金,,,,,,,,,,,,,,,,,,,金,
平野区,西脇,3丁目,1番,,,,,,,,月木,,,,,,,,,,,,,,,,,,,,,,,,,,,火,,,,,,,,,,,,,,,,金,,,,,,,,,,,,,,,金,
平野区,西脇,3丁目,2番,,,,,,,,月木,,,,,,,,,,,,,,,,,,,,,,,,,,,火,,,,,,,,,,,,,,,,金,,,,,,,,,,,,,,,金,
平野区,西脇,3丁目,3番,,,,,,,,月木,,,,,,,,,,,,,,,,,,,,,,,,,,,火,,,,,,,,,,,,,,,,金,,,,,,,,,,,,,,,金,
平野区,西脇,3丁目,4番,,,,,,,月木,,,,,,,,,,,,,,,,,,,,,,,,,,,,火,,,,,,,,,,,,,,,,金,,,,,,,,,,,,,,,金,
平野区,西脇,3丁目,5番,,,,,,,月木,,,,,,,,,,,,,,,,,,,,,,,,火,,,,,,,,,,,,,,,,金,,,,,,,,,,,,,,,,,,,金,
平野区,西脇,3丁目,6番,,,,,,,月木,,,,,,,,,,,,,,,,,,,,,,,,火,,,,,,,,,,,,,,,,金,,,,,,,,,,,,,,,,,,,金,
平野区,西脇,3丁目,7番,,,,,,,月木,,,,,,,,,,,,,,,,,,,,,,,,火,,,,,,,,,,,,,,,,金,,,,,,,,,,,,,,,,,,,金,
平野区,西脇,3丁目,8番,,,,,,,月木,,,,,,,,,,,,,,,,,,,,,,,,火,,,,,,,,,,,,,,,,金,,,,,,,,,,,,,,,,,,,金,
平野区,西脇,4丁目,1番,,,,,,,月木,,,,,,,,,,,,,,,,,,,,,,,,火,,,,,,,,,,,,,,,,金,,,,,,,,,,,,,,,,,,,金,
平野区,西脇,4丁目,2番,,,,,,,月木,,,,,,,,,,,,,,,,,,,,,,,,火,,,,,,,,,,,,,,,,金,,,,,,,,,,,,,,,,,,,金,
平野区,西脇,4丁目,3番,,,,,,,,,月木,,,,,,,,,,,,,,,,,,,,,,火,,,,,,,,,,,,,,,,金,,,,,,,,,,,,,,,,,,,金,
平野区,西脇,4丁目,4番,,,,,,,月木,,,,,,,,,,,,,,,,,,,,,,,,火,,,,,,,,,,,,,,,,金,,,,,,,,,,,,,,,,,,,金,
平野区,西脇,4丁目,5番,,,,,,,,,月木,,,,,,,,,,,,,,,,,,,,,,火,,,,,,,,,,,,,,,,金,,,,,,,,,,,,,,,,,,,金,
平野区,西脇,4丁目,6番,,,,,,,,,月木,,,,,,,,,,,,,,,,,,,,,,火,,,,,,,,,,,,,,,,金,,,,,,,,,,,,,,,,,,,金,
平野区,西脇,4丁目,7番,,,,,,,,月木,,,,,,,,,,,,,,,,,,,,,,,火,,,,,,,,,,,,,,,,,,,,金,,,,,,,,,,,,,,,金,
平野区,平野市町,1丁目,1番,,,,,,,,月木,,,,,,,,,,,,,,,,,,,,,,,,,,,火,,,,,,,,,,,,,,,,金,,,,,,,,,,,,,,,,
平野区,平野市町,1丁目,2番,,,,,,,,月木,,,,,,,,,,,,,,,,,,,,,,,,,,,火,,,,,,,,,,,,,,,,金,,,,,,,,,,,,,,,,
平野区,平野市町,1丁目,3番,,,,,,,,月木,,,,,,,,,,,,,,,,,,,,,,,,,,,火,,,,,,,,,,,,,,,,金,,,,,,,,,,,,,,,,
平野区,平野市町,1丁目,4番,,,,,,,,月木,,,,,,,,,,,,,,,,,,,,,,,,,,,火,,,,,,,,,,,,,,,,金,,,,,,,,,,,,,,,,
平野区,平野市町,1丁目,5番,,,,,,,,月木,,,,,,,,,,,,,,,,,,,,,,,,,,,火,,,,,,,,,,,,,,,,金,,,,,,,,,,,,,,,,
平野区,平野市町,1丁目,6番,,,,,,,,月木,,,,,,,,,,,,,,,,,,,,,,,,,,,火,,,,,,,,,,,,,,,,金,,,,,,,,,,,,,,,,
平野区,平野市町,1丁目,7番,,,,,,,,月木,,,,,,,,,,,,,,,,,,,,,,,,,,,火,,,,,,,,,,,,,,,,金,,,,,,,,,,,,,,,,
平野区,平野市町,1丁目,8番,,,,,,,,月木,,,,,,,,,,,,,,,,,,,,,,,,,,,火,,,,,,,,,,,,,,,,金,,,,,,,,,,,,,,,,
平野区,平野市町,1丁目,9番,,,,,,,,月木,,,,,,,,,,,,,,,,,,,,,,,,,,,火,,,,,,,,,,,,,,,,金,,,,,,,,,,,,,,,,
平野区,平野市町,1丁目,10番,,,,,,,月木,,,,,,,,,,,,,,,,,,,,,,,,,,,,火,,,,,,,,,,,,,,,,金,,,,,,,,,,,,,,,,
平野区,平野市町,1丁目,11番,,,,,,,,月木,,,,,,,,,,,,,,,,,,,,,,,,,,,火,,,,,,,,,,,,,,,,金,,,,,,,,,,,,,,,,
平野区,平野市町,1丁目,12番,,,,,,,月木,,,,,,,,,,,,,,,,,,,,,,,,,,,,火,,,,,,,,,,,,,,,,金,,,,,,,,,,,,,,,,
平野区,平野市町,1丁目,13番,,,,,,,,月木,,,,,,,,,,,,,,,,,,,,,,,,,,,火,,,,,,,,,,,,,,,,金,,,,,,,,,,,,,,,,
平野区,平野市町,1丁目,14番,,,,,,,月木,,,,,,,,,,,,,,,,,,,,,,,,,,,,火,,,,,,,,,,,,,,,,金,,,,,,,,,,,,,,,,
平野区,平野市町,2丁目,1番,軽四輪車(小さい車)で収集している地域,,,,,,,,月木,,,,,,,,,,,,,,,,,,,,,,,,,,火,,,,,,,,,,,,,,,,金,,,,,,,,,,,,,,,,
平野区,平野市町,2丁目,1番,上記以外,,,,,,,,,,,月木,,,,,,,,,,,,,,,,,,,,,,,火,,,,,,,,,,,,,,,,金,,,,,,,,,,,,,,,,
平野区,平野市町,2丁目,2番,,,,,,,,,,,,月木,,,,,,,,,,,,,,,,,,,,,,,火,,,,,,,,,,,,,,,,金,,,,,,,,,,,,,,,,
平野区,平野市町,2丁目,3番,,,,,,,,,,,,,月木,,,,,,,,,,,,,,,,,,,,,,火,,,,,,,,,,,,,,,,金,,,,,,,,,,,,,,,,
平野区,平野市町,2丁目,4番,,,,,,,,,,,,月木,,,,,,,,,,,,,,,,,,,,,,,火,,,,,,,,,,,,,,,,金,,,,火,,,,,,,,,,,,
平野区,平野市町,2丁目,5番,,,,,,,,,,,,月木,,,,,,,,,,,,,,,,,,,,,,,火,,,,,,,,,,,,,,,,金,,,,火,,,,,,,,,,,,
平野区,平野市町,2丁目,6番,,,,,,,,,,,,,月木,,,,,,,,,,,,,,,,,,,,,,火,,,,,,,,,,,,,,,,金,,,,,,,,,,,,,,,,
平野区,平野市町,2丁目,7番,,,,,,,月木,,,,,,,,,,,,,,,,,,,,,,,,,,,,火,,,,,,,,,,,,,,,,金,,,,,,,,,,,,,,,,
平野区,平野市町,2丁目,8番,,,,,,,月木,,,,,,,,,,,,,,,,,,,,,,,,,,,,火,,,,,,,,,,,,,,,,金,,,,,,,,,,,,,,,,
平野区,平野市町,2丁目,9番,,,,,,,,,,,,月木,,,,,,,,,,,,,,,,,,,,,,,火,,,,,,,,,,,,,,,,金,,,,火,,,,,,,,,,,,
平野区,平野市町,2丁目,10番,,,,,,,月木,,,,,,,,,,,,,,,,,,,,,,,,,,,,火,,,,,,,,,,,,,,,,金,,,,,,,,,,,,,,,,
平野区,平野市町,3丁目,1番,,,,,,,月木,,,,,,,,,,,,,,,,,,,,,,,,,,火,,,,,,,,,,,,,,,,金,,,,,,,,,,,,,,,,,,
平野区,平野市町,3丁目,2番,,,,,,,月木,,,,,,,,,,,,,,,,,,,,,,,,,,火,,,,,,,,,,,,,,,,金,,,,,,,,,,,,,,,,,,
平野区,平野市町,3丁目,3番,,,,,,,,,月木,,,,,,,,,,,,,,,,,,,,,,,,火,,,,,,,,,,,,,,,,金,,,,,,,,,,,,,,,,,,
平野区,平野市町,3丁目,4番,,,,,,,,月木,,,,,,,,,,,,,,,,,,,,,,,,,火,,,,,,,,,,,,,,,,金,,,,,,,,,,,,,,,,,,
平野区,平野市町,3丁目,5番,軽四輪車(小さい車)で収集している地域,,,,,,,月木,,,,,,,,,,,,,,,,,,,,,,,,,火,,,,,,,,,,,,,,,,金,,,,,,,,,,,,,,,,,,
平野区,平野市町,3丁目,5番,上記以外,,,,,,月木,,,,,,,,,,,,,,,,,,,,,,,,,,火,,,,,,,,,,,,,,,,金,,,,,,,,,,,,,,,,,,
平野区,平野市町,3丁目,6番,,,,,,,,,,,月木,,,,,,,,,,,,,,,,,,,,,,火,,,,,,,,,,,,,,,,金,,,,,,,,,,,,,,,,,,
平野区,平野市町,3丁目,7番,,,,,,,月木,,,,,,,,,,,,,,,,,,,,,,,,,,火,,,,,,,,,,,,,,,,金,,,,,,,,,,,,,,,,,,
平野区,平野市町,3丁目,8番,,,,,,,,月木,,,,,,,,,,,,,,,,,,,,,,,,,火,,,,,,,,,,,,,,,,金,,,,,,,,,,,,,,,,,,
平野区,平野市町,3丁目,9番,,,,,,,,月木,,,,,,,,,,,,,,,,,,,,,,,,,火,,,,,,,,,,,,,,,,金,,,,,,,,,,,,,,,,,,
平野区,平野市町,3丁目,10番,,,,,,,,,,月木,,,,,,,,,,,,,,,,,,,,,,,火,,,,,,,,,,,,,,,,金,,,,,,,,,,,,,,,,,,
平野区,平野市町,3丁目,11番,,,,,,,,月木,,,,,,,,,,,,,,,,,,,,,,,,,火,,,,,,,,,,,,,,,,金,,,,,,,,,,,,,,,,,,
平野区,平野市町,3丁目,12番,軽四輪車(小さい車)で収集している地域,,,,,,,,,月木,,,,,,,,,,,,,,,,,,,,,,,火,,,,,,,,,,,,,,,,金,,,,,,,,,,,,,,,,,,
平野区,平野市町,3丁目,12番,上記以外,,,,,,月木,,,,,,,,,,,,,,,,,,,,,,,,,,火,,,,,,,,,,,,,,,,金,,,,,,,,,,,,,,,,,,
平野区,平野上町,1丁目,1番,,,,,,,,,,月木,,,,,,,,,,,,,,,,,,,,,,,火,,,,,,,,,,,,,,,,金,,,,,,,,,,,,,,,,,,
平野区,平野上町,1丁目,2番,,,,,,,,,,月木,,,,,,,,,,,,,,,,,,,,,,,火,,,,,,,,,,,,,,,,金,,,,,,,,金,,,,,,,,,,
平野区,平野上町,1丁目,3番,,,,,,,,,月木,,,,,,,,,,,,,,,,,,,,,,,,火,,,,,,,,,,,,,,,,金,,,,,,,,金,,,,,,,,,,
平野区,平野上町,1丁目,4番,,,,,,,,,月木,,,,,,,,,,,,,,,,,,,,,,,,火,,,,,,,,,,,,,,,,金,,,,,,,,,,,,,,,,,,
平野区,平野上町,1丁目,5番,軽四輪車(小さい車)で収集している地域,,,,,,月木,,,,,,,,,,,,,,,,,,,,,,,,火,,,,,,,,,,,,,,,,金,,,,,,,,,,,,,,,,,,,,
平野区,平野上町,1丁目,5番,上記以外,,,,,,,,,月木,,,,,,,,,,,,,,,,,,,,,,,火,,,,,,,,,,,,,,,,金,,,,,,,,,,,,,,,,,,
平野区,平野上町,1丁目,6番,12･15･16･20号,,,,,,,,,,,,,,,,月木,,,,,,,,,,,,,,,,火,,,,,,,,,,,,,,,,金,,,,,,,,,,,,,,,,,,
平野区,平野上町,1丁目,6番,上記以外,,,,,,,,月木,,,,,,,,,,,,,,,,,,,,,,,,火,,,,,,,,,,,,,,,,金,,,,,,,,,,,,,,,,,,
平野区,平野上町,1丁目,7番,,,,,,,,,月木,,,,,,,,,,,,,,,,,,,,,,,,火,,,,,,,,,,,,,,,,金,,,,,,,,金,,,,,,,,,,
平野区,平野上町,1丁目,8番,,,,,,,,,,月木,,,,,,,,,,,,,,,,,,,,,,,火,,,,,,,,,,,,,,,,金,,,,,,,,金,,,,,,,,,,
平野区,平野上町,1丁目,9番,,,,,,,,,,月木,,,,,,,,,,,,,,,,,,,,,,,火,,,,,,,,,,,,,,,,金,,,,,,,,金,,,,,,,,,,
平野区,平野上町,1丁目,10番,,,,,,,,,,月木,,,,,,,,,,,,,,,,,,,,,,,火,,,,,,,,,,,,,,,,金,,,,,,,,金,,,,,,,,,,
平野区,平野上町,1丁目,11番,軽四輪車(小さい車)で収集している地域,,,,,,,,,月木,,,,,,,,,,,,,,,,,,,,,,,火,,,,,,,,,,,,,,,,金,,,,,,,,金,,,,,,,,,,
平野区,平野上町,1丁目,11番,上記以外,,,,,,,,,月木,,,,,,,,,,,,,,,,,,,,,,,火,,,,,,,,,,,,,,,,金,,,,,,,,金,,,,,,,,,,
平野区,平野上町,1丁目,12番,4~7･9~15号,,,,,,,,,,,,,,,,月木,,,,,,,,,,,,,,火,,,,,,,,,,,,,,,,金,,,,,,,,,,金,,,,,,,,,,
平野区,平野上町,1丁目,12番,上記以外,,,,,,,,,月木,,,,,,,,,,,,,,,,,,,,,火,,,,,,,,,,,,,,,,金,,,,,,,,,,金,,,,,,,,,,
平野区,平野上町,1丁目,13番,5･6･8･11･13･15~17号,,,,,,,,,,,,,,,,月木,,,,,,,,,,,,,,火,,,,,,,,,,,,,,,,金,,,,,,,,,,金,,,,,,,,,,
平野区,平野上町,1丁目,14番,2･3･5･11･13~16･18~22号,,,,,,,,,,,,,,,,月木,,,,,,,,,,,,,,火,,,,,,,,,,,,,,,,金,,,,,,,,,,金,,,,,,,,,,
平野区,平野上町,1丁目,14番,上記以外,,,,,,,,,月木,,,,,,,,,,,,,,,,,,,,,火,,,,,,,,,,,,,,,,金,,,,,,,,,,金,,,,,,,,,,
平野区,平野上町,1丁目,15番,2~7･26号,,,,,,,,,,,,,,,,月木,,,,,,,,,,,,,,火,,,,,,,,,,,,,,,,金,,,,,,,,,,,,,,,,,,,,
平野区,平野上町,1丁目,15番,上記以外,,,,,,月木,,,,,,,,,,,,,,,,,,,,,,,,火,,,,,,,,,,,,,,,,金,,,,,,,,,,,,,,,,,,,,
平野区,平野上町,1丁目,16番,1~3･5･6･8･20･24号,,,,,,,,,,,,,,,,月木,,,,,,,,,,,,,,,,火,,,,,,,,,,,,,,,,金,,,,,,,,金,,,,,,,,,,
平野区,平野上町,1丁目,16番,上記以外,,,,,,,月木,,,,,,,,,,,,,,,,,,,,,,,,,火,,,,,,,,,,,,,,,,金,,,,,,,,,,,,,,,,,,
平野区,平野上町,1丁目,17番,,,,,,,月木,,,,,,,,,,,,,,,,,,,,,,,,,,火,,,,,,,,,,,,,,,,金,,,,,,,,金,,,,,,,,,,
平野区,平野上町,2丁目,1番,,,,,,,,月木,,,,,,,,,,,,,,,,,,,,,,,,,火,,,,,,,,,,,,,,,,金,,,,,,,,,,,,,,,,,,
平野区,平野上町,2丁目,2番,,,,,,,,月木,,,,,,,,,,,,,,,,,,,,,,,,,火,,,,,,,,,,,,,,,,金,,,,,,,,,,,,,,,,,,
平野区,平野上町,2丁目,3番,,,,,,,月木,,,,,,,,,,,,,,,,,,,,,,,,,,火,,,,,,,,,,,,,,,,金,,,,,,,,,,,,,,,,,,
平野区,平野上町,2丁目,4番,,,,,,,月木,,,,,,,,,,,,,,,,,,,,,,,,,,,火,,,,,,,,,,,,,,,,金,,,,,,,,,,,,,,,,,
平野区,平野上町,2丁目,5番,,,,,,,,,,月木,,,,,,,,,,,,,,,,,,,,,,,,火,,,,,,,,,,,,,,,,金,,,,,,,,,,,,,,,,,
平野区,平野上町,2丁目,6番,,,,,,,,月木,,,,,,,,,,,,,,,,,,,,,,,,,,火,,,,,,,,,,,,,,,,金,,,,,,,,,,,,,,,,,
平野区,平野上町,2丁目,7番,,,,,,,月木,,,,,,,,,,,,,,,,,,,,,,,,火,,,,,,,,,,,,,,,,金,,,,,,,,,,,,,,,,,,,,
平野区,平野上町,2丁目,8番,,,,,,,月木,,,,,,,,,,,,,,,,,,,,,,,,火,,,,,,,,,,,,,,,,金,,,,,,,,,,,,,,,,,,,,
平野区,平野上町,2丁目,9番,,,,,,,,月木,,,,,,,,,,,,,,,,,,,,,,,火,,,,,,,,,,,,,,,,金,,,,,,,,,,,,,,,,,金,,,
平野区,平野上町,2丁目,10番,,,,,,,,月木,,,,,,,,,,,,,,,,,,,,,,,火,,,,,,,,,,,,,,,,金,,,,,,,,,,,,,,,,,,,,
平野区,平野北,1丁目,1番,,,,,,,,,,,,,月木,,,,,,,,,,,,火,,,,,,,,,,,,,,,,金,,,,,,,,,,,,,,,,,,,,,,,,,,
平野区,平野北,1丁目,2番,,,,,,,,,,,,,月木,,,,,,,,,,,,火,,,,,,,,,,,,,,,,金,,,,,,,,,,,,,,,,,,,,,,,,,,
平野区,平野北,1丁目,3番,,,,,,,,,,,,,月木,,,,,,,,,,,,火,,,,,,,,,,,,,,,,金,,,,,,,,,,,,,,,,,,,,,,,,,,
平野区,平野北,1丁目,4番,,,,,,,,,,,,月木,,,,,,,,,,,,,火,,,,,,,,,,,,,,,,金,,,,,,,,,,,,,,,,,,,,,,,,,,
平野区,平野北,1丁目,5番,,,,,,,,,,,,,月木,,,,,,,,,,,,火,,,,,,,,,,,,,,,,金,,,,,,,,,,,,,,,,,,,,,,,,,,
平野区,平野北,1丁目,6番,,,,,,,,,,,,,月木,,,,,,,,,,,,火,,,,,,,,,,,,,,,,金,,,,,,,,,,,,,,,,,,,,,,,,,,
平野区,平野北,1丁目,7番,,,,,,,,,,,,,月木,,,,,,,,,,,,火,,,,,,,,,,,,,,,,金,,,,,,,,,,,,,,,,,,,,,,,,,,
平野区,平野北,1丁目,8番,,,,,,,,,,,,,,月木,,,,,,,,,,,,,,,,,,,,,,,,,,,,,,,,,,,,,,,,,,,,,,,,,,,,,
平野区,平野北,1丁目,9番,,,,,,,,,,,,月木,,,,,,,,,,,,,火,,,,,,,,,,,,,,,,金,,,,,,,,,,,,,,,,,,,,,,,,,,
平野区,平野北,1丁目,10番,,,,,,,,,,,,月木,,,,,,,,,,,,,火,,,,,,,,,,,,,,,,金,,,,,,,,,,,,,,,,,,,,,,,,,,
平野区,平野北,2丁目,1番,,,,,,,,,,,,月木,,,,,,,,,,,,火,,,,,,,,,,,,,,,,金,,,,,,,,,,,,,,,,,,,,,,,,,,,
平野区,平野北,2丁目,2番,,,,,,,,,,,,月木,,,,,,,,,,,,火,,,,,,,,,,,,,,,,金,,,,,,,,,,,,,,,,,,,,,,,,,,,
平野区,平野北,2丁目,3番,,,,,,,,,,,,月木,,,,,,,,,,,,,火,,,,,,,,,,,,,,,,金,,,,,,,,,,,,,,,,,,,,,,,,,,
平野区,平野北,2丁目,4番,,,,,,,,,,,月木,,,,,,,,,,,,,,火,,,,,,,,,,,,,,,,金,,,,,,,,,,,,,,,,,,,,,,,,,,
平野区,平野北,2丁目,5番,,,,,,,,,,,,月木,,,,,,,,,,,,,火,,,,,,,,,,,,,,,,金,,,,,,,,,,,,,,,,,,,,,,,,,,
平野区,平野北,2丁目,6番,,,,,,,,,,,月木,,,,,,,,,,,,,,火,,,,,,,,,,,,,,,,金,,,,,,,,,,,,,,,,,,,,,,,,,,
平野区,平野北,2丁目,7番,,,,,,,,,,,,月木,,,,,,,,,,,,,火,,,,,,,,,,,,,,,,金,,,,,,,,,,,,,,,,,,,,,,,,,,
平野区,平野北,2丁目,8番,,,,,,,,,,月木,,,,,,,,,,,,,,,火,,,,,,,,,,,,,,,,金,,,,,,,,,,,,,,,,,,,,,,,,,,
平野区,平野北,2丁目,9番,,,,,,,,,,月木,,,,,,,,,,,,,,,火,,,,,,,,,,,,,,,,金,,,,,,,,,,,,,,,,,,,,,,,,,,
平野区,平野北,2丁目,10番,,,,,,,,,,月木,,,,,,,,,,,,,,,火,,,,,,,,,,,,,,,,金,,,,,,,,,,,,,,,,,,,,,,,,,,
平野区,平野北,2丁目,11番,,,,,,,,,,月木,,,,,,,,,,,,,,,火,,,,,,,,,,,,,,,,金,,,,,,,,,,,,,,,,,,,,,,,,,,
平野区,平野北,2丁目,12番,,,,,,,,,,,月木,,,,,,,,,,,,,,火,,,,,,,,,,,,,,,,金,,,,,,,,,,,,,,,,,,,,,,,,,,
平野区,平野北,2丁目,13番,,,,,,,,,,,月木,,,,,,,,,,,,,,火,,,,,,,,,,,,,,,,金,,,,,,,,,,,,,,,,,,,,,,,,,,
平野区,平野北,2丁目,14番,,,,,,,,,,,月木,,,,,,,,,,,,,,火,,,,,,,,,,,,,,,,金,,,,,,,,,,,,,,,,,,,,,,,,,,
平野区,平野西,1丁目,1番,,,,,,,,月木,,,,,,,,,,,,,,,,,,,,,,,,,,,火,,,,,,,,,,,,,,,,金,,,,,,,,,,,,,,,,
平野区,平野西,1丁目,2番,,,,,,,月木,,,,,,,,,,,,,,,,,,,,,,,,,,,,火,,,,,,,,,,,,,,,,金,,,,,,,,,,,,,,,,
平野区,平野西,1丁目,3番,,,,,,,,,月木,,,,,,,,,,,,,,,,,,,,,,,,,,火,,,,,,,,,,,,,,,,金,,,,,,,,,,,,,,,,
平野区,平野西,1丁目,4番,,,,,,,,,月木,,,,,,,,,,,,,,,,,,,,,,,,,,火,,,,,,,,,,,,,,,,金,,,,,,,,,,,,,,,,
平野区,平野西,1丁目,5番,,,,,,,,,月木,,,,,,,,,,,,,,,,,,,,,,,,,,火,,,,,,,,,,,,,,,,金,,,,,,,,,,,,,,,,
平野区,平野西,1丁目,6番,,,,,,,,,,月木,,,,,,,,,,,,,,,,,,,,,,,,,火,,,,,,,,,,,,,,,,金,,,,,,,,,,,,,,,,
平野区,平野西,1丁目,7番,,,,,,,,,,月木,,,,,,,,,,,,,,,,,,,,,,,,,火,,,,,,,,,,,,,,,,金,,,,,,,,,,,,,,,,
平野区,平野西,1丁目,8番,,,,,,,,,,月木,,,,,,,,,,,,,,,,,,,,,,,,,火,,,,,,,,,,,,,,,,金,,,,,,,,,,,,,,,,
平野区,平野西,1丁目,9番,,,,,,,,,,月木,,,,,,,,,,,,,,,,,,,,,,,,,火,,,,,,,,,,,,,,,,金,,,,,,,,,,,,,,,,
平野区,平野西,1丁目,10番,,,,,,,,,月木,,,,,,,,,,,,,,,,,,,,,,,,,,火,,,,,,,,,,,,,,,,金,,,,,,,,,,,,,,,,
平野区,平野西,1丁目,11番,,,,,,,,,月木,,,,,,,,,,,,,,,,,,,,,,,,,,火,,,,,,,,,,,,,,,,金,,,,,,,,,,,,,,,,
平野区,平野西,1丁目,12番,,,,,,,,,月木,,,,,,,,,,,,,,,,,,,,,,,,,,火,,,,,,,,,,,,,,,,金,,,,,,,,,,,,,,,,
平野区,平野西,2丁目,1番,,,,,,,,,月木,,,,,,,,,,,,,,,,,,,,,,,,,,火,,,,,,,,,,,,,,,,金,,,,,,,,,,,,,,,,
平野区,平野西,2丁目,2番,,,,,,,,,月木,,,,,,,,,,,,,,,,,,,,,,,,,,火,,,,,,,,,,,,,,,,金,,,,,,,,,,,,,,,,
平野区,平野西,2丁目,3番,,,,,,,,,,月木,,,,,,,,,,,,,,,,,,,,,,,,,火,,,,,,,,,,,,,,,,金,,,,,,,,,,,,,,,,
平野区,平野西,2丁目,4番,,,,,,,,,月木,,,,,,,,,,,,,,,,,,,,,,,,火,,,,,,,,,,,,,,,,,,金,,,,,,,,,,,,,,,,
平野区,平野西,2丁目,5番,,,,,,,,,月木,,,,,,,,,,,,,,,,,,,,,,,,火,,,,,,,,,,,,,,,,,,金,,,,,,,,,,,,,,,,
平野区,平野西,3丁目,1番,,,,,,,,,月木,,,,,,,,,,,,,,,,,,,,,,,,,火,,,,,,,,,,,,,,,,,金,,,,,,,,,,,,,,,,
平野区,平野西,3丁目,2番,,,,,,,,,月木,,,,,,,,,,,,,,,,,,,,,,,,,火,,,,,,,,,,,,,,,,,金,,,,,,,,,,,,,,,,
平野区,平野西,3丁目,3番,,,,,,,,,月木,,,,,,,,,,,,,,,,,,,,,,,,,火,,,,,,,,,,,,,,,,,金,,,,,,,,,,,,,,,,
平野区,平野西,3丁目,4番,,,,,,,,月木,,,,,,,,,,,,,,,,,,,,,,,,,,,,,,,,,,,,,,,,,,,,,,,,,,,,,,,,,,,
平野区,平野西,3丁目,5番,,,,,,,,,月木,,,,,,,,,,,,,,,,,,,,,,,,,,,,,,,,,,,,,,,,,,,,,,,,,,,,,,,,,,
平野区,平野西,3丁目,6番,,,,,,,,,月木,,,,,,,,,,,,,,,,,,,,,,,,,,火,,,,,,,,,,,,,,,,金,,,,,,,,,,,,,,,,
平野区,平野西,3丁目,7番,,,,,,,,,月木,,,,,,,,,,,,,,,,,,,,,,,,,,火,,,,,,,,,,,,,,,,金,,,,,,,,,,,,,,,,
平野区,平野西,3丁目,8番,,,,,,,,,月木,,,,,,,,,,,,,,,,,,,,,,,,火,,,,,,,,,,,,,,,,金,,,,,,,,,,,,,,,,,,
平野区,平野西,3丁目,9番,,,,,,,,,月木,,,,,,,,,,,,,,,,,,,,,,,,火,,,,,,,,,,,,,,,,金,,,,,,,,,,,,,,,,,,
平野区,平野西,4丁目,1番,,,,,,,,,月木,,,,,,,,,,,,,,,,,,,,,,,,,,火,,,,,,,,,,,,,,,,金,,,,,,,,,,,,,,,,
平野区,平野西,4丁目,2番,,,,,,,,,月木,,,,,,,,,,,,,,,,,,,,,,,,,,火,,,,,,,,,,,,,,,,金,,,,,,,,,,,,,,,,
平野区,平野西,4丁目,3番,,,,,,,,,月木,,,,,,,,,,,,,,,,,,,,,,,,,,火,,,,,,,,,,,,,,,,金,,,,,,,,,,,,,,,,
平野区,平野西,4丁目,4番,,,,,,,,,月木,,,,,,,,,,,,,,,,,,,,,,,,,,火,,,,,,,,,,,,,,,,金,,,,,,,,,,,,,,,,
平野区,平野西,4丁目,5番,,,,,,,,,月木,,,,,,,,,,,,,,,,,,,,,,,,,,火,,,,,,,,,,,,,,,,金,,,,,,,,,,,,,,,,
平野区,平野西,4丁目,6番,,,,,,,,月木,,,,,,,,,,,,,,,,,,,,,,,,,,,火,,,,,,,,,,,,,,,,金,,,,,,,,,,,,,,,,
平野区,平野西,4丁目,7番,,,,,,,,月木,,,,,,,,,,,,,,,,,,,,,,,,,,,火,,,,,,,,,,,,,,,,金,,,,,,,,,,,,,,,,
平野区,平野西,4丁目,8番,,,,,,,,月木,,,,,,,,,,,,,,,,,,,,,,,,,,,火,,,,,,,,,,,,,,,,金,,,,,,,,,,,,,,,,
平野区,平野西,4丁目,9番,,,,,,,,,月木,,,,,,,,,,,,,,,,,,,,,,,,,,火,,,,,,,,,,,,,,,,金,,,,,,,,,,,,,,,,
平野区,平野西,4丁目,10番,,,,,,,,,月木,,,,,,,,,,,,,,,,,,,,,,,,,,火,,,,,,,,,,,,,,,,金,,,,,,,,,,,,,,,,
平野区,平野西,5丁目,1番,,,,,,,,,月木,,,,,,,,,,,,,,,,,,,,,,,火,,,,,,,,,,,,,,,金,,,,,,,,,,,,,,,,,,,,
平野区,平野西,5丁目,2番,,,,,,,,,月木,,,,,,,,,,,,,,,,,,,,,,,,,,火,,,,,,,,,,,金,,,,,,,,,,,,,,,,,,,,,
平野区,平野西,5丁目,3番,,,,,,,,,月木,,,,,,,,,,,,,,,,,,,,,,,,火,,,,,,,,,,,,,,,,,金,,,,,,,,,,,,,,,,,
平野区,平野西,5丁目,4番,,,,,,,,,月木,,,,,,,,,,,,,,,,,,,,,,,,火,,,,,,,,,,,,,,,,,金,,,,,,,,,,,,,,,,,
平野区,平野西,5丁目,5番,,,,,,,,,月木,,,,,,,,,,,,,,,,,,,,,,,,火,,,,,,,,,,,,,,,,,金,,,,,,,,,,,,,,,,,
平野区,平野西,5丁目,6番,,,,,,,,,月木,,,,,,,,,,,,,,,,,,,,,,,,火,,,,,,,,,,,,,,,,,金,,,,,,,,,,,,,,,,,
平野区,平野西,5丁目,7番,,,,,,,,,月木,,,,,,,,,,,,,,,,,,,,,,,,火,,,,,,,,,,,,,,,,,金,,,,,,,,,,,,,,,,,
平野区,平野西,5丁目,8番,,,,,,,,,月木,,,,,,,,,,,,,,,,,,,,,,,,火,,,,,,,,,,,,,,,,,金,,,,,,,,,,,,,,,,,
平野区,平野西,5丁目,9番,,,,,,,,,月木,,,,,,,,,,,,,,,,,,,,,,,,火,,,,,,,,,,,,,,,,,金,,,,,,,,,,,,,,,,,
平野区,平野西,6丁目,1番,,,,,,,,,月木,,,,,,,,,,,,,,,,,,,,,,,,,,火,,,,,,,,,,,,,,,,金,,,,,,,,,,,,,,,,
平野区,平野西,6丁目,2番,,,,,,,,,月木,,,,,,,,,,,,,,,,,,,,,,,,,,火,,,,,,,,,,,,,,,,金,,,,,,,,,,,,,,,,
平野区,平野西,6丁目,3番,,,,,,,,月木,,,,,,,,,,,,,,,,,,,,,,,,,,,火,,,,,,,,,,,,,,,,金,,,,,,,,,,,,,,,,
平野区,平野西,6丁目,4番,,,,,,,,月木,,,,,,,,,,,,,,,,,,,,,,,,,,,火,,,,,,,,,,,,,,,,金,,,,,,,,,,,,,,,,
平野区,平野西,6丁目,5番,,,,,,,,,月木,,,,,,,,,,,,,,,,,,,,,,,,,,火,,,,,,,,,,,,,,,,金,,,,,,,,,,,,,,,,
平野区,平野西,6丁目,6番,,,,,,,,,月木,,,,,,,,,,,,,,,,,,,,,,,,,,火,,,,,,,,,,,,,,,,金,,,,,,,,,,,,,,,,
平野区,平野西,6丁目,7番,,,,,,,,,月木,,,,,,,,,,,,,,,,,,,,,,,,,,火,,,,,,,,,,,,,,,,金,,,,,,,,,,,,,,,,
平野区,平野馬場,1丁目,1番,,,,,,,,月木,,,,,,,,,,,,,,,,,,火,,,,,,,,,,,,,,,,金,,,,,,,,,,,,,,,,,,,,,,,,,
平野区,平野馬場,1丁目,2番,,,,,,,月木,,,,,,,,,,,,,,,,,,,火,,,,,,,,,,,,,,,,金,,,,,,,,,,,,,,,,,,,,,,,,,
平野区,平野馬場,1丁目,3番,,,,,,,月木,,,,,,,,,,,,,,,,,,,火,,,,,,,,,,,,,,,,金,,,,,,,,,,,,,,,,,,,,,,,,,
平野区,平野馬場,1丁目,4番,軽四輪車(小さい車)で収集している地域,,,,,,月木,,,,,,,,,,,,,,,,,,,火,,,,,,,,,,,,,,,,金,,,,,,,,,,,,,,,,,,,,,,,,,
平野区,平野馬場,1丁目,4番,上記以外,,,,,,月木,,,,,,,,,,,,,,,,,,,火,,,,,,,,,,,,,,,,金,,,,,,,,,,,,,,,,,,,,,,,,,
平野区,平野馬場,1丁目,5番,軽四輪車(小さい車)で収集している地域,,,,,,,,,月木,,,,,,,,,,,,,,,,火,,,,,,,,,,,,,,,,金,,,,,,,,,,,,,,,,,,,,,,,,,
平野区,平野馬場,1丁目,5番,上記以外,,,,,,月木,,,,,,,,,,,,,,,,,,,火,,,,,,,,,,,,,,,,金,,,,,,,,,,,,,,,,,,,,,,,,,
平野区,平野馬場,1丁目,6番,,,,,,,月木,,,,,,,,,,,,,,,,,,,火,,,,,,,,,,,,,,,,金,,,,,,,,,,,,,,,,,,,,,,,,,
平野区,平野馬場,1丁目,7番,,,,,,,月木,,,,,,,,,,,,,,,,,,,火,,,,,,,,,,,,,,,,金,,,,,,,,,,,,,,,,,,,,,,,,,
平野区,平野馬場,1丁目,8番,,,,,,,月木,,,,,,,,,,,,,,,,,,,火,,,,,,,,,,,,,,,,金,,,,,,,,,,,,,,,,,,,,,,,,,
平野区,平野馬場,1丁目,10番,,,,,,,,月木,,,,,,,,,,,,,,,,,,火,,,,,,,,,,,,,,,,金,,,,,,,,,,,,,,,,,,,,,,,,,
平野区,平野馬場,1丁目,11番,,,,,,,月木,,,,,,,,,,,,,,,,,,,火,,,,,,,,,,,,,,,,金,,,,,,,,,,,,,,,,,,,,,,,,,
平野区,平野馬場,1丁目,12番,,,,,,,,月木,,,,,,,,,,,,,,,,,,火,,,,,,,,,,,,,,,,金,,,,,,,,,,,,,,,,,,,,,,,,,
平野区,平野馬場,1丁目,13番,,,,,,,月木,,,,,,,,,,,,,,,,,,,火,,,,,,,,,,,,,,,,金,,,,,,,,,,,,,,,,,,,,,,,,,
平野区,平野馬場,1丁目,14番,,,,,,,月木,,,,,,,,,,,,,,,,,,,火,,,,,,,,,,,,,,,,金,,,,,,,,,,,,,,,,,,,,,,,,,
平野区,平野馬場,1丁目,15番,,,,,,,月木,,,,,,,,,,,,,,,,,,,火,,,,,,,,,,,,,,,,金,,,,,,,,,,,,,,,,,,,,,,,,,
平野区,平野馬場,1丁目,16番,,,,,,,月木,,,,,,,,,,,,,,,,,,,火,,,,,,,,,,,,,,,,金,,,,,,,,,,,,,,,,,,,,,,,,,
平野区,平野馬場,1丁目,17番,,,,,,,月木,,,,,,,,,,,,,,,,,,,火,,,,,,,,,,,,,,,,金,,,,,,,,,,,,,,,,,,,,,,,,,
平野区,平野馬場,1丁目,18番,,,,,,,月木,,,,,,,,,,,,,,,,,,,火,,,,,,,,,,,,,,,,金,,,,,,,,,,,,,,,,,,,,,,,,,
平野区,平野馬場,1丁目,19番,,,,,,,月木,,,,,,,,,,,,,,,,,,,火,,,,,,,,,,,,,,,,金,,,,,,,,,,,,,,,,,,,,,,,,,
平野区,平野馬場,2丁目,1番,,,,,,,,月木,,,,,,,,,,,,,,,,,,,,,,,,,,火,,,,,,,,,,,,,,,,金,,,,,,,,,,,,,,,,,
平野区,平野馬場,2丁目,2番,,,,,,,,月木,,,,,,,,,,,,,,,,,,,,,,,,,,火,,,,,,,,,,,,,,,,金,,,,,,,,,,,,,,,,金,
平野区,平野馬場,2丁目,3番,,,,,,,,月木,,,,,,,,,,,,,,,,,,,,,,,,,,火,,,,,,,,,,,,,,,,金,,,,,,,,,,,,,,,,金,
平野区,平野馬場,2丁目,4番,,,,,,,,月木,,,,,,,,,,,,,,,,,,,,,,,,,,火,,,,,,,,,,,,,,,,金,,,,,,,,,,,,,,,,金,
平野区,平野馬場,2丁目,5番,,,,,,,,月木,,,,,,,,,,,,,,,,,,,,,,,,,,火,,,,,,,,,,,,,,,,金,,,,,,,,,,,,,,,,金,
平野区,平野馬場,2丁目,6番,,,,,,,月木,,,,,,,,,,,,,,,,,,,,,,,,,,,火,,,,,,,,,,,,,,,,金,,,,,,,,,,,,,,,,,
平野区,平野馬場,2丁目,7番,,,,,,,,月木,,,,,,,,,,,,,,,,,,,,,,,,,,火,,,,,,,,,,,,,,,,金,,,,,,,,,,,,,,,,,
平野区,平野東,1丁目,1番,,,,,,,月木,,,,,,,,,,,,,,,,,,,,,,,,火,,,,,,,,,,,,,,,,金,,,,,,,,,,,,,,,,,,,,
平野区,平野東,1丁目,2番,,,,,,,月木,,,,,,,,,,,,,,,,,,,,,,,,火,,,,,,,,,,,,,,,,金,,,,,,,,,,,,,,,,,,,,
平野区,平野東,1丁目,3番,,,,,,,月木,,,,,,,,,,,,,,,,,,,,,,,,火,,,,,,,,,,,,,,,,金,,,,,,,,,,,,,,,,,,,,
平野区,平野東,1丁目,4番,,,,,,,月木,,,,,,,,,,,,,,,,,,,,,,,,火,,,,,,,,,,,,,,,,金,,,,,,,,,,,,,,,,,,,,
平野区,平野東,1丁目,5番,,,,,,,月木,,,,,,,,,,,,,,,,,,,,,,,,火,,,,,,,,,,,,,,,,金,,,,,,,,,,,,,,,,,,,,
平野区,平野東,1丁目,6番,,,,,,,月木,,,,,,,,,,,,,,,,,,,,,,,,火,,,,,,,,,,,,,,,,金,,,,,,,,,,,,,,,,,,,,
平野区,平野東,1丁目,7番,,,,,,,,月木,,,,,,,,,,,,,,,,,,,,,,,火,,,,,,,,,,,,,,,,金,,,,,,,,,,,,,,,,,,,,
平野区,平野東,1丁目,8番,,,,,,,月木,,,,,,,,,,,,,,,,,,,,,,,,火,,,,,,,,,,,,,,,,金,,,,,,,,,,,,,,,,,,,,
平野区,平野東,1丁目,9番,,,,,,,月木,,,,,,,,,,,,,,,,,,,,,,,,,,火,,,,,,,,,,,,,,,,金,,,,,,金,,,,,,,,,,,,
平野区,平野東,2丁目,1番,,,,,,,月木,,,,,,,,,,,,,,,,,,,,,,,,火,,,,,,,,,,,,,,,,金,,,,,,,,,,,,,,,,,,,,
平野区,平野東,2丁目,2番,,,,,,,月木,,,,,,,,,,,,,,,,,,,,,,,,火,,,,,,,,,,,,,,,,金,,,,,,,,,,,,,,,,,,,,
平野区,平野東,2丁目,3番,,,,,,,月木,,,,,,,,,,,,,,,,,,,,,,,,火,,,,,,,,,,,,,,,,金,,,,,,,,金,,,,,,,,,,,,
平野区,平野東,2丁目,4番,,,,,,,月木,,,,,,,,,,,,,,,,,,,,,,,,火,,,,,,,,,,,,,,,,金,,,,,,,,金,,,,,,,,,,,,
平野区,平野東,2丁目,5番,,,,,,,,月木,,,,,,,,,,,,,,,,,,,,,,,火,,,,,,,,,,,,,,,,金,,,,,,,,,,,,,,,,,,,,
平野区,平野東,2丁目,6番,,,,,,,月木,,,,,,,,,,,,,,,,,,,,,,,,火,,,,,,,,,,,,,,,,金,,,,,,,,,,,,,,,,,,,,
平野区,平野東,2丁目,7番,,,,,,,月木,,,,,,,,,,,,,,,,,,,,,,,,火,,,,,,,,,,,,,,,,金,,,,,,,,,,,,,,,,,,,,
平野区,平野東,2丁目,8番,,,,,,,月木,,,,,,,,,,,,,,,,,,,,,,,,火,,,,,,,,,,,,,,,,金,,,,,,,,,,,,,,,,,,,,
平野区,平野東,2丁目,9番,,,,,,,,月木,,,,,,,,,,,,,,,,,,,,,,,火,,,,,,,,,,,,,,,,金,,,,,,,,,,,,,,,,,,,,
平野区,平野東,2丁目,10番,,,,,,,,,月木,,,,,,,,,,,,,,,,,,,,,,火,,,,,,,,,,,,,,,,金,,,,,,,,,,,,,,,,,,,,
平野区,平野東,2丁目,11番,,,,,,,月木,,,,,,,,,,,,,,,,,,,,,,,,火,,,,,,,,,,,,,,,,金,,,,,,,,,,,,,,,,,,,,
平野区,平野東,3丁目,1番,,,,,,,月木,,,,,,,,,,,,,,,,,,,,,,,,火,,,,,,,,,,,,,,,,金,,,,,,,,,,金,,,,,,,,,,
平野区,平野東,3丁目,2番,,,,,,,,月木,,,,,,,,,,,,,,,,,,,,,,,火,,,,,,,,,,,,,,,,金,,,,,,,,金,,,,,,,,,,,,
平野区,平野東,3丁目,3番,,,,,,,,月木,,,,,,,,,,,,,,,,,,,,,,,,,火,,,,,,,,,,,,,,,,金,,,,,,金,,,,,,,,,,,,
平野区,平野東,3丁目,4番,,,,,,,,月木,,,,,,,,,,,,,,,,,,,,,,,,,火,,,,,,,,,,,,,,,,金,,,,,,金,,,,,,,,,,,,
平野区,平野東,3丁目,5番,,,,,,,,月木,,,,,,,,,,,,,,,,,,,,,,,,,火,,,,,,,,,,,,,,,,金,,,,,,金,,,,,,,,,,,,
平野区,平野東,3丁目,6番,,,,,,,,月木,,,,,,,,,,,,,,,,,,,,,,,,,火,,,,,,,,,,,,,,,,金,,,,,,金,,,,,,,,,,,,
平野区,平野東,3丁目,7番,,,,,,,,月木,,,,,,,,,,,,,,,,,,,,,,,,,火,,,,,,,,,,,,,,,,金,,,,,,金,,,,,,,,,,,,
平野区,平野東,4丁目,1番,,,,,,,,月木,,,,,,,,,,,,,,,,,,,,,,,,,火,,,,,,,,,,,,,,,,金,,,,,,,,,,,,,,,,,,
平野区,平野東,4丁目,2番,,,,,,,,月木,,,,,,,,,,,,,,,,,,,,,,,,,火,,,,,,,,,,,,,,,,金,,,,,,,,,,,,,,,,,,
平野区,平野東,4丁目,3番,,,,,,,,月木,,,,,,,,,,,,,,,,,,,,,,,,,火,,,,,,,,,,,,,,,,金,,,,,,,,,,,,,,,,,,
平野区,平野東,4丁目,4番,,,,,,,,月木,,,,,,,,,,,,,,,,,,,,,,,,,火,,,,,,,,,,,,,,,,金,,,,,,金,,,,,,,,,,,,
平野区,平野東,4丁目,5番,,,,,,,,月木,,,,,,,,,,,,,,,,,,,,,,,,,火,,,,,,,,,,,,,,,,金,,,,,,金,,,,,,,,,,,,
平野区,平野東,4丁目,6番,,,,,,,,月木,,,,,,,,,,,,,,,,,,,,,,,,,火,,,,,,,,,,,,,,,,金,,,,,,金,,,,,,,,,,,,
平野区,平野東,4丁目,7番,,,,,,,,月木,,,,,,,,,,,,,,,,,,,,,,,,,火,,,,,,,,,,,,,,,,金,,,,,,金,,,,,,,,,,,,
平野区,平野本町,1丁目,1番,2･6･28･30･34号,,,,,,,,,,,,,,,,月木,,,,,,,,火,,,,,,,,,,,,,,,,金,,,,,,,,,,,,,,金,,,,,,,,,,,,
平野区,平野本町,1丁目,1番,上記以外,,,,,,,,月木,,,,,,,,,,,,,,,,,,,,,,,,火,,,,,,,,,,,,,,,,金,,,,,,金,,,,,,,,,,,,
平野区,平野本町,1丁目,2番,軽四輪車(小さい車)で収集している地域,,,,,,,,月木,,,,,,,,,,,,,,,,火,,,,,,,,,,,,,,,,金,,,,,,,,,,,,,,金,,,,,,,,,,,,
平野区,平野本町,1丁目,2番,上記以外,,,,,,,,月木,,,,,,,,,,,,,,,,,,,,,,,,火,,,,,,,,,,,,,,,,金,,,,,,金,,,,,,,,,,,,
平野区,平野本町,1丁目,3番,,,,,,,月木,,,,,,,,,,,,,,,,,,,,,,,,火,,,,,,,,,,,,,,,,金,,,,,,,,,,金,,,,,,,,,,
平野区,平野本町,1丁目,4番,,,,,,,月木,,,,,,,,,,,,,,,,,,,,,,,,,,火,,,,,,,,,,,,,,,,金,,,,,,,,金,,,,,,,,,,
平野区,平野本町,1丁目,5番,,,,,,,月木,,,,,,,,,,,,,,,,,,,,,,,,,,,火,,,,,,,,,,,,,,,,金,,,,,金,,,,,,,,,,,,
平野区,平野本町,1丁目,6番,軽四輪車(小さい車)で収集している地域,,,,,,月木,,,,,,,,,,,,,,,,,,火,,,,,,,,,,,,,,,,金,,,,,,,,,,,,,,,,,,,,,,,,,,
平野区,平野本町,1丁目,6番,上記以外,,,,,,月木,,,,,,,,,,,,,,,,,,,,,,,,,,,火,,,,,,,,,,,,,,,,金,,,,,金,,,,,,,,,,,,
平野区,平野本町,1丁目,7番,軽四輪車(小さい車)で収集している地域,,,,,,月木,,,,,,,,,,,,,,,,,,火,,,,,,,,,,,,,,,,金,,,,,,,,,,,,,,,,,,,,,,,,,,
平野区,平野本町,1丁目,7番,上記以外,,,,,,,月木,,,,,,,,,,,,,,,,,,,,,,,,,,火,,,,,,,,,,,,,,,,金,,,,,金,,,,,,,,,,,,
平野区,平野本町,1丁目,8番,軽四輪車(小さい車)で収集している地域,,,,,,月木,,,,,,,,,,,,,,,,,,火,,,,,,,,,,,,,,,,金,,,,,,,,,,,,,,,,,,,,,,,,,,
平野区,平野本町,1丁目,8番,上記以外,,,,,,月木,,,,,,,,,,,,,,,,,,,,,,,,,,,火,,,,,,,,,,,,,,,,金,,,,,金,,,,,,,,,,,,
平野区,平野本町,1丁目,9番,軽四輪車(小さい車)で収集している地域,,,,,,月木,,,,,,,,,,,,,,,,,,火,,,,,,,,,,,,,,,,金,,,,,,,,,,,,,,,,,,,,,,,,,,
平野区,平野本町,1丁目,9番,上記以外,,,,,,月木,,,,,,,,,,,,,,,,,,,,,,,,,,,火,,,,,,,,,,,,,,,,金,,,,,金,,,,,,,,,,,,
平野区,平野本町,1丁目,10番,,,,,,,月木,,,,,,,,,,,,,,,,,,,,,,,,,,,火,,,,,,,,,,,,,,,,金,,,,,金,,,,,,,,,,,,
平野区,平野本町,1丁目,11番,,,,,,,,,,月木,,,,,,,,,,,,,,,,,,,,,,,,火,,,,,,,,,,,,,,,,金,,,,,金,,,,,,,,,,,,
平野区,平野本町,1丁目,12番,,,,,,,,,,月木,,,,,,,,,,,,,,,,,,,,,,火,,,,,,,,,,,,,,,,金,,,,,,,金,,,,,,,,,,,,
平野区,平野本町,1丁目,13番,2･10~14･18･19･21･22号,,,,,,,,,,,,,,,,月木,,,,,,,,火,,,,,,,,,,,,,,,,金,,,,,,,,,,,,,,金,,,,,,,,,,,,
平野区,平野本町,1丁目,13番,上記以外,,,,,,,,月木,,,,,,,,,,,,,,,,火,,,,,,,,,,,,,,,,金,,,,,,,,,,,,,,金,,,,,,,,,,,,
平野区,平野本町,1丁目,14番,12･13･18号,,,,,,,,,,,,,,,,月木,,,,,,,,,,,,,,,,,火,,,,,,,,,,,,,,,,金,,,,,金,,,,,,,,,,,,
平野区,平野本町,1丁目,14番,上記以外,,,,,,,,月木,,,,,,,,,,,,,,,,,,,,,,,,,火,,,,,,,,,,,,,,,,金,,,,,金,,,,,,,,,,,,
平野区,平野本町,1丁目,15番,,,,,,,,,月木,,,,,,,,,,,,,,,,,,,,,,,,,火,,,,,,,,,,,,,,,,金,,,,,金,,,,,,,,,,,,
平野区,平野本町,1丁目,16番,,,,,,,月木,,,,,,,,,,,,,,,,,,,,,,,,,,,火,,,,,,,,,,,,,,,,金,,,,,金,,,,,,,,,,,,
平野区,平野本町,2丁目,1番,軽四輪車(小さい車)で収集している地域,,,,,,月木,,,,,,,,,,,,,,,,,,,,,,,,,,火,,,,,,,,,,,,,,,,金,,,,,,,,,,,,,,,,,,
平野区,平野本町,2丁目,1番,上記以外,,,,,,月木,,,,,,,,,,,,,,,,,,,,,,,,,,,火,,,,,,,,,,,,,,,,金,,,,,金,,,,,,,,,,,,
平野区,平野本町,2丁目,2番,,,,,,,,月木,,,,,,,,,,,,,,,,,,,,,,,,,,火,,,,,,,,,,,,,,,,金,,,,,金,,,,,,,,,,,,
平野区,平野本町,2丁目,3番,,,,,,,,月木,,,,,,,,,,,,,,,,,,,,,,,,,,火,,,,,,,,,,,,,,,,金,,,,,金,,,,,,,,,,,,
平野区,平野本町,2丁目,4番,,,,,,,月木,,,,,,,,,,,,,,,,,,,,,,,,,,,火,,,,,,,,,,,,,,,,金,,,,,金,,,,,,,,,,,,
平野区,平野本町,2丁目,5番,軽四輪車(小さい車)で収集している地域,,,,,,月木,,,,,,,,,,,,,,,,,,,,,,,,,,火,,,,,,,,,,,,,,,,金,,,,,,,,,,,,,,,,,,
平野区,平野本町,2丁目,5番,上記以外,,,,,,月木,,,,,,,,,,,,,,,,,,,,,,,,,,,火,,,,,,,,,,,,,,,,金,,,,,金,,,,,,,,,,,,
平野区,平野本町,2丁目,6番,軽四輪車(小さい車)で収集している地域,,,,,,月木,,,,,,,,,,,,,,,,,,,,,,,,,,火,,,,,,,,,,,,,,,,金,,,,,,,,,,,,,,,,,,
平野区,平野本町,2丁目,6番,上記以外,,,,,,月木,,,,,,,,,,,,,,,,,,,,,,,,,,,火,,,,,,,,,,,,,,,,金,,,,,金,,,,,,,,,,,,
平野区,平野本町,2丁目,7番,軽四輪車(小さい車)で収集している地域,,,,,,,月木,,,,,,,,,,,,,,,,,,,,,,,,,火,,,,,,,,,,,,,,,,金,,,,,,,,,,,,,,,,,,
平野区,平野本町,2丁目,7番,上記以外,,,,,,,月木,,,,,,,,,,,,,,,,,,,,,,,,,,火,,,,,,,,,,,,,,,,金,,,,,金,,,,,,,,,,,,
平野区,平野本町,2丁目,8番,軽四輪車(小さい車)で収集している地域,,,,,,,月木,,,,,,,,,,,,,,,,,,,,,,,,,火,,,,,,,,,,,,,,,,金,,,,,,,,,,,,,,,,,,
平野区,平野本町,2丁目,8番,上記以外,,,,,,,月木,,,,,,,,,,,,,,,,,,,,,,,,,,火,,,,,,,,,,,,,,,,金,,,,,金,,,,,,,,,,,,
平野区,平野本町,2丁目,9番,,,,,,,,,,月木,,,,,,,,,,,,,,,,,,,,,,,,火,,,,,,,,,,,,,,,,金,,,,,金,,,,,,,,,,,,
平野区,平野本町,2丁目,10番,,,,,,,,月木,,,,,,,,,,,,,,,,,,,,,,,,,,火,,,,,,,,,,,,,,,,金,,,,,金,,,,,,,,,,,,
平野区,平野本町,2丁目,11番,,,,,,,,月木,,,,,,,,,,,,,,,,,,,,,,,,火,,,,,,,,,,,,,,,,金,,,,,,,金,,,,,,,,,,,,
平野区,平野本町,2丁目,12番,,,,,,,,,月木,,,,,,,,,,,,,,,,,,,,,,,火,,,,,,,,,,,,,,,,金,,,,,,,金,,,,,,,,,,,,
平野区,平野本町,2丁目,13番,,,,,,,月木,,,,,,,,,,,,,,,,,,,,,,,,,,,火,,,,,,,,,,,,,,,,金,,,,,金,,,,,,,,,,,,
平野区,平野本町,3丁目,1番,,,,,,,,,,月木,,,,,,,,,,火,,,,,,,,,,,,,,,,金,,,,,,,,,,,,,,,,,,,,,,,,,,,,,,,
平野区,平野本町,3丁目,2番,軽四輪車(小さい車)で収集している地域,,,,,,月木,,,,,,,,,,,,,火,,,,,,,,,,,,,,,,金,,,,,,,,,,,,,,,,,,,,,,,,,,,,,,,
平野区,平野本町,3丁目,2番,上記以外,,,,,,,,,月木,,,,,,,,,,火,,,,,,,,,,,,,,,,金,,,,,,,,,,,,,,,,,,,,,,,,,,,,,,,
平野区,平野本町,3丁目,3番,軽四輪車(小さい車)で収集している地域,,,,,,月木,,,,,,,,,,,,,,,,火,,,,,,,,,,,,,,,,金,,,,,,,,,,,,,,,,,,,,,,,,,,,,
平野区,平野本町,3丁目,3番,上記以外,,,,,,,,,月木,,,,,,,,,,,,,,,,,,,,,,,,火,,,,,,,,,,,,,,,,金,,,,,,,,,,,,,,,,,
平野区,平野本町,3丁目,4番,軽四輪車(小さい車)で収集している地域,,,,,,月木,,,,,,,,,,,,,,,,,,,,,,,,火,,,,,,,,,,,,,,,,金,,,,,,,,,,,,,,,,,,,,
平野区,平野本町,3丁目,4番,上記以外,,,,,,,,,月木,,,,,,,,,,,,,,,,,,,,,,,,火,,,,,,,,,,,,,,,,金,,,,,,,,,,,,,,,,,
平野区,平野本町,3丁目,5番,軽四輪車(小さい車)で収集している地域,,,,,,月木,,,,,,,,,,,,,,,,,,,,,,,,,,,火,,,,,,,,,,,,,金,,,,,,,,,,,,,,,,,,,,
平野区,平野本町,3丁目,5番,上記以外,,,,,,,,,月木,,,,,,,,,,,,,,,,,,,,,,,,火,,,,,,,,,,,,,,,,金,,,,,,,,,,,,,,,,,
平野区,平野本町,3丁目,6番,軽四輪車(小さい車)で収集している地域,,,,,,月木,,,,,,,,,,,,,,,,火,,,,,,,,,,,,,,,,金,,,,,,,,,,,,,,,,,,,,,,,,,,,,
平野区,平野本町,3丁目,6番,上記以外,,,,,,,,,月木,,,,,,,,,,,,,,,,,,,,,,,,火,,,,,,,,,,,,,,,,,金,,,,,,,,,,,,,,,,
平野区,平野本町,3丁目,7番,軽四輪車(小さい車)で収集している地域,,,,,,月木,,,,,,,,,,,,,,,,火,,,,,,,,,,,,,,,,金,,,,,,,,,,,,,,,,,,,,,,,,,,,,
平野区,平野本町,3丁目,7番,上記以外,,,,,,,,月木,,,,,,,,,,,,,,,,,,,,,,,,,火,,,,,,,,,,,,,,,,金,,,,,,,,,,,,,,,,,
平野区,平野本町,3丁目,8番,軽四輪車(小さい車)で収集している地域,,,,,,月木,,,,,,,,,,,,,,,,,,,,,,,,,,,火,,,,,,,,,,,,,,,,金,,,,,,,,,,,,,,,,,
平野区,平野本町,3丁目,8番,上記以外,,,,,,,,,月木,,,,,,,,,,,,,,,,,,,,,,,,火,,,,,,,,,,,,,,,,金,,,,,,,,,,,,,,,,,
平野区,平野本町,3丁目,9番,軽四輪車(小さい車)で収集している地域,,,,,,,月木,,,,,,,,,,,,,,,,,,,,,,,火,,,,,,,,,,,,,,,,金,,,,,,,,,,,,,,,,,,,,
平野区,平野本町,3丁目,9番,上記以外,,,,,,,,,月木,,,,,,,,,,,,,,,,,,,,,,,,火,,,,,,,,,,,,,,,,金,,,,,,,,,,,,,,,,,
平野区,平野本町,3丁目,10番,軽四輪車(小さい車)で収集している地域,,,,,,月木,,,,,,,,,,,,,,,,,,,,,,,,火,,,,,,,,,,,,,,,,金,,,,,,,,,,,,,,,,,,,,
平野区,平野本町,3丁目,10番,上記以外,,,,,,,,月木,,,,,,,,,,,,,,,,,,,,,,,,,火,,,,,,,,,,,,,,,,金,,,,,,,,,,,,,,,,,
平野区,平野本町,3丁目,11番,軽四輪車(小さい車)で収集している地域,,,,,,月木,,,,,,,,,,,,,,,,,,,,,,,,火,,,,,,,,,,,,,,,,金,,,,,,,,,,,,,,,,,,,,
平野区,平野本町,3丁目,11番,上記以外,,,,,,,,,月木,,,,,,,,,,,,,,,,,,,,,,,,火,,,,,,,,,,,,,,,,金,,,,,,,,,,,,,,,,,
平野区,平野本町,3丁目,12番,軽四輪車(小さい車)で収集している地域,,,,,,月木,,,,,,,,,,,,,,,,,,,,,,,,火,,,,,,,,,,,,,,,,金,,,,,,,,,,,,,,,,,,,,
平野区,平野本町,3丁目,12番,上記以外,,,,,,月木,,,,,,,,,,,,,火,,,,,,,,,,,,,,,,金,,,,,,,,,,,,,,,,,,,,,,,,,,,,,,,
平野区,平野本町,3丁目,13番,,,,,,,,月木,,,,,,,,,,,,,,,,,,,,,,,火,,,,,,,,,,,,,,,金,,,,,,,,,,,,,,,,,,,,,
平野区,平野本町,4丁目,1番,2･11･12~16号,,,,,,,,,,,,,,,,月木,,,火,,,,,,,,,,,,,,,,金,,,,,,,,,,,,,,,,,,,,,,,,,,,,,,,
平野区,平野本町,4丁目,1番,上記以外,,,,,,月木,,,,,,,,,,,,,火,,,,,,,,,,,,,,,,金,,,,,,,,,,,,,,,,,,,,,,,,,,,,,,,
平野区,平野本町,4丁目,2番,4･6･9･10･12号,,,,,,,,,,,,,,,,月木,,,,,,,,,,,,,,,火,,,,,,,,,,,,,,,,金,,,,,,,金,,,,,,,,,,,,
平野区,平野本町,4丁目,2番,上記以外,,,,,,月木,,,,,,,,,,,,,,,,,,,,,,,,,,,火,,,,,,,,,,,,,,,,金,,,,,金,,,,,,,,,,,,
平野区,平野本町,4丁目,3番,軽四輪車(小さい車)で収集している地域,,,,,,月木,,,,,,,,,,,,,,,,,,,,,,,,火,,,,,,,,,,,,,,,,金,,,,,,,,金,,,,,,,,,,,,
平野区,平野本町,4丁目,3番,上記以外,,,,,,月木,,,,,,,,,,,,,,,,,,,,,,,,,,,火,,,,,,,,,,,,,,,,金,,,,,金,,,,,,,,,,,,
平野区,平野本町,4丁目,4番,6･7･9･11･14号,,,,,,,,,,,,,,,,月木,,,,,,,,,,,,,,火,,,,,,,,,,,,,,,,金,,,,,,,,金,,,,,,,,,,,,
平野区,平野本町,4丁目,4番,上記以外,,,,,,月木,,,,,,,,,,,,,,,,,,,,,,,,,,,火,,,,,,,,,,,,,,,,金,,,,,,,金,,,,,,,,,,
平野区,平野本町,4丁目,5番,2~14･24･25号,,,,,,,,,,,,,,,,月木,,,,,,,,,,,,,,,火,,,,,,,,,,,,,,,,金,,,,,,,金,,,,,,,,,,,,
平野区,平野本町,4丁目,5番,上記以外,,,,,,月木,,,,,,,,,,,,,,,,,,,,,,,,,,,火,,,,,,,,,,,,,,,,金,,,,,金,,,,,,,,,,,,
平野区,平野本町,4丁目,6番,2~9･11~14号,,,,,,,,,,,,,,,,月木,,,火,,,,,,,,,,,,,,,,金,,,,,,,,,,,,,,,,,,,,,金,,,,,,,,,,
平野区,平野本町,4丁目,6番,上記以外,,,,,,,,,月木,,,,,,,,,,,,,,,,,,,,,,,,火,,,,,,,,,,,,,,,,金,,,,,,,金,,,,,,,,,,
平野区,平野本町,4丁目,7番,22･23･25･26号,,,,,,,,,,,,,,,,月木,,,火,,,,,,,,,,,,,,,,金,,,,,,,,,,,,,,,,,,,金,,,,,,,,,,,,
平野区,平野本町,4丁目,7番,上記以外の軽四,,,,,,,,,,,,,,,,月木,,,火,,,,,,,,,,,,,,,,金,,,,,,,,,,,,,,,,,,,金,,,,,,,,,,,,
平野区,平野本町,4丁目,7番,上記以外,,,,,,月木,,,,,,,,,,,,,,,,,,,,,,,,,,,火,,,,,,,,,,,,,,,,金,,,,,,,金,,,,,,,,,,
平野区,平野本町,4丁目,8番,1･16~18･20･22~24･27号,,,,,,,,,,,,,,,,月木,,,,,,,,,,,,,,,火,,,,,,,,,,,,,,,,金,,,,,,,金,,,,,,,,,,,,
平野区,平野本町,4丁目,8番,上記以外,,,,,,月木,,,,,,,,,,,,,,,,,,,,,,,,,,,火,,,,,,,,,,,,,,,,金,,,,,,,金,,,,,,,,,,
平野区,平野本町,4丁目,9番,,,,,,,月木,,,,,,,,,,,,,,,,,,,,,,,,,,,火,,,,,,,,,,,,,,,,金,,,,,,,金,,,,,,,,,,
平野区,平野本町,4丁目,10番,,,,,,,月木,,,,,,,,,,,,,,,,,,,,,,,,,,,火,,,,,,,,,,,,,,,,金,,,,,,,金,,,,,,,,,,
平野区,平野本町,4丁目,11番,軽四輪車(小さい車)で収集している地域,,,,,,月木,,,,,,,,,,,,,,,,火,,,,,,,,,,,,,,,,金,,,,,,,,,,,,,,,,,,,,,,,,,,,,
平野区,平野本町,4丁目,11番,上記以外,,,,,,月木,,,,,,,,,,,,,,,,,,,,,,,,,,,火,,,,,,,,,,,,,,,,金,,,,,,,,,,,,,,,,,
平野区,平野本町,4丁目,12番,軽四輪車(小さい車)で収集している地域,,,,,,月木,,,,,,,,,,,,,,,,火,,,,,,,,,,,,,,,,金,,,,,,,,,,,,,,,,,,,,,,,,,,,,
平野区,平野本町,4丁目,12番,上記以外,,,,,,月木,,,,,,,,,,,,,,,,火,,,,,,,,,,,,,,,,金,,,,,,,,,,,,,,,,,,,,,,,,,,,,
平野区,平野本町,4丁目,13番,軽四輪車(小さい車)で収集している地域,,,,,,月木,,,,,,,,,,,,,,,,火,,,,,,,,,,,,,,,,金,,,,,,,,,,,,,,,,,,,,,,,,,,,,
平野区,平野本町,4丁目,13番,上記以外,,,,,,月木,,,,,,,,,,,,,,,,火,,,,,,,,,,,,,,,,金,,,,,,,,,,,,,,,,,,,,,,,,,,,,
平野区,平野本町,4丁目,14番,軽四輪車(小さい車)で収集している地域,,,,,,月木,,,,,,,,,,,,,,,,,,,,,,,,,,火,,,,,,,,,,,,,,,,金,,,,,,,,,,,,,,,,,,
平野区,平野本町,4丁目,14番,上記以外,,,,,,月木,,,,,,,,,,,,,,,,火,,,,,,,,,,,,,,,,金,,,,,,,,,,,,,,,,,,,,,,,,,,,,
平野区,平野本町,4丁目,15番,軽四輪車(小さい車)で収集している地域,,,,,,月木,,,,,,,,,,,,,,,,,,,,,,,,,,火,,,,,,,,,,,,,,,,金,,,,,,,,,,,,,,,,,,
平野区,平野本町,4丁目,15番,上記以外,,,,,,月木,,,,,,,,,,,,,,,,火,,,,,,,,,,,,,,,,金,,,,,,,,,,,,,,,,,,,,,,,,,,,,
平野区,平野本町,4丁目,16番,軽四輪車(小さい車)で収集している地域,,,,,,月木,,,,,,,,,,,,,,,,,,,,,,,,火,,,,,,,,,,,,,,,,金,,,,,,,,金,,,,,,,,,,,,
平野区,平野本町,4丁目,16番,上記以外,,,,,,月木,,,,,,,,,,,,,,,,火,,,,,,,,,,,,,,,,金,,,,,,,,,,,,,,,,金,,,,,,,,,,,,
平野区,平野本町,5丁目,1番,軽四輪車(小さい車)で収集している地域,,,,,,月木,,,,,,,,,,,,,,,火,,,,,,,,,,,,,,,,金,,,,,,,,,,,,,,,,,金,,,,,,,,,,,,
平野区,平野本町,5丁目,1番,上記以外,,,,,,月木,,,,,,,,,,,,,,,,,,,,,,,,,,,火,,,,,,,,,,,,,,,,金,,,,,金,,,,,,,,,,,,
平野区,平野本町,5丁目,2番,軽四輪車(小さい車)で収集している地域,,,,,,月木,,,,,,,,,,,,,,,火,,,,,,,,,,,,,,,,金,,,,,,,,,,,,,,,,,金,,,,,,,,,,,,
平野区,平野本町,5丁目,2番,上記以外,,,,,,月木,,,,,,,,,,,,,,,,,,,,,,,,,,,火,,,,,,,,,,,,,,,,金,,,,,金,,,,,,,,,,,,
平野区,平野本町,5丁目,3番,軽四輪車(小さい車)で収集している地域,,,,,,月木,,,,,,,,,,,,,,,火,,,,,,,,,,,,,,,,金,,,,,,,,,,,,,,,,,金,,,,,,,,,,,,
平野区,平野本町,5丁目,3番,上記以外,,,,,,月木,,,,,,,,,,,,,,,,,,,,,,,,,,,火,,,,,,,,,,,,,,,,金,,,,,金,,,,,,,,,,,,
平野区,平野本町,5丁目,4番,軽四輪車(小さい車)で収集している地域,,,,,,月木,,,,,,,,,,,,,,,,,,,,,,,,,火,,,,,,,,,,,,,,,,金,,,,,,,金,,,,,,,,,,,,
平野区,平野本町,5丁目,4番,上記以外,,,,,,月木,,,,,,,,,,,,,,,,,,,,,,,,,,,火,,,,,,,,,,,,,,,,金,,,,,金,,,,,,,,,,,,
平野区,平野本町,5丁目,5番,軽四輪車(小さい車)で収集している地域,,,,,,月木,,,,,,,,,,,,,,,,,,,,,,,,,火,,,,,,,,,,,,,,,,金,,,,,,,金,,,,,,,,,,,,
平野区,平野本町,5丁目,5番,上記以外,,,,,,月木,,,,,,,,,,,,,火,,,,,,,,,,,,,,,,金,,,,,,,,,,,,,,,,,,,金,,,,,,,,,,,,
平野区,平野本町,5丁目,6番,軽四輪車(小さい車)で収集している地域,,,,,,月木,,,,,,,,,,,,,,,,,,,,,,,,,火,,,,,,,,,,,,,,,,金,,,,,,,金,,,,,,,,,,,,
平野区,平野本町,5丁目,6番,上記以外,,,,,,月木,,,,,,,,,,,,,,,火,,,,,,,,,,,,,,,,金,,,,,,,,,,,,,,,,,金,,,,,,,,,,,,
平野区,平野本町,5丁目,7番,,,,,,,月木,,,,,,,,,,,,,,,,,,,,,,,,,火,,,,,,,,,,,,,,,,金,,,,,,,金,,,,,,,,,,,,
平野区,平野本町,5丁目,8番,,,,,,,月木,,,,,,,,,,,,,,,火,,,,,,,,,,,,,,,,金,,,,,,,,,,,,,,,,,金,,,,,,,,,,,,
平野区,平野本町,5丁目,9番,軽四輪車(小さい車)で収集している地域,,,,,,月木,,,,,,,,,,,,,,,火,,,,,,,,,,,,,,,,金,,,,,,,,,,,,,,,,,金,,,,,,,,,,,,
平野区,平野本町,5丁目,9番,上記以外,,,,,,月木,,,,,,,,,,,,,,,,,,,,,,,,,,,火,,,,,,,,,,,,,,,,金,,,,,金,,,,,,,,,,,,
平野区,平野本町,5丁目,10番,軽四輪車(小さい車)で収集している地域,,,,,,月木,,,,,,,,,,,,,,,火,,,,,,,,,,,,,,,,金,,,,,,,,,,,,,,,,,金,,,,,,,,,,,,
平野区,平野本町,5丁目,10番,上記以外,,,,,,月木,,,,,,,,,,,,,,,,,,,,,,,,,,,火,,,,,,,,,,,,,,,,金,,,,,金,,,,,,,,,,,,
平野区,平野本町,5丁目,11番,軽四輪車(小さい車)で収集している地域,,,,,,月木,,,,,,,,,,,,,,,火,,,,,,,,,,,,,,,,金,,,,,,,,,,,,,,,,,,,金,,,,,,,,,,
平野区,平野本町,5丁目,11番,上記以外,,,,,,月木,,,,,,,,,,,,,,,,,,,,,,,,,,,火,,,,,,,,,,,,,,,,金,,,,,,,金,,,,,,,,,,
平野区,平野本町,5丁目,12番,軽四輪車(小さい車)で収集している地域,,,,,,,,,,月木,,,,,,,,,,,,,,,,,,,,,火,,,,,,,,,,,,,,,,金,,,,,,,,,金,,,,,,,,,,
平野区,平野本町,5丁目,12番,上記以外,,,,,,月木,,,,,,,,,,,,,,,,,,,,,,,,,,,火,,,,,,,,,,,,,,,,金,,,,,金,,,,,,,,,,,,
平野区,平野本町,5丁目,13番,軽四輪車(小さい車)で収集している地域,,,,,,,,月木,,,,,,,,,,,,,,,,,,,,,,,,火,,,,,,,,,,,,,,,,金,,,,,,,,金,,,,,,,,,,
平野区,平野本町,5丁目,13番,上記以外,,,,,,月木,,,,,,,,,,,,,,,,,,,,,,,,,,,火,,,,,,,,,,,,,,,,金,,,,,金,,,,,,,,,,,,
平野区,平野本町,5丁目,14番,,,,,,,月木,,,,,,,,,,,,,,,,,,,,,,,,,,火,,,,,,,,,,,,,,,,金,,,,,,金,,,,,,,,,,,,
平野区,平野南,1丁目,1番,,,,,,,火金,,,,,,,,,,,,,,,,,水,,,,,,,,,,,,,,,,土,,,,,,,,,,,,,,,,,,,,,,,,,,水,
平野区,平野南,1丁目,2番,,,,,,,,火金,,,,,,,,,,,,,,,,水,,,,,,,,,,,,,,,,土,,,,,,,,,,,,,,,,,,,,,,,,,,水,
平野区,平野南,1丁目,3番,,,,,,,,火金,,,,,,,,,,,,,,,,水,,,,,,,,,,,,,,,,土,,,,,,,,,,,,,,,,,,,,,,,,,,水,
平野区,平野南,1丁目,4番,,,,,,,火金,,,,,,,,,,,,,,,,,水,,,,,,,,,,,,,,,,土,,,,,,,,,,,,,,,,,,,,,,,,,,水,
平野区,平野南,1丁目,5番,,,,,,,火金,,,,,,,,,,,,,,,,,水,,,,,,,,,,,,,,,,土,,,,,,,,,,,,,,,,,,,,,,,,,,水,
平野区,平野南,1丁目,6番,,,,,,,,火金,,,,,,,,,,,,,,,,水,,,,,,,,,,,,,,,,土,,,,,,,,,,,,,,,,,,,,,,,,,,水,
平野区,平野南,1丁目,7番,,,,,,,火金,,,,,,,,,,,,,,,,,水,,,,,,,,,,,,,,,,土,,,,,,,,,,,,,,,,,,,,,,,,,,水,
平野区,平野南,1丁目,8番,,,,,,,,火金,,,,,,,,,,,,,,,,水,,,,,,,,,,,,,,,,土,,,,,,,,,,,,,,,,,,,,,,,,,,水,
平野区,平野南,1丁目,9番,,,,,,,,火金,,,,,,,,,,,,,,,,水,,,,,,,,,,,,,,,,土,,,,,,,,,,,,,,,,,,,,,,,,,,水,
平野区,平野南,1丁目,10番,,,,,,,火金,,,,,,,,,,,,,,,,,水,,,,,,,,,,,,,,,,土,,,,,,,,,,,,,,,,,,,,,,,,,,水,
平野区,平野南,1丁目,11番,,,,,,,,火金,,,,,,,,,,,,,,,,水,,,,,,,,,,,,,,,,土,,,,,,,,,,,,,,,,,,,,,,,,,,水,
平野区,平野南,1丁目,12番,,,,,,,火金,,,,,,,,,,,,,,,,,水,,,,,,,,,,,,,,,,土,,,,,,,,,,,,,,,,,,,,,,,,,,水,
平野区,平野南,2丁目,1番,,,,,,,火金,,,,,,,,,,,,,,,,水,,,,,,,,,,,,,,,,土,,,,,,,,,,,,,,,,,,,,,,,,,,,水,
平野区,平野南,2丁目,2番,,,,,,,火金,,,,,,,,,,,,,,,,水,,,,,,,,,,,,,,,,土,,,,,,,,,,,,,,,,,,,,,,,,,,,水,
平野区,平野南,2丁目,3番,,,,,,,,火金,,,,,,,,,,,,,,,水,,,,,,,,,,,,,,,,土,,,,,,,,,,,,,,,,,,,,,,,,,,,,水
平野区,平野南,2丁目,4番,,,,,,,火金,,,,,,,,,,,,,,,,水,,,,,,,,,,,,,,,,土,,,,,,,,,,,,,,,,,,,,,,,,,,,水,
平野区,平野南,2丁目,5番,,,,,,,火金,,,,,,,,,,,,,,,,水,,,,,,,,,,,,,,,,土,,,,,,,,,,,,,,,,,,,,,,,,,,,水,
平野区,平野南,2丁目,6番,,,,,,,,火金,,,,,,,,,,,,,,,水,,,,,,,,,,,,,,,,土,,,,,,,,,,,,,,,,,,,,,,,,,,,水,
平野区,平野南,2丁目,7番,,,,,,,,火金,,,,,,,,,,,,,,,水,,,,,,,,,,,,,,,,土,,,,,,,,,,,,,,,,,,,,,,,,,,,水,
平野区,平野南,2丁目,8番,,,,,,,,火金,,,,,,,,,,,,,,,水,,,,,,,,,,,,,,,,土,,,,,,,,,,,,,,,,,,,,,,,,,水,,,
平野区,平野南,2丁目,9番,,,,,,,,火金,,,,,,,,,,,,,,,水,,,,,,,,,,,,,,,,土,,,,,,,,,,,,,,,,,,,,,,,,,水,,,
平野区,平野南,3丁目,1番,,,,,,,,火金,,,,,,,,,,,,,,,,,水,,,,,,,,,,,,,,,,土,,,,,,,,,,,,,,,,,,,,,,,,,水,
平野区,平野南,3丁目,2番,,,,,,,火金,,,,,,,,,,,,,,,,,,水,,,,,,,,,,,,,,,,土,,,,,,,,,,,,,,,,,,,,,,,,,水,
平野区,平野南,3丁目,3番,軽四輪車(小さい車)で収集している地域,,,,,,,火金,,,,,,,,,,,,,,,,,水,,,,,,,,,,,,,,,,土,,,,,,,,,,,,,,,,,,,,,,,,,水,
平野区,平野南,3丁目,3番,上記以外,,,,,,,火金,,,,,,,,,,,,,,,,,水,,,,,,,,,,,,,,,,土,,,,,,,,,,,,,,,,,,,,,,,,,水,
平野区,平野南,3丁目,4番,軽四輪車(小さい車)で収集している地域,,,,,,,火金,,,,,,,,,,,,,,,,,水,,,,,,,,,,,,,,,,土,,,,,,,,,,,,,,,,,,,,,,,,,水,
平野区,平野南,3丁目,4番,上記以外,,,,,,,火金,,,,,,,,,,,,,,,,,水,,,,,,,,,,,,,,,,土,,,,,,,,,,,,,,,,,,,,,,,,,水,
平野区,平野南,3丁目,6番,軽四輪車(小さい車)で収集している地域,,,,,,,火金,,,,,,,,,,,,,,,,,水,,,,,,,,,,,,,,,,土,,,,,,,,,,,,,,,,,,,,,,,水,,,
平野区,平野南,3丁目,6番,上記以外,,,,,,火金,,,,,,,,,,,,,,,,,,水,,,,,,,,,,,,,,,,土,,,,,,,,,,,,,,,,,,,,,,,水,,,
平野区,平野南,3丁目,7番,軽四輪車(小さい車)で収集している地域,,,,,,,火金,,,,,,,,,,,,,,,,,水,,,,,,,,,,,,,,,,土,,,,,,,,,,,,,,,,,,,,,,,水,,,
平野区,平野南,3丁目,7番,上記以外,,,,,,,火金,,,,,,,,,,,,,,,,,水,,,,,,,,,,,,,,,,土,,,,,,,,,,,,,,,,,,,,,,,水,,,
平野区,平野南,3丁目,8番,,,,,,,,火金,,,,,,,,,,,,,,,,,水,,,,,,,,,,,,,,,,土,,,,,,,,,,,,,,,,,,,,,,,水,,,
平野区,平野南,3丁目,9番,,,,,,,,,,月木,,,,,,,,,,,,,,,水,,,,,,,,,,,,,,,,土,,,,,,,,,,,,,,,,,,,,,,,水,,,
平野区,平野南,3丁目,10番,,,,,,,,,月木,,,,,,,,,,,,,,,,水,,,,,,,,,,,,,,,,土,,,,,,,,,,,,,,,,,,,,,,,水,,,
平野区,平野南,3丁目,11番,,,,,,,,月木,,,,,,,,,,,,,,,,,水,,,,,,,,,,,,,,,,土,,,,,,,,,,,,,,,,,,,,,,,水,,,
平野区,平野南,4丁目,1番,,,,,,,火金,,,,,,,,,,,,,,,,,,水,,,,,,,,,,,,,,,,土,,,,,,,,,,,,,,,,,,,,,,,水,,,
平野区,平野南,4丁目,2番,,,,,,,火金,,,,,,,,,,,,,,,,,,水,,,,,,,,,,,,,,,,土,,,,,,,,,,,,,,,,,,,,,,,水,,,
平野区,平野南,4丁目,3番,,,,,,,火金,,,,,,,,,,,,,,,,,,水,,,,,,,,,,,,,,,,土,,,,,,,,,,,,,,,,,,,,,,,水,,,
平野区,平野南,4丁目,4番,,,,,,,火金,,,,,,,,,,,,,,,,,,水,,,,,,,,,,,,,,,,土,,,,,,,,,,,,,,,,,,,,,,,水,,,
平野区,平野南,4丁目,6番,,,,,,,,火金,,,,,,,,,,,,,,,,,水,,,,,,,,,,,,,,,,土,,,,,,,,,,,,,,,,,,,,,,,,,,水
平野区,平野宮町,1丁目,1番,軽四輪車(小さい車)で収集している地域,,,,,,月木,,,,,,,,,,,,,,,,,,火,,,,,,,,,,,,,,,,金,,,,,,,,,,,,,,,,,,,,,,,,,,
平野区,平野宮町,1丁目,1番,上記以外,,,,,,月木,,,,,,,,,,,,,,,,,,,,,,,,,,,火,,,,,,,,,,,,,,,,金,,,,,,,,,,,,,,,,,
平野区,平野宮町,1丁目,2番,,,,,,,月木,,,,,,,,,,,,,,,,,,火,,,,,,,,,,,,,,,,金,,,,,,,,,,,,,,,,,,,,,,,,,,
平野区,平野宮町,1丁目,3番,軽四輪車(小さい車)で収集している地域,,,,,,,月木,,,,,,,,,,,,,,,,,火,,,,,,,,,,,,,,,,金,,,,,,,,,,,,,,,,,,,,,,,,,,
平野区,平野宮町,1丁目,3番,上記以外,,,,,,,月木,,,,,,,,,,,,,,,,,,,,,,,,,,火,,,,,,,,,,,,,,,,金,,,,,,,,,,,,,,,,,
平野区,平野宮町,1丁目,4番,軽四輪車(小さい車)で収集している地域,,,,,,,月木,,,,,,,,,,,,,,,,,火,,,,,,,,,,,,,,,,金,,,,,,,,,,,,,,,,,,,,,,,,,,
平野区,平野宮町,1丁目,4番,上記以外,,,,,,,月木,,,,,,,,,,,,,,,,,,,,,,,,,,火,,,,,,,,,,,,,,,,金,,,,,,,,,,,,,,,,,
平野区,平野宮町,1丁目,5番,,,,,,,,月木,,,,,,,,,,,,,,,,,火,,,,,,,,,,,,,,,,金,,,,,,,,,,,,,,,,,,,,,,,,,,
平野区,平野宮町,1丁目,6番,,,,,,,,月木,,,,,,,,,,,,,,,,,,,,,,,,,,,,,,,,,,,,,,,,,,,,,,,,,,,,,,,,,,,
平野区,平野宮町,1丁目,7番,,,,,,,月木,,,,,,,,,,,,,,,,,,,,,,,,,,,,,,,,,,,,,,,,,,,,,,,,,,,,,,,,,,,,
平野区,平野宮町,1丁目,8番,,,,,,,,月木,,,,,,,,,,,,,,,,,,,,,,,,,,,,,,,,,,,,,,,,,,,,,,,,,,,,,,,,,,,
平野区,平野宮町,2丁目,1番,,,,,,,,,月木,,,,,,,,,,,,,,,,火,,,,,,,,,,,,,,,,金,,,,,,,,,,,,,,,,,,,,,,,,,,
平野区,平野宮町,2丁目,2番,軽四輪車(小さい車)で収集している地域,,,,,,月木,,,,,,,,,,,,,,,,,,火,,,,,,,,,,,,,,,,金,,,,,,,,,,,,,,,,,,,,,,,,,,
平野区,平野宮町,2丁目,2番,上記以外,,,,,,月木,,,,,,,,,,,,,,,,,,,,,,,,,,,火,,,,,,,,,,,,,,,,金,,,,,,,,,,,,,,,,,
平野区,平野宮町,2丁目,3番,軽四輪車(小さい車)で収集している地域,,,,,,月木,,,,,,,,,,,,,,,,,,火,,,,,,,,,,,,,,,,金,,,,,,,,,,,,,,,,,,,,,,,,,,
平野区,平野宮町,2丁目,3番,上記以外,,,,,,月木,,,,,,,,,,,,,,,,,,,,,,,,,,,火,,,,,,,,,,,,,,,,金,,,,,,,,,,,,,,,,,
平野区,平野宮町,2丁目,4番,軽四輪車(小さい車)で収集している地域,,,,,,,月木,,,,,,,,,,,,,,,,,火,,,,,,,,,,,,,,,,,金,,,,,,,,,,,,,,,,,,,,,,,,,
平野区,平野宮町,2丁目,4番,上記以外,,,,,,,月木,,,,,,,,,,,,,,,,,,,,,,,,,,火,,,,,,,,,,,,,,,,金,,,,,,,,,,,,,,,,,
平野区,平野宮町,2丁目,5番,,,,,,,,月木,,,,,,,,,,,,火,,,,,,,,,,,,,,,,金,,,,,,,,,,,,,,,,,,,,,,,,,,,,,,,
平野区,平野宮町,2丁目,6番,,,,,,,,月木,,,,,,,,,,,,,,,,,,,,,,,,,,火,,,,,,,,,,,,,,,,金,,,,,,,,,,,,,,,,,
平野区,平野宮町,2丁目,7番,,,,,,,,月木,,,,,,,,,,,,,,,,,,,,,,,,,,火,,,,,,,,,,,,,,,,金,,,,,,,,,,,,,,,,,
平野区,平野宮町,2丁目,8番,,,,,,,,月木,,,,,,,,,,,,,,,,,,,,,,,,,,火,,,,,,,,,,,,,,,,金,,,,,,,,,,,,,,,,,
平野区,平野宮町,2丁目,9番,,,,,,,,月木,,,,,,,,,,,,,,,,,,,,,,,,,,火,,,,,,,,,,,,,,,,金,,,,,,,,,,,,,,,,,
平野区,平野元町,1番,,,,,,,,月木,,,,,,,,,,,,,,,,,,,,,,,,,,,火,,,,,,,,,,,,,,,,金,,,,,,,,,,,,,,,,,
平野区,平野元町,2番,,,,,,,,,月木,,,,,,,,,,,,,,,,,,,,,,,,,,火,,,,,,,,,,,,,,,,金,,,,,,,,,,,,,,,,,
平野区,平野元町,3番,,,,,,,,,月木,,,,,,,,,,,,,,,,,,,,,,,,,,火,,,,,,,,,,,,,,,,金,,,,,,,,,,,,,,,,,
平野区,平野元町,4番,,,,,,,,月木,,,,,,,,,,,,,,,,,,,,,,,,,,,,,,,,,,,,,,,,,,,,,,,,,,,,,,,,,,,,
平野区,平野元町,5番,,,,,,,,月木,,,,,,,,,,,,,,,,,,,,,,,,,,,火,,,,,,,,,,,,,,,,金,,,,,,,,,,,,,,,,,
平野区,平野元町,6番,,,,,,,,月木,,,,,,,,,,,,,,,,,,,,,,,,,,,火,,,,,,,,,,,,,,,,金,,,,,,,,,,,,,,,,,
平野区,平野元町,7番,,,,,,,,月木,,,,,,,,,,,,,,,,,,,,,,,,,,,火,,,,,,,,,,,,,,,,金,,,,,,,,,,,,,,,,,
平野区,平野元町,8番,,,,,,,,月木,,,,,,,,,,,,,,,,,,,,,,,,,,,火,,,,,,,,,,,,,,,,金,,,,,,,,,,,,,,,,,
平野区,平野元町,9番,,,,,,,,,月木,,,,,,,,,,,,,,,,,,,,,,,,,,火,,,,,,,,,,,,,,,,金,,,,,,,,,,,,,,,,,
平野区,平野元町,10番,,,,,,,,月木,,,,,,,,,,,,,,,,,,,,,,,,,,,火,,,,,,,,,,,,,,,,金,,,,,,,,,,,,,,,,,
