地区名1,地区名2,地区名3,地区名4,地区名5,備考,雑ごみ,普通ごみ_収集時間要問合せ,普通ごみ_午前,普通ごみ_午後,普通ごみ_8:30~10:30,普通ごみ_9:00~11:00,普通ごみ_9:30~11:30,普通ごみ_10:00~12:00,普通ごみ_10:30~12:30,普通ごみ_11:00~13:00,普通ごみ_11:30~13:30,普通ごみ_12:00~14:00,普通ごみ_12:30~14:30,普通ごみ_13:00~15:00,普通ごみ_13:30~15:30,普通ごみ_14:00~16:00,普通ごみ_14:30~16:30,資源ごみ_収集時間要問合せ,資源ごみ_午前,資源ごみ_午後,資源ごみ_8:30~10:30,資源ごみ_9:00~11:00,資源ごみ_9:30~11:30,資源ごみ_10:00~12:00,資源ごみ_10:30~12:30,資源ごみ_11:00~13:00,資源ごみ_11:30~13:30,資源ごみ_12:00~14:00,資源ごみ_12:30~14:30,資源ごみ_13:00~15:00,資源ごみ_13:30~15:30,資源ごみ_14:00~16:00,資源ごみ_14:30~16:30,プラスチック資源_収集時間要問合せ,プラスチック資源_午前,プラスチック資源_午後,プラスチック資源_8:30~10:30,プラスチック資源_9:00~11:00,プラスチック資源_9:30~11:30,プラスチック資源_10:00~12:00,プラスチック資源_10:30~12:30,プラスチック資源_11:00~13:00,プラスチック資源_11:30~13:30,プラスチック資源_12:00~14:00,プラスチック資源_12:30~14:30,プラスチック資源_13:00~15:00,プラスチック資源_13:30~15:30,プラスチック資源_14:00~16:00,プラスチック資源_14:30~16:30,古紙衣類_収集時間要問合せ,古紙衣類_午前,古紙衣類_午後,古紙衣類_8:30~10:30,古紙衣類_9:00~11:00,古紙衣類_9:30~11:30,古紙衣類_10:00~12:00,古紙衣類_10:30~12:30,古紙衣類_11:00~13:00,古紙衣類_11:30~13:30,古紙衣類_12:00~14:00,古紙衣類_12:30~14:30,古紙衣類_13:00~15:00,古紙衣類_13:30~15:30,古紙衣類_14:00~16:00,古紙衣類_14:30~16:30
生野区,生野西,1丁目,1番,,,,,,,,,火金,,,,,,,,,,,,,,,,,,,,,,土,,,,,,,,,,,,,,,,水,,,,,,,,,,,,,,,,,,,,
生野区,生野西,1丁目,2番,軽四輪車(小さい車)で収集している地域,,,,,,,火金,,,,,,,,,,,,,,,,,木,,,,,,,,,,,,,,,,月,,,,,,,,,,,,,,,,,,,,,,,,,,
生野区,生野西,1丁目,2番,上記以外,,,,,,,火金,,,,,,,,,,,,,,,土,,,,,,,,,,,,,,,,水,,,,,,,,,,,,,,,,,,,,,,,,,,,,
生野区,生野西,1丁目,3番,軽四輪車(小さい車)で収集している地域,,,,,,,,火金,,,,,,,,,,,,,,,,木,,,,,,,,,,,,,,,,月,,,,,,,,,,,,,,,,,,,,,,,,,,
生野区,生野西,1丁目,3番,15号,,,,,,,,火金,,,,,,,,,,,,,,,,土,,,,,,,,,,,,,,,,水,,,,,,,,,,,,,,,,,,,,,,,,,,
生野区,生野西,1丁目,3番,上記以外,,,,,,,,火金,,,,,,,,,,,,,,,,土,,,,,,,,,,,,,,,,水,,,,,,,,,,,,,,,,,,,,,,,,,,
生野区,生野西,1丁目,4番,軽四輪車(小さい車)で収集している地域,,,,,,,,火金,,,,,,,,,,,,,,,,木,,,,,,,,,,,,,,,,月,,,,,,,,,,,,,,,,,,,,,,,,,,
生野区,生野西,1丁目,4番,上記以外,,,,,,,,火金,,,,,,,,,,,,,,,,土,,,,,,,,,,,,,,,,水,,,,,,,,,,,,,,,,,,,,,,,,,,
生野区,生野西,1丁目,5番,軽四輪車(小さい車)で収集している地域,,,,,,,火金,,,,,,,,,,,,,,,,,木,,,,,,,,,,,,,,,,月,,,,,,,,,,,,,,,,,,,,,,,,,,
生野区,生野西,1丁目,5番,上記以外,,,,,,火金,,,,,,,,,,,,,,,,,,土,,,,,,,,,,,,,,,,水,,,,,,,,,,,,,,,,,,,,,,,,,,
生野区,生野西,1丁目,6番,軽四輪車(小さい車)で収集している地域,,,,,,,,火金,,,,,,,,,,,,,,,,,,,,,,,,木,,,,,,,,,,,,,,,,月,,,,,,,,,,,,,,,,,,
生野区,生野西,1丁目,6番,上記以外,,,,,,,,火金,,,,,,,,,,,,,,,,,,,,,,土,,,,,,,,,,,,,,,,水,,,,,,,,,,,,,,,,,,,,
生野区,生野西,1丁目,7番,軽四輪車(小さい車)で収集している地域,,,,,,,火金,,,,,,,,,,,,,,,,,,,,,,,,,木,,,,,,,,,,,,,,,,月,,,,,,,,,,,,,,,,,,
生野区,生野西,1丁目,7番,上記以外,,,,,,,火金,,,,,,,,,,,,,,,,,土,,,,,,,,,,,,,,,,水,,,,,,,,,,,,,,,,,,,,,,,,,,
生野区,生野西,1丁目,8番,,,,,,,火金,,,,,,,,,,,,,,,,,,土,,,,,,,,,,,,,,,,水,,,,,,,,,,,,,,,,,,,,,,,,,,
生野区,生野西,1丁目,9番,,,,,,,,火金,,,,,,,,,,,,,,,,,土,,,,,,,,,,,,,,,,,,,,,,水,,,,,,,,,,,,,,,,,,,,
生野区,生野西,1丁目,10番,,,,,,,,,火金,,,,,,,,,,,,,,土,,,,,,,,,,,,,,,,,,水,,,,,,,,,,,,,,,,,,,,,,,,,,
生野区,生野西,1丁目,11番,,,,,,,火金,,,,,,,,,,,,,,,,土,,,,,,,,,,,,,,,,,,水,,,,,,,,,,,,,,,,,,,,,,,,,,
生野区,生野西,1丁目,12番,,,,,,,火金,,,,,,,,,,,,,,,,土,,,,,,,,,,,,,,,,,,水,,,,,,,,,,,,,,,,,,,,,,,,,,
生野区,生野西,1丁目,13番,,,,,,,火金,,,,,,,,,,,,,,,,土,,,,,,,,,,,,,,,,水,,,,,,,,,,,,,,,,,,,,,,,,,,,,
生野区,生野西,1丁目,14番,,,,,,,火金,,,,,,,,,,,,,,,,土,,,,,,,,,,,,,,,,水,,,,,,,,,,,,,,,,,,,,,,,,,,,,
生野区,生野西,1丁目,15番,,,,,,,火金,,,,,,,,,,,,,,,,土,,,,,,,,,,,,,,,,水,,,,,,,,,,,,,,,,,,,,,,,,,,,,
生野区,生野西,1丁目,16番,,,,,,,火金,,,,,,,,,,,,,,,,土,,,,,,,,,,,,,,,,水,,,,,,,,,,,,,,,,,,,,,,,,,,,,
生野区,生野西,1丁目,17番,,,,,,,火金,,,,,,,,,,,,,,,,土,,,,,,,,,,,,,,,,水,,,,,,,,,,,,,,,,,,,,,,,,,,,,
生野区,生野西,1丁目,18番,,,,,,,火金,,,,,,,,,,,,,,,,,,土,,,,,,,,,,,,,,,,水,,,,,,,,,,,,,,,,,,,,,,,,,,
生野区,生野西,2丁目,1番,,,,,,,火金,,,,,,,,,,,,,,,,土,,,,,,,,,,,,,,,,水,,,,,,,,,,,,,,,,,,,,,,,,,,,,
生野区,生野西,2丁目,2番,,,,,,,火金,,,,,,,,,,,,,,,,土,,,,,,,,,,,,,,,,水,,,,,,,,,,,,,,,,,,,,,,,,,,,,
生野区,生野西,2丁目,3番,,,,,,,,,火金,,,,,,,,,,,,,,土,,,,,,,,,,,,,,,,水,,,,,,,,,,,,,,,,,,,,,,,,,,,,
生野区,生野西,2丁目,4番,,,,,,,,火金,,,,,,,,,,,,,,,土,,,,,,,,,,,,,,,,水,,,,,,,,,,,,,,,,,,,,,,,,,,,,
生野区,生野西,2丁目,5番,,,,,,,,,火金,,,,,,,,,,,,,,土,,,,,,,,,,,,,,,,水,,,,,,,,,,,,,,,,,,,,,,,,,,,,
生野区,生野西,2丁目,6番,,,,,,,,,火金,,,,,,,,,,,,,,土,,,,,,,,,,,,,,,,水,,,,,,,,,,,,,,,,,,,,,,,,,,,,
生野区,生野西,2丁目,7番,,,,,,,,,火金,,,,,,,,,,,,,,土,,,,,,,,,,,,,,,,水,,,,,,,,,,,,,,,,,,,,,,,,,,,,
生野区,生野西,3丁目,1番,,,,,,,火金,,,,,,,,,,,,,,,,,,土,,,,,,,,,,,,,,,,水,,,,,,,,,,,,,,,,,,,,,,,,,,
生野区,生野西,3丁目,2番,,,,,,,火金,,,,,,,,,,,,,,,,,,土,,,,,,,,,,,,,,,,水,,,,,,,,,,,,,,,,,,,,,,,,,,
生野区,生野西,3丁目,3番,,,,,,,火金,,,,,,,,,,,,,,,,,,土,,,,,,,,,,,,,,,,水,,,,,,,,,,,,,,,,,,,,,,,,,,
生野区,生野西,3丁目,4番,,,,,,,火金,,,,,,,,,,,,,,,,,,土,,,,,,,,,,,,,,,,水,,,,,,,,,,,,,,,,,,,,,,,,,,
生野区,生野西,3丁目,5番,,,,,,,火金,,,,,,,,,,,,,,,,,,土,,,,,,,,,,,,,,,,水,,,,,,,,,,,,,,,,,,,,,,,,,,
生野区,生野西,3丁目,6番,,,,,,,火金,,,,,,,,,,,,,,,,土,,,,,,,,,,,,,,,,水,,,,,,,,,,,,,,,,,,,,,,,,,,,,
生野区,生野西,3丁目,7番,,,,,,,火金,,,,,,,,,,,,,,,,土,,,,,,,,,,,,,,,,水,,,,,,,,,,,,,,,,,,,,,,,,,,,,
生野区,生野西,3丁目,8番,,,,,,,火金,,,,,,,,,,,,,,,,土,,,,,,,,,,,,,,,,水,,,,,,,,,,,,,,,,,,,,,,,,,,,,
生野区,生野西,3丁目,9番,,,,,,,,火金,,,,,,,,,,,,,,,土,,,,,,,,,,,,,,,,水,,,,,,,,,,,,,,,,,,,,,,,,,,,,
生野区,生野西,3丁目,10番,,,,,,,,火金,,,,,,,,,,,,,,,土,,,,,,,,,,,,,,,,水,,,,,,,,,,,,,,,,,,,,,,,,,,,,
生野区,生野西,3丁目,11番,,,,,,,,火金,,,,,,,,,,,,,,,土,,,,,,,,,,,,,,,,水,,,,,,,,,,,,,,,,,,,,,,,,,,,,
生野区,生野西,3丁目,12番,,,,,,,,火金,,,,,,,,,,,,,,,土,,,,,,,,,,,,,,,,水,,,,,,,,,,,,,,,,,,,,,,,,,,,,
生野区,生野西,3丁目,13番,,,,,,,,火金,,,,,,,,,,,,,,,土,,,,,,,,,,,,,,,,水,,,,,,,,,,,,,,,,,,,,,,,,,,,,
生野区,生野西,3丁目,14番,,,,,,,,火金,,,,,,,,,,,,,,,土,,,,,,,,,,,,,,,,水,,,,,,,,,,,,,,,,,,,,,,,,,,,,
生野区,生野西,4丁目,1番,,,,,,,,火金,,,,,,,,,,,,,,,,,土,,,,,,,,,,,,,,,,水,,,,,,,,,,,,,,,,,,,,,,,,,,
生野区,生野西,4丁目,2番,,,,,,,,火金,,,,,,,,,,,,,,,,,土,,,,,,,,,,,,,,,,水,,,,,,,,,,,,,,,,,,,,,,,,,,
生野区,生野西,4丁目,3番,,,,,,,,,,火金,,,,,,,,,,,,,,,土,,,,,,,,,,,,,,,,水,,,,,,,,,,,,,,,,,,,,,,,,,,
生野区,生野西,4丁目,4番,,,,,,,,火金,,,,,,,,,,,,,,,,,土,,,,,,,,,,,,,,,,水,,,,,,,,,,,,,,,,,,,,,,,,,,
生野区,生野西,4丁目,5番,北側1~3号･西側15~20号,,,,,,,,,火金,,,,,,,,,,,,,,,土,,,,,,,,,,,,,,,,水,,,,,,,,,,,,,,,,,,,,,,,,,,
生野区,生野西,4丁目,5番,東側3~12号,,,,,,,,,火金,,,,,,,,,,,,,土,,,,,,,,,,,,,,,,水,,,,,,,,,,,,,,,,,,,,,,,,,,,,
生野区,生野西,4丁目,6番,,,,,,,,,,火金,,,,,,,,,,,,,土,,,,,,,,,,,,,,,,水,,,,,,,,,,,,,,,,,,,,,,,,,,,,
生野区,生野西,4丁目,7番,,,,,,,,,,,火金,,,,,,,,,,,,,,,,,,,,土,,,,,,,,,,,,,,,,水,,,,,,,,,,,,,,,,,,,,
生野区,生野西,4丁目,8番,,,,,,,,,,,火金,,,,,,,,,,,,,,土,,,,,,,,,,,,,,,,水,,,,,,,,,,,,,,,,,,,,,,,,,,
生野区,生野西,4丁目,9番,,,,,,,,,,,火金,,,,,,,,,,,,,,土,,,,,,,,,,,,,,,,水,,,,,,,,,,,,,,,,,,,,,,,,,,
生野区,生野西,4丁目,10番,,,,,,,,,,,火金,,,,,,,,,,,,,,土,,,,,,,,,,,,,,,,水,,,,,,,,,,,,,,,,,,,,,,,,,,
生野区,生野西,4丁目,11番,,,,,,,火金,,,,,,,,,,,,,,,,,,土,,,,,,,,,,,,,,,,水,,,,,,,,,,,,,,,,,,,,,,,,,,
生野区,生野西,4丁目,12番,,,,,,,火金,,,,,,,,,,,,,,,,,,,,,,,,,,土,,,,,,,,,,,,,,,,水,,,,,,,,,,,,,,,,,,
生野区,生野西,4丁目,13番,,,,,,,火金,,,,,,,,,,,,,,,,土,,,,,,,,,,,,,,,,水,,,,,,,,,,,,,,,,,,,,,,,,,,,,
生野区,生野西,4丁目,14番,,,,,,,,,火金,,,,,,,,,,,,,,土,,,,,,,,,,,,,,,,水,,,,,,,,,,,,,,,,,,,,,,,,,,,,
生野区,生野西,4丁目,15番,,,,,,,,火金,,,,,,,,,,,,,,,土,,,,,,,,,,,,,,,,水,,,,,,,,,,,,,,,,,,,,,,,,,,,,
生野区,生野西,4丁目,16番,,,,,,,,,,火金,,,,,,,,,,,,,土,,,,,,,,,,,,,,,,水,,,,,,,,,,,,,,,,,,,,,,,,,,,,
生野区,生野西,4丁目,17番,,,,,,,,,,,火金,,,,,,,,,,,,土,,,,,,,,,,,,,,,,水,,,,,,,,,,,,,,,,,,,,,,,,,,,,
生野区,生野西,4丁目,18番,,,,,,,火金,,,,,,,,,,,,,,,,土,,,,,,,,,,,,,,,,水,,,,,,,,,,,,,,,,,,,,,,,,,,,,
生野区,生野西,4丁目,19番,,,,,,,火金,,,,,,,,,,,,,,,,土,,,,,,,,,,,,,,,,水,,,,,,,,,,,,,,,,,,,,,,,,,,,,
生野区,生野西,4丁目,20番,,,,,,,火金,,,,,,,,,,,,,,,,,土,,,,,,,,,,,,,,,,水,,,,,,,,,,,,,,,,,,,,,,,,,,,
生野区,生野西,4丁目,21番,,,,,,,火金,,,,,,,,,,,,,,,,,,,,,,,,,,土,,,,,,,,,,,,,,,,水,,,,,,,,,,,,,,,,,,
生野区,生野西,4丁目,22番,,,,,,,火金,,,,,,,,,,,,,,,,,,,,,,,,,,土,,,,,,,,,,,,,,,,水,,,,,,,,,,,,,,,,,,
生野区,生野東,1丁目,1番,軽四輪車(小さい車)で収集している地域,,,,,,,,,,,,,,火金,,,,,,,,,,,,,,,,,,木,,,,,,,,,,,,,,,,月,,,,,,,,,,,,,,,,,,
生野区,生野東,1丁目,1番,上記以外,,,,,,火金,,,,,,,,,,,,,,,,,,,,,,,,土,,,,,,,,,,,,,,,,水,,,,,,,,,,,,,,,,,,,,
生野区,生野東,1丁目,2番,軽四輪車(小さい車)で収集している地域,,,,,,,,,,,,,,火金,,,,,,,,,,,,,,,,,,木,,,,,,,,,,,,,,,,月,,,,,,,,,,,,,,,,,,
生野区,生野東,1丁目,2番,上記以外,,,,,,火金,,,,,,,,,,,,,,,,,,,,,,,,,,土,,,,,,,,,,,,,,,,水,,,,,,,,,,,,,,,,,,
生野区,生野東,1丁目,3番,,,,,,,火金,,,,,,,,,,,,,,,,,,,,,,,,,,土,,,,,,,,,,,,,,,,水,,,,,,,,,,,,,,,,,,
生野区,生野東,1丁目,4番,,,,,,,,,火金,,,,,,,,,,,,,,,,,,,,,,,,土,,,,,,,,,,,,,,,,水,,,,,,,,,,,,,,,,,,
生野区,生野東,1丁目,5番,30~40号,,,,,,,,火金,,,,,,,,,,,,,,,,,,,,,,木,,,,,,,,,,,,,,,,月,,,,,,,,,,,,,,,,,,,,
生野区,生野東,1丁目,5番,上記以外,,,,,,,,火金,,,,,,,,,,,,,,,,,,,,,,,,土,,,,,,,,,,,,,,,,水,,,,,,,,,,,,,,,,,,
生野区,生野東,1丁目,6番,軽四輪車(小さい車)で収集している地域,,,,,,,,,,,,,,,火金,,,,,,,,,,,,,,,木,,,,,,,,,,,,,,,,月,,,,,,,,,,,,,,,,,,,,
生野区,生野東,1丁目,6番,上記以外,,,,,,火金,,,,,,,,,,,,,,,,,,,,,,,,,,土,,,,,,,,,,,,,,,,水,,,,,,,,,,,,,,,,,,
生野区,生野東,1丁目,7番,,,,,,,火金,,,,,,,,,,,,,,,,,,,,,,,,,,土,,,,,,,,,,,,,,,,水,,,,,,,,,,,,,,,,,,
生野区,生野東,1丁目,8番,,,,,,,,,,,,,,,火金,,,,,,,,,,,,,,,,,,木,,,,,,,,,,,,,,,,月,,,,,,,,,,,,,,,,,,
生野区,生野東,1丁目,9番,軽四輪車(小さい車)で収集している地域,,,,,,,,,,,,,,火金,,,,,,,,,,,,,,,,,,木,,,,,,,,,,,,,,,,月,,,,,,,,,,,,,,,,,,
生野区,生野東,1丁目,9番,上記以外,,,,,,,,,火金,,,,,,,,,,,,,,,,,,,,,,,土,,,,,,,,,,,,,,,,水,,,,,,,,,,,,,,,,,,
生野区,生野東,1丁目,10番,,,,,,,,,,,,,,,火金,,,,,,,,,,,,,,,,,,木,,,,,,,,,,,,,,,,月,,,,,,,,,,,,,,,,,,
生野区,生野東,1丁目,11番,,,,,,,,,,,,,,,火金,,,,,,,,,,,,,,,,,,土,,,,,,,,,,,,,,,,水,,,,,,,,,,,,,,,,,,
生野区,生野東,1丁目,12番,軽四輪車(小さい車)で収集している地域,,,,,,,,,,,,,,火金,,,,,,,,,,,,,,,,木,,,,,,,,,,,,,,,,月,,,,,,,,,,,,,,,,,,,,
生野区,生野東,1丁目,12番,上記以外,,,,,,,火金,,,,,,,,,,,,,,,,,,,,,,,,,土,,,,,,,,,,,,,,,,水,,,,,,,,,,,,,,,,,,
生野区,生野東,1丁目,13番,軽四輪車(小さい車)で収集している地域,,,,,,,,,,,,,,火金,,,,,,,,,,,,,,,,木,,,,,,,,,,,,,,,,月,,,,,,,,,,,,,,,,,,,,
生野区,生野東,1丁目,13番,上記以外,,,,,,火金,,,,,,,,,,,,,,,,,,,,,,,,,,土,,,,,,,,,,,,,,,,水,,,,,,,,,,,,,,,,,,
生野区,生野東,1丁目,14番,軽四輪車(小さい車)で収集している地域,,,,,,,,,,,,,,火金,,,,,,,,,,,,,,,,,,土,,,,,,,,,,,,,,,,水,,,,,,,,,,,,,,,,,,
生野区,生野東,1丁目,14番,上記以外,,,,,,,火金,,,,,,,,,,,,,,,,,,,,,,,,,土,,,,,,,,,,,,,,,,水,,,,,,,,,,,,,,,,,,
生野区,生野東,1丁目,15番,,,,,,,,,,,,,,,火金,,,,,,,,,,,,,,,,,,土,,,,,,,,,,,,,,,,水,,,,,,,,,,,,,,,,,,
生野区,生野東,1丁目,16番,軽四輪車(小さい車)で収集している地域,,,,,,,,,,,,,,火金,,,,,,,,,,,,,,,,木,,,,,,,,,,,,,,,,月,,,,,,,,,,,,,,,,,,,,
生野区,生野東,1丁目,16番,上記以外,,,,,,火金,,,,,,,,,,,,,,,,,,,,,,,,,,土,,,,,,,,,,,,,,,,水,,,,,,,,,,,,,,,,,,
生野区,生野東,1丁目,17番,軽四輪車(小さい車)で収集している地域,,,,,,,,,,,,,,火金,,,,,,,,,,,,,,,,木,,,,,,,,,,,,,,,,月,,,,,,,,,,,,,,,,,,,,
生野区,生野東,1丁目,17番,上記以外,,,,,,,,,火金,,,,,,,,,,,,,,,,,,,,,,,土,,,,,,,,,,,,,,,,水,,,,,,,,,,,,,,,,,,
生野区,生野東,2丁目,1番,軽四輪車(小さい車)で収集している地域,,,,,,,,,,火金,,,,,,,,,,,,,,,,,,,,木,,,,,,,,,,,,,,,,月,,,,,,,,,,,,,,,,,,,,
生野区,生野東,2丁目,1番,上記以外,,,,,,,火金,,,,,,,,,,,,,,,,,,,,,,,,,土,,,,,,,,,,,,,,,,水,,,,,,,,,,,,,,,,,,
生野区,生野東,2丁目,2番,軽四輪車(小さい車)で収集している地域,,,,,,火金,,,,,,,,,,,,,,,,木,,,,,,,,,,,,,,,,月,,,,,,,,,,,,,,,,,,,,,,,,,,,,
生野区,生野東,2丁目,2番,上記以外,,,,,,火金,,,,,,,,,,,,,,,,,,,,,,,,,,土,,,,,,,,,,,,,,,,水,,,,,,,,,,,,,,,,,,
生野区,生野東,2丁目,3番,,,,,,,,,,火金,,,,,,,,,,,,,木,,,,,,,,,,,,,,,,月,,,,,,,,,,,,,,,,,,,,,,,,,,,,
生野区,生野東,2丁目,4番,軽四輪車(小さい車)で収集している地域,,,,,,,,,,火金,,,,,,,,,,,,木,,,,,,,,,,,,,,,,月,,,,,,,,,,,,,,,,,,,,,,,,,,,,
生野区,生野東,2丁目,4番,上記以外,,,,,,,火金,,,,,,,,,,,,,,,土,,,,,,,,,,,,,,,,水,,,,,,,,,,,,,,,,,,,,,,,,,,,,
生野区,生野東,2丁目,5番,軽四輪車(小さい車)で収集している地域,,,,,,,,,,,,,,火金,,,,,,,,,,,,,,,,木,,,,,,,,,,,,,,,,月,,,,,,,,,,,,,,,,,,,,
生野区,生野東,2丁目,5番,上記以外,,,,,,火金,,,,,,,,,,,,,,,,,,,,,,,,,,土,,,,,,,,,,,,,,,,水,,,,,,,,,,,,,,,,,,
生野区,生野東,2丁目,6番,軽四輪車(小さい車)で収集している地域,,,,,,,,,火金,,,,,,,,,,,,,,,木,,,,,,,,,,,,,,,,月,,,,,,,,,,,,,,,,,,,,,,,,,,
生野区,生野東,2丁目,6番,上記以外,,,,,,,火金,,,,,,,,,,,,,,,,,,,,,,,土,,,,,,,,,,,,,,,,水,,,,,,,,,,,,,,,,,,,,
生野区,生野東,2丁目,7番,軽四輪車(小さい車)で収集している地域,,,,,,,,,,火金,,,,,,,,,,,,,,木,,,,,,,,,,,,,,,,月,,,,,,,,,,,,,,,,,,,,,,,,,,
生野区,生野東,2丁目,7番,上記以外,,,,,,火金,,,,,,,,,,,,,,,,土,,,,,,,,,,,,,,,,水,,,,,,,,,,,,,,,,,,,,,,,,,,,,
生野区,生野東,2丁目,8番,軽四輪車(小さい車)で収集している地域,,,,,,,,,,火金,,,,,,,,,,,,,,木,,,,,,,,,,,,,,,,月,,,,,,,,,,,,,,,,,,,,,,,,,,
生野区,生野東,2丁目,8番,上記以外,,,,,,火金,,,,,,,,,,,,,,,,土,,,,,,,,,,,,,,,,水,,,,,,,,,,,,,,,,,,,,,,,,,,,,
生野区,生野東,2丁目,9番,,,,,,,,,,,火金,,,,,,,,,,,,,,木,,,,,,,,,,,,,,,,月,,,,,,,,,,,,,,,,,,,,,,,,,,
生野区,生野東,2丁目,10番,,,,,,,,,,,火金,,,,,,,,,,,,,,,,,,,,,,土,,,,,,,,,,,,,,,,水,,,,,,,,,,,,,,,,,,
生野区,生野東,2丁目,11番,,,,,,,,,,,火金,,,,,,,,,,,,,,,,,,,,,,土,,,,,,,,,,,,,,,,水,,,,,,,,,,,,,,,,,,
生野区,生野東,2丁目,12番,,,,,,,,,,火金,,,,,,,,,,,,,,,,,,,,,,,土,,,,,,,,,,,,,,,,水,,,,,,,,,,,,,,,,,,
生野区,生野東,2丁目,13番,,,,,,,,,,火金,,,,,,,,,,,,,,,,,,,,,,,土,,,,,,,,,,,,,,,,水,,,,,,,,,,,,,,,,,,
生野区,生野東,2丁目,14番,,,,,,,火金,,,,,,,,,,,,,,,,,,,,,,,,,,土,,,,,,,,,,,,,,,,水,,,,,,,,,,,,,,,,,,
生野区,生野東,3丁目,1番,,,,,,,,火金,,,,,,,,,,,,,,,,,,,,,,,土,,,,,,,,,,,,,,,,水,,,,,,,,,,,,,,,,,,,,
生野区,生野東,3丁目,2番,軽四輪車(小さい車)で収集している地域,,,,,,,,,,,,,,火金,,,,,,,,,,,,,,,,木,,,,,,,,,,,,,,,,月,,,,,,,,,,,,,,,,,,,,
生野区,生野東,3丁目,2番,上記以外,,,,,,,,,火金,,,,,,,,,,,,,,,,,,,,,土,,,,,,,,,,,,,,,,水,,,,,,,,,,,,,,,,,,,,
生野区,生野東,3丁目,3番,軽四輪車(小さい車)で収集している地域,,,,,,,,,,,,,,火金,,,,,,,,,,,,,,,,木,,,,,,,,,,,,,,,,月,,,,,,,,,,,,,,,,,,,,
生野区,生野東,3丁目,3番,上記以外,,,,,,,,火金,,,,,,,,,,,,,,,,,,,,,,土,,,,,,,,,,,,,,,,水,,,,,,,,,,,,,,,,,,,,
生野区,生野東,3丁目,4番,,,,,,,,,,,火金,,,,,,,,,,,,,,,,,,,,土,,,,,,,,,,,,,,,,水,,,,,,,,,,,,,,,,,,,,
生野区,生野東,3丁目,5番,,,,,,,,,,,,,,,火金,,,,,,,,,木,,,,,,,,,,,,,,,,月,,,,,,,,,,,,,,,,,,,,,,,,,,,
生野区,生野東,3丁目,6番,軽四輪車(小さい車)で収集している地域,,,,,,,,,,,,,,,火金,,,,,,,,木,,,,,,,,,,,,,,,,月,,,,,,,,,,,,,,,,,,,,,,,,,,,
生野区,生野東,3丁目,6番,上記以外,,,,,,,,,火金,,,,,,,,,,,,,,,,,,,,,,,土,,,,,,,,,,,,,,,,水,,,,,,,,,,,,,,,,,,
生野区,生野東,3丁目,7番,軽四輪車(小さい車)で収集している地域,,,,,,,,,,,,,,火金,,,,,,,,,,,,,,,,,,土,,,,,,,,,,,,,,,,水,,,,,,,,,,,,,,,,,,
生野区,生野東,3丁目,7番,上記以外,,,,,,,,,火金,,,,,,,,,,,,,,,,,,,,,,,土,,,,,,,,,,,,,,,,水,,,,,,,,,,,,,,,,,,
生野区,生野東,3丁目,8番,軽四輪車(小さい車)で収集している地域,,,,,,,,,,,,,,火金,,,,,,,,,,,,,,,,,,土,,,,,,,,,,,,,,,,水,,,,,,,,,,,,,,,,,,
生野区,生野東,3丁目,8番,上記以外,,,,,,,,,火金,,,,,,,,,,,,,,,,,,,,,,,土,,,,,,,,,,,,,,,,水,,,,,,,,,,,,,,,,,,
生野区,生野東,3丁目,9番,軽四輪車(小さい車)で収集している地域,,,,,,,,,,,,,,火金,,,,,,,,,,,,,,,,,,土,,,,,,,,,,,,,,,,水,,,,,,,,,,,,,,,,,,
生野区,生野東,3丁目,9番,上記以外,,,,,,,,火金,,,,,,,,,,,,,,,,,,,,,,,,土,,,,,,,,,,,,,,,,水,,,,,,,,,,,,,,,,,,
生野区,生野東,3丁目,10番,軽四輪車(小さい車)で収集している地域,,,,,,,,,,,,,,,,,,火金,,,,土,,,,,,,,,,,,,,,,水,,,,,,,,,,,,,,,,,,,,,,,,,,,,
生野区,生野東,3丁目,10番,上記以外,,,,,,,火金,,,,,,,,,,,,,,,,,,,,,,,,,土,,,,,,,,,,,,,,,,水,,,,,,,,,,,,,,,,,,
生野区,生野東,3丁目,11番,,,,,,,,,,火金,,,,,,,,,,,,,,,,,,,,,,,土,,,,,,,,,,,,,,,,水,,,,,,,,,,,,,,,,,,
生野区,生野東,3丁目,12番,軽四輪車(小さい車)で収集している地域,,,,,,,,,,,,,,火金,,,,,,,,,,,,,,,,,,土,,,,,,,,,,,,,,,,水,,,,,,,,,,,,,,,,,,
生野区,生野東,3丁目,12番,上記以外,,,,,,,,,火金,,,,,,,,,,,,,,,,,,,,,,,土,,,,,,,,,,,,,,,,水,,,,,,,,,,,,,,,,,,
生野区,生野東,3丁目,13番,軽四輪車(小さい車)で収集している地域,,,,,,,,,,,,,,火金,,,,,,,,,,,,,,,,,,土,,,,,,,,,,,,,,,,水,,,,,,,,,,,,,,,,,,
生野区,生野東,3丁目,13番,上記以外,,,,,,火金,,,,,,,,,,,,,,,,,,,,,,,,,,土,,,,,,,,,,,,,,,,水,,,,,,,,,,,,,,,,,,
生野区,生野東,4丁目,1番,,,,,,,火金,,,,,,,,,,,,,,,,土,,,,,,,,,,,,,,,,水,,,,,,,,,,,,,,,,,,,,,,,,,,,,
生野区,生野東,4丁目,2番,軽四輪車(小さい車)で収集している地域,,,,,,,,,,,,,,火金,,,,,,,,,木,,,,,,,,,,,,,,,,月,,,,,,,,,,,,,,,,,,,,,,,,,,,
生野区,生野東,4丁目,2番,上記以外,,,,,,火金,,,,,,,,,,,,,,,,,,,,,,,,,,土,,,,,,,,,,,,,,,,水,,,,,,,,,,,,,,,,,,
生野区,生野東,4丁目,3番,軽四輪車(小さい車)で収集している地域,,,,,,,,,,,,,,火金,,,,,,,,,木,,,,,,,,,,,,,,,,月,,,,,,,,,,,,,,,,,,,,,,,,,,,
生野区,生野東,4丁目,3番,上記以外,,,,,,,,,火金,,,,,,,,,,,,,,,,,,,,,,,土,,,,,,,,,,,,,,,,水,,,,,,,,,,,,,,,,,,
生野区,生野東,4丁目,4番,,,,,,,,火金,,,,,,,,,,,,,,,,,,,,,,,,,土,,,,,,,,,,,,,,,,水,,,,,,,,,,,,,,,,,,
生野区,生野東,4丁目,5番,,,,,,,,,,火金,,,,,,,,,,,,,,,,,,,,,,,土,,,,,,,,,,,,,,,,水,,,,,,,,,,,,,,,,,,
生野区,生野東,4丁目,6番,,,,,,,,,,火金,,,,,,,,,,,,,土,,,,,,,,,,,,,,,,水,,,,,,,,,,,,,,,,,,,,,,,,,,,,
生野区,生野東,4丁目,7番,,,,,,,,,火金,,,,,,,,,,,,,,土,,,,,,,,,,,,,,,,水,,,,,,,,,,,,,,,,,,,,,,,,,,,,
生野区,生野東,4丁目,8番,,,,,,,火金,,,,,,,,,,,,,,,,土,,,,,,,,,,,,,,,,水,,,,,,,,,,,,,,,,,,,,,,,,,,,,
生野区,生野東,4丁目,9番,軽四輪車(小さい車)で収集している地域,,,,,,,,,,,,,,火金,,,,,,,,,木,,,,,,,,,,,,,,,,月,,,,,,,,,,,,,,,,,,,,,,,,,,,
生野区,生野東,4丁目,9番,上記以外,,,,,,,,火金,,,,,,,,,,,,,,土,,,,,,,,,,,,,,,,水,,,,,,,,,,,,,,,,,,,,,,,,,,,,
生野区,生野東,4丁目,10番,軽四輪車(小さい車)で収集している地域,,,,,,,,,,,,,,火金,,,,,,,,土,,,,,,,,,,,,,,,,水,,,,,,,,,,,,,,,,,,,,,,,,,,,,
生野区,生野東,4丁目,10番,上記以外,,,,,,,,,火金,,,,,,,,,,,,,,,,,,,,,,,土,,,,,,,,,,,,,,,,水,,,,,,,,,,,,,,,,,,
生野区,勝山北,1丁目,桃谷駅前商店街,,,,,,,月木,,,,,,,,,,,,,,,,土,,,,,,,,,,,,,,,,水,,,,,,,,,,,,,,,,,,,,,,,,,,,,
生野区,勝山北,1丁目,1番,軽四輪車(小さい車)で収集している地域,,,,,,,,,,,,,,,,,月木,,,,,,,,,,,,,,,金,,,,,,,,,,,,,,,,火,,,,,,,,,,,,,,,,,,
生野区,勝山北,1丁目,1番,上記以外,,,,,,,月木,,,,,,,,,,,,,,,土,,,,,,,,,,,,,,,,水,,,,,,,,,,,,,,,,,,,,,,,,,,,,
生野区,勝山北,1丁目,2番,軽四輪車(小さい車)で収集している地域,,,,,,,,,,,,,,,,,月木,,,,,,,,,,,,,,,金,,,,,,,,,,,,,,,,火,,,,,,,,,,,,,,,,,,
生野区,勝山北,1丁目,2番,上記以外,,,,,,月木,,,,,,,,,,,,,,,,土,,,,,,,,,,,,,,,,水,,,,,,,,,,,,,,,,,,,,,,,,,,,,
生野区,勝山北,1丁目,3番,軽四輪車(小さい車)で収集している地域,,,,,,,,,,,,,,,,,月木,,,,,,,,,,,,,,,金,,,,,,,,,,,,,,,,火,,,,,,,,,,,,,,,,,,
生野区,勝山北,1丁目,3番,上記以外,,,,,,,月木,,,,,,,,,,,,,,,土,,,,,,,,,,,,,,,,水,,,,,,,,,,,,,,,,,,,,,,,,,,,,
生野区,勝山北,1丁目,4番,軽四輪車(小さい車)で収集している地域,,,,,,,,,,,,,,,,,月木,,,,,,,,,,,,,,,金,,,,,,,,,,,,,,,,火,,,,,,,,,,,,,,,,,,
生野区,勝山北,1丁目,4番,上記以外,,,,,,,月木,,,,,,,,,,,,,,,土,,,,,,,,,,,,,,,,水,,,,,,,,,,,,,,,,,,,,,,,,,,,,
生野区,勝山北,1丁目,5番,15号シャーメゾンコスモ,,,,,,,,,,,,,,,月木,,,,,,,,,,,,,,,,,金,,,,,,,,,,,,,,,,火,,,,,,,,,,,,,,,,,,
生野区,勝山北,1丁目,5番,軽四輪車(小さい車)で収集している地域,,,,,,,,,,,,,,,,,月木,,,,,,,,,,,,,,,金,,,,,,,,,,,,,,,,火,,,,,,,,,,,,,,,,,,
生野区,勝山北,1丁目,5番,上記以外,,,,,,月木,,,,,,,,,,,,,,,,土,,,,,,,,,,,,,,,,水,,,,,,,,,,,,,,,,,,,,,,,,,,,,
生野区,勝山北,1丁目,6番,軽四輪車(小さい車)で収集している地域,,,,,,,,,,,,,,,,,月木,,,,,,,,,,,,,,,金,,,,,,,,,,,,,,,,火,,,,,,,,,,,,,,,,,,
生野区,勝山北,1丁目,6番,上記以外,,,,,,月木,,,,,,,,,,,,,,,,土,,,,,,,,,,,,,,,,水,,,,,,,,,,,,,,,,,,,,,,,,,,,,
生野区,勝山北,1丁目,7番,軽四輪車(小さい車)で収集している地域,,,,,,,,,,,,,,,,,,月木,,,,,,,,,,,,,,金,,,,,,,,,,,,,,,,火,,,,,,,,,,,,,,,,,,
生野区,勝山北,1丁目,7番,上記以外,,,,,,月木,,,,,,,,,,,,,,,,土,,,,,,,,,,,,,,,,水,,,,,,,,,,,,,,,,,,,,,,,,,,,,
生野区,勝山北,1丁目,8番,,,,,,,月木,,,,,,,,,,,,,,,,土,,,,,,,,,,,,,,,,水,,,,,,,,,,,,,,,,,,,,,,,,,,,,
生野区,勝山北,1丁目,9番,,,,,,,月木,,,,,,,,,,,,,,,,土,,,,,,,,,,,,,,,,水,,,,,,,,,,,,,,,,,,,,,,,,,,,,
生野区,勝山北,1丁目,10番,,,,,,,月木,,,,,,,,,,,,,,,,土,,,,,,,,,,,,,,,,水,,,,,,,,,,,,,,,,,,,,,,,,,,,,
生野区,勝山北,1丁目,11番,,,,,,,月木,,,,,,,,,,,,,,,,土,,,,,,,,,,,,,,,,水,,,,,,,,,,,,,,,,,,,,,,,,,,,,
生野区,勝山北,1丁目,12番,,,,,,,,月木,,,,,,,,,,,,,,,土,,,,,,,,,,,,,,,,水,,,,,,,,,,,,,,,,,,,,,,,,,,,,
生野区,勝山北,1丁目,13番,,,,,,,,月木,,,,,,,,,,,,,,,土,,,,,,,,,,,,,,,,水,,,,,,,,,,,,,,,,,,,,,,,,,,,,
生野区,勝山北,1丁目,14番,軽四輪車(小さい車)で収集している地域,,,,,,,,,,,,,,,,月木,,,,,,,,,,,,,,,,金,,,,,,,,,,,,,,,,火,,,,,,,,,,,,,,,,,,
生野区,勝山北,1丁目,14番,上記以外,,,,,,,月木,,,,,,,,,,,,,,,土,,,,,,,,,,,,,,,,水,,,,,,,,,,,,,,,,,,,,,,,,,,,,
生野区,勝山北,1丁目,15番,軽四輪車(小さい車)で収集している地域,,,,,,,,,,,,,,,,月木,,,,,,,,,,,,,,,,金,,,,,,,,,,,,,,,,火,,,,,,,,,,,,,,,,,,
生野区,勝山北,1丁目,15番,上記以外,,,,,,,月木,,,,,,,,,,,,,,,土,,,,,,,,,,,,,,,,水,,,,,,,,,,,,,,,,,,,,,,,,,,,,
生野区,勝山北,1丁目,16番,,,,,,,,,,,,,,,,,,月木,,,,,,,,,,,,,,,土,,,,,,,,,,,,,,,,水,,,,,,,,,,,,,,,,,,
生野区,勝山北,1丁目,17番,軽四輪車(小さい車)で収集している地域,,,,,,,,,,,,,,,,,月木,,,,,,,,,,,,,,,土,,,,,,,,,,,,,,,,水,,,,,,,,,,,,,,,,,,
生野区,勝山北,1丁目,17番,上記以外,,,,,,,月木,,,,,,,,,,,,,,,土,,,,,,,,,,,,,,,,水,,,,,,,,,,,,,,,,,,,,,,,,,,,,
生野区,勝山北,1丁目,18番,,,,,,,,月木,,,,,,,,,,,,,,,土,,,,,,,,,,,,,,,,水,,,,,,,,,,,,,,,,,,,,,,,,,,,,
生野区,勝山北,1丁目,19番,,,,,,,月木,,,,,,,,,,,,,,,,土,,,,,,,,,,,,,,,,水,,,,,,,,,,,,,,,,,,,,,,,,,,,,
生野区,勝山北,1丁目,20番,,,,,,,月木,,,,,,,,,,,,,,,,土,,,,,,,,,,,,,,,,水,,,,,,,,,,,,,,,,,,,,,,,,,,,,
生野区,勝山北,1丁目,21番,,,,,,,月木,,,,,,,,,,,,,,,,土,,,,,,,,,,,,,,,,水,,,,,,,,,,,,,,,,,,,,,,,,,,,,
生野区,勝山北,1丁目,22番,,,,,,,月木,,,,,,,,,,,,,,,,土,,,,,,,,,,,,,,,,水,,,,,,,,,,,,,,,,,,,,,,,,,,,,
生野区,勝山北,2丁目,桃谷駅前商店街,,,,,,,月木,,,,,,,,,,,,,,,,土,,,,,,,,,,,,,,,,水,,,,,,,,,,,,,,,,,,,,,,,,,,,,
生野区,勝山北,2丁目,1番,,,,,,,,,,,,,,,,,火金,,,,,,,木,,,,,,,,,,,,,,,,月,,,,,,,,,,,,,,,,,,,,,,,,,,,
生野区,勝山北,2丁目,2番,軽四輪車(小さい車)で収集している地域,,,,,,,,,,,,,,,,,火金,,,,,,木,,,,,,,,,,,,,,,,月,,,,,,,,,,,,,,,,,,,,,,,,,,,
生野区,勝山北,2丁目,2番,上記以外,,,,,,月木,,,,,,,,,,,,,,,,土,,,,,,,,,,,,,,,,水,,,,,,,,,,,,,,,,,,,,,,,,,,,,
生野区,勝山北,2丁目,3番,軽四輪車(小さい車)で収集している地域,,,,,,,,,,,,,,火金,,,,,,,,,木,,,,,,,,,,,,,,,,月,,,,,,,,,,,,,,,,,,,,,,,,,,,
生野区,勝山北,2丁目,3番,上記以外,,,,,,月木,,,,,,,,,,,,,,,,土,,,,,,,,,,,,,,,,水,,,,,,,,,,,,,,,,,,,,,,,,,,,,
生野区,勝山北,2丁目,4番,軽四輪車(小さい車)で収集している地域,,,,,,,,,,,,,,,,火金,,,,,,,木,,,,,,,,,,,,,,,,月,,,,,,,,,,,,,,,,,,,,,,,,,,,
生野区,勝山北,2丁目,4番,上記以外,,,,,,月木,,,,,,,,,,,,,,,,土,,,,,,,,,,,,,,,,水,,,,,,,,,,,,,,,,,,,,,,,,,,,,
生野区,勝山北,2丁目,5番,軽四輪車(小さい車)で収集している地域,,,,,,,,,,,,,,,,火金,,,,,,木,,,,,,,,,,,,,,,,,月,,,,,,,,,,,,,,,,,,,,,,,,,,,
生野区,勝山北,2丁目,5番,上記以外,,,,,,月木,,,,,,,,,,,,,,,,土,,,,,,,,,,,,,,,,水,,,,,,,,,,,,,,,,,,,,,,,,,,,,
生野区,勝山北,2丁目,6番,,,,,,,月木,,,,,,,,,,,,,,,,土,,,,,,,,,,,,,,,,水,,,,,,,,,,,,,,,,,,,,,,,,,,,,
生野区,勝山北,2丁目,7番,軽四輪車(小さい車)で収集している地域,,,,,,,,,,,,,,,,,火金,,,,,,木,,,,,,,,,,,,,,,,月,,,,,,,,,,,,,,,,,,,,,,,,,,,
生野区,勝山北,2丁目,7番,上記以外,,,,,,月木,,,,,,,,,,,,,,,,土,,,,,,,,,,,,,,,,水,,,,,,,,,,,,,,,,,,,,,,,,,,,,
生野区,勝山北,2丁目,8番,軽四輪車(小さい車)で収集している地域,,,,,,,,,,,,,,,,,火金,,,,,,木,,,,,,,,,,,,,,,,月,,,,,,,,,,,,,,,,,,,,,,,,,,,
生野区,勝山北,2丁目,8番,上記以外,,,,,,月木,,,,,,,,,,,,,,,,土,,,,,,,,,,,,,,,,水,,,,,,,,,,,,,,,,,,,,,,,,,,,,
生野区,勝山北,2丁目,9番,軽四輪車(小さい車)で収集している地域,,,,,,,,,,,,,,,,火金,,,,,,,木,,,,,,,,,,,,,,,,月,,,,,,,,,,,,,,,,,,,,,,,,,,,
生野区,勝山北,2丁目,9番,上記以外,,,,,,月木,,,,,,,,,,,,,,,,土,,,,,,,,,,,,,,,,水,,,,,,,,,,,,,,,,,,,,,,,,,,,,
生野区,勝山北,2丁目,10番,軽四輪車(小さい車)で収集している地域,,,,,,,,,,,,,,,,火金,,,,,,,木,,,,,,,,,,,,,,,,月,,,,,,,,,,,,,,,,,,,,,,,,,,,
生野区,勝山北,2丁目,10番,上記以外,,,,,,月木,,,,,,,,,,,,,,,,土,,,,,,,,,,,,,,,,水,,,,,,,,,,,,,,,,,,,,,,,,,,,,
生野区,勝山北,2丁目,11番,,,,,,,月木,,,,,,,,,,,,,,,,土,,,,,,,,,,,,,,,,水,,,,,,,,,,,,,,,,,,,,,,,,,,,,
生野区,勝山北,2丁目,12番,,,,,,,月木,,,,,,,,,,,,,,,,土,,,,,,,,,,,,,,,,水,,,,,,,,,,,,,,,,,,,,,,,,,,,,
生野区,勝山北,2丁目,13番,,,,,,,月木,,,,,,,,,,,,,,,,土,,,,,,,,,,,,,,,,水,,,,,,,,,,,,,,,,,,,,,,,,,,,,
生野区,勝山北,2丁目,14番,,,,,,,月木,,,,,,,,,,,,,,,,土,,,,,,,,,,,,,,,,水,,,,,,,,,,,,,,,,,,,,,,,,,,,,
生野区,勝山北,2丁目,15番,軽四輪車(小さい車)で収集している地域,,,,,,,,,,,,,,,,,,月木,,,,,,,,,,,,土,,,,,,,,,,,,,,,,水,,,,,,,,,,,,,,,,,,,,
生野区,勝山北,2丁目,15番,上記以外,,,,,,月木,,,,,,,,,,,,,,,,土,,,,,,,,,,,,,,,,水,,,,,,,,,,,,,,,,,,,,,,,,,,,,
生野区,勝山北,2丁目,16番,軽四輪車(小さい車)で収集している地域,,,,,,,,,,,,,,,,,,月木,,,,,,,,,,,,土,,,,,,,,,,,,,,,,水,,,,,,,,,,,,,,,,,,,,
生野区,勝山北,2丁目,16番,上記以外,,,,,,,月木,,,,,,,,,,,,,,,土,,,,,,,,,,,,,,,,水,,,,,,,,,,,,,,,,,,,,,,,,,,,,
生野区,勝山北,2丁目,17番,軽四輪車(小さい車)で収集している地域,,,,,,,,,,,,,,,,,,月木,,,,土,,,,,,,,,,,,,,,,水,,,,,,,,,,,,,,,,,,,,,,,,,,,,
生野区,勝山北,2丁目,17番,上記以外,,,,,,月木,,,,,,,,,,,,,,,,土,,,,,,,,,,,,,,,,水,,,,,,,,,,,,,,,,,,,,,,,,,,,,
生野区,勝山北,3丁目,1番,,,,,,,月木,,,,,,,,,,,,,,,,金,,,,,,,,,,,,,,,,火,,,,,,,,,,,,,,,,,,,,,,,,,,,,
生野区,勝山北,3丁目,2番,,,,,,,月木,,,,,,,,,,,,,,,,金,,,,,,,,,,,,,,,,火,,,,,,,,,,,,,,,,,,,,,,,,,,,,
生野区,勝山北,3丁目,3番,,,,,,,月木,,,,,,,,,,,,,,,,金,,,,,,,,,,,,,,,,火,,,,,,,,,,,,,,,,,,,,,,,,,,,,
生野区,勝山北,3丁目,4番,,,,,,,月木,,,,,,,,,,,,,,,,金,,,,,,,,,,,,,,,,火,,,,,,,,,,,,,,,,,,,,,,,,,,,,
生野区,勝山北,3丁目,5番,,,,,,,月木,,,,,,,,,,,,,,,,金,,,,,,,,,,,,,,,,火,,,,,,,,,,,,,,,,,,,,,,,,,,,,
生野区,勝山北,3丁目,6番,,,,,,,,月木,,,,,,,,,,,,,,,金,,,,,,,,,,,,,,,,火,,,,,,,,,,,,,,,,,,,,,,,,,,,,
生野区,勝山北,3丁目,7番,,,,,,,,月木,,,,,,,,,,,,,,,金,,,,,,,,,,,,,,,,火,,,,,,,,,,,,,,,,,,,,,,,,,,,,
生野区,勝山北,3丁目,8番,,,,,,,月木,,,,,,,,,,,,,,,,金,,,,,,,,,,,,,,,,火,,,,,,,,,,,,,,,,,,,,,,,,,,,,
生野区,勝山北,3丁目,9番,,,,,,,月木,,,,,,,,,,,,,,,,金,,,,,,,,,,,,,,,,火,,,,,,,,,,,,,,,,,,,,,,,,,,,,
生野区,勝山北,3丁目,10番,,,,,,,,月木,,,,,,,,,,,,,,,金,,,,,,,,,,,,,,,,火,,,,,,,,,,,,,,,,,,,,,,,,,,,,
生野区,勝山北,3丁目,11番,,,,,,,,月木,,,,,,,,,,,,,,,金,,,,,,,,,,,,,,,,火,,,,,,,,,,,,,,,,,,,,,,,,,,,,
生野区,勝山北,3丁目,12番,,,,,,,月木,,,,,,,,,,,,,,,,金,,,,,,,,,,,,,,,,火,,,,,,,,,,,,,,,,,,,,,,,,,,,,
生野区,勝山北,3丁目,13番,,,,,,,月木,,,,,,,,,,,,,,,,金,,,,,,,,,,,,,,,,火,,,,,,,,,,,,,,,,,,,,,,,,,,,,
生野区,勝山北,3丁目,14番,,,,,,,,月木,,,,,,,,,,,,,,,金,,,,,,,,,,,,,,,,火,,,,,,,,,,,,,,,,,,,,,,,,,,,,
生野区,勝山北,3丁目,15番,,,,,,,,月木,,,,,,,,,,,,,,,金,,,,,,,,,,,,,,,,火,,,,,,,,,,,,,,,,,,,,,,,,,,,,
生野区,勝山北,3丁目,16番,,,,,,,月木,,,,,,,,,,,,,,,,金,,,,,,,,,,,,,,,,火,,,,,,,,,,,,,,,,,,,,,,,,,,,,
生野区,勝山北,4丁目,1番,12号,,,,,,,,,,,,,,,,火金,,,,,,木,,,,,,,,,,,,,,,,月,,,,,,,,,,,,,,,,火,,,,,,,,,,,,
生野区,勝山北,4丁目,1番,14･29~41号,,,,,,,,,,,,,,,,火金,,,,,,木,,,,,,,,,,,,,,,,月,,,,,,,,,,,,,,,,火,,,,,,,,,,,,
生野区,勝山北,4丁目,1番,上記以外,,,,,,,,,,月木,,,,,,,,,,,,金,,,,,,,,,,,,,,,,火,,,,,,,,,,,,,,,,火,,,,,,,,,,,,
生野区,勝山北,4丁目,2番,軽四輪車(小さい車)で収集している地域,,,,,,,,,,,,,,,,火金,,,,,,木,,,,,,,,,,,,,,,,月,,,,,,,,,,,,,,,,火,,,,,,,,,,,,
生野区,勝山北,4丁目,2番,上記以外,,,,,,,,,,月木,,,,,,,,,,,,金,,,,,,,,,,,,,,,,火,,,,,,,,,,,,,,,,火,,,,,,,,,,,,
生野区,勝山北,4丁目,3番,軽四輪車(小さい車)で収集している地域,,,,,,,,,,,,,,,,,火金,,,,,木,,,,,,,,,,,,,,,,月,,,,,,,,,,,,,,,,火,,,,,,,,,,,,
生野区,勝山北,4丁目,3番,上記以外,,,,,,,,,,月木,,,,,,,,,,,,金,,,,,,,,,,,,,,,,火,,,,,,,,,,,,,,,,火,,,,,,,,,,,,
生野区,勝山北,4丁目,4番,軽四輪車(小さい車)で収集している地域,,,,,,,,,,,,,,,,,火金,,,,,木,,,,,,,,,,,,,,,,月,,,,,,,,,,,,,,,,火,,,,,,,,,,,,
生野区,勝山北,4丁目,4番,上記以外,,,,,,,,,,月木,,,,,,,,,,,,金,,,,,,,,,,,,,,,,火,,,,,,,,,,,,,,,,火,,,,,,,,,,,,
生野区,勝山北,4丁目,5番,軽四輪車(小さい車)で収集している地域,,,,,,,,,,,,,,,,,火金,,,,,木,,,,,,,,,,,,,,,,月,,,,,,,,,,,,,,,,火,,,,,,,,,,,,
生野区,勝山北,4丁目,5番,上記以外,,,,,,月木,,,,,,,,,,,,,,,,金,,,,,,,,,,,,,,,,火,,,,,,,,,,,,,,,,火,,,,,,,,,,,,
生野区,勝山北,4丁目,6番,軽四輪車(小さい車)で収集している地域,,,,,,,,,,,,,,,,,,火金,,,,木,,,,,,,,,,,,,,,,月,,,,,,,,,,,,,,,,火,,,,,,,,,,,,
生野区,勝山北,4丁目,6番,上記以外,,,,,,月木,,,,,,,,,,,,,,,,金,,,,,,,,,,,,,,,,火,,,,,,,,,,,,,,,,火,,,,,,,,,,,,
生野区,勝山北,4丁目,7番,軽四輪車(小さい車)で収集している地域,,,,,,,,,,,,,,,,,火金,,,,,木,,,,,,,,,,,,,,,,月,,,,,,,,,,,,,,,,火,,,,,,,,,,,,
生野区,勝山北,4丁目,7番,上記以外,,,,,,月木,,,,,,,,,,,,,,,,金,,,,,,,,,,,,,,,,火,,,,,,,,,,,,,,,,火,,,,,,,,,,,,
生野区,勝山北,4丁目,8番,軽四輪車(小さい車)で収集している地域,,,,,,,,,,,,,,,,月木,,,,,,金,,,,,,,,,,,,,,,,火,,,,,,,,,,,,,,,,火,,,,,,,,,,,,
生野区,勝山北,4丁目,8番,上記以外,,,,,,,,,,月木,,,,,,,,,,,,金,,,,,,,,,,,,,,,,火,,,,,,,,,,,,,,,,火,,,,,,,,,,,,
生野区,勝山北,4丁目,9番,軽四輪車(小さい車)で収集している地域,,,,,,,,,,,,,,,,火金,,,,,,木,,,,,,,,,,,,,,,,月,,,,,,,,,,,,,,,,火,,,,,,,,,,,,
生野区,勝山北,4丁目,9番,上記以外,,,,,,,,,月木,,,,,,,,,,,,,,,金,,,,,,,,,,,,,,,,火,,,,,,,,,,,,,,火,,,,,,,,,,,,
生野区,勝山北,4丁目,10番,,,,,,,,,,月木,,,,,,,,,,,,,,,金,,,,,,,,,,,,,,,,火,,,,,,,,,,,,,,火,,,,,,,,,,,,
生野区,勝山北,4丁目,11番,,,,,,,,,,月木,,,,,,,,,,,,,,,金,,,,,,,,,,,,,,,,火,,,,,,,,,,,,,,火,,,,,,,,,,,,
生野区,勝山北,4丁目,12番,軽四輪車(小さい車)で収集している地域,,,,,,,,,,,,,,,,,火金,,,,,木,,,,,,,,,,,,,,,,月,,,,,,,,,,,,,,,,火,,,,,,,,,,,,
生野区,勝山北,4丁目,12番,上記以外,,,,,,,,,,月木,,,,,,,,,,,,金,,,,,,,,,,,,,,,,火,,,,,,,,,,,,,,,,火,,,,,,,,,,,,
生野区,勝山北,4丁目,13番,軽四輪車(小さい車)で収集している地域,,,,,,,,,,,,,,,,,,火金,,,,木,,,,,,,,,,,,,,,,月,,,,,,,,,,,,,,,,火,,,,,,,,,,,,
生野区,勝山北,4丁目,13番,上記以外,,,,,,月木,,,,,,,,,,,,,,,,金,,,,,,,,,,,,,,,,火,,,,,,,,,,,,,,,,火,,,,,,,,,,,,
生野区,勝山北,4丁目,14番,,,,,,,月木,,,,,,,,,,,,,,,,金,,,,,,,,,,,,,,,,火,,,,,,,,,,,,,,,,火,,,,,,,,,,,,
生野区,勝山北,5丁目,1番,,,,,,,,月木,,,,,,,,,,,,,,,,,金,,,,,,,,,,,,,,,,火,,,,,,,,,,,,,,,,,,,,,,,,,,
生野区,勝山北,5丁目,2番,,,,,,,,,,月木,,,,,,,,,,,,,,,金,,,,,,,,,,,,,,,,火,,,,,,,,,,,,,,,,,,,,,,,,,,
生野区,勝山北,5丁目,3番,,,,,,,,月木,,,,,,,,,,,,,,,金,,,,,,,,,,,,,,,,火,,,,,,,,,,,,,,,,,,,,,,,,,,,,
生野区,勝山北,5丁目,4番,,,,,,,,月木,,,,,,,,,,,,,,,金,,,,,,,,,,,,,,,,火,,,,,,,,,,,,,,,,,,,,,,,,,,,,
生野区,勝山北,5丁目,5番,,,,,,,,,,月木,,,,,,,,,,,,,,,金,,,,,,,,,,,,,,,,火,,,,,,,,,,,,,,,,,,,,,,,,,,
生野区,勝山北,5丁目,6番,,,,,,,,月木,,,,,,,,,,,,,,,,,金,,,,,,,,,,,,,,,,火,,,,,,,,,,,,,,,,,,,,,,,,,,
生野区,勝山北,5丁目,7番,,,,,,,,,,月木,,,,,,,,,,,,,,,金,,,,,,,,,,,,,,,,火,,,,,,,,,,,,,,,,,,,,,,,,,,
生野区,勝山北,5丁目,8番,,,,,,,,月木,,,,,,,,,,,,,,,,,金,,,,,,,,,,,,,,,,火,,,,,,,,,,,,,,,,,,,,,,,,,,
生野区,勝山北,5丁目,9番,,,,,,,,,,月木,,,,,,,,,,,,,金,,,,,,,,,,,,,,,,火,,,,,,,,,,,,,,,,,,,,,,,,,,,,
生野区,勝山北,5丁目,10番,,,,,,,,,,月木,,,,,,,,,,,,,金,,,,,,,,,,,,,,,,火,,,,,,,,,,,,,,,,,,,,,,,,,,,,
生野区,勝山北,5丁目,11番,,,,,,,,,,月木,,,,,,,,,,,,,,,金,,,,,,,,,,,,,,,,火,,,,,,,,,,,,,,,,,,,,,,,,,,
生野区,勝山北,5丁目,12番,,,,,,,,,,月木,,,,,,,,,,,,,,,金,,,,,,,,,,,,,,,,火,,,,,,,,,,,,,,,,,,,,,,,,,,
生野区,勝山北,5丁目,13番,,,,,,,,,,月木,,,,,,,,,,,,,金,,,,,,,,,,,,,,,,火,,,,,,,,,,,,,,,,,,,,,,,,,,,,
生野区,勝山北,5丁目,14番,,,,,,,,,,月木,,,,,,,,,,,,,金,,,,,,,,,,,,,,,,火,,,,,,,,,,,,,,,,,,,,,,,,,,,,
生野区,勝山北,5丁目,15番,,,,,,,,月木,,,,,,,,,,,,,,,金,,,,,,,,,,,,,,,,火,,,,,,,,,,,,,,,,,,,,,,,,,,,,
生野区,勝山北,5丁目,16番,,,,,,,,月木,,,,,,,,,,,,,,,金,,,,,,,,,,,,,,,,火,,,,,,,,,,,,,,,,,,,,,,,,,,,,
生野区,勝山北,5丁目,17番,,,,,,,,,,月木,,,,,,,,,,,,,金,,,,,,,,,,,,,,,,火,,,,,,,,,,,,,,,,,,,,,,,,,,,,
生野区,勝山北,5丁目,18番,,,,,,,,,,月木,,,,,,,,,,,,,金,,,,,,,,,,,,,,,,火,,,,,,,,,,,,,,,,,,,,,,,,,,,,
生野区,勝山北,5丁目,19番,,,,,,,,,,月木,,,,,,,,,,,,,金,,,,,,,,,,,,,,,,火,,,,,,,,,,,,,,,,,,,,,,,,,,,,
生野区,勝山北,5丁目,20番,,,,,,,,月木,,,,,,,,,,,,,,,金,,,,,,,,,,,,,,,,火,,,,,,,,,,,,,,,,,,,,,,,,,,,,
生野区,勝山北,5丁目,21番,,,,,,,,月木,,,,,,,,,,,,,,,金,,,,,,,,,,,,,,,,火,,,,,,,,,,,,,,,,,,,,,,,,,,,,
生野区,勝山北,5丁目,22番,,,,,,,,月木,,,,,,,,,,,,,,,金,,,,,,,,,,,,,,,,火,,,,,,,,,,,,,,,,,,,,,,,,,,,,
生野区,勝山南,1丁目,1番,,,,,,,火金,,,,,,,,,,,,,,,,,,土,,,,,,,,,,,,,,,,水,,,,,,,,,,,,,,,,,,,,,,,,,,
生野区,勝山南,1丁目,2番,,,,,,,,火金,,,,,,,,,,,,,,,,,土,,,,,,,,,,,,,,,,水,,,,,,,,,,,,,,,,,,,,,,,,,,
生野区,勝山南,1丁目,3番,,,,,,,,火金,,,,,,,,,,,,,,,,,土,,,,,,,,,,,,,,,,水,,,,,,,,,,,,,,,,,,,,,,,,,,
生野区,勝山南,1丁目,4番,軽四輪車(小さい車)で収集している地域,,,,,,火金,,,,,,,,,,,,,,,,,,,,,,,,木,,,,,,,,,,,,,,,,月,,,,,,,,,,,,,,,,,,,,
生野区,勝山南,1丁目,4番,上記以外,,,,,,火金,,,,,,,,,,,,,,,,,,,,,,,,土,,,,,,,,,,,,,,,,水,,,,,,,,,,,,,,,,,,,,
生野区,勝山南,1丁目,5番,軽四輪車(小さい車)で収集している地域,,,,,,,火金,,,,,,,,,,,,,,,,,,,,,,,木,,,,,,,,,,,,,,,,月,,,,,,,,,,,,,,,,,,,,
生野区,勝山南,1丁目,5番,上記以外,,,,,,火金,,,,,,,,,,,,,,,,,,,,,,,,土,,,,,,,,,,,,,,,,水,,,,,,,,,,,,,,,,,,,,
生野区,勝山南,1丁目,6番,軽四輪車(小さい車)で収集している地域,,,,,,,,火金,,,,,,,,,,,,,,,,,,,,,,木,,,,,,,,,,,,,,,,月,,,,,,,,,,,,,,,,,,,,
生野区,勝山南,1丁目,6番,上記以外,,,,,,火金,,,,,,,,,,,,,,,,,,土,,,,,,,,,,,,,,,,水,,,,,,,,,,,,,,,,,,,,,,,,,,
生野区,勝山南,1丁目,7番,軽四輪車(小さい車)で収集している地域,,,,,,,,火金,,,,,,,,,,,,,,,,,木,,,,,,,,,,,,,,,,月,,,,,,,,,,,,,,,,,,,,,,,,,
生野区,勝山南,1丁目,7番,上記以外,,,,,,火金,,,,,,,,,,,,,,,,,,土,,,,,,,,,,,,,,,,水,,,,,,,,,,,,,,,,,,,,,,,,,,
生野区,勝山南,1丁目,8番,軽四輪車(小さい車)で収集している地域,,,,,,,,火金,,,,,,,,,,,,,,,,,木,,,,,,,,,,,,,,,,月,,,,,,,,,,,,,,,,,,,,,,,,,
生野区,勝山南,1丁目,8番,上記以外,,,,,,火金,,,,,,,,,,,,,,,,,,土,,,,,,,,,,,,,,,,水,,,,,,,,,,,,,,,,,,,,,,,,,,
生野区,勝山南,1丁目,9番,軽四輪車(小さい車)で収集している地域,,,,,,,,火金,,,,,,,,,,,,,,,,,木,,,,,,,,,,,,,,,,月,,,,,,,,,,,,,,,,,,,,,,,,,
生野区,勝山南,1丁目,9番,上記以外,,,,,,火金,,,,,,,,,,,,,,,,,,土,,,,,,,,,,,,,,,,水,,,,,,,,,,,,,,,,,,,,,,,,,,
生野区,勝山南,1丁目,10番,軽四輪車(小さい車)で収集している地域,,,,,,,,火金,,,,,,,,,,,,,,,,,木,,,,,,,,,,,,,,,,月,,,,,,,,,,,,,,,,,,,,,,,,,
生野区,勝山南,1丁目,10番,上記以外,,,,,,火金,,,,,,,,,,,,,,,,,,,木,,,,,,,,,,,,,,,,月,,,,,,,,,,,,,,,,,,,,,,,,,
生野区,勝山南,1丁目,11番,軽四輪車(小さい車)で収集している地域,,,,,,,,火金,,,,,,,,,,,,,,,,,木,,,,,,,,,,,,,,,,月,,,,,,,,,,,,,,,,,,,,,,,,,
生野区,勝山南,1丁目,11番,上記以外,,,,,,火金,,,,,,,,,,,,,,,,,,土,,,,,,,,,,,,,,,,水,,,,,,,,,,,,,,,,,,,,,,,,,,
生野区,勝山南,1丁目,12番,軽四輪車(小さい車)で収集している地域,,,,,,,火金,,,,,,,,,,,,,,,,,,木,,,,,,,,,,,,,,,,月,,,,,,,,,,,,,,,,,,,,,,,,,
生野区,勝山南,1丁目,12番,上記以外,,,,,,火金,,,,,,,,,,,,,,,,,,土,,,,,,,,,,,,,,,,水,,,,,,,,,,,,,,,,,,,,,,,,,,
生野区,勝山南,1丁目,13番,軽四輪車(小さい車)で収集している地域,,,,,,,,火金,,,,,,,,,,,,,,,,,木,,,,,,,,,,,,,,,,月,,,,,,,,,,,,,,,,,,,,,,,,,
生野区,勝山南,1丁目,13番,上記以外,,,,,,火金,,,,,,,,,,,,,,,,,,土,,,,,,,,,,,,,,,,水,,,,,,,,,,,,,,,,,,,,,,,,,,
生野区,勝山南,1丁目,14番,軽四輪車(小さい車)で収集している地域,,,,,,,,火金,,,,,,,,,,,,,,,,,木,,,,,,,,,,,,,,,,月,,,,,,,,,,,,,,,,,,,,,,,,,
生野区,勝山南,1丁目,14番,上記以外,,,,,,,火金,,,,,,,,,,,,,,,,,土,,,,,,,,,,,,,,,,水,,,,,,,,,,,,,,,,,,,,,,,,,,
生野区,勝山南,1丁目,15番,軽四輪車(小さい車)で収集している地域,,,,,,,,火金,,,,,,,,,,,,,,,,,木,,,,,,,,,,,,,,,,月,,,,,,,,,,,,,,,,,,,,,,,,,
生野区,勝山南,1丁目,15番,上記以外,,,,,,火金,,,,,,,,,,,,,,,,,,土,,,,,,,,,,,,,,,,水,,,,,,,,,,,,,,,,,,,,,,,,,,
生野区,勝山南,1丁目,16番,軽四輪車(小さい車)で収集している地域,,,,,,,,火金,,,,,,,,,,,,,,,,,木,,,,,,,,,,,,,,,,月,,,,,,,,,,,,,,,,,,,,,,,,,
生野区,勝山南,1丁目,16番,上記以外,,,,,,,火金,,,,,,,,,,,,,,,,,土,,,,,,,,,,,,,,,,水,,,,,,,,,,,,,,,,,,,,,,,,,,
生野区,勝山南,1丁目,17番,,,,,,,,火金,,,,,,,,,,,,,,,,,土,,,,,,,,,,,,,,,,水,,,,,,,,,,,,,,,,,,,,,,,,,,
生野区,勝山南,1丁目,18番,,,,,,,火金,,,,,,,,,,,,,,,,,,,,,,,,土,,,,,,,,,,,,,,,,水,,,,,,,,,,,,,,,,,,,,
生野区,勝山南,1丁目,19番,,,,,,,火金,,,,,,,,,,,,,,,,,,,,,,,,土,,,,,,,,,,,,,,,,水,,,,,,,,,,,,,,,,,,,,
生野区,勝山南,1丁目,20番,軽四輪車(小さい車)で収集している地域,,,,,,,,火金,,,,,,,,,,,,,,,,,木,,,,,,,,,,,,,,,,月,,,,,,,,,,,,,,,,,,,,,,,,,
生野区,勝山南,1丁目,20番,上記以外,,,,,,火金,,,,,,,,,,,,,,,,,,土,,,,,,,,,,,,,,,,水,,,,,,,,,,,,,,,,,,,,,,,,,,
生野区,勝山南,1丁目,21番,,,,,,,火金,,,,,,,,,,,,,,,,,,土,,,,,,,,,,,,,,,,水,,,,,,,,,,,,,,,,,,,,,,,,,,
生野区,勝山南,1丁目,22番,軽四輪車(小さい車)で収集している地域,,,,,,,,火金,,,,,,,,,,,,,,,,土,,,,,,,,,,,,,,,,水,,,,,,,,,,,,,,,,,,,,,,,,,,
生野区,勝山南,1丁目,22番,上記以外,,,,,,火金,,,,,,,,,,,,,,,,,,土,,,,,,,,,,,,,,,,水,,,,,,,,,,,,,,,,,,,,,,,,,,
生野区,勝山南,2丁目,1番,,,,,,,,火金,,,,,,,,,,,,,,,,,,,,,,,土,,,,,,,,,,,,,,,,水,,,,,,,,,,,,,,,,,,,,
生野区,勝山南,2丁目,2番,,,,,,,火金,,,,,,,,,,,,,,,,,,土,,,,,,,,,,,,,,,,水,,,,,,,,,,,,,,,,,,,,,,,,,,
生野区,勝山南,2丁目,3番,軽四輪車(小さい車)で収集している地域,,,,,,,火金,,,,,,,,,,,,,,,,,,,,,,,土,,,,,,,,,,,,,,,,水,,,,,,,,,,,,,,,,,,,,
生野区,勝山南,2丁目,3番,上記以外,,,,,,火金,,,,,,,,,,,,,,,,,,土,,,,,,,,,,,,,,,,水,,,,,,,,,,,,,,,,,,,,,,,,,,
生野区,勝山南,2丁目,4番,,,,,,,火金,,,,,,,,,,,,,,,,,,土,,,,,,,,,,,,,,,,水,,,,,,,,,,,,,,,,,,,,,,,,,,
生野区,勝山南,2丁目,5番,軽四輪車(小さい車)で収集している地域,,,,,,,,火金,,,,,,,,,,,,,,,,,,,,,,土,,,,,,,,,,,,,,,,水,,,,,,,,,,,,,,,,,,,,
生野区,勝山南,2丁目,5番,上記以外,,,,,,火金,,,,,,,,,,,,,,,,,,土,,,,,,,,,,,,,,,,水,,,,,,,,,,,,,,,,,,,,,,,,,,
生野区,勝山南,2丁目,6番,,,,,,,火金,,,,,,,,,,,,,,,,,,土,,,,,,,,,,,,,,,,水,,,,,,,,,,,,,,,,,,,,,,,,,,
生野区,勝山南,2丁目,7番,,,,,,,火金,,,,,,,,,,,,,,,,,,土,,,,,,,,,,,,,,,,水,,,,,,,,,,,,,,,,,,,,,,,,,,
生野区,勝山南,2丁目,8番,,,,,,,火金,,,,,,,,,,,,,,,,,,土,,,,,,,,,,,,,,,,水,,,,,,,,,,,,,,,,,,,,,,,,,,
生野区,勝山南,3丁目,1番,,,,,,,,火金,,,,,,,,,,,,,,,,,,,,,,,土,,,,,,,,,,,,,,,,水,,,,,,,,,,,,,,,,,,,,
生野区,勝山南,3丁目,2番,,,,,,,,火金,,,,,,,,,,,,,,,,,,,,,,,土,,,,,,,,,,,,,,,,水,,,,,,,,,,,,,,,,,,,,
生野区,勝山南,3丁目,3番,,,,,,,,,,,,,,,火金,,,,,,,,,,,,,,,,土,,,,,,,,,,,,,,,,水,,,,,,,,,,,,,,,,,,,,
生野区,勝山南,3丁目,4番,,,,,,,,火金,,,,,,,,,,,,,,,,,,,,,,,土,,,,,,,,,,,,,,,,水,,,,,,,,,,,,,,,,,,,,
生野区,勝山南,3丁目,5番,,,,,,,,,,火金,,,,,,,,,,,,,,,,,,,,,土,,,,,,,,,,,,,,,,水,,,,,,,,,,,,,,,,,,,,
生野区,勝山南,3丁目,6番,,,,,,,,,,火金,,,,,,,,,,,,,,,,,,,,,土,,,,,,,,,,,,,,,,水,,,,,,,,,,,,,,,,,,,,
生野区,勝山南,3丁目,7番,,,,,,,,,,火金,,,,,,,,,,,,,,,,,,,,,土,,,,,,,,,,,,,,,,水,,,,,,,,,,,,,,,,,,,,
生野区,勝山南,3丁目,8番,,,,,,,,火金,,,,,,,,,,,,,,,,,,,,,,,土,,,,,,,,,,,,,,,,水,,,,,,,,,,,,,,,,,,,,
生野区,勝山南,3丁目,9番,,,,,,,,火金,,,,,,,,,,,,,,,,,,,,,,,土,,,,,,,,,,,,,,,,水,,,,,,,,,,,,,,,,,,,,
生野区,勝山南,3丁目,10番,,,,,,,火金,,,,,,,,,,,,,,,,,,,,,,,,土,,,,,,,,,,,,,,,,水,,,,,,,,,,,,,,,,,,,,
生野区,勝山南,3丁目,11番,,,,,,,火金,,,,,,,,,,,,,,,,,,,,,,,,土,,,,,,,,,,,,,,,,水,,,,,,,,,,,,,,,,,,,,
生野区,勝山南,3丁目,12番,,,,,,,火金,,,,,,,,,,,,,,,,,,,,,,,,土,,,,,,,,,,,,,,,,水,,,,,,,,,,,,,,,,,,,,
生野区,勝山南,3丁目,13番,,,,,,,火金,,,,,,,,,,,,,,,,,,,,,,,,土,,,,,,,,,,,,,,,,水,,,,,,,,,,,,,,,,,,,,
生野区,勝山南,3丁目,14番,,,,,,,火金,,,,,,,,,,,,,,,,,,,,,,,,土,,,,,,,,,,,,,,,,水,,,,,,,,,,,,,,,,,,,,
生野区,勝山南,3丁目,15番,,,,,,,火金,,,,,,,,,,,,,,,,,,,,,,,,土,,,,,,,,,,,,,,,,水,,,,,,,,,,,,,,,,,,,,
生野区,勝山南,4丁目,1番,,,,,,,,,,,,,,,火金,,,,,,,,,,,,,,,,木,,,,,,,,,,,,,,,,月,,,,,,,,,,,,,,,,,,,,
生野区,勝山南,4丁目,2番,,,,,,,,,,,,,,,火金,,,,,,,,,,,,,,,,木,,,,,,,,,,,,,,,,月,,,,,,,,,,,,,,,,,,,,
生野区,勝山南,4丁目,3番,,,,,,,,,,,,,,,火金,,,,,,,,,,,,,,,,木,,,,,,,,,,,,,,,,月,,,,,,,,,,,,,,,,,,,,
生野区,勝山南,4丁目,4番,,,,,,,,,,,,,,,火金,,,,,,,,,,,,,,,,木,,,,,,,,,,,,,,,,月,,,,,,,,,,,,,,,,,,,,
生野区,勝山南,4丁目,5番,,,,,,,,,,,,,,,火金,,,,,,,,,,,,,,,,木,,,,,,,,,,,,,,,,月,,,,,,,,,,,,,,,,,,,,
生野区,勝山南,4丁目,6番,,,,,,,,,,,,,,,火金,,,,,,,,,,,,,,,,木,,,,,,,,,,,,,,,,月,,,,,,,,,,,,,,,,,,,,
生野区,勝山南,4丁目,7番,,,,,,,,,,,,,,,火金,,,,,,,,,,,,,,,,木,,,,,,,,,,,,,,,,月,,,,,,,,,,,,,,,,,,,,
生野区,勝山南,4丁目,8番,,,,,,,,,,,,,,,火金,,,,,,,,,,,,,,,,木,,,,,,,,,,,,,,,,月,,,,,,,,,,,,,,,,,,,,
生野区,勝山南,4丁目,9番,,,,,,,,,,,,,,,火金,,,,,,,,,,,,,,,,木,,,,,,,,,,,,,,,,月,,,,,,,,,,,,,,,,,,,,
生野区,勝山南,4丁目,10番,,,,,,,,火金,,,,,,,,,,,,,,,,,,,,,,,木,,,,,,,,,,,,,,,,月,,,,,,,,,,,,,,,,,,,,
生野区,勝山南,4丁目,11番,,,,,,,,,,,,,,,火金,,,,,,,,,,,,,,,,木,,,,,,,,,,,,,,,,月,,,,,,,,,,,,,,,,,,,,
生野区,勝山南,4丁目,12番,,,,,,,,,,,,,,,火金,,,,,,,,,,,,,,,,木,,,,,,,,,,,,,,,,月,,,,,,,,,,,,,,,,,,,,
生野区,勝山南,4丁目,13番,,,,,,,,,,,,,,,火金,,,,,,,,,,,,,,,,木,,,,,,,,,,,,,,,,月,,,,,,,,,,,,,,,,,,,,
生野区,勝山南,4丁目,14番,,,,,,,,,,,,,,,火金,,,,,,,,,,,,,,,,木,,,,,,,,,,,,,,,,月,,,,,,,,,,,,,,,,,,,,
生野区,勝山南,4丁目,15番,,,,,,,,,,,,,,,火金,,,,,,,,,,,,,,,,木,,,,,,,,,,,,,,,,月,,,,,,,,,,,,,,,,,,,,
生野区,勝山南,4丁目,16番,,,,,,,火金,,,,,,,,,,,,,,,,,,,,,,,,木,,,,,,,,,,,,,,,,月,,,,,,,,,,,,,,,,,,,,
生野区,舎利寺,1丁目,1番,,,,,,,,,,火金,,,,,,,,,,,,,,,,,,,,,木,,,,,,,,,,,,,,,,月,,,,,,,,,,,,,,,,,,,,
生野区,舎利寺,1丁目,2番,,,,,,,,,,火金,,,,,,,,,,,,,,,,,,,,,木,,,,,,,,,,,,,,,,月,,,,,,,,,,,,,,,,,,,,
生野区,舎利寺,1丁目,3番,,,,,,,,,,火金,,,,,,,,,,,,,,,,,,,,,木,,,,,,,,,,,,,,,,月,,,,,,,,,,,,,,,,,,,,
生野区,舎利寺,1丁目,4番,,,,,,,,,,火金,,,,,,,,,,,,,,,,,,,,,木,,,,,,,,,,,,,,,,月,,,,,,,,,,,,,,,,,,,,
生野区,舎利寺,1丁目,5番,,,,,,,,,,火金,,,,,,,,,,,,,,,,,,,,,木,,,,,,,,,,,,,,,,月,,,,,,,,,,,,,,,,,,,,
生野区,舎利寺,1丁目,6番,,,,,,,,,,火金,,,,,,,,,,,,,,,,,,,,,木,,,,,,,,,,,,,,,,月,,,,,,,,,,,,,,,,,,,,
生野区,舎利寺,1丁目,7番,,,,,,,,,,火金,,,,,,,,,,,,,,,,,,,,,木,,,,,,,,,,,,,,,,月,,,,,,,,,,,,,,,,,,,,
生野区,舎利寺,1丁目,8番,,,,,,,,,,火金,,,,,,,,,,,,,,,,,,,,,木,,,,,,,,,,,,,,,,月,,,,,,,,,,,,,,,,,,,,
生野区,舎利寺,1丁目,9番,,,,,,,,,,,,,,,,火金,,,,,,,,,,,,,,,木,,,,,,,,,,,,,,,,月,,,,,,,,,,,,,,,,,,,,
生野区,舎利寺,1丁目,10番,,,,,,,,,,,,,,,,火金,,,,,,,,,,,,,,,木,,,,,,,,,,,,,,,,月,,,,,,,,,,,,,,,,,,,,
生野区,舎利寺,1丁目,11番,,,,,,,,,,火金,,,,,,,,,,,,,,,,,,,,,木,,,,,,,,,,,,,,,,月,,,,,,,,,,,,,,,,,,,,
生野区,舎利寺,1丁目,12番,,,,,,,,火金,,,,,,,,,,,,,,,,,,,,,,,木,,,,,,,,,,,,,,,,月,,,,,,,,,,,,,,,,,,,,
生野区,舎利寺,1丁目,13番,,,,,,,火金,,,,,,,,,,,,,,,,,,木,,,,,,,,,,,,,,,,月,,,,,,,,,,,,,,,,,,,,,,,,,,
生野区,舎利寺,1丁目,14番,,,,,,,火金,,,,,,,,,,,,,,,,,,木,,,,,,,,,,,,,,,,月,,,,,,,,,,,,,,,,,,,,,,,,,,
生野区,舎利寺,1丁目,15番,,,,,,,火金,,,,,,,,,,,,,,,,,,木,,,,,,,,,,,,,,,,月,,,,,,,,,,,,,,,,,,,,,,,,,,
生野区,舎利寺,2丁目,1番,,,,,,,,火金,,,,,,,,,,,,,,,,,,,,,,,木,,,,,,,,,,,,,,,,月,,,,,,,,,,,,,,,,,,,,
生野区,舎利寺,2丁目,2番,,,,,,,火金,,,,,,,,,,,,,,,,,,,,,,,,木,,,,,,,,,,,,,,,,月,,,,,,,,,,,,,,,,,,,,
生野区,舎利寺,2丁目,3番,,,,,,,,火金,,,,,,,,,,,,,,,,,,,,,,,木,,,,,,,,,,,,,,,,月,,,,,,,,,,,,,,,,,,,,
生野区,舎利寺,2丁目,4番,,,,,,,火金,,,,,,,,,,,,,,,,,,木,,,,,,,,,,,,,,,,月,,,,,,,,,,,,,,,,,,,,,,,,,,
生野区,舎利寺,2丁目,5番,,,,,,,,火金,,,,,,,,,,,,,,,,,,,,,,,木,,,,,,,,,,,,,,,,月,,,,,,,,,,,,,,,,,,,,
生野区,舎利寺,2丁目,6番,,,,,,,,火金,,,,,,,,,,,,,,,,,,,,,,,木,,,,,,,,,,,,,,,,月,,,,,,,,,,,,,,,,,,,,
生野区,舎利寺,2丁目,7番,,,,,,,,火金,,,,,,,,,,,,,,,,,,,,,,,木,,,,,,,,,,,,,,,,月,,,,,,,,,,,,,,,,,,,,
生野区,舎利寺,2丁目,8番,,,,,,,,火金,,,,,,,,,,,,,,,,,,,,,,,木,,,,,,,,,,,,,,,,月,,,,,,,,,,,,,,,,,,,,
生野区,舎利寺,2丁目,9番,,,,,,,,火金,,,,,,,,,,,,,,,,,,,,,,,木,,,,,,,,,,,,,,,,月,,,,,,,,,,,,,,,,,,,,
生野区,舎利寺,2丁目,10番,,,,,,,火金,,,,,,,,,,,,,,,,,,,,,,,,木,,,,,,,,,,,,,,,,月,,,,,,,,,,,,,,,,,,,,
生野区,舎利寺,2丁目,11番,,,,,,,火金,,,,,,,,,,,,,,,,,,,,,,,,木,,,,,,,,,,,,,,,,月,,,,,,,,,,,,,,,,,,,,
生野区,舎利寺,2丁目,12番,,,,,,,火金,,,,,,,,,,,,,,,,,,木,,,,,,,,,,,,,,,,月,,,,,,,,,,,,,,,,,,,,,,,,,,
生野区,舎利寺,2丁目,13番,,,,,,,火金,,,,,,,,,,,,,,,,,,木,,,,,,,,,,,,,,,,月,,,,,,,,,,,,,,,,,,,,,,,,,,
生野区,舎利寺,2丁目,14番,,,,,,,火金,,,,,,,,,,,,,,,,,,木,,,,,,,,,,,,,,,,月,,,,,,,,,,,,,,,,,,,,,,,,,,
生野区,舎利寺,2丁目,15番,,,,,,,火金,,,,,,,,,,,,,,,,,,木,,,,,,,,,,,,,,,,月,,,,,,,,,,,,,,,,,,,,,,,,,,
生野区,舎利寺,2丁目,16番,,,,,,,火金,,,,,,,,,,,,,,,,,,木,,,,,,,,,,,,,,,,月,,,,,,,,,,,,,,,,,,,,,,,,,,
生野区,舎利寺,2丁目,17番,,,,,,,火金,,,,,,,,,,,,,,,,,,木,,,,,,,,,,,,,,,,月,,,,,,,,,,,,,,,,,,,,,,,,,,
生野区,舎利寺,2丁目,18番,,,,,,,火金,,,,,,,,,,,,,,,,,,木,,,,,,,,,,,,,,,,月,,,,,,,,,,,,,,,,,,,,,,,,,,
生野区,舎利寺,3丁目,1番,,,,,,,火金,,,,,,,,,,,,,,,,,,,,,,,,,,木,,,,,,,,,,,,,,,,月,,,,,,,,,,,,,,,,,,
生野区,舎利寺,3丁目,2番,,,,,,,火金,,,,,,,,,,,,,,,,,,,,,,,,,,木,,,,,,,,,,,,,,,,月,,,,,,,,,,,,,,,,,,
生野区,舎利寺,3丁目,3番,,,,,,,火金,,,,,,,,,,,,,,,,,,,,,,,,,,木,,,,,,,,,,,,,,,,月,,,,,,,,,,,,,,,,,,
生野区,舎利寺,3丁目,4番,,,,,,,,,,火金,,,,,,,,,,,,,,,,,,,,,,,木,,,,,,,,,,,,,,,,月,,,,,,,,,,,,,,,,,,
生野区,舎利寺,3丁目,5番,,,,,,,,火金,,,,,,,,,,,,,,,,,,,,,,,,,木,,,,,,,,,,,,,,,,月,,,,,,,,,,,,,,,,,,
生野区,舎利寺,3丁目,6番,,,,,,,,火金,,,,,,,,,,,,,,,,,,,,,,,,,木,,,,,,,,,,,,,,,,月,,,,,,,,,,,,,,,,,,
生野区,舎利寺,3丁目,7番,,,,,,,,火金,,,,,,,,,,,,,,,,,,,,,,,,,木,,,,,,,,,,,,,,,,月,,,,,,,,,,,,,,,,,,
生野区,舎利寺,3丁目,8番,,,,,,,火金,,,,,,,,,,,,,,,,,,,,,,,,,,木,,,,,,,,,,,,,,,,月,,,,,,,,,,,,,,,,,,
生野区,舎利寺,3丁目,9番,,,,,,,火金,,,,,,,,,,,,,,,,,,,,,,,,,,木,,,,,,,,,,,,,,,,月,,,,,,,,,,,,,,,,,,
生野区,舎利寺,3丁目,10番,,,,,,,火金,,,,,,,,,,,,,,,,,,,,,,,,,,木,,,,,,,,,,,,,,,,月,,,,,,,,,,,,,,,,,,
生野区,舎利寺,3丁目,11番,,,,,,,火金,,,,,,,,,,,,,,,,,,,,,,,,,,木,,,,,,,,,,,,,,,,月,,,,,,,,,,,,,,,,,,
生野区,舎利寺,3丁目,12番,,,,,,,火金,,,,,,,,,,,,,,,,,,,,,,,,,,木,,,,,,,,,,,,,,,,月,,,,,,,,,,,,,,,,,,
生野区,舎利寺,3丁目,13番,,,,,,,火金,,,,,,,,,,,,,,,,,,,,,,,,,,木,,,,,,,,,,,,,,,,月,,,,,,,,,,,,,,,,,,
生野区,舎利寺,3丁目,14番,,,,,,,火金,,,,,,,,,,,,,,,,,,,,,,,,,,木,,,,,,,,,,,,,,,,月,,,,,,,,,,,,,,,,,,
生野区,舎利寺,3丁目,15番,,,,,,,火金,,,,,,,,,,,,,,,,,,,,,,,,,,木,,,,,,,,,,,,,,,,月,,,,,,,,,,,,,,,,,,
生野区,小路,1丁目,1番,,,,,,,,,,,,,,,月木,,,,,,,,,,,,,,,,金,,,,,,,,,,,,,,,,火,,,,,,,,,,,,,,,,,,,,
生野区,小路,1丁目,2番,,,,,,,,,,,,,,,,月木,,,,,,,,,,,,,,,金,,,,,,,,,,,,,,,,火,,,,,,,,,,,,,,,,,,,,
生野区,小路,1丁目,3番,,,,,,,,,,,,,,,月木,,,,,,,,,,,,,,,,金,,,,,,,,,,,,,,,,火,,,,,,,,,,,,,,,,,,,,
生野区,小路,1丁目,4番,,,,,,,,,,,,,,,,月木,,,,,,,,,,,,,,,金,,,,,,,,,,,,,,,,火,,,,,,,,,,,,,,,,,,,,
生野区,小路,1丁目,5番,,,,,,,,,,,,,,,月木,,,,,,,,,,,,,,,,金,,,,,,,,,,,,,,,,火,,,,,,,,,,,,,,,,,,,,
生野区,小路,1丁目,6番,,,,,,,,,,,,,,,月木,,,,,,,,,,,,,,,,金,,,,,,,,,,,,,,,,火,,,,,,,,,,,,,,,,,,,,
生野区,小路,1丁目,7番,,,,,,,,,,,,,,,月木,,,,,,,,,,,,,,,,金,,,,,,,,,,,,,,,,火,,,,,,,,,,,,,,,,,,,,
生野区,小路,1丁目,8番,軽四輪車(小さい車)で収集している地域,,,,,,水土,,,,,,,,,,,,,,,,,金,,,,,,,,,,,,,,,,火,,,,,,,,,,,,,,,,,,,,,,,,,,,
生野区,小路,1丁目,8番,上記以外,,,,,,,,,,,,,,,月木,,,,,,,,,,,,,,,金,,,,,,,,,,,,,,,,火,,,,,,,,,,,,,,,,,,,,
生野区,小路,1丁目,9番,20･26番(軽四輪車で収集している地域）,,,,,,水土,,,,,,,,,,,,,,,,,金,,,,,,,,,,,,,,,,火,,,,,,,,,,,,,,,,,,,,,,,,,,,
生野区,小路,1丁目,9番,上記以外,,,,,,,,,,,,,,,,月木,,,,,,,,,,,,,,金,,,,,,,,,,,,,,,,火,,,,,,,,,,,,,,,,,,,,
生野区,小路,1丁目,10番,,,,,,,,,,,,,,,,月木,,,,,,,,,,,,,,,金,,,,,,,,,,,,,,,,火,,,,,,,,,,,,,,,,,,,,
生野区,小路,1丁目,11番,,,,,,,,,,,,,,,,,,,月木,,,,,,,,,,,,金,,,,,,,,,,,,,,,,火,,,,,,,,,,,,,,,,,,,,
生野区,小路,1丁目,12番,,,,,,,,,,,,,,,,,,,月木,,,,,,,,,,,,金,,,,,,,,,,,,,,,,火,,,,,,,,,,,,,,,,,,,,
生野区,小路,1丁目,13番,,,,,,,,,,,,,,,,,,,月木,,,,,,,,,,,,金,,,,,,,,,,,,,,,,火,,,,,,,,,,,,,,,,,,,,
生野区,小路,1丁目,14番,,,,,,,,,,,,,,,,,,,月木,,,,,,,,,,,,金,,,,,,,,,,,,,,,,火,,,,,,,,,,,,,,,,,,,,
生野区,小路,1丁目,15番,,,,,,,,,,,,,,,,,,,月木,,,,,,,,,,,,金,,,,,,,,,,,,,,,,火,,,,,,,,,,,,,,,,,,,,
生野区,小路,1丁目,16番,,,,,,,,,,,,,,,,,,,月木,,,,,,,,,,,,金,,,,,,,,,,,,,,,,火,,,,,,,,,,,,,,,,,,,,
生野区,小路,1丁目,17番,,,,,,,,,,,,,,,,,,,月木,,,,,,,,,,,,金,,,,,,,,,,,,,,,,火,,,,,,,,,,,,,,,,,,,,
生野区,小路,1丁目,18番,,,,,,,,,,,,,,,,,,,月木,,,,,,,,,,,,金,,,,,,,,,,,,,,,,火,,,,,,,,,,,,,,,,,,,,
生野区,小路,1丁目,19番,軽四輪車(小さい車)で収集している地域,,,,,,水土,,,,,,,,,,,,,,,,,金,,,,,,,,,,,,,,,,火,,,,,,,,,,,,,,,,,,,,,,,,,,,
生野区,小路,1丁目,19番,上記以外,,,,,,,,,,,,,,,,月木,,,,,,,,,,,,,,金,,,,,,,,,,,,,,,,火,,,,,,,,,,,,,,,,,,,,
生野区,小路,1丁目,20番,,,,,,,,,,,,,,,月木,,,,,,,,,,,,,,,,金,,,,,,,,,,,,,,,,火,,,,,,,,,,,,,,,,,,,,
生野区,小路,1丁目,21番,軽四輪車(小さい車)で収集している地域,,,,,,水土,,,,,,,,,,,,,,,,,金,,,,,,,,,,,,,,,,火,,,,,,,,,,,,,,,,,,,,,,,,,,,
生野区,小路,1丁目,21番,上記以外,,,,,,,,,,,,,,,,月木,,,,,,,,,,,,,,金,,,,,,,,,,,,,,,,火,,,,,,,,,,,,,,,,,,,,
生野区,小路,1丁目,22番,,,,,,,,,,,,,,,,,月木,,,,,,,,,,,,,,金,,,,,,,,,,,,,,,,火,,,,,,,,,,,,,,,,,,,,
生野区,小路,1丁目,23番,,,,,,,,,,,,,,,,,,,月木,,,,,,,,,,,,金,,,,,,,,,,,,,,,,火,,,,,,,,,,,,,,,,,,,,
生野区,小路,1丁目,24番,,,,,,,,,,,,,,,,,,,月木,,,,,,,,,,,,金,,,,,,,,,,,,,,,,火,,,,,,,,,,,,,,,,,,,,
生野区,小路,1丁目,25番,,,,,,,,,,,,,,,,,,,月木,,,,,,,,,,,,金,,,,,,,,,,,,,,,,火,,,,,,,,,,,,,,,,,,,,
生野区,小路,1丁目,26番,,,,,,,,,,,,,,,,,,,月木,,,,,,,,,,,,金,,,,,,,,,,,,,,,,火,,,,,,,,,,,,,,,,,,,,
生野区,小路,1丁目,27番,,,,,,,,,,,,,,,,,,,月木,,,,,,,,,,,,金,,,,,,,,,,,,,,,,火,,,,,,,,,,,,,,,,,,,,
生野区,小路,1丁目,28番,,,,,,,,,,,,,,,,,,,月木,,,,,,,,,,,,金,,,,,,,,,,,,,,,,火,,,,,,,,,,,,,,,,,,,,
生野区,小路,1丁目,29番,,,,,,,,,,,,,,,,,,,月木,,,,,,,,,,,,金,,,,,,,,,,,,,,,,火,,,,,,,,,,,,,,,,,,,,
生野区,小路,2丁目,1番,,,,,,,,,,,,,,,,,,,月木,,,,,,,,,,,,,,金,,,,,,,,,,,,,,,,火,,,,,,,,,,,,,,,,,,
生野区,小路,2丁目,2番,,,,,,,,,,,,,,,,,,,月木,,,,,,,,,,,,,,金,,,,,,,,,,,,,,,,火,,,,,,,,,,,,,,,,,,
生野区,小路,2丁目,3番,,,,,,,,,,,,,,,,,,,月木,,,,,,,,,,,,,,金,,,,,,,,,,,,,,,,火,,,,,,,,,,,,,,,,,,
生野区,小路,2丁目,4番,,,,,,,,,,,,,,,,,,,月木,,,,,,,,,,,,,,金,,,,,,,,,,,,,,,,火,,,,,,,,,,,,,,,,,,
生野区,小路,2丁目,5番,,,,,,,,,,,,,,,,,,,月木,,,,,,,,,,,,,,金,,,,,,,,,,,,,,,,火,,,,,,,,,,,,,,,,,,
生野区,小路,2丁目,6番,,,,,,,,,,,,,,,,,,,月木,,,,,,,,,,,,,,金,,,,,,,,,,,,,,,,火,,,,,,,,,,,,,,,,,,
生野区,小路,2丁目,7番,,,,,,,,,,,,,,,,,,,月木,,,,,,,,,,,,金,,,,,,,,,,,,,,,,火,,,,,,,,,,,,,,,,,,,,
生野区,小路,2丁目,8番,,,,,,,,,,,,,,,,,,,月木,,,,,,,,,,,,金,,,,,,,,,,,,,,,,火,,,,,,,,,,,,,,,,,,,,
生野区,小路,2丁目,9番,,,,,,,,,,,,,,,,,,,月木,,,,,,,,,,,,金,,,,,,,,,,,,,,,,火,,,,,,,,,,,,,,,,,,,,
生野区,小路,2丁目,10番,,,,,,,,,,,,,,,,,,,月木,,,,,,,,,,,,金,,,,,,,,,,,,,,,,火,,,,,,,,,,,,,,,,,,,,
生野区,小路,2丁目,11番,,,,,,,,,,,,,,,,,,,月木,,,,,,,,,,,,金,,,,,,,,,,,,,,,,火,,,,,,,,,,,,,,,,,,,,
生野区,小路,2丁目,12番,,,,,,,,,,,,,,,,,,,月木,,,,,,,,,,,,金,,,,,,,,,,,,,,,,火,,,,,,,,,,,,,,,,,,,,
生野区,小路,2丁目,13番,,,,,,,,,,,,,,,,,,,月木,,,,,,,,,,,,金,,,,,,,,,,,,,,,,火,,,,,,,,,,,,,,,,,,,,
生野区,小路,2丁目,14番,,,,,,,,,,,,,,,,,,,月木,,,,,,,,,,,,金,,,,,,,,,,,,,,,,火,,,,,,,,,,,,,,,,,,,,
生野区,小路,2丁目,15番,,,,,,,,,,,,,,,,,,,月木,,,,,,,,,,,,金,,,,,,,,,,,,,,,,火,,,,,,,,,,,,,,,,,,,,
生野区,小路,2丁目,16番,,,,,,,,,,,,,,,,,,,月木,,,,,,,,,,,,金,,,,,,,,,,,,,,,,火,,,,,,,,,,,,,,,,,,,,
生野区,小路,2丁目,17番,,,,,,,,,,,,,,,,,,,月木,,,,,,,,,,,,金,,,,,,,,,,,,,,,,火,,,,,,,,,,,,,,,,,,,,
生野区,小路,2丁目,18番,,,,,,,,,,,,,,,,,,,月木,,,,,,,,,,,,金,,,,,,,,,,,,,,,,火,,,,,,,,,,,,,,,,,,,,
生野区,小路,2丁目,19番,,,,,,,,,,,,,,,,,,,月木,,,,,,,,,,,,金,,,,,,,,,,,,,,,,火,,,,,,,,,,,,,,,,,,,,
生野区,小路,2丁目,20番,,,,,,,,,,,,,,,,,月木,,,,,,,,,,,,,,金,,,,,,,,,,,,,,,,火,,,,,,,,,,,,,,,,,,,,
生野区,小路,2丁目,21番,,,,,,,,,,,,,,,,,,,月木,,,,,,,,,,,,金,,,,,,,,,,,,,,,,火,,,,,,,,,,,,,,,,,,,,
生野区,小路,2丁目,22番,,,,,,,,,,,,,,,,,,,月木,,,,,,,,,,,,金,,,,,,,,,,,,,,,,火,,,,,,,,,,,,,,,,,,,,
生野区,小路,2丁目,23番,,,,,,,,,,,,,,,,,,,月木,,,,,,,,,,,,金,,,,,,,,,,,,,,,,火,,,,,,,,,,,,,,,,,,,,
生野区,小路,2丁目,24番,,,,,,,,,,,,,,,,,,,月木,,,,,,,,,,,,金,,,,,,,,,,,,,,,,火,,,,,,,,,,,,,,,,,,,,
生野区,小路,2丁目,25番,,,,,,,,,,,,,,,,,月木,,,,,,,,,,,,,,,,金,,,,,,,,,,,,,,,,火,,,,,,,,,,,,,,,,,,
生野区,小路,2丁目,26番,,,,,,,,,,,,,,,,,,,月木,,,,,,,,,,,,,,金,,,,,,,,,,,,,,,,火,,,,,,,,,,,,,,,,,,
生野区,小路,2丁目,27番,,,,,,,,,,,,,,,,,,,月木,,,,,,,,,,,,,,金,,,,,,,,,,,,,,,,火,,,,,,,,,,,,,,,,,,
生野区,小路,2丁目,28番,,,,,,,,,,,,,,,,,月木,,,,,,,,,,,,,,,,金,,,,,,,,,,,,,,,,火,,,,,,,,,,,,,,,,,,
生野区,小路,3丁目,1番,,,,,,,,,,,,,,,,,,,月木,,,,,,,,,,,,金,,,,,,,,,,,,,,,,火,,,,,,,,,,,,,,,,,,,,
生野区,小路,3丁目,2番,,,,,,,,,,,,,,,,,,,月木,,,,,,,,,,,,金,,,,,,,,,,,,,,,,火,,,,,,,,,,,,,,,,,,,,
生野区,小路,3丁目,3番,軽四輪車(小さい車)で収集している地域,,,,,,水土,,,,,,,,,,,,,,,,金,,,,,,,,,,,,,,,,火,,,,,,,,,,,,,,,,,,,,,,,,,,,,
生野区,小路,3丁目,3番,上記以外,,,,,,,,,,,,,,,,,,月木,,,,,,,,,,,,金,,,,,,,,,,,,,,,,火,,,,,,,,,,,,,,,,,,,,
生野区,小路,3丁目,4番,,,,,,,,,,,,,,,,,,,月木,,,,,,,,,,,,金,,,,,,,,,,,,,,,,火,,,,,,,,,,,,,,,,,,,,
生野区,小路,3丁目,5番,,,,,,,,,,,,,,,,,,,月木,,,,,,,,,,,,金,,,,,,,,,,,,,,,,火,,,,,,,,,,,,,,,,,,,,
生野区,小路,3丁目,6番,軽四輪車(小さい車)で収集している地域,,,,,,水土,,,,,,,,,,,,,,,,金,,,,,,,,,,,,,,,,火,,,,,,,,,,,,,,,,,,,,,,,,,,,,
生野区,小路,3丁目,6番,上記以外,,,,,,,,,,,,,,,,,,月木,,,,,,,,,,,,金,,,,,,,,,,,,,,,,火,,,,,,,,,,,,,,,,,,,,
生野区,小路,3丁目,7番,,,,,,,,,,,,,,,,,,月木,,,,,,,,,,,,,金,,,,,,,,,,,,,,,,火,,,,,,,,,,,,,,,,,,,,
生野区,小路,3丁目,8番,,,,,,,,,,,,,,,,,,,月木,,,,,,,,,,,,金,,,,,,,,,,,,,,,,火,,,,,,,,,,,,,,,,,,,,
生野区,小路,3丁目,9番,,,,,,,,,,,,,,,,,,月木,,,,,,,,,,,,,金,,,,,,,,,,,,,,,,火,,,,,,,,,,,,,,,,,,,,
生野区,小路,3丁目,10番,,,,,,,,,,,,,,,,,,,月木,,,,,,,,,,,,金,,,,,,,,,,,,,,,,火,,,,,,,,,,,,,,,,,,,,
生野区,小路,3丁目,11番,,,,,,,,,,,,,,,,,,,月木,,,,,,,,,,,,金,,,,,,,,,,,,,,,,火,,,,,,,,,,,,,,,,,,,,
生野区,小路,3丁目,12番,,,,,,,,,,,,,,,,,,,月木,,,,,,,,,,,,金,,,,,,,,,,,,,,,,火,,,,,,,,,,,,,,,,,,,,
生野区,小路,3丁目,13番,,,,,,,,,,,,,,,,,,,月木,,,,,,,,,,,,金,,,,,,,,,,,,,,,,火,,,,,,,,,,,,,,,,,,,,
生野区,小路,3丁目,14番,,,,,,,,,,,,,,,,,,,月木,,,,,,,,,,,,金,,,,,,,,,,,,,,,,火,,,,,,,,,,,,,,,,,,,,
生野区,小路,3丁目,15番,,,,,,,,,,,,,,,,,,,月木,,,,,,,,,,,,金,,,,,,,,,,,,,,,,火,,,,,,,,,,,,,,,,,,,,
生野区,小路,3丁目,16番,,,,,,,,,,,,,,,,,,,月木,,,,,,,,,,,,金,,,,,,,,,,,,,,,,火,,,,,,,,,,,,,,,,,,,,
生野区,小路,3丁目,17番,,,,,,,,,,,,,,,,,,,月木,,,,,,,,,,,,金,,,,,,,,,,,,,,,,火,,,,,,,,,,,,,,,,,,,,
生野区,小路,3丁目,18番,,,,,,,,,,,,,,,,,,,月木,,,,,,,,,,,,金,,,,,,,,,,,,,,,,火,,,,,,,,,,,,,,,,,,,,
生野区,小路,3丁目,19番,,,,,,,,,,,,,,,,,,,月木,,,,,,,,,,,,金,,,,,,,,,,,,,,,,火,,,,,,,,,,,,,,,,,,,,
生野区,小路東,1丁目,1番,,,,,,,,,,,,,,,,,,火金,,,,,,,木,,,,,,,,,,,,,,,,月,,,,,,,,,,,,,,,,,,,,,,,,,,
生野区,小路東,1丁目,2番,,,,,,,,,,,,,,,,,,火金,,,,,,,,,,,,,,,木,,,,,,,,,,,,,,,,月,,,,,,,,,,,,,,,,,,
生野区,小路東,1丁目,3番,,,,,,,,,,,,,,,,,,火金,,,,,,,,,,,,,,,木,,,,,,,,,,,,,,,,月,,,,,,,,,,,,,,,,,,
生野区,小路東,1丁目,4番,,,,,,,,,,,,,,,,,,,火金,,,,,,,,,,,,,,木,,,,,,,,,,,,,,,,月,,,,,,,,,,,,,,,,,,
生野区,小路東,1丁目,5番,,,,,,,,,,,,,,,,,,火金,,,,,,,,,,,,,,,木,,,,,,,,,,,,,,,,月,,,,,,,,,,,,,,,,,,
生野区,小路東,1丁目,6番,,,,,,,,,,,,,,,,,,,火金,,,,,,,,,,,,,,木,,,,,,,,,,,,,,,,月,,,,,,,,,,,,,,,,,,
生野区,小路東,1丁目,7番,,,,,,,,,,,,,,,,,,,火金,,,,,,,,,,,,,,木,,,,,,,,,,,,,,,,月,,,,,,,,,,,,,,,,,,
生野区,小路東,1丁目,8番,,,,,,,,,,,,,,,,,,,火金,,,,,,,,,,,,,,木,,,,,,,,,,,,,,,,月,,,,,,水,,,,,,,,,,,,
生野区,小路東,1丁目,9番,,,,,,,,,,,,,,,,,,,火金,,,,,,,,,,,,,,木,,,,,,,,,,,,,,,,月,,,,,,水,,,,,,,,,,,,
生野区,小路東,1丁目,10番,,,,,,,,,,,,,,,,,,,火金,,,,,,,,,,,,,,木,,,,,,,,,,,,,,,,月,,,,,,水,,,,,,,,,,,,
生野区,小路東,1丁目,11番,,,,,,,,,,,,,,,,,,,火金,,,,,,,,,,,,,,木,,,,,,,,,,,,,,,,月,,,,,,水,,,,,,,,,,,,
生野区,小路東,1丁目,12番,,,,,,,,,,,,,,,,,,火金,,,,,,,,,,,,,,,木,,,,,,,,,,,,,,,,月,,,,,,水,,,,,,,,,,,,
生野区,小路東,1丁目,13番,,,,,,,,,,,,,,,,,,火金,,,,,,,,,,,,,,,木,,,,,,,,,,,,,,,,月,,,,,,水,,,,,,,,,,,,
生野区,小路東,1丁目,14番,,,,,,,,,,,,,,,,,,,火金,,,,,,,,,,,,,,木,,,,,,,,,,,,,,,,月,,,,,,水,,,,,,,,,,,,
生野区,小路東,1丁目,15番,,,,,,,,,,,,,,,,,,,火金,,,,,,,,,,,,,,木,,,,,,,,,,,,,,,,月,,,,,,水,,,,,,,,,,,,
生野区,小路東,1丁目,16番,,,,,,,,,,,,,,,,,,,火金,,,,,,,,,,,,,,木,,,,,,,,,,,,,,,,月,,,,,,水,,,,,,,,,,,,
生野区,小路東,1丁目,17番,,,,,,,,,,,,,,,,,,,火金,,,,,,,,,,,,,,木,,,,,,,,,,,,,,,,月,,,,,,水,,,,,,,,,,,,
生野区,小路東,1丁目,18番,,,,,,,,,,,,,,,,,,,火金,,,,,,,,,,,,,,木,,,,,,,,,,,,,,,,月,,,,,,水,,,,,,,,,,,,
生野区,小路東,1丁目,19番,,,,,,,,,,,,,,,,,,,火金,,,,,,,,,,,,,,木,,,,,,,,,,,,,,,,月,,,,,,水,,,,,,,,,,,,
生野区,小路東,1丁目,20番,,,,,,,,,,,,,,,,,,火金,,,,,,,,,,,,,,,木,,,,,,,,,,,,,,,,月,,,,,,水,,,,,,,,,,,,
生野区,小路東,1丁目,21番,,,,,,,,,,,,,,,,,,火金,,,,,,,,,,,,,,,木,,,,,,,,,,,,,,,,月,,,,,,水,,,,,,,,,,,,
生野区,小路東,1丁目,22番,,,,,,,,,,,,,,,,,,,火金,,,,,,,,,,,,,,木,,,,,,,,,,,,,,,,月,,,,,,水,,,,,,,,,,,,
生野区,小路東,2丁目,1番,,,,,,,,,,,,,,,,,,,火金,,,,,,,,,,,,木,,,,,,,,,,,,,,,,月,,,,,,,,,,,,,,,,,,,,
生野区,小路東,2丁目,2番,,,,,,,,,,,,,,,,,,火金,,,,,,,,,,,,,木,,,,,,,,,,,,,,,,月,,,,,,,,,,,,,,,,,,,,
生野区,小路東,2丁目,3番,,,,,,,,,,,,,,,,,,,火金,,,,,,,,,,,,木,,,,,,,,,,,,,,,,月,,,,,,,,,,,,,,,,,,,,
生野区,小路東,2丁目,4番,,,,,,,,,,,,,,,,,,,火金,,,,,,,,,,,,木,,,,,,,,,,,,,,,,月,,,,,,,,,,,,,,,,,,,,
生野区,小路東,2丁目,5番,,,,,,,,,,,,,,,,,火金,,,,,,,,,,,,,,木,,,,,,,,,,,,,,,,月,,,,,,,,,,,,,,,,,,,,
生野区,小路東,2丁目,6番,,,,,,,,,,,,,,,,,火金,,,,,,,,,,,,,,木,,,,,,,,,,,,,,,,月,,,,,,,,,,,,,,,,,,,,
生野区,小路東,2丁目,7番,,,,,,,,,,,,,,,,,,,火金,,,,,,,,,,,,木,,,,,,,,,,,,,,,,月,,,,,,,,,,,,,,,,,,,,
生野区,小路東,2丁目,8番,,,,,,,,,,,,,,,,,,火金,,,,,,,,,,,,,木,,,,,,,,,,,,,,,,月,,,,,,,,,,,,,,,,,,,,
生野区,小路東,2丁目,9番,,,,,,,,,,,,,,,,,,,火金,,,,,,,,,,,,木,,,,,,,,,,,,,,,,月,,,,,,,,,,,,,,,,,,,,
生野区,小路東,2丁目,10番,,,,,,,,,,,,,,,,,,,火金,,,,,,,,,,,,,,木,,,,,,,,,,,,,,,,月,,,,,,,,,,,,,,,,,,
生野区,小路東,2丁目,11番,,,,,,,,,,,,,,,,,,,火金,,,,,,,,,,,,木,,,,,,,,,,,,,,,,月,,,,,,,,,,,,,,,,,,,,
生野区,小路東,2丁目,12番,,,,,,,,,,,,,,,,,,,火金,,,,,,,,,,,,木,,,,,,,,,,,,,,,,月,,,,,,,,,,,,,,,,,,,,
生野区,小路東,2丁目,13番,,,,,,,,,,,,,,,,,,,火金,,,,,,,,,,,,,,木,,,,,,,,,,,,,,,,月,,,,,,,,,,,,,,,,,,
生野区,小路東,2丁目,14番,,,,,,,,,,,,,,,,,,,火金,,,,,,,,,,,,,,木,,,,,,,,,,,,,,,,月,,,,,,,,,,,,,,,,,,
生野区,小路東,2丁目,15番,,,,,,,,,,,,,,,,,,,火金,,,,,,,,,,,,木,,,,,,,,,,,,,,,,月,,,,,,,,,,,,,,,,,,,,
生野区,小路東,2丁目,16番,,,,,,,,,,,,,,,,,,,火金,,,,,,,,,,,,木,,,,,,,,,,,,,,,,月,,,,,,,,水,,,,,,,,,,,,
生野区,小路東,2丁目,17番,,,,,,,,,,,,,,,,,,,火金,,,,,,,,,,,,木,,,,,,,,,,,,,,,,月,,,,,,,,水,,,,,,,,,,,,
生野区,小路東,2丁目,18番,,,,,,,,,,,,,,,,,,,火金,,,,,,,,,,,,木,,,,,,,,,,,,,,,,月,,,,,,,,水,,,,,,,,,,,,
生野区,小路東,2丁目,19番,,,,,,,,,,,,,,,,,,,火金,,,,,,,,,,,,木,,,,,,,,,,,,,,,,月,,,,,,,,,,,,,,,,,,水,,
生野区,小路東,2丁目,20番,,,,,,,,,,,,,,,,,,,火金,,,,,,,,,,,,木,,,,,,,,,,,,,,,,月,,,,,,,,,,,,,,,,,水,,,
生野区,小路東,2丁目,21番,,,,,,,,,,,,,,,,,,火金,,,,,,,,,,,,,木,,,,,,,,,,,,,,,,月,,,,,,,,,,,,,,,,水,,,,
生野区,小路東,2丁目,22番,,,,,,,,,,,,,,,,,火金,,,,,,,,,,,,,,木,,,,,,,,,,,,,,,,月,,,,,,,,,,,,,,,,水,,,,
生野区,小路東,2丁目,23番,,,,,,,,,,,,,,,,,火金,,,,,,,,,,,,,,木,,,,,,,,,,,,,,,,月,,,,,,,,,,,,,,,,水,,,,
生野区,小路東,2丁目,24番,,,,,,,,,,,,,,,,,,火金,,,,,,,,,,,,,木,,,,,,,,,,,,,,,,月,,,,,,,,,,,,,,,,水,,,,
生野区,小路東,2丁目,25番,,,,,,,,,,,,,,,,,火金,,,,,,,,,,,,,,木,,,,,,,,,,,,,,,,月,,,,,,,,,,,,,,,,水,,,,
生野区,小路東,2丁目,26番,,,,,,,,,,,,,,,,,,火金,,,,,,,,,,,,,木,,,,,,,,,,,,,,,,月,,,,,,,,,,,,,,,,水,,,,
生野区,小路東,3丁目,1番,,,,,,,,,,,,,,,,,,,火金,,,,,,,,,,,,木,,,,,,,,,,,,,,,,月,,,,,,,,水,,,,,,,,,,,,
生野区,小路東,3丁目,2番,,,,,,,,,,,,,,,,,,,火金,,,,,,,,,,,,木,,,,,,,,,,,,,,,,月,,,,,,,,水,,,,,,,,,,,,
生野区,小路東,3丁目,3番,,,,,,,,,,,,,,,,,,,火金,,,,,,,,,,,,木,,,,,,,,,,,,,,,,月,,,,,,,,,,,,,,,,,,水,,
生野区,小路東,3丁目,4番,,,,,,,,,,,,,,,,,,,火金,,,,,,,,,,,,木,,,,,,,,,,,,,,,,月,,,,,,,,,,,,,,,,,,水,,
生野区,小路東,3丁目,5番,,,,,,,,,,,,,,,,,,,火金,,,,,,,,,,,,木,,,,,,,,,,,,,,,,月,,,,,,,,,,,,,,,,水,,,,
生野区,小路東,3丁目,6番,,,,,,,,,,,,,,,,,,火金,,,,,,,,,,,,,木,,,,,,,,,,,,,,,,月,,,,,,,,,,,,,,,,水,,,,
生野区,小路東,3丁目,7番,,,,,,,,,,,,,,,,,,,火金,,,,,,,,,,,,木,,,,,,,,,,,,,,,,月,,,,,,,,,,,,,,,,水,,,,
生野区,小路東,3丁目,8番,,,,,,,,,,,,,,,,,,,火金,,,,,,,,,,,,木,,,,,,,,,,,,,,,,月,,,,,,,,,,,,,,,,水,,,,
生野区,小路東,3丁目,9番,,,,,,,,,,,,,,,,,火金,,,,,,,,,,,,,,木,,,,,,,,,,,,,,,,月,,,,,,,,,,,,,,,,水,,,,
生野区,小路東,3丁目,10番,,,,,,,,,,,,,,,,,,,火金,,,,,,,,,,,,木,,,,,,,,,,,,,,,,月,,,,,,,,,,,,,,,,水,,,,
生野区,小路東,3丁目,11番,,,,,,,,,,,,,,,,,,,火金,,,,,,,,,,,,木,,,,,,,,,,,,,,,,月,,,,,,,,,,,,,,,,水,,,,
生野区,小路東,3丁目,12番,,,,,,,,,,,,,,,,,,火金,,,,,,,,,,,,,木,,,,,,,,,,,,,,,,月,,,,,,,,,,,,,,,,,,水,,
生野区,小路東,3丁目,13番,,,,,,,,,,,,,,,,,,火金,,,,,,,,,,,,,木,,,,,,,,,,,,,,,,月,,,,,,,,水,,,,,,,,,,,,
生野区,小路東,3丁目,14番,,,,,,,,,,,,,,,,,,火金,,,,,,,,,,,,,木,,,,,,,,,,,,,,,,月,,,,,,,,水,,,,,,,,,,,,
生野区,小路東,3丁目,15番,,,,,,,,,,,,,,,,,,火金,,,,,,,,,,,,,木,,,,,,,,,,,,,,,,月,,,,,,,,,,,,,,,,水,,,,
生野区,小路東,3丁目,16番,,,,,,,,,,,,,,,,,,火金,,,,,,,,,,,,,木,,,,,,,,,,,,,,,,月,,,,,,,,,,,,,,,,水,,,,
生野区,小路東,3丁目,17番,,,,,,,,,,,,,,,,,,,火金,,,,,,,,,,,,木,,,,,,,,,,,,,,,,月,,,,,,,,,,,,,,,,水,,,,
生野区,小路東,3丁目,18番,,,,,,,,,,,,,,,,,,,火金,,,,,,,,,,,,木,,,,,,,,,,,,,,,,月,,,,,,,,,,,,,,,,水,,,,
生野区,小路東,3丁目,19番,,,,,,,,,,,,,,,,,火金,,,,,,,,,,,,,,木,,,,,,,,,,,,,,,,月,,,,,,,,,,,,,,,,水,,,,
生野区,小路東,4丁目,1番,,,,,,,,,,,,,,,,,,,火金,,,,,,,,,,,,木,,,,,,,,,,,,,,,,月,,,,,,,,,,,,,,,,,,,,
生野区,小路東,4丁目,2番,,,,,,,,,,,,,,,,,,,火金,,,,,,,,,,,,木,,,,,,,,,,,,,,,,月,,,,,,,,,,,,,,,,,,,,
生野区,小路東,4丁目,3番,,,,,,,,,,,,,,,,,,,火金,,,,,,,,,,,,木,,,,,,,,,,,,,,,,月,,,,,,,,,,,,,,,,,,,,
生野区,小路東,4丁目,4番,,,,,,,,,,,,,,,,,,,火金,,,,,,,,,,,,木,,,,,,,,,,,,,,,,月,,,,,,,,,,,,,,,,,,,,
生野区,小路東,4丁目,5番,,,,,,,,,,,,,,,,,,,火金,,,,,,,,,,,,木,,,,,,,,,,,,,,,,月,,,,,,,,,,,,,,,,,,,,
生野区,小路東,4丁目,6番,,,,,,,,,,,,,,,,,,,火金,,,,,,,,,,,,木,,,,,,,,,,,,,,,,月,,,,,,,,,,,,,,,,,,,,
生野区,小路東,4丁目,7番,,,,,,,,,,,,,,,,,,,火金,,,,,,,,,,,,木,,,,,,,,,,,,,,,,月,,,,,,,,,,,,,,,,,,,,
生野区,小路東,4丁目,8番,,,,,,,,,,,,,,,,,,,火金,,,,,,,,,,,,木,,,,,,,,,,,,,,,,月,,,,,,,,,,,,,,,,,,,,
生野区,小路東,4丁目,9番,,,,,,,,,,,,,,,,,,火金,,,,,,,,,,,,,木,,,,,,,,,,,,,,,,月,,,,,,,,,,,,,,,,,,,,
生野区,小路東,4丁目,10番,,,,,,,,,,,,,,,,,,,火金,,,,,,,,,,,,木,,,,,,,,,,,,,,,,月,,,,,,,,,,,,,,,,土,,,,
生野区,小路東,4丁目,11番,,,,,,,,,,,,,,,,,,,火金,,,,,,,,,,,,木,,,,,,,,,,,,,,,,月,,,,,,,,,,,,,,,,土,,,,
生野区,小路東,4丁目,12番,,,,,,,,,,,,,,,,,,,火金,,,,,,,,,,,,木,,,,,,,,,,,,,,,,月,,,,,,,,,,,,,,,,,土,,,
生野区,小路東,4丁目,13番,,,,,,,,,,,,,,,,,,,火金,,,,,,,,,,,,木,,,,,,,,,,,,,,,,月,,,,,,,,,,,,,,,,土,,,,
生野区,小路東,4丁目,14番,,,,,,,,火金,,,,,,,,,,,,,,,,,,,,,,,木,,,,,,,,,,,,,,,,月,,,,,,,,,,,,,,,,土,,,,
生野区,小路東,4丁目,15番,,,,,,,,,,,,,,,,,,,火金,,,,,,,,,,,,木,,,,,,,,,,,,,,,,月,,,,,,,,,,,,,,,,,,土,,
生野区,小路東,4丁目,16番,,,,,,,,,,,,,,,,,,,火金,,,,,,,,,,,,木,,,,,,,,,,,,,,,,月,,,,,,,,,,,,,,,,,土,,,
生野区,小路東,4丁目,17番,,,,,,,,,,,,,,,,,,,火金,,,,,,,,,,,,木,,,,,,,,,,,,,,,,月,,,,,,,,,,,,,,,,,土,,,
生野区,小路東,4丁目,18番,,,,,,,,,,,,,,,,,,,火金,,,,,,,,,,,,木,,,,,,,,,,,,,,,,月,,,,,,,,,,,,,,,,,土,,,
生野区,小路東,5丁目,1番,,,,,,,,,,,,,,,,,火金,,,,,,,,,,,,,,,,木,,,,,,,,,,,,,,,,月,,,,,,,,,,,,,,,,土,,
生野区,小路東,5丁目,2番,,,,,,,,,,,,,,,,,,,火金,,,,,,,,,,,,,,木,,,,,,,,,,,,,,,,月,,,,,,,,,,,,,,,,土,,
生野区,小路東,5丁目,3番,,,,,,,,,,,,,,,,,,,火金,,,,,,,,,,,,,,木,,,,,,,,,,,,,,,,月,,,,,,,,,,,,,,,,,土,
生野区,小路東,5丁目,4番,,,,,,,,,,,,,,,,,,,火金,,,,,,,,,,,,,,木,,,,,,,,,,,,,,,,月,,,,,,,,,,,,,,,,,土,
生野区,小路東,5丁目,5番,,,,,,,,,,,,,,,,,,,火金,,,,,,,,,,,,木,,,,,,,,,,,,,,,,月,,,,,,,,,,,,,,,,,土,,,
生野区,小路東,5丁目,6番,,,,,,,,,,,,,,,,,,,火金,,,,,,,,,,,,木,,,,,,,,,,,,,,,,月,,,,,,,,,,,,,,,,,土,,,
生野区,小路東,5丁目,7番,,,,,,,,,,,,,,,,,,,火金,,,,,,,,,,,,,,木,,,,,,,,,,,,,,,,月,,,,,,,,,,,,,,,土,,,
生野区,小路東,5丁目,8番,,,,,,,,,,,,,,,,,,,火金,,,,,,,,,,,,,,木,,,,,,,,,,,,,,,,月,,,,,,,,,,,,,,,土,,,
生野区,小路東,5丁目,9番,,,,,,,,,,,,,,,,,,,火金,,,,,,,,,,,,,,木,,,,,,,,,,,,,,,,月,,,,,,,,,,,,,,土,,,,
生野区,小路東,5丁目,10番,,,,,,,,,,,,,,,,,,,火金,,,,,,,,,,,,,,木,,,,,,,,,,,,,,,,月,,,,,,,,,,,,,,土,,,,
生野区,小路東,5丁目,11番,,,,,,,,,,,,,,,,,,,火金,,,,,,,,,,,,,,木,,,,,,,,,,,,,,,,月,,,,,,,,,,,,,,,土,,,
生野区,小路東,5丁目,12番,,,,,,,,,,,,,,,,,,,火金,,,,,,,,,,,,,,木,,,,,,,,,,,,,,,,月,,,,,,,,,,,,,,,,,土,
生野区,小路東,5丁目,13番,,,,,,,,,,,,,,,,,,,火金,,,,,,,,,,,,,,木,,,,,,,,,,,,,,,,月,,,,,,,,,,,,,,,,,土,
生野区,小路東,5丁目,14番,,,,,,,,,,,,,,,,,,,火金,,,,,,,,,,,,,,木,,,,,,,,,,,,,,,,月,,,,,,,,,,,,,,,,土,,
生野区,小路東,5丁目,15番,,,,,,,,,,,,,,,,,火金,,,,,,,,,,,,,,,,木,,,,,,,,,,,,,,,,月,,,,,,,,,,,,,,,,土,,
生野区,小路東,5丁目,16番,,,,,,,,,,,,,,,,,火金,,,,,,,,,,,,,,,,木,,,,,,,,,,,,,,,,月,,,,,,,,,,,,,,,,土,,
生野区,小路東,5丁目,17番,,,,,,,,,,,,,,,,,,,火金,,,,,,,,,,,,,,木,,,,,,,,,,,,,,,,月,,,,,,,,,,,,,,,土,,,
生野区,小路東,5丁目,18番,,,,,,,,,,,,,,,,,,,火金,,,,,,,,,,,,,,木,,,,,,,,,,,,,,,,月,,,,,,,,,,,,,,,,,土,
生野区,小路東,5丁目,19番,,,,,,,,,,,,,,,,,,,火金,,,,,,,,,,,,,,木,,,,,,,,,,,,,,,,月,,,,,,,,,,,,,,,,,土,
生野区,小路東,5丁目,20番,,,,,,,,,,,,,,,,,,,火金,,,,,,,,,,,,,,木,,,,,,,,,,,,,,,,月,,,,,,,,,,,,,,,,,土,
生野区,小路東,5丁目,21番,,,,,,,,,,,,,,,,,,,火金,,,,,,,,,,,,木,,,,,,,,,,,,,,,,月,,,,,,,,,,,,,,,,,,土,,
生野区,小路東,5丁目,22番,,,,,,,,,,,,,,,,,,,火金,,,,,,,,,,,,木,,,,,,,,,,,,,,,,月,,,,,,,,,,,,,,,,,,土,,
生野区,小路東,6丁目,1番,,,,,,,,,,,,,,,,,,火金,,,,,,,,,,,,,,,木,,,,,,,,,,,,,,,,月,,,,,,,,,,,,,,,土,,,
生野区,小路東,6丁目,2番,,,,,,,,,,,,,,,,,,火金,,,,,,,,,,,,,,,木,,,,,,,,,,,,,,,,月,,,,,,,,,,,,,,,土,,,
生野区,小路東,6丁目,3番,,,,,,,,,,,,,,,,,,火金,,,,,,,,,,,,,,,木,,,,,,,,,,,,,,,,月,,,,,,,,,,,,,,,土,,,
生野区,小路東,6丁目,4番,,,,,,,,,,,,,,,,,火金,,,,,,,,,,,,,,,,木,,,,,,,,,,,,,,,,月,,,,,,,,,,,,,,,土,,,
生野区,小路東,6丁目,5番,,,,,,,,,,,,,,,,,,,火金,,,,,,,,,,,,,,木,,,,,,,,,,,,,,,,月,,,,,,,,,,,,,,,土,,,
生野区,小路東,6丁目,6番,,,,,,,,,,,,,,,,,火金,,,,,,,,,,,,,,,,木,,,,,,,,,,,,,,,,月,,,,,,,,,,,,,,,土,,,
生野区,小路東,6丁目,7番,,,,,,,,,,,,,,,,,,,火金,,,,,,,,,,,,木,,,,,,,,,,,,,,,,月,,,,,,,,,,,,,,,,,土,,,
生野区,小路東,6丁目,8番,,,,,,,,,,,,,,,,,火金,,,,,,,,,,,,,,木,,,,,,,,,,,,,,,,月,,,,,,,,,,,,,,,,,土,,,
生野区,小路東,6丁目,9番,,,,,,,,,,,,,,,,,火金,,,,,,,,,,,,,,木,,,,,,,,,,,,,,,,月,,,,,,,,,,,,,,,,,土,,,
生野区,小路東,6丁目,10番,,,,,,,,,,,,,,,,,,火金,,,,,,,,,,,,,木,,,,,,,,,,,,,,,,月,,,,,,,,,,,,,,,,,土,,,
生野区,小路東,6丁目,11番,,,,,,,,,,,,,,,,,,火金,,,,,,,,,,,,,木,,,,,,,,,,,,,,,,月,,,,,,,,,,,,,,,,,土,,,
生野区,小路東,6丁目,12番,,,,,,,,,,,,,,,,,火金,,,,,,,,,,,,,,木,,,,,,,,,,,,,,,,月,,,,,,,,,,,,,,,,,土,,,
生野区,小路東,6丁目,13番,,,,,,,,,,,,,,,,,,,火金,,,,,,,,,,,,木,,,,,,,,,,,,,,,,月,,,,,,,,,,,,,,,,,土,,,
生野区,小路東,6丁目,14番,,,,,,,,,,,,,,,,,,,火金,,,,,,,,,,,,木,,,,,,,,,,,,,,,,月,,,,,,,,,,,,,,,,,土,,,
生野区,新今里,1丁目,1番,,,,,,,月木,,,,,,,,,,,,,,,,金,,,,,,,,,,,,,,,,火,,,,,,,,,,,,,,,,,,,,,,,,,,,,
生野区,新今里,1丁目,2番,,,,,,,,月木,,,,,,,,,,,,,,,金,,,,,,,,,,,,,,,,火,,,,,,,,,,,,,,,,,,,,,,,,,,,,
生野区,新今里,1丁目,3番,,,,,,,月木,,,,,,,,,,,,,,,,金,,,,,,,,,,,,,,,,火,,,,,,,,,,,,,,,,,,,,,,,,,,,,
生野区,新今里,1丁目,4番,,,,,,,月木,,,,,,,,,,,,,,,,金,,,,,,,,,,,,,,,,火,,,,,,,,,,,,,,,,,,,,,,,,,,,,
生野区,新今里,1丁目,5番,,,,,,,,月木,,,,,,,,,,,,,,,,,金,,,,,,,,,,,,,,,,火,,,,,,,,,,,,,,,,,,,,,,,,,,
生野区,新今里,1丁目,6番,,,,,,,月木,,,,,,,,,,,,,,,,,,金,,,,,,,,,,,,,,,,火,,,,,,,,,,,,,,,,,,,,,,,,,,
生野区,新今里,1丁目,7番,,,,,,,,,,,,,,,,月木,,,,,,,,,金,,,,,,,,,,,,,,,,火,,,,,,,,,,,,,,,,,,,,,,,,,,
生野区,新今里,1丁目,8番,,,,,,,,月木,,,,,,,,,,,,,,,,,金,,,,,,,,,,,,,,,,火,,,,,,,,,,,,,,,,,,,,,,,,,,
生野区,新今里,1丁目,9番,,,,,,,,月木,,,,,,,,,,,,,,,,,金,,,,,,,,,,,,,,,,火,,,,,,,,,,,,,,,,,,,,,,,,,,
生野区,新今里,1丁目,10番,,,,,,,,,,,,,,,,月木,,,,,,,,,金,,,,,,,,,,,,,,,,火,,,,,,,,,,,,,,,,,,,,,,,,,,
生野区,新今里,1丁目,11番,,,,,,,,,,,,,,,,月木,,,,,,,,,金,,,,,,,,,,,,,,,,火,,,,,,,,,,,,,,,,,,,,,,,,,,
生野区,新今里,1丁目,12番,,,,,,,月木,,,,,,,,,,,,,,,,,,金,,,,,,,,,,,,,,,,火,,,,,,,,,,,,,,,,,,,,,,,,,,
生野区,新今里,1丁目,13番,,,,,,,月木,,,,,,,,,,,,,,,,,,金,,,,,,,,,,,,,,,,火,,,,,,,,,,,,,,,,,,,,,,,,,,
生野区,新今里,1丁目,14番,,,,,,,月木,,,,,,,,,,,,,,,,,,金,,,,,,,,,,,,,,,,火,,,,,,,,,,,,,,,,,,,,,,,,,,
生野区,新今里,1丁目,15番,,,,,,,月木,,,,,,,,,,,,,,,,,,金,,,,,,,,,,,,,,,,火,,,,,,,,,,,,,,,,,,,,,,,,,,
生野区,新今里,1丁目,16番,,,,,,,月木,,,,,,,,,,,,,,,,,,金,,,,,,,,,,,,,,,,火,,,,,,,,,,,,,,,,,,,,,,,,,,
生野区,新今里,1丁目,17番,,,,,,,月木,,,,,,,,,,,,,,,,,,金,,,,,,,,,,,,,,,,火,,,,,,,,,,,,,,,,,,,,,,,,,,
生野区,新今里,1丁目,18番,,,,,,,月木,,,,,,,,,,,,,,,,,,金,,,,,,,,,,,,,,,,火,,,,,,,,,,,,,,,,,,,,,,,,,,
生野区,新今里,1丁目,19番,,,,,,,月木,,,,,,,,,,,,,,,,,,金,,,,,,,,,,,,,,,,火,,,,,,,,,,,,,,,,,,,,,,,,,,
生野区,新今里,1丁目,20番,,,,,,,月木,,,,,,,,,,,,,,,,,,金,,,,,,,,,,,,,,,,火,,,,,,,,,,,,,,,,,,,,,,,,,,
生野区,新今里,2丁目,1番,,,,,,,月木,,,,,,,,,,,,,,,,金,,,,,,,,,,,,,,,,火,,,,,,,,,,,,,,,,,,,,,,,,,,,,
生野区,新今里,2丁目,2番,,,,,,,,,,,,,,,,,,,月木,,,,金,,,,,,,,,,,,,,,,火,,,,,,,,,,,,,,,,,,,,,,,,,,,,
生野区,新今里,2丁目,3番,,,,,,,,,,,,,,,,,,,月木,,,,金,,,,,,,,,,,,,,,,火,,,,,,,,,,,,,,,,,,,,,,,,,,,,
生野区,新今里,2丁目,4番,,,,,,,月木,,,,,,,,,,,,,,,,金,,,,,,,,,,,,,,,,火,,,,,,,,,,,,,,,,,,,,,,,,,,,,
生野区,新今里,2丁目,5番,,,,,,,月木,,,,,,,,,,,,,,,,金,,,,,,,,,,,,,,,,火,,,,,,,,,,,,,,,,,,,,,,,,,,,,
生野区,新今里,2丁目,6番,,,,,,,,,,,,,,,,,,月木,,,,,金,,,,,,,,,,,,,,,,火,,,,,,,,,,,,,,,,,,,,,,,,,,,,
生野区,新今里,2丁目,7番,,,,,,,,,,,,,,,月木,,,,,,,,金,,,,,,,,,,,,,,,,火,,,,,,,,,,,,,,,,,,,,,,,,,,,,
生野区,新今里,2丁目,8番,,,,,,,,,,,,,,,,,月木,,,,,,金,,,,,,,,,,,,,,,,火,,,,,,,,,,,,,,,,,,,,,,,,,,,,
生野区,新今里,2丁目,9番,,,,,,,,,,,,,,,,月木,,,,,,,金,,,,,,,,,,,,,,,,火,,,,,,,,,,,,,,,,,,,,,,,,,,,,
生野区,新今里,2丁目,10番,,,,,,,,,,,,,,,月木,,,,,,,,金,,,,,,,,,,,,,,,,火,,,,,,,,,,,,,,,,,,,,,,,,,,,,
生野区,新今里,2丁目,11番,,,,,,,,,,,,,,,,,月木,,,,,,金,,,,,,,,,,,,,,,,火,,,,,,,,,,,,,,,,,,,,,,,,,,,,
生野区,新今里,2丁目,13番,,,,,,,,,,,,,,,,,月木,,,,,,金,,,,,,,,,,,,,,,,火,,,,,,,,,,,,,,,,,,,,,,,,,,,,
生野区,新今里,3丁目,1番,,,,,,,,,,,,,,,,月木,,,,,,,,,,,,,,,,,金,,,,,,,,,,,,,,,,火,,,,,,,,,,,,,,,,,,
生野区,新今里,3丁目,2番,,,,,,,,,,,,,,,,月木,,,,,,,,,,,,,,,,,金,,,,,,,,,,,,,,,,火,,,,,,,,,,,,,,,,,,
生野区,新今里,3丁目,3番,,,,,,,,,,,,,,,,月木,,,,,,,,,,,,,,,,,金,,,,,,,,,,,,,,,,火,,,,,,,,,,,,,,,,,,
生野区,新今里,3丁目,4番,,,,,,,,,,,,,,,,,月木,,,,,,,,,,,,,,,,金,,,,,,,,,,,,,,,,火,,,,,,,,,,,,,,,,,,
生野区,新今里,3丁目,5番,,,,,,,,,,,,,,,,月木,,,,,,,,,,,,,,,,,金,,,,,,,,,,,,,,,,火,,,,,,,,,,,,,,,,,,
生野区,新今里,3丁目,6番,,,,,,,,,,,,,,,月木,,,,,,,,,,,,,,,,,,金,,,,,,,,,,,,,,,,火,,,,,,,,,,,,,,,,,,
生野区,新今里,3丁目,7番,,,,,,,,,,,,,,,,月木,,,,,,,,,,,,,,,,,金,,,,,,,,,,,,,,,,火,,,,,,,,,,,,,,,,,,
生野区,新今里,3丁目,8番,,,,,,,,,,,,,,,月木,,,,,,,,,,,,,,,,,,金,,,,,,,,,,,,,,,,火,,,,,,,,,,,,,,,,,,
生野区,新今里,3丁目,9番,,,,,,,,,,,,,,,月木,,,,,,,,,,,,,,,,,,金,,,,,,,,,,,,,,,,火,,,,,,,,,,,,,,,,,,
生野区,新今里,3丁目,10番,,,,,,,,,,,,,,,,月木,,,,,,,,,,,,,,,,,金,,,,,,,,,,,,,,,,火,,,,,,,,,,,,,,,,,,
生野区,新今里,3丁目,11番,,,,,,,,,,,,,,,,月木,,,,,,,,,,,,,,,,,金,,,,,,,,,,,,,,,,火,,,,,,,,,,,,,,,,,,
生野区,新今里,3丁目,12番,,,,,,,,,,,,,,,月木,,,,,,,,,,,,,,,,,,金,,,,,,,,,,,,,,,,火,,,,,,,,,,,,,,,,,,
生野区,新今里,3丁目,13番,,,,,,,,,,,,,,,月木,,,,,,,,,,,,,,,,,,金,,,,,,,,,,,,,,,,火,,,,,,,,,,,,,,,,,,
生野区,新今里,3丁目,14番,,,,,,,,,,,,,,,月木,,,,,,,,,,,,,,,,金,,,,,,,,,,,,,,,,火,,,,,,,,,,,,,,,,,,,,
生野区,新今里,3丁目,15番,,,,,,,,,,,,,,,月木,,,,,,,,,,,,,,,,金,,,,,,,,,,,,,,,,火,,,,,,,,,,,,,,,,,,,,
生野区,新今里,3丁目,16番,,,,,,,,,,,,,,,月木,,,,,,,,,,,,,,,,金,,,,,,,,,,,,,,,,火,,,,,,,,,,,,,,,,,,,,
生野区,新今里,3丁目,17番,,,,,,,,,,,,,,,月木,,,,,,,,,,,,,,,,金,,,,,,,,,,,,,,,,火,,,,,,,,,,,,,,,,,,,,
生野区,新今里,3丁目,18番,,,,,,,,,,,,,,,月木,,,,,,,,,,,,,,,,金,,,,,,,,,,,,,,,,火,,,,,,,,,,,,,,,,,,,,
生野区,新今里,3丁目,19番,,,,,,,,,,,,,,,月木,,,,,,,,,,,,,,,,金,,,,,,,,,,,,,,,,火,,,,,,,,,,,,,,,,,,,,
生野区,新今里,3丁目,20番,,,,,,,,,,,,,,,,月木,,,,,,,,,,,,,,,金,,,,,,,,,,,,,,,,火,,,,,,,,,,,,,,,,,,,,
生野区,新今里,3丁目,21番,,,,,,,,,,,,,,,,月木,,,,,,,,,,,,,,,金,,,,,,,,,,,,,,,,火,,,,,,,,,,,,,,,,,,,,
生野区,新今里,3丁目,22番,,,,,,,,,,,,,,,月木,,,,,,,,,,,,,,,,金,,,,,,,,,,,,,,,,火,,,,,,,,,,,,,,,,,,,,
生野区,新今里,3丁目,23番,,,,,,,,,,,,,,,月木,,,,,,,,,,,,,,,,金,,,,,,,,,,,,,,,,火,,,,,,,,,,,,,,,,,,,,
生野区,新今里,3丁目,24番,,,,,,,,,,,,,,,月木,,,,,,,,,,,,,,,,金,,,,,,,,,,,,,,,,火,,,,,,,,,,,,,,,,,,,,
生野区,新今里,4丁目,1番,,,,,,,,,,,,,,,,月木,,,,,,,金,,,,,,,,,,,,,,,,火,,,,,,,,,,,,,,,,,,,,,,,,,,,,
生野区,新今里,4丁目,2番,,,,,,,,,,,,,,,,,,,月木,,,,金,,,,,,,,,,,,,,,,火,,,,,,,,,,,,,,,,,,,,,,,,,,,,
生野区,新今里,4丁目,3番,,,,,,,,,,,,,,,,,月木,,,,,,金,,,,,,,,,,,,,,,,火,,,,,,,,,,,,,,,,,,,,,,,,,,,,
生野区,新今里,4丁目,4番,,,,,,,,,,,,,,,,,月木,,,,,,金,,,,,,,,,,,,,,,,火,,,,,,,,,,,,,,,,,,,,,,,,,,,,
生野区,新今里,4丁目,5番,,,,,,,,,,,,,,,,月木,,,,,,,金,,,,,,,,,,,,,,,,火,,,,,,,,,,,,,,,,,,,,,,,,,,,,
生野区,新今里,4丁目,6番,,,,,,,,,,,,,,,月木,,,,,,,,金,,,,,,,,,,,,,,,,火,,,,,,,,,,,,,,,,,,,,,,,,,,,,
生野区,新今里,4丁目,7番,,,,,,,,,,,,,,,,月木,,,,,,,金,,,,,,,,,,,,,,,,火,,,,,,,,,,,,,,,,,,,,,,,,,,,,
生野区,新今里,4丁目,8番,,,,,,,,,,,,,,,,,月木,,,,,,金,,,,,,,,,,,,,,,,火,,,,,,,,,,,,,,,,,,,,,,,,,,,,
生野区,新今里,4丁目,9番,,,,,,,,,,,,,,,,,月木,,,,,,金,,,,,,,,,,,,,,,,火,,,,,,,,,,,,,,,,,,,,,,,,,,,,
生野区,新今里,4丁目,10番,,,,,,,,,,,,,,,,,,月木,,,,,金,,,,,,,,,,,,,,,,火,,,,,,,,,,,,,,,,,,,,,,,,,,,,
生野区,新今里,4丁目,11番,,,,,,,,,,,,,,,,,月木,,,,,,金,,,,,,,,,,,,,,,,火,,,,,,,,,,,,,,,,,,,,,,,,,,,,
生野区,新今里,4丁目,12番,,,,,,,,,,,,,,,,月木,,,,,,,金,,,,,,,,,,,,,,,,火,,,,,,,,,,,,,,,,,,,,,,,,,,,,
生野区,新今里,4丁目,13番,,,,,,,,,,,,,,,,,,,月木,,,,金,,,,,,,,,,,,,,,,火,,,,,,,,,,,,,,,,,,,,,,,,,,,,
生野区,新今里,5丁目,1番,,,,,,,,,,,,,,,,,月木,,,,,,,,,,,,,,,,金,,,,,,,,,,,,,,,,火,,,,,,,,,,,,,,,,,,
生野区,新今里,5丁目,2番,,,,,,,,,,,,,,,,,月木,,,,,,,,,,,,,,,,金,,,,,,,,,,,,,,,,火,,,,,,,,,,,,,,,,,,
生野区,新今里,5丁目,3番,,,,,,,,,,,,,,,,月木,,,,,,,,,,,,,,,,,金,,,,,,,,,,,,,,,,火,,,,,,,,,,,,,,,,,,
生野区,新今里,5丁目,4番,,,,,,,,,,,,,,,,月木,,,,,,,,,,,,,,,,,金,,,,,,,,,,,,,,,,火,,,,,,,,,,,,,,,,,,
生野区,新今里,5丁目,5番,,,,,,,,,,,,,,,,月木,,,,,,,,,,,,,,,,,金,,,,,,,,,,,,,,,,火,,,,,,,,,,,,,,,,,,
生野区,新今里,5丁目,6番,,,,,,,,,,,,,,,,月木,,,,,,,,,,,,,,,,,金,,,,,,,,,,,,,,,,火,,,,,,,,,,,,,,,,,,
生野区,新今里,5丁目,7番,,,,,,,,,,,,,,,月木,,,,,,,,,,,,,,,,金,,,,,,,,,,,,,,,,火,,,,,,,,,,,,,,,,,,,,
生野区,新今里,5丁目,8番,,,,,,,,,,,,,,,月木,,,,,,,,,,,,,,,,金,,,,,,,,,,,,,,,,火,,,,,,,,,,,,,,,,,,,,
生野区,新今里,5丁目,9番,,,,,,,,,,,,,,,月木,,,,,,,,,,,,,,,,金,,,,,,,,,,,,,,,,火,,,,,,,,,,,,,,,,,,,,
生野区,新今里,5丁目,10番,,,,,,,,,,,,,,,月木,,,,,,,,,,,,,,,,金,,,,,,,,,,,,,,,,火,,,,,,,,,,,,,,,,,,,,
生野区,新今里,5丁目,11番,,,,,,,,,,,,,,,月木,,,,,,,,,,,,,,,,金,,,,,,,,,,,,,,,,火,,,,,,,,,,,,,,,,,,,,
生野区,新今里,5丁目,12番,,,,,,,,,,,,,,,,月木,,,,,,,,,,,,,,,金,,,,,,,,,,,,,,,,火,,,,,,,,,,,,,,,,,,,,
生野区,新今里,5丁目,13番,,,,,,,,,,,,,,,,月木,,,,,,,,,,,,,,,金,,,,,,,,,,,,,,,,火,,,,,,,,,,,,,,,,,,,,
生野区,新今里,5丁目,14番,,,,,,,,,,,,,,,,月木,,,,,,,,,,,,,,,金,,,,,,,,,,,,,,,,火,,,,,,,,,,,,,,,,,,,,
生野区,新今里,5丁目,15番,,,,,,,,,,,,,,,,月木,,,,,,,,,,,,,,,金,,,,,,,,,,,,,,,,火,,,,,,,,,,,,,,,,,,,,
生野区,新今里,5丁目,16番,,,,,,,,,,,,,,,,,月木,,,,,,,,,,,,,,金,,,,,,,,,,,,,,,,火,,,,,,,,,,,,,,,,,,,,
生野区,新今里,6丁目,1番,,,,,,,,,,,,,,,,,月木,,,,,,,金,,,,,,,,,,,,,,,,火,,,,,,,,,,,,,,,,,,,,,,,,,,,
生野区,新今里,6丁目,2番,軽四輪車(小さい車)で収集している地域,,,,,,水土,,,,,,,,,,,,,,,,,金,,,,,,,,,,,,,,,,火,,,,,,,,,,,,,,,,,,,,,,,,,,,
生野区,新今里,6丁目,2番,上記以外,,,,,,,,,,,,,,月木,,,,,,,,,,,,,,,,金,,,,,,,,,,,,,,,,火,,,,,,,,,,,,,,,,,,,,
生野区,新今里,6丁目,3番,軽四輪車(小さい車)で収集している地域,,,,,,水土,,,,,,,,,,,,,,,,,金,,,,,,,,,,,,,,,,火,,,,,,,,,,,,,,,,,,,,,,,,,,,
生野区,新今里,6丁目,3番,上記以外,,,,,,,,,,,,,,,月木,,,,,,,,,,,,,,,金,,,,,,,,,,,,,,,,火,,,,,,,,,,,,,,,,,,,,
生野区,新今里,6丁目,4番,,,,,,,,,,,,,,,,月木,,,,,,,金,,,,,,,,,,,,,,,,火,,,,,,,,,,,,,,,,,,,,,,,,,,,,
生野区,新今里,6丁目,5番,,,,,,,,,,,,,,,,月木,,,,,,,金,,,,,,,,,,,,,,,,火,,,,,,,,,,,,,,,,,,,,,,,,,,,,
生野区,新今里,6丁目,6番,,,,,,,,,,,,,,,,,月木,,,,,,金,,,,,,,,,,,,,,,,火,,,,,,,,,,,,,,,,,,,,,,,,,,,,
生野区,新今里,6丁目,7番,,,,,,,,,,,,,,,,月木,,,,,,,金,,,,,,,,,,,,,,,,火,,,,,,,,,,,,,,,,,,,,,,,,,,,,
生野区,新今里,6丁目,8番,,,,,,,,,,,,,,,,,月木,,,,,,金,,,,,,,,,,,,,,,,火,,,,,,,,,,,,,,,,,,,,,,,,,,,,
生野区,新今里,6丁目,9番,,,,,,,,,,,,,,,,月木,,,,,,,金,,,,,,,,,,,,,,,,火,,,,,,,,,,,,,,,,,,,,,,,,,,,,
生野区,新今里,6丁目,10番,,,,,,,,,,,,,,,,月木,,,,,,,金,,,,,,,,,,,,,,,,火,,,,,,,,,,,,,,,,,,,,,,,,,,,,
生野区,新今里,6丁目,11番,,,,,,,,,,,,,,,,月木,,,,,,,金,,,,,,,,,,,,,,,,火,,,,,,,,,,,,,,,,,,,,,,,,,,,,
生野区,新今里,6丁目,12番,,,,,,,,,,,,,,,,月木,,,,,,,金,,,,,,,,,,,,,,,,火,,,,,,,,,,,,,,,,,,,,,,,,,,,,
生野区,新今里,6丁目,13番,,,,,,,,,,,,,,,,,月木,,,,,,金,,,,,,,,,,,,,,,,火,,,,,,,,,,,,,,,,,,,,,,,,,,,,
生野区,新今里,6丁目,14番,,,,,,,,,,,,,,,,,月木,,,,,,金,,,,,,,,,,,,,,,,火,,,,,,,,,,,,,,,,,,,,,,,,,,,,
生野区,新今里,6丁目,15番,,,,,,,,,,,,,,,,,月木,,,,,,金,,,,,,,,,,,,,,,,火,,,,,,,,,,,,,,,,,,,,,,,,,,,,
生野区,新今里,6丁目,16番,,,,,,,,,,,,,,,,月木,,,,,,,金,,,,,,,,,,,,,,,,火,,,,,,,,,,,,,,,,,,,,,,,,,,,,
生野区,新今里,7丁目,1番,,,,,,,,,,,,,,,,,,,月木,,,,,,,,,,,,,,金,,,,,,,,,,,,,,,,火,,,,,,,,,,,,,,,,,,
生野区,新今里,7丁目,2番,,,,,,,,,,,,,,,,,,,月木,,,,,,,,,,,,,,金,,,,,,,,,,,,,,,,火,,,,,,,,,,,,,,,,,,
生野区,新今里,7丁目,3番,,,,,,,,,,,,,,,,,,,月木,,,,,,,,,,,,,,金,,,,,,,,,,,,,,,,火,,,,,,,,,,,,,,,,,,
生野区,新今里,7丁目,4番,,,,,,,,,,,,,,,,,,,月木,,,,,,,,,,,,,,金,,,,,,,,,,,,,,,,火,,,,,,,,,,,,,,,,,,
生野区,新今里,7丁目,5番,,,,,,,,,,,,,,,,,,,月木,,,,,,,,,,,,,,金,,,,,,,,,,,,,,,,火,,,,,,,,,,,,,,,,,,
生野区,新今里,7丁目,6番,,,,,,,,,,,,,,,,,,,月木,,,,,,,,,,,,,,金,,,,,,,,,,,,,,,,火,,,,,,,,,,,,,,,,,,
生野区,新今里,7丁目,7番,,,,,,,,,,,,,,,,,,,月木,,,,,,,,,,,,,,金,,,,,,,,,,,,,,,,火,,,,,,,,,,,,,,,,,,
生野区,新今里,7丁目,8番,,,,,,,,,,,,,,,,,月木,,,,,,,,,,,,,,,,金,,,,,,,,,,,,,,,,火,,,,,,,,,,,,,,,,,,
生野区,新今里,7丁目,9番,,,,,,,,,,,,,,,,,,,月木,,,,,,,,,,,,,,金,,,,,,,,,,,,,,,,火,,,,,,,,,,,,,,,,,,
生野区,新今里,7丁目,10番,,,,,,,,,,,,,,,,,月木,,,,,,,,,,,,,,,,金,,,,,,,,,,,,,,,,火,,,,,,,,,,,,,,,,,,
生野区,新今里,7丁目,11番,,,,,,,,,,,,,,,,,,,月木,,,,,,,,,,,,,,金,,,,,,,,,,,,,,,,火,,,,,,,,,,,,,,,,,,
生野区,新今里,7丁目,12番,,,,,,,,,,,,,,,,,,,月木,,,,,,,,,,,,,,金,,,,,,,,,,,,,,,,火,,,,,,,,,,,,,,,,,,
生野区,新今里,7丁目,13番,,,,,,,,,,,,,,,,,,,月木,,,,,,,,,,,,,,金,,,,,,,,,,,,,,,,火,,,,,,,,,,,,,,,,,,
生野区,新今里,7丁目,14番,,,,,,,,,,,,,,,,,月木,,,,,,,,,,,,,,,,金,,,,,,,,,,,,,,,,火,,,,,,,,,,,,,,,,,,
生野区,新今里,7丁目,15番,,,,,,,,,,,,,,,,,,,月木,,,,,,,,,,,,,,金,,,,,,,,,,,,,,,,火,,,,,,,,,,,,,,,,,,
生野区,新今里,7丁目,16番,,,,,,,,,,,,,,,,,,,月木,,,,,,,,,,,,,,金,,,,,,,,,,,,,,,,火,,,,,,,,,,,,,,,,,,
生野区,新今里,7丁目,17番,,,,,,,,,,,,,,,,,,,月木,,,,,,,,,,,,,,金,,,,,,,,,,,,,,,,火,,,,,,,,,,,,,,,,,,
生野区,田島,1丁目,1番,,,,,,,,,,,,,,,火金,,,,,,,,,,木,,,,,,,,,,,,,,,,月,,,,,,,,,,,,,,,,,,,,,,,,,,
生野区,田島,1丁目,2番,,,,,,,,,,,,,,,火金,,,,,,,,,,木,,,,,,,,,,,,,,,,月,,,,,,,,,,,,,,,,,,,,,,,,,,
生野区,田島,1丁目,3番,,,,,,,,,,,,,,,火金,,,,,,,,,,木,,,,,,,,,,,,,,,,月,,,,,,,,,,,,,,,,,,,,,,,,,,
生野区,田島,1丁目,4番,,,,,,,,,,,,,,,火金,,,,,,,,,,木,,,,,,,,,,,,,,,,月,,,,,,,,,,,,,,,,,,,,,,,,,,
生野区,田島,1丁目,5番,,,,,,,,,,,,,,,火金,,,,,,,,,,木,,,,,,,,,,,,,,,,月,,,,,,,,,,,,,,,,,,,,,,,,,,
生野区,田島,1丁目,6番,,,,,,,,,,,,,,,火金,,,,,,,,,,,,,,,,木,,,,,,,,,,,,,,,,月,,,,,,,,,,,,,,,,,,,,
生野区,田島,1丁目,7番,,,,,,,,,,,,,,,火金,,,,,,,,,,,,,,,,木,,,,,,,,,,,,,,,,月,,,,,,,,,,,,,,,,,,,,
生野区,田島,1丁目,8番,,,,,,,,,,,,,,,火金,,,,,,,,,,,,,,,,木,,,,,,,,,,,,,,,,月,,,,,,,,,,,,,,,,,,,,
生野区,田島,1丁目,9番,,,,,,,,,,,,,,,火金,,,,,,,,,,,,,,,,木,,,,,,,,,,,,,,,,月,,,,,,,,,,,,,,,,,,,,
生野区,田島,1丁目,10番,,,,,,,,,,,,,,,火金,,,,,,,,,,,,,,,,木,,,,,,,,,,,,,,,,月,,,,,,,,,,,,,,,,,,,,
生野区,田島,1丁目,11番,28号グランドール大池,,,,,,,,火金,,,,,,,,,,,,,,,,,,,,,,木,,,,,,,,,,,,,,,,月,,,,,,,,,,,,,,,,,,,,
生野区,田島,1丁目,11番,上記以外,,,,,,,,,,,,,,火金,,,,,,,,,,,,,,,,木,,,,,,,,,,,,,,,,月,,,,,,,,,,,,,,,,,,,,
生野区,田島,1丁目,12番,,,,,,,,,,,,,,,火金,,,,,,,,,,,,,,,,木,,,,,,,,,,,,,,,,月,,,,,,,,,,,,,,,,,,,,
生野区,田島,1丁目,13番,,,,,,,,,,,,,,,火金,,,,,,,,,,,,,,,,木,,,,,,,,,,,,,,,,月,,,,,,,,,,,,,,,,,,,,
生野区,田島,1丁目,14番,,,,,,,,,,,,,,,火金,,,,,,,,,,,,,,,,木,,,,,,,,,,,,,,,,月,,,,,,,,,,,,,,,,,,,,
生野区,田島,1丁目,15番,,,,,,,,,,,,,,,火金,,,,,,,,,,,,,,,,木,,,,,,,,,,,,,,,,月,,,,,,,,,,,,,,,,,,,,
生野区,田島,1丁目,16番,,,,,,,,,,,,,,,火金,,,,,,,,,,,,,,,,木,,,,,,,,,,,,,,,,月,,,,,,,,,,,,,,,,,,,,
生野区,田島,1丁目,17番,,,,,,,,,,,,,,,火金,,,,,,,,,,,,,,,,木,,,,,,,,,,,,,,,,月,,,,,,,,,,,,,,,,,,,,
生野区,田島,2丁目,1番,,,,,,,,,,,,,,,火金,,,,,,,,,,木,,,,,,,,,,,,,,,,月,,,,,,,,,,,,,,,,,,,,,,,,,,
生野区,田島,2丁目,2番,,,,,,,,,,,,,,,,火金,,,,,,,,,木,,,,,,,,,,,,,,,,月,,,,,,,,,,,,,,,,,,,,,,,,,,
生野区,田島,2丁目,3番,,,,,,,,,,,,,,,火金,,,,,,,,,,木,,,,,,,,,,,,,,,,月,,,,,,,,,,,,,,,,,,,,,,,,,,
生野区,田島,2丁目,4番,,,,,,,,,,,,,,,,火金,,,,,,,,,木,,,,,,,,,,,,,,,,月,,,,,,,,,,,,,,,,,,,,,,,,,,
生野区,田島,2丁目,5番,軽四輪車(小さい車)で収集している地域,,,,,,,,,,,,,,水土,,,,,,,,,,,,,,,,,,金,,,,,,,,,,,,,,,,火,,,,,,,,,,,,,,,,,,
生野区,田島,2丁目,5番,上記以外,,,,,,,,,,,,,,火金,,,,,,,,,,木,,,,,,,,,,,,,,,,月,,,,,,,,,,,,,,,,,,,,,,,,,,
生野区,田島,2丁目,6番,,,,,,,,,,,,,,,火金,,,,,,,,,,木,,,,,,,,,,,,,,,,月,,,,,,,,,,,,,,,,,,,,,,,,,,
生野区,田島,2丁目,7番,軽四輪車(小さい車)で収集している地域,,,,,,,,,,,,,,水土,,,,,,,,,,,,,,,,,,金,,,,,,,,,,,,,,,,火,,,,,,,,,,,,,,,,,,
生野区,田島,2丁目,7番,上記以外,,,,,,,,,,,,,,,火金,,,,,,,,,,,,,,,木,,,,,,,,,,,,,,,,月,,,,,,,,,,,,,,,,,,,,
生野区,田島,2丁目,8番,,,,,,,,,,,,,,,火金,,,,,,,,,,,,,,,,木,,,,,,,,,,,,,,,,月,,,,,,,,,,,,,,,,,,,,
生野区,田島,2丁目,9番,,,,,,,,,,,,,,,,火金,,,,,,,,,,,,,,,木,,,,,,,,,,,,,,,,月,,,,,,,,,,,,,,,,,,,,
生野区,田島,2丁目,10番,,,,,,,,,,,,,,,,火金,,,,,,,,,,,,,,,木,,,,,,,,,,,,,,,,月,,,,,,,,,,,,,,,,,,,,
生野区,田島,2丁目,11番,軽四輪車(小さい車)で収集している地域,,,,,,,,,,,,,,,,火金,,,,,,木,,,,,,,,,,,,,,,,月,,,,,,,,,,,,,,,,,,,,,,,,,,,,
生野区,田島,2丁目,11番,上記以外,,,,,,,,,,,,,,火金,,,,,,,,,,,,,,,,木,,,,,,,,,,,,,,,,月,,,,,,,,,,,,,,,,,,,,
生野区,田島,2丁目,12番,軽四輪車(小さい車)で収集している地域,,,,,,,,,,,,,,,,火金,,,,,,木,,,,,,,,,,,,,,,,月,,,,,,,,,,,,,,,,,,,,,,,,,,,,
生野区,田島,2丁目,12番,上記以外,,,,,,,,,,,,,,火金,,,,,,,,,,,,,,,,木,,,,,,,,,,,,,,,,月,,,,,,,,,,,,,,,,,,,,
生野区,田島,2丁目,13番,,,,,,,,,,,,,,,火金,,,,,,,,,,,,,,,,木,,,,,,,,,,,,,,,,月,,,,,,,,,,,,,,,,,,,,
生野区,田島,2丁目,14番,,,,,,,,,,,,,,,火金,,,,,,,,,,,,,,,,木,,,,,,,,,,,,,,,,月,,,,,,,,,,,,,,,,,,,,
生野区,田島,2丁目,15番,,,,,,,,,,,,,,,火金,,,,,,,,,,,,,,,,木,,,,,,,,,,,,,,,,月,,,,,,,,,,,,,,,,,,,,
生野区,田島,3丁目,1番,,,,,,,,,,,,,,,,火金,,,,,,,,,木,,,,,,,,,,,,,,,,月,,,,,,,,,,,,,,,,,,,,,,,,,,
生野区,田島,3丁目,2番,,,,,,,,,,,,,,,,火金,,,,,,,,,木,,,,,,,,,,,,,,,,月,,,,,,,,,,,,,,,,,,,,,,,,,,
生野区,田島,3丁目,3番,,,,,,,,,,,,,,,,火金,,,,,,,,,木,,,,,,,,,,,,,,,,月,,,,,,,,,,,,,,,,,,,,,,,,,,
生野区,田島,3丁目,4番,,,,,,,,,,,,,,,,火金,,,,,,,,,木,,,,,,,,,,,,,,,,月,,,,,,,,,,,,,,,,,,,,,,,,,,
生野区,田島,3丁目,5番,,,,,,,,,,,,,,,火金,,,,,,,,,,木,,,,,,,,,,,,,,,,月,,,,,,,,,,,,,,,,,,,,,,,,,,
生野区,田島,3丁目,6番,,,,,,,,,,,,,,,火金,,,,,,,,,,木,,,,,,,,,,,,,,,,月,,,,,,,,,,,,,,,,,,,,,,,,,,
生野区,田島,3丁目,7番,,,,,,,,,,,,,,,火金,,,,,,,,,,木,,,,,,,,,,,,,,,,月,,,,,,,,,,,,,,,,,,,,,,,,,,
生野区,田島,3丁目,8番,,,,,,,,,,,,,,,火金,,,,,,,,,,木,,,,,,,,,,,,,,,,月,,,,,,,,,,,,,,,,,,,,,,,,,,
生野区,田島,4丁目,1番,,,,,,,水土,,,,,,,,,,,,,,,,木,,,,,,,,,,,,,,,,月,,,,,,,,,,,,,,,,,,,,,,,,,,,,
生野区,田島,4丁目,2番,,,,,,,水土,,,,,,,,,,,,,,,,木,,,,,,,,,,,,,,,,月,,,,,,,,,,,,,,,,,,,,,,,,,,,,
生野区,田島,4丁目,3番,,,,,,,水土,,,,,,,,,,,,,,,,木,,,,,,,,,,,,,,,,月,,,,,,,,,,,,,,,,,,,,,,,,,,,,
生野区,田島,4丁目,4番,,,,,,,水土,,,,,,,,,,,,,,,,木,,,,,,,,,,,,,,,,月,,,,,,,,,,,,,,,,,,,,,,,,,,,,
生野区,田島,4丁目,5番,,,,,,,水土,,,,,,,,,,,,,,,,木,,,,,,,,,,,,,,,,月,,,,,,,,,,,,,,,,,,,,,,,,,,,,
生野区,田島,4丁目,6番,,,,,,,水土,,,,,,,,,,,,,,,,木,,,,,,,,,,,,,,,,月,,,,,,,,,,,,,,,,,,,,,,,,,,,,
生野区,田島,4丁目,7番,軽四輪車(小さい車)で収集している地域,,,,,,,,,,,,,,,水土,,,,,,,,,,,,,,,,,金,,,,,,,,,,,,,,,,火,,,,,,,,,,,,,,,,,,
生野区,田島,4丁目,7番,上記以外,,,,,,水土,,,,,,,,,,,,,,,,木,,,,,,,,,,,,,,,,月,,,,,,,,,,,,,,,,,,,,,,,,,,,,
生野区,田島,4丁目,8番,軽四輪車(小さい車)で収集している地域,,,,,,,,,,,,,,,水土,,,,,,,,,,,,,,,,,金,,,,,,,,,,,,,,,,火,,,,,,,,,,,,,,,,,,
生野区,田島,4丁目,8番,上記以外,,,,,,水土,,,,,,,,,,,,,,,,木,,,,,,,,,,,,,,,,月,,,,,,,,,,,,,,,,,,,,,,,,,,,,
生野区,田島,4丁目,9番,軽四輪車(小さい車)で収集している地域,,,,,,,,,,,,,,,,水土,,,,,,,,,,,,,,,,金,,,,,,,,,,,,,,,,火,,,,,,,,,,,,,,,,,,
生野区,田島,4丁目,9番,上記以外,,,,,,水土,,,,,,,,,,,,,,,,木,,,,,,,,,,,,,,,,月,,,,,,,,,,,,,,,,,,,,,,,,,,,,
生野区,田島,4丁目,10番,,,,,,,,,,,,,,,水土,,,,,,,,,,,,,,,,,,金,,,,,,,,,,,,,,,,火,,,,,,,,,,,,,,,,,,
生野区,田島,4丁目,11番,軽四輪車(小さい車)で収集している地域,,,,,,,,,,,,,,水土,,,,,,,,,,,,,,,,,,金,,,,,,,,,,,,,,,,火,,,,,,,,,,,,,,,,,,
生野区,田島,4丁目,11番,上記以外,,,,,,水土,,,,,,,,,,,,,,,,木,,,,,,,,,,,,,,,,月,,,,,,,,,,,,,,,,,,,,,,,,,,,,
生野区,田島,4丁目,12番,軽四輪車(小さい車)で収集している地域,,,,,,,,,,,,,,水土,,,,,,,,,,,,,,,,,,金,,,,,,,,,,,,,,,,火,,,,,,,,,,,,,,,,,,
生野区,田島,4丁目,12番,上記以外,,,,,,水土,,,,,,,,,,,,,,,,木,,,,,,,,,,,,,,,,月,,,,,,,,,,,,,,,,,,,,,,,,,,,,
生野区,田島,4丁目,13番,,,,,,,,,,,,,,,水土,,,,,,,,,,,,,,,,,,金,,,,,,,,,,,,,,,,火,,,,,,,,,,,,,,,,,,
生野区,田島,4丁目,14番,,,,,,,,,,,,,,,水土,,,,,,,,,,,,,,,,,,金,,,,,,,,,,,,,,,,火,,,,,,,,,,,,,,,,,,
生野区,田島,4丁目,15番,軽四輪車(小さい車)で収集している地域,,,,,,,,,,,,,,水土,,,,,,,,,,,,,,,,,,金,,,,,,,,,,,,,,,,火,,,,,,,,,,,,,,,,,,
生野区,田島,4丁目,15番,上記以外,,,,,,,水土,,,,,,,,,,,,,,,木,,,,,,,,,,,,,,,,月,,,,,,,,,,,,,,,,,,,,,,,,,,,,
生野区,田島,4丁目,16番,軽四輪車(小さい車)で収集している地域,,,,,,,,,,,,,,水土,,,,,,,,,,金,,,,,,,,,,,,,,,,火,,,,,,,,,,,,,,,,,,,,,,,,,,
生野区,田島,4丁目,16番,上記以外,,,,,,,水土,,,,,,,,,,,,,,,木,,,,,,,,,,,,,,,,月,,,,,,,,,,,,,,,,,,,,,,,,,,,,
生野区,田島,4丁目,17番,,,,,,,,,,,,,,,,水土,,,,,,,,,,,,,,,,,金,,,,,,,,,,,,,,,,火,,,,,,,,,,,,,,,,,,
生野区,田島,4丁目,18番,軽四輪車(小さい車)で収集している地域,,,,,,,,,,,,,,,水土,,,,,,,,,,,,,,,,,金,,,,,,,,,,,,,,,,火,,,,,,,,,,,,,,,,,,
生野区,田島,4丁目,18番,上記以外,,,,,,,水土,,,,,,,,,,,,,,,,,,,,,,,,,金,,,,,,,,,,,,,,,,火,,,,,,,,,,,,,,,,,,
生野区,田島,4丁目,19番,軽四輪車(小さい車)で収集している地域,,,,,,,,,,,,,,,水土,,,,,,,,,,,,,,,,,金,,,,,,,,,,,,,,,,火,,,,,,,,,,,,,,,,,,
生野区,田島,4丁目,19番,上記以外,,,,,,,水土,,,,,,,,,,,,,,,木,,,,,,,,,,,,,,,,月,,,,,,,,,,,,,,,,,,,,,,,,,,,,
生野区,田島,4丁目,20番,軽四輪車(小さい車)で収集している地域,,,,,,,,,,,,,,,水土,,,,,,,,,,,,,,,,,金,,,,,,,,,,,,,,,,火,,,,,,,,,,,,,,,,,,
生野区,田島,4丁目,20番,上記以外,,,,,,水土,,,,,,,,,,,,,,,,木,,,,,,,,,,,,,,,,月,,,,,,,,,,,,,,,,,,,,,,,,,,,,
生野区,田島,5丁目,1番,,,,,,,水土,,,,,,,,,,,,,,,,木,,,,,,,,,,,,,,,,月,,,,,,,,,,,,,,,,,,月,,,,,,,,,,
生野区,田島,5丁目,2番,,,,,,,水土,,,,,,,,,,,,,,,,木,,,,,,,,,,,,,,,,月,,,,,,,,,,,,,,,,,,月,,,,,,,,,,
生野区,田島,5丁目,3番,,,,,,,水土,,,,,,,,,,,,,,,,木,,,,,,,,,,,,,,,,月,,,,,,,,,,,,,,,,,,月,,,,,,,,,,
生野区,田島,5丁目,4番,,,,,,,水土,,,,,,,,,,,,,,,,木,,,,,,,,,,,,,,,,月,,,,,,,,,,,,,,,,,,月,,,,,,,,,,
生野区,田島,5丁目,5番,,,,,,,水土,,,,,,,,,,,,,,,,,,木,,,,,,,,,,,,,,,,月,,,,,,,,,,,,,,,,月,,,,,,,,,,
生野区,田島,5丁目,6番,,,,,,,水土,,,,,,,,,,,,,,,,,,木,,,,,,,,,,,,,,,,月,,,,,,,,,,,,,,,,月,,,,,,,,,,
生野区,田島,5丁目,7番,,,,,,,水土,,,,,,,,,,,,,,,,,,木,,,,,,,,,,,,,,,,月,,,,,,,,,,,,,,,,月,,,,,,,,,,
生野区,田島,5丁目,8番,,,,,,,水土,,,,,,,,,,,,,,,,,,木,,,,,,,,,,,,,,,,月,,,,,,,,,,,,,,,,月,,,,,,,,,,
生野区,田島,5丁目,9番,,,,,,,水土,,,,,,,,,,,,,,,,,,木,,,,,,,,,,,,,,,,月,,,,,,,,,,,,,,,,月,,,,,,,,,,
生野区,田島,5丁目,10番,,,,,,,,,,,水土,,,,,,,,,,,,,,木,,,,,,,,,,,,,,,,月,,,,,,,,,,,,,,,,月,,,,,,,,,,
生野区,田島,5丁目,11番,,,,,,,水土,,,,,,,,,,,,,,,,,,木,,,,,,,,,,,,,,,,月,,,,,,,,,,,,,,,,月,,,,,,,,,,
生野区,田島,5丁目,12番,,,,,,,水土,,,,,,,,,,,,,,,,,,木,,,,,,,,,,,,,,,,月,,,,,,,,,,,,,,,,月,,,,,,,,,,
生野区,田島,5丁目,13番,,,,,,,水土,,,,,,,,,,,,,,,,,,木,,,,,,,,,,,,,,,,月,,,,,,,,,,,,,,,,月,,,,,,,,,,
生野区,田島,5丁目,14番,,,,,,,水土,,,,,,,,,,,,,,,,木,,,,,,,,,,,,,,,,月,,,,,,,,,,,,,,,,,,月,,,,,,,,,,
生野区,田島,5丁目,15番,,,,,,,水土,,,,,,,,,,,,,,,,木,,,,,,,,,,,,,,,,月,,,,,,,,,,,,,,,,,,月,,,,,,,,,,
生野区,田島,5丁目,16番,,,,,,,水土,,,,,,,,,,,,,,,,木,,,,,,,,,,,,,,,,月,,,,,,,,,,,,,,,,,,,,,,,,,,,,
生野区,田島,5丁目,17番,,,,,,,水土,,,,,,,,,,,,,,,,木,,,,,,,,,,,,,,,,月,,,,,,,,,,,,,,,,,,,,,,,,,,,,
生野区,田島,5丁目,18番,,,,,,,水土,,,,,,,,,,,,,,,,木,,,,,,,,,,,,,,,,月,,,,,,,,,,,,,,,,,,,,,,,,,,,,
生野区,田島,5丁目,19番,,,,,,,水土,,,,,,,,,,,,,,,,木,,,,,,,,,,,,,,,,月,,,,,,,,,,,,,,,,,,,,,,,,,,,,
生野区,田島,5丁目,20番,,,,,,,水土,,,,,,,,,,,,,,,,木,,,,,,,,,,,,,,,,月,,,,,,,,,,,,,,,,,,,,,,,,,,,,
生野区,田島,5丁目,21番,,,,,,,水土,,,,,,,,,,,,,,,,木,,,,,,,,,,,,,,,,月,,,,,,,,,,,,,,,,,,,,,,,,,,,,
生野区,田島,5丁目,22番,,,,,,,水土,,,,,,,,,,,,,,,,木,,,,,,,,,,,,,,,,月,,,,,,,,,,,,,,,,,,,,,,,,,,,,
生野区,田島,5丁目,23番,,,,,,,,,,,,水土,,,,,,,,,,,木,,,,,,,,,,,,,,,,月,,,,,,,,,,,,,,,,,,月,,,,,,,,,,
生野区,田島,6丁目,1番,,,,,,,水土,,,,,,,,,,,,,,,,木,,,,,,,,,,,,,,,,月,,,,,,,,,,,,,,,,,,水,,,,,,,,,,
生野区,田島,6丁目,2番,,,,,,,水土,,,,,,,,,,,,,,,,木,,,,,,,,,,,,,,,,月,,,,,,,,,,,,,,,,,,水,,,,,,,,,,
生野区,田島,6丁目,3番,,,,,,,水土,,,,,,,,,,,,,,,,木,,,,,,,,,,,,,,,,月,,,,,,,,,,,,,,,,,,水,,,,,,,,,,
生野区,田島,6丁目,4番,,,,,,,水土,,,,,,,,,,,,,,,,木,,,,,,,,,,,,,,,,月,,,,,,,,,,,,,,,,,,水,,,,,,,,,,
生野区,田島,6丁目,5番,,,,,,,水土,,,,,,,,,,,,,,,,木,,,,,,,,,,,,,,,,月,,,,,,,,,,,,,,,,,,水,,,,,,,,,,
生野区,田島,6丁目,6番,,,,,,,水土,,,,,,,,,,,,,,,,木,,,,,,,,,,,,,,,,月,,,,,,,,,,,,,,,,,,水,,,,,,,,,,
生野区,田島,6丁目,7番,,,,,,,水土,,,,,,,,,,,,,,,,木,,,,,,,,,,,,,,,,月,,,,,,,,,,,,,,,,,,水,,,,,,,,,,
生野区,田島,6丁目,8番,,,,,,,水土,,,,,,,,,,,,,,,,木,,,,,,,,,,,,,,,,月,,,,,,,,,,,,,,,,,,水,,,,,,,,,,
生野区,田島,6丁目,9番,,,,,,,,水土,,,,,,,,,,,,,,,木,,,,,,,,,,,,,,,,月,,,,,,,,,,,,,,,,,,水,,,,,,,,,,
生野区,田島,6丁目,10番,,,,,,,水土,,,,,,,,,,,,,,,,木,,,,,,,,,,,,,,,,月,,,,,,,,,,,,,,,,,,水,,,,,,,,,,
生野区,田島,6丁目,11番,,,,,,,水土,,,,,,,,,,,,,,,,木,,,,,,,,,,,,,,,,月,,,,,,,,,,,,,,,,,,,水,,,,,,,,,
生野区,田島,6丁目,12番,,,,,,,,水土,,,,,,,,,,,,,,,木,,,,,,,,,,,,,,,,月,,,,,,,,,,,,,,,,,,,水,,,,,,,,,
生野区,田島,6丁目,13番,,,,,,,水土,,,,,,,,,,,,,,,,木,,,,,,,,,,,,,,,,月,,,,,,,,,,,,,,,,,,水,,,,,,,,,,
生野区,田島,6丁目,14番,,,,,,,水土,,,,,,,,,,,,,,,,木,,,,,,,,,,,,,,,,月,,,,,,,,,,,,,,,,,,水,,,,,,,,,,
生野区,田島,6丁目,15番,,,,,,,水土,,,,,,,,,,,,,,,,木,,,,,,,,,,,,,,,,月,,,,,,,,,,,,,,,,,,水,,,,,,,,,,
生野区,田島,6丁目,16番,,,,,,,水土,,,,,,,,,,,,,,,,木,,,,,,,,,,,,,,,,月,,,,,,,,,,,,,,,,,,水,,,,,,,,,,
生野区,田島,6丁目,17番,,,,,,,水土,,,,,,,,,,,,,,,,木,,,,,,,,,,,,,,,,月,,,,,,,,,,,,,,,,,,,水,,,,,,,,,
生野区,田島,6丁目,18番,,,,,,,水土,,,,,,,,,,,,,,,,木,,,,,,,,,,,,,,,,月,,,,,,,,,,,,,,,,,,水,,,,,,,,,,
生野区,巽北,1丁目,1番,軽四輪車(小さい車)で収集している地域,,,,,,,,,,月木,,,,,,,,,,,,,金,,,,,,,,,,,,,,,,火,,,,,,,,,,,,,,,,,,,,,,,,,,,
生野区,巽北,1丁目,1番,上記以外,,,,,,,,,,月木,,,,,,,,,,,,,,,,,,,,金,,,,,,,,,,,,,,,,火,,,,,,,,,,,,,,,,,,,,
生野区,巽北,1丁目,2番,,,,,,,,,,,,,,,,,月木,,,,,,,,,,,,,,金,,,,,,,,,,,,,,,,火,,,,,,,,,,,,,,,,,,,,
生野区,巽北,1丁目,3番,軽四輪車(小さい車)で収集している地域,,,,,,,,月木,,,,,,,,,,,,,,,金,,,,,,,,,,,,,,,,火,,,,,,,,,,,,,,,,,,,,,,,,,,,
生野区,巽北,1丁目,3番,上記以外,,,,,,,,,,,,,,,月木,,,,,,,,,,,,,,,金,,,,,,,,,,,,,,,,火,,,,,,,,,,,,,,,,,,,,
生野区,巽北,1丁目,4番,軽四輪車(小さい車)で収集している地域,,,,,,,,,,,,,,,,月木,,,,,,,金,,,,,,,,,,,,,,,,火,,,,,,,,,,,,,,,,,,,,,,,,,,,
生野区,巽北,1丁目,4番,上記以外,,,,,,,,,,,,,,,月木,,,,,,,,,,,,,,,,,金,,,,,,,,,,,,,,,,火,,,,,,,,,,,,,,,,,,
生野区,巽北,1丁目,5番,,,,,,,,,,,,,,,月木,,,,,,,,,,,,,,,,,,金,,,,,,,,,,,,,,,,火,,,,,,,,,,,,,,,,,,
生野区,巽北,1丁目,6番,,,,,,,,,,,,,,,月木,,,,,,,,,,,,,,,,,,金,,,,,,,,,,,,,,,,火,,,,,,,,,,,,,,,,,,
生野区,巽北,1丁目,7番,,,,,,,,,,,,,,,月木,,,,,,,,,,,,,,,,,,金,,,,,,,,,,,,,,,,火,,,,,,,,,,,,,,,,,,
生野区,巽北,1丁目,8番,,,,,,,,,,,,,,,月木,,,,,,,,,,,,,,,,,,金,,,,,,,,,,,,,,,,火,,,,,,,,,,,,,,,,,,
生野区,巽北,1丁目,9番,,,,,,,,,,,,,,,月木,,,,,,,,,,,,,,,,,,金,,,,,,,,,,,,,,,,火,,,,,,,,,,,,,,,,,,
生野区,巽北,1丁目,10番,,,,,,,,,,,,,,,月木,,,,,,,,,,,,,,,,,,金,,,,,,,,,,,,,,,,火,,,,,,,,,,,,,,,,,,
生野区,巽北,1丁目,11番,,,,,,,,,,,,,,,,月木,,,,,,,,,,,,,,,,,金,,,,,,,,,,,,,,,,火,,,,,,,,,,,,,,,,,,
生野区,巽北,1丁目,12番,,,,,,,,,,,,,,,月木,,,,,,,,,,,,,,,,,,金,,,,,,,,,,,,,,,,火,,,,,,,,,,,,,,,,,,
生野区,巽北,1丁目,13番,,,,,,,,,,,,,,,月木,,,,,,,,,,,,,,,,,,金,,,,,,,,,,,,,,,,火,,,,,,,,,,,,,,,,,,
生野区,巽北,1丁目,14番,,,,,,,,,,,,,,,,,,,月木,,,,,,,,,,,,,,金,,,,,,,,,,,,,,,,火,,,,,,,,,,,,,,,,,,
生野区,巽北,1丁目,15番,,,,,,,,,,,,,,,月木,,,,,,,,,,,,,,,,,,金,,,,,,,,,,,,,,,,火,,,,,,,,,,,,,,,,,,
生野区,巽北,1丁目,16番,,,,,,,,,,,,,,,月木,,,,,,,,,,,,,,,,,,金,,,,,,,,,,,,,,,,火,,,,,,,,,,,,,,,,,,
生野区,巽北,1丁目,17番,,,,,,,,,,,,,,,月木,,,,,,,,,,,,,,,,,,金,,,,,,,,,,,,,,,,火,,,,,,,,,,,,,,,,,,
生野区,巽北,1丁目,18番,,,,,,,,,,,,,,,,月木,,,,,,,,,,,,,,,,,金,,,,,,,,,,,,,,,,火,,,,,,,,,,,,,,,,,,
生野区,巽北,1丁目,19番,,,,,,,,,,,,,,,月木,,,,,,,,,,,,,,,,,,金,,,,,,,,,,,,,,,,火,,,,,,,,,,,,,,,,,,
生野区,巽北,1丁目,20番,,,,,,,,,,,,,,,月木,,,,,,,,,,,,,,,,,,金,,,,,,,,,,,,,,,,火,,,,,,,,,,,,,,,,,,
生野区,巽北,1丁目,21番,,,,,,,,,,,,,,,月木,,,,,,,,,,,,,,,,,,金,,,,,,,,,,,,,,,,火,,,,,,,,,,,,,,,,,,
生野区,巽北,1丁目,22番,,,,,,,,,,,,,,,,月木,,,,,,,,,,,,,,,,,金,,,,,,,,,,,,,,,,火,,,,,,,,,,,,,,,,,,
生野区,巽北,1丁目,23番,,,,,,,,,,,,,,,,月木,,,,,,,,,,,,,,,,,金,,,,,,,,,,,,,,,,火,,,,,,,,,,,,,,,,,,
生野区,巽北,1丁目,24番,,,,,,,,,,,,,,,月木,,,,,,,,,,,,,,,,,,金,,,,,,,,,,,,,,,,火,,,,,,,,,,,,,,,,,,
生野区,巽北,1丁目,25番,,,,,,,,,,,,,,,月木,,,,,,,,,,,,,,,,,,金,,,,,,,,,,,,,,,,火,,,,,,,,,,,,,,,,,,
生野区,巽北,1丁目,26番,,,,,,,,,,,,,,,,月木,,,,,,,,,,,,,,,,,金,,,,,,,,,,,,,,,,火,,,,,,,,,,,,,,,,,,
生野区,巽北,1丁目,27番,軽四輪車(小さい車)で収集している地域,,,,,,,,,,,,,,月木,,,,,,,,,,,,,,,,,,金,,,,,,,,,,,,,,,,火,,,,,,,,,,,,,,,,,,
生野区,巽北,1丁目,27番,上記以外,,,,,,,,,,,,,,,月木,,,,,,,,,,,,,,,,,金,,,,,,,,,,,,,,,,火,,,,,,,,,,,,,,,,,,
生野区,巽北,1丁目,28番,,,,,,,,,,,,,,,月木,,,,,,,,,,,,,,,,,,金,,,,,,,,,,,,,,,,火,,,,,,,,,,,,,,,,,,
生野区,巽北,1丁目,29番,,,,,,,,,,,,,,,,,,,月木,,,,,,,,,,,,,,金,,,,,,,,,,,,,,,,火,,,,,,,,,,,,,,,,,,
生野区,巽北,1丁目,30番,,,,,,,,,,,,,,,,,,,月木,,,,,,,,,,,,,,金,,,,,,,,,,,,,,,,火,,,,,,,,,,,,,,,,,,
生野区,巽北,2丁目,1番,,,,,,,,,,,,,,,月木,,,,,,,,,,,,,,,,金,,,,,,,,,,,,,,,,火,,,,,,,,,,,,,,,,,,,,
生野区,巽北,2丁目,2番,,,,,,,,,,,,,,,月木,,,,,,,,,,,,,,,,金,,,,,,,,,,,,,,,,火,,,,,,,,,,,,,,,,,,,,
生野区,巽北,2丁目,3番,,,,,,,,,,,,,,,,,,,月木,,,,,,,,,,,,金,,,,,,,,,,,,,,,,火,,,,,,,,,,,,,,,,,,,,
生野区,巽北,2丁目,4番,,,,,,,,,,,,,,,,,,,月木,,,,,,,,,,,,金,,,,,,,,,,,,,,,,火,,,,,,,,,,,,,,,,,,,,
生野区,巽北,2丁目,5番,,,,,,,,,,,,,,,,,,,月木,,,,,,,,,,,,金,,,,,,,,,,,,,,,,火,,,,,,,,,,,,,,,,,,,,
生野区,巽北,2丁目,6番,,,,,,,,,,,,,,,,,,,月木,,,,,,,,,,,,金,,,,,,,,,,,,,,,,火,,,,,,,,,,,,,,,,,,,,
生野区,巽北,2丁目,7番,,,,,,,,,,,,,,,,,,,月木,,,,,,,,,,,,金,,,,,,,,,,,,,,,,火,,,,,,,,,,,,,,,,,,,,
生野区,巽北,2丁目,8番,軽四輪車(小さい車)で収集している地域,,,,,,,,水土,,,,,,,,,,,,,,金,,,,,,,,,,,,,,,,火,,,,,,,,,,,,,,,,,,,,,,,,,,,,
生野区,巽北,2丁目,8番,上記以外,,,,,,,,,,,,,,,,,,月木,,,,,,,,,,,,金,,,,,,,,,,,,,,,,火,,,,,,,,,,,,,,,,,,,,
生野区,巽北,2丁目,9番,軽四輪車(小さい車)で収集している地域,,,,,,,水土,,,,,,,,,,,,,,,金,,,,,,,,,,,,,,,,火,,,,,,,,,,,,,,,,,,,,,,,,,,,,
生野区,巽北,2丁目,9番,上記以外,,,,,,,,,,,,,,,,,,月木,,,,,,,,,,,,金,,,,,,,,,,,,,,,,火,,,,,,,,,,,,,,,,,,,,
生野区,巽北,2丁目,10番,軽四輪車(小さい車)で収集している地域,,,,,,,,水土,,,,,,,,,,,,,,金,,,,,,,,,,,,,,,,火,,,,,,,,,,,,,,,,,,,,,,,,,,,,
生野区,巽北,2丁目,10番,上記以外,,,,,,,,,,,,,,,,,,月木,,,,,,,,,,,,金,,,,,,,,,,,,,,,,火,,,,,,,,,,,,,,,,,,,,
生野区,巽北,2丁目,11番,,,,,,,,,,,,,,,,,,,月木,,,,,,,,,,,,金,,,,,,,,,,,,,,,,火,,,,,,,,,,,,,,,,,,,,
生野区,巽北,2丁目,12番,,,,,,,,,,,,,,,,,,,月木,,,,,,,,,,,,金,,,,,,,,,,,,,,,,火,,,,,,,,,,,,,,,,,,,,
生野区,巽北,2丁目,13番,軽四輪車(小さい車)で収集している地域,,,,,,,水土,,,,,,,,,,,,,,,金,,,,,,,,,,,,,,,,火,,,,,,,,,,,,,,,,,,,,,,,,,,,,
生野区,巽北,2丁目,13番,上記以外,,,,,,,,,,,,,,,,,,月木,,,,,,,,,,,,金,,,,,,,,,,,,,,,,火,,,,,,,,,,,,,,,,,,,,
生野区,巽北,2丁目,14番,,,,,,,,,,,,,,,,,,,月木,,,,,,,,,,,,金,,,,,,,,,,,,,,,,火,,,,,,,,,,,,,,,,,,,,
生野区,巽北,2丁目,15番,,,,,,,,,,,,,,,,,,,月木,,,,,,,,,,,,金,,,,,,,,,,,,,,,,火,,,,,,,,,,,,,,,,,,,,
生野区,巽北,2丁目,16番,,,,,,,,,,,,,,,,,,,月木,,,,,,,,,,,,金,,,,,,,,,,,,,,,,火,,,,,,,,,,,,,,,,,,,,
生野区,巽北,2丁目,17番,,,,,,,,,,,,,,,,,,,月木,,,,,,,,,,,,金,,,,,,,,,,,,,,,,火,,,,,,,,,,,,,,,,,,,,
生野区,巽北,2丁目,18番,,,,,,,,,,,,,,,,,,,月木,,,,,,,,,,,,金,,,,,,,,,,,,,,,,火,,,,,,,,,,,,,,,,,,,,
生野区,巽北,2丁目,19番,,,,,,,,,,,,,,,,,,,月木,,,,,,,,,,,,金,,,,,,,,,,,,,,,,火,,,,,,,,,,,,,,,,,,,,
生野区,巽北,2丁目,20番,,,,,,,,,,,,,,,,,,,月木,,,,,,,,,,,,金,,,,,,,,,,,,,,,,火,,,,,,,,,,,,,,,,,,,,
生野区,巽北,2丁目,21番,,,,,,,,,,,,,,,,,,,月木,,,,,,,,,,,,金,,,,,,,,,,,,,,,,火,,,,,,,,,,,,,,,,,,,,
生野区,巽北,2丁目,22番,,,,,,,,,,,,,,,,,,,月木,,,,,,,,,,,,金,,,,,,,,,,,,,,,,火,,,,,,,,,,,,,,,,,,,,
生野区,巽北,2丁目,23番,,,,,,,,,,,,,,,,,,,月木,,,,,,,,,,,,金,,,,,,,,,,,,,,,,火,,,,,,,,,,,,,,,,,,,,
生野区,巽北,2丁目,24番,,,,,,,,,,,,,,,,,,,月木,,,,,,,,,,,,金,,,,,,,,,,,,,,,,火,,,,,,,,,,,,,,,,,,,,
生野区,巽北,3丁目,1番,,,,,,,,,,,,,,,,,,,月木,,,,,,,,,,,,金,,,,,,,,,,,,,,,,火,,,,,,,,,,,,,,,,,,,,
生野区,巽北,3丁目,2番,,,,,,,,,,,,,,,,,,,月木,,,,,,,,,,,,金,,,,,,,,,,,,,,,,火,,,,,,,,,,,,,,,,,,,,
生野区,巽北,3丁目,3番,,,,,,,,,,,,,,,,,,,月木,,,,,,,,,,,,金,,,,,,,,,,,,,,,,火,,,,,,,,,,,,,,,,,,,,
生野区,巽北,3丁目,4番,,,,,,,,,,,,,,,,,,,月木,,,,,,,,,,,,金,,,,,,,,,,,,,,,,火,,,,,,,,,,,,,,,,,,,,
生野区,巽北,3丁目,5番,,,,,,,,,,,,,,,,,,,月木,,,,,,,,,,,,金,,,,,,,,,,,,,,,,火,,,,,,,,,,,,,,,,,,,,
生野区,巽北,3丁目,6番,,,,,,,,,,,,,,,,,,,月木,,,,,,,,,,,,金,,,,,,,,,,,,,,,,火,,,,,,,,,,,,,,,,,,,,
生野区,巽北,3丁目,7番,,,,,,,,,,,,,,,,,,,月木,,,,,,,,,,,,金,,,,,,,,,,,,,,,,火,,,,,,,,,,,,,,,,,,,,
生野区,巽北,3丁目,8番,,,,,,,,,,,,,,,,,,,月木,,,,,,,,,,,,金,,,,,,,,,,,,,,,,火,,,,,,,,,,,,,,,,,,,,
生野区,巽北,3丁目,9番,,,,,,,,,,,,,,,,,,,月木,,,,,,,,,,,,金,,,,,,,,,,,,,,,,火,,,,,,,,,,,,,,,,,,,,
生野区,巽北,3丁目,10番,,,,,,,,,,,,,,,,,,,月木,,,,,,,,,,,,金,,,,,,,,,,,,,,,,火,,,,,,,,,,,,,,,,,,,,
生野区,巽北,3丁目,11番,,,,,,,,,,,,,,,,,,,月木,,,,,,,,,,,,金,,,,,,,,,,,,,,,,火,,,,,,,,,,,,,,,,,,,,
生野区,巽北,3丁目,12番,軽四輪車(小さい車)で収集している地域,,,,,,,水土,,,,,,,,,,,,,,,金,,,,,,,,,,,,,,,,火,,,,,,,,,,,,,,,,,,,,,,,,,,,,
生野区,巽北,3丁目,12番,上記以外,,,,,,,,,,,,,,,,,,月木,,,,,,,,,,,,金,,,,,,,,,,,,,,,,火,,,,,,,,,,,,,,,,,,,,
生野区,巽北,3丁目,13番,,,,,,,,,,,,,,,,,,,月木,,,,,,,,,,,,金,,,,,,,,,,,,,,,,火,,,,,,,,,,,,,,,,,,,,
生野区,巽北,3丁目,14番,,,,,,,,,,,,,,,,,,,月木,,,,,,,,,,,,金,,,,,,,,,,,,,,,,火,,,,,,,,,,,,,,,,,,,,
生野区,巽北,3丁目,15番,,,,,,,,,,,,,,,,,,,月木,,,,,,,,,,,,金,,,,,,,,,,,,,,,,火,,,,,,,,,,,,,,,,,,,,
生野区,巽北,3丁目,16番,,,,,,,,,,,,,,,,,,月木,,,,,,,,,,,,,金,,,,,,,,,,,,,,,,火,,,,,,,,,,,,,,,,,,,,
生野区,巽北,3丁目,17番,,,,,,,,,,,,,,,,,,,月木,,,,,,,,,,,,金,,,,,,,,,,,,,,,,火,,,,,,,,,,,,,,,,,,,,
生野区,巽北,3丁目,18番,,,,,,,,,,,,,,,,,,,月木,,,,,,,,,,,,金,,,,,,,,,,,,,,,,火,,,,,,,,,,,,,,,,,,,,
生野区,巽北,3丁目,19番,,,,,,,,,,,,,,,,,,,月木,,,,,,,,,,,,金,,,,,,,,,,,,,,,,火,,,,,,,,,,,,,,,,,,,,
生野区,巽北,3丁目,20番,,,,,,,,,,,,,,,,,,,月木,,,,,,,,,,,,金,,,,,,,,,,,,,,,,火,,,,,,,,,,,,,,,,,,,,
生野区,巽北,4丁目,1番,,,,,,,,,,,,,,,,,,,火金,,,,,,,,,,,,木,,,,,,,,,,,,,,,,月,,,,,,,,,,,,,,,,,,,,
生野区,巽北,4丁目,2番,,,,,,,,,,,,,,,,,,,火金,,,,,,,,,,,,木,,,,,,,,,,,,,,,,月,,,,,,,,,,,,,,,,,,,,
生野区,巽北,4丁目,3番,,,,,,,,,,,,,,,,,,,火金,,,,,,,,,,,,木,,,,,,,,,,,,,,,,月,,,,,,,,,,,,,,,,,,,,
生野区,巽北,4丁目,4番,,,,,,,,,,,,,,,,,,,火金,,,,,,,,,,,,木,,,,,,,,,,,,,,,,月,,,,,,,,,,,,,,,,,,,,
生野区,巽北,4丁目,5番,,,,,,,,,,,,,,,,,,,火金,,,,,,,,,,,,木,,,,,,,,,,,,,,,,月,,,,,,,,,,,,,,,,,,,,
生野区,巽北,4丁目,6番,,,,,,,,,,,,,,,,,,,火金,,,,,,,,,,,,木,,,,,,,,,,,,,,,,月,,,,,,,,,,,,,,,,,,,,
生野区,巽北,4丁目,7番,,,,,,,,,,,,,,,,,,,火金,,,,,,,,,,,,木,,,,,,,,,,,,,,,,月,,,,,,,,,,,,,,,,,,,,
生野区,巽北,4丁目,8番,,,,,,,,,,,,,,,,,,,火金,,,,,,,,,,,,木,,,,,,,,,,,,,,,,月,,,,,,,,,,,,,,,,,,,,
生野区,巽北,4丁目,9番,,,,,,,,,,,,,,,,,,,火金,,,,,,,,,,,,木,,,,,,,,,,,,,,,,月,,,,,,,,,,,,,,,,,,,,
生野区,巽北,4丁目,10番,,,,,,,,,,,,,,,,,,,火金,,,,,,,,,,,,木,,,,,,,,,,,,,,,,月,,,,,,,,,,,,,,,,,,,,
生野区,巽北,4丁目,11番,,,,,,,,,,,,,,,,,,,火金,,,,,,,,,,,,木,,,,,,,,,,,,,,,,月,,,,,,,,,,,,,,,,,,,,
生野区,巽北,4丁目,12番,,,,,,,,,,,,,,,,,,,火金,,,,,,,,,,,,木,,,,,,,,,,,,,,,,月,,,,,,,,,,,,,,,,,,,,
生野区,巽北,4丁目,13番,,,,,,,,,,,,,,,,,火金,,,,,,,,,,,,,,木,,,,,,,,,,,,,,,,月,,,,,,,,,,,,,,,,,,,,
生野区,巽北,4丁目,14番,,,,,,,,,,,,,,,,,,火金,,,,,,,,,,,,,木,,,,,,,,,,,,,,,,月,,,,,,,,,,,,,,,,,,,,
生野区,巽北,4丁目,15番,,,,,,,,,,,,,,,,,,火金,,,,,,,,,,,,,木,,,,,,,,,,,,,,,,月,,,,,,,,,,,,,,,,,,,,
生野区,巽北,4丁目,16番,,,,,,,,,,,,,,,,,,,火金,,,,,,,,,,,,木,,,,,,,,,,,,,,,,月,,,,,,,,,,,,,,,,,,,,
生野区,巽中,1丁目,1番,,,,,,,,,,,,,,,火金,,,,,,,,木,,,,,,,,,,,,,,,,月,,,,,,,,,,,,,,,,,,,,,,,,,,,,
生野区,巽中,1丁目,2番,,,,,,,,,,火金,,,,,,,,,,,,,木,,,,,,,,,,,,,,,,月,,,,,,,,,,,,,,,,,,,,,,,,,,,,
生野区,巽中,1丁目,3番,,,,,,,,,,,,,,,火金,,,,,,,,木,,,,,,,,,,,,,,,,月,,,,,,,,,,,,,,,,,,,,,,,,,,,,
生野区,巽中,1丁目,4番,,,,,,,,,,,,,,,火金,,,,,,,,木,,,,,,,,,,,,,,,,月,,,,,,,,,,,,,,,,,,,,,,,,,,,,
生野区,巽中,1丁目,5番,,,,,,,,,,,,,,,火金,,,,,,,,木,,,,,,,,,,,,,,,,月,,,,,,,,,,,,,,,,,,,,,,,,,,,,
生野区,巽中,1丁目,6番,,,,,,,,,,,,,,火金,,,,,,,,,木,,,,,,,,,,,,,,,,月,,,,,,,,,,,,,,,,,,,,,,,,,,,,
生野区,巽中,1丁目,7番,軽四輪車(小さい車)で収集している地域,,,,,,水土,,,,,,,,,,,,,,,,,木,,,,,,,,,,,,,,,,月,,,,,,,,,,,,,,,,,,,,,,,,,,,
生野区,巽中,1丁目,7番,上記以外,,,,,,,,,,,,,火金,,,,,,,,,木,,,,,,,,,,,,,,,,月,,,,,,,,,,,,,,,,,,,,,,,,,,,,
生野区,巽中,1丁目,8番,軽四輪車(小さい車)で収集している地域,,,,,,,,,,,,,,水土,,,,,,,,,木,,,,,,,,,,,,,,,,月,,,,,,,,,,,,,,,,,,,,,,,,,,,
生野区,巽中,1丁目,8番,上記以外,,,,,,,,,,,,,,火金,,,,,,,,木,,,,,,,,,,,,,,,,月,,,,,,,,,,,,,,,,,,,,,,,,,,,,
生野区,巽中,1丁目,9番,軽四輪車(小さい車)で収集している地域,,,,,,,,,,,,,,水土,,,,,,,,,木,,,,,,,,,,,,,,,,月,,,,,,,,,,,,,,,,,,,,,,,,,,,
生野区,巽中,1丁目,9番,上記以外,,,,,,,,,,,,,,火金,,,,,,,,木,,,,,,,,,,,,,,,,月,,,,,,,,,,,,,,,,,,,,,,,,,,,,
生野区,巽中,1丁目,10番,軽四輪車(小さい車)で収集している地域,,,,,,,,,,,,,,水土,,,,,,,,,木,,,,,,,,,,,,,,,,月,,,,,,,,,,,,,,,,,,,,,,,,,,,
生野区,巽中,1丁目,10番,上記以外,,,,,,,,,,,,,,,火金,,,,,,,木,,,,,,,,,,,,,,,,月,,,,,,,,,,,,,,,,,,,,,,,,,,,,
生野区,巽中,1丁目,11番,,,,,,,,,,,,,,,火金,,,,,,,,木,,,,,,,,,,,,,,,,月,,,,,,,,,,,,,,,,,,,,,,,,,,,,
生野区,巽中,1丁目,12番,,,,,,,,,,,,,,,火金,,,,,,,,木,,,,,,,,,,,,,,,,月,,,,,,,,,,,,,,,,,,,,,,,,,,,,
生野区,巽中,1丁目,13番,,,,,,,,,,,,,,,火金,,,,,,,,木,,,,,,,,,,,,,,,,月,,,,,,,,,,,,,,,,,,,,,,,,,,,,
生野区,巽中,1丁目,14番,,,,,,,,,,,,,,,火金,,,,,,,,木,,,,,,,,,,,,,,,,月,,,,,,,,,,,,,,,,,,,,,,,,,,,,
生野区,巽中,1丁目,15番,軽四輪車(小さい車)で収集している地域,,,,,,,,,,,,,,水土,,,,,,,,,木,,,,,,,,,,,,,,,,月,,,,,,,,,,,,,,,,,,,,,,,,,,,
生野区,巽中,1丁目,15番,上記以外,,,,,,,,,,,,,,,火金,,,,,,,木,,,,,,,,,,,,,,,,月,,,,,,,,,,,,,,,,,,,,,,,,,,,,
生野区,巽中,1丁目,16番,軽四輪車(小さい車)で収集している地域,,,,,,,,,,,,,,水土,,,,,,,,,木,,,,,,,,,,,,,,,,月,,,,,,,,,,,,,,,,,,,,,,,,,,,
生野区,巽中,1丁目,16番,上記以外,,,,,,,,,,,,,,,火金,,,,,,,木,,,,,,,,,,,,,,,,月,,,,,,,,,,,,,,,,,,,,,,,,,,,,
生野区,巽中,1丁目,17番,軽四輪車(小さい車)で収集している地域,,,,,,,,,,,,,,水土,,,,,,,,,木,,,,,,,,,,,,,,,,月,,,,,,,,,,,,,,,,,,,,,,,,,,,
生野区,巽中,1丁目,17番,上記以外,,,,,,,,,,,,,,,火金,,,,,,,木,,,,,,,,,,,,,,,,月,,,,,,,,,,,,,,,,,,,,,,,,,,,,
生野区,巽中,1丁目,18番,,,,,,,,,,,,,,,,,,,火金,,,,木,,,,,,,,,,,,,,,,月,,,,,,,,,,,,,,,,,,,,,,,,,,,,
生野区,巽中,1丁目,19番,,,,,,,,,,,,,,,,火金,,,,,,,木,,,,,,,,,,,,,,,,月,,,,,,,,,,,,,,,,,,,,,,,,,,,,
生野区,巽中,1丁目,20番,,,,,,,,,,,,,,,,火金,,,,,,,木,,,,,,,,,,,,,,,,月,,,,,,,,,,,,,,,,,,,,,,,,,,,,
生野区,巽中,1丁目,21番,,,,,,,,,,,,,,,火金,,,,,,,,木,,,,,,,,,,,,,,,,月,,,,,,,,,,,,,,,,,,,,,,,,,,,,
生野区,巽中,1丁目,22番,,,,,,,,,,,,,,,,火金,,,,,,,木,,,,,,,,,,,,,,,,月,,,,,,,,,,,,,,,,,,,,,,,,,,,,
生野区,巽中,1丁目,23番,,,,,,,,,,,,,,,,火金,,,,,,,木,,,,,,,,,,,,,,,,月,,,,,,,,,,,,,,,,,,,,,,,,,,,,
生野区,巽中,1丁目,24番,,,,,,,,,,,,,,,,,火金,,,,,,木,,,,,,,,,,,,,,,,月,,,,,,,,,,,,,,,,,,,,,,,,,,,,
生野区,巽中,2丁目,1番,,,,,,,,,,,,,,,火金,,,,,,,,木,,,,,,,,,,,,,,,,月,,,,,,,,,,,,,,,,,,,,,,,,,,,,
生野区,巽中,2丁目,2番,,,,,,,,,,,,,,,火金,,,,,,,,木,,,,,,,,,,,,,,,,月,,,,,,,,,,,,,,,,,,,,,,,,,,,,
生野区,巽中,2丁目,3番,,,,,,,,,,,,,,,火金,,,,,,,,木,,,,,,,,,,,,,,,,月,,,,,,,,,,,,,,,,,,,,,,,,,,,,
生野区,巽中,2丁目,4番,,,,,,,,,,,,,,,火金,,,,,,,,木,,,,,,,,,,,,,,,,月,,,,,,,,,,,,,,,,,,,,,,,,,,,,
生野区,巽中,2丁目,5番,,,,,,,,,,,,,,,火金,,,,,,,,木,,,,,,,,,,,,,,,,月,,,,,,,,,,,,,,,,,,,,,,,,,,,,
生野区,巽中,2丁目,6番,,,,,,,,,,,,,,,火金,,,,,,,,木,,,,,,,,,,,,,,,,月,,,,,,,,,,,,,,,,,,,,,,,,,,,,
生野区,巽中,2丁目,7番,,,,,,,,,,,,,,,火金,,,,,,,,木,,,,,,,,,,,,,,,,月,,,,,,,,,,,,,,,,,,,,,,,,,,,,
生野区,巽中,2丁目,8番,,,,,,,,,,,,,,,火金,,,,,,,,木,,,,,,,,,,,,,,,,月,,,,,,,,,,,,,,,,,,,,,,,,,,,,
生野区,巽中,2丁目,9番,,,,,,,,,,,,,,,火金,,,,,,,,木,,,,,,,,,,,,,,,,月,,,,,,,,,,,,,,,,,,,,,,,,,,,,
生野区,巽中,2丁目,10番,,,,,,,,,,,,,,,火金,,,,,,,,木,,,,,,,,,,,,,,,,月,,,,,,,,,,,,,,,,,,,,,,,,,,,,
生野区,巽中,2丁目,11番,,,,,,,,,,,,,,,火金,,,,,,,,木,,,,,,,,,,,,,,,,月,,,,,,,,,,,,,,,,,,,,,,,,,,,,
生野区,巽中,2丁目,12番,,,,,,,,,,,,,,,火金,,,,,,,,木,,,,,,,,,,,,,,,,月,,,,,,,,,,,,,,,,,,,,,,,,,,,,
生野区,巽中,2丁目,13番,,,,,,,,,,,,,,,火金,,,,,,,,木,,,,,,,,,,,,,,,,月,,,,,,,,,,,,,,,,,,,,,,,,,,,,
生野区,巽中,2丁目,14番,,,,,,,,,,,,,,,,火金,,,,,,,木,,,,,,,,,,,,,,,,月,,,,,,,,,,,,,,,,,,,,,,,,,,,,
生野区,巽中,2丁目,15番,,,,,,,,,,,,,,,火金,,,,,,,,木,,,,,,,,,,,,,,,,月,,,,,,,,,,,,,,,,,,,,,,,,,,,,
生野区,巽中,2丁目,16番,,,,,,,,,,,,,,,,火金,,,,,,,木,,,,,,,,,,,,,,,,月,,,,,,,,,,,,,,,,,,,,,,,,,,,,
生野区,巽中,2丁目,17番,,,,,,,,,,,,,,,火金,,,,,,,,木,,,,,,,,,,,,,,,,月,,,,,,,,,,,,,,,,,,,,,,,,,,,,
生野区,巽中,2丁目,18番,,,,,,,,,,,,,,,火金,,,,,,,,木,,,,,,,,,,,,,,,,月,,,,,,,,,,,,,,,,,,,,,,,,,,,,
生野区,巽中,2丁目,19番,,,,,,,,,,,,,,,火金,,,,,,,,木,,,,,,,,,,,,,,,,月,,,,,,,,,,,,,,,,,,,,,,,,,,,,
生野区,巽中,2丁目,20番,,,,,,,,,,,,,,,火金,,,,,,,,木,,,,,,,,,,,,,,,,月,,,,,,,,,,,,,,,,,,,,,,,,,,,,
生野区,巽中,2丁目,21番,,,,,,,,,,,,,,,火金,,,,,,,,木,,,,,,,,,,,,,,,,月,,,,,,,,,,,,,,,,,,,,,,,,,,,,
生野区,巽中,2丁目,22番,,,,,,,,,,,,,,,,火金,,,,,,,木,,,,,,,,,,,,,,,,月,,,,,,,,,,,,,,,,,,,,,,,,,,,,
生野区,巽中,2丁目,23番,,,,,,,,,,,,,,,火金,,,,,,,,木,,,,,,,,,,,,,,,,月,,,,,,,,,,,,,,,,,,,,,,,,,,,,
生野区,巽中,2丁目,24番,,,,,,,,,,,,,,,火金,,,,,,,,木,,,,,,,,,,,,,,,,月,,,,,,,,,,,,,,,,,,,,,,,,,,,,
生野区,巽中,2丁目,25番,,,,,,,,,,,,,,,火金,,,,,,,,木,,,,,,,,,,,,,,,,月,,,,,,,,,,,,,,,,,,,,,,,,,,,,
生野区,巽中,3丁目,1番,,,,,,,,,,,水土,,,,,,,,,,,,木,,,,,,,,,,,,,,,,月,,,,,,,,,,,,,,,,,,,,,,,,,,,,
生野区,巽中,3丁目,2番,,,,,,,,,,,,,,,,,,,水土,,,,木,,,,,,,,,,,,,,,,月,,,,,,,,,,,,,,,,,,,,,,,,,,,,
生野区,巽中,3丁目,3番,軽四輪車(小さい車)で収集している地域,,,,,,,,,,,,,,,,,水土,,,,,,,,,,,,,,,木,,,,,,,,,,,,,,,,月,,,,,,,,,,,,,,,,,,
生野区,巽中,3丁目,3番,上記以外,,,,,,,,,,水土,,,,,,,,,,,,,,木,,,,,,,,,,,,,,,,月,,,,,,,,,,,,,,,,,,,,,,,,,,
生野区,巽中,3丁目,4番,軽四輪車(小さい車)で収集している地域,,,,,,,,,,,,,,,,,,水土,,,,,,,,,,,,,,木,,,,,,,,,,,,,,,,月,,,,,,,,,,,,,,,,,,
生野区,巽中,3丁目,4番,上記以外,,,,,,,,,,,,,,,,,水土,,,,,,,木,,,,,,,,,,,,,,,,月,,,,,,,,,,,,,,,,,,,,,,,,,,
生野区,巽中,3丁目,5番,軽四輪車(小さい車)で収集している地域,,,,,,,,,,,,,,,,,,水土,,,,,,,,,,,,,,木,,,,,,,,,,,,,,,,月,,,,,,,,,,,,,,,,,,
生野区,巽中,3丁目,5番,上記以外,,,,,,,,,,,,,,,,,水土,,,,,,,木,,,,,,,,,,,,,,,,月,,,,,,,,,,,,,,,,,,,,,,,,,,
生野区,巽中,3丁目,6番,,,,,,,,,,,,,,,,,,水土,,,,,木,,,,,,,,,,,,,,,,月,,,,,,,,,,,,,,,,,,,,,,,,,,,,
生野区,巽中,3丁目,7番,,,,,,,,,,,,,,,,,,水土,,,,,木,,,,,,,,,,,,,,,,月,,,,,,,,,,,,,,,,,,,,,,,,,,,,
生野区,巽中,3丁目,8番,,,,,,,,,,,,,,,,,,水土,,,,,木,,,,,,,,,,,,,,,,月,,,,,,,,,,,,,,,,,,,,,,,,,,,,
生野区,巽中,3丁目,9番,,,,,,,,,,,,,,,,,,水土,,,,,木,,,,,,,,,,,,,,,,月,,,,,,,,,,,,,,,,,,,,,,,,,,,,
生野区,巽中,3丁目,10番,,,,,,,,,,,,,,,,,,水土,,,,,木,,,,,,,,,,,,,,,,月,,,,,,,,,,,,,,,,,,,,,,,,,,,,
生野区,巽中,3丁目,11番,軽四輪車(小さい車)で収集している地域,,,,,,,,,,,,,,,,,,水土,,,,木,,,,,,,,,,,,,,,,月,,,,,,,,,,,,,,,,,,,,,,,,,,,,
生野区,巽中,3丁目,11番,上記以外,,,,,,,,,,,,,,,,,水土,,,,,木,,,,,,,,,,,,,,,,月,,,,,,,,,,,,,,,,,,,,,,,,,,,,
生野区,巽中,3丁目,12番,,,,,,,,,,,,,,,,,,,水土,,,,木,,,,,,,,,,,,,,,,月,,,,,,,,,,,,,,,,,,,,,,,,,,,,
生野区,巽中,3丁目,13番,,,,,,,,,,,,,,,,,,水土,,,,,木,,,,,,,,,,,,,,,,月,,,,,,,,,,,,,,,,,,,,,,,,,,,,
生野区,巽中,3丁目,14番,,,,,,,,,,,,,,,,,,,水土,,,,木,,,,,,,,,,,,,,,,月,,,,,,,,,,,,,,,,,,,,,,,,,,,,
生野区,巽中,3丁目,15番,,,,,,,,水土,,,,,,,,,,,,,,,木,,,,,,,,,,,,,,,,月,,,,,,,,,,,,,,,,,,,,,,,,,,,,
生野区,巽中,3丁目,16番,,,,,,,,水土,,,,,,,,,,,,,,,木,,,,,,,,,,,,,,,,月,,,,,,,,,,,,,,,,,,,,,,,,,,,,
生野区,巽中,3丁目,17番,,,,,,,,,水土,,,,,,,,,,,,,,木,,,,,,,,,,,,,,,,月,,,,,,,,,,,,,,,,,,,,,,,,,,,,
生野区,巽中,3丁目,18番,,,,,,,,,水土,,,,,,,,,,,,,,木,,,,,,,,,,,,,,,,月,,,,,,,,,,,,,,,,,,,,,,,,,,,,
生野区,巽中,3丁目,19番,,,,,,,,,水土,,,,,,,,,,,,,,木,,,,,,,,,,,,,,,,月,,,,,,,,,,,,,,,,,,,,,,,,,,,,
生野区,巽中,3丁目,20番,,,,,,,,,,,,,,,,,,水土,,,,,木,,,,,,,,,,,,,,,,月,,,,,,,,,,,,,,,,,,,,,,,,,,,,
生野区,巽中,4丁目,1番,軽四輪車(小さい車)で収集している地域,,,,,,,,,,,,,,,,水土,,,,,,,,,,,,,,,,木,,,,,,,,,,,,,,,,月,,,,,,,,,,,,,,,,,,
生野区,巽中,4丁目,1番,上記以外,,,,,,,,,,,,,,,,水土,,,,,,,,木,,,,,,,,,,,,,,,,月,,,,,,,,,,,,,,,,,,,,,,,,,,
生野区,巽中,4丁目,2番,軽四輪車(小さい車)で収集している地域,,,,,,,,,,,,,,,,,,水土,,,,,,,,,,,,,,木,,,,,,,,,,,,,,,,月,,,,,,,,,,,,,,,,,,
生野区,巽中,4丁目,2番,上記以外,,,,,,,,,,,,,,,水土,,,,,,,,,木,,,,,,,,,,,,,,,,月,,,,,,,,,,,,,,,,,,,,,,,,,,
生野区,巽中,4丁目,3番,,,,,,,,,,,,,,,,,水土,,,,,,,,木,,,,,,,,,,,,,,,,月,,,,,,,,,,,,,,,,,,,,,,,,,,
生野区,巽中,4丁目,4番,軽四輪車(小さい車)で収集している地域,,,,,,,,,,水土,,,,,,,,,,,,,,木,,,,,,,,,,,,,,,,月,,,,,,,,,,,,,,,,,,,,,,,,,,
生野区,巽中,4丁目,4番,上記以外,,,,,,,,,,,,,,,,,水土,,,,,,,木,,,,,,,,,,,,,,,,月,,,,,,,,,,,,,,,,,,,,,,,,,,
生野区,巽中,4丁目,5番,,,,,,,,,,,,,,,,,,,水土,,,,,,木,,,,,,,,,,,,,,,,月,,,,,,,,,,,,,,,,,,,,,,,,,,
生野区,巽中,4丁目,6番,,,,,,,,,,,,,,,,,,,水土,,,,,,木,,,,,,,,,,,,,,,,月,,,,,,,,,,,,,,,,,,,,,,,,,,
生野区,巽中,4丁目,7番,軽四輪車(小さい車)で収集している地域,,,,,,,,,,,,,,,,,,水土,,,,,,,,,,,,,,木,,,,,,,,,,,,,,,,月,,,,,,,,,,,,,,,,,,
生野区,巽中,4丁目,7番,上記以外,,,,,,,,,,,,,,,,,水土,,,,,木,,,,,,,,,,,,,,,,月,,,,,,,,,,,,,,,,,,,,,,,,,,,,
生野区,巽中,4丁目,8番,軽四輪車(小さい車)で収集している地域,,,,,,,,,,水土,,,,,,,,,,,,,,,,,,,,,,木,,,,,,,,,,,,,,,,月,,,,,,,,,,,,,,,,,,
生野区,巽中,4丁目,8番,上記以外,,,,,,,,,,,,,,,,,,水土,,,,木,,,,,,,,,,,,,,,,月,,,,,,,,,,,,,,,,,,,,,,,,,,,,
生野区,巽中,4丁目,9番,,,,,,,,,,,,,,,,,,,水土,,,,木,,,,,,,,,,,,,,,,月,,,,,,,,,,,,,,,,,,,,,,,,,,,,
生野区,巽中,4丁目,10番,,,,,,,,,,,水土,,,,,,,,,,,,木,,,,,,,,,,,,,,,,月,,,,,,,,,,,,,,,,,,,,,,,,,,,,
生野区,巽中,4丁目,11番,,,,,,,,,,,水土,,,,,,,,,,,,木,,,,,,,,,,,,,,,,月,,,,,,,,,,,,,,,,,,,,,,,,,,,,
生野区,巽中,4丁目,12番,軽四輪車(小さい車)で収集している地域,,,,,,,,,,水土,,,,,,,,,,,,木,,,,,,,,,,,,,,,,月,,,,,,,,,,,,,,,,,,,,,,,,,,,,
生野区,巽中,4丁目,12番,上記以外,,,,,,,,,,,,,,,,水土,,,,,,木,,,,,,,,,,,,,,,,月,,,,,,,,,,,,,,,,,,,,,,,,,,,,
生野区,巽中,4丁目,13番,軽四輪車(小さい車)で収集している地域,,,,,,,,,,水土,,,,,,,,,,,,木,,,,,,,,,,,,,,,,月,,,,,,,,,,,,,,,,,,,,,,,,,,,,
生野区,巽中,4丁目,13番,上記以外,,,,,,,,,,,,,,,,水土,,,,,,木,,,,,,,,,,,,,,,,月,,,,,,,,,,,,,,,,,,,,,,,,,,,,
生野区,巽中,4丁目,14番,軽四輪車(小さい車)で収集している地域,,,,,,,,,,水土,,,,,,,,,,,,,,,,,,,,,,木,,,,,,,,,,,,,,,,月,,,,,,,,,,,,,,,,,,
生野区,巽中,4丁目,14番,上記以外,,,,,,,,,,,,,,,,,,水土,,,,木,,,,,,,,,,,,,,,,月,,,,,,,,,,,,,,,,,,,,,,,,,,,,
生野区,巽中,4丁目,15番,軽四輪車(小さい車)で収集している地域,,,,,,,,,,,,,,,,,水土,,,,,木,,,,,,,,,,,,,,,,月,,,,,,,,,,,,,,,,,,,,,,,,,,,,
生野区,巽中,4丁目,15番,上記以外,,,,,,,,,,,,,,,,,,水土,,,,木,,,,,,,,,,,,,,,,月,,,,,,,,,,,,,,,,,,,,,,,,,,,,
生野区,巽中,4丁目,16番,,,,,,,,,,,,,,,,,,,水土,,,,木,,,,,,,,,,,,,,,,月,,,,,,,,,,,,,,,,,,,,,,,,,,,,
生野区,巽中,4丁目,17番,,,,,,,,,,,,,,,,,,,水土,,,,木,,,,,,,,,,,,,,,,月,,,,,,,,,,,,,,,,,,,,,,,,,,,,
生野区,巽中,4丁目,18番,,,,,,,,,,,,,,,,,,水土,,,,,木,,,,,,,,,,,,,,,,月,,,,,,,,,,,,,,,,,,,,,,,,,,,,
生野区,巽中,4丁目,19番,,,,,,,,,,,,,,,,,水土,,,,,,木,,,,,,,,,,,,,,,,月,,,,,,,,,,,,,,,,,,,,,,,,,,,,
生野区,巽西,1丁目,1番,,,,,,,,,,,,,,,火金,,,,,,,,木,,,,,,,,,,,,,,,,月,,,,,,,,,,,,,,,,,,,,,,,,,,,,
生野区,巽西,1丁目,2番,,,,,,,,,,,,,,,,火金,,,,,,,木,,,,,,,,,,,,,,,,月,,,,,,,,,,,,,,,,,,,,,,,,,,,,
生野区,巽西,1丁目,3番,17号ルネ巽公園,,,,,,,,,,火金,,,,,,,,,,,,木,,,,,,,,,,,,,,,,月,,,,,,,,,,,,,,,,,,,,,,,,,,,,
生野区,巽西,1丁目,3番,上記以外,,,,,,,,,火金,,,,,,,,,,,,,木,,,,,,,,,,,,,,,,月,,,,,,,,,,,,,,,,,,,,,,,,,,,,
生野区,巽西,1丁目,4番,,,,,,,,,,,,,,,,火金,,,,,,,木,,,,,,,,,,,,,,,,月,,,,,,,,,,,,,,,,,,,,,,,,,,,,
生野区,巽西,1丁目,9番,,,,,,,,,,,,,,,火金,,,,,,,,木,,,,,,,,,,,,,,,,月,,,,,,,,,,,,,,,,,,,,,,,,,,,,
生野区,巽西,1丁目,10番,,,,,,,,,,火金,,,,,,,,,,,,,木,,,,,,,,,,,,,,,,月,,,,,,,,,,,,,,,,,,,,,,,,,,,,
生野区,巽西,1丁目,11番,,,,,,,,,,,,,,,火金,,,,,,,,木,,,,,,,,,,,,,,,,月,,,,,,,,,,,,,,,,,,,,,,,,,,,,
生野区,巽西,2丁目,1番,,,,,,,,,,,,,,,火金,,,,,,,,木,,,,,,,,,,,,,,,,月,,,,,,,,,,,,,,,,,,,,,,,,,,,,
生野区,巽西,2丁目,2番,,,,,,,,,,,,,,,火金,,,,,,,,木,,,,,,,,,,,,,,,,月,,,,,,,,,,,,,,,,,,,,,,,,,,,,
生野区,巽西,2丁目,3番,,,,,,,,,,,,,,,,火金,,,,,,,木,,,,,,,,,,,,,,,,月,,,,,,,,,,,,,,,,,,,,,,,,,,,,
生野区,巽西,2丁目,4番,,,,,,,,,,,,,,,火金,,,,,,,,木,,,,,,,,,,,,,,,,月,,,,,,,,,,,,,,,,,,,,,,,,,,,,
生野区,巽西,2丁目,5番,,,,,,,,,,,,,,,,火金,,,,,,,木,,,,,,,,,,,,,,,,月,,,,,,,,,,,,,,,,,,,,,,,,,,,,
生野区,巽西,2丁目,6番,,,,,,,,,,,,,,,,火金,,,,,,,,,木,,,,,,,,,,,,,,,,月,,,,,,,,,,,,,,,,,,,,,,,,,,
生野区,巽西,2丁目,7番,,,,,,,,,,,,,,,,火金,,,,,,,,,木,,,,,,,,,,,,,,,,月,,,,,,,,,,,,,,,,,,,,,,,,,,
生野区,巽西,2丁目,8番,,,,,,,,,,,,,,,火金,,,,,,,,,,木,,,,,,,,,,,,,,,,月,,,,,,,,,,,,,,,,,,,,,,,,,,
生野区,巽西,2丁目,9番,,,,,,,,,,,,,,,火金,,,,,,,,,,木,,,,,,,,,,,,,,,,月,,,,,,,,,,,,,,,,,,,,,,,,,,
生野区,巽西,2丁目,10番,,,,,,,,,,,,,,,火金,,,,,,,,,,木,,,,,,,,,,,,,,,,月,,,,,,,,,,,,,,,,,,,,,,,,,,
生野区,巽西,2丁目,11番,,,,,,,,,,,,,,,,火金,,,,,,,,,木,,,,,,,,,,,,,,,,月,,,,,,,,,,,,,,,,,,,,,,,,,,
生野区,巽西,2丁目,12番,,,,,,,,,,,,,,,,火金,,,,,,,,,木,,,,,,,,,,,,,,,,月,,,,,,,,,,,,,,,,,,,,,,,,,,
生野区,巽西,2丁目,13番,,,,,,,,,,,,,,,,火金,,,,,,,,,木,,,,,,,,,,,,,,,,月,,,,,,,,,,,,,,,,,,,,,,,,,,
生野区,巽西,2丁目,14番,,,,,,,,,,,,,,,火金,,,,,,,,,,木,,,,,,,,,,,,,,,,月,,,,,,,,,,,,,,,,,,,,,,,,,,
生野区,巽西,3丁目,1番,,,,,,,,,,,水土,,,,,,,,,,,,木,,,,,,,,,,,,,,,,月,,,,,,,,,,,,,,,,,,,,,,,,,,,,
生野区,巽西,3丁目,2番,,,,,,,,,,,水土,,,,,,,,,,,,木,,,,,,,,,,,,,,,,月,,,,,,,,,,,,,,,,,,,,,,,,,,,,
生野区,巽西,3丁目,3番,,,,,,,,,,,水土,,,,,,,,,,,,木,,,,,,,,,,,,,,,,月,,,,,,,,,,,,,,,,,,,,,,,,,,,,
生野区,巽西,3丁目,4番,,,,,,,,,,,,,,,,水土,,,,,,,木,,,,,,,,,,,,,,,,月,,,,,,,,,,,,,,,,,,,,,,,,,,,,
生野区,巽西,3丁目,5番,,,,,,,,,,,,,,,,,水土,,,,,,木,,,,,,,,,,,,,,,,月,,,,,,,,,,,,,,,,,,,,,,,,,,,,
生野区,巽西,3丁目,6番,,,,,,,,,,,,,,,,水土,,,,,,,木,,,,,,,,,,,,,,,,月,,,,,,,,,,,,,,,,,,,,,,,,,,,,
生野区,巽西,3丁目,7番,,,,,,,,,,,,,,,,,水土,,,,,,木,,,,,,,,,,,,,,,,月,,,,,,,,,,,,,,,,,,,,,,,,,,,,
生野区,巽西,3丁目,8番,,,,,,,,,,,,,,,,,水土,,,,,,,,木,,,,,,,,,,,,,,,,月,,,,,,,,,,,,,,,,,,,,,,,,,,
生野区,巽西,3丁目,9番,,,,,,,,,,,,水土,,,,,,,,,,,,,木,,,,,,,,,,,,,,,,月,,,,,,,,,,,,,,,,,,,,,,,,,,
生野区,巽西,3丁目,10番,,,,,,,,,,,,水土,,,,,,,,,,,,,木,,,,,,,,,,,,,,,,月,,,,,,,,,,,,,,,,,,,,,,,,,,
生野区,巽西,3丁目,11番,,,,,,,,,,,水土,,,,,,,,,,,,,,木,,,,,,,,,,,,,,,,月,,,,,,,,,,,,,,,,,,,,,,,,,,
生野区,巽西,3丁目,12番,,,,,,,,,,,水土,,,,,,,,,,,,,,木,,,,,,,,,,,,,,,,月,,,,,,,,,,,,,,,,,,,,,,,,,,
生野区,巽西,3丁目,13番,,,,,,,,,,,水土,,,,,,,,,,,,,,木,,,,,,,,,,,,,,,,月,,,,,,,,,,,,,,,,,,,,,,,,,,
生野区,巽西,3丁目,14番,,,,,,,,,,,水土,,,,,,,,,,,,,,木,,,,,,,,,,,,,,,,月,,,,,,,,,,,,,,,,,,,,,,,,,,
生野区,巽西,3丁目,15番,,,,,,,,,,,水土,,,,,,,,,,,,,,木,,,,,,,,,,,,,,,,月,,,,,,,,,,,,,,,,,,,,,,,,,,
生野区,巽西,3丁目,16番,,,,,,,,,,,水土,,,,,,,,,,,,,,木,,,,,,,,,,,,,,,,月,,,,,,,,,,,,,,,,,,,,,,,,,,
生野区,巽西,3丁目,17番,,,,,,,,,,,,,,,,,,,水土,,,,,,木,,,,,,,,,,,,,,,,月,,,,,,,,,,,,,,,,,,,,,,,,,,
生野区,巽西,3丁目,18番,,,,,,,,,,,,,,,,,,,水土,,,,,,木,,,,,,,,,,,,,,,,月,,,,,,,,,,,,,,,,,,,,,,,,,,
生野区,巽西,3丁目,19番,,,,,,,,,,,,,,,,,,,水土,,,,,,木,,,,,,,,,,,,,,,,月,,,,,,,,,,,,,,,,,,,,,,,,,,
生野区,巽西,4丁目,1番,,,,,,,,,,,,,,,,水土,,,,,,,,,木,,,,,,,,,,,,,,,,月,,,,,,,,,,,,,,,,,,,,,,,,,,
生野区,巽西,4丁目,2番,,,,,,,,,,,,,,,,,水土,,,,,,,,木,,,,,,,,,,,,,,,,月,,,,,,,,,,,,,,,,,,,,,,,,,,
生野区,巽西,4丁目,3番,,,,,,,,,,,水土,,,,,,,,,,,,,,木,,,,,,,,,,,,,,,,月,,,,,,,,,,,,,,,,,,,,,,,,,,
生野区,巽西,4丁目,4番,,,,,,,,,,,水土,,,,,,,,,,,,,,木,,,,,,,,,,,,,,,,月,,,,,,,,,,,,,,,,,,,,,,,,,,
生野区,巽西,4丁目,5番,軽四輪車(小さい車)で収集している地域,,,,,,,,,,,,,,,,水土,,,,,,,,金,,,,,,,,,,,,,,,,火,,,,,,,,,,,,,,,,,,,,,,,,,,
生野区,巽西,4丁目,5番,上記以外,,,,,,,,,,,水土,,,,,,,,,,,木,,,,,,,,,,,,,,,,月,,,,,,,,,,,,,,,,,,,,,,,,,,,,
生野区,巽西,4丁目,6番,軽四輪車(小さい車)で収集している地域,,,,,,,,,,,,,,,水土,,,,,,,,,金,,,,,,,,,,,,,,,,火,,,,,,,,,,,,,,,,,,,,,,,,,,
生野区,巽西,4丁目,6番,上記以外,,,,,,,,,,,水土,,,,,,,,,,,木,,,,,,,,,,,,,,,,月,,,,,,,,,,,,,,,,,,,,,,,,,,,,
生野区,巽西,4丁目,7番,,,,,,,,,,,,,,,,,水土,,,,,,,,木,,,,,,,,,,,,,,,,月,,,,,,,,,,,,,,,,,,,,,,,,,,
生野区,巽西,4丁目,8番,軽四輪車(小さい車)で収集している地域,,,,,,,,,,,,,,,,,水土,,,,,,,金,,,,,,,,,,,,,,,,火,,,,,,,,,,,,,,,,,,,,,,,,,,
生野区,巽西,4丁目,8番,上記以外,,,,,,,,,,,水土,,,,,,,,,,,,,木,,,,,,,,,,,,,,,,月,,,,,,,,,,,,,,,,,,,,,,,,,,
生野区,巽西,4丁目,9番,軽四輪車(小さい車)で収集している地域,,,,,,,,,,,,,,,,,,水土,,,,,,金,,,,,,,,,,,,,,,,火,,,,,,,,,,,,,,,,,,,,,,,,,,
生野区,巽西,4丁目,9番,上記以外,,,,,,,,,,,水土,,,,,,,,,,,,,木,,,,,,,,,,,,,,,,月,,,,,,,,,,,,,,,,,,,,,,,,,,
生野区,巽西,4丁目,10番,軽四輪車(小さい車)で収集している地域,,,,,,,,,,,,,,,,,,水土,,,,,,金,,,,,,,,,,,,,,,,火,,,,,,,,,,,,,,,,,,,,,,,,,,
生野区,巽西,4丁目,10番,上記以外,,,,,,,,,,,水土,,,,,,,,,,,,,木,,,,,,,,,,,,,,,,月,,,,,,,,,,,,,,,,,,,,,,,,,,
生野区,巽東,1丁目,1番,,,,,,,,,,,,,,,,,,,火金,,,,,,,,,,,,木,,,,,,,,,,,,,,,,月,,,,,,,,,,,,,,,,,,,,
生野区,巽東,1丁目,2番,,,,,,,,,,,,,,,,,,,火金,,,,,,,,,,,,木,,,,,,,,,,,,,,,,月,,,,,,,,,,,,,,,,,,,,
生野区,巽東,1丁目,3番,,,,,,,,,,,,,,,,,,,火金,,,,,,,,,,,,木,,,,,,,,,,,,,,,,月,,,,,,,,,,,,,,,,,,,,
生野区,巽東,1丁目,4番,,,,,,,,,,,,,,,,,,,火金,,,,,,,,,,,,木,,,,,,,,,,,,,,,,月,,,,,,,,,,,,,,,,,,,,
生野区,巽東,1丁目,5番,,,,,,,,,,,,,,,,,,,火金,,,,,,,,,,,,木,,,,,,,,,,,,,,,,月,,,,,,,,,,,,,,,,,,,,
生野区,巽東,1丁目,6番,,,,,,,,,,,,,,,,,火金,,,,,,,,,,,,,,木,,,,,,,,,,,,,,,,月,,,,,,,,,,,,,,,,,,,,
生野区,巽東,1丁目,7番,,,,,,,,,,,,,,,,,火金,,,,,,,,,,,,,,木,,,,,,,,,,,,,,,,月,,,,,,,,,,,,,,,,,,,,
生野区,巽東,1丁目,8番,,,,,,,,,,,,,,,,,火金,,,,,,,,,,,,,,木,,,,,,,,,,,,,,,,月,,,,,,,,,,,,,,,,,,,,
生野区,巽東,1丁目,9番,,,,,,,,,,,,,,,,,火金,,,,,,,,,,,,,,木,,,,,,,,,,,,,,,,月,,,,,,,,,,,,,,,,,,,,
生野区,巽東,1丁目,10番,,,,,,,,,,,,,,,,火金,,,,,,,,,,,,,,,木,,,,,,,,,,,,,,,,月,,,,,,,,,,,,,,,,,,,,
生野区,巽東,1丁目,11番,,,,,,,,,,,,,,,,,火金,,,,,,,,,,,,,,,,木,,,,,,,,,,,,,,,,月,,,,,,,,,,,,,,,,,,
生野区,巽東,1丁目,12番,,,,,,,,,,,,,,,,,火金,,,,,,,,,,,,,,,,木,,,,,,,,,,,,,,,,月,,,,,,,,,,,,,,,,,,
生野区,巽東,1丁目,13番,,,,,,,,,,,,,,,火金,,,,,,,,,,,,,,,,,,木,,,,,,,,,,,,,,,,月,,,,,,,,,,,,,,,,,,
生野区,巽東,1丁目,14番,,,,,,,,,,,,,,,,火金,,,,,,,,,,,,,,,,,木,,,,,,,,,,,,,,,,月,,,,,,,,,,,,,,,,,,
生野区,巽東,1丁目,15番,,,,,,,,,,,,,,,,火金,,,,,,,,,,,,,,,木,,,,,,,,,,,,,,,,月,,,,,,,,,,,,,,,,,,,,
生野区,巽東,1丁目,16番,,,,,,,,,,,,,,,火金,,,,,,,,,,,,,,,,木,,,,,,,,,,,,,,,,月,,,,,,,,,,,,,,,,,,,,
生野区,巽東,1丁目,17番,,,,,,,,,,,,,,,火金,,,,,,,,,,,,,,,,木,,,,,,,,,,,,,,,,月,,,,,,,,,,,,,,,,,,,,
生野区,巽東,2丁目,1番,,,,,,,,,水土,,,,,,,,,,,,,,,,,,,,,,,,木,,,,,,,,,,,,,,,,月,,,,,,,,,,,,,,,,,,
生野区,巽東,2丁目,2番,,,,,,,,,水土,,,,,,,,,,,,,,,,,,,,,,,,木,,,,,,,,,,,,,,,,月,,,,,,,,,,,,,,,,,,
生野区,巽東,2丁目,3番,,,,,,,,,水土,,,,,,,,,,,,,,,,,,,,,,,,木,,,,,,,,,,,,,,,,月,,,,,,,,,,,,,,,,,,
生野区,巽東,2丁目,4番,,,,,,,,,水土,,,,,,,,,,,,,,,,,,,,,,,,木,,,,,,,,,,,,,,,,月,,,,,,,,,,,,,,,,,,
生野区,巽東,2丁目,5番,,,,,,,,,水土,,,,,,,,,,,,,,,,,,,,,,,,木,,,,,,,,,,,,,,,,月,,,,,,,,,,,,,,,,,,
生野区,巽東,2丁目,6番,,,,,,,,,水土,,,,,,,,,,,,,,,,,,,,,,,,木,,,,,,,,,,,,,,,,月,,,,,,,,,,,,,,,,,,
生野区,巽東,2丁目,7番,,,,,,,,,水土,,,,,,,,,,,,,,,,,,,,,,,,木,,,,,,,,,,,,,,,,月,,,,,,,,,,,,,,,,,,
生野区,巽東,2丁目,8番,,,,,,,,,水土,,,,,,,,,,,,,,,,,,,,,,,,木,,,,,,,,,,,,,,,,月,,,,,,,,,,,,,,,,,,
生野区,巽東,2丁目,9番,,,,,,,,水土,,,,,,,,,,,,,,,,,,,,,,,,,木,,,,,,,,,,,,,,,,月,,,,,,,,,,,,,,,,,,
生野区,巽東,2丁目,10番,,,,,,,,,水土,,,,,,,,,,,,,,,,,,,,,,,,木,,,,,,,,,,,,,,,,月,,,,,,,,,,,,,,,,,,
生野区,巽東,2丁目,11番,,,,,,,,,水土,,,,,,,,,,,,,,,,,,,,,,,,木,,,,,,,,,,,,,,,,月,,,,,,,,,,,,,,,,,,
生野区,巽東,2丁目,12番,,,,,,,,,水土,,,,,,,,,,,,,,,,,,,,,,,,木,,,,,,,,,,,,,,,,月,,,,,,,,,,,,,,,,,,
生野区,巽東,2丁目,13番,,,,,,,,水土,,,,,,,,,,,,,,,,,,,,,,,,,木,,,,,,,,,,,,,,,,月,,,,,,,,,,,,,,,,,,
生野区,巽東,2丁目,14番,,,,,,,,,水土,,,,,,,,,,,,,,,,,,,,,,,,木,,,,,,,,,,,,,,,,月,,,,,,,,,,,,,,,,,,
生野区,巽東,2丁目,15番,,,,,,,,,水土,,,,,,,,,,,,,,,,,,,,,,,,木,,,,,,,,,,,,,,,,月,,,,,,,,,,,,,,,,,,
生野区,巽東,2丁目,16番,,,,,,,,,水土,,,,,,,,,,,,,,,,,,,,,,,,木,,,,,,,,,,,,,,,,月,,,,,,,,,,,,,,,,,,
生野区,巽東,2丁目,17番,,,,,,,,,水土,,,,,,,,,,,,,,,,,,,,,,,,木,,,,,,,,,,,,,,,,月,,,,,,,,,,,,,,,,,,
生野区,巽東,2丁目,18番,,,,,,,,,水土,,,,,,,,,,,,,,,,,,,,,,,,木,,,,,,,,,,,,,,,,月,,,,,,,,,,,,,,,,,,
生野区,巽東,2丁目,19番,,,,,,,,,水土,,,,,,,,,,,,,,,,,,,,,,,,木,,,,,,,,,,,,,,,,月,,,,,,,,,,,,,,,,,,
生野区,巽東,2丁目,20番,,,,,,,,水土,,,,,,,,,,,,,,,,,,,,,,,,,木,,,,,,,,,,,,,,,,月,,,,,,,,,,,,,,,,,,
生野区,巽東,3丁目,1番,,,,,,,,,,,,,,,,,火金,,,,,,,,,,,,,,木,,,,,,,,,,,,,,,,月,,,,,,,,,,,,,,,,,,,,
生野区,巽東,3丁目,2番,,,,,,,,,,,,,,,,,,,火金,,,,,,,,,,,,木,,,,,,,,,,,,,,,,月,,,,,,,,,,,,,,,,,,,,
生野区,巽東,3丁目,3番,,,,,,,,,,,,,,,,,,,火金,,,,,,,,,,,,木,,,,,,,,,,,,,,,,月,,,,,,,,,,,,,,,,,,,,
生野区,巽東,3丁目,4番,,,,,,,,,,,,,,,,,,,火金,,,,,,,,,,,,,,木,,,,,,,,,,,,,,,,月,,,,,,,,,,,,,,,,,,
生野区,巽東,3丁目,5番,,,,,,,,,,,,,,,,,火金,,,,,,,,,,,,,,,,木,,,,,,,,,,,,,,,,月,,,,,,,,,,,,,,,,,,
生野区,巽東,3丁目,6番,,,,,,,,,,,,,,,,,火金,,,,,,,,,,,,,,,,木,,,,,,,,,,,,,,,,月,,,,,,,,,,,,,,,,,,
生野区,巽東,3丁目,7番,,,,,,,,,,,,,,,,,火金,,,,,,,,,,,,,,,,木,,,,,,,,,,,,,,,,月,,,,,,,,,,,,,,,,,,
生野区,巽東,3丁目,8番,,,,,,,,,,,,,,,,,,,火金,,,,,,,,,,,,,,木,,,,,,,,,,,,,,,,月,,,,,,,,,,,,,,,,,,
生野区,巽東,3丁目,9番,,,,,,,,,,,,,,,,,,,火金,,,,,,,,,,,,,,木,,,,,,,,,,,,,,,,月,,,,,,,,,,,,,,,,,,
生野区,巽東,3丁目,10番,,,,,,,,,,,,,,,,,,火金,,,,,,,,,,,,,,,木,,,,,,,,,,,,,,,,月,,,,,,,,,,,,,,,,,,
生野区,巽東,3丁目,11番,,,,,,,,,,,,,,,,,,,火金,,,,,,,,,,,,木,,,,,,,,,,,,,,,,月,,,,,,,,,,,,,,,,,,,,
生野区,巽東,3丁目,12番,,,,,,,,,,,,,,,,,,,火金,,,,,,,,,,,,木,,,,,,,,,,,,,,,,月,,,,,,,,,,,,,,,,,,,,
生野区,巽東,3丁目,13番,,,,,,,,,,,,,,,,,火金,,,,,,,,,,,,,,木,,,,,,,,,,,,,,,,月,,,,,,,,,,,,,,,,,,,,
生野区,巽東,3丁目,14番,,,,,,,,,,,,,,,,,,,火金,,,,,,,,,,,,木,,,,,,,,,,,,,,,,月,,,,,,,,,,,,,,,,,,,,
生野区,巽東,3丁目,15番,,,,,,,,,,,,,,,,,,,火金,,,,,,,,,,,,木,,,,,,,,,,,,,,,,月,,,,,,,,,,,,,,,,,,,,
生野区,巽東,3丁目,16番,,,,,,,,,,,,,,,,,,,火金,,,,,,,,,,,,,,木,,,,,,,,,,,,,,,,月,,,,,,,,,,,,,,,,,,
生野区,巽東,3丁目,17番,,,,,,,,,,,,,,,,,,火金,,,,,,,,,,,,,,,木,,,,,,,,,,,,,,,,月,,,,,,,,,,,,,,,,,,
生野区,巽東,4丁目,1番,,,,,,,,,水土,,,,,,,,,,,,,,,,,,,,,,,,木,,,,,,,,,,,,,,,,月,,,,,,,,,,,,,,,,,,
生野区,巽東,4丁目,2番,,,,,,,,,水土,,,,,,,,,,,,,,,,,,,,,,,,木,,,,,,,,,,,,,,,,月,,,,,,,,,,,,,,,,,,
生野区,巽東,4丁目,3番,,,,,,,,,水土,,,,,,,,,,,,,,,,,,,,,,,,木,,,,,,,,,,,,,,,,月,,,,,,,,,,,,,,,,,,
生野区,巽東,4丁目,4番,,,,,,,,,水土,,,,,,,,,,,,,,,,,,,,,,,,木,,,,,,,,,,,,,,,,月,,,,,,,,,,,,,,,,,,
生野区,巽東,4丁目,5番,,,,,,,,,水土,,,,,,,,,,,,,,,,,,,,,,,,木,,,,,,,,,,,,,,,,月,,,,,,,,,,,,,,,,,,
生野区,巽東,4丁目,6番,,,,,,,,,水土,,,,,,,,,,,,,,,,,,,,,,,,木,,,,,,,,,,,,,,,,月,,,,,,,,,,,,,,,,,,
生野区,巽東,4丁目,7番,,,,,,,,,水土,,,,,,,,,,,,,,,,,,,,,,,,木,,,,,,,,,,,,,,,,月,,,,,,,,,,,,,,,,,,
生野区,巽東,4丁目,8番,,,,,,,,,水土,,,,,,,,,,,,,,,,,,,,,,,,木,,,,,,,,,,,,,,,,月,,,,,,,,,,,,,,,,,,
生野区,巽東,4丁目,9番,,,,,,,,,水土,,,,,,,,,,,,,,,,,,,,,,木,,,,,,,,,,,,,,,,月,,,,,,,,,,,,,,,,,,,,
生野区,巽東,4丁目,10番,,,,,,,,,水土,,,,,,,,,,,,,,,,,,,,,,木,,,,,,,,,,,,,,,,月,,,,,,,,,,,,,,,,,,,,
生野区,巽東,4丁目,11番,,,,,,,,,水土,,,,,,,,,,,,,,,,,,,,,,木,,,,,,,,,,,,,,,,月,,,,,,,,,,,,,,,,,,,,
生野区,巽南,1丁目,1番,4･5･34･35号,,,,,,水土,,,,,,,,,,,,,,,,木,,,,,,,,,,,,,,,,月,,,,,,,,,,,,,,,,,,水,,,,,,,,,,
生野区,巽南,1丁目,1番,上記以外,,,,,,水土,,,,,,,,,,,,,,,,木,,,,,,,,,,,,,,,,月,,,,,,,,,,,,,,,,,,,,,,,,,,,,
生野区,巽南,1丁目,2番,軽四輪車(小さい車)で収集している地域,,,,,,,,,,,,,,,,,,水土,,,,,,,,,,,,木,,,,,,,,,,,,,,,,月,,,,,,,,,,,,,,,,,,,,
生野区,巽南,1丁目,2番,上記以外,,,,,,水土,,,,,,,,,,,,,,,,木,,,,,,,,,,,,,,,,月,,,,,,,,,,,,,,,,,,,,,,,,,,,,
生野区,巽南,1丁目,3番,軽四輪車(小さい車)で収集している地域,,,,,,,,,,,,,,,,水土,,,,,,,,,,,,,,木,,,,,,,,,,,,,,,,月,,,,,,,,,,,,,,,,,,,,
生野区,巽南,1丁目,3番,上記以外,,,,,,,,,,水土,,,,,,,,,,,,木,,,,,,,,,,,,,,,,月,,,,,,,,,,,,,,,,,,,,,,,,,,,,
生野区,巽南,1丁目,4番,軽四輪車(小さい車)で収集している地域,,,,,,,,,,,,,,,,,水土,,,,,,,,,,,,,木,,,,,,,,,,,,,,,,月,,,,,,,,,,,,,,,,,,,,
生野区,巽南,1丁目,4番,上記以外,,,,,,,,,,,,,,,水土,,,,,,,木,,,,,,,,,,,,,,,,月,,,,,,,,,,,,,,,,,,,,,,,,,,,,
生野区,巽南,1丁目,5番,軽四輪車(小さい車)で収集している地域,,,,,,,,,,,,,,,,,水土,,,,,,,,,,,,,木,,,,,,,,,,,,,,,,月,,,,,,,,,,,,,,,,,,,,
生野区,巽南,1丁目,5番,上記以外,,,,,,,,,,,,,,,水土,,,,,,,木,,,,,,,,,,,,,,,,月,,,,,,,,,,,,,,,,,,,,,,,,,,,,
生野区,巽南,1丁目,6番,軽四輪車(小さい車)で収集している地域,,,,,,,,,,,,,,,,,水土,,,,,,,,,,,,,木,,,,,,,,,,,,,,,,月,,,,,,,,,,,,,,,,,,,,
生野区,巽南,1丁目,6番,上記以外,,,,,,,,,,,,,,,水土,,,,,,,木,,,,,,,,,,,,,,,,月,,,,,,,,,,,,,,,,,,,,,,,,,,,,
生野区,巽南,1丁目,7番,,,,,,,,,,,,,,,,,水土,,,,,,木,,,,,,,,,,,,,,,,月,,,,,,,,,,,,,,,,,,,,,,,,,,,,
生野区,巽南,1丁目,8番,,,,,,,,,,,,,,,,,水土,,,,,,木,,,,,,,,,,,,,,,,月,,,,,,,,,,,,,,,,,,,,,,,,,,,,
生野区,巽南,1丁目,9番,,,,,,,,,,,,,,,,水土,,,,,,,木,,,,,,,,,,,,,,,,月,,,,,,,,,,,,,,,,,,,,,,,,,,,,
生野区,巽南,1丁目,10番,軽四輪車(小さい車)で収集している地域,,,,,,,,,,,,,,,,,,水土,,,,,,,,,,,,木,,,,,,,,,,,,,,,,月,,,,,,,,,,,,,,,,,,,,
生野区,巽南,1丁目,10番,上記以外,,,,,,,,,,,,,,,水土,,,,,,,木,,,,,,,,,,,,,,,,月,,,,,,,,,,,,,,,,,,,,,,,,,,,,
生野区,巽南,1丁目,11番,軽四輪車(小さい車)で収集している地域,,,,,,,,,,,,,,,,,,水土,,,,,,,,,,,,木,,,,,,,,,,,,,,,,月,,,,,,,,,,,,,,,,,,,,
生野区,巽南,1丁目,11番,上記以外,,,,,,,,,,,,,,,水土,,,,,,,木,,,,,,,,,,,,,,,,月,,,,,,,,,,,,,,,,,,,,,,,,,,,,
生野区,巽南,1丁目,12番,,,,,,,,,,,,水土,,,,,,,,,,,木,,,,,,,,,,,,,,,,月,,,,,,,,,,,,,,,,,,,,,,,,,,,,
生野区,巽南,1丁目,13番,,,,,,,,,,,,,,,,水土,,,,,,,木,,,,,,,,,,,,,,,,月,,,,,,,,,,,,,,,,,,,,,,,,,,,,
生野区,巽南,1丁目,14番,,,,,,,,,,,,,,,,水土,,,,,,,木,,,,,,,,,,,,,,,,月,,,,,,,,,,,,,,,,,,,,,,,,,,,,
生野区,巽南,1丁目,15番,,,,,,,,,,,,,,,,,水土,,,,,,木,,,,,,,,,,,,,,,,月,,,,,,,,,,,,,,,,,,,,,,,,,,,,
生野区,巽南,1丁目,16番,,,,,,,,,,,,,,,,,水土,,,,,,木,,,,,,,,,,,,,,,,月,,,,,,,,,,,,,,,,,,,,,,,,,,,,
生野区,巽南,1丁目,17番,,,,,,,,,,,,,,,,水土,,,,,,,木,,,,,,,,,,,,,,,,月,,,,,,,,,,,,,,,,,,,,,,,,,,,,
生野区,巽南,1丁目,18番,,,,,,,,,,,,,,,,,水土,,,,,,木,,,,,,,,,,,,,,,,月,,,,,,,,,,,,,,,,,,,,,,,,,,,,
生野区,巽南,2丁目,1番,,,,,,,,,,,,,,,,,,,水土,,,,,,木,,,,,,,,,,,,,,,,月,,,,,,,,,,,,,,,,,,,,,,,,,,
生野区,巽南,2丁目,2番,,,,,,,,,,,,,,,,,,水土,,,,,,,木,,,,,,,,,,,,,,,,月,,,,,,,,,,,,,,,,,,,,,,,,,,
生野区,巽南,2丁目,3番,,,,,,,,,,,,,,,,,,水土,,,,,,,木,,,,,,,,,,,,,,,,月,,,,,,,,,,,,,,,,,,,,,,,,,,
生野区,巽南,2丁目,4番,,,,,,,,,,,,,,,,,水土,,,,,,,,木,,,,,,,,,,,,,,,,月,,,,,,,,,,,,,,,,,,,,,,,,,,
生野区,巽南,2丁目,5番,,,,,,,,,,,,,,,,,,,水土,,,,,,木,,,,,,,,,,,,,,,,月,,,,,,,,,,,,,,,,,,,,,,,,,,
生野区,巽南,2丁目,6番,,,,,,,,,,,,,,,,,,,水土,,,,,,木,,,,,,,,,,,,,,,,月,,,,,,,,,,,,,,,,,,,,,,,,,,
生野区,巽南,2丁目,7番,,,,,,,,,,,,,,,,,,,水土,,,,,,木,,,,,,,,,,,,,,,,月,,,,,,,,,,,,,,,,,,,,,,,,,,
生野区,巽南,2丁目,8番,,,,,,,,,,,,,,,,,,,水土,,,,,,木,,,,,,,,,,,,,,,,月,,,,,,,,,,,,,,,,,,,,,,,,,,
生野区,巽南,2丁目,9番,,,,,,,,,,,,,,,,水土,,,,,,,,,木,,,,,,,,,,,,,,,,月,,,,,,,,,,,,,,,,,,,,,,,,,,
生野区,巽南,2丁目,10番,,,,,,,,,,,,,,,,,,,水土,,,,,,木,,,,,,,,,,,,,,,,月,,,,,,,,,,,,,,,,,,,,,,,,,,
生野区,巽南,2丁目,11番,,,,,,,,,,,,,,,,,,水土,,,,,,,木,,,,,,,,,,,,,,,,月,,,,,,,,,,,,,,,,,,,,,,,,,,
生野区,巽南,2丁目,12番,,,,,,,,,,,,,,,,,,,水土,,,,,,木,,,,,,,,,,,,,,,,月,,,,,,,,,,,,,,,,,,,,,,,,,,
生野区,巽南,3丁目,1番,,,,,,,,,,,,,,,,,水土,,,,,,木,,,,,,,,,,,,,,,,月,,,,,,,,,,,,,,,,,,,,,,,,,,,,
生野区,巽南,3丁目,2番,2･3･4号,,,,,,,,水土,,,,,,,,,,,,,,木,,,,,,,,,,,,,,,,月,,,,,,,,,,,,,,,,,,,,,,,,,,,,
生野区,巽南,3丁目,2番,上記以外,,,,,,,,,,,,,,,水土,,,,,,,木,,,,,,,,,,,,,,,,月,,,,,,,,,,,,,,,,,,,,,,,,,,,,
生野区,巽南,3丁目,3番,,,,,,,,,,,,,,,,水土,,,,,,,木,,,,,,,,,,,,,,,,月,,,,,,,,,,,,,,,,,,,,,,,,,,,,
生野区,巽南,3丁目,4番,,,,,,,,,,,,水土,,,,,,,,,,,,,木,,,,,,,,,,,,,,,,月,,,,,,,,,,,,,,,,,,,,,,,,,,
生野区,巽南,3丁目,5番,,,,,,,,,,,水土,,,,,,,,,,,,,,木,,,,,,,,,,,,,,,,月,,,,,,,,,,,,,,,,,,,,,,,,,,
生野区,巽南,3丁目,6番,,,,,,,,,,,,水土,,,,,,,,,,,,,木,,,,,,,,,,,,,,,,月,,,,,,,,,,,,,,,,,,,,,,,,,,
生野区,巽南,3丁目,7番,,,,,,,,,,,水土,,,,,,,,,,,,,,木,,,,,,,,,,,,,,,,月,,,,,,,,,,,,,,,,,,,,,,,,,,
生野区,巽南,3丁目,8番,,,,,,,,,,,水土,,,,,,,,,,,,,,木,,,,,,,,,,,,,,,,月,,,,,,,,,,,,,,,,,,,,,,,,,,
生野区,巽南,3丁目,9番,,,,,,,,,,,水土,,,,,,,,,,,,,,木,,,,,,,,,,,,,,,,月,,,,,,,,,,,,,,,,,,,,,,,,,,
生野区,巽南,3丁目,10番,,,,,,,,,,,水土,,,,,,,,,,,,,,木,,,,,,,,,,,,,,,,月,,,,,,,,,,,,,,,,,,,,,,,,,,
生野区,巽南,3丁目,11番,,,,,,,,,,,,,,,,,水土,,,,,,,,木,,,,,,,,,,,,,,,,月,,,,,,,,,,,,,,,,,,,,,,,,,,
生野区,巽南,3丁目,12番,,,,,,,,,,,,,,,,,水土,,,,,,,,木,,,,,,,,,,,,,,,,月,,,,,,,,,,,,,,,,,,,,,,,,,,
生野区,巽南,3丁目,13番,,,,,,,,,,,,,,,,,水土,,,,,,,,木,,,,,,,,,,,,,,,,月,,,,,,,,,,,,,,,,,,,,,,,,,,
生野区,巽南,3丁目,14番,,,,,,,,,,,,,,,,水土,,,,,,,,,木,,,,,,,,,,,,,,,,月,,,,,,,,,,,,,,,,,,,,,,,,,,
生野区,巽南,3丁目,15番,,,,,,,,,,,,,,,,,水土,,,,,,,,木,,,,,,,,,,,,,,,,月,,,,,,,,,,,,,,,,,,,,,,,,,,
生野区,巽南,3丁目,16番,,,,,,,,,,,,水土,,,,,,,,,,,,,木,,,,,,,,,,,,,,,,月,,,,,,,,,,,,,,,,,,,,,,,,,,
生野区,巽南,3丁目,17番,,,,,,,,,,,,水土,,,,,,,,,,,,,木,,,,,,,,,,,,,,,,月,,,,,,,,,,,,,,,,,,,,,,,,,,
生野区,巽南,3丁目,18番,,,,,,,,,,,水土,,,,,,,,,,,,,,木,,,,,,,,,,,,,,,,月,,,,,,,,,,,,,,,,,,,,,,,,,,
生野区,巽南,3丁目,19番,,,,,,,,,,,水土,,,,,,,,,,,,,,木,,,,,,,,,,,,,,,,月,,,,,,,,,,,,,,,,,,,,,,,,,,
生野区,巽南,4丁目,1番,,,,,,,,,,,,,,水土,,,,,,,,,,,木,,,,,,,,,,,,,,,,月,,,,,,,,,,,,,,,,,,,,,,,,,,
生野区,巽南,4丁目,5番,,,,,,,,,,,,,,,,,,,水土,,,,,,木,,,,,,,,,,,,,,,,月,,,,,,,,,,,,,,,,,,,,,,,,,,
生野区,巽南,4丁目,6番,,,,,,,,,,,,,,,,,水土,,,,,,,,木,,,,,,,,,,,,,,,,月,,,,,,,,,,,,,,,,,,,,,,,,,,
生野区,巽南,4丁目,7番,,,,,,,,,,,,,,,,水土,,,,,,,,,木,,,,,,,,,,,,,,,,月,,,,,,,,,,,,,,,,,,,,,,,,,,
生野区,巽南,4丁目,8番,,,,,,,,,,,,,,,,,水土,,,,,,,,木,,,,,,,,,,,,,,,,月,,,,,,,,,,,,,,,,,,,,,,,,,,
生野区,巽南,4丁目,9番,,,,,,,,,,,,,,,,水土,,,,,,,,,木,,,,,,,,,,,,,,,,月,,,,,,,,,,,,,,,,,,,,,,,,,,
生野区,巽南,5丁目,1番,,,,,,,,,,水土,,,,,,,,,,,,,,,木,,,,,,,,,,,,,,,,月,,,,,,,,,,,,,,,,,,,,,,,,,,
生野区,巽南,5丁目,2番,,,,,,,,,,,水土,,,,,,,,,,,,,,木,,,,,,,,,,,,,,,,月,,,,,,,,,,,,,,,,,,,,,,,,,,
生野区,巽南,5丁目,3番,,,,,,,,,,,水土,,,,,,,,,,,,,,木,,,,,,,,,,,,,,,,月,,,,,,,,,,,,,,,,,,,,,,,,,,
生野区,巽南,5丁目,4番,,,,,,,,,,水土,,,,,,,,,,,,,,,木,,,,,,,,,,,,,,,,月,,,,,,,,,,,,,,,,,,,,,,,,,,
生野区,巽南,5丁目,5番,,,,,,,,,,,水土,,,,,,,,,,,,,,木,,,,,,,,,,,,,,,,月,,,,,,,,,,,,,,,,,,,,,,,,,,
生野区,巽南,5丁目,6番,,,,,,,,,,,水土,,,,,,,,,,,,,,木,,,,,,,,,,,,,,,,月,,,,,,,,,,,,,,,,,,,,,,,,,,
生野区,巽南,5丁目,7番,,,,,,,,,,,,,,,,,,水土,,,,,,,木,,,,,,,,,,,,,,,,月,,,,,,,,,,,,,,,,,,,,,,,,,,
生野区,巽南,5丁目,8番,,,,,,,,,,,,,,,,水土,,,,,,,,,木,,,,,,,,,,,,,,,,月,,,,,,,,,,,,,,,,,,,,,,,,,,
生野区,巽南,5丁目,9番,,,,,,,,,,,,,,,,水土,,,,,,,,,木,,,,,,,,,,,,,,,,月,,,,,,,,,,,,,,,,,,,,,,,,,,
生野区,巽南,5丁目,10番,,,,,,,,,,,,,,,,水土,,,,,,,,,木,,,,,,,,,,,,,,,,月,,,,,,,,,,,,,,,,,,,,,,,,,,
生野区,巽南,5丁目,11番,,,,,,,,,,,,,,,,水土,,,,,,,,,木,,,,,,,,,,,,,,,,月,,,,,,,,,,,,,,,,,,,,,,,,,,
生野区,巽南,5丁目,12番,,,,,,,,,,,,,,,,,水土,,,,,,,,木,,,,,,,,,,,,,,,,月,,,,,,,,,,,,,,,,,,,,,,,,,,
生野区,巽南,5丁目,13番,,,,,,,,,,,,,,,,水土,,,,,,,,,木,,,,,,,,,,,,,,,,月,,,,,,,,,,,,,,,,,,,,,,,,,,
生野区,巽南,5丁目,14番,,,,,,,,,,,,,,,,水土,,,,,,,,,木,,,,,,,,,,,,,,,,月,,,,,,,,,,,,,,,,,,,,,,,,,,
生野区,巽南,5丁目,15番,,,,,,,,,,,,,,,,水土,,,,,,,,,木,,,,,,,,,,,,,,,,月,,,,,,,,,,,,,,,,,,,,,,,,,,
生野区,巽南,5丁目,16番,,,,,,,,,,,,,,,,,水土,,,,,,,,木,,,,,,,,,,,,,,,,月,,,,,,,,,,,,,,,,,,,,,,,,,,
生野区,巽南,5丁目,17番,,,,,,,,,,,,,,,,,水土,,,,,,,,木,,,,,,,,,,,,,,,,月,,,,,,,,,,,,,,,,,,,,,,,,,,
生野区,巽南,5丁目,18番,,,,,,,,,,,,,,,,水土,,,,,,,,,木,,,,,,,,,,,,,,,,月,,,,,,,,,,,,,,,,,,,,,,,,,,
生野区,巽南,5丁目,19番,,,,,,,,,,,,,,,,水土,,,,,,,,,木,,,,,,,,,,,,,,,,月,,,,,,,,,,,,,,,,,,,,,,,,,,
生野区,鶴橋,1丁目,1番,,,,,,,,月木,,,,,,,,,,,,,,,金,,,,,,,,,,,,,,,,火,,,,,,,,,,,,,,,,,,,,,,,,,,,,
生野区,鶴橋,1丁目,2番,,,,,,,,月木,,,,,,,,,,,,,,,金,,,,,,,,,,,,,,,,火,,,,,,,,,,,,,,,,,,,,,,,,,,,,
生野区,鶴橋,1丁目,3番,,,,,,,月木,,,,,,,,,,,,,,,,金,,,,,,,,,,,,,,,,火,,,,,,,,,,,,,,,,,,,,,,,,,,,,
生野区,鶴橋,1丁目,4番,軽四輪車(小さい車)で収集している地域,,,,,,月木,,,,,,,,,,,,,,,,土,,,,,,,,,,,,,,,,水,,,,,,,,,,,,,,,,,,,,,,,,,,,,
生野区,鶴橋,1丁目,4番,上記以外,,,,,,,月木,,,,,,,,,,,,,,,金,,,,,,,,,,,,,,,,火,,,,,,,,,,,,,,,,,,,,,,,,,,,,
生野区,鶴橋,1丁目,5番,,,,,,,,月木,,,,,,,,,,,,,,,金,,,,,,,,,,,,,,,,火,,,,,,,,,,,,,,,,,,,,,,,,,,,,
生野区,鶴橋,1丁目,6番,,,,,,,,月木,,,,,,,,,,,,,,,金,,,,,,,,,,,,,,,,火,,,,,,,,,,,,,,,,,,,,,,,,,,,,
生野区,鶴橋,1丁目,7番,,,,,,,,月木,,,,,,,,,,,,,,,金,,,,,,,,,,,,,,,,火,,,,,,,,,,,,,,,,,,,,,,,,,,,,
生野区,鶴橋,1丁目,8番,軽四輪車(小さい車)で収集している地域,,,,,,月木,,,,,,,,,,,,,,,,土,,,,,,,,,,,,,,,,水,,,,,,,,,,,,,,,,,,,,,,,,,,,,
生野区,鶴橋,1丁目,8番,上記以外,,,,,,,月木,,,,,,,,,,,,,,,金,,,,,,,,,,,,,,,,火,,,,,,,,,,,,,,,,,,,,,,,,,,,,
生野区,鶴橋,1丁目,9番,,,,,,,,月木,,,,,,,,,,,,,,,金,,,,,,,,,,,,,,,,火,,,,,,,,,,,,,,,,,,,,,,,,,,,,
生野区,鶴橋,1丁目,10番,軽四輪車(小さい車)で収集している地域,,,,,,月木,,,,,,,,,,,,,,,,土,,,,,,,,,,,,,,,,水,,,,,,,,,,,,,,,,,,,,,,,,,,,,
生野区,鶴橋,1丁目,10番,上記以外,,,,,,,月木,,,,,,,,,,,,,,,金,,,,,,,,,,,,,,,,火,,,,,,,,,,,,,,,,,,,,,,,,,,,,
生野区,鶴橋,2丁目,1番,,,,,,,,月木,,,,,,,,,,,,,,,土,,,,,,,,,,,,,,,,火,,,,,,,,,,,,,,,,,,,,,,,,,,,,
生野区,鶴橋,2丁目,2番,,,,,,,月木,,,,,,,,,,,,,,,,土,,,,,,,,,,,,,,,,水,,,,,,,,,,,,,,,,,,,,,,,,,,,,
生野区,鶴橋,2丁目,5番,,,,,,,月木,,,,,,,,,,,,,,,,金,,,,,,,,,,,,,,,,火,,,,,,,,,,,,,,,,,,,,,,,,,,,,
生野区,鶴橋,2丁目,6番,,,,,,,月木,,,,,,,,,,,,,,,,土,,,,,,,,,,,,,,,,水,,,,,,,,,,,,,,,,,,,,,,,,,,,,
生野区,鶴橋,2丁目,7番,,,,,,,月木,,,,,,,,,,,,,,,,土,,,,,,,,,,,,,,,,水,,,,,,,,,,,,,,,,,,,,,,,,,,,,
生野区,鶴橋,2丁目,8番,,,,,,,月木,,,,,,,,,,,,,,,,土,,,,,,,,,,,,,,,,水,,,,,,,,,,,,,,,,,,,,,,,,,,,,
生野区,鶴橋,2丁目,9番,,,,,,,月木,,,,,,,,,,,,,,,,土,,,,,,,,,,,,,,,,水,,,,,,,,,,,,,,,,,,,,,,,,,,,,
生野区,鶴橋,2丁目,10番,9号~16号,,,,,,月木,,,,,,,,,,,,,,,,金,,,,,,,,,,,,,,,,火,,,,,,,,,,,,,,,,,,,,,,,,,,,,
生野区,鶴橋,2丁目,10番,上記以外,,,,,,月木,,,,,,,,,,,,,,,,土,,,,,,,,,,,,,,,,水,,,,,,,,,,,,,,,,,,,,,,,,,,,,
生野区,鶴橋,2丁目,11番,18号~22号,,,,,,月木,,,,,,,,,,,,,,,,金,,,,,,,,,,,,,,,,火,,,,,,,,,,,,,,,,,,,,,,,,,,,,
生野区,鶴橋,2丁目,11番,上記以外,,,,,,月木,,,,,,,,,,,,,,,,土,,,,,,,,,,,,,,,,水,,,,,,,,,,,,,,,,,,,,,,,,,,,,
生野区,鶴橋,2丁目,12番,2号~10号,,,,,,月木,,,,,,,,,,,,,,,,金,,,,,,,,,,,,,,,,火,,,,,,,,,,,,,,,,,,,,,,,,,,,,
生野区,鶴橋,2丁目,12番,11号~31号,,,,,,月木,,,,,,,,,,,,,,,,土,,,,,,,,,,,,,,,,水,,,,,,,,,,,,,,,,,,,,,,,,,,,,
生野区,鶴橋,2丁目,12番,上記以外,,,,,,,月木,,,,,,,,,,,,,,,金,,,,,,,,,,,,,,,,火,,,,,,,,,,,,,,,,,,,,,,,,,,,,
生野区,鶴橋,2丁目,13番,,,,,,,,,月木,,,,,,,,,,,,,,土,,,,,,,,,,,,,,,,水,,,,,,,,,,,,,,,,,,,,,,,,,,,,
生野区,鶴橋,2丁目,14番,鶴橋本通商店街,,,,,,月木,,,,,,,,,,,,,,,,金,,,,,,,,,,,,,,,,火,,,,,,,,,,,,,,,,,,,,,,,,,,,,
生野区,鶴橋,2丁目,14番,上記以外,,,,,,月木,,,,,,,,,,,,,,,,土,,,,,,,,,,,,,,,,水,,,,,,,,,,,,,,,,,,,,,,,,,,,,
生野区,鶴橋,2丁目,15番,,,,,,,月木,,,,,,,,,,,,,,,,金,,,,,,,,,,,,,,,,火,,,,,,,,,,,,,,,,,,,,,,,,,,,,
生野区,鶴橋,2丁目,16番,,,,,,,月木,,,,,,,,,,,,,,,,金,,,,,,,,,,,,,,,,火,,,,,,,,,,,,,,,,,,,,,,,,,,,,
生野区,鶴橋,2丁目,17番,,,,,,,月木,,,,,,,,,,,,,,,,金,,,,,,,,,,,,,,,,火,,,,,,,,,,,,,,,,,,,,,,,,,,,,
生野区,鶴橋,2丁目,18番,1･2･3･7･19･22号,,,,,,月木,,,,,,,,,,,,,,,,,土,,,,,,,,,,,,,,,,水,,,,,,,,,,,,,,,,,,,,,,,,,,,
生野区,鶴橋,2丁目,18番,上記以外,,,,,,月木,,,,,,,,,,,,,,,,金,,,,,,,,,,,,,,,,火,,,,,,,,,,,,,,,,,,,,,,,,,,,,
生野区,鶴橋,2丁目,19番,,,,,,,月木,,,,,,,,,,,,,,,,土,,,,,,,,,,,,,,,,水,,,,,,,,,,,,,,,,,,,,,,,,,,,,
生野区,鶴橋,2丁目,20番,,,,,,,月木,,,,,,,,,,,,,,,,土,,,,,,,,,,,,,,,,水,,,,,,,,,,,,,,,,,,,,,,,,,,,,
生野区,鶴橋,3丁目,1番,,,,,,,,月木,,,,,,,,,,,,,,,金,,,,,,,,,,,,,,,,火,,,,,,,,,,,,,,,,,,,,,,,,,,,,
生野区,鶴橋,3丁目,2番,,,,,,,,月木,,,,,,,,,,,,,,,金,,,,,,,,,,,,,,,,火,,,,,,,,,,,,,,,,,,,,,,,,,,,,
生野区,鶴橋,3丁目,3番,,,,,,,,月木,,,,,,,,,,,,,,,金,,,,,,,,,,,,,,,,火,,,,,,,,,,,,,,,,,,,,,,,,,,,,
生野区,鶴橋,3丁目,4番,,,,,,,,月木,,,,,,,,,,,,,,,金,,,,,,,,,,,,,,,,火,,,,,,,,,,,,,,,,,,,,,,,,,,,,
生野区,鶴橋,3丁目,5番,,,,,,,月木,,,,,,,,,,,,,,,,金,,,,,,,,,,,,,,,,火,,,,,,,,,,,,,,,,,,,,,,,,,,,,
生野区,鶴橋,3丁目,6番,,,,,,,月木,,,,,,,,,,,,,,,,金,,,,,,,,,,,,,,,,火,,,,,,,,,,,,,,,,,,,,,,,,,,,,
生野区,鶴橋,3丁目,7番,,,,,,,月木,,,,,,,,,,,,,,,,金,,,,,,,,,,,,,,,,火,,,,,,,,,,,,,,,,,,,,,,,,,,,,
生野区,鶴橋,3丁目,8番,,,,,,,月木,,,,,,,,,,,,,,,,金,,,,,,,,,,,,,,,,火,,,,,,,,,,,,,,,,,,,,,,,,,,,,
生野区,鶴橋,4丁目,1番,,,,,,,,,,月木,,,,,,,,,,,,,金,,,,,,,,,,,,,,,,火,,,,,,,,,,,,,,,,,,,,,,,,,,,,
生野区,鶴橋,4丁目,2番,,,,,,,,,,月木,,,,,,,,,,,,,金,,,,,,,,,,,,,,,,火,,,,,,,,,,,,,,,,,,,,,,,,,,,,
生野区,鶴橋,4丁目,3番,,,,,,,,,,月木,,,,,,,,,,,,,金,,,,,,,,,,,,,,,,火,,,,,,,,,,,,,,,,,,,,,,,,,,,,
生野区,鶴橋,4丁目,4番,,,,,,,,,,月木,,,,,,,,,,,,,金,,,,,,,,,,,,,,,,火,,,,,,,,,,,,,,,,,,,,,,,,,,,,
生野区,鶴橋,4丁目,5番,,,,,,,,月木,,,,,,,,,,,,,,,金,,,,,,,,,,,,,,,,火,,,,,,,,,,,,,,,,,,,,,,,,,,,,
生野区,鶴橋,4丁目,6番,,,,,,,,月木,,,,,,,,,,,,,,,金,,,,,,,,,,,,,,,,火,,,,,,,,,,,,,,,,,,,,,,,,,,,,
生野区,鶴橋,4丁目,7番,,,,,,,,,,月木,,,,,,,,,,,,,金,,,,,,,,,,,,,,,,火,,,,,,,,,,,,,,,,,,,,,,,,,,,,
生野区,鶴橋,4丁目,8番,軽四輪車(小さい車)で収集している地域,,,,,,,,,,,,,,月木,,,,,,,,,,金,,,,,,,,,,,,,,,,火,,,,,,,,,,,,,,,,,,,,,,,,,,
生野区,鶴橋,4丁目,8番,上記以外,,,,,,,,,月木,,,,,,,,,,,,,金,,,,,,,,,,,,,,,,火,,,,,,,,,,,,,,,,,,,,,,,,,,,,
生野区,鶴橋,4丁目,9番,軽四輪車(小さい車)で収集している地域,,,,,,,,,,,,,,月木,,,,,,,,,,金,,,,,,,,,,,,,,,,火,,,,,,,,,,,,,,,,,,,,,,,,,,
生野区,鶴橋,4丁目,9番,上記以外,,,,,,,月木,,,,,,,,,,,,,,,金,,,,,,,,,,,,,,,,火,,,,,,,,,,,,,,,,,,,,,,,,,,,,
生野区,鶴橋,4丁目,10番,軽四輪車(小さい車)で収集している地域,,,,,,,,,,,,,,月木,,,,,,,,,,金,,,,,,,,,,,,,,,,火,,,,,,,,,,,,,,,,,,,,,,,,,,
生野区,鶴橋,4丁目,10番,上記以外,,,,,,月木,,,,,,,,,,,,,,,,金,,,,,,,,,,,,,,,,火,,,,,,,,,,,,,,,,,,,,,,,,,,,,
生野区,鶴橋,4丁目,11番,軽四輪車(小さい車)で収集している地域,,,,,,,,,,,,,,月木,,,,,,,,,,金,,,,,,,,,,,,,,,,火,,,,,,,,,,,,,,,,,,,,,,,,,,
生野区,鶴橋,4丁目,11番,上記以外,,,,,,月木,,,,,,,,,,,,,,,,金,,,,,,,,,,,,,,,,火,,,,,,,,,,,,,,,,,,,,,,,,,,,,
生野区,鶴橋,4丁目,12番,軽四輪車(小さい車)で収集している地域,,,,,,,,,,,,,,月木,,,,,,,,,,金,,,,,,,,,,,,,,,,火,,,,,,,,,,,,,,,,,,,,,,,,,,
生野区,鶴橋,4丁目,12番,上記以外,,,,,,月木,,,,,,,,,,,,,,,,金,,,,,,,,,,,,,,,,火,,,,,,,,,,,,,,,,,,,,,,,,,,,,
生野区,鶴橋,4丁目,13番,軽四輪車(小さい車)で収集している地域,,,,,,,,,,,,,,月木,,,,,,,,,,金,,,,,,,,,,,,,,,,火,,,,,,,,,,,,,,,,,,,,,,,,,,
生野区,鶴橋,4丁目,13番,上記以外,,,,,,,,,月木,,,,,,,,,,,,,金,,,,,,,,,,,,,,,,火,,,,,,,,,,,,,,,,,,,,,,,,,,,,
生野区,鶴橋,4丁目,14番,軽四輪車(小さい車)で収集している地域,,,,,,,,,,,,,,月木,,,,,,,,,,金,,,,,,,,,,,,,,,,火,,,,,,,,,,,,,,,,,,,,,,,,,,
生野区,鶴橋,4丁目,14番,上記以外,,,,,,月木,,,,,,,,,,,,,,,,金,,,,,,,,,,,,,,,,火,,,,,,,,,,,,,,,,,,,,,,,,,,,,
生野区,鶴橋,4丁目,15番,軽四輪車(小さい車)で収集している地域,,,,,,,,,,,,,,,月木,,,,,,,,,金,,,,,,,,,,,,,,,,火,,,,,,,,,,,,,,,,,,,,,,,,,,
生野区,鶴橋,4丁目,15番,上記以外,,,,,,月木,,,,,,,,,,,,,,,,金,,,,,,,,,,,,,,,,火,,,,,,,,,,,,,,,,,,,,,,,,,,,,
生野区,鶴橋,5丁目,1番,,,,,,,,,,月木,,,,,,,,,,,,,金,,,,,,,,,,,,,,,,火,,,,,,,,,,,,,,,,,,,,,,,,,,,,
生野区,鶴橋,5丁目,2番,,,,,,,,,,月木,,,,,,,,,,,,,,,金,,,,,,,,,,,,,,,,火,,,,,,,,,,,,,,,,,,,,,,,,,,
生野区,鶴橋,5丁目,3番,軽四輪車(小さい車)で収集している地域,,,,,,,,,,,,,,月木,,,,,,,,,,金,,,,,,,,,,,,,,,,火,,,,,,,,,,,,,,,,,,,,,,,,,,
生野区,鶴橋,5丁目,3番,上記以外,,,,,,,,,月木,,,,,,,,,,,,,金,,,,,,,,,,,,,,,,火,,,,,,,,,,,,,,,,,,,,,,,,,,,,
生野区,鶴橋,5丁目,4番,軽四輪車(小さい車)で収集している地域,,,,,,,,,,,,,,月木,,,,,,,,,,金,,,,,,,,,,,,,,,,火,,,,,,,,,,,,,,,,,,,,,,,,,,
生野区,鶴橋,5丁目,4番,上記以外,,,,,,,,,月木,,,,,,,,,,,,,金,,,,,,,,,,,,,,,,火,,,,,,,,,,,,,,,,,,,,,,,,,,,,
生野区,鶴橋,5丁目,5番,軽四輪車(小さい車)で収集している地域,,,,,,,,,,,,,,月木,,,,,,,,,,金,,,,,,,,,,,,,,,,火,,,,,,,,,,,,,,,,,,,,,,,,,,
生野区,鶴橋,5丁目,5番,上記以外,,,,,,,,,月木,,,,,,,,,,,,,金,,,,,,,,,,,,,,,,火,,,,,,,,,,,,,,,,,,,,,,,,,,,,
生野区,鶴橋,5丁目,6番,軽四輪車(小さい車)で収集している地域,,,,,,,,,,,,,,月木,,,,,,,,,,金,,,,,,,,,,,,,,,,火,,,,,,,,,,,,,,,,,,,,,,,,,,
生野区,鶴橋,5丁目,6番,上記以外,,,,,,,,,月木,,,,,,,,,,,,,金,,,,,,,,,,,,,,,,火,,,,,,,,,,,,,,,,,,,,,,,,,,,,
生野区,鶴橋,5丁目,7番,軽四輪車(小さい車)で収集している地域,,,,,,,,,,,,,,月木,,,,,,,,,,金,,,,,,,,,,,,,,,,火,,,,,,,,,,,,,,,,,,,,,,,,,,
生野区,鶴橋,5丁目,7番,上記以外,,,,,,,,,月木,,,,,,,,,,,,,金,,,,,,,,,,,,,,,,火,,,,,,,,,,,,,,,,,,,,,,,,,,,,
生野区,鶴橋,5丁目,8番,,,,,,,,,,月木,,,,,,,,,,,,,金,,,,,,,,,,,,,,,,火,,,,,,,,,,,,,,,,,,,,,,,,,,,,
生野区,鶴橋,5丁目,10番,軽四輪車(小さい車)で収集している地域,,,,,,,,,,,,,,月木,,,,,,,,,,金,,,,,,,,,,,,,,,,火,,,,,,,,,,,,,,,,,,,,,,,,,,
生野区,鶴橋,5丁目,10番,上記以外,,,,,,,,,月木,,,,,,,,,,,,,金,,,,,,,,,,,,,,,,火,,,,,,,,,,,,,,,,,,,,,,,,,,,,
生野区,鶴橋,5丁目,11番,軽四輪車(小さい車)で収集している地域,,,,,,,,,,,,,,月木,,,,,,,,,,金,,,,,,,,,,,,,,,,火,,,,,,,,,,,,,,,,,,,,,,,,,,
生野区,鶴橋,5丁目,11番,上記以外,,,,,,,,,月木,,,,,,,,,,,,,金,,,,,,,,,,,,,,,,火,,,,,,,,,,,,,,,,,,,,,,,,,,,,
生野区,鶴橋,5丁目,12番,,,,,,,,,,月木,,,,,,,,,,,,,金,,,,,,,,,,,,,,,,火,,,,,,,,,,,,,,,,,,,,,,,,,,,,
生野区,鶴橋,5丁目,13番,軽四輪車(小さい車)で収集している地域,,,,,,,,,,,,,,月木,,,,,,,,,,金,,,,,,,,,,,,,,,,火,,,,,,,,,,,,,,,,,,,,,,,,,,
生野区,鶴橋,5丁目,13番,上記以外,,,,,,,,,月木,,,,,,,,,,,,,金,,,,,,,,,,,,,,,,火,,,,,,,,,,,,,,,,,,,,,,,,,,,,
生野区,鶴橋,5丁目,14番,軽四輪車(小さい車)で収集している地域,,,,,,,,,,,,,,月木,,,,,,,,,,金,,,,,,,,,,,,,,,,火,,,,,,,,,,,,,,,,,,,,,,,,,,
生野区,鶴橋,5丁目,14番,上記以外,,,,,,,,,月木,,,,,,,,,,,,,金,,,,,,,,,,,,,,,,火,,,,,,,,,,,,,,,,,,,,,,,,,,,,
生野区,鶴橋,5丁目,15番,軽四輪車(小さい車)で収集している地域,,,,,,,,,,,,,,月木,,,,,,,,,,金,,,,,,,,,,,,,,,,火,,,,,,,,,,,,,,,,,,,,,,,,,,
生野区,鶴橋,5丁目,15番,上記以外,,,,,,,,,月木,,,,,,,,,,,,,金,,,,,,,,,,,,,,,,火,,,,,,,,,,,,,,,,,,,,,,,,,,,,
生野区,鶴橋,5丁目,16番,軽四輪車(小さい車)で収集している地域,,,,,,,,,,,,,,月木,,,,,,,,,,金,,,,,,,,,,,,,,,,火,,,,,,,,,,,,,,,,,,,,,,,,,,
生野区,鶴橋,5丁目,16番,上記以外,,,,,,,,,月木,,,,,,,,,,,,,金,,,,,,,,,,,,,,,,火,,,,,,,,,,,,,,,,,,,,,,,,,,,,
生野区,鶴橋,5丁目,17番,軽四輪車(小さい車)で収集している地域,,,,,,,,,,,,,,月木,,,,,,,,,,金,,,,,,,,,,,,,,,,火,,,,,,,,,,,,,,,,,,,,,,,,,,
生野区,鶴橋,5丁目,17番,上記以外,,,,,,,月木,,,,,,,,,,,,,,,金,,,,,,,,,,,,,,,,火,,,,,,,,,,,,,,,,,,,,,,,,,,,,
生野区,鶴橋,5丁目,18番,軽四輪車(小さい車)で収集している地域,,,,,,,,,,,,,,月木,,,,,,,,,,,,,,,,金,,,,,,,,,,,,,,,,火,,,,,,,,,,,,,,,,,,,,
生野区,鶴橋,5丁目,18番,上記以外,,,,,,,,,月木,,,,,,,,,,,,,金,,,,,,,,,,,,,,,,火,,,,,,,,,,,,,,,,,,,,,,,,,,,,
生野区,鶴橋,5丁目,19番,軽四輪車(小さい車)で収集している地域,,,,,,,,,,,,,,月木,,,,,,,,,,,,,,,,金,,,,,,,,,,,,,,,,火,,,,,,,,,,,,,,,,,,,,
生野区,鶴橋,5丁目,19番,上記以外,,,,,,,,,月木,,,,,,,,,,,,,金,,,,,,,,,,,,,,,,火,,,,,,,,,,,,,,,,,,,,,,,,,,,,
生野区,鶴橋,5丁目,20番,軽四輪車(小さい車)で収集している地域,,,,,,,,,,,,,,月木,,,,,,,,金,,,,,,,,,,,,,,,,火,,,,,,,,,,,,,,,,,,,,,,,,,,,,
生野区,鶴橋,5丁目,20番,上記以外,,,,,,,,,月木,,,,,,,,,,,,,金,,,,,,,,,,,,,,,,火,,,,,,,,,,,,,,,,,,,,,,,,,,,,
生野区,鶴橋,5丁目,21番,軽四輪車(小さい車)で収集している地域,,,,,,,,,,月木,,,,,,,,,,,,金,,,,,,,,,,,,,,,,火,,,,,,,,,,,,,,,,,,,,,,,,,,,,
生野区,鶴橋,5丁目,21番,上記以外,,,,,,月木,,,,,,,,,,,,,,,,金,,,,,,,,,,,,,,,,火,,,,,,,,,,,,,,,,,,,,,,,,,,,,
生野区,中川,1丁目,1番,,,,,,,,,,,,,,,月木,,,,,,,,,,金,,,,,,,,,,,,,,,,火,,,,,,,,,,,,,,,,,,,,,,,,,,
生野区,中川,1丁目,2番,,,,,,,,,,,,,,,月木,,,,,,,,,,金,,,,,,,,,,,,,,,,火,,,,,,,,,,,,,,,,,,,,,,,,,,
生野区,中川,1丁目,3番,,,,,,,,,,,,,,,月木,,,,,,,,,,金,,,,,,,,,,,,,,,,火,,,,,,,,,,,,,,,,,,,,,,,,,,
生野区,中川,1丁目,4番,,,,,,,,,,,,,,,月木,,,,,,,,,,金,,,,,,,,,,,,,,,,火,,,,,,,,,,,,,,,,,,,,,,,,,,
生野区,中川,1丁目,5番,,,,,,,,,,,,,,,月木,,,,,,,,,,金,,,,,,,,,,,,,,,,火,,,,,,,,,,,,,,,,,,,,,,,,,,
生野区,中川,1丁目,6番,,,,,,,,,,,,,,,,月木,,,,,,,,,金,,,,,,,,,,,,,,,,火,,,,,,,,,,,,,,,,,,,,,,,,,,
生野区,中川,1丁目,7番,,,,,,,,,,,,,,,,月木,,,,,,,,,金,,,,,,,,,,,,,,,,火,,,,,,,,,,,,,,,,,,,,,,,,,,
生野区,中川,2丁目,1番,,,,,,,,,,,,,,,,月木,,,,,,,,,,,,,,,金,,,,,,,,,,,,,,,,火,,,,,,,,,,,,,,,,,,,,
生野区,中川,2丁目,2番,,,,,,,,,,,,,,,,月木,,,,,,,,,,,,,,,金,,,,,,,,,,,,,,,,火,,,,,,,,,,,,,,,,,,,,
生野区,中川,2丁目,3番,軽四輪車(小さい車)で収集している地域,,,,,,水土,,,,,,,,,,,,,,,,,金,,,,,,,,,,,,,,,,火,,,,,,,,,,,,,,,,,,,,,,,,,,,
生野区,中川,2丁目,3番,上記以外,,,,,,,,,,,,,,,月木,,,,,,,,,,,,,,,金,,,,,,,,,,,,,,,,火,,,,,,,,,,,,,,,,,,,,
生野区,中川,2丁目,4番,軽四輪車(小さい車)で収集している地域,,,,,,水土,,,,,,,,,,,,,,,,,金,,,,,,,,,,,,,,,,火,,,,,,,,,,,,,,,,,,,,,,,,,,,
生野区,中川,2丁目,4番,上記以外,,,,,,,,,,,,,,,月木,,,,,,,,,,,,,,,金,,,,,,,,,,,,,,,,火,,,,,,,,,,,,,,,,,,,,
生野区,中川,2丁目,5番,,,,,,,,,,,,,,,,月木,,,,,,,,,,,,,,,金,,,,,,,,,,,,,,,,火,,,,,,,,,,,,,,,,,,,,
生野区,中川,2丁目,6番,,,,,,,,,,,,,,,,月木,,,,,,,,,,,,,,,金,,,,,,,,,,,,,,,,火,,,,,,,,,,,,,,,,,,,,
生野区,中川,2丁目,7番,,,,,,,,,,,,,,,,月木,,,,,,,,,,,,,,,金,,,,,,,,,,,,,,,,火,,,,,,,,,,,,,,,,,,,,
生野区,中川,2丁目,8番,,,,,,,,,,,,,,,,月木,,,,,,,,,,,,,,,金,,,,,,,,,,,,,,,,火,,,,,,,,,,,,,,,,,,,,
生野区,中川,2丁目,9番,,,,,,,,,,,,,,,月木,,,,,,,,,,,,,,,,金,,,,,,,,,,,,,,,,火,,,,,,,,,,,,,,,,,,,,
生野区,中川,2丁目,10番,,,,,,,,,,,,,,,月木,,,,,,,,,,,,,,,,金,,,,,,,,,,,,,,,,火,,,,,,,,,,,,,,,,,,,,
生野区,中川,2丁目,11番,軽四輪車(小さい車)で収集している地域,,,,,,水土,,,,,,,,,,,,,,,,,金,,,,,,,,,,,,,,,,火,,,,,,,,,,,,,,,,,,,,,,,,,,,
生野区,中川,2丁目,11番,上記以外,,,,,,,,,,,,,,月木,,,,,,,,,,,,,,,,,,金,,,,,,,,,,,,,,,,火,,,,,,,,,,,,,,,,,,
生野区,中川,2丁目,12番,軽四輪車(小さい車)で収集している地域,,,,,,水土,,,,,,,,,,,,,,,,,金,,,,,,,,,,,,,,,,火,,,,,,,,,,,,,,,,,,,,,,,,,,,
生野区,中川,2丁目,12番,上記以外,,,,,,,,,,,,,,月木,,,,,,,,,,,,,,,,,,金,,,,,,,,,,,,,,,,火,,,,,,,,,,,,,,,,,,
生野区,中川,2丁目,13番,,,,,,,,,,,,,,,,月木,,,,,,,,,,,,,,,,,金,,,,,,,,,,,,,,,,火,,,,,,,,,,,,,,,,,,
生野区,中川,2丁目,14番,,,,,,,,,,,,,,,,月木,,,,,,,,,,,,,,,,,金,,,,,,,,,,,,,,,,火,,,,,,,,,,,,,,,,,,
生野区,中川,2丁目,15番,,,,,,,,,,,,,,,,月木,,,,,,,,,,,,,,,,,金,,,,,,,,,,,,,,,,火,,,,,,,,,,,,,,,,,,
生野区,中川,2丁目,16番,,,,,,,,,,,,,,,,月木,,,,,,,,,,,,,,,,,金,,,,,,,,,,,,,,,,火,,,,,,,,,,,,,,,,,,
生野区,中川,2丁目,17番,,,,,,,,,,,,,,,,月木,,,,,,,,,,,,,,,,,金,,,,,,,,,,,,,,,,火,,,,,,,,,,,,,,,,,,
生野区,中川,2丁目,18番,,,,,,,,,,,,,,,,月木,,,,,,,,,,,,,,,,,金,,,,,,,,,,,,,,,,火,,,,,,,,,,,,,,,,,,
生野区,中川,2丁目,19番,軽四輪車(小さい車)で収集している地域,,,,,,水土,,,,,,,,,,,,,,,,,金,,,,,,,,,,,,,,,,火,,,,,,,,,,,,,,,,,,,,,,,,,,,
生野区,中川,2丁目,19番,上記以外,,,,,,,,,,,,,,,,,,月木,,,,,,,,,,,,,,金,,,,,,,,,,,,,,,,火,,,,,,,,,,,,,,,,,,
生野区,中川,2丁目,20番,軽四輪車(小さい車)で収集している地域,,,,,,水土,,,,,,,,,,,,,,,,,金,,,,,,,,,,,,,,,,火,,,,,,,,,,,,,,,,,,,,,,,,,,,
生野区,中川,2丁目,20番,上記以外,,,,,,,,,,,,,,,,,,月木,,,,,,,,,,,,,,金,,,,,,,,,,,,,,,,火,,,,,,,,,,,,,,,,,,
生野区,中川,2丁目,21番,軽四輪車(小さい車)で収集している地域,,,,,,水土,,,,,,,,,,,,,,,,,金,,,,,,,,,,,,,,,,火,,,,,,,,,,,,,,,,,,,,,,,,,,,
生野区,中川,2丁目,21番,上記以外,,,,,,,,,,,,,,月木,,,,,,,,,,,,,,,,,,金,,,,,,,,,,,,,,,,火,,,,,,,,,,,,,,,,,,
生野区,中川,3丁目,1番,,,,,,,,,,,,,,,,月木,,,,,,,,,,,,,,,金,,,,,,,,,,,,,,,,火,,,,,,,,,,,,,,,,,,,,
生野区,中川,3丁目,2番,,,,,,,,,,,,,,,月木,,,,,,,,,,,,,,,,金,,,,,,,,,,,,,,,,火,,,,,,,,,,,,,,,,,,,,
生野区,中川,3丁目,3番,11号　ヴェルジュパレス今里,,,,,,,,火金,,,,,,,,,,,,,,,,,,,,,,金,,,,,,,,,,,,,,,,火,,,,,,,,,,,,,,,,,,,,
生野区,中川,3丁目,3番,上記以外,,,,,,,,,,,,,,月木,,,,,,,,,,,,,,,,金,,,,,,,,,,,,,,,,火,,,,,,,,,,,,,,,,,,,,
生野区,中川,3丁目,4番,,,,,,,,,,,,,,,月木,,,,,,,,,,,,,,,,金,,,,,,,,,,,,,,,,火,,,,,,,,,,,,,,,,,,,,
生野区,中川,3丁目,5番,,,,,,,,,,,,,,,月木,,,,,,,,,,,,,,,,金,,,,,,,,,,,,,,,,火,,,,,,,,,,,,,,,,,,,,
生野区,中川,3丁目,6番,,,,,,,,,,,,,,,月木,,,,,,,,,,,,,,,,金,,,,,,,,,,,,,,,,火,,,,,,,,,,,,,,,,,,,,
生野区,中川,3丁目,7番,,,,,,,,,,,,,,,月木,,,,,,,,,,,,,,,,金,,,,,,,,,,,,,,,,火,,,,,,,,,,,,,,,,,,,,
生野区,中川,4丁目,1番,軽四輪車(小さい車)で収集している地域,,,,,,,,水土,,,,,,,,,,,,,,,,,,,,,,金,,,,,,,,,,,,,,,,火,,,,,,,,,,,,,,,,,,,,
生野区,中川,4丁目,1番,上記以外,,,,,,,,,,,,,,,月木,,,,,,,,,,,,,,,,,金,,,,,,,,,,,,,,,,火,,,,,,,,,,,,,,,,,,
生野区,中川,4丁目,2番,軽四輪車(小さい車)で収集している地域,,,,,,,,水土,,,,,,,,,,,,,,,,,,,,,,金,,,,,,,,,,,,,,,,火,,,,,,,,,,,,,,,,,,,,
生野区,中川,4丁目,2番,上記以外,,,,,,,,,,,,,,月木,,,,,,,,,,,,,,,,,,金,,,,,,,,,,,,,,,,火,,,,,,,,,,,,,,,,,,
生野区,中川,4丁目,3番,軽四輪車(小さい車)で収集している地域,,,,,,,,水土,,,,,,,,,,,,,,,金,,,,,,,,,,,,,,,,火,,,,,,,,,,,,,,,,,,,,,,,,,,,
生野区,中川,4丁目,3番,上記以外,,,,,,,,,,,,,,月木,,,,,,,,,,,,,,,,,,金,,,,,,,,,,,,,,,,火,,,,,,,,,,,,,,,,,,
生野区,中川,4丁目,4番,軽四輪車(小さい車)で収集している地域,,,,,,,,水土,,,,,,,,,,,,,,,金,,,,,,,,,,,,,,,,火,,,,,,,,,,,,,,,,,,,,,,,,,,,
生野区,中川,4丁目,4番,上記以外,,,,,,,,,,,,,,,,,,月木,,,,,,,,,,,,,,金,,,,,,,,,,,,,,,,火,,,,,,,,,,,,,,,,,,
生野区,中川,4丁目,5番,,,,,,,,,,,,,,,,,,,月木,,,,,,,,,,,,,,金,,,,,,,,,,,,,,,,火,,,,,,,,,,,,,,,,,,
生野区,中川,4丁目,6番,軽四輪車(小さい車)で収集している地域,,,,,,,水土,,,,,,,,,,,,,,,,,,,,,,,金,,,,,,,,,,,,,,,,火,,,,,,,,,,,,,,,,,,,,
生野区,中川,4丁目,6番,上記以外,,,,,,,,,,,,,,,,,,月木,,,,,,,,,,,,,,金,,,,,,,,,,,,,,,,火,,,,,,,,,,,,,,,,,,
生野区,中川,4丁目,7番,軽四輪車(小さい車)で収集している地域,,,,,,水土,,,,,,,,,,,,,,,,,,,,,,,,金,,,,,,,,,,,,,,,,火,,,,,,,,,,,,,,,,,,,,
生野区,中川,4丁目,7番,上記以外,,,,,,,,,,,,,,,,,,月木,,,,,,,,,,,,,,金,,,,,,,,,,,,,,,,火,,,,,,,,,,,,,,,,,,
生野区,中川,4丁目,8番,軽四輪車(小さい車)で収集している地域,,,,,,,水土,,,,,,,,,,,,,,,,,,,,,,,金,,,,,,,,,,,,,,,,火,,,,,,,,,,,,,,,,,,,,
生野区,中川,4丁目,8番,上記以外,,,,,,,,,,,,,,,,,,月木,,,,,,,,,,,,,,金,,,,,,,,,,,,,,,,火,,,,,,,,,,,,,,,,,,
生野区,中川,4丁目,9番,軽四輪車(小さい車)で収集している地域,,,,,,,水土,,,,,,,,,,,,,,,,,,,,,,,金,,,,,,,,,,,,,,,,火,,,,,,,,,,,,,,,,,,,,
生野区,中川,4丁目,9番,上記以外,,,,,,,,,,,,,,,,,月木,,,,,,,,,,,,,,,金,,,,,,,,,,,,,,,,火,,,,,,,,,,,,,,,,,,
生野区,中川,4丁目,10番,,,,,,,,,,,,,,,,,,月木,,,,,,,,,,,,,,,金,,,,,,,,,,,,,,,,火,,,,,,,,,,,,,,,,,,
生野区,中川,4丁目,11番,,,,,,,,,,,,,,,,月木,,,,,,,,,,,,,,,,,金,,,,,,,,,,,,,,,,火,,,,,,,,,,,,,,,,,,
生野区,中川,4丁目,12番,,,,,,,,,,,,,,,月木,,,,,,,,,,,,,,,,,,金,,,,,,,,,,,,,,,,火,,,,,,,,,,,,,,,,,,
生野区,中川,4丁目,13番,,,,,,,,,,,,,,,月木,,,,,,,,,,,,,,,,,,金,,,,,,,,,,,,,,,,火,,,,,,,,,,,,,,,,,,
生野区,中川,4丁目,14番,,,,,,,,,,月木,,,,,,,,,,,,,,,,,,,,,,,金,,,,,,,,,,,,,,,,火,,,,,,,,,,,,,,,,,,
生野区,中川,4丁目,15番,,,,,,,,,,,,,,,月木,,,,,,,,,,,,,,,,,,金,,,,,,,,,,,,,,,,火,,,,,,,,,,,,,,,,,,
生野区,中川,4丁目,16番,軽四輪車(小さい車)で収集している地域,,,,,,,水土,,,,,,,,,,,,,,,,,,,,,,,金,,,,,,,,,,,,,,,,火,,,,,,,,,,,,,,,,,,,,
生野区,中川,4丁目,16番,上記以外,,,,,,,,,,,,,,,月木,,,,,,,,,,,,,,,,,金,,,,,,,,,,,,,,,,火,,,,,,,,,,,,,,,,,,
生野区,中川,4丁目,17番,軽四輪車(小さい車)で収集している地域,,,,,,,,水土,,,,,,,,,,,,,,,,,,,,,,金,,,,,,,,,,,,,,,,火,,,,,,,,,,,,,,,,,,,,
生野区,中川,4丁目,17番,上記以外,,,,,,,,,,,,,,,月木,,,,,,,,,,,,,,,,,金,,,,,,,,,,,,,,,,火,,,,,,,,,,,,,,,,,,
生野区,中川,4丁目,18番,,,,,,,,,,,,,,,,月木,,,,,,,,,,,,,,,金,,,,,,,,,,,,,,,,火,,,,,,,,,,,,,,,,,,,,
生野区,中川,4丁目,19番,軽四輪車(小さい車)で収集している地域,,,,,,,水土,,,,,,,,,,,,,,,,金,,,,,,,,,,,,,,,,火,,,,,,,,,,,,,,,,,,,,,,,,,,,
生野区,中川,4丁目,19番,上記以外,,,,,,,,,,,,,,,月木,,,,,,,,,,,,,,,,,金,,,,,,,,,,,,,,,,火,,,,,,,,,,,,,,,,,,
生野区,中川,4丁目,20番,軽四輪車(小さい車)で収集している地域,,,,,,,水土,,,,,,,,,,,,,,,,金,,,,,,,,,,,,,,,,火,,,,,,,,,,,,,,,,,,,,,,,,,,,
生野区,中川,4丁目,20番,上記以外,,,,,,,,,,,,,,,,,,月木,,,,,,,,,,,,,,金,,,,,,,,,,,,,,,,火,,,,,,,,,,,,,,,,,,
生野区,中川,4丁目,21番,軽四輪車(小さい車)で収集している地域,,,,,,,水土,,,,,,,,,,,,,,,,,,,,,,,,,金,,,,,,,,,,,,,,,,火,,,,,,,,,,,,,,,,,,
生野区,中川,4丁目,21番,上記以外,,,,,,,,,,,,,,,,,,月木,,,,,,,,,,,,,,金,,,,,,,,,,,,,,,,火,,,,,,,,,,,,,,,,,,
生野区,中川,5丁目,1番,,,,,,,,,,,,,,,,,,,月木,,,,,,,,,,,,,,金,,,,,,,,,,,,,,,,火,,,,,,,,,,,,,,,,,,
生野区,中川,5丁目,2番,軽四輪車(小さい車)で収集している地域,,,,,,水土,,,,,,,,,,,,,,,,,,,,,,,,金,,,,,,,,,,,,,,,,火,,,,,,,,,,,,,,,,,,,,
生野区,中川,5丁目,2番,上記以外,,,,,,,,,,,,,,,,,,月木,,,,,,,,,,,,金,,,,,,,,,,,,,,,,火,,,,,,,,,,,,,,,,,,,,
生野区,中川,5丁目,3番,,,,,,,,,,,,,,,月木,,,,,,,,,,,,,,,,金,,,,,,,,,,,,,,,,火,,,,,,,,,,,,,,,,,,,,
生野区,中川,5丁目,4番,,,,,,,,,,,,,,,,,,,月木,,,,,,,,,,,,金,,,,,,,,,,,,,,,,火,,,,,,,,,,,,,,,,,,,,
生野区,中川,5丁目,5番,,,,,,,,,,,,,,,,,,,月木,,,,,,,,,,,,金,,,,,,,,,,,,,,,,火,,,,,,,,,,,,,,,,,,,,
生野区,中川,5丁目,6番,軽四輪車(小さい車)で収集している地域,,,,,,水土,,,,,,,,,,,,,,,,,,,,,,,,金,,,,,,,,,,,,,,,,火,,,,,,,,,,,,,,,,,,,,
生野区,中川,5丁目,6番,上記以外,,,,,,,,,,,,,,,,,,月木,,,,,,,,,,,,金,,,,,,,,,,,,,,,,火,,,,,,,,,,,,,,,,,,,,
生野区,中川,5丁目,7番,,,,,,,,,,,,,,,,,,,月木,,,,,,,,,,,,金,,,,,,,,,,,,,,,,火,,,,,,,,,,,,,,,,,,,,
生野区,中川,5丁目,8番,軽四輪車(小さい車)で収集している地域,,,,,,水土,,,,,,,,,,,,,,,,,,,,,,,,金,,,,,,,,,,,,,,,,火,,,,,,,,,,,,,,,,,,,,
生野区,中川,5丁目,8番,上記以外,,,,,,,,,,,,,,,,,,月木,,,,,,,,,,,,金,,,,,,,,,,,,,,,,火,,,,,,,,,,,,,,,,,,,,
生野区,中川,5丁目,9番,軽四輪車(小さい車)で収集している地域,,,,,,水土,,,,,,,,,,,,,,,,,,,,,,,,金,,,,,,,,,,,,,,,,火,,,,,,,,,,,,,,,,,,,,
生野区,中川,5丁目,9番,上記以外,,,,,,,,,,,,,,月木,,,,,,,,,,,,,,,,金,,,,,,,,,,,,,,,,火,,,,,,,,,,,,,,,,,,,,
生野区,中川,5丁目,10番,,,,,,,,,,,,,,,月木,,,,,,,,,,,,,,,,金,,,,,,,,,,,,,,,,火,,,,,,,,,,,,,,,,,,,,
生野区,中川,5丁目,11番,,,,,,,,,,,,,,,月木,,,,,,,,,,,,,,,,金,,,,,,,,,,,,,,,,火,,,,,,,,,,,,,,,,,,,,
生野区,中川,5丁目,12番,,,,,,,,,,,,,,,月木,,,,,,,,,,,,,,,,金,,,,,,,,,,,,,,,,火,,,,,,,,,,,,,,,,,,,,
生野区,中川,5丁目,13番,軽四輪車(小さい車)で収集している地域,,,,,,水土,,,,,,,,,,,,,,,,,,,,,,,,金,,,,,,,,,,,,,,,,火,,,,,,,,,,,,,,,,,,,,
生野区,中川,5丁目,13番,上記以外,,,,,,,,,,,,,,,,,,月木,,,,,,,,,,,,金,,,,,,,,,,,,,,,,火,,,,,,,,,,,,,,,,,,,,
生野区,中川,6丁目,1番,,,,,,,,,,,月木,,,,,,,,,,,,,,,,,,,,,,金,,,,,,,,,,,,,,,,火,,,,,,,,,,,,,,,,,,
生野区,中川,6丁目,2番,,,,,,,,,,,月木,,,,,,,,,,,,,,,,,,,,,,金,,,,,,,,,,,,,,,,火,,,,,,,,,,,,,,,,,,
生野区,中川,6丁目,4番,,,,,,,,,,,月木,,,,,,,,,,,,,,,,,,,,,,金,,,,,,,,,,,,,,,,火,,,,,,,,,,,,,,,,,,
生野区,中川,6丁目,5番,,,,,,,,月木,,,,,,,,,,,,,,,,,,,,,,,,,金,,,,,,,,,,,,,,,,火,,,,,,,,,,,,,,,,,,
生野区,中川,6丁目,6番,軽四輪車(小さい車)で収集している地域,,,,,,,,,,,,,,,,,月木,,,,,,金,,,,,,,,,,,,,,,,火,,,,,,,,,,,,,,,,,,,,,,,,,,,
生野区,中川,6丁目,6番,上記以外,,,,,,,,,,,,,,,月木,,,,,,,,,,,,,,,,,金,,,,,,,,,,,,,,,,火,,,,,,,,,,,,,,,,,,
生野区,中川,6丁目,7番,軽四輪車(小さい車)で収集している地域,,,,,,,,,,,,,,,,,月木,,,,,,金,,,,,,,,,,,,,,,,火,,,,,,,,,,,,,,,,,,,,,,,,,,,
生野区,中川,6丁目,7番,上記以外,,,,,,,,,,,,,,,月木,,,,,,,,,,,,,,,,,金,,,,,,,,,,,,,,,,火,,,,,,,,,,,,,,,,,,
生野区,中川,6丁目,8番,,,,,,,,月木,,,,,,,,,,,,,,,,,,,,,,,,,金,,,,,,,,,,,,,,,,火,,,,,,,,,,,,,,,,,,
生野区,中川,6丁目,9番,,,,,,,,月木,,,,,,,,,,,,,,,,,,,,,,,,,金,,,,,,,,,,,,,,,,火,,,,,,,,,,,,,,,,,,
生野区,中川,6丁目,10番,,,,,,,月木,,,,,,,,,,,,,,,,,,,,,,,,,,金,,,,,,,,,,,,,,,,火,,,,,,,,,,,,,,,,,,
生野区,中川,6丁目,11番,軽四輪車(小さい車)で収集している地域,,,,,,,水土,,,,,,,,,,,,,,,,金,,,,,,,,,,,,,,,,火,,,,,,,,,,,,,,,,,,,,,,,,,,,
生野区,中川,6丁目,11番,上記以外,,,,,,,,,,,,,,,月木,,,,,,,,,,,,,,,,,金,,,,,,,,,,,,,,,,火,,,,,,,,,,,,,,,,,,
生野区,中川,6丁目,12番,軽四輪車(小さい車)で収集している地域,,,,,,,水土,,,,,,,,,,,,,,,,金,,,,,,,,,,,,,,,,火,,,,,,,,,,,,,,,,,,,,,,,,,,,
生野区,中川,6丁目,12番,上記以外,,,,,,,,,,,,,,,月木,,,,,,,,,,,,,,,,,金,,,,,,,,,,,,,,,,火,,,,,,,,,,,,,,,,,,
生野区,中川,6丁目,13番,,,,,,,,,,,,,,,,月木,,,,,,,,,,,,,,,,,金,,,,,,,,,,,,,,,,火,,,,,,,,,,,,,,,,,,
生野区,中川西,1丁目,1番,,,,,,,,,月木,,,,,,,,,,,,,,,,金,,,,,,,,,,,,,,,,火,,,,,,,,,,,,,,,,,,,,,,,,,,
生野区,中川西,1丁目,2番,,,,,,,,,,月木,,,,,,,,,,,,,,,金,,,,,,,,,,,,,,,,火,,,,,,,,,,,,,,,,,,,,,,,,,,
生野区,中川西,1丁目,3番,軽四輪車(小さい車)で収集している地域,,,,,,,,,,,,,,月木,,,,,,,,,,,,,,,,金,,,,,,,,,,,,,,,,火,,,,,,,,,,,,,,,,,,,,
生野区,中川西,1丁目,3番,上記以外,,,,,,,,,月木,,,,,,,,,,,,,,,金,,,,,,,,,,,,,,,,火,,,,,,,,,,,,,,,,,,,,,,,,,,
生野区,中川西,1丁目,4番,,,,,,,,,月木,,,,,,,,,,,,,,,,金,,,,,,,,,,,,,,,,火,,,,,,,,,,,,,,,,,,,,,,,,,,
生野区,中川西,1丁目,5番,,,,,,,,,,月木,,,,,,,,,,,,,,,金,,,,,,,,,,,,,,,,火,,,,,,,,,,,,,,,,,,,,,,,,,,
生野区,中川西,1丁目,6番,,,,,,,,,月木,,,,,,,,,,,,,,,,金,,,,,,,,,,,,,,,,火,,,,,,,,,,,,,,,,,,,,,,,,,,
生野区,中川西,1丁目,7番,軽四輪車(小さい車)で収集している地域,,,,,,,,,,,,,,月木,,,,,,,,,,金,,,,,,,,,,,,,,,,火,,,,,,,,,,,,,,,,,,,,,,,,,,
生野区,中川西,1丁目,7番,上記以外,,,,,,,,月木,,,,,,,,,,,,,,,,金,,,,,,,,,,,,,,,,火,,,,,,,,,,,,,,,,,,,,,,,,,,
生野区,中川西,1丁目,8番,,,,,,,,,月木,,,,,,,,,,,,,,,,金,,,,,,,,,,,,,,,,火,,,,,,,,,,,,,,,,,,,,,,,,,,
生野区,中川西,1丁目,9番,,,,,,,,,月木,,,,,,,,,,,,,,,,金,,,,,,,,,,,,,,,,火,,,,,,,,,,,,,,,,,,,,,,,,,,
生野区,中川西,1丁目,10番,軽四輪車(小さい車)で収集している地域,,,,,,,,,,,,,,月木,,,,,,,,,,,,,,,,金,,,,,,,,,,,,,,,,火,,,,,,,,,,,,,,,,,,,,
生野区,中川西,1丁目,10番,上記以外,,,,,,,,月木,,,,,,,,,,,,,,,,金,,,,,,,,,,,,,,,,火,,,,,,,,,,,,,,,,,,,,,,,,,,
生野区,中川西,1丁目,11番,軽四輪車(小さい車)で収集している地域,,,,,,,,,,,,,,月木,,,,,,,,,,,,,,,,金,,,,,,,,,,,,,,,,火,,,,,,,,,,,,,,,,,,,,
生野区,中川西,1丁目,11番,上記以外,,,,,,,,,月木,,,,,,,,,,,,,,,金,,,,,,,,,,,,,,,,火,,,,,,,,,,,,,,,,,,,,,,,,,,
生野区,中川西,1丁目,12番,,,,,,,,,,月木,,,,,,,,,,,,,,,金,,,,,,,,,,,,,,,,火,,,,,,,,,,,,,,,,,,,,,,,,,,
生野区,中川西,1丁目,13番,,,,,,,,,月木,,,,,,,,,,,,,,,,金,,,,,,,,,,,,,,,,火,,,,,,,,,,,,,,,,,,,,,,,,,,
生野区,中川西,1丁目,14番,軽四輪車(小さい車)で収集している地域,,,,,,,,,,,,,,月木,,,,,,,,,,,,,,,,金,,,,,,,,,,,,,,,,火,,,,,,,,,,,,,,,,,,,,
生野区,中川西,1丁目,14番,上記以外,,,,,,,,,月木,,,,,,,,,,,,,,,金,,,,,,,,,,,,,,,,火,,,,,,,,,,,,,,,,,,,,,,,,,,
生野区,中川西,1丁目,15番,軽四輪車(小さい車)で収集している地域,,,,,,,,,,,,,,月木,,,,,,,,,,,,,,,,金,,,,,,,,,,,,,,,,火,,,,,,,,,,,,,,,,,,,,
生野区,中川西,1丁目,15番,上記以外,,,,,,,,月木,,,,,,,,,,,,,,,,金,,,,,,,,,,,,,,,,火,,,,,,,,,,,,,,,,,,,,,,,,,,
生野区,中川西,1丁目,16番,,,,,,,,,月木,,,,,,,,,,,,,,,,金,,,,,,,,,,,,,,,,火,,,,,,,,,,,,,,,,,,,,,,,,,,
生野区,中川西,1丁目,17番,,,,,,,,,月木,,,,,,,,,,,,,,,,金,,,,,,,,,,,,,,,,火,,,,,,,,,,,,,,,,,,,,,,,,,,
生野区,中川西,1丁目,18番,,,,,,,,,,,月木,,,,,,,,,,,,,,金,,,,,,,,,,,,,,,,火,,,,,,,,,,,,,,,,,,,,,,,,,,
生野区,中川西,1丁目,19番,軽四輪車(小さい車)で収集している地域,,,,,,,,,,,,,,月木,,,,,,,,,,,,,,,,金,,,,,,,,,,,,,,,,火,,,,,,,,,,,,,,,,,,,,
生野区,中川西,1丁目,19番,上記以外,,,,,,,,,月木,,,,,,,,,,,,,金,,,,,,,,,,,,,,,,火,,,,,,,,,,,,,,,,,,,,,,,,,,,,
生野区,中川西,1丁目,20番,軽四輪車(小さい車)で収集している地域,,,,,,,,,,,,,,月木,,,,,,,,,,,,,,,,金,,,,,,,,,,,,,,,,火,,,,,,,,,,,,,,,,,,,,
生野区,中川西,1丁目,20番,上記以外,,,,,,,,,,,,,,月木,,,,,,,,金,,,,,,,,,,,,,,,,火,,,,,,,,,,,,,,,,,,,,,,,,,,,,
生野区,中川西,1丁目,21番,,,,,,,,,月木,,,,,,,,,,,,,,金,,,,,,,,,,,,,,,,火,,,,,,,,,,,,,,,,,,,,,,,,,,,,
生野区,中川西,1丁目,22番,,,,,,,,,月木,,,,,,,,,,,,,,金,,,,,,,,,,,,,,,,火,,,,,,,,,,,,,,,,,,,,,,,,,,,,
生野区,中川西,2丁目,1番,,,,,,,,,月木,,,,,,,,,,,,,,金,,,,,,,,,,,,,,,,火,,,,,,,,,,,,,,,,,,,,,,,,,,,,
生野区,中川西,2丁目,2番,,,,,,,,,,,,,,,月木,,,,,,,,金,,,,,,,,,,,,,,,,火,,,,,,,,,,,,,,,,,,,,,,,,,,,,
生野区,中川西,2丁目,3番,,,,,,,,,月木,,,,,,,,,,,,,,金,,,,,,,,,,,,,,,,火,,,,,,,,,,,,,,,,,,,,,,,,,,,,
生野区,中川西,2丁目,4番,,,,,,,,,月木,,,,,,,,,,,,,,金,,,,,,,,,,,,,,,,火,,,,,,,,,,,,,,,,,,,,,,,,,,,,
生野区,中川西,2丁目,5番,,,,,,,,,,,月木,,,,,,,,,,,,,,金,,,,,,,,,,,,,,,,火,,,,,,,,,,,,,,,,,,,,,,,,,,
生野区,中川西,2丁目,6番,,,,,,,,,,月木,,,,,,,,,,,,,,,金,,,,,,,,,,,,,,,,火,,,,,,,,,,,,,,,,,,,,,,,,,,
生野区,中川西,2丁目,7番,,,,,,,,,,月木,,,,,,,,,,,,,,,金,,,,,,,,,,,,,,,,火,,,,,,,,,,,,,,,,,,,,,,,,,,
生野区,中川西,2丁目,8番,,,,,,,,,月木,,,,,,,,,,,,,,金,,,,,,,,,,,,,,,,火,,,,,,,,,,,,,,,,,,,,,,,,,,,,
生野区,中川西,2丁目,9番,,,,,,,,,月木,,,,,,,,,,,,,,金,,,,,,,,,,,,,,,,火,,,,,,,,,,,,,,,,,,,,,,,,,,,,
生野区,中川西,2丁目,10番,軽四輪車(小さい車)で収集している地域,,,,,,,,月木,,,,,,,,,,,,,,,,,,,,,,金,,,,,,,,,,,,,,,,火,,,,,,,,,,,,,,,,,,,,
生野区,中川西,2丁目,10番,上記以外,,,,,,,,,月木,,,,,,,,,,,,,,,金,,,,,,,,,,,,,,,,火,,,,,,,,,,,,,,,,,,,,,,,,,,
生野区,中川西,2丁目,11番,軽四輪車(小さい車)で収集している地域,,,,,,,,月木,,,,,,,,,,,,,,,,,,,,,,金,,,,,,,,,,,,,,,,火,,,,,,,,,,,,,,,,,,,,
生野区,中川西,2丁目,11番,上記以外,,,,,,,,,月木,,,,,,,,,,,,,,,金,,,,,,,,,,,,,,,,火,,,,,,,,,,,,,,,,,,,,,,,,,,
生野区,中川西,2丁目,12番,軽四輪車(小さい車)で収集している地域,,,,,,,,月木,,,,,,,,,,,,,,,,,,,,,,,,金,,,,,,,,,,,,,,,,火,,,,,,,,,,,,,,,,,,
生野区,中川西,2丁目,12番,上記以外,,,,,,,,月木,,,,,,,,,,,,,,,,金,,,,,,,,,,,,,,,,火,,,,,,,,,,,,,,,,,,,,,,,,,,
生野区,中川西,2丁目,13番,軽四輪車(小さい車)で収集している地域,,,,,,,,月木,,,,,,,,,,,,,,,,,,,,,,,,金,,,,,,,,,,,,,,,,火,,,,,,,,,,,,,,,,,,
生野区,中川西,2丁目,13番,上記以外,,,,,,,,月木,,,,,,,,,,,,,,,,金,,,,,,,,,,,,,,,,火,,,,,,,,,,,,,,,,,,,,,,,,,,
生野区,中川西,2丁目,14番,,,,,,,,,月木,,,,,,,,,,,,,,金,,,,,,,,,,,,,,,,火,,,,,,,,,,,,,,,,,,,,,,,,,,,,
生野区,中川西,2丁目,15番,,,,,,,,,月木,,,,,,,,,,,,,,金,,,,,,,,,,,,,,,,火,,,,,,,,,,,,,,,,,,,,,,,,,,,,
生野区,中川西,2丁目,16番,,,,,,,,,,月木,,,,,,,,,,,,,,,金,,,,,,,,,,,,,,,,火,,,,,,,,,,,,,,,,,,,,,,,,,,
生野区,中川西,2丁目,17番,,,,,,,,,,月木,,,,,,,,,,,,,,,金,,,,,,,,,,,,,,,,火,,,,,,,,,,,,,,,,,,,,,,,,,,
生野区,中川西,2丁目,18番,,,,,,,,,,月木,,,,,,,,,,,,,,,金,,,,,,,,,,,,,,,,火,,,,,,,,,,,,,,,,,,,,,,,,,,
生野区,中川西,2丁目,19番,,,,,,,,,月木,,,,,,,,,,,,,,,,金,,,,,,,,,,,,,,,,火,,,,,,,,,,,,,,,,,,,,,,,,,,
生野区,中川西,2丁目,20番,軽四輪車(小さい車)で収集している地域,,,,,,,,月木,,,,,,,,,,,,,,,,,,,,,,金,,,,,,,,,,,,,,,,火,,,,,,,,,,,,,,,,,,,,
生野区,中川西,2丁目,20番,上記以外,,,,,,,,,,,,,,,月木,,,,,,,,,金,,,,,,,,,,,,,,,,火,,,,,,,,,,,,,,,,,,,,,,,,,,
生野区,中川西,2丁目,21番,,,,,,,,,月木,,,,,,,,,,,,,,,,金,,,,,,,,,,,,,,,,火,,,,,,,,,,,,,,,,,,,,,,,,,,
生野区,中川西,2丁目,22番,,,,,,,,,,月木,,,,,,,,,,,,,,,金,,,,,,,,,,,,,,,,火,,,,,,,,,,,,,,,,,,,,,,,,,,
生野区,中川西,2丁目,23番,,,,,,,,,,月木,,,,,,,,,,,,,,,金,,,,,,,,,,,,,,,,火,,,,,,,,,,,,,,,,,,,,,,,,,,
生野区,中川西,2丁目,24番,,,,,,,,,,月木,,,,,,,,,,,,,金,,,,,,,,,,,,,,,,火,,,,,,,,,,,,,,,,,,,,,,,,,,,,
生野区,中川西,2丁目,25番,,,,,,,,,,月木,,,,,,,,,,,,,,,金,,,,,,,,,,,,,,,,火,,,,,,,,,,,,,,,,,,,,,,,,,,
生野区,中川西,2丁目,26番,,,,,,,,,,月木,,,,,,,,,,,,,金,,,,,,,,,,,,,,,,火,,,,,,,,,,,,,,,,,,,,,,,,,,,,
生野区,中川西,3丁目,1番,,,,,,,,,,月木,,,,,,,,,,,,,金,,,,,,,,,,,,,,,,火,,,,,,,,,,,,,,,,,,,,,,,,,,,,
生野区,中川西,3丁目,2番,,,,,,,,,月木,,,,,,,,,,,,,,金,,,,,,,,,,,,,,,,火,,,,,,,,,,,,,,,,,,,,,,,,,,,,
生野区,中川西,3丁目,3番,,,,,,,,,月木,,,,,,,,,,,,,,,,金,,,,,,,,,,,,,,,,火,,,,,,,,,,,,,,,,,,,,,,,,,,
生野区,中川西,3丁目,4番,,,,,,,,月木,,,,,,,,,,,,,,,,,金,,,,,,,,,,,,,,,,火,,,,,,,,,,,,,,,,,,,,,,,,,,
生野区,中川西,3丁目,5番,,,,,,,,月木,,,,,,,,,,,,,,,金,,,,,,,,,,,,,,,,火,,,,,,,,,,,,,,,,,,,,,,,,,,,,
生野区,中川西,3丁目,6番,,,,,,,,月木,,,,,,,,,,,,,,,金,,,,,,,,,,,,,,,,火,,,,,,,,,,,,,,,,,,,,,,,,,,,,
生野区,中川西,3丁目,7番,,,,,,,,月木,,,,,,,,,,,,,,,金,,,,,,,,,,,,,,,,火,,,,,,,,,,,,,,,,,,,,,,,,,,,,
生野区,中川西,3丁目,8番,,,,,,,,月木,,,,,,,,,,,,,,,金,,,,,,,,,,,,,,,,火,,,,,,,,,,,,,,,,,,,,,,,,,,,,
生野区,中川西,3丁目,9番,,,,,,,,月木,,,,,,,,,,,,,,,金,,,,,,,,,,,,,,,,火,,,,,,,,,,,,,,,,,,,,,,,,,,,,
生野区,中川西,3丁目,10番,,,,,,,,月木,,,,,,,,,,,,,,,金,,,,,,,,,,,,,,,,火,,,,,,,,,,,,,,,,,,,,,,,,,,,,
生野区,中川東,1丁目,1番,,,,,,,,,,,,,,,,月木,,,,,,,,,,,,,,,金,,,,,,,,,,,,,,,,火,,,,,,,,,,,,,,,,,,,,
生野区,中川東,1丁目,2番,,,,,,,,,,,,,,,,月木,,,,,,,,,,,,,,,金,,,,,,,,,,,,,,,,火,,,,,,,,,,,,,,,,,,,,
生野区,中川東,1丁目,3番,,,,,,,,,,,,,,,,月木,,,,,,,,,,,,,,,金,,,,,,,,,,,,,,,,火,,,,,,,,,,,,,,,,,,,,
生野区,中川東,1丁目,4番,,,,,,,,,,,,,,,,月木,,,,,,,,,,,,,,,金,,,,,,,,,,,,,,,,火,,,,,,,,,,,,,,,,,,,,
生野区,中川東,1丁目,5番,,,,,,,,,,,,,,,,月木,,,,,,,,,,,,,,,金,,,,,,,,,,,,,,,,火,,,,,,,,,,,,,,,,,,,,
生野区,中川東,1丁目,6番,,,,,,,,,,,,,,,,月木,,,,,,,,,,,,,,,金,,,,,,,,,,,,,,,,火,,,,,,,,,,,,,,,,,,,,
生野区,中川東,1丁目,7番,,,,,,,水土,,,,,,,,,,,,,,,,,,,,,,,,金,,,,,,,,,,,,,,,,火,,,,,,,,,,,,,,,,,,,,
生野区,中川東,1丁目,8番,,,,,,,,,,,,,,,月木,,,,,,,,,,,,,,,,金,,,,,,,,,,,,,,,,火,,,,,,,,,,,,,,,,,,,,
生野区,中川東,1丁目,9番,,,,,,,,,,,,,,,月木,,,,,,,,,,,,,,,,金,,,,,,,,,,,,,,,,火,,,,,,,,,,,,,,,,,,,,
生野区,中川東,1丁目,10番,,,,,,,,,,,,,,,月木,,,,,,,,,,,,,,,,金,,,,,,,,,,,,,,,,火,,,,,,,,,,,,,,,,,,,,
生野区,中川東,1丁目,11番,,,,,,,,,,,,,,,,,,月木,,,,,,,,,,,,,金,,,,,,,,,,,,,,,,火,,,,,,,,,,,,,,,,,,,,
生野区,中川東,1丁目,12番,,,,,,,,,,,,,,,,,,月木,,,,,,,,,,,,,金,,,,,,,,,,,,,,,,火,,,,,,,,,,,,,,,,,,,,
生野区,中川東,1丁目,13番,,,,,,,,,,,,,,,,,,月木,,,,,,,,,,,,,金,,,,,,,,,,,,,,,,火,,,,,,,,,,,,,,,,,,,,
生野区,中川東,1丁目,14番,,,,,,,,,,,,,,,,,,月木,,,,,,,,,,,,,金,,,,,,,,,,,,,,,,火,,,,,,,,,,,,,,,,,,,,
生野区,中川東,2丁目,1番,,,,,,,,,,,,,,,,,月木,,,,,,,,,,,,,,,,金,,,,,,,,,,,,,,,,火,,,,,,,,,,,,,,,,,,
生野区,中川東,2丁目,2番,,,,,,,,,,,,,,,,,,,月木,,,,,,,,,,,,,,金,,,,,,,,,,,,,,,,火,,,,,,,,,,,,,,,,,,
生野区,中川東,2丁目,3番,,,,,,,,,,,,,,,,,,月木,,,,,,,,,,,,,,,金,,,,,,,,,,,,,,,,火,,,,,,,,,,,,,,,,,,
生野区,中川東,2丁目,4番,,,,,,,,,,,,,,,,,,月木,,,,,,,,,,,,,,,金,,,,,,,,,,,,,,,,火,,,,,,,,,,,,,,,,,,
生野区,中川東,2丁目,5番,,,,,,,,,,,,,,,,,,,月木,,,,,,,,,,,,金,,,,,,,,,,,,,,,,火,,,,,,,,,,,,,,,,,,,,
生野区,中川東,2丁目,6番,,,,,,,,,,,,,,,,,,,月木,,,,,,,,,,,,金,,,,,,,,,,,,,,,,火,,,,,,,,,,,,,,,,,,,,
生野区,中川東,2丁目,7番,,,,,,,,,,,,,,,,,,,月木,,,,,,,,,,,,金,,,,,,,,,,,,,,,,火,,,,,,,,,,,,,,,,,,,,
生野区,中川東,2丁目,8番,Luna北巽,,,,,,,,,,,,,,,,,,月木,,,,金,,,,,,,,,,,,,,,,火,,,,,,,,,,,,,,,,,,,,,,,,,,,,
生野区,中川東,2丁目,8番,上記以外,,,,,,,,,,,,,,,,,,月木,,,,,,,,,,,,金,,,,,,,,,,,,,,,,火,,,,,,,,,,,,,,,,,,,,
生野区,中川東,2丁目,9番,,,,,,,,,,,,,,,,,,,月木,,,,,,,,,,,,金,,,,,,,,,,,,,,,,火,,,,,,,,,,,,,,,,,,,,
生野区,中川東,2丁目,10番,,,,,,,,,,,,,,,,,,,月木,,,,,,,,,,,,金,,,,,,,,,,,,,,,,火,,,,,,,,,,,,,,,,,,,,
生野区,中川東,2丁目,11番,,,,,,,,,,,,,,,月木,,,,,,,,,,,,,,,,,,金,,,,,,,,,,,,,,,,火,,,,,,,,,,,,,,,,,,
生野区,中川東,2丁目,12番,,,,,,,,,,,,,,,,,,,月木,,,,,,,,,,,,,,金,,,,,,,,,,,,,,,,火,,,,,,,,,,,,,,,,,,
生野区,中川東,2丁目,13番,,,,,,,,,,,,,,,,,,,月木,,,,,,,,,,,,,,金,,,,,,,,,,,,,,,,火,,,,,,,,,,,,,,,,,,
生野区,中川東,2丁目,14番,,,,,,,,,,,,,,,,,,,月木,,,,,,,,,,,,,,金,,,,,,,,,,,,,,,,火,,,,,,,,,,,,,,,,,,
生野区,中川東,2丁目,15番,,,,,,,,,,,,,,,,,,,月木,,,,,,,,,,,,,,金,,,,,,,,,,,,,,,,火,,,,,,,,,,,,,,,,,,
生野区,中川東,2丁目,16番,,,,,,,,,,,,,,,,,,,月木,,,,,,,,,,,,,,金,,,,,,,,,,,,,,,,火,,,,,,,,,,,,,,,,,,
生野区,中川東,2丁目,17番,,,,,,,,,,,,,,,,,,,月木,,,,,,,,,,,,,,金,,,,,,,,,,,,,,,,火,,,,,,,,,,,,,,,,,,
生野区,中川東,2丁目,18番,6号~10号,,,,,,,,,,,,,,,,,,月木,,,,金,,,,,,,,,,,,,,,,火,,,,,,,,,,,,,,,,,,,,,,,,,,,,
生野区,中川東,2丁目,18番,上記以外,,,,,,,,,,,,,,,,,,月木,,,,,,,,,,,,金,,,,,,,,,,,,,,,,火,,,,,,,,,,,,,,,,,,,,
生野区,中川東,2丁目,19番,11号~17号,,,,,,,,,,,,,,,,,,月木,,,,金,,,,,,,,,,,,,,,,火,,,,,,,,,,,,,,,,,,,,,,,,,,,,
生野区,中川東,2丁目,19番,上記以外,,,,,,,,,,,,,,,,,,月木,,,,,,,,,,,,金,,,,,,,,,,,,,,,,火,,,,,,,,,,,,,,,,,,,,
生野区,中川東,2丁目,20番,,,,,,,,,,,,,,,,,,,月木,,,,,,,,,,,,金,,,,,,,,,,,,,,,,火,,,,,,,,,,,,,,,,,,,,
生野区,林寺,1丁目,1番,,,,,,,,,火金,,,,,,,,,,,,,,土,,,,,,,,,,,,,,,,水,,,,,,,,,,,,,,,,,,,,,,,,,,,,
生野区,林寺,1丁目,2番,,,,,,,,,火金,,,,,,,,,,,,,,土,,,,,,,,,,,,,,,,水,,,,,,,,,,,,,,,,,,,,,,,,,,,,
生野区,林寺,1丁目,3番,,,,,,,,,火金,,,,,,,,,,,,,,土,,,,,,,,,,,,,,,,水,,,,,,,,,,,,,,,,,,,,,,,,,,,,
生野区,林寺,1丁目,4番,軽四輪車(小さい車)で収集している地域,,,,,,火金,,,,,,,,,,,,,,,,,,,,,,,,,,土,,,,,,,,,,,,,,,,水,,,,,,,,,,,,,,,,,,
生野区,林寺,1丁目,4番,上記以外,,,,,,,,火金,,,,,,,,,,,,,,土,,,,,,,,,,,,,,,,水,,,,,,,,,,,,,,,,,,,,,,,,,,,,
生野区,林寺,1丁目,5番,軽四輪車(小さい車)で収集している地域,,,,,,火金,,,,,,,,,,,,,,,,,,,,,,,,,,土,,,,,,,,,,,,,,,,水,,,,,,,,,,,,,,,,,,
生野区,林寺,1丁目,5番,上記以外,,,,,,,,火金,,,,,,,,,,,,,,土,,,,,,,,,,,,,,,,水,,,,,,,,,,,,,,,,,,,,,,,,,,,,
生野区,林寺,1丁目,6番,軽四輪車(小さい車)で収集している地域,,,,,,火金,,,,,,,,,,,,,,,,,,,,,,,,,,土,,,,,,,,,,,,,,,,水,,,,,,,,,,,,,,,,,,
生野区,林寺,1丁目,6番,上記以外,,,,,,,,火金,,,,,,,,,,,,,,土,,,,,,,,,,,,,,,,水,,,,,,,,,,,,,,,,,,,,,,,,,,,,
生野区,林寺,2丁目,銀座商店街,,,,,,,火金,,,,,,,,,,,,,,,,土,,,,,,,,,,,,,,,,水,,,,,,,,,,,,,,,,,,,,,,,,,,,,
生野区,林寺,2丁目,1番,軽四輪車(小さい車)で収集している地域,,,,,,火金,,,,,,,,,,,,,,,,木,,,,,,,,,,,,,,,,月,,,,,,,,,,,,,,,,,,,,,,,,,,,,
生野区,林寺,2丁目,1番,上記以外,,,,,,火金,,,,,,,,,,,,,,,,,,,,,,,,,,土,,,,,,,,,,,,,,,,水,,,,,,,,,,,,,,,,,,
生野区,林寺,2丁目,2番,軽四輪車(小さい車)で収集している地域,,,,,,火金,,,,,,,,,,,,,,,,木,,,,,,,,,,,,,,,,月,,,,,,,,,,,,,,,,,,,,,,,,,,,,
生野区,林寺,2丁目,2番,上記以外,,,,,,火金,,,,,,,,,,,,,,,,,,,,,,,,,,土,,,,,,,,,,,,,,,,水,,,,,,,,,,,,,,,,,,
生野区,林寺,2丁目,3番,軽四輪車(小さい車)で収集している地域,,,,,,火金,,,,,,,,,,,,,,,,木,,,,,,,,,,,,,,,,月,,,,,,,,,,,,,,,,,,,,,,,,,,,,
生野区,林寺,2丁目,3番,上記以外,,,,,,火金,,,,,,,,,,,,,,,,土,,,,,,,,,,,,,,,,水,,,,,,,,,,,,,,,,,,,,,,,,,,,,
生野区,林寺,2丁目,4番,軽四輪車(小さい車)で収集している地域,,,,,,火金,,,,,,,,,,,,,,,,木,,,,,,,,,,,,,,,,月,,,,,,,,,,,,,,,,,,,,,,,,,,,,
生野区,林寺,2丁目,4番,上記以外,,,,,,火金,,,,,,,,,,,,,,,,,,,,,,,,土,,,,,,,,,,,,,,,,水,,,,,,,,,,,,,,,,,,,,
生野区,林寺,2丁目,5番,軽四輪車(小さい車)で収集している地域,,,,,,火金,,,,,,,,,,,,,,,,木,,,,,,,,,,,,,,,,月,,,,,,,,,,,,,,,,,,,,,,,,,,,,
生野区,林寺,2丁目,5番,上記以外,,,,,,火金,,,,,,,,,,,,,,,,土,,,,,,,,,,,,,,,,水,,,,,,,,,,,,,,,,,,,,,,,,,,,,
生野区,林寺,2丁目,6番,軽四輪車(小さい車)で収集している地域,,,,,,火金,,,,,,,,,,,,,,,,,,木,,,,,,,,,,,,,,,,月,,,,,,,,,,,,,,,,,,,,,,,,,,
生野区,林寺,2丁目,6番,上記以外,,,,,,火金,,,,,,,,,,,,,,,,土,,,,,,,,,,,,,,,,水,,,,,,,,,,,,,,,,,,,,,,,,,,,,
生野区,林寺,2丁目,7番,軽四輪車(小さい車)で収集している地域,,,,,,,,,,火金,,,,,,,,,,,,,,木,,,,,,,,,,,,,,,,月,,,,,,,,,,,,,,,,,,,,,,,,,,
生野区,林寺,2丁目,7番,上記以外,,,,,,火金,,,,,,,,,,,,,,,,,,土,,,,,,,,,,,,,,,,水,,,,,,,,,,,,,,,,,,,,,,,,,,
生野区,林寺,2丁目,8番,,,,,,,火金,,,,,,,,,,,,,,,,,,土,,,,,,,,,,,,,,,,水,,,,,,,,,,,,,,,,,,,,,,,,,,
生野区,林寺,2丁目,9番,,,,,,,,火金,,,,,,,,,,,,,,,,,,,,,,,土,,,,,,,,,,,,,,,,水,,,,,,,,,,,,,,,,,,,,
生野区,林寺,2丁目,10番,,,,,,,,火金,,,,,,,,,,,,,,,,,土,,,,,,,,,,,,,,,,水,,,,,,,,,,,,,,,,,,,,,,,,,,
生野区,林寺,2丁目,11番,,,,,,,,火金,,,,,,,,,,,,,,,,,,,,,,,土,,,,,,,,,,,,,,,,水,,,,,,,,,,,,,,,,,,,,
生野区,林寺,2丁目,12番,,,,,,,,火金,,,,,,,,,,,,,,,,,土,,,,,,,,,,,,,,,,水,,,,,,,,,,,,,,,,,,,,,,,,,,
生野区,林寺,2丁目,13番,,,,,,,,火金,,,,,,,,,,,,,,,,,,,,,,,土,,,,,,,,,,,,,,,,水,,,,,,,,,,,,,,,,,,,,
生野区,林寺,2丁目,15番,1号~4号,,,,,,火金,,,,,,,,,,,,,,,,,,,,土,,,,,,,,,,,,,,,,水,,,,,,,,,,,,,,,,,,,,,,,,
生野区,林寺,2丁目,15番,上記以外,,,,,,火金,,,,,,,,,,,,,,,,,,,,,,,,,,土,,,,,,,,,,,,,,,,水,,,,,,,,,,,,,,,,,,
生野区,林寺,2丁目,16番,26号~28号,,,,,,火金,,,,,,,,,,,,,,,,,,,,土,,,,,,,,,,,,,,,,水,,,,,,,,,,,,,,,,,,,,,,,,
生野区,林寺,2丁目,16番,上記以外,,,,,,火金,,,,,,,,,,,,,,,,,,,,,,,,,,土,,,,,,,,,,,,,,,,水,,,,,,,,,,,,,,,,,,
生野区,林寺,2丁目,17番,,,,,,,火金,,,,,,,,,,,,,,,,,,,,土,,,,,,,,,,,,,,,,水,,,,,,,,,,,,,,,,,,,,,,,,
生野区,林寺,2丁目,18番,2号･3号,,,,,,火金,,,,,,,,,,,,,,,,木,,,,,,,,,,,,,,,,月,,,,,,,,,,,,,,,,,,,,,,,,,,,,
生野区,林寺,2丁目,18番,6号~10号,,,,,,火金,,,,,,,,,,,,,,,,,,,,土,,,,,,,,,,,,,,,,水,,,,,,,,,,,,,,,,,,,,,,,,
生野区,林寺,2丁目,18番,上記以外,,,,,,火金,,,,,,,,,,,,,,,,,,,,,,,,,,土,,,,,,,,,,,,,,,,水,,,,,,,,,,,,,,,,,,
生野区,林寺,2丁目,19番,,,,,,,火金,,,,,,,,,,,,,,,,土,,,,,,,,,,,,,,,,水,,,,,,,,,,,,,,,,,,,,,,,,,,,,
生野区,林寺,2丁目,20番,9号~13号,,,,,,,,,,,火金,,,,,,,,,,,,,,,,,,,土,,,,,,,,,,,,,,,,水,,,,,,,,,,,,,,,,,,,,
生野区,林寺,2丁目,20番,上記以外,,,,,,,,,,,火金,,,,,,,,,,,,,,,土,,,,,,,,,,,,,,,,水,,,,,,,,,,,,,,,,,,,,,,,,
生野区,林寺,2丁目,21番,1号~13号,,,,,,,,,,,火金,,,,,,,,,,,,,,,,,,,土,,,,,,,,,,,,,,,,水,,,,,,,,,,,,,,,,,,,,
生野区,林寺,2丁目,21番,上記以外,,,,,,,,,,,火金,,,,,,,,,,,,,,,土,,,,,,,,,,,,,,,,水,,,,,,,,,,,,,,,,,,,,,,,,
生野区,林寺,2丁目,22番,2･3･4･25･26号,,,,,,,,,,火金,,,,,,,,,,,,,,,,土,,,,,,,,,,,,,,,,水,,,,,,,,,,,,,,,,,,,,,,,,
生野区,林寺,2丁目,22番,上記以外,,,,,,,,,,火金,,,,,,,,,,,,,,,,,,,,土,,,,,,,,,,,,,,,,水,,,,,,,,,,,,,,,,,,,,
生野区,林寺,2丁目,23番,1･2･5号,,,,,,,,,,,火金,,,,,,,,,,,,,,,土,,,,,,,,,,,,,,,,水,,,,,,,,,,,,,,,,,,,,,,,,
生野区,林寺,2丁目,23番,上記以外,,,,,,,,,,,火金,,,,,,,,,,,,,,,,,,,土,,,,,,,,,,,,,,,,水,,,,,,,,,,,,,,,,,,,,
生野区,林寺,2丁目,24番,22号,,,,,,,火金,,,,,,,,,,,,,,,,,,,土,,,,,,,,,,,,,,,,水,,,,,,,,,,,,,,,,,,,,,,,,
生野区,林寺,2丁目,24番,上記以外,,,,,,,火金,,,,,,,,,,,,,,,,,,,,,,,土,,,,,,,,,,,,,,,,水,,,,,,,,,,,,,,,,,,,,
生野区,林寺,2丁目,25番,,,,,,,,,火金,,,,,,,,,,,,,,,,,,,,,,土,,,,,,,,,,,,,,,,水,,,,,,,,,,,,,,,,,,,,
生野区,林寺,2丁目,26番,,,,,,,,,,火金,,,,,,,,,,,,,,,,,,,,,土,,,,,,,,,,,,,,,,水,,,,,,,,,,,,,,,,,,,,
生野区,林寺,2丁目,27番,,,,,,,,,,火金,,,,,,,,,,,,,,,,,,,,,土,,,,,,,,,,,,,,,,水,,,,,,,,,,,,,,,,,,,,
生野区,林寺,3丁目,銀座商店街,,,,,,,火金,,,,,,,,,,,,,,,,土,,,,,,,,,,,,,,,,水,,,,,,,,,,,,,,,,,,,,,,,,,,,,
生野区,林寺,3丁目,1番,,,,,,,,,,火金,,,,,,,,,,,,,,,,,,,,,土,,,,,,,,,,,,,,,,水,,,,,,,,,,,,,,,,,,,,
生野区,林寺,3丁目,2番,,,,,,,,,,火金,,,,,,,,,,,,,,,,,,,,,,,土,,,,,,水,,,,,,,,,,,,,,,,,,,,,,,,,,,,
生野区,林寺,3丁目,3番,軽四輪車(小さい車)で収集している地域,,,,,,火金,,,,,,,,,,,,,,,,木,,,,,,,,,,,,,,,,月,,,,,,,,,,,,,,,,,,,,,,,,,,,,
生野区,林寺,3丁目,3番,上記以外,,,,,,火金,,,,,,,,,,,,,,,,,,,,,,,,,,土,,,,,,,,,,,,,,,,水,,,,,,,,,,,,,,,,,,
生野区,林寺,3丁目,4番,,,,,,,火金,,,,,,,,,,,,,,,,,,,,,,,,,,土,,,,,,,,,,,,,,,,水,,,,,,月,,,,,,,,,,,,
生野区,林寺,3丁目,5番,軽四輪車(小さい車)で収集している地域,,,,,,火金,,,,,,,,,,,,,,,,土,,,,,,,,,,,,,,,,水,,,,,,,,,,,,,,,,月,,,,,,,,,,,,
生野区,林寺,3丁目,5番,上記以外,,,,,,,,火金,,,,,,,,,,,,,,,,,,,,,,,,土,,,,,,,,,,,,,,,,水,,,,,,月,,,,,,,,,,,,
生野区,林寺,3丁目,6番,20号~24号,,,,,,火金,,,,,,,,,,,,,,,,,,,,,,,,,,土,,,,,,,,,,,,,,,,水,,,,,,月,,,,,,,,,,,,
生野区,林寺,3丁目,6番,上記以外,,,,,,火金,,,,,,,,,,,,,,,,土,,,,,,,,,,,,,,,,水,,,,,,,,,,,,,,,,月,,,,,,,,,,,,
生野区,林寺,3丁目,7番,軽四輪車(小さい車)で収集している地域,,,,,,火金,,,,,,,,,,,,,,,,,,,,,,,,,,土,,,,,,,,,,,,,,,,水,,,,,,月,,,,,,,,,,,,
生野区,林寺,3丁目,7番,上記以外,,,,,,,,火金,,,,,,,,,,,,,,土,,,,,,,,,,,,,,,,水,,,,,,,,,,,,,,,,月,,,,,,,,,,,,
生野区,林寺,3丁目,8番,軽四輪車(小さい車)で収集している地域,,,,,,火金,,,,,,,,,,,,,,,,木,,,,,,,,,,,,,,,,月,,,,,,,,,,,,,,,,,,,,,,,,,,,,
生野区,林寺,3丁目,8番,上記以外,,,,,,,,,火金,,,,,,,,,,,,,,,,,,,,,,,土,,,,,,,,,,,,,,,,水,,,,,,,,,,,,,,,,,,
生野区,林寺,3丁目,9番,,,,,,,,火金,,,,,,,,,,,,,,,,,,,,,,,,,土,,,,,,,,,,,,,,,,水,,,,,,,,,,,,,,,,,,
生野区,林寺,3丁目,10番,,,,,,,,,,火金,,,,,,,,,,,,,,,,,,,,,,,土,,,,,,,,,,,,,,,,水,,,,,,,,,,,,,,,,,,
生野区,林寺,3丁目,11番,,,,,,,火金,,,,,,,,,,,,,,,,,,,,,,,,,,土,,,,,,,,,,,,,,,,水,,,,,,月,,,,,,,,,,,,
生野区,林寺,3丁目,12番,,,,,,,,,火金,,,,,,,,,,,,,,,,,,,,,,,,土,,,,,,,,,,,,,,,,水,,,,,,月,,,,,,,,,,,,
生野区,林寺,3丁目,13番,,,,,,,,火金,,,,,,,,,,,,,,,,,,,,,,,,,土,,,,,,,,,,,,,,,,水,,,,,,月,,,,,,,,,,,,
生野区,林寺,3丁目,14番,,,,,,,,火金,,,,,,,,,,,,,,,,,,,,,,,,,土,,,,,,,,,,,,,,,,水,,,,,,月,,,,,,,,,,,,
生野区,林寺,3丁目,15番,,,,,,,,火金,,,,,,,,,,,,,,,,,,,,,,,,,土,,,,,,,,,,,,,,,,水,,,,,,,,,,,,,,,,,,
生野区,林寺,4丁目,1番,,,,,,,,,,火金,,,,,,,,,,,,,,,,,,,,,土,,,,,,,,,,,,,,,,水,,,,,,,,,,,,,,,,,,,,
生野区,林寺,4丁目,2番,,,,,,,,火金,,,,,,,,,,,,,,,,,,,,,,,土,,,,,,,,,,,,,,,,水,,,,,,,,月,,,,,,,,,,,,
生野区,林寺,4丁目,3番,,,,,,,,火金,,,,,,,,,,,,,,,,,,,,,,,土,,,,,,,,,,,,,,,,水,,,,,,,,月,,,,,,,,,,,,
生野区,林寺,4丁目,4番,,,,,,,,,,火金,,,,,,,,,,,,,,,,,,,,,土,,,,,,,,,,,,,,,,水,,,,,,,,,,,,,,,,,,,,
生野区,林寺,4丁目,5番,,,,,,,,,,火金,,,,,,,,,,,,,,,,,,,,,土,,,,,,,,,,,,,,,,水,,,,,,,,,,,,,,,,,,,,
生野区,林寺,4丁目,6番,,,,,,,火金,,,,,,,,,,,,,,,,,,,,,,,,土,,,,,,,,,,,,,,,,水,,,,,,,,月,,,,,,,,,,,,
生野区,林寺,4丁目,7番,,,,,,,火金,,,,,,,,,,,,,,,,,,,,,,,,土,,,,,,,,,,,,,,,,水,,,,,,,,月,,,,,,,,,,,,
生野区,林寺,4丁目,8番,,,,,,,火金,,,,,,,,,,,,,,,,,土,,,,,,,,,,,,,,,,水,,,,,,,,,,,,,,,,,,,,,,,,,,,
生野区,林寺,4丁目,9番,,,,,,,,,,火金,,,,,,,,,,,,,,土,,,,,,,,,,,,,,,,水,,,,,,,,,,,,,,,,,,,,,,,,,,,
生野区,林寺,4丁目,10番,軽四輪車(小さい車)で収集している地域,,,,,,火金,,,,,,,,,,,,,,,,,土,,,,,,,,,,,,,,,,水,,,,,,,,,,,,,,,,,,,,,,,,,,,
生野区,林寺,4丁目,10番,上記以外,,,,,,火金,,,,,,,,,,,,,,,,,,,,,,,,土,,,,,,,,,,,,,,,,水,,,,,,,,,,,,,,,,,,,,
生野区,林寺,4丁目,11番,,,,,,,火金,,,,,,,,,,,,,,,,,土,,,,,,,,,,,,,,,,水,,,,,,,,,,,,,,,,,,,,,,,,,,,
生野区,林寺,4丁目,12番,,,,,,,火金,,,,,,,,,,,,,,,,,,,,,,,,土,,,,,,,,,,,,,,,,水,,,,,,,,月,,,,,,,,,,,,
生野区,林寺,4丁目,13番,,,,,,,火金,,,,,,,,,,,,,,,,,,,,,,,,土,,,,,,,,,,,,,,,,水,,,,,,,,月,,,,,,,,,,,,
生野区,林寺,4丁目,14番,,,,,,,火金,,,,,,,,,,,,,,,,,,,,,,,,土,,,,,,,,,,,,,,,,水,,,,,,,,月,,,,,,,,,,,,
生野区,林寺,4丁目,15番,,,,,,,火金,,,,,,,,,,,,,,,,,土,,,,,,,,,,,,,,,,水,,,,,,,,,,,,,,,月,,,,,,,,,,,,
生野区,林寺,4丁目,16番,,,,,,,火金,,,,,,,,,,,,,,,,,土,,,,,,,,,,,,,,,,水,,,,,,,,,,,,,,,月,,,,,,,,,,,,
生野区,林寺,4丁目,17番,,,,,,,火金,,,,,,,,,,,,,,,,,土,,,,,,,,,,,,,,,,水,,,,,,,,,,,,,,,月,,,,,,,,,,,,
生野区,林寺,4丁目,18番,,,,,,,火金,,,,,,,,,,,,,,,,,土,,,,,,,,,,,,,,,,水,,,,,,,,,,,,,,,月,,,,,,,,,,,,
生野区,林寺,5丁目,1番,,,,,,,火金,,,,,,,,,,,,,,,,,,,,,,,,,,木,,,,,,,,,,,,,,,,月,,,,,,月,,,,,,,,,,,,
生野区,林寺,5丁目,2番,,,,,,,,火金,,,,,,,,,,,,,,,,,,,,,,,,,木,,,,,,,,,,,,,,,,月,,,,,,,,月,,,,,,,,,,
生野区,林寺,5丁目,3番,,,,,,,,,火金,,,,,,,,,,,,,,,,,,,,,,,,木,,,,,,,,,,,,,,,,月,,,,,,,,,月,,,,,,,,,
生野区,林寺,5丁目,4番,,,,,,,,火金,,,,,,,,,,,,,,,,,,,,,,,,,木,,,,,,,,,,,,,,,,月,,,,,,,,,月,,,,,,,,,
生野区,林寺,5丁目,5番,,,,,,,,火金,,,,,,,,,,,,,,,,,,,,,,,,,木,,,,,,,,,,,,,,,,月,,,,,,,,,月,,,,,,,,,
生野区,林寺,5丁目,6番,,,,,,,火金,,,,,,,,,,,,,,,,,,,,,,,,,,木,,,,,,,,,,,,,,,,月,,,,,,,,,月,,,,,,,,,
生野区,林寺,5丁目,7番,,,,,,,火金,,,,,,,,,,,,,,,,,,,,,,,,,,木,,,,,,,,,,,,,,,,月,,,,,,,,,月,,,,,,,,,
生野区,林寺,5丁目,8番,,,,,,,,火金,,,,,,,,,,,,,,,,,,,,,,,,,木,,,,,,,,,,,,,,,,月,,,,,,,,,月,,,,,,,,,
生野区,林寺,5丁目,9番,,,,,,,,火金,,,,,,,,,,,,,,,,,,,,,,,,,木,,,,,,,,,,,,,,,,月,,,,,,,,,月,,,,,,,,,
生野区,林寺,5丁目,10番,,,,,,,,火金,,,,,,,,,,,,,,,,,,,,,,,,,木,,,,,,,,,,,,,,,,月,,,,,,,,,月,,,,,,,,,
生野区,林寺,5丁目,11番,,,,,,,,火金,,,,,,,,,,,,,,,,,,,,,,,,,木,,,,,,,,,,,,,,,,月,,,,,,,,,月,,,,,,,,,
生野区,林寺,5丁目,12番,,,,,,,火金,,,,,,,,,,,,,,,,,,,,,,,,,,木,,,,,,,,,,,,,,,,月,,,,,,,,月,,,,,,,,,,
生野区,林寺,6丁目,1番,,,,,,,,火金,,,,,,,,,,,,,,,,木,,,,,,,,,,,,,,,,月,,,,,,,,,,,,,,,,,水,,,,,,,,,,
生野区,林寺,6丁目,2番,,,,,,,火金,,,,,,,,,,,,,,,,,木,,,,,,,,,,,,,,,,月,,,,,,,,,,,,,,,,,水,,,,,,,,,,
生野区,林寺,6丁目,3番,,,,,,,,火金,,,,,,,,,,,,,,,,木,,,,,,,,,,,,,,,,月,,,,,,,,,,,,,,,水,,,,,,,,,,,,
生野区,林寺,6丁目,4番,,,,,,,,,火金,,,,,,,,,,,,,,,木,,,,,,,,,,,,,,,,月,,,,,,,,,,,,,,,水,,,,,,,,,,,,
生野区,林寺,6丁目,5番,,,,,,,火金,,,,,,,,,,,,,,,,,木,,,,,,,,,,,,,,,,月,,,,,,,,,,,,,,,水,,,,,,,,,,,,
生野区,林寺,6丁目,7番,,,,,,,火金,,,,,,,,,,,,,,,,,木,,,,,,,,,,,,,,,,月,,,,,,,,,,,,,,,水,,,,,,,,,,,,
生野区,林寺,6丁目,8番,,,,,,,火金,,,,,,,,,,,,,,,,,木,,,,,,,,,,,,,,,,月,,,,,,,,,,,,,,,水,,,,,,,,,,,,
生野区,桃谷,1丁目,桃谷駅前商店街,,,,,,,月木,,,,,,,,,,,,,,,,土,,,,,,,,,,,,,,,,水,,,,,,,,,,,,,,,,金,,,,,,,,,,,,
生野区,桃谷,1丁目,1番,,,,,,,月木,,,,,,,,,,,,,,,,土,,,,,,,,,,,,,,,,水,,,,,,,,,,,,,,,,,,,,,,,,金,,,,
生野区,桃谷,1丁目,2番,,,,,,,月木,,,,,,,,,,,,,,,,土,,,,,,,,,,,,,,,,水,,,,,,,,,,,,,,,,,,,,,,,,,金,,,
生野区,桃谷,1丁目,3番,軽四輪車(小さい車)で収集している地域,,,,,,,,,,,,,,,,,,月木,,,,土,,,,,,,,,,,,,,,,水,,,,,,,,,,,,,,,,,,金,,,,,,,,,,
生野区,桃谷,1丁目,3番,上記以外,,,,,,月木,,,,,,,,,,,,,,,,土,,,,,,,,,,,,,,,,水,,,,,,,,,,,,,,,,,,金,,,,,,,,,,
生野区,桃谷,1丁目,4番,,,,,,,月木,,,,,,,,,,,,,,,,土,,,,,,,,,,,,,,,,水,,,,,,,,,,,,,,,,,,金,,,,,,,,,,
生野区,桃谷,1丁目,5番,軽四輪車(小さい車)で収集している地域,,,,,,,,,,,,,,,,,,月木,,,,金,,,,,,,,,,,,,,,,火,,,,,,,,,,,,,,,,,,金,,,,,,,,,,
生野区,桃谷,1丁目,5番,上記以外,,,,,,月木,,,,,,,,,,,,,,,,土,,,,,,,,,,,,,,,,水,,,,,,,,,,,,,,,,,,金,,,,,,,,,,
生野区,桃谷,1丁目,6番,軽四輪車(小さい車)で収集している地域,,,,,,,,,,,,,,,,,,月木,,,,金,,,,,,,,,,,,,,,,火,,,,,,,,,,,,,,,,,,金,,,,,,,,,,
生野区,桃谷,1丁目,6番,上記以外,,,,,,月木,,,,,,,,,,,,,,,,土,,,,,,,,,,,,,,,,水,,,,,,,,,,,,,,,,,,金,,,,,,,,,,
生野区,桃谷,1丁目,7番,軽四輪車(小さい車)で収集している地域,,,,,,,,,,,,,,,,,,月木,,,,金,,,,,,,,,,,,,,,,火,,,,,,,,,,,,,,,,,,金,,,,,,,,,,
生野区,桃谷,1丁目,7番,上記以外,,,,,,月木,,,,,,,,,,,,,,,,土,,,,,,,,,,,,,,,,水,,,,,,,,,,,,,,,,,,金,,,,,,,,,,
生野区,桃谷,1丁目,8番,軽四輪車(小さい車)で収集している地域,,,,,,,,,,,,,,,,,,月木,,,,土,,,,,,,,,,,,,,,,水,,,,,,,,,,,,,,,,,,金,,,,,,,,,,
生野区,桃谷,1丁目,8番,上記以外,,,,,,月木,,,,,,,,,,,,,,,,土,,,,,,,,,,,,,,,,水,,,,,,,,,,,,,,,,,,金,,,,,,,,,,
生野区,桃谷,1丁目,9番,軽四輪車(小さい車)で収集している地域,,,,,,,,,,,,,,,,,,月木,,,,土,,,,,,,,,,,,,,,,水,,,,,,,,,,,,,,,,,,,,,,,,金,,,,
生野区,桃谷,1丁目,9番,上記以外,,,,,,月木,,,,,,,,,,,,,,,,土,,,,,,,,,,,,,,,,水,,,,,,,,,,,,,,,,,,,,,,,,金,,,,
生野区,桃谷,1丁目,10番,軽四輪車(小さい車)で収集している地域,,,,,,,,,,,,,,,,,,月木,,,,,,土,,,,,,,,,,,,,,,,水,,,,,,,,,,,,,,,,,,,,,,金,,,,
生野区,桃谷,1丁目,10番,上記以外,,,,,,,月木,,,,,,,,,,,,,,,,,土,,,,,,,,,,,,,,,,水,,,,,,,,,,,,,,,,,,,,,,金,,,,
生野区,桃谷,1丁目,11番,軽四輪車(小さい車)で収集している地域,,,,,,,,,,,,,,,,,,月木,,,,,,,,,,,,,,土,,,,,,,,,,,,,,,,水,,,,,,,,金,,,,,,,,,,
生野区,桃谷,1丁目,11番,上記以外,,,,,,月木,,,,,,,,,,,,,,,,土,,,,,,,,,,,,,,,,水,,,,,,,,,,,,,,,,,,金,,,,,,,,,,
生野区,桃谷,1丁目,12番,軽四輪車(小さい車)で収集している地域,,,,,,,,,,,,,,,,,,月木,,,,,,,,,,,,,,土,,,,,,,,,,,,,,,,水,,,,,,,,金,,,,,,,,,,
生野区,桃谷,1丁目,12番,上記以外,,,,,,月木,,,,,,,,,,,,,,,,土,,,,,,,,,,,,,,,,水,,,,,,,,,,,,,,,,,,金,,,,,,,,,,
生野区,桃谷,1丁目,13番,,,,,,,月木,,,,,,,,,,,,,,,,土,,,,,,,,,,,,,,,,水,,,,,,,,,,,,,,,,金,,,,,,,,,,,,
生野区,桃谷,2丁目,桃谷駅前商店街,,,,,,,月木,,,,,,,,,,,,,,,,土,,,,,,,,,,,,,,,,水,,,,,,,,,,,,,,,,金,,,,,,,,,,,,
生野区,桃谷,2丁目,1番,,,,,,,,,,月木,,,,,,,,,,,,,土,,,,,,,,,,,,,,,,水,,,,,,,,,,,,,,,,,,,,,,,,,金,,,
生野区,桃谷,2丁目,2番,軽四輪車(小さい車)で収集している地域,,,,,,,,,月木,,,,,,,,,,,,,金,,,,,,,,,,,,,,,,火,,,,,,,,,,,,,,,,,,,,,,,,金,,,,
生野区,桃谷,2丁目,2番,上記以外,,,,,,月木,,,,,,,,,,,,,,,,土,,,,,,,,,,,,,,,,水,,,,,,,,,,,,,,,,,,,,,,,,金,,,,
生野区,桃谷,2丁目,3番,軽四輪車(小さい車)で収集している地域,,,,,,,,,,月木,,,,,,,,,,,,金,,,,,,,,,,,,,,,,火,,,,,,,,,,,,,,,,,,,,,,,,金,,,,
生野区,桃谷,2丁目,3番,上記以外,,,,,,月木,,,,,,,,,,,,,,,,土,,,,,,,,,,,,,,,,水,,,,,,,,,,,,,,,,,,,,,,,,金,,,,
生野区,桃谷,2丁目,4番,軽四輪車(小さい車)で収集している地域,,,,,,,,,,月木,,,,,,,,,,,,金,,,,,,,,,,,,,,,,火,,,,,,,,,,,,,,,,,,,,,,,,金,,,,
生野区,桃谷,2丁目,4番,上記以外,,,,,,月木,,,,,,,,,,,,,,,,土,,,,,,,,,,,,,,,,水,,,,,,,,,,,,,,,,,,,,,,,,金,,,,
生野区,桃谷,2丁目,5番,軽四輪車(小さい車)で収集している地域,,,,,,,,,,月木,,,,,,,,,,,,金,,,,,,,,,,,,,,,,火,,,,,,,,,,,,,,,,,,,,,,,,金,,,,
生野区,桃谷,2丁目,5番,上記以外,,,,,,月木,,,,,,,,,,,,,,,,土,,,,,,,,,,,,,,,,水,,,,,,,,,,,,,,,,,,金,,,,,,,,,,
生野区,桃谷,2丁目,6番,,,,,,,月木,,,,,,,,,,,,,,,,土,,,,,,,,,,,,,,,,水,,,,,,,,,,,,,,,,,,,,,,,,,金,,,
生野区,桃谷,2丁目,7番,,,,,,,月木,,,,,,,,,,,,,,,,土,,,,,,,,,,,,,,,,水,,,,,,,,,,,,,,,,,,,,,,,,,金,,,
生野区,桃谷,2丁目,8番,軽四輪車(小さい車)で収集している地域,,,,,,,,,月木,,,,,,,,,,,,,,,金,,,,,,,,,,,,,,,,火,,,,,,,,,,,,,,,,,,,,,,,金,,,
生野区,桃谷,2丁目,8番,上記以外,,,,,,月木,,,,,,,,,,,,,,,,土,,,,,,,,,,,,,,,,水,,,,,,,,,,,,,,,,,,,,,,,,,金,,,
生野区,桃谷,2丁目,9番,軽四輪車(小さい車)で収集している地域,,,,,,,,,,月木,,,,,,,,,,,,,,金,,,,,,,,,,,,,,,,火,,,,,,,,,,,,,,,,,,,,,,,金,,,
生野区,桃谷,2丁目,9番,上記以外,,,,,,月木,,,,,,,,,,,,,,,,土,,,,,,,,,,,,,,,,水,,,,,,,,,,,,,,,,,,,,,,,,,金,,,
生野区,桃谷,2丁目,10番,軽四輪車(小さい車)で収集している地域,,,,,,,,,月木,,,,,,,,,,,,,,,金,,,,,,,,,,,,,,,,火,,,,,,,,,,,,,,,,,,,,,,金,,,,
生野区,桃谷,2丁目,10番,上記以外,,,,,,月木,,,,,,,,,,,,,,,,土,,,,,,,,,,,,,,,,水,,,,,,,,,,,,,,,,,,,,,,,,金,,,,
生野区,桃谷,2丁目,11番,軽四輪車(小さい車)で収集している地域,,,,,,,,月木,,,,,,,,,,,,,,,,,,,,,,金,,,,,,,,,,,,,,,,火,,,,,,,,,,,,,,,,金,,,,
生野区,桃谷,2丁目,11番,上記以外,,,,,,,,月木,,,,,,,,,,,,,,金,,,,,,,,,,,,,,,,火,,,,,,,,,,,,,,,,,,,,,,,,金,,,,
生野区,桃谷,2丁目,12番,軽四輪車(小さい車)で収集している地域,,,,,,,,月木,,,,,,,,,,,,,,,,,,,,,,金,,,,,,,,,,,,,,,,火,,,,,,,,,,,,,,,,金,,,,
生野区,桃谷,2丁目,12番,上記以外,,,,,,,,月木,,,,,,,,,,,,,,土,,,,,,,,,,,,,,,,水,,,,,,,,,,,,,,,,,,,,,,,,金,,,,
生野区,桃谷,2丁目,13番,軽四輪車(小さい車)で収集している地域,,,,,,,,月木,,,,,,,,,,,,,,,,,,,,,,金,,,,,,,,,,,,,,,,火,,,,,,,,,,,,,,,,,金,,,
生野区,桃谷,2丁目,13番,上記以外,,,,,,月木,,,,,,,,,,,,,,,,土,,,,,,,,,,,,,,,,水,,,,,,,,,,,,,,,,,,,,,,,,,金,,,
生野区,桃谷,2丁目,14番,軽四輪車(小さい車)で収集している地域,,,,,,,,,月木,,,,,,,,,,,,,,,,,,,,,金,,,,,,,,,,,,,,,,火,,,,,,,,,,,,,,,,,金,,,
生野区,桃谷,2丁目,14番,上記以外,,,,,,月木,,,,,,,,,,,,,,,,土,,,,,,,,,,,,,,,,水,,,,,,,,,,,,,,,,,,,,,,,,,金,,,
生野区,桃谷,2丁目,15番,軽四輪車(小さい車)で収集している地域,,,,,,,,月木,,,,,,,,,,,,,,,,,,,,,,金,,,,,,,,,,,,,,,,火,,,,,,,,,,,,,,,,,金,,,
生野区,桃谷,2丁目,15番,上記以外,,,,,,,,月木,,,,,,,,,,,,,,土,,,,,,,,,,,,,,,,水,,,,,,,,,,,,,,,,,,,,,,,,,金,,,
生野区,桃谷,2丁目,16番,軽四輪車(小さい車)で収集している地域,,,,,,,,月木,,,,,,,,,,,,,,,,,,,,,,金,,,,,,,,,,,,,,,,火,,,,,,,,,,,,,,,,,,金,,
生野区,桃谷,2丁目,16番,上記以外,,,,,,月木,,,,,,,,,,,,,,,,土,,,,,,,,,,,,,,,,水,,,,,,,,,,,,,,,,,,,,,,,,,,金,,
生野区,桃谷,2丁目,17番,軽四輪車(小さい車)で収集している地域,,,,,,,,,月木,,,,,,,,,,,,,,,,,,,,,金,,,,,,,,,,,,,,,,火,,,,,,,,,,,,,,,,,金,,,
生野区,桃谷,2丁目,17番,上記以外,,,,,,月木,,,,,,,,,,,,,,,,土,,,,,,,,,,,,,,,,水,,,,,,,,,,,,,,,,,,,,,,,,,金,,,
生野区,桃谷,2丁目,18番,軽四輪車(小さい車)で収集している地域,,,,,,,,,,月木,,,,,,,,,,,,土,,,,,,,,,,,,,,,,水,,,,,,,,,,,,,,,,,,,,,,,,,金,,,
生野区,桃谷,2丁目,18番,上記以外,,,,,,月木,,,,,,,,,,,,,,,,土,,,,,,,,,,,,,,,,水,,,,,,,,,,,,,,,,,,,,,,,,,金,,,
生野区,桃谷,2丁目,19番,,,,,,,月木,,,,,,,,,,,,,,,,土,,,,,,,,,,,,,,,,水,,,,,,,,,,,,,,,,,,,,,,,,,,,金,
生野区,桃谷,2丁目,20番,軽四輪車(小さい車)で収集している地域,,,,,,,,,,月木,,,,,,,,,,,,土,,,,,,,,,,,,,,,,水,,,,,,,,,,,,,,,,,,,,,,,,,,金,,
生野区,桃谷,2丁目,20番,上記以外,,,,,,月木,,,,,,,,,,,,,,,,土,,,,,,,,,,,,,,,,水,,,,,,,,,,,,,,,,,,,,,,,,,,金,,
生野区,桃谷,2丁目,21番,,,,,,,,,,月木,,,,,,,,,,,,,,土,,,,,,,,,,,,,,,,水,,,,,,,,,,,,,,,,,,,,,,,,,,金,
生野区,桃谷,2丁目,22番,,,,,,,,,,月木,,,,,,,,,,,,,,土,,,,,,,,,,,,,,,,水,,,,,,,,,,,,,,,,,,,,,,,,,,金,
生野区,桃谷,2丁目,23番,軽四輪車(小さい車)で収集している地域,,,月木,,,,,,,,,,,,,,,,,,,,金,,,,,,,,,,,,,,,,火,,,,,,,,,,,,,,,金,,,,,,,,,,,,
生野区,桃谷,2丁目,23番,上記以外,,,,,,,,月木,,,,,,,,,,,,,,土,,,,,,,,,,,,,,,,水,,,,,,,,,,,,,,,,,,,,,,,,,金,,,
生野区,桃谷,2丁目,24番,軽四輪車(小さい車)で収集している地域,,,,,,,,月木,,,,,,,,,,,,,,,金,,,,,,,,,,,,,,,,火,,,,,,,,,,,,,,,,,,,,,,,,金,,,
生野区,桃谷,2丁目,24番,上記以外,,,,,,月木,,,,,,,,,,,,,,,,土,,,,,,,,,,,,,,,,水,,,,,,,,,,,,,,,,,,,,,,,,,金,,,
生野区,桃谷,2丁目,25番,軽四輪車(小さい車)で収集している地域,,,,,,,,,,,,,,,,,,月木,,,,土,,,,,,,,,,,,,,,,水,,,,,,,,,,,,,,,,,,,,,,,,,金,,,
生野区,桃谷,2丁目,25番,上記以外,,,,,,,,月木,,,,,,,,,,,,,,,,,,,,,,土,,,,,,,,,,,,,,,,水,,,,,,,,,,,,,,,,,金,,,
生野区,桃谷,2丁目,26番,軽四輪車(小さい車)で収集している地域,,,,,,,,,,,,,,,,,,月木,,,,土,,,,,,,,,,,,,,,,水,,,,,,,,,,,,,,,,,,,,,,,,,金,,,
生野区,桃谷,2丁目,26番,上記以外,,,,,,月木,,,,,,,,,,,,,,,,,,,,,,,,土,,,,,,,,,,,,,,,,水,,,,,,,,,,,,,,,,,金,,,
生野区,桃谷,2丁目,27番,軽四輪車(小さい車)で収集している地域,,,,,,,,,,,,,,,,,,月木,,,,,金,,,,,,,,,,,,,,,,火,,,,,,,,,,,,,,,,,,,,,,,,金,,,
生野区,桃谷,2丁目,27番,上記以外,,,,,,月木,,,,,,,,,,,,,,,,,,,,,,,,土,,,,,,,,,,,,,,,,水,,,,,,,,,,,,,,,,,金,,,
生野区,桃谷,2丁目,28番,軽四輪車(小さい車)で収集している地域,,,,,,,,,,,,,,,,,,月木,,,,,金,,,,,,,,,,,,,,,,火,,,,,,,,,,,,,,,,,,,,,,,,金,,,
生野区,桃谷,2丁目,28番,上記以外,,,,,,月木,,,,,,,,,,,,,,,,土,,,,,,,,,,,,,,,,水,,,,,,,,,,,,,,,,,,,,,,,,,金,,,
生野区,桃谷,3丁目,1番,軽四輪車(小さい車)で収集している地域,,,,,,,,,,,,,,,,月木,,,,,,,,金,,,,,,,,,,,,,,,,火,,,,,,,,,,,,,,火,,,,,,,,,,,,
生野区,桃谷,3丁目,1番,上記以外,,,,,,月木,,,,,,,,,,,,,,,,,,金,,,,,,,,,,,,,,,,火,,,,,,,,,,,,,,,,火,,,,,,,,,,
生野区,桃谷,3丁目,2番,,,,,,,月木,,,,,,,,,,,,,,,,金,,,,,,,,,,,,,,,,火,,,,,,,,,,,,,,,,火,,,,,,,,,,,,
生野区,桃谷,3丁目,3番,軽四輪車(小さい車)で収集している地域,,,,,,,,,,月木,,,,,,,,,,,,金,,,,,,,,,,,,,,,,火,,,,,,,,,,,,,,,,火,,,,,,,,,,,,
生野区,桃谷,3丁目,3番,上記以外,,,,,,月木,,,,,,,,,,,,,,,,金,,,,,,,,,,,,,,,,火,,,,,,,,,,,,,,,,火,,,,,,,,,,,,
生野区,桃谷,3丁目,4番,軽四輪車(小さい車)で収集している地域,,,,,,,,,,月木,,,,,,,,,,,,,金,,,,,,,,,,,,,,,,火,,,,,,,,,,,,,,,火,,,,,,,,,,,,
生野区,桃谷,3丁目,4番,上記以外,,,,,,月木,,,,,,,,,,,,,,,,,,金,,,,,,,,,,,,,,,,火,,,,,,,,,,,,,,火,,,,,,,,,,,,
生野区,桃谷,3丁目,5番,軽四輪車(小さい車)で収集している地域,,,,,,,,,,月木,,,,,,,,,,,,金,,,,,,,,,,,,,,,,火,,,,,,,,,,,,,,,,火,,,,,,,,,,,,
生野区,桃谷,3丁目,5番,上記以外,,,,,,月木,,,,,,,,,,,,,,,,金,,,,,,,,,,,,,,,,火,,,,,,,,,,,,,,,,火,,,,,,,,,,,,
生野区,桃谷,3丁目,6番,軽四輪車(小さい車)で収集している地域,,,,,,,,,,,,,,,,月木,,,,,,金,,,,,,,,,,,,,,,,火,,,,,,,,,,,,,,,,火,,,,,,,,,,,,
生野区,桃谷,3丁目,6番,上記以外,,,,,,月木,,,,,,,,,,,,,,,,金,,,,,,,,,,,,,,,,火,,,,,,,,,,,,,,,,火,,,,,,,,,,,,
生野区,桃谷,3丁目,7番,軽四輪車(小さい車)で収集している地域,,,,,,,,,,,,,,,,月木,,,,,,,,金,,,,,,,,,,,,,,,,火,,,,,,,,,,,,,,火,,,,,,,,,,,,
生野区,桃谷,3丁目,7番,上記以外,,,,,,月木,,,,,,,,,,,,,,,,金,,,,,,,,,,,,,,,,火,,,,,,,,,,,,,,,,火,,,,,,,,,,,,
生野区,桃谷,3丁目,8番,軽四輪車(小さい車)で収集している地域,,,,,,,,,,月木,,,,,,,,,,,,,金,,,,,,,,,,,,,,,,火,,,,,,,,,,,,,,,火,,,,,,,,,,,,
生野区,桃谷,3丁目,8番,上記以外,,,,,,月木,,,,,,,,,,,,,,,,,,金,,,,,,,,,,,,,,,,火,,,,,,,,,,,,,,火,,,,,,,,,,,,
生野区,桃谷,3丁目,9番,軽四輪車(小さい車)で収集している地域,,,,,,,,,月木,,,,,,,,,,,,,金,,,,,,,,,,,,,,,,火,,,,,,,,,,,,,,,,火,,,,,,,,,,,,
生野区,桃谷,3丁目,9番,上記以外,,,,,,月木,,,,,,,,,,,,,,,,金,,,,,,,,,,,,,,,,火,,,,,,,,,,,,,,,,火,,,,,,,,,,,,
生野区,桃谷,3丁目,10番,軽四輪車(小さい車)で収集している地域,,,,,,,,,月木,,,,,,,,,,,,,,金,,,,,,,,,,,,,,,,火,,,,,,,,,,,,,,,火,,,,,,,,,,,,
生野区,桃谷,3丁目,10番,上記以外,,,,,,月木,,,,,,,,,,,,,,,,,,金,,,,,,,,,,,,,,,,火,,,,,,,,,,,,,,火,,,,,,,,,,,,
生野区,桃谷,3丁目,11番,軽四輪車(小さい車)で収集している地域,,,,,,,,,月木,,,,,,,,,,,,,,金,,,,,,,,,,,,,,,,火,,,,,,,,,,,,,,,火,,,,,,,,,,,,
生野区,桃谷,3丁目,11番,上記以外,,,,,,月木,,,,,,,,,,,,,,,,,,金,,,,,,,,,,,,,,,,火,,,,,,,,,,,,,,火,,,,,,,,,,,,
生野区,桃谷,3丁目,12番,軽四輪車(小さい車)で収集している地域,,,,,,,,,月木,,,,,,,,,,,,,,金,,,,,,,,,,,,,,,,火,,,,,,,,,,,,,,,火,,,,,,,,,,,,
生野区,桃谷,3丁目,12番,上記以外,,,,,,月木,,,,,,,,,,,,,,,,,,金,,,,,,,,,,,,,,,,火,,,,,,,,,,,,,,火,,,,,,,,,,,,
生野区,桃谷,3丁目,13番,軽四輪車(小さい車)で収集している地域,,,,,,,,,月木,,,,,,,,,,,,,,金,,,,,,,,,,,,,,,,火,,,,,,,,,,,,,,,火,,,,,,,,,,,,
生野区,桃谷,3丁目,13番,上記以外,,,,,,月木,,,,,,,,,,,,,,,,,,金,,,,,,,,,,,,,,,,火,,,,,,,,,,,,,,火,,,,,,,,,,,,
生野区,桃谷,3丁目,14番,軽四輪車(小さい車)で収集している地域,,,,,,,,,,,,,,,,,,月木,,,,,金,,,,,,,,,,,,,,,,火,,,,,,,,,,,,,,,火,,,,,,,,,,,,
生野区,桃谷,3丁目,14番,上記以外,,,,,,,月木,,,,,,,,,,,,,,,,,金,,,,,,,,,,,,,,,,火,,,,,,,,,,,,,,火,,,,,,,,,,,,
生野区,桃谷,3丁目,15番,軽四輪車(小さい車)で収集している地域,,,,,,,,,,,,,,,月木,,,,,,,,金,,,,,,,,,,,,,,,,火,,,,,,,,,,,,,,,火,,,,,,,,,,,,
生野区,桃谷,3丁目,15番,上記以外,,,,,,,月木,,,,,,,,,,,,,,,,,金,,,,,,,,,,,,,,,,火,,,,,,,,,,,,,,火,,,,,,,,,,,,
生野区,桃谷,3丁目,16番,,,,,,,,,,,,,,,,月木,,,,,,,,金,,,,,,,,,,,,,,,,火,,,,,,,,,,,,,,,火,,,,,,,,,,,,
生野区,桃谷,3丁目,17番,,,,,,,月木,,,,,,,,,,,,,,,,,金,,,,,,,,,,,,,,,,火,,,,,,,,,,,,,,,火,,,,,,,,,,,,
生野区,桃谷,3丁目,18番,軽四輪車(小さい車)で収集している地域,,,,,,,,,,,,,,,月木,,,,,,,,金,,,,,,,,,,,,,,,,火,,,,,,,,,,,,,,,火,,,,,,,,,,,,
生野区,桃谷,3丁目,18番,上記以外,,,,,,月木,,,,,,,,,,,,,,,,,,金,,,,,,,,,,,,,,,,火,,,,,,,,,,,,,,火,,,,,,,,,,,,
生野区,桃谷,3丁目,19番,軽四輪車(小さい車)で収集している地域,,,,,,,,,,,,,,,,,,月木,,,,,金,,,,,,,,,,,,,,,,火,,,,,,,,,,,,,,,火,,,,,,,,,,,,
生野区,桃谷,3丁目,19番,上記以外,,,,,,,月木,,,,,,,,,,,,,,,,,金,,,,,,,,,,,,,,,,火,,,,,,,,,,,,,,火,,,,,,,,,,,,
生野区,桃谷,3丁目,20番,軽四輪車(小さい車)で収集している地域,,,,,,,,,,,,,,,月木,,,,,,,,金,,,,,,,,,,,,,,,,火,,,,,,,,,,,,,,,火,,,,,,,,,,,,
生野区,桃谷,3丁目,20番,上記以外,,,,,,,月木,,,,,,,,,,,,,,,,,金,,,,,,,,,,,,,,,,火,,,,,,,,,,,,,,火,,,,,,,,,,,,
生野区,桃谷,3丁目,21番,軽四輪車(小さい車)で収集している地域,,,,,,,,,,,,,,,月木,,,,,,,,金,,,,,,,,,,,,,,,,火,,,,,,,,,,,,,,,火,,,,,,,,,,,,
生野区,桃谷,3丁目,21番,上記以外,,,,,,月木,,,,,,,,,,,,,,,,,,金,,,,,,,,,,,,,,,,火,,,,,,,,,,,,,,火,,,,,,,,,,,,
生野区,桃谷,3丁目,22番,軽四輪車(小さい車)で収集している地域,,,,,,,,,,,,,,,月木,,,,,,,,,,,,,,,,,金,,,,,,,,,,,,,,,,火,,,,,,火,,,,,,,,,,,,
生野区,桃谷,3丁目,22番,上記以外,,,,,,月木,,,,,,,,,,,,,,,,金,,,,,,,,,,,,,,,,火,,,,,,,,,,,,,,,,火,,,,,,,,,,,,
生野区,桃谷,3丁目,23番,,,,,,,月木,,,,,,,,,,,,,,,,金,,,,,,,,,,,,,,,,火,,,,,,,,,,,,,,,,,,,,,,,,,,,,
生野区,桃谷,4丁目,1番,ネオコーポ桃谷,,,,,,月木,,,,,,,,,,,,,,,,金,,,,,,,,,,,,,,,,火,,,,,,,,,,,,,,,,,,,,,,,,,,,,
生野区,桃谷,4丁目,1番,軽四輪車(小さい車)で収集している地域,,,,,,,,,,,,,,,月木,,,,,,,金,,,,,,,,,,,,,,,,火,,,,,,,,,,,,,,,,,,,,,,,,,,,,
生野区,桃谷,4丁目,1番,上記以外,,,,,,月木,,,,,,,,,,,,,,,,,,金,,,,,,,,,,,,,,,,火,,,,,,,,,,,,,,,,,,,,,,,,,,
生野区,桃谷,4丁目,2番,軽四輪車(小さい車)で収集している地域,,,,,,,,,,,,,,,,,月木,,,,,,,金,,,,,,,,,,,,,,,,火,,,,,,,,,,,,,,,,,,,,,,,,,,
生野区,桃谷,4丁目,2番,上記以外,,,,,,月木,,,,,,,,,,,,,,,,,,金,,,,,,,,,,,,,,,,火,,,,,,,,,,,,,,,,,,,,,,,,,,
生野区,桃谷,4丁目,3番,軽四輪車(小さい車)で収集している地域,,,,,,,,,,,,,,,,,月木,,,,,,,金,,,,,,,,,,,,,,,,火,,,,,,,,,,,,,,,,,,,,,,,,,,
生野区,桃谷,4丁目,3番,上記以外,,,,,,,,,,,,,,,月木,,,,,,,,,金,,,,,,,,,,,,,,,,火,,,,,,,,,,,,,,,,,,,,,,,,,,
生野区,桃谷,4丁目,4番,軽四輪車(小さい車)で収集している地域,,,,,,,,,,,,,,,月木,,,,,,,,,金,,,,,,,,,,,,,,,,火,,,,,,,,,,,,,,,,,,,,,,,,,,
生野区,桃谷,4丁目,4番,上記以外,,,,,,,,,月木,,,,,,,,,,,,,,,金,,,,,,,,,,,,,,,,火,,,,,,,,,,,,,,,,,,,,,,,,,,
生野区,桃谷,4丁目,5番,軽四輪車(小さい車)で収集している地域,,,,,,,,,,月木,,,,,,,,,,,,,金,,,,,,,,,,,,,,,,火,,,,,,,,,,,,,,,,,,,,,,,,,,,
生野区,桃谷,4丁目,5番,上記以外,,,,,,月木,,,,,,,,,,,,,,,,,,金,,,,,,,,,,,,,,,,火,,,,,,,,,,,,,,,,,,,,,,,,,,
生野区,桃谷,4丁目,6番,軽四輪車(小さい車)で収集している地域,,,,,,,,,,月木,,,,,,,,,,,,,金,,,,,,,,,,,,,,,,火,,,,,,,,,,,,,,,,,,,,,,,,,,,
生野区,桃谷,4丁目,6番,上記以外,,,,,,月木,,,,,,,,,,,,,,,,,,金,,,,,,,,,,,,,,,,火,,,,,,,,,,,,,,,,,,,,,,,,,,
生野区,桃谷,4丁目,7番,軽四輪車(小さい車)で収集している地域,,,,,,,,,,,,,,,,,,月木,,,,,,金,,,,,,,,,,,,,,,,火,,,,,,,,,,,,,,,,,,,,,,,,,,
生野区,桃谷,4丁目,7番,上記以外,,,,,,月木,,,,,,,,,,,,,,,,,,金,,,,,,,,,,,,,,,,火,,,,,,,,,,,,,,,,,,,,,,,,,,
生野区,桃谷,4丁目,8番,軽四輪車(小さい車)で収集している地域,,,,,,,,,,,,,,,,,,月木,,,,,,金,,,,,,,,,,,,,,,,火,,,,,,,,,,,,,,,,,,,,,,,,,,
生野区,桃谷,4丁目,8番,上記以外,,,,,,月木,,,,,,,,,,,,,,,,,,金,,,,,,,,,,,,,,,,火,,,,,,,,,,,,,,,,,,,,,,,,,,
生野区,桃谷,4丁目,9番,軽四輪車(小さい車)で収集している地域,,,,,,,,,,,,,,,,,,月木,,,,,,金,,,,,,,,,,,,,,,,火,,,,,,,,,,,,,,,,,,,,,,,,,,
生野区,桃谷,4丁目,9番,上記以外,,,,,,,,,月木,,,,,,,,,,,,,,,金,,,,,,,,,,,,,,,,火,,,,,,,,,,,,,,,,,,,,,,,,,,
生野区,桃谷,4丁目,10番,軽四輪車(小さい車)で収集している地域,,,,,,,,,,,,,,,,,,月木,,,,,,金,,,,,,,,,,,,,,,,火,,,,,,,,,,,,,,,,,,,,,,,,,,
生野区,桃谷,4丁目,10番,上記以外,,,,,,,,,月木,,,,,,,,,,,,,,,金,,,,,,,,,,,,,,,,火,,,,,,,,,,,,,,,,,,,,,,,,,,
生野区,桃谷,4丁目,11番,軽四輪車(小さい車)で収集している地域,,,,,,,,,,,,,,,,,,月木,,,,,,金,,,,,,,,,,,,,,,,火,,,,,,,,,,,,,,,,,,,,,,,,,,
生野区,桃谷,4丁目,11番,上記以外,,,,,,,,月木,,,,,,,,,,,,,,,,金,,,,,,,,,,,,,,,,火,,,,,,,,,,,,,,,,,,,,,,,,,,
生野区,桃谷,4丁目,12番,軽四輪車(小さい車)で収集している地域,,,,,,,,,,,,,,,,,,月木,,,,,,金,,,,,,,,,,,,,,,,火,,,,,,,,,,,,,,,,,,,,,,,,,,
生野区,桃谷,4丁目,12番,上記以外,,,,,,月木,,,,,,,,,,,,,,,,,,金,,,,,,,,,,,,,,,,火,,,,,,,,,,,,,,,,,,,,,,,,,,
生野区,桃谷,4丁目,13番,軽四輪車(小さい車)で収集している地域,,,,,,,,,,,,,,,,,,月木,,,,金,,,,,,,,,,,,,,,,火,,,,,,,,,,,,,,,,,,,,,,,,,,,,
生野区,桃谷,4丁目,13番,上記以外,,,,,,,月木,,,,,,,,,,,,,,,,,金,,,,,,,,,,,,,,,,火,,,,,,,,,,,,,,,,,,,,,,,,,,
生野区,桃谷,4丁目,14番,軽四輪車(小さい車)で収集している地域,,,,,,,,,,,,,,,,,,月木,,,,金,,,,,,,,,,,,,,,,火,,,,,,,,,,,,,,,,,,,,,,,,,,,,
生野区,桃谷,4丁目,14番,上記以外,,,,,,,,月木,,,,,,,,,,,,,,,,金,,,,,,,,,,,,,,,,火,,,,,,,,,,,,,,,,,,,,,,,,,,
生野区,桃谷,4丁目,15番,軽四輪車(小さい車)で収集している地域,,,,,,,,,,,,,,月木,,,,,,,,金,,,,,,,,,,,,,,,,火,,,,,,,,,,,,,,,,,,,,,,,,,,,,
生野区,桃谷,4丁目,15番,上記以外,,,,,,,,月木,,,,,,,,,,,,,,,,金,,,,,,,,,,,,,,,,火,,,,,,,,,,,,,,,,,,,,,,,,,,
生野区,桃谷,4丁目,16番,軽四輪車(小さい車)で収集している地域,,,,,,,,,,,,,,月木,,,,,,,,金,,,,,,,,,,,,,,,,火,,,,,,,,,,,,,,,,,,,,,,,,,,,,
生野区,桃谷,4丁目,16番,上記以外,,,,,,,,,月木,,,,,,,,,,,,,,,金,,,,,,,,,,,,,,,,火,,,,,,,,,,,,,,,,,,,,,,,,,,
生野区,桃谷,4丁目,17番,軽四輪車(小さい車)で収集している地域,,,,,,,,,,,,,,,月木,,,,,,,金,,,,,,,,,,,,,,,,火,,,,,,,,,,,,,,,,,,,,,,,,,,,,
生野区,桃谷,4丁目,17番,上記以外,,,,,,,月木,,,,,,,,,,,,,,,,,金,,,,,,,,,,,,,,,,火,,,,,,,,,,,,,,,,,,,,,,,,,,
生野区,桃谷,4丁目,18番,軽四輪車(小さい車)で収集している地域,,,,,,,,,,,,,,月木,,,,,,,,,金,,,,,,,,,,,,,,,,火,,,,,,,,,,,,,,,,,,,,,,,,,,,
生野区,桃谷,4丁目,18番,上記以外,,,,,,,月木,,,,,,,,,,,,,,,,,金,,,,,,,,,,,,,,,,火,,,,,,,,,,,,,,,,,,,,,,,,,,
生野区,桃谷,4丁目,19番,軽四輪車(小さい車)で収集している地域,,,,,,,,,,,,,,月木,,,,,,,,,金,,,,,,,,,,,,,,,,火,,,,,,,,,,,,,,,,,,,,,,,,,,,
生野区,桃谷,4丁目,19番,上記以外,,,,,,,,,月木,,,,,,,,,,,,,,,金,,,,,,,,,,,,,,,,火,,,,,,,,,,,,,,,,,,,,,,,,,,
生野区,桃谷,5丁目,1番,軽四輪車(小さい車)で収集している地域,,,,,,,,,,月木,,,,,,,,,,,,,,金,,,,,,,,,,,,,,,,火,,,,,,,,,,,,,,,,,,,,,,,,,,
生野区,桃谷,5丁目,1番,上記以外,,,,,,月木,,,,,,,,,,,,,,,,金,,,,,,,,,,,,,,,,火,,,,,,,,,,,,,,,,,,,,,,,,,,,,
生野区,桃谷,5丁目,2番,軽四輪車(小さい車)で収集している地域,,,,,,月木,,,,,,,,,,,,,,,,,,金,,,,,,,,,,,,,,,,火,,,,,,,,,,,,,,,,,,,,,,,,,,
生野区,桃谷,5丁目,2番,上記以外,,,,,,,,月木,,,,,,,,,,,,,,金,,,,,,,,,,,,,,,,火,,,,,,,,,,,,,,,,,,,,,,,,,,,,
生野区,桃谷,5丁目,3番,軽四輪車(小さい車)で収集している地域,,,,,,,,,,月木,,,,,,,,,,,,,,金,,,,,,,,,,,,,,,,火,,,,,,,,,,,,,,,,,,,,,,,,,,
生野区,桃谷,5丁目,3番,上記以外,,,,,,月木,,,,,,,,,,,,,,,,金,,,,,,,,,,,,,,,,火,,,,,,,,,,,,,,,,,,,,,,,,,,,,
生野区,桃谷,5丁目,4番,軽四輪車(小さい車)で収集している地域,,,,,,,,,,月木,,,,,,,,,,,,,,金,,,,,,,,,,,,,,,,火,,,,,,,,,,,,,,,,,,,,,,,,,,
生野区,桃谷,5丁目,4番,上記以外,,,,,,月木,,,,,,,,,,,,,,,,金,,,,,,,,,,,,,,,,火,,,,,,,,,,,,,,,,,,,,,,,,,,,,
生野区,桃谷,5丁目,5番,軽四輪車(小さい車)で収集している地域,,,,,,,,,,,,,,月木,,,,,,,,,金,,,,,,,,,,,,,,,,火,,,,,,,,,,,,,,,,,,,,,,,,,,,
生野区,桃谷,5丁目,5番,上記以外,,,,,,月木,,,,,,,,,,,,,,,,,,金,,,,,,,,,,,,,,,,火,,,,,,,,,,,,,,,,,,,,,,,,,,
生野区,桃谷,5丁目,6番,軽四輪車(小さい車)で収集している地域,,,,,,月木,,,,,,,,,,,,,,,,金,,,,,,,,,,,,,,,,火,,,,,,,,,,,,,,,,,,,,,,,,,,,,
生野区,桃谷,5丁目,6番,上記以外,,,,,,,,月木,,,,,,,,,,,,,,,,金,,,,,,,,,,,,,,,,火,,,,,,,,,,,,,,,,,,,,,,,,,,
生野区,桃谷,5丁目,7番,,,,,,,月木,,,,,,,,,,,,,,,,金,,,,,,,,,,,,,,,,火,,,,,,,,,,,,,,,,,,,,,,,,,,,,
生野区,桃谷,5丁目,8番,軽四輪車(小さい車)で収集している地域,,,,,,月木,,,,,,,,,,,,,,,,,,金,,,,,,,,,,,,,,,,火,,,,,,,,,,,,,,,,,,,,,,,,,,
生野区,桃谷,5丁目,8番,上記以外,,,,,,,,月木,,,,,,,,,,,,,,,,金,,,,,,,,,,,,,,,,火,,,,,,,,,,,,,,,,,,,,,,,,,,
生野区,桃谷,5丁目,9番,軽四輪車(小さい車)で収集している地域,,,,,,,,月木,,,,,,,,,,,,,,,,金,,,,,,,,,,,,,,,,火,,,,,,,,,,,,,,,,,,,,,,,,,,
生野区,桃谷,5丁目,9番,上記以外,,,,,,,,月木,,,,,,,,,,,,,,,,金,,,,,,,,,,,,,,,,火,,,,,,,,,,,,,,,,,,,,,,,,,,
生野区,桃谷,5丁目,10番,軽四輪車(小さい車)で収集している地域,,,,,,,,月木,,,,,,,,,,,,,,金,,,,,,,,,,,,,,,,火,,,,,,,,,,,,,,,,,,,,,,,,,,,,
生野区,桃谷,5丁目,10番,上記以外,,,,,,,,月木,,,,,,,,,,,,,,,,金,,,,,,,,,,,,,,,,火,,,,,,,,,,,,,,,,,,,,,,,,,,
生野区,桃谷,5丁目,11番,,,,,,,,,月木,,,,,,,,,,,,,,,,金,,,,,,,,,,,,,,,,火,,,,,,,,,,,,,,,,,,,,,,,,,,
生野区,桃谷,5丁目,12番,,,,,,,,,月木,,,,,,,,,,,,,,金,,,,,,,,,,,,,,,,火,,,,,,,,,,,,,,,,,,,,,,,,,,,,
