地区名1,地区名2,地区名3,地区名4,地区名5,備考,雑ごみ,普通ごみ_収集時間要問合せ,普通ごみ_午前,普通ごみ_午後,普通ごみ_8:30~10:30,普通ごみ_9:00~11:00,普通ごみ_9:30~11:30,普通ごみ_10:00~12:00,普通ごみ_10:30~12:30,普通ごみ_11:00~13:00,普通ごみ_11:30~13:30,普通ごみ_12:00~14:00,普通ごみ_12:30~14:30,普通ごみ_13:00~15:00,普通ごみ_13:30~15:30,普通ごみ_14:00~16:00,普通ごみ_14:30~16:30,資源ごみ_収集時間要問合せ,資源ごみ_午前,資源ごみ_午後,資源ごみ_8:30~10:30,資源ごみ_9:00~11:00,資源ごみ_9:30~11:30,資源ごみ_10:00~12:00,資源ごみ_10:30~12:30,資源ごみ_11:00~13:00,資源ごみ_11:30~13:30,資源ごみ_12:00~14:00,資源ごみ_12:30~14:30,資源ごみ_13:00~15:00,資源ごみ_13:30~15:30,資源ごみ_14:00~16:00,資源ごみ_14:30~16:30,プラスチック資源_収集時間要問合せ,プラスチック資源_午前,プラスチック資源_午後,プラスチック資源_8:30~10:30,プラスチック資源_9:00~11:00,プラスチック資源_9:30~11:30,プラスチック資源_10:00~12:00,プラスチック資源_10:30~12:30,プラスチック資源_11:00~13:00,プラスチック資源_11:30~13:30,プラスチック資源_12:00~14:00,プラスチック資源_12:30~14:30,プラスチック資源_13:00~15:00,プラスチック資源_13:30~15:30,プラスチック資源_14:00~16:00,プラスチック資源_14:30~16:30,古紙衣類_収集時間要問合せ,古紙衣類_午前,古紙衣類_午後,古紙衣類_8:30~10:30,古紙衣類_9:00~11:00,古紙衣類_9:30~11:30,古紙衣類_10:00~12:00,古紙衣類_10:30~12:30,古紙衣類_11:00~13:00,古紙衣類_11:30~13:30,古紙衣類_12:00~14:00,古紙衣類_12:30~14:30,古紙衣類_13:00~15:00,古紙衣類_13:30~15:30,古紙衣類_14:00~16:00,古紙衣類_14:30~16:30
城東区,今福西,1丁目,1番,軽四輪車(小さい車)で収集している地域,,,,火金,,,,,,,,,,,,,,,,,,,木,,,,,,,,,,,,,,,,月,,,,,,,,,,,,,,,,,,,,,,,,,,,
城東区,今福西,1丁目,1番,上記以外,,,,,火金,,,,,,,,,,,,,,,,,木,,,,,,,,,,,,,,,,月,,,,,,,,,,,,,,,,,,,,,,,,,,,,
城東区,今福西,1丁目,2番,軽四輪車(小さい車)で収集している地域,,,,火金,,,,,,,,,,,,,,,,,,,木,,,,,,,,,,,,,,,,月,,,,,,,,,,,,,,,,,,,,,,,,,,,
城東区,今福西,1丁目,2番,上記以外,,,,,火金,,,,,,,,,,,,,,,,,,木,,,,,,,,,,,,,,,月,,,,,,,,,,,,,,,,,,,,,,,,,,,,
城東区,今福西,1丁目,3番,,,,,火金,,,,,,,,,,,,,,,,,,,木,,,,,,,,,,,,,,,,月,,,,,,,,,,,,,,,,,,,,,,,,,,,
城東区,今福西,1丁目,4番,軽四輪車(小さい車)で収集している地域,,,,火金,,,,,,,,,,,,,,,,,,,木,,,,,,,,,,,,,,,,月,,,,,,,,,,,,,,,,,,,,,,,,,,,
城東区,今福西,1丁目,4番,上記以外,,,,,火金,,,,,,,,,,,,,,,,,,木,,,,,,,,,,,,,,,,月,,,,,,,,,,,,,,,,,,,,,,,,,,,
城東区,今福西,1丁目,5番,軽四輪車(小さい車)で収集している地域,,,,火金,,,,,,,,,,,,,,,,,,,木,,,,,,,,,,,,,,,,月,,,,,,,,,,,,,,,,,,,,,,,,,,,
城東区,今福西,1丁目,5番,上記以外,,,,,火金,,,,,,,,,,,,,,,,,,木,,,,,,,,,,,,,,,月,,,,,,,,,,,,,,,,,,,,,,,,,,,,
城東区,今福西,1丁目,6番,軽四輪車(小さい車)で収集している地域,,,,火金,,,,,,,,,,,,,,,,,,,木,,,,,,,,,,,,,,,,月,,,,,,,,,,,,,,,,,,,,,,,,,,,
城東区,今福西,1丁目,6番,上記以外,,,,,火金,,,,,,,,,,,,,,,,,,木,,,,,,,,,,,,,,,,月,,,,,,,,,,,,,,,,,,,,,,,,,,,
城東区,今福西,1丁目,7番,軽四輪車(小さい車)で収集している地域,,,,火金,,,,,,,,,,,,,,,,,,,木,,,,,,,,,,,,,,,月,,,,,,,,,,,,,,,,,,,,,,,,,,,,
城東区,今福西,1丁目,7番,上記以外,,,,,火金,,,,,,,,,,,,,,,,,,木,,,,,,,,,,,,,,,月,,,,,,,,,,,,,,,,,,,,,,,,,,,,
城東区,今福西,1丁目,8番,軽四輪車(小さい車)で収集している地域,,,,火金,,,,,,,,,,,,,,,,,,,木,,,,,,,,,,,,,,,月,,,,,,,,,,,,,,,,,,,,,,,,,,,,
城東区,今福西,1丁目,8番,上記以外,,,,,火金,,,,,,,,,,,,,,,,,,木,,,,,,,,,,,,,,,月,,,,,,,,,,,,,,,,,,,,,,,,,,,,
城東区,今福西,1丁目,9番,,,,,火金,,,,,,,,,,,,,,,,,,木,,,,,,,,,,,,,,,,月,,,,,,,,,,,,,,,,,,,,,,,,,,,,
城東区,今福西,1丁目,10番,,,,,火金,,,,,,,,,,,,,,,,,,木,,,,,,,,,,,,,,,,月,,,,,,,,,,,,,,,,,,,,,,,,,,,,
城東区,今福西,1丁目,11番,,,,,火金,,,,,,,,,,,,,,,,,,木,,,,,,,,,,,,,,,,月,,,,,,,,,,,,,,,,,,,,,,,,,,,,
城東区,今福西,1丁目,12番,軽四輪車(小さい車)で収集している地域,,,,火金,,,,,,,,,,,,,,,,,,木,,,,,,,,,,,,,,,,,月,,,,,,,,,,,,,,,,,,,,,,,,,,,
城東区,今福西,1丁目,12番,上記以外,,,,,火金,,,,,,,,,,,,,,,,,,木,,,,,,,,,,,,,,,月,,,,,,,,,,,,,,,,,,,,,,,,,,,,
城東区,今福西,1丁目,13番,軽四輪車(小さい車)で収集している地域,,,,火金,,,,,,,,,,,,,,,,,,,木,,,,,,,,,,,,,,,,月,,,,,,,,,,,,,,,,,,,,,,,,,,,
城東区,今福西,1丁目,13番,上記以外,,,,,火金,,,,,,,,,,,,,,,,,,木,,,,,,,,,,,,,,,,月,,,,,,,,,,,,,,,,,,,,,,,,,,,
城東区,今福西,1丁目,14番,,,,,,火金,,,,,,,,,,,,,,,,,木,,,,,,,,,,,,,,,,月,,,,,,,,,,,,,,,,,,,,,,,,,,,,
城東区,今福西,1丁目,15番,ステイツ城東グランプレイス,,,,火金,,,,,,,,,,,,,,,,,,木,,,,,,,,,,,,,,,,月,,,,,,,,,,,,,,,,,,,,,,,,,,,,
城東区,今福西,1丁目,15番,軽四輪車(小さい車)で収集している地域,,,,火金,,,,,,,,,,,,,,,,,,木,,,,,,,,,,,,,,,,月,,,,,,,,,,,,,,,,,,,,,,,,,,,,
城東区,今福西,1丁目,15番,上記以外,,,,,火金,,,,,,,,,,,,,,,,,,木,,,,,,,,,,,,,,,,月,,,,,,,,,,,,,,,,,,,,,,,,,,,
城東区,今福西,1丁目,16番,軽四輪車(小さい車)で収集している地域,,,,火金,,,,,,,,,,,,,,,,,,木,,,,,,,,,,,,,,,,月,,,,,,,,,,,,,,,,,,,,,,,,,,,,
城東区,今福西,1丁目,16番,上記以外,,,,,火金,,,,,,,,,,,,,,,,,木,,,,,,,,,,,,,,,,,月,,,,,,,,,,,,,,,,,,,,,,,,,,,
城東区,今福西,2丁目,1番,13号,,,,火金,,,,,,,,,,,,,,,,,,木,,,,,,,,,,,,,,,,,月,,,,,,,,,,,,,,,,,,,,,,,,,,,
城東区,今福西,2丁目,1番,上記以外,,,,,火金,,,,,,,,,,,,,,,,,木,,,,,,,,,,,,,,,,,月,,,,,,,,,,,,,,,,,,,,,,,,,,,
城東区,今福西,2丁目,2番,,,,,,火金,,,,,,,,,,,,,,,,,,木,,,,,,,,,,,,,,,,月,,,,,,,,,,,,,,,,,,,,,,,,,,,
城東区,今福西,2丁目,3番,軽四輪車(小さい車)で収集している地域,,,,火金,,,,,,,,,,,,,,,,,,木,,,,,,,,,,,,,,,,,月,,,,,,,,,,,,,,,,,,,,,,,,,,,
城東区,今福西,2丁目,3番,上記以外,,,,,火金,,,,,,,,,,,,,,,,,,木,,,,,,,,,,,,,,,,月,,,,,,,,,,,,,,,,,,,,,,,,,,,
城東区,今福西,2丁目,4番,ライオンズガーデン城東,,,,火金,,,,,,,,,,,,,,,,,,木,,,,,,,,,,,,,,,,,月,,,,,,,,,,,,,,,,,,,,,,,,,,,
城東区,今福西,2丁目,4番,上記以外,,,,,火金,,,,,,,,,,,,,,,,,木,,,,,,,,,,,,,,,,,月,,,,,,,,,,,,,,,,,,,,,,,,,,,
城東区,今福西,2丁目,5番,軽四輪車(小さい車)で収集している地域,,,,火金,,,,,,,,,,,,,,,,,,木,,,,,,,,,,,,,,,,月,,,,,,,,,,,,,,,,,,,,,,,,,,,,
城東区,今福西,2丁目,5番,上記以外,,,,,火金,,,,,,,,,,,,,,,,,,木,,,,,,,,,,,,,,,,月,,,,,,,,,,,,,,,,,,,,,,,,,,,
城東区,今福西,2丁目,6番,軽四輪車(小さい車)で収集している地域,,,,火金,,,,,,,,,,,,,,,,,,木,,,,,,,,,,,,,,,,,月,,,,,,,,,,,,,,,,,,,,,,,,,,,
城東区,今福西,2丁目,6番,上記以外,,,,,火金,,,,,,,,,,,,,,,,,木,,,,,,,,,,,,,,,,,月,,,,,,,,,,,,,,,,,,,,,,,,,,,
城東区,今福西,2丁目,7番,軽四輪車(小さい車)で収集している地域,,,,火金,,,,,,,,,,,,,,,,,,,木,,,,,,,,,,,,,,,,月,,,,,,,,,,,,,,,,,,,,,,,,,,,
城東区,今福西,2丁目,7番,上記以外,,,,,火金,,,,,,,,,,,,,,,,,木,,,,,,,,,,,,,,,,月,,,,,,,,,,,,,,,,,,,,,,,,,,,,
城東区,今福西,2丁目,8番,軽四輪車(小さい車)で収集している地域,,,,火金,,,,,,,,,,,,,,,,,,,木,,,,,,,,,,,,,,,,月,,,,,,,,,,,,,,,,,,,,,,,,,,,
城東区,今福西,2丁目,8番,上記以外,,,,,火金,,,,,,,,,,,,,,,,,,木,,,,,,,,,,,,,,,,月,,,,,,,,,,,,,,,,,,,,,,,,,,,
城東区,今福西,2丁目,9番,,,,,,火金,,,,,,,,,,,,,,,,,木,,,,,,,,,,,,,,,,,月,,,,,,,,,,,,,,,,,,,,,,,,,,,
城東区,今福西,2丁目,10番,,,,,,火金,,,,,,,,,,,,,,,,,,木,,,,,,,,,,,,,,,,月,,,,,,,,,,,,,,,,,,,,,,,,,,,
城東区,今福西,2丁目,11番,軽四輪車(小さい車)で収集している地域,,,,火金,,,,,,,,,,,,,,,,,,木,,,,,,,,,,,,,,,,月,,,,,,,,,,,,,,,,,,,,,,,,,,,,
城東区,今福西,2丁目,11番,上記以外,,,,,火金,,,,,,,,,,,,,,,,,木,,,,,,,,,,,,,,,,月,,,,,,,,,,,,,,,,,,,,,,,,,,,,
城東区,今福西,2丁目,12番,,,,,,火金,,,,,,,,,,,,,,,,,木,,,,,,,,,,,,,,,,月,,,,,,,,,,,,,,,,,,,,,,,,,,,,
城東区,今福西,2丁目,13番,,,,,,火金,,,,,,,,,,,,,,,,,木,,,,,,,,,,,,,,,,月,,,,,,,,,,,,,,,,,,,,,,,,,,,,
城東区,今福西,2丁目,14番,,,,,,火金,,,,,,,,,,,,,,,,,木,,,,,,,,,,,,,,,,月,,,,,,,,,,,,,,,,,,,,,,,,,,,,
城東区,今福西,2丁目,15番,,,,,,火金,,,,,,,,,,,,,,,,,木,,,,,,,,,,,,,,,,,月,,,,,,,,,,,,,,,,,,,,,,,,,,,
城東区,今福西,2丁目,16番,,,,,,火金,,,,,,,,,,,,,,,,,木,,,,,,,,,,,,,,,,月,,,,,,,,,,,,,,,,,,,,,,,,,,,,
城東区,今福西,2丁目,17番,,,,,,火金,,,,,,,,,,,,,,,,,,木,,,,,,,,,,,,,,,月,,,,,,,,,,,,,,,,,,,,,,,,,,,,
城東区,今福西,2丁目,18番,,,,,,火金,,,,,,,,,,,,,,,,,木,,,,,,,,,,,,,,,,,月,,,,,,,,,,,,,,,,,,,,,,,,,,,
城東区,今福西,3丁目,1番,軽四輪車(小さい車)で収集している地域,,,,火金,,,,,,,,,,,,,,,,,,水,,,,,,,,,,,,,,,,土,,,,,,,,,,,,,,,,,,,,,,,,,,,,
城東区,今福西,3丁目,1番,上記以外,,,,,火金,,,,,,,,,,,,,,,,,,,,,,,,,水,,,,,,,,,,,,,,,,土,,,,,,,,,,,,,,,,,,,,
城東区,今福西,3丁目,2番,,,,,,火金,,,,,,,,,,,,,,,,,,,,,,,,,水,,,,,,,,,,,,,,,,土,,,,,,,,,,,,,,,,,,,,
城東区,今福西,3丁目,3番,,,,,,火金,,,,,,,,,,,,,,,,,,,,,,,,,水,,,,,,,,,,,,,,,,土,,,,,,,,,,,,,,,,,,,,
城東区,今福西,3丁目,4番,,,,,,火金,,,,,,,,,,,,,,,,,,,,,,,,,水,,,,,,,,,,,,,,,,土,,,,,,,,,,,,,,,,,,,,
城東区,今福西,3丁目,5番,,,,,,火金,,,,,,,,,,,,,,,,,,,,,,,,,水,,,,,,,,,,,,,,,,土,,,,,,,,,,,,,,,,,,,,
城東区,今福西,3丁目,6番,軽四輪車(小さい車)で収集している地域,,,,火金,,,,,,,,,,,,,,,,,,水,,,,,,,,,,,,,,,,土,,,,,,,,,,,,,,,,,,,,,,,,,,,,
城東区,今福西,3丁目,6番,上記以外,,,,,火金,,,,,,,,,,,,,,,,,,,,,,,,,水,,,,,,,,,,,,,,,,土,,,,,,,,,,,,,,,,,,,,
城東区,今福西,3丁目,7番,軽四輪車(小さい車)で収集している地域,,,,火金,,,,,,,,,,,,,,,,,,水,,,,,,,,,,,,,,,,土,,,,,,,,,,,,,,,,,,,,,,,,,,,,
城東区,今福西,3丁目,7番,上記以外,,,,,火金,,,,,,,,,,,,,,,,,,,,,,,,,水,,,,,,,,,,,,,,,,土,,,,,,,,,,,,,,,,,,,,
城東区,今福西,3丁目,8番,軽四輪車(小さい車)で収集している地域,,,,火金,,,,,,,,,,,,,,,,,,水,,,,,,,,,,,,,,,,土,,,,,,,,,,,,,,,,,,,,,,,,,,,,
城東区,今福西,3丁目,8番,上記以外,,,,,火金,,,,,,,,,,,,,,,,,,,,,,,,,水,,,,,,,,,,,,,,,,土,,,,,,,,,,,,,,,,,,,,
城東区,今福西,3丁目,9番,軽四輪車(小さい車)で収集している地域,,,,火金,,,,,,,,,,,,,,,,,,,,,,,,,,水,,,,,,,,,,,,,,,,土,,,,,,,,,,,,,,,,,,,,
城東区,今福西,3丁目,9番,上記以外,,,,,火金,,,,,,,,,,,,,,,,,,,,,,,,,水,,,,,,,,,,,,,,,,土,,,,,,,,,,,,,,,,,,,,
城東区,今福西,3丁目,10番,軽四輪車(小さい車)で収集している地域,,,,火金,,,,,,,,,,,,,,,,,,水,,,,,,,,,,,,,,,,土,,,,,,,,,,,,,,,,,,,,,,,,,,,,
城東区,今福西,3丁目,10番,上記以外,,,,,火金,,,,,,,,,,,,,,,,,,,,,,,,,水,,,,,,,,,,,,,,,,土,,,,,,,,,,,,,,,,,,,,
城東区,今福西,3丁目,11番,軽四輪車(小さい車)で収集している地域,,,,,火金,,,,,,,,,,,,,,水,,,,,,,,,,,,,,,,土,,,,,,,,,,,,,,,,,,,,,,,,,,,,,,,
城東区,今福西,3丁目,11番,上記以外,,,,,火金,,,,,,,,,,,,,,,,,,,,,,,,,水,,,,,,,,,,,,,,,,土,,,,,,,,,,,,,,,,,,,,
城東区,今福西,3丁目,12番,軽四輪車(小さい車)で収集している地域,,,,,火金,,,,,,,,,,,,,,水,,,,,,,,,,,,,,,,土,,,,,,,,,,,,,,,,,,,,,,,,,,,,,,,
城東区,今福西,3丁目,12番,上記以外,,,,,火金,,,,,,,,,,,,,,,,,,,,,,,,,水,,,,,,,,,,,,,,,,土,,,,,,,,,,,,,,,,,,,,
城東区,今福西,3丁目,13番,軽四輪車(小さい車)で収集している地域,,,,火金,,,,,,,,,,,,,,,,,,,,,,,,,,水,,,,,,,,,,,,,,,,土,,,,,,,,,,,,,,,,,,,,
城東区,今福西,3丁目,13番,上記以外,,,,,火金,,,,,,,,,,,,,,,,,,,,,,,,,水,,,,,,,,,,,,,,,,土,,,,,,,,,,,,,,,,,,,,
城東区,今福西,3丁目,14番,軽四輪車(小さい車)で収集している地域,,,,火金,,,,,,,,,,,,,,,,,,水,,,,,,,,,,,,,,,,土,,,,,,,,,,,,,,,,,,,,,,,,,,,,
城東区,今福西,3丁目,14番,上記以外,,,,,火金,,,,,,,,,,,,,,,,,,,,,,,,,水,,,,,,,,,,,,,,,,土,,,,,,,,,,,,,,,,,,,,
城東区,今福西,3丁目,15番,軽四輪車(小さい車)で収集している地域,,,,火金,,,,,,,,,,,,,,,,,,水,,,,,,,,,,,,,,,,土,,,,,,,,,,,,,,,,,,,,,,,,,,,,
城東区,今福西,3丁目,15番,上記以外,,,,,火金,,,,,,,,,,,,,,,,,,,,,,,,,水,,,,,,,,,,,,,,,,土,,,,,,,,,,,,,,,,,,,,
城東区,今福西,4丁目,1番,軽四輪車(小さい車)で収集している地域,,,,火金,,,,,,,,,,,,,,,,,,水,,,,,,,,,,,,,,,,土,,,,,,,,,,,,,,,,,,,,,,,,,,,,
城東区,今福西,4丁目,1番,上記以外,,,,,火金,,,,,,,,,,,,,,,,,,,,,,,,,水,,,,,,,,,,,,,,,,土,,,,,,,,,,,,,,,,,,,,
城東区,今福西,4丁目,2番,,,,,,火金,,,,,,,,,,,,,,,,,,,,,,,,,水,,,,,,,,,,,,,,,,土,,,,,,,,,,,,,,,,,,,,
城東区,今福西,4丁目,3番,,,,,,火金,,,,,,,,,,,,,,,,,,,,,,,,,水,,,,,,,,,,,,,,,,土,,,,,,,,,,,,,,,,,,,,
城東区,今福西,4丁目,4番,,,,,,火金,,,,,,,,,,,,,,,,,,,,,,,,,水,,,,,,,,,,,,,,,,土,,,,,,,,,,,,,,,,,,,,
城東区,今福西,4丁目,5番,軽四輪車(小さい車)で収集している地域,,,,火金,,,,,,,,,,,,,,,,,,水,,,,,,,,,,,,,,,,土,,,,,,,,,,,,,,,,,,,,,,,,,,,,
城東区,今福西,4丁目,5番,上記以外,,,,,火金,,,,,,,,,,,,,,,,,,,,,,,,,水,,,,,,,,,,,,,,,,土,,,,,,,,,,,,,,,,,,,,
城東区,今福西,4丁目,6番,軽四輪車(小さい車)で収集している地域,,,,火金,,,,,,,,,,,,,,,,,,水,,,,,,,,,,,,,,,,土,,,,,,,,,,,,,,,,,,,,,,,,,,,,
城東区,今福西,4丁目,6番,上記以外,,,,,火金,,,,,,,,,,,,,,,,,,,,,,,,,水,,,,,,,,,,,,,,,,土,,,,,,,,,,,,,,,,,,,,
城東区,今福西,5丁目,1番,蒲生コーポ,,,,,火金,,,,,,,,,,,,,,,,,,,,,,,,,水,,,,,,,,,,,,,,,,土,,,,,,,,,,,,,,,,,,,,
城東区,今福西,5丁目,1番,上記以外,,,,,火金,,,,,,,,,,,,,,,,,,,,,,,,,水,,,,,,,,,,,,,,,,土,,,,,,,,,,,,,,,,,,,,
城東区,今福西,5丁目,2番,軽四輪車(小さい車)で収集している地域,,,,,火金,,,,,,,,,,,,,,水,,,,,,,,,,,,,,,,土,,,,,,,,,,,,,,,,,,,,,,,,,,,,,,,
城東区,今福西,5丁目,2番,上記以外,,,,,火金,,,,,,,,,,,,,,,,,,,,,,水,,,,,,,,,,,,,,,,土,,,,,,,,,,,,,,,,,,,,,,,
城東区,今福西,5丁目,3番,軽四輪車(小さい車)で収集している地域,,,,,火金,,,,,,,,,,,,,,水,,,,,,,,,,,,,,,,土,,,,,,,,,,,,,,,,,,,,,,,,,,,,,,,
城東区,今福西,5丁目,3番,上記以外,,,,,火金,,,,,,,,,,,,,,,,,,,,,,水,,,,,,,,,,,,,,,,土,,,,,,,,,,,,,,,,,,,,,,,
城東区,今福西,5丁目,4番,軽四輪車(小さい車)で収集している地域,,,,,火金,,,,,,,,,,,,,,水,,,,,,,,,,,,,,,,土,,,,,,,,,,,,,,,,,,,,,,,,,,,,,,,
城東区,今福西,5丁目,4番,上記以外,,,,,火金,,,,,,,,,,,,,,,,,,,,,,水,,,,,,,,,,,,,,,,土,,,,,,,,,,,,,,,,,,,,,,,
城東区,今福西,5丁目,5番,軽四輪車(小さい車)で収集している地域,,,,,火金,,,,,,,,,,,,,,水,,,,,,,,,,,,,,,,土,,,,,,,,,,,,,,,,,,,,,,,,,,,,,,,
城東区,今福西,5丁目,5番,上記以外,,,,,火金,,,,,,,,,,,,,,,,,,,,,,水,,,,,,,,,,,,,,,,土,,,,,,,,,,,,,,,,,,,,,,,
城東区,今福西,5丁目,6番,,,,,,火金,,,,,,,,,,,,,,,,,,,,,,水,,,,,,,,,,,,,,,,土,,,,,,,,,,,,,,,,,,,,,,,
城東区,今福西,5丁目,7番,軽四輪車(小さい車)で収集している地域,,,,,火金,,,,,,,,,,,,,,水,,,,,,,,,,,,,,,,土,,,,,,,,,,,,,,,,,,,,,,,,,,,,,,,
城東区,今福西,5丁目,7番,上記以外,,,,,火金,,,,,,,,,,,,,,,,,,,,,,,,,水,,,,,,,,,,,,,,,,土,,,,,,,,,,,,,,,,,,,,
城東区,今福西,5丁目,8番,,,,,,火金,,,,,,,,,,,,,,,,,,,,,,,,,水,,,,,,,,,,,,,,,,土,,,,,,,,,,,,,,,,,,,,
城東区,今福西,5丁目,9番,軽四輪車(小さい車)で収集している地域,,,,火金,,,,,,,,,,,,,,,,,,水,,,,,,,,,,,,,,,,土,,,,,,,,,,,,,,,,,,,,,,,,,,,,
城東区,今福西,5丁目,9番,上記以外,,,,,火金,,,,,,,,,,,,,,,,,,,,,,,,,水,,,,,,,,,,,,,,,,土,,,,,,,,,,,,,,,,,,,,
城東区,今福西,5丁目,10番,軽四輪車(小さい車)で収集している地域,,,,火金,,,,,,,,,,,,,,,,,,水,,,,,,,,,,,,,,,,土,,,,,,,,,,,,,,,,,,,,,,,,,,,,
城東区,今福西,5丁目,10番,上記以外,,,,,火金,,,,,,,,,,,,,,,,,,,,,,,,,水,,,,,,,,,,,,,,,,土,,,,,,,,,,,,,,,,,,,,
城東区,今福西,5丁目,11番,軽四輪車(小さい車)で収集している地域,,,,火金,,,,,,,,,,,,,,,,,,水,,,,,,,,,,,,,,,,土,,,,,,,,,,,,,,,,,,,,,,,,,,,,
城東区,今福西,5丁目,11番,上記以外,,,,,火金,,,,,,,,,,,,,,,,,,,,,,,,,水,,,,,,,,,,,,,,,,土,,,,,,,,,,,,,,,,,,,,
城東区,今福西,5丁目,12番,軽四輪車(小さい車)で収集している地域,,,,火金,,,,,,,,,,,,,,,,,,水,,,,,,,,,,,,,,,,土,,,,,,,,,,,,,,,,,,,,,,,,,,,,
城東区,今福西,5丁目,12番,上記以外,,,,,火金,,,,,,,,,,,,,,,,,,,,,,,,,水,,,,,,,,,,,,,,,,土,,,,,,,,,,,,,,,,,,,,
城東区,今福西,5丁目,13番,軽四輪車(小さい車)で収集している地域,,,,火金,,,,,,,,,,,,,,,,,,水,,,,,,,,,,,,,,,,土,,,,,,,,,,,,,,,,,,,,,,,,,,,,
城東区,今福西,5丁目,13番,上記以外,,,,,火金,,,,,,,,,,,,,,,,,,,,,,,,,水,,,,,,,,,,,,,,,,土,,,,,,,,,,,,,,,,,,,,
城東区,今福西,6丁目,1番,軽四輪車(小さい車)で収集している地域,,,,火金,,,,,,,,,,,,,,,,,,水,,,,,,,,,,,,,,,,土,,,,,,,,,,,,,,,,,,,,,,,,,,,,
城東区,今福西,6丁目,1番,上記以外,,,,,火金,,,,,,,,,,,,,,,,,,,,,,,,,水,,,,,,,,,,,,,,,,土,,,,,,,,,,,,,,,,,,,,
城東区,今福西,6丁目,2番,,,,,,火金,,,,,,,,,,,,,,,,,,,,,,,,,水,,,,,,,,,,,,,,,,土,,,,,,,,,,,,,,,,,,,木,
城東区,今福西,6丁目,3番,,,,,,火金,,,,,,,,,,,,,,,,,,,,,,,,,水,,,,,,,,,,,,,,,,土,,,,,,,,,,,,,,,,,,,木,
城東区,今福西,6丁目,4番,,,,,,火金,,,,,,,,,,,,,,,,,,,,,,,,,水,,,,,,,,,,,,,,,,土,,,,,,,,,,,,,,,,,,,,
城東区,今福西,6丁目,6番,軽四輪車(小さい車)で収集している地域,,,,,火金,,,,,,,,,,,,,,,,,水,,,,,,,,,,,,,,,,土,,,,,,,,,,,,,,,,,,,,,,,,,,,,
城東区,今福西,6丁目,6番,上記以外,,,,,火金,,,,,,,,,,,,,,,,,,,,,,,,,水,,,,,,,,,,,,,,,,土,,,,,,,,,,,,,,,,,,,,
城東区,今福西,6丁目,7番,,,,,,火金,,,,,,,,,,,,,,,,,,,,,,,,,水,,,,,,,,,,,,,,,,土,,,,,,,,,,,,,,,,,,,,
城東区,今福西,6丁目,8番,,,,,,火金,,,,,,,,,,,,,,,,,,,,,,,,,水,,,,,,,,,,,,,,,,土,,,,,,,,,,,,,,,,,,,,
城東区,今福西,6丁目,9番,,,,,,火金,,,,,,,,,,,,,,,,,,,,,,,,,水,,,,,,,,,,,,,,,,土,,,,,,,,,,,,,,,,,,,木,
城東区,今福西,6丁目,10番,,,,,,火金,,,,,,,,,,,,,,,,,,,,,,,,,水,,,,,,,,,,,,,,,,土,,,,,,,,,,,,,,,,,,,木,
城東区,今福東,1丁目,1番,,,,,,火金,,,,,,,,,,,,,,,,,,,,,月,,,,,,,,,,,,,,木,,,,,,,,,,,,,,,,,,,,,,,,,水,
城東区,今福東,1丁目,2番,,,,,,火金,,,,,,,,,,,,,,,,,,,,,月,,,,,,,,,,,,,,木,,,,,,,,,,,,,,,,,,,,,,,,,水,
城東区,今福東,1丁目,4番,カサーレ城東ガーデンプレイスト,,,,火金,,,,,,,,,,,,,,,,,,,,,月,,,,,,,,,,,,,,,,木,,,,,,,,,,,,,,,,,,,,,,,,水,
城東区,今福東,1丁目,4番,上記以外,,,,,火金,,,,,,,,,,,,,,,,,,,,月,,,,,,,,,,,,,,,,木,,,,,,,,,,,,,,,,,,,,,,,,水,
城東区,今福東,1丁目,6番,,,,,,火金,,,,,,,,,,,,,,,,,,,,,月,,,,,,,,,,,,,,木,,,,,,,,,,,,,,,,,,,,,,,,,水,
城東区,今福東,1丁目,7番,,,,,,火金,,,,,,,,,,,,,,,,,,,,,月,,,,,,,,,,,,,,木,,,,,,,,,,,,,,,,,,,,,,,,,水,
城東区,今福東,1丁目,8番,,,,,,火金,,,,,,,,,,,,,,,,,,,,月,,,,,,,,,,,,,,,,木,,,,,,,,,,,,,,,,,,,,,,,,水,
城東区,今福東,1丁目,10番,,,,,,火金,,,,,,,,,,,,,,,,,,,,月,,,,,,,,,,,,,,,,木,,,,,,,,,,,,,,,,,,,,,,,,水,
城東区,今福東,1丁目,11番,,,,,,火金,,,,,,,,,,,,,,,,,,,,,月,,,,,,,,,,,,,,,木,,,,,,,,,,,,,,,,,,,,,,,,水,
城東区,今福東,1丁目,12番,,,,,,火金,,,,,,,,,,,,,,,,,,,,,月,,,,,,,,,,,,,,,木,,,,,,,,,,,,,,,,,,,,,,,,水,
城東区,今福東,1丁目,13番,,,,,,火金,,,,,,,,,,,,,,,,,,,,月,,,,,,,,,,,,,,,,木,,,,,,,,,,,,,,,,,,,,,,,,水,
城東区,今福東,1丁目,14番,,,,,,火金,,,,,,,,,,,,,,,,,,,,月,,,,,,,,,,,,,,,,木,,,,,,,,,,,,,,,,,,,,,,,,水,
城東区,今福東,2丁目,1番,軽四輪車(小さい車)で収集している地域,,,,火金,,,,,,,,,,,,,,,,,,,,,,,,,,,,,月,,,,,,,,,,,,,,,,,木,,,,,,,,,,,,,木,,,
城東区,今福東,2丁目,1番,上記以外,,,,,火金,,,,,,,,,,,,,,,,,,,,,,,,,,,,月,,,,,,,,,,,,,,,,,木,,,,,,,,,,,,,木,,,
城東区,今福東,2丁目,2番,,,,,,火金,,,,,,,,,,,,,,,,,,,,,,,,,,,月,,,,,,,,,,,,,,,,,,木,,,,,,,,,,,,,,,木,
城東区,今福東,2丁目,3番,,,,,,火金,,,,,,,,,,,,,,,,,,,,月,,,,,,,,,,,,,,,,木,,,,,,,,,,,,,,,,,,,,,,,木,,
城東区,今福東,2丁目,4番,,,,,,火金,,,,,,,,,,,,,,,,,,,,,,,,,,,,月,,,,,,,,,,,,,,,,,木,,,,,,,,,,,,,,木,,
城東区,今福東,2丁目,5番,軽四輪車(小さい車)で収集している地域,,,,火金,,,,,,,,,,,,,,,,,,,,,,,,,,,,,月,,,,,,,,,,,,,,,,,木,,,,,,,,,,,,,木,,,
城東区,今福東,2丁目,5番,上記以外,,,,,火金,,,,,,,,,,,,,,,,,,,,,,,,,,,,,月,,,,,,,,,,,,,,,木,,,,,,,,,,,,,,木,,,
城東区,今福東,2丁目,6番,軽四輪車(小さい車)で収集している地域,,,,火金,,,,,,,,,,,,,,,,,,,,,月,,,,,,,,,,,,,,,,木,,,,,,,,,,,,,,,,,,,,,,木,,,
城東区,今福東,2丁目,6番,上記以外,,,,,火金,,,,,,,,,,,,,,,,,,,,月,,,,,,,,,,,,,,,,木,,,,,,,,,,,,,,,,,,,,,,木,,,
城東区,今福東,2丁目,7番,軽四輪車(小さい車)で収集している地域,,,,火金,,,,,,,,,,,,,,,,,,,,,,,,,,,,,,月,,,,,,,,,,,,,,,,木,,,,,,,,,,,,,木,,,
城東区,今福東,2丁目,7番,上記以外,,,,,火金,,,,,,,,,,,,,,,,,,,,,,,,,,,,,月,,,,,,,,,,,,,,,,木,,,,,,,,,,,,,木,,,
城東区,今福東,2丁目,8番,,,,,,火金,,,,,,,,,,,,,,,,,,,,,,,,,,,,月,,,,,,,,木,,,,,,,,,,,,,,,,,,,,,,木,,,
城東区,今福東,2丁目,9番,軽四輪車(小さい車)で収集している地域,,,,火金,,,,,,,,,,,,,,,,,,,,,,,,,,,,,月,,,,,,,,,,,,,,,,,木,,,,,,,,,,,,,,,木,
城東区,今福東,2丁目,9番,上記以外,,,,,火金,,,,,,,,,,,,,,,,,,,,月,,,,,,,,,,,,,,,,木,,,,,,,,,,,,,,,,,,,,,,,,木,
城東区,今福東,2丁目,10番,,,,,,火金,,,,,,,,,,,,,,,,,,,,月,,,,,,,,,,,,,,,,木,,,,,,,,,,,,,,,,,,,,,,,,木,
城東区,今福東,2丁目,12番,,,,,,火金,,,,,,,,,,,,,,,,,,,,月,,,,,,,,,,,,,,,,木,,,,,,,,,,,,,,,,,,,,,,,,木,
城東区,今福東,2丁目,13番,,,,,,火金,,,,,,,,,,,,,,,,,,,,月,,,,,,,,,,,,,,,,木,,,,,,,,,,,,,,,,,,,,,,,,木,
城東区,今福東,2丁目,15番,,,,,,火金,,,,,,,,,,,,,,,,,,,,月,,,,,,,,,,,,,,,木,,,,,,,,,,,,,,,,,,,,,,,,,木,
城東区,今福東,3丁目,1番,ネオハイツ城東,,,,,火金,,,,,,,,,,,,,,,,,,,,,,,,,,,月,,,,,,,,,,,,,,,,木,,,,,,,,,,,,,,,木,,,
城東区,今福東,3丁目,1番,上記以外,,,,,火金,,,,,,,,,,,,,,,,,,,,月,,,,,,,,,,,,,,,,,,,,,,,,,木,,,,,,,,,,,,,木,,,
城東区,今福東,3丁目,2番,,,,,,火金,,,,,,,,,,,,,,,,,,,,,,,,,,,月,,,,,,,,,,,,,,,,木,,,,,,,,,,,,,,,木,,,
城東区,今福東,3丁目,3番,,,,,,火金,,,,,,,,,,,,,,,,,,,,,,,,,,,月,,,,,,,,,,,,,,,,木,,,,,,,,,,,,,,,木,,,
城東区,今福東,3丁目,4番,,,,,,火金,,,,,,,,,,,,,,,,,,,,,,,,,,,,月,,,,,,,,木,,,,,,,,,,,,,,,,,,,,,,,木,,
城東区,今福東,3丁目,5番,,,,,,火金,,,,,,,,,,,,,,,,,,,,,,,,,,,月,,,,,,,,,,,,,,,,,,木,,,,,,,,,,,,,木,,,
城東区,今福東,3丁目,6番,,,,,,火金,,,,,,,,,,,,,,,,,,,,,,,,,,,月,,,,,,,,,,,,,,,,,,木,,,,,,,,,,,,,木,,,
城東区,今福東,3丁目,7番,,,,,,火金,,,,,,,,,,,,,,,,,,,,月,,,,,,,,,,,,,,,,木,,,,,,,,,,,,,,,,,,,,,,,,木,
城東区,今福東,3丁目,8番,,,,,,火金,,,,,,,,,,,,,,,,,,,,,,,,,,,,月,,,,,,,,,,,,,,,,,木,,,,,,,,,,,,,,,木,
城東区,今福東,3丁目,9番,,,,,,火金,,,,,,,,,,,,,,,,,,,,,,,,,,,,月,,,,,,,,,,,,,,,,木,,,,,,,,,,,,,,木,,,
城東区,今福東,3丁目,10番,,,,,,火金,,,,,,,,,,,,,,,,,,,,月,,,,,,,,,,,,,,,,,,,,,,,,,木,,,,,,,,,,,,,木,,,
城東区,今福東,3丁目,11番,,,,,,火金,,,,,,,,,,,,,,,,,,,,,,,,,,,,月,,,,,,,,木,,,,,,,,,,,,,,,,,,,,,,,木,,
城東区,今福東,3丁目,12番,,,,,,火金,,,,,,,,,,,,,,,,,,,,,,,,,,,月,,,,,,,,,木,,,,,,,,,,,,,,,,,,,,,,,木,,
城東区,今福東,3丁目,13番,,,,,,火金,,,,,,,,,,,,,,,,,,,,,,,,,,,,月,,,,,,,,,,,,,,,,,木,,,,,,,,,,,,,,,木,
城東区,今福東,3丁目,14番,,,,,,火金,,,,,,,,,,,,,,,,,,,,,,,,,,,,月,,,,,,,,,,,,,,,,,木,,,,,,,,,,,,,,,木,
城東区,今福東,3丁目,15番,ハイネス今福,,,,,火金,,,,,,,,,,,,,,,,,,,月,,,,,,,,,,,,,,,,木,,,,,,,,,,,,,,,,,,,,,,,,木,,
城東区,今福東,3丁目,15番,上記以外,,,,,火金,,,,,,,,,,,,,,,,,,,,,,,,,,,,月,,,,,,,,,,,,,,,,,木,,,,,,,,,,,,,,,木,
城東区,今福東,3丁目,16番,,,,,,火金,,,,,,,,,,,,,,,,,,,,月,,,,,,,,,,,,,,,木,,,,,,,,,,,,,,,,,,,,,,,,,木,
城東区,今福東,3丁目,17番,,,,,,火金,,,,,,,,,,,,,,,,,,,,,,,,,,月,,,,,,,,,,,木,,,,,,,,,,,,,,,,,,,,,,木,,
城東区,今福南,1丁目,1番,,,,,,火金,,,,,,,,,,,,,,,,,水,,,,,,,,,,,,,,,,土,,,,,,,,,,,,,,,,,,,,,,,,,,,,
城東区,今福南,1丁目,2番,,,,,,火金,,,,,,,,,,,,,,,,,水,,,,,,,,,,,,,,,,土,,,,,,,,,,,,,,,,,,,,,,,,,,,,
城東区,今福南,1丁目,3番,軽四輪車(小さい車)で収集している地域,,,,火金,,,,,,,,,,,,,,,,,,水,,,,,,,,,,,,,,,,土,,,,,,,,,,,,,,,,,,,,,,,,,,,,
城東区,今福南,1丁目,3番,上記以外,,,,,火金,,,,,,,,,,,,,,,,,水,,,,,,,,,,,,,,,,土,,,,,,,,,,,,,,,,,,,,,,,,,,,,
城東区,今福南,1丁目,4番,軽四輪車(小さい車)で収集している地域,,,,火金,,,,,,,,,,,,,,,,,,水,,,,,,,,,,,,,,,,土,,,,,,,,,,,,,,,,,,,,,,,,,,,,
城東区,今福南,1丁目,4番,上記以外,,,,,火金,,,,,,,,,,,,,,,,,水,,,,,,,,,,,,,,,,土,,,,,,,,,,,,,,,,,,,,,,,,,,,,
城東区,今福南,1丁目,5番,軽四輪車(小さい車)で収集している地域,,,,火金,,,,,,,,,,,,,,,,,,水,,,,,,,,,,,,,,,,土,,,,,,,,,,,,,,,,,,,,,,,,,,,,
城東区,今福南,1丁目,5番,上記以外,,,,,火金,,,,,,,,,,,,,,,,,水,,,,,,,,,,,,,,,,土,,,,,,,,,,,,,,,,,,,,,,,,,,,,
城東区,今福南,1丁目,6番,軽四輪車(小さい車)で収集している地域,,,,火金,,,,,,,,,,,,,,,,,,水,,,,,,,,,,,,,,,,土,,,,,,,,,,,,,,,,,,,,,,,,,,,,
城東区,今福南,1丁目,6番,上記以外,,,,,火金,,,,,,,,,,,,,,,,,水,,,,,,,,,,,,,,,,土,,,,,,,,,,,,,,,,,,,,,,,,,,,,
城東区,今福南,1丁目,7番,軽四輪車(小さい車)で収集している地域,,,,火金,,,,,,,,,,,,,,,,,,水,,,,,,,,,,,,,,,,土,,,,,,,,,,,,,,,,,,,,,,,,,,,,
城東区,今福南,1丁目,7番,上記以外,,,,,火金,,,,,,,,,,,,,,,,,水,,,,,,,,,,,,,,,,土,,,,,,,,,,,,,,,,,,,,,,,,,,,,
城東区,今福南,1丁目,8番,5号ドムス蒲生,,,,,火金,,,,,,,,,,,,,,,,,水,,,,,,,,,,,,,,,,土,,,,,,,,,,,,,,,,,,,,,,,,,,,,
城東区,今福南,1丁目,8番,上記以外,,,,,火金,,,,,,,,,,,,,,,,,水,,,,,,,,,,,,,,,,土,,,,,,,,,,,,,,,,,,,,,,,,,,,,
城東区,今福南,1丁目,9番,,,,,,火金,,,,,,,,,,,,,,,,,水,,,,,,,,,,,,,,,,土,,,,,,,,,,,,,,,,,,,,,,,,,,,,
城東区,今福南,2丁目,1番,軽四輪車(小さい車)で収集している地域,,,,火金,,,,,,,,,,,,,,,,,,水,,,,,,,,,,,,,,,,土,,,,,,,,,,,,,,,,,,,,,,,,,,,,
城東区,今福南,2丁目,1番,上記以外,,,,,火金,,,,,,,,,,,,,,,,,水,,,,,,,,,,,,,,,,土,,,,,,,,,,,,,,,,,,,,,,,,,,,,
城東区,今福南,2丁目,2番,軽四輪車(小さい車)で収集している地域,,,,火金,,,,,,,,,,,,,,,,,,水,,,,,,,,,,,,,,,,土,,,,,,,,,,,,,,,,,,,,,,,,,,,,
城東区,今福南,2丁目,2番,上記以外,,,,,火金,,,,,,,,,,,,,,,,,水,,,,,,,,,,,,,,,,土,,,,,,,,,,,,,,,,,,,,,,,,,,,,
城東区,今福南,2丁目,3番,軽四輪車(小さい車)で収集している地域,,,,火金,,,,,,,,,,,,,,,,,,水,,,,,,,,,,,,,,,,土,,,,,,,,,,,,,,,,,,,,,,,,,,,,
城東区,今福南,2丁目,3番,上記以外,,,,,火金,,,,,,,,,,,,,,,,,水,,,,,,,,,,,,,,,,土,,,,,,,,,,,,,,,,,,,,,,,,,,,,
城東区,今福南,2丁目,4番,軽四輪車(小さい車)で収集している地域,,,,火金,,,,,,,,,,,,,,,,,,水,,,,,,,,,,,,,,,,土,,,,,,,,,,,,,,,,,,,,,,,,,,,,
城東区,今福南,2丁目,4番,上記以外,,,,,火金,,,,,,,,,,,,,,,,,水,,,,,,,,,,,,,,,,土,,,,,,,,,,,,,,,,,,,,,,,,,,,,
城東区,今福南,2丁目,5番,軽四輪車(小さい車)で収集している地域,,,,火金,,,,,,,,,,,,,,,,,,水,,,,,,,,,,,,,,,,土,,,,,,,,,,,,,,,,,,,,,,,,,,,,
城東区,今福南,2丁目,5番,上記以外,,,,,火金,,,,,,,,,,,,,,,,,水,,,,,,,,,,,,,,,,土,,,,,,,,,,,,,,,,,,,,,,,,,,,,
城東区,今福南,2丁目,6番,軽四輪車(小さい車)で収集している地域,,,,火金,,,,,,,,,,,,,,,,,,水,,,,,,,,,,,,,,,,土,,,,,,,,,,,,,,,,,,,,,,,,,,,,
城東区,今福南,2丁目,6番,上記以外,,,,,火金,,,,,,,,,,,,,,,,,水,,,,,,,,,,,,,,,,土,,,,,,,,,,,,,,,,,,,,,,,,,,,,
城東区,今福南,2丁目,7番,軽四輪車(小さい車)で収集している地域,,,,火金,,,,,,,,,,,,,,,,,,水,,,,,,,,,,,,,,,,土,,,,,,,,,,,,,,,,,,,,,,,,,,,,
城東区,今福南,2丁目,7番,上記以外,,,,,火金,,,,,,,,,,,,,,,,,水,,,,,,,,,,,,,,,,土,,,,,,,,,,,,,,,,,,,,,,,,,,,,
城東区,今福南,2丁目,8番,軽四輪車(小さい車)で収集している地域,,,,火金,,,,,,,,,,,,,,,,,,水,,,,,,,,,,,,,,,,土,,,,,,,,,,,,,,,,,,,,,,,,,,,,
城東区,今福南,2丁目,8番,上記以外,,,,,火金,,,,,,,,,,,,,,,,,水,,,,,,,,,,,,,,,,土,,,,,,,,,,,,,,,,,,,,,,,,,,,,
城東区,今福南,2丁目,9番,軽四輪車(小さい車)で収集している地域,,,,火金,,,,,,,,,,,,,,,,,,水,,,,,,,,,,,,,,,,土,,,,,,,,,,,,,,,,,,,,,,,,,,,,
城東区,今福南,2丁目,9番,上記以外,,,,,火金,,,,,,,,,,,,,,,,,水,,,,,,,,,,,,,,,,土,,,,,,,,,,,,,,,,,,,,,,,,,,,,
城東区,今福南,2丁目,10番,,,,,,火金,,,,,,,,,,,,,,,,,水,,,,,,,,,,,,,,,,土,,,,,,,,,,,,,,,,,,,,,,,,,,,,
城東区,今福南,2丁目,11番,,,,,,火金,,,,,,,,,,,,,,,,,水,,,,,,,,,,,,,,,,土,,,,,,,,,,,,,,,,,,,,,,,,,,,,
城東区,今福南,2丁目,12番,,,,,,火金,,,,,,,,,,,,,,,,,水,,,,,,,,,,,,,,,,土,,,,,,,,,,,,,,,,,,,,,,,,,,,,
城東区,今福南,2丁目,13番,軽四輪車(小さい車)で収集している地域,,,,火金,,,,,,,,,,,,,,,,,,水,,,,,,,,,,,,,,,,土,,,,,,,,,,,,,,,,,,,,,,,,,,,,
城東区,今福南,2丁目,13番,上記以外,,,,,火金,,,,,,,,,,,,,,,,,水,,,,,,,,,,,,,,,,土,,,,,,,,,,,,,,,,,,,,,,,,,,,,
城東区,今福南,2丁目,14番,軽四輪車(小さい車)で収集している地域,,,,火金,,,,,,,,,,,,,,,,,,水,,,,,,,,,,,,,,,,土,,,,,,,,,,,,,,,,,,,,,,,,,,,,
城東区,今福南,2丁目,14番,上記以外,,,,,火金,,,,,,,,,,,,,,,,,水,,,,,,,,,,,,,,,,土,,,,,,,,,,,,,,,,,,,,,,,,,,,,
城東区,今福南,2丁目,15番,軽四輪車(小さい車)で収集している地域,,,,火金,,,,,,,,,,,,,,,,,,水,,,,,,,,,,,,,,,,土,,,,,,,,,,,,,,,,,,,,,,,,,,,,
城東区,今福南,2丁目,15番,上記以外,,,,,火金,,,,,,,,,,,,,,,,,水,,,,,,,,,,,,,,,,土,,,,,,,,,,,,,,,,,,,,,,,,,,,,
城東区,今福南,2丁目,16番,軽四輪車(小さい車)で収集している地域,,,,火金,,,,,,,,,,,,,,,,,,水,,,,,,,,,,,,,,,,土,,,,,,,,,,,,,,,,,,,,,,,,,,,,
城東区,今福南,2丁目,16番,上記以外,,,,,火金,,,,,,,,,,,,,,,,,水,,,,,,,,,,,,,,,,土,,,,,,,,,,,,,,,,,,,,,,,,,,,,
城東区,今福南,2丁目,17番,軽四輪車(小さい車)で収集している地域,,,,火金,,,,,,,,,,,,,,,,,,水,,,,,,,,,,,,,,,,土,,,,,,,,,,,,,,,,,,,,,,,,,,,,
城東区,今福南,2丁目,17番,上記以外,,,,,火金,,,,,,,,,,,,,,,,,水,,,,,,,,,,,,,,,,土,,,,,,,,,,,,,,,,,,,,,,,,,,,,
城東区,今福南,2丁目,18番,軽四輪車(小さい車)で収集している地域,,,,火金,,,,,,,,,,,,,,,,,,水,,,,,,,,,,,,,,,,土,,,,,,,,,,,,,,,,,,,,,,,,,,,,
城東区,今福南,2丁目,18番,上記以外,,,,,火金,,,,,,,,,,,,,,,,,水,,,,,,,,,,,,,,,,土,,,,,,,,,,,,,,,,,,,,,,,,,,,,
城東区,今福南,2丁目,19番,軽四輪車(小さい車)で収集している地域,,,,火金,,,,,,,,,,,,,,,,,,水,,,,,,,,,,,,,,,,土,,,,,,,,,,,,,,,,,,,,,,,,,,,,
城東区,今福南,2丁目,19番,上記以外,,,,,火金,,,,,,,,,,,,,,,,,水,,,,,,,,,,,,,,,,土,,,,,,,,,,,,,,,,,,,,,,,,,,,,
城東区,今福南,2丁目,20番,軽四輪車(小さい車)で収集している地域,,,,火金,,,,,,,,,,,,,,,水,,,,,,,,,,,,,,,,土,,,,,,,,,,,,,,,,,,,,,,,,,,,,,,,
城東区,今福南,2丁目,20番,上記以外,,,,,火金,,,,,,,,,,,,,,,,,水,,,,,,,,,,,,,,,,土,,,,,,,,,,,,,,,,,,,,,,,,,,,,
城東区,今福南,2丁目,21番,軽四輪車(小さい車)で収集している地域,,,,火金,,,,,,,,,,,,,,,水,,,,,,,,,,,,,,,,土,,,,,,,,,,,,,,,,,,,,,,,,,,,,,,,
城東区,今福南,2丁目,21番,上記以外,,,,,火金,,,,,,,,,,,,,,,,,水,,,,,,,,,,,,,,,,土,,,,,,,,,,,,,,,,,,,,,,,,,,,,
城東区,今福南,2丁目,22番,軽四輪車(小さい車)で収集している地域,,,,火金,,,,,,,,,,,,,,,,,,水,,,,,,,,,,,,,,,,土,,,,,,,,,,,,,,,,,,,,,,,,,,,,
城東区,今福南,2丁目,22番,上記以外,,,,,火金,,,,,,,,,,,,,,,,,水,,,,,,,,,,,,,,,,土,,,,,,,,,,,,,,,,,,,,,,,,,,,,
城東区,今福南,2丁目,23番,軽四輪車(小さい車)で収集している地域,,,,火金,,,,,,,,,,,,,,,,,,水,,,,,,,,,,,,,,,,土,,,,,,,,,,,,,,,,,,,,,,,,,,,,
城東区,今福南,2丁目,23番,上記以外,,,,,火金,,,,,,,,,,,,,,,,,水,,,,,,,,,,,,,,,,土,,,,,,,,,,,,,,,,,,,,,,,,,,,,
城東区,今福南,3丁目,1番,軽四輪車(小さい車)で収集している地域,,,,火金,,,,,,,,,,,,,,,水,,,,,,,,,,,,,,,,土,,,,,,,,,,,,,,,,,,,,,,,,,,,,,,,
城東区,今福南,3丁目,1番,上記以外,,,,,火金,,,,,,,,,,,,,,,,,水,,,,,,,,,,,,,,,,土,,,,,,,,,,,,,,,,,,,,,,,,,,,,
城東区,今福南,3丁目,2番,軽四輪車(小さい車)で収集している地域,,,,火金,,,,,,,,,,,,,,,水,,,,,,,,,,,,,,,,土,,,,,,,,,,,,,,,,,,,,,,,,,,,,,,,
城東区,今福南,3丁目,2番,上記以外,,,,,火金,,,,,,,,,,,,,,,,,水,,,,,,,,,,,,,,,,土,,,,,,,,,,,,,,,,,,,,,,,,,,,,
城東区,今福南,4丁目,1番,,,,,,火金,,,,,,,,,,,,,,,,,水,,,,,,,,,,,,,,,,土,,,,,,,,,,,,,,,,,,,,,,,,,,,,
城東区,今福南,4丁目,2番,,,,,,火金,,,,,,,,,,,,,,,,,水,,,,,,,,,,,,,,,,土,,,,,,,,,,,,,,,,,,,,,,,,,,,,
城東区,今福南,4丁目,3番,,,,,,火金,,,,,,,,,,,,,,,,,水,,,,,,,,,,,,,,,,土,,,,,,,,,,,,,,,,,,,,,,,,,,,,
城東区,今福南,4丁目,4番,,,,,,火金,,,,,,,,,,,,,,,,,水,,,,,,,,,,,,,,,,土,,,,,,,,,,,,,,,,,,,,,,,,,,,,
城東区,今福南,4丁目,5番,,,,,,火金,,,,,,,,,,,,,,,,,水,,,,,,,,,,,,,,,,土,,,,,,,,,,,,,,,,,,,,,,,,,,,,
城東区,今福南,4丁目,6番,,,,,,火金,,,,,,,,,,,,,,,,,水,,,,,,,,,,,,,,,,土,,,,,,,,,,,,,,,,,,,,,,,,,,,,
城東区,今福南,4丁目,7番,,,,,,火金,,,,,,,,,,,,,,,,,水,,,,,,,,,,,,,,,,土,,,,,,,,,,,,,,,,,,,,,,,,,,,,
城東区,今福南,4丁目,8番,,,,,,火金,,,,,,,,,,,,,,,,,水,,,,,,,,,,,,,,,,土,,,,,,,,,,,,,,,,,,,,,,,,,,,,
城東区,今福南,4丁目,9番,,,,,,火金,,,,,,,,,,,,,,,,,水,,,,,,,,,,,,,,,,土,,,,,,,,,,,,,,,,,,,,,,,,,,,,
城東区,今福南,4丁目,10番,,,,,,火金,,,,,,,,,,,,,,,,,水,,,,,,,,,,,,,,,,土,,,,,,,,,,,,,,,,,,,,,,,,,,,,
城東区,今福南,4丁目,11番,,,,,,火金,,,,,,,,,,,,,,,,,水,,,,,,,,,,,,,,,,土,,,,,,,,,,,,,,,,,,,,,,,,,,,,
城東区,今福南,4丁目,12番,,,,,,火金,,,,,,,,,,,,,,,,,水,,,,,,,,,,,,,,,,土,,,,,,,,,,,,,,,,,,,,,,,,,,,,
城東区,今福南,4丁目,13番,,,,,,火金,,,,,,,,,,,,,,,,,水,,,,,,,,,,,,,,,,土,,,,,,,,,,,,,,,,,,,,,,,,,,,,
城東区,今福南,4丁目,14番,,,,,,火金,,,,,,,,,,,,,,,,,水,,,,,,,,,,,,,,,,土,,,,,,,,,,,,,,,,,,,,,,,,,,,,
城東区,今福南,4丁目,15番,,,,,,火金,,,,,,,,,,,,,,,,,水,,,,,,,,,,,,,,,,土,,,,,,,,,,,,,,,,,,,,,,,,,,,,
城東区,蒲生,1丁目,1番,,,,,水土,,,,,,,,,,,,,,,,,,木,,,,,,,,,,,,,,,,月,,,,,,,,,,,,,,,,,,,,,,,,,,,,
城東区,蒲生,1丁目,2番,,,,,水土,,,,,,,,,,,,,,,,,,木,,,,,,,,,,,,,,,,月,,,,,,,,,,,,,,,,,,,,,,,,,,,,
城東区,蒲生,1丁目,3番,,,,,水土,,,,,,,,,,,,,,,,,,木,,,,,,,,,,,,,,,,月,,,,,,,,,,,,,,,,,,,,,,,,,,,,
城東区,蒲生,1丁目,4番,,,,,水土,,,,,,,,,,,,,,,,,,木,,,,,,,,,,,,,,,,,月,,,,,,,,,,,,,,,,,,,,,,,,,,,
城東区,蒲生,1丁目,5番,,,,,水土,,,,,,,,,,,,,,,,,,木,,,,,,,,,,,,,,,,,月,,,,,,,,,,,,,,,,,,,,,,,,,,,
城東区,蒲生,1丁目,6番,,,,,水土,,,,,,,,,,,,,,,,,,,木,,,,,,,,,,,,,,,,月,,,,,,,,,,,,,,,,,,,,,,,,,,,
城東区,蒲生,1丁目,7番,,,,,水土,,,,,,,,,,,,,,,,,,,木,,,,,,,,,,,,,,,,月,,,,,,,,,,,,,,,,,,,,,,,,,,,
城東区,蒲生,1丁目,8番,軽四輪車(小さい車)で収集している地域,,,,,水土,,,,,,,,,,,,,,,,,,木,,,,,,,,,,,,,,,,月,,,,,,,,,,,,,,,,,,,,,,,,,,,
城東区,蒲生,1丁目,8番,上記以外,,,,水土,,,,,,,,,,,,,,,,,,木,,,,,,,,,,,,,,,,,月,,,,,,,,,,,,,,,,,,,,,,,,,,,
城東区,蒲生,1丁目,10番,軽四輪車(小さい車)で収集している地域,,,,,水土,,,,,,,,,,,,,,,,,,木,,,,,,,,,,,,,,,,月,,,,,,,,,,,,,,,,,,,,,,,,,,,
城東区,蒲生,1丁目,10番,上記以外,,,,水土,,,,,,,,,,,,,,,,,,,木,,,,,,,,,,,,,,,,月,,,,,,,,,,,,,,,,,,,,,,,,,,,
城東区,蒲生,1丁目,11番,軽四輪車(小さい車)で収集している地域,,,,,水土,,,,,,,,,,,,,,,,,木,,,,,,,,,,,,,,,,,月,,,,,,,,,,,,,,,,,,,,,,,,,,,
城東区,蒲生,1丁目,11番,上記以外,,,,水土,,,,,,,,,,,,,,,,,,木,,,,,,,,,,,,,,,,,月,,,,,,,,,,,,,,,,,,,,,,,,,,,
城東区,蒲生,1丁目,12番,,,,,水土,,,,,,,,,,,,,,,,,,,木,,,,,,,,,,,,,,,,月,,,,,,,,,,,,,,,,,,,,,,,,,,,
城東区,蒲生,1丁目,13番,,,,,水土,,,,,,,,,,,,,,,,,,,木,,,,,,,,,,,,,,,,月,,,,,,,,,,,,,,,,,,,,,,,,,,,
城東区,蒲生,2丁目,1番,ブランブリエ京橋,,,,水土,,,,,,,,,,,,,,,,,,,木,,,,,,,,,,,,,,,,月,,,,,,,,,,,,,,,,,,,,,,,,,,,
城東区,蒲生,2丁目,1番,上記以外,,,,,水土,,,,,,,,,,,,,,,,,,木,,,,,,,,,,,,,,,,月,,,,,,,,,,,,,,,,,,,,,,,,,,,
城東区,蒲生,2丁目,2番,メゾンドヴィル京橋,,,,水土,,,,,,,,,,,,,,,,,,,木,,,,,,,,,,,,,,,,月,,,,,,,,,,,,,,,,,,,,,,,,,,,
城東区,蒲生,2丁目,2番,上記以外,,,,,水土,,,,,,,,,,,,,,,,,,木,,,,,,,,,,,,,,,,月,,,,,,,,,,,,,,,,,,,,,,,,,,,
城東区,蒲生,2丁目,3番,,,,,,水土,,,,,,,,,,,,,,,,,,木,,,,,,,,,,,,,,,,月,,,,,,,,,,,,,,,,,,,,,,,,,,,
城東区,蒲生,2丁目,4番,,,,,,水土,,,,,,,,,,,,,,,,,木,,,,,,,,,,,,,,,,,月,,,,,,,,,,,,,,,,,,,,,,,,,,,
城東区,蒲生,2丁目,5番,軽四輪車(小さい車)で収集している地域,,,,,水土,,,,,,,,,,,,,,,,,,木,,,,,,,,,,,,,,,,月,,,,,,,,,,,,,,,,,,,,,,,,,,,
城東区,蒲生,2丁目,5番,上記以外,,,,,水土,,,,,,,,,,,,,,,,,,木,,,,,,,,,,,,,,,,月,,,,,,,,,,,,,,,,,,,,,,,,,,,
城東区,蒲生,2丁目,6番,軽四輪車(小さい車)で収集している地域,,,,,水土,,,,,,,,,,,,,,,,,,木,,,,,,,,,,,,,,,,月,,,,,,,,,,,,,,,,,,,,,,,,,,,
城東区,蒲生,2丁目,6番,上記以外,,,,,水土,,,,,,,,,,,,,,,,,木,,,,,,,,,,,,,,,,月,,,,,,,,,,,,,,,,,,,,,,,,,,,,
城東区,蒲生,2丁目,7番,軽四輪車(小さい車)で収集している地域,,,,,水土,,,,,,,,,,,,,,,,,,木,,,,,,,,,,,,,,,,月,,,,,,,,,,,,,,,,,,,,,,,,,,,
城東区,蒲生,2丁目,7番,上記以外,,,,水土,,,,,,,,,,,,,,,,,,木,,,,,,,,,,,,,,,,,月,,,,,,,,,,,,,,,,,,,,,,,,,,,
城東区,蒲生,2丁目,8番,軽四輪車(小さい車)で収集している地域,,,,,水土,,,,,,,,,,,,,,,,,木,,,,,,,,,,,,,,,,,月,,,,,,,,,,,,,,,,,,,,,,,,,,,
城東区,蒲生,2丁目,8番,上記以外,,,,水土,,,,,,,,,,,,,,,,,,,木,,,,,,,,,,,,,,,,月,,,,,,,,,,,,,,,,,,,,,,,,,,,
城東区,蒲生,2丁目,9番,,,,,,水土,,,,,,,,,,,,,,,,,,木,,,,,,,,,,,,,,,,月,,,,,,,,,,,,,,,,,,,,,,,,,,,
城東区,蒲生,2丁目,10番,,,,,水土,,,,,,,,,,,,,,,,,,,木,,,,,,,,,,,,,,,,月,,,,,,,,,,,,,,,,,,,,,,,,,,,
城東区,蒲生,2丁目,11番,,,,,水土,,,,,,,,,,,,,,,,,,,木,,,,,,,,,,,,,,,,月,,,,,,,,,,,,,,,,,,,,,,,,,,,
城東区,蒲生,3丁目,1番,,,,,,水土,,,,,,,,,,,,,,,,,,木,,,,,,,,,,,,,,,,月,,,,,,,,,,,,,,,,,,,,,,,,,,,
城東区,蒲生,3丁目,2番,軽四輪車(小さい車)で収集している地域,,,,,水土,,,,,,,,,,,,,,,,,木,,,,,,,,,,,,,,,,,月,,,,,,,,,,,,,,,,,,,,,,,,,,,
城東区,蒲生,3丁目,2番,上記以外,,,,,水土,,,,,,,,,,,,,,,,,,木,,,,,,,,,,,,,,,,月,,,,,,,,,,,,,,,,,,,,,,,,,,,
城東区,蒲生,3丁目,3番,軽四輪車(小さい車)で収集している地域,,,,,水土,,,,,,,,,,,,,,,,,木,,,,,,,,,,,,,,,,,月,,,,,,,,,,,,,,,,,,,,,,,,,,,
城東区,蒲生,3丁目,3番,上記以外,,,,,水土,,,,,,,,,,,,,,,,,,木,,,,,,,,,,,,,,,,月,,,,,,,,,,,,,,,,,,,,,,,,,,,
城東区,蒲生,3丁目,4番,,,,,,水土,,,,,,,,,,,,,,,,,木,,,,,,,,,,,,,,,,月,,,,,,,,,,,,,,,,,,,,,,,,,,,,
城東区,蒲生,3丁目,5番,軽四輪車(小さい車)で収集している地域,,,,,水土,,,,,,,,,,,,,,,,,木,,,,,,,,,,,,,,,,,月,,,,,,,,,,,,,,,,,,,,,,,,,,,
城東区,蒲生,3丁目,5番,上記以外,,,,水土,,,,,,,,,,,,,,,,,,,木,,,,,,,,,,,,,,,,月,,,,,,,,,,,,,,,,,,,,,,,,,,,
城東区,蒲生,3丁目,6番,軽四輪車(小さい車)で収集している地域,,,,,水土,,,,,,,,,,,,,,,,,木,,,,,,,,,,,,,,,,,月,,,,,,,,,,,,,,,,,,,,,,,,,,,
城東区,蒲生,3丁目,6番,上記以外,,,,水土,,,,,,,,,,,,,,,,,,,木,,,,,,,,,,,,,,,,月,,,,,,,,,,,,,,,,,,,,,,,,,,,
城東区,蒲生,3丁目,7番,軽四輪車(小さい車)で収集している地域,,,,,水土,,,,,,,,,,,,,,,,,木,,,,,,,,,,,,,,,,月,,,,,,,,,,,,,,,,,,,,,,,,,,,,
城東区,蒲生,3丁目,7番,上記以外,,,,水土,,,,,,,,,,,,,,,,,,,木,,,,,,,,,,,,,,,,月,,,,,,,,,,,,,,,,,,,,,,,,,,,
城東区,蒲生,3丁目,8番,軽四輪車(小さい車)で収集している地域,,,,,水土,,,,,,,,,,,,,,,,,木,,,,,,,,,,,,,,,,,月,,,,,,,,,,,,,,,,,,,,,,,,,,,
城東区,蒲生,3丁目,8番,上記以外,,,,水土,,,,,,,,,,,,,,,,,,,木,,,,,,,,,,,,,,,,月,,,,,,,,,,,,,,,,,,,,,,,,,,,
城東区,蒲生,3丁目,9番,軽四輪車(小さい車)で収集している地域,,,,,水土,,,,,,,,,,,,,,,,,,木,,,,,,,,,,,,,,,,月,,,,,,,,,,,,,,,,,,,,,,,,,,,
城東区,蒲生,3丁目,9番,上記以外,,,,水土,,,,,,,,,,,,,,,,,,,木,,,,,,,,,,,,,,,,月,,,,,,,,,,,,,,,,,,,,,,,,,,,
城東区,蒲生,3丁目,10番,軽四輪車(小さい車)で収集している地域,,,,,水土,,,,,,,,,,,,,,,,,,木,,,,,,,,,,,,,,,,月,,,,,,,,,,,,,,,,,,,,,,,,,,,
城東区,蒲生,3丁目,10番,上記以外,,,,水土,,,,,,,,,,,,,,,,,,木,,,,,,,,,,,,,,,,,月,,,,,,,,,,,,,,,,,,,,,,,,,,,
城東区,蒲生,3丁目,11番,軽四輪車(小さい車)で収集している地域,,,,,水土,,,,,,,,,,,,,,,,,木,,,,,,,,,,,,,,,,,月,,,,,,,,,,,,,,,,,,,,,,,,,,,
城東区,蒲生,3丁目,11番,上記以外,,,,水土,,,,,,,,,,,,,,,,,,,木,,,,,,,,,,,,,,,,月,,,,,,,,,,,,,,,,,,,,,,,,,,,
城東区,蒲生,3丁目,12番,軽四輪車(小さい車)で収集している地域,,,,,水土,,,,,,,,,,,,,,,,,木,,,,,,,,,,,,,,,,月,,,,,,,,,,,,,,,,,,,,,,,,,,,,
城東区,蒲生,3丁目,12番,上記以外,,,,水土,,,,,,,,,,,,,,,,,,木,,,,,,,,,,,,,,,,,月,,,,,,,,,,,,,,,,,,,,,,,,,,,
城東区,蒲生,3丁目,13番,,,,,,水土,,,,,,,,,,,,,,,,,木,,,,,,,,,,,,,,,,月,,,,,,,,,,,,,,,,,,,,,,,,,,,,
城東区,蒲生,3丁目,14番,軽四輪車(小さい車)で収集している地域,,,,,水土,,,,,,,,,,,,,,,,,木,,,,,,,,,,,,,,,,月,,,,,,,,,,,,,,,,,,,,,,,,,,,,
城東区,蒲生,3丁目,14番,上記以外,,,,,水土,,,,,,,,,,,,,,,,,,木,,,,,,,,,,,,,,,,月,,,,,,,,,,,,,,,,,,,,,,,,,,,
城東区,蒲生,3丁目,15番,軽四輪車(小さい車)で収集している地域,,,,,水土,,,,,,,,,,,,,,,,,木,,,,,,,,,,,,,,,,,月,,,,,,,,,,,,,,,,,,,,,,,,,,,
城東区,蒲生,3丁目,15番,上記以外,,,,,水土,,,,,,,,,,,,,,,,,,木,,,,,,,,,,,,,,,月,,,,,,,,,,,,,,,,,,,,,,,,,,,,
城東区,蒲生,4丁目,1番,,,,,,水土,,,,,,,,,,,,,,,,,,木,,,,,,,,,,,,,,,,月,,,,,,,,,,,,,,,,,,,,,,,,,,,
城東区,蒲生,4丁目,2番,軽四輪車(小さい車)で収集している地域,,,,,水土,,,,,,,,,,,,,,,,,木,,,,,,,,,,,,,,,,月,,,,,,,,,,,,,,,,,,,,,,,,,,,,
城東区,蒲生,4丁目,2番,上記以外,,,,,水土,,,,,,,,,,,,,,,,,,木,,,,,,,,,,,,,,,,月,,,,,,,,,,,,,,,,,,,,,,,,,,,
城東区,蒲生,4丁目,3番,,,,,,水土,,,,,,,,,,,,,,,,,木,,,,,,,,,,,,,,,,月,,,,,,,,,,,,,,,,,,,,,,,,,,,,
城東区,蒲生,4丁目,4番,軽四輪車(小さい車)で収集している地域,,,,,水土,,,,,,,,,,,,,,,,,木,,,,,,,,,,,,,,,,月,,,,,,,,,,,,,,,,,,,,,,,,,,,,
城東区,蒲生,4丁目,4番,上記以外,,,,,水土,,,,,,,,,,,,,,,,,,木,,,,,,,,,,,,,,,,月,,,,,,,,,,,,,,,,,,,,,,,,,,,
城東区,蒲生,4丁目,5番,,,,,,水土,,,,,,,,,,,,,,,,,,木,,,,,,,,,,,,,,,,月,,,,,,,,,,,,,,,,,,,,,,,,,,,
城東区,蒲生,4丁目,6番,軽四輪車(小さい車)で収集している地域,,,,,水土,,,,,,,,,,,,,,,,,木,,,,,,,,,,,,,,,,,月,,,,,,,,,,,,,,,,,,,,,,,,,,,
城東区,蒲生,4丁目,6番,上記以外,,,,,水土,,,,,,,,,,,,,,,,,,木,,,,,,,,,,,,,,,月,,,,,,,,,,,,,,,,,,,,,,,,,,,,
城東区,蒲生,4丁目,7番,軽四輪車(小さい車)で収集している地域,,,,,水土,,,,,,,,,,,,,,,,,,木,,,,,,,,,,,,,,,,月,,,,,,,,,,,,,,,,,,,,,,,,,,,
城東区,蒲生,4丁目,7番,上記以外,,,,,水土,,,,,,,,,,,,,,,,,,木,,,,,,,,,,,,,,,月,,,,,,,,,,,,,,,,,,,,,,,,,,,,
城東区,蒲生,4丁目,8番,軽四輪車(小さい車)で収集している地域,,,,,水土,,,,,,,,,,,,,,,,,,木,,,,,,,,,,,,,,,,月,,,,,,,,,,,,,,,,,,,,,,,,,,,
城東区,蒲生,4丁目,8番,上記以外,,,,,水土,,,,,,,,,,,,,,,,,,木,,,,,,,,,,,,,,,月,,,,,,,,,,,,,,,,,,,,,,,,,,,,
城東区,蒲生,4丁目,9番,,,,,,水土,,,,,,,,,,,,,,,,,木,,,,,,,,,,,,,,,,,月,,,,,,,,,,,,,,,,,,,,,,,,,,,
城東区,蒲生,4丁目,10番,軽四輪車(小さい車)で収集している地域,,,,,水土,,,,,,,,,,,,,,,,,木,,,,,,,,,,,,,,,,,月,,,,,,,,,,,,,,,,,,,,,,,,,,,
城東区,蒲生,4丁目,10番,上記以外,,,,,水土,,,,,,,,,,,,,,,,,,木,,,,,,,,,,,,,,,,月,,,,,,,,,,,,,,,,,,,,,,,,,,,
城東区,蒲生,4丁目,11番,軽四輪車(小さい車)で収集している地域,,,,,水土,,,,,,,,,,,,,,,,,木,,,,,,,,,,,,,,,,,月,,,,,,,,,,,,,,,,,,,,,,,,,,,
城東区,蒲生,4丁目,11番,上記以外,,,,水土,,,,,,,,,,,,,,,,,,,木,,,,,,,,,,,,,,,,月,,,,,,,,,,,,,,,,,,,,,,,,,,,
城東区,蒲生,4丁目,12番,軽四輪車(小さい車)で収集している地域,,,,,水土,,,,,,,,,,,,,,,,,木,,,,,,,,,,,,,,,,,月,,,,,,,,,,,,,,,,,,,,,,,,,,,
城東区,蒲生,4丁目,12番,上記以外,,,,水土,,,,,,,,,,,,,,,,,,木,,,,,,,,,,,,,,,,,月,,,,,,,,,,,,,,,,,,,,,,,,,,,
城東区,蒲生,4丁目,13番,軽四輪車(小さい車)で収集している地域,,,,,水土,,,,,,,,,,,,,,,,,,木,,,,,,,,,,,,,,,,月,,,,,,,,,,,,,,,,,,,,,,,,,,,
城東区,蒲生,4丁目,13番,上記以外,,,,水土,,,,,,,,,,,,,,,,,,,木,,,,,,,,,,,,,,,,月,,,,,,,,,,,,,,,,,,,,,,,,,,,
城東区,蒲生,4丁目,14番,軽四輪車(小さい車)で収集している地域,,,,,水土,,,,,,,,,,,,,,,,,,木,,,,,,,,,,,,,,,,月,,,,,,,,,,,,,,,,,,,,,,,,,,,
城東区,蒲生,4丁目,14番,上記以外,,,,水土,,,,,,,,,,,,,,,,,,,木,,,,,,,,,,,,,,,,月,,,,,,,,,,,,,,,,,,,,,,,,,,,
城東区,蒲生,4丁目,15番,軽四輪車(小さい車)で収集している地域,,,,,水土,,,,,,,,,,,,,,,,,,木,,,,,,,,,,,,,,,,月,,,,,,,,,,,,,,,,,,,,,,,,,,,
城東区,蒲生,4丁目,15番,上記以外,,,,水土,,,,,,,,,,,,,,,,,,木,,,,,,,,,,,,,,,,,月,,,,,,,,,,,,,,,,,,,,,,,,,,,
城東区,蒲生,4丁目,16番,軽四輪車(小さい車)で収集している地域,,,,,水土,,,,,,,,,,,,,,,,,,木,,,,,,,,,,,,,,,月,,,,,,,,,,,,,,,,,,,,,,,,,,,,
城東区,蒲生,4丁目,16番,上記以外,,,,,水土,,,,,,,,,,,,,,,,,,木,,,,,,,,,,,,,,,,月,,,,,,,,,,,,,,,,,,,,,,,,,,,
城東区,蒲生,4丁目,17番,軽四輪車(小さい車)で収集している地域,,,,,水土,,,,,,,,,,,,,,,,,,木,,,,,,,,,,,,,,,,月,,,,,,,,,,,,,,,,,,,,,,,,,,,
城東区,蒲生,4丁目,17番,上記以外,,,,,水土,,,,,,,,,,,,,,,,,木,,,,,,,,,,,,,,,,,月,,,,,,,,,,,,,,,,,,,,,,,,,,,
城東区,蒲生,4丁目,18番,軽四輪車(小さい車)で収集している地域,,,,,水土,,,,,,,,,,,,,,,,,木,,,,,,,,,,,,,,,,,月,,,,,,,,,,,,,,,,,,,,,,,,,,,
城東区,蒲生,4丁目,18番,上記以外,,,,水土,,,,,,,,,,,,,,,,,,,木,,,,,,,,,,,,,,,,月,,,,,,,,,,,,,,,,,,,,,,,,,,,
城東区,蒲生,4丁目,19番,軽四輪車(小さい車)で収集している地域,,,,,水土,,,,,,,,,,,,,,,,,木,,,,,,,,,,,,,,,,,月,,,,,,,,,,,,,,,,,,,,,,,,,,,
城東区,蒲生,4丁目,19番,上記以外,,,,,水土,,,,,,,,,,,,,,,,,,木,,,,,,,,,,,,,,,,月,,,,,,,,,,,,,,,,,,,,,,,,,,,
城東区,蒲生,4丁目,20番,軽四輪車(小さい車)で収集している地域,,,,,水土,,,,,,,,,,,,,,,,,,木,,,,,,,,,,,,,,,,月,,,,,,,,,,,,,,,,,,,,,,,,,,,
城東区,蒲生,4丁目,20番,上記以外,,,,水土,,,,,,,,,,,,,,,,,,,木,,,,,,,,,,,,,,,,月,,,,,,,,,,,,,,,,,,,,,,,,,,,
城東区,蒲生,4丁目,21番,,,,,,水土,,,,,,,,,,,,,,,,,木,,,,,,,,,,,,,,,,月,,,,,,,,,,,,,,,,,,,,,,,,,,,,
城東区,蒲生,4丁目,22番,軽四輪車(小さい車)で収集している地域,,,,,水土,,,,,,,,,,,,,,,,,,木,,,,,,,,,,,,,,,,月,,,,,,,,,,,,,,,,,,,,,,,,,,,
城東区,蒲生,4丁目,22番,上記以外,,,,,水土,,,,,,,,,,,,,,,,,木,,,,,,,,,,,,,,,,,月,,,,,,,,,,,,,,,,,,,,,,,,,,,
城東区,新喜多,1丁目,1番,,,,,水土,,,,,,,,,,,,,,,,,,,木,,,,,,,,,,,,,,,,月,,,,,,,,,,,,,,,,,,,,,,,,,,,
城東区,新喜多,1丁目,2番,,,,,水土,,,,,,,,,,,,,,,,,,,木,,,,,,,,,,,,,,,,月,,,,,,,,,,,,,,,,,,,,,,,,,,,
城東区,新喜多,1丁目,3番,軽四輪車(小さい車)で収集している地域,,,,水土,,,,,,,,,,,,,,,,,,,木,,,,,,,,,,,,,,,,月,,,,,,,,,,,,,,,,,,,,,,,,,,,
城東区,新喜多,1丁目,3番,上記以外,,,,水土,,,,,,,,,,,,,,,,,,,木,,,,,,,,,,,,,,,,月,,,,,,,,,,,,,,,,,,,,,,,,,,,
城東区,新喜多,1丁目,4番,軽四輪車(小さい車)で収集している地域,,,,水土,,,,,,,,,,,,,,,,,,木,,,,,,,,,,,,,,,,,月,,,,,,,,,,,,,,,,,,,,,,,,,,,
城東区,新喜多,1丁目,4番,上記以外,,,,水土,,,,,,,,,,,,,,,,,,木,,,,,,,,,,,,,,,,,月,,,,,,,,,,,,,,,,,,,,,,,,,,,
城東区,新喜多,1丁目,5番,軽四輪車(小さい車)で収集している地域,,,,水土,,,,,,,,,,,,,,,,,,,木,,,,,,,,,,,,,,,,月,,,,,,,,,,,,,,,,,,,,,,,,,,,
城東区,新喜多,1丁目,5番,上記以外,,,,水土,,,,,,,,,,,,,,,,,,,木,,,,,,,,,,,,,,,月,,,,,,,,,,,,,,,,,,,,,,,,,,,,
城東区,新喜多,1丁目,6番,,,,,水土,,,,,,,,,,,,,,,,,,木,,,,,,,,,,,,,,,,,月,,,,,,,,,,,,,,,,,,,,,,,,,,,
城東区,新喜多,1丁目,7番,,,,,水土,,,,,,,,,,,,,,,,,,,木,,,,,,,,,,,,,,,,月,,,,,,,,,,,,,,,,,,,,,,,,,,,
城東区,新喜多,1丁目,8番,軽四輪車(小さい車)で収集している地域,,,,,水土,,,,,,,,,,,,,,,,,木,,,,,,,,,,,,,,,,,月,,,,,,,,,,,,,,,,,,,,,,,,,,,
城東区,新喜多,1丁目,8番,上記以外,,,,水土,,,,,,,,,,,,,,,,,,木,,,,,,,,,,,,,,,,,月,,,,,,,,,,,,,,,,,,,,,,,,,,,
城東区,新喜多,1丁目,9番,軽四輪車(小さい車)で収集している地域,,,,,水土,,,,,,,,,,,,,,,,,,木,,,,,,,,,,,,,,,,月,,,,,,,,,,,,,,,,,,,,,,,,,,,
城東区,新喜多,1丁目,9番,上記以外,,,,水土,,,,,,,,,,,,,,,,,,,木,,,,,,,,,,,,,,,,月,,,,,,,,,,,,,,,,,,,,,,,,,,,
城東区,新喜多,1丁目,10番,,,,,水土,,,,,,,,,,,,,,,,,,,木,,,,,,,,,,,,,,,月,,,,,,,,,,,,,,,,,,,,,,,,,,,,
城東区,新喜多,2丁目,1番,軽四輪車(小さい車)で収集している地域,,,,,水土,,,,,,,,,,,,,,,,,,木,,,,,,,,,,,,,,,,月,,,,,,,,,,,,,,,,,,,,,,,,,,,
城東区,新喜多,2丁目,1番,上記以外,,,,水土,,,,,,,,,,,,,,,,,,,木,,,,,,,,,,,,,,,,月,,,,,,,,,,,,,,,,,,,,,,,,,,,
城東区,新喜多,2丁目,2番,軽四輪車(小さい車)で収集している地域,,,,,水土,,,,,,,,,,,,,,,,,,木,,,,,,,,,,,,,,,,月,,,,,,,,,,,,,,,,,,,,,,,,,,,
城東区,新喜多,2丁目,2番,上記以外,,,,水土,,,,,,,,,,,,,,,,,,木,,,,,,,,,,,,,,,,,月,,,,,,,,,,,,,,,,,,,,,,,,,,,
城東区,新喜多,2丁目,3番,,,,,,水土,,,,,,,,,,,,,,,,,,木,,,,,,,,,,,,,,,月,,,,,,,,,,,,,,,,,,,,,,,,,,,,
城東区,新喜多,2丁目,5番,軽四輪車(小さい車)で収集している地域,,,,,水土,,,,,,,,,,,,,,,,,,木,,,,,,,,,,,,,,,,月,,,,,,,,,,,,,,,,,,,,,,,,,,,
城東区,新喜多,2丁目,5番,上記以外,,,,水土,,,,,,,,,,,,,,,,,,,木,,,,,,,,,,,,,,,,月,,,,,,,,,,,,,,,,,,,,,,,,,,,
城東区,新喜多,2丁目,6番,軽四輪車(小さい車)で収集している地域,,,,,水土,,,,,,,,,,,,,,,,,,木,,,,,,,,,,,,,,,,月,,,,,,,,,,,,,,,,,,,,,,,,,,,
城東区,新喜多,2丁目,6番,上記以外,,,,水土,,,,,,,,,,,,,,,,,,,木,,,,,,,,,,,,,,,,月,,,,,,,,,,,,,,,,,,,,,,,,,,,
城東区,新喜多東,1丁目,1番,,,,,水土,,,,,,,,,,,,,,,,,,,,,,,,,,,,木,,,,,,,,,,,,,,,月,,,,,,,,,,,,,,,,,,,
城東区,新喜多東,1丁目,2番,,,,,水土,,,,,,,,,,,,,,,,,,,,,,,,,,木,,,,,,,,,,,,,,,,月,,,,,,,,,,,,,,,,,,,,
城東区,新喜多東,1丁目,3番,,,,,水土,,,,,,,,,,,,,,,,,,,,,,,,,,,,木,,,,,,,,,,,,,,月,,,,,,,,,,,,,,,,,,,,
城東区,新喜多東,1丁目,4番,,,,,水土,,,,,,,,,,,,,,,,,,,,,,,,,,,,木,,,,,,,,,,,,,,月,,,,,,,,,,,,,,,,,,,,
城東区,新喜多東,1丁目,5番,,,,,水土,,,,,,,,,,,,,,,,,,,,,,,,,木,,,,,,,,,,,,,,,,,,,,月,,,,,,,,,,,,,,,,,
城東区,新喜多東,1丁目,6番,,,,,水土,,,,,,,,,,,,,,,,,,,,,,,,,,木,,,,,,,,,,,,,,,,月,,,,,,,,,,,,,,,,,,,,
城東区,新喜多東,1丁目,7番,,,,,水土,,,,,,,,,,,,,,,,,,,,,,,,,,,,木,,,,,,,,,,,,,,,月,,,,,,,,,,,,,,,,,,,
城東区,新喜多東,1丁目,8番,,,,,水土,,,,,,,,,,,,,,,,,,,,,,,,,木,,,,,,,,,,,,,,,,,,月,,,,,,,,,,,,,,,,,,,
城東区,新喜多東,1丁目,9番,,,,,水土,,,,,,,,,,,,,,,,,,,,,,,,,木,,,,,,,,,,,,,,,,,,,,月,,,,,,,,,,,,,,,,,
城東区,新喜多東,1丁目,10番,,,,,,水土,,,,,,,,,,,,,,,,,,,,,,,,木,,,,,,,,,,,,,,,,,,,,月,,,,,,,,,,,,,,,,,
城東区,新喜多東,1丁目,11番,,,,,水土,,,,,,,,,,,,,,,,,,,,,,,,,木,,,,,,,,,,,,,,,,,,,月,,,,,,,,,,,,,,,,,,
城東区,新喜多東,1丁目,12番,,,,,水土,,,,,,,,,,,,,,,,,,,,,,,,,木,,,,,,,,,,,,,,,,,,,,月,,,,,,,,,,,,,,,,,
城東区,新喜多東,1丁目,13番,,,,,水土,,,,,,,,,,,,,,,,,,,,,,,,,木,,,,,,,,,,,,,,,,,月,,,,,,,,,,,,,,,,,,,,
城東区,新喜多東,1丁目,14番,,,,,水土,,,,,,,,,,,,,,,,,,,,,,,,,木,,,,,,,,,,,,,,,,月,,,,,,,,,,,,,,,,,,,,,
城東区,新喜多東,2丁目,1番,27号,,,,,水土,,,,,,,,,,,,,,,,,,,,,,,,木,,,,,,,,,,,,,,,,,,,,月,,,,,,,,,,,,,,,,,
城東区,新喜多東,2丁目,1番,上記以外,,,,水土,,,,,,,,,,,,,,,,,,,,,,,,,木,,,,,,,,,,,,,,,,,,,,月,,,,,,,,,,,,,,,,,
城東区,新喜多東,2丁目,2番,四季彩都いちょう館A棟,,,,,水土,,,,,,,,,,,,,,,,,,,,,,,,,木,,,,,,,,,,,,,,,,,,,月,,,,,,,,,,,,,,,,,
城東区,新喜多東,2丁目,2番,上記以外,,,,水土,,,,,,,,,,,,,,,,,,,,,,,,,,木,,,,,,,,,,,,,,,,,,,月,,,,,,,,,,,,,,,,,
城東区,新喜多東,2丁目,3番,四季彩都いちょう館B棟,,,,,水土,,,,,,,,,,,,,,,,,,,,,,,,,木,,,,,,,,,,,,,,,,,,,月,,,,,,,,,,,,,,,,,
城東区,新喜多東,2丁目,3番,上記以外,,,,水土,,,,,,,,,,,,,,,,,,,,,,,,,,木,,,,,,,,,,,,,,,,,,,月,,,,,,,,,,,,,,,,,
城東区,新喜多東,2丁目,4番,四季彩都けやき館,,,,水土,,,,,,,,,,,,,,,,,,,,,,,,,木,,,,,,,,,,,,,,,,月,,,,,,,,,,,,,,,,,,,,,
城東区,新喜多東,2丁目,4番,リブコート鴫野,,,,,水土,,,,,,,,,,,,,,,,,,,,,,,,,木,,,,,,,,,,,,,,,,,,月,,,,,,,,,,,,,,,,,,
城東区,新喜多東,2丁目,4番,上記以外,,,,水土,,,,,,,,,,,,,,,,,,,,,,,,,木,,,,,,,,,,,,,,,,,,,,月,,,,,,,,,,,,,,,,,
城東区,新喜多東,2丁目,5番,,,,,水土,,,,,,,,,,,,,,,,,,,,,,,,,木,,,,,,,,,,,,,,,,,,月,,,,,,,,,,,,,,,,,,,
城東区,新喜多東,2丁目,6番,パークスクエア城東,,,,,水土,,,,,,,,,,,,,,,,,,,,,,,,木,,,,,,,,,,,,,,,,,,,,月,,,,,,,,,,,,,,,,,
城東区,新喜多東,2丁目,6番,上記以外,,,,水土,,,,,,,,,,,,,,,,,,,,,,,,,木,,,,,,,,,,,,,,,,,,,,月,,,,,,,,,,,,,,,,,
城東区,新喜多東,2丁目,7番,,,,,水土,,,,,,,,,,,,,,,,,,,,,,,,,,木,,,,,,,,,,,,,,,,,,月,,,,,,,,,,,,,,,,,,
城東区,新喜多東,2丁目,8番,,,,,水土,,,,,,,,,,,,,,,,,,,,,,,,,,木,,,,,,,,,,,,,,,,,,,月,,,,,,,,,,,,,,,,,
城東区,新喜多東,2丁目,9番,,,,,水土,,,,,,,,,,,,,,,,,,,,,,,,,木,,,,,,,,,,,,,,,,,,,,月,,,,,,,,,,,,,,,,,
城東区,新喜多東,2丁目,10番,,,,,水土,,,,,,,,,,,,,,,,,,,,,,,,,木,,,,,,,,,,,,,,,,,,,,月,,,,,,,,,,,,,,,,,
城東区,新喜多東,2丁目,11番,,,,,水土,,,,,,,,,,,,,,,,,,,,,,,,,,木,,,,,,,,,,,,,,,,,,,月,,,,,,,,,,,,,,,,,
城東区,鴫野西,1丁目,1番,,,,,,月木,,,,,,,,,,,,,,,,,,,,,,,,,金,,,,,,,,,,,,,,,,,,月,,,,,,月,,,,,,,,,,,,
城東区,鴫野西,1丁目,2番,シティテラス京橋,,,,月木,,,,,,,,,,,,,,,,,,,,,,,,,,金,,,,,,,,,,,,,,,,火,,,,,,,,,,,月,,,,,,,,,
城東区,鴫野西,1丁目,2番,軽四輪車(小さい車)で収集している地域,,,,,月木,,,,,,,,,,,,,,,,,,金,,,,,,,,,,,,,,,火,,,,,,,,,,,,,,,,,,,,,,,,,,月,,
城東区,鴫野西,1丁目,2番,上記以外,,,,,月木,,,,,,,,,,,,,,,,,,,,,,,,,金,,,,,,,,,,,,,,,,,,,火,,,,,月,,,,,,,,,,,,
城東区,鴫野西,1丁目,3番,軽四輪車(小さい車)で収集している地域,,,,,月木,,,,,,,,,,,,,,,,,,金,,,,,,,,,,,,,,,,火,,,,,,,,,,,,,,,,,,,,,,,,月,,,
城東区,鴫野西,1丁目,3番,上記以外,,,,,月木,,,,,,,,,,,,,,,,,,,,,,,,,金,,,,,,,,,,,,,,,,,,,火,,,,,月,,,,,,,,,,,,
城東区,鴫野西,1丁目,4番,,,,,,月木,,,,,,,,,,,,,,,,,,金,,,,,,,,,,,,,,,,火,,,,,,,,,,,,,,,月,,,,,,,,,,,,
城東区,鴫野西,1丁目,5番,軽四輪車(小さい車)で収集している地域,,,,月木,,,,,,,,,,,,,,,,,,,金,,,,,,,,,,,,,,,,火,,,,,,,,,,,,,,,,,,,,,,,,月,,,
城東区,鴫野西,1丁目,5番,上記以外,,,,,月木,,,,,,,,,,,,,,,,,,,,,,,,,金,,,,,,,,,,,,,,,,,,火,,,,,,月,,,,,,,,,,,,
城東区,鴫野西,1丁目,6番,軽四輪車(小さい車)で収集している地域,,,,月木,,,,,,,,,,,,,,,,,,,金,,,,,,,,,,,,,,,,火,,,,,,,,,,,,,,,,,,,,,,,,月,,,
城東区,鴫野西,1丁目,6番,上記以外,,,,,月木,,,,,,,,,,,,,,,,,,,,,,,,,金,,,,,,,,,,,,,,,,,,,火,,,,,月,,,,,,,,,,,,
城東区,鴫野西,1丁目,7番,軽四輪車(小さい車)で収集している地域,,,,月木,,,,,,,,,,,,,,,,,,,金,,,,,,,,,,,,,,,,火,,,,,,,,,,,,,,,,,,,,,,,,月,,,
城東区,鴫野西,1丁目,7番,上記以外,,,,,月木,,,,,,,,,,,,,,,,,,,,,,,,,金,,,,,,,,,,,,,,,,,,,火,,,,,月,,,,,,,,,,,,
城東区,鴫野西,1丁目,8番,軽四輪車(小さい車)で収集している地域,,,,,月木,,,,,,,,,,,,,,,,,,金,,,,,,,,,,,,,,,,火,,,,,,,,,,,,,,,,,,,,,,,,月,,,
城東区,鴫野西,1丁目,8番,上記以外,,,,,月木,,,,,,,,,,,,,,,,,,,,,,,,,金,,,,,,,,,,,,,,,,,,,火,,,,,月,,,,,,,,,,,,
城東区,鴫野西,1丁目,9番,,,,,,月木,,,,,,,,,,,,,,,,,,,,,,,,,金,,,,,,,,,,,,,,,,,,火,,,,,,月,,,,,,,,,,,,
城東区,鴫野西,1丁目,10番,,,,,,月木,,,,,,,,,,,,,,,,,,,,,,,,,金,,,,,,,,,,,,,,,,,,,火,,,,,月,,,,,,,,,,,,
城東区,鴫野西,1丁目,11番,軽四輪車(小さい車)で収集している地域,,,,,月木,,,,,,,,,,,,,,,,,,金,,,,,,,,,,,,,,,,火,,,,,,,,,,,,,,,,,,,,,,,,月,,,
城東区,鴫野西,1丁目,11番,上記以外,,,,,月木,,,,,,,,,,,,,,,,,,,,,,,,,金,,,,,,,,,,,,,,,,,火,,,,,,,月,,,,,,,,,,,,
城東区,鴫野西,1丁目,12番,軽四輪車(小さい車)で収集している地域,,,,,月木,,,,,,,,,,,,,,,,,,金,,,,,,,,,,,,,,,,火,,,,,,,,,,,,,,,,,,,,,,,,月,,,
城東区,鴫野西,1丁目,12番,上記以外,,,,,月木,,,,,,,,,,,,,,,,,,,,,,,,金,,,,,,,,,,,,,,,,,,火,,,,,,,月,,,,,,,,,,,,
城東区,鴫野西,1丁目,13番,軽四輪車(小さい車)で収集している地域,,,,,月木,,,,,,,,,,,,,,,,,,,,,金,,,,,,,,,,,,,,,,火,,,,,,,,,,,,,,,,,,,,,月,,,
城東区,鴫野西,1丁目,13番,上記以外,,,,,月木,,,,,,,,,,,,,,,,,,,,,,,,,金,,,,,,,,,,,,,,,,,,,火,,,,,月,,,,,,,,,,,,
城東区,鴫野西,1丁目,14番,,,,,,月木,,,,,,,,,,,,,,,,,,,,,,,,,金,,,,,,,,,,,,,,,,,火,,,,,,,月,,,,,,,,,,,,
城東区,鴫野西,1丁目,15番,軽四輪車(小さい車)で収集している地域,,,,,月木,,,,,,,,,,,,,,,,,,,,,金,,,,,,,,,,,,,,,,火,,,,,,,,,,,,,,,,,,,,,月,,,
城東区,鴫野西,1丁目,15番,上記以外,,,,,月木,,,,,,,,,,,,,,,,,,,,,,,,,金,,,,,,,,,,,,,,,,火,,,,,,,,月,,,,,,,,,,,,
城東区,鴫野西,1丁目,16番,軽四輪車(小さい車)で収集している地域,,,,月木,,,,,,,,,,,,,,,,,,,,,,金,,,,,,,,,,,,,火,,,,,,,,,,,,,,,,,,,,,,,,月,,,
城東区,鴫野西,1丁目,16番,上記以外,,,,,月木,,,,,,,,,,,,,,,,,,,,,,,,,金,,,,,,,,,,,,,,,火,,,,,,,,,月,,,,,,,,,,,,
城東区,鴫野西,1丁目,17番,軽四輪車(小さい車)で収集している地域,,,,月木,,,,,,,,,,,,,,,,,,,,,,金,,,,,,,,,,,,,火,,,,,,,,,,,,,,,,,,,,,,,,月,,,
城東区,鴫野西,1丁目,17番,上記以外,,,,,月木,,,,,,,,,,,,,,,,,,,,,,,,金,,,,,,,,,,,,,,,,,火,,,,,,,,月,,,,,,,,,,,,
城東区,鴫野西,1丁目,18番,軽四輪車(小さい車)で収集している地域,,,,,月木,,,,,,,,,,,,,,,,,,,,,金,,,,,,,,,,,,,,火,,,,,,,,,,,,,,,,,,,,,,,月,,,
城東区,鴫野西,1丁目,18番,上記以外,,,,,月木,,,,,,,,,,,,,,,,,,,,,,,,金,,,,,,,,,,,,,,,,,火,,,,,,,,月,,,,,,,,,,,,
城東区,鴫野西,2丁目,1番,ネオコーポ大阪城公園1･2号館,,,,月木,,,,,,,,,,,,,,,,,,,,,,,,,,金,,,,,,,,,,,,,,,,火,,,,,,,,,,,,,,,,,,,,
城東区,鴫野西,2丁目,1番,軽四輪車(小さい車)で収集している地域,,,,,月木,,,,,,,,,,,,,,,,,,,,金,,,,,,,,,,,,,,,,火,,,,,,,,,,,,,,,,,,,,,,月,,,
城東区,鴫野西,2丁目,1番,上記以外,,,,,月木,,,,,,,,,,,,,,,,,,,,,,,,金,,,,,,,,,,,,,,,,火,,,,,,,,,,,,,,,,,,月,,,
城東区,鴫野西,2丁目,2番,軽四輪車(小さい車)で収集している地域,,,,,月木,,,,,,,,,,,,,,,,,,金,,,,,,,,,,,,,,,,,火,,,,,,,,,,,,,,,,,,,,,,,月,,,
城東区,鴫野西,2丁目,2番,上記以外,,,,,月木,,,,,,,,,,,,,,,,,,金,,,,,,,,,,,,,,,,,火,,,,,,,,,,,,,,,,,,,,,,,月,,,
城東区,鴫野西,2丁目,3番,,,,,,月木,,,,,,,,,,,,,,,,,,金,,,,,,,,,,,,,,,,,,火,,,,,,,,,,,,,,,,,,,,,,月,,,
城東区,鴫野西,2丁目,4番,,,,,,月木,,,,,,,,,,,,,,,,,,金,,,,,,,,,,,,,,,,,,火,,,,,,,,,,,,,,,,,,,,,,月,,,
城東区,鴫野西,2丁目,5番,軽四輪車(小さい車)で収集している地域,,,,,月木,,,,,,,,,,,,,,,,,,金,,,,,,,,,,,,,,,,,,火,,,,,,,,,,,,,,,,,,,,,,月,,,
城東区,鴫野西,2丁目,5番,上記以外,,,,,月木,,,,,,,,,,,,,,,,,,,,,,,,,金,,,,,,,,,,,,,,,,,,火,,,,,,,,,,,,,,,,月,,
城東区,鴫野西,2丁目,6番,軽四輪車(小さい車)で収集している地域,,,,,月木,,,,,,,,,,,,,,,,,,,,金,,,,,,,,,,,,,,,,火,,,,,,,,,,,,,,,,,,,,,,月,,,
城東区,鴫野西,2丁目,6番,上記以外,,,,,月木,,,,,,,,,,,,,,,,,,,,,,,,,,金,,,,,,,,,,,,,,,,,火,,,,,,,,,,,,,,,,月,,
城東区,鴫野西,2丁目,7番,軽四輪車(小さい車)で収集している地域,,,,,月木,,,,,,,,,,,,,,,,,,,,,,,,金,,,,,,,,,,,,,,,,,,,火,,,,,,,,,,,,,,,月,,,
城東区,鴫野西,2丁目,7番,上記以外,,,,,月木,,,,,,,,,,,,,,,,,,,,,,,,金,,,,,,,,,,,,,,,,,,,火,,,,,,月,,,,,,,,,,,,
城東区,鴫野西,2丁目,8番,軽四輪車(小さい車)で収集している地域,,,,,月木,,,,,,,,,,,,,,,,,,,,,,,,,,,,金,,,,,,,,,,,,,,,火,,,,,,,,,月,,,,,,,,,
城東区,鴫野西,2丁目,8番,上記以外,,,,,月木,,,,,,,,,,,,,,,,,,,,,,,,,,,,金,,,,,,,,,,,,,,,火,,,,,,月,,,,,,,,,,,,
城東区,鴫野西,2丁目,9番,軽四輪車(小さい車)で収集している地域,,,,月木,,,,,,,,,,,,,,,,,,,,,金,,,,,,,,,,,,,,火,,,,,,,,,,,,,,,,,,,,,,,,月,,,
城東区,鴫野西,2丁目,9番,上記以外,,,,,月木,,,,,,,,,,,,,,,,,,,,,,,,,,金,,,,,,,,,,,,,,,,火,,,,,,,月,,,,,,,,,,,,
城東区,鴫野西,2丁目,10番,軽四輪車(小さい車)で収集している地域,,,,月木,,,,,,,,,,,,,,,,,,,,,金,,,,,,,,,,,,,,火,,,,,,,,,,,,,,,,,,,,,,,,月,,,
城東区,鴫野西,2丁目,10番,上記以外,,,,,月木,,,,,,,,,,,,,,,,,,,,,,,,,,,,金,,,,,,,,,,,,,,,火,,,,,,月,,,,,,,,,,,,
城東区,鴫野西,2丁目,11番,軽四輪車(小さい車)で収集している地域,,,,,月木,,,,,,,,,,,,,,,,,,,,金,,,,,,,,,,,,,,火,,,,,,,,,,,,,,,月,,,,,,,,,,,,
城東区,鴫野西,2丁目,11番,上記以外,,,,,月木,,,,,,,,,,,,,,,,,,,,,,,,,,,,金,,,,,,,,,,,,,,火,,,,,,,月,,,,,,,,,,,,
城東区,鴫野西,2丁目,12番,,,,,,月木,,,,,,,,,,,,,,,,,,,,金,,,,,,,,,,,,,,,,火,,,,,,,,,,,,,月,,,,,,,,,,,,
城東区,鴫野西,2丁目,13番,,,,,,月木,,,,,,,,,,,,,,,,,,,,金,,,,,,,,,,,,,,,,火,,,,,,,,,,,,,月,,,,,,,,,,,,
城東区,鴫野西,2丁目,14番,軽四輪車(小さい車)で収集している地域,,,,,月木,,,,,,,,,,,,,,,,,,,金,,,,,,,,,,,,,,,,,火,,,,,,,,,,,,,月,,,,,,,,,,,,
城東区,鴫野西,2丁目,14番,上記以外,,,,,月木,,,,,,,,,,,,,,,,,,,,,,,,,,,,金,,,,,,,,,,,,,火,,,,,,,,月,,,,,,,,,,,,
城東区,鴫野西,2丁目,15番,軽四輪車(小さい車)で収集している地域,,,,,月木,,,,,,,,,,,,,,,,,,,,金,,,,,,,,,,,,,,,,火,,,,,,,,,,,,,,,,,,,,,,月,,,
城東区,鴫野西,2丁目,15番,上記以外,,,,,月木,,,,,,,,,,,,,,,,,,,,,,,,,,,,金,,,,,,,,,,,,,,火,,,,,,,月,,,,,,,,,,,,
城東区,鴫野西,2丁目,16番,軽四輪車(小さい車)で収集している地域,,,,,月木,,,,,,,,,,,,,,,,,,,,金,,,,,,,,,,,,,,,,火,,,,,,,,,,,,,,,,,,,,,,月,,,
城東区,鴫野西,2丁目,16番,上記以外,,,,,月木,,,,,,,,,,,,,,,,,,,,,,,,,,,,金,,,,,,,,,,,,,,火,,,,,,,月,,,,,,,,,,,,
城東区,鴫野西,2丁目,17番,軽四輪車(小さい車)で収集している地域,,,,月木,,,,,,,,,,,,,,,,,,,,,金,,,,,,,,,,,,,,,,火,,,,,,,,,,,,,,,,,,,,,,月,,,
城東区,鴫野西,2丁目,17番,上記以外,,,,,月木,,,,,,,,,,,,,,,,,,,,,,,,,,,,金,,,,,,,,,,,,,,火,,,,,,,月,,,,,,,,,,,,
城東区,鴫野西,2丁目,18番,軽四輪車(小さい車)で収集している地域,,,,月木,,,,,,,,,,,,,,,,,,,,金,,,,,,,,,,,,,,,,火,,,,,,,,,,,,,,,,,,,,,,,月,,,
城東区,鴫野西,2丁目,18番,上記以外,,,,,月木,,,,,,,,,,,,,,,,,,,,,,,,,,金,,,,,,,,,,,,,,,,火,,,,,,,月,,,,,,,,,,,,
城東区,鴫野西,2丁目,19番,,,,,,月木,,,,,,,,,,,,,,,,,,金,,,,,,,,,,,,,,,,火,,,,,,,,,,,,,,,月,,,,,,,,,,,,
城東区,鴫野西,2丁目,20番,ネオコーポ大阪城公園1号館,,,,月木,,,,,,,,,,,,,,,,,,,,,,,,,,金,,,,,,,,,,,,,,,,,,,火,,,,,月,,,,,,,,,,,,
城東区,鴫野西,2丁目,20番,上記以外,,,,,月木,,,,,,,,,,,,,,,,,,,,,,,,,金,,,,,,,,,,,,,,,,,,,火,,,,,月,,,,,,,,,,,,
城東区,鴫野西,3丁目,1番,,,,,,月木,,,,,,,,,,,,,,,,,,,,,,,,,金,,,,,,,,,,,,,,,,,,火,,,,,,月,,,,,,,,,,,,
城東区,鴫野西,3丁目,2番,,,,,,月木,,,,,,,,,,,,,,,,,,,,,,,,,,金,,,,,,,,,,,,,,,,火,,,,,,,,,,,,,,,,月,,,
城東区,鴫野西,3丁目,3番,,,,,,月木,,,,,,,,,,,,,,,,,,,,,,,,,金,,,,,,,,,,,,,,,,火,,,,,,,,月,,,,,,,,,,,,
城東区,鴫野西,3丁目,4番,京橋南コーポ,,,,月木,,,,,,,,,,,,,,,,,,,,,,,,,,金,,,,,,,,,,,,,,,,火,,,,,,,,月,,,,,,,,,,,,
城東区,鴫野西,3丁目,4番,上記以外,,,,月木,,,,,,,,,,,,,,,,,,,,,,,,,,金,,,,,,,,,,,,,,,,火,,,,,,,,月,,,,,,,,,,,,
城東区,鴫野西,3丁目,5番,軽四輪車(小さい車)で収集している地域,,,,月木,,,,,,,,,,,,,,,,,,,,,,,,,金,,,,,,,,,,,,,,,,火,,,,,,,,,月,,,,,,,,,,,,
城東区,鴫野西,3丁目,5番,上記以外,,,,,月木,,,,,,,,,,,,,,,,,,,,,,,,金,,,,,,,,,,,,,,,,火,,,,,,,,,月,,,,,,,,,,,,
城東区,鴫野西,3丁目,6番,,,,,月木,,,,,,,,,,,,,,,,,,,,,,,,,,金,,,,,,,,,,,,,,,,火,,,,,,,,月,,,,,,,,,,,,
城東区,鴫野西,4丁目,1番,,,,,,月木,,,,,,,,,,,,,,,,,,,,,,,,,,,,金,,,,,,,,,,,,,火,,,,,,,,月,,,,,,,,,,,,
城東区,鴫野西,4丁目,2番,,,,,,月木,,,,,,,,,,,,,,,,,,,,,,,,,,,,金,,,,,,,,,,,,,火,,,,,,,,月,,,,,,,,,,,,
城東区,鴫野西,4丁目,3番,,,,,,月木,,,,,,,,,,,,,,,,,,,,,,,,,,,,金,,,,,,,,,,,,,,火,,,,,,,月,,,,,,,,,,,,
城東区,鴫野西,4丁目,4番,,,,,,月木,,,,,,,,,,,,,,,,,,,,,,,,,,金,,,,,,,,,,,,,,,,火,,,,,,,月,,,,,,,,,,,,
城東区,鴫野西,4丁目,5番,,,,,,月木,,,,,,,,,,,,,,,,,,,,,,,,,,,金,,,,,,,,,,,,,,火,,,,,,,,,,月,,,,,,,,,,
城東区,鴫野西,4丁目,6番,22･23号,,,,月木,,,,,,,,,,,,,,,,,,,,,,,,,,金,,,,,,,,,,,,,,,,火,,,,,,,,月,,,,,,,,,,,,
城東区,鴫野西,4丁目,6番,カサーレ大阪城公園,,,,月木,,,,,,,,,,,,,,,,,,,,,,,,,,金,,,,,,,,,,,,,,,,火,,,,,,,,,,,,,,,,,,,,
城東区,鴫野西,4丁目,6番,上記以外,,,,,月木,,,,,,,,,,,,,,,,,,,,,,,,,,,金,,,,,,,,,,,,,,,火,,,,,,,月,,,,,,,,,,,,
城東区,鴫野西,4丁目,7番,,,,,,月木,,,,,,,,,,,,,,,,,,,,,,,,,,金,,,,,,,,,,,,,,,火,,,,,,,,月,,,,,,,,,,,,
城東区,鴫野西,4丁目,8番,,,,,,月木,,,,,,,,,,,,,,,,,,,,,,,,,,金,,,,,,,,,,,,,,,火,,,,,,,,月,,,,,,,,,,,,
城東区,鴫野西,4丁目,9番,ウェルコートしぎの,,,,月木,,,,,,,,,,,,,,,,,,,,,,,,,,金,,,,,,,,,,,,,,,,火,,,,,,,,,,,,,,,,,,,,
城東区,鴫野西,4丁目,9番,上記以外,,,,月木,,,,,,,,,,,,,,,,,,,,,,,,,金,,,,,,,,,,,,,,,,,火,,,,,,,,月,,,,,,,,,,,,
城東区,鴫野西,4丁目,10番,シティコーポ鴫野,,,,月木,,,,,,,,,,,,,,,,,,,,,,,,,金,,,,,,,,,,,,,,,,火,,,,,,,,,,,,,,,,,,,,,
城東区,鴫野西,4丁目,10番,上記以外,,,,月木,,,,,,,,,,,,,,,,,,,,,,,,,金,,,,,,,,,,,,,,,,,火,,,,,,,,月,,,,,,,,,,,,
城東区,鴫野西,4丁目,17番,4~8号・鴫野宅舎,,,,月木,,,,,,,,,,,,,,,,,,,,,,,,,,,金,,,,,,,,,,,,,,,,火,,,,,,,月,,,,,,,,,,,,
城東区,鴫野西,4丁目,17番,上記以外,,,,,月木,,,,,,,,,,,,,,,,,,,,,,,,,,金,,,,,,,,,,,,,,,,火,,,,,,,月,,,,,,,,,,,,
城東区,鴫野西,4丁目,18番,,,,,,月木,,,,,,,,,,,,,,,,,,,,,,,,,,金,,,,,,,,,,,,,,,,,,火,,,,,,,月,,,,,,,,,,
城東区,鴫野西,5丁目,1番,軽四輪車(小さい車)で収集している地域,,,,月木,,,,,,,,,,,,,,,,,,,,,,,,,金,,,,,,,,,,,,,,,,,火,,,,,,,,月,,,,,,,,,,,,
城東区,鴫野西,5丁目,1番,上記以外,,,,,月木,,,,,,,,,,,,,,,,,,,,,,,,金,,,,,,,,,,,,,,,,,火,,,,,,,,月,,,,,,,,,,,,
城東区,鴫野西,5丁目,2番,軽四輪車(小さい車)で収集している地域,,,,月木,,,,,,,,,,,,,,,,,,,,,,,,,金,,,,,,,,,,,,,,,,,火,,,,,,,,月,,,,,,,,,,,,
城東区,鴫野西,5丁目,2番,上記以外,,,,,月木,,,,,,,,,,,,,,,,,,,,,,,,,,,金,,,,,,,,,,,,,,火,,,,,,,,月,,,,,,,,,,,,
城東区,鴫野西,5丁目,3番,市営鴫野住宅1~5棟,,,,月木,,,,,,,,,,,,,,,,,,,,,,,,,,金,,,,,,,,,,,,,,,,火,,,,,,,,月,,,,,,,,,,,,
城東区,鴫野西,5丁目,3番,上記以外,,,,月木,,,,,,,,,,,,,,,,,,,,,,,,,,金,,,,,,,,,,,,,,,,火,,,,,,,,月,,,,,,,,,,,,
城東区,鴫野西,5丁目,12番,5号キングマンション,,,,月木,,,,,,,,,,,,,,,,,,,,,,,,,,金,,,,,,,,,,,,,,,,火,,,,,,,,月,,,,,,,,,,,,
城東区,鴫野西,5丁目,12番,軽四輪車(小さい車)で収集している地域,,,,月木,,,,,,,,,,,,,,,,,,金,,,,,,,,,,,,,,,,,火,,,,,,,,,,,,,,,月,,,,,,,,,,,,
城東区,鴫野西,5丁目,12番,上記以外,,,,,月木,,,,,,,,,,,,,,,,,,,,,,,,,,金,,,,,,,,,,,,,,,,火,,,,,,,月,,,,,,,,,,,,
城東区,鴫野西,5丁目,13番,軽四輪車(小さい車)で収集している地域,,,,,月木,,,,,,,,,,,,,,,,,金,,,,,,,,,,,,,,,,,火,,,,,,,,,,,,,,,月,,,,,,,,,,,,
城東区,鴫野西,5丁目,13番,上記以外,,,,,月木,,,,,,,,,,,,,,,,,,,,,,,,,,,金,,,,,,,,,,,,,,,火,,,,,,,月,,,,,,,,,,,,
城東区,鴫野西,5丁目,14番,,,,,,月木,,,,,,,,,,,,,,,,,金,,,,,,,,,,,,,,,,,,,,,,,,火,,,,,,,,,,,,,,,,,,,,
城東区,鴫野西,5丁目,15番,,,,,,月木,,,,,,,,,,,,,,,,,,,,,,,,,,,金,,,,,,,,,,,,,,,,,,火,,,,,,,,,,,,,,,,
城東区,鴫野西,5丁目,16番,軽四輪車(小さい車)で収集している地域,,,,月木,,,,,,,,,,,,,,,,,,金,,,,,,,,,,,,,,,,火,,,,,,,,,,,,,,,,月,,,,,,,,,,,,
城東区,鴫野西,5丁目,16番,上記以外,,,,,月木,,,,,,,,,,,,,,,,,,,,,,,,,,,金,,,,,,,,,,,,,,,,火,,,,,,月,,,,,,,,,,,,
城東区,鴫野西,5丁目,17番,4号レヴィータ鴫野西,,,,月木,,,,,,,,,,,,,,,,,,,,,,,,,,金,,,,,,,,,,,,,,,,火,,,,,,,,月,,,,,,,,,,,,
城東区,鴫野西,5丁目,17番,上記以外,,,,,月木,,,,,,,,,,,,,,,,,,,,,,,,,金,,,,,,,,,,,,,,,,,火,,,,,,,月,,,,,,,,,,,,
城東区,鴫野西,5丁目,18番,40号ラ･ピアッツア鴫野西,,,,月木,,,,,,,,,,,,,,,,,,,,,,,,,,,,金,,,,,,,,,,,,,,,,火,,,,,,月,,,,,,,,,,,,
城東区,鴫野西,5丁目,18番,軽四輪車(小さい車)で収集している地域,,,,月木,,,,,,,,,,,,,,,,,,,金,,,,,,,,,,,,,,,,火,,,,,,,,,,,,,,,月,,,,,,,,,,,,
城東区,鴫野西,5丁目,18番,上記以外,,,,,月木,,,,,,,,,,,,,,,,,,,,,,,,,,,,金,,,,,,,,,,,,,,,,火,,,,,月,,,,,,,,,,,,
城東区,鴫野西,5丁目,19番,35号フォルターナ鴫野,,,,月木,,,,,,,,,,,,,,,,,,,,,,,,,,,,,金,,,,,,,,,,,,,,,,火,,,,,,,,,,,,,,,,,
城東区,鴫野西,5丁目,19番,軽四輪車(小さい車)で収集している地域,,,,月木,,,,,,,,,,,,,,,,,,,金,,,,,,,,,,,,,,,,火,,,,,,,,,,,,,,,月,,,,,,,,,,,,
城東区,鴫野西,5丁目,19番,上記以外,,,,,月木,,,,,,,,,,,,,,,,,,,,,,,,,,,,金,,,,,,,,,,,,,,,,火,,,,,,,月,,,,,,,,,,
城東区,鴫野西,5丁目,20番,軽四輪車(小さい車)で収集している地域,,,,,月木,,,,,,,,,,,,,,,,,,金,,,,,,,,,,,,,,,,火,,,,,,,,,,,,,,,,,,,,,,,,,,,
城東区,鴫野西,5丁目,20番,上記以外,,,,,月木,,,,,,,,,,,,,,,,,,,,,,,,,,,,金,,,,,,,,,,,,,,,,火,,,,,,,,,,,,,,,,,
城東区,鴫野西,5丁目,21番,軽四輪車(小さい車)で収集している地域,,,,,月木,,,,,,,,,,,,,,,,,,金,,,,,,,,,,,,,,,,火,,,,,,,,,,,,,,,,,,,,,,,,,,,
城東区,鴫野西,5丁目,21番,上記以外,,,,,月木,,,,,,,,,,,,,,,,,,,,,,,,,,,,金,,,,,,,,,,,,,,,,火,,,,,,,,,,,,,,,,,
城東区,鴫野西,5丁目,22番,,,,,,月木,,,,,,,,,,,,,,,,,,,,,,,,,,,,金,,,,,,,,,,,,,,,,火,,,,,,,,,,,,,,,,,
城東区,鴫野東,1丁目,1番,,,,,,月木,,,,,,,,,,,,,,,,,,,,,,,,,,,金,,,,,,,,,,,,,,火,,,,,,,,,,,,,,,,,,,,
城東区,鴫野東,1丁目,2番,,,,,,月木,,,,,,,,,,,,,,,,,,,,,,,,,,,金,,,,,,,,,,,,,,,火,,,,,,,,,,,,,,,,,,,
城東区,鴫野東,1丁目,3番,,,,,,月木,,,,,,,,,,,,,,,,,,,,,,,,,,,金,,,,,,,,,,,,,,,,,,火,,,,,,,,,,,,,,,,
城東区,鴫野東,1丁目,4番,,,,,,月木,,,,,,,,,,,,,,,,,,,,,,,,,,,金,,,,,,,,,,,,,,,,,火,,,,,,,,,,,,,,,,,
城東区,鴫野東,1丁目,5番,,,,,,月木,,,,,,,,,,,,,,,,,,,,,,,,,,,金,,,,,,,,,,,,,,火,,,,,,,,,,,,,,,,,,,,
城東区,鴫野東,1丁目,6番,,,,,,月木,,,,,,,,,,,,,,,,,,,,,,,,,,,金,,,,,,,,,,,,,,火,,,,,,,,,,,,,,,,,,,,
城東区,鴫野東,1丁目,7番,,,,,,月木,,,,,,,,,,,,,,,,,,,,,,,,,,,金,,,,,,,,,,,,,,火,,,,,,,,,,,,,,,,,,,,
城東区,鴫野東,1丁目,8番,軽四輪車(小さい車)で収集している地域,,,,,月木,,,,,,,,,,,,,,,,,,,,金,,,,,,,,,,,,,,,,,,,,,火,,,,,,,,,,,,,,,,,,,,
城東区,鴫野東,1丁目,8番,上記以外,,,,,月木,,,,,,,,,,,,,,,,,,,,,,,,,,,金,,,,,,,,,,,,,,火,,,,,,,,,,,,,,,,,,,,
城東区,鴫野東,1丁目,9番,,,,,,月木,,,,,,,,,,,,,,,,,,,,,,,,,,,金,,,,,,,,,,,,,,火,,,,,,,,,,,,,,,,,,,,
城東区,鴫野東,1丁目,10番,,,,,月木,,,,,,,,,,,,,,,,,,,,,金,,,,,,,,,,,,,,,,,,,,火,,,,,,,,,,,,,,,,,,,,,
城東区,鴫野東,1丁目,11番,,,,,月木,,,,,,,,,,,,,,,,,,,,,金,,,,,,,,,,,,,,,,,,,,,火,,,,,,,,,,,,,,,,,,,,
城東区,鴫野東,1丁目,12番,軽四輪車(小さい車)で収集している地域,,,,月木,,,,,,,,,,,,,,,,,,,,,金,,,,,,,,,,,,,,,,,,,,,火,,,,,,,,,,,,,,,,,,,,
城東区,鴫野東,1丁目,12番,上記以外,,,,,月木,,,,,,,,,,,,,,,,,,,,,,,,,,,金,,,,,,,,,,,,,,,火,,,,,,,,,,,,,,,,,,,
城東区,鴫野東,1丁目,13番,軽四輪車(小さい車)で収集している地域,,,,月木,,,,,,,,,,,,,,,,,,,,,金,,,,,,,,,,,,,,,,,,,,,火,,,,,,,,,,,,,,,,,,,,
城東区,鴫野東,1丁目,13番,上記以外,,,,,月木,,,,,,,,,,,,,,,,,,,,,,,,,,,金,,,,,,,,,,,,,,火,,,,,,,,,,,,,,,,,,,,
城東区,鴫野東,1丁目,14番,軽四輪車(小さい車)で収集している地域,,,,月木,,,,,,,,,,,,,,,,,,,,,金,,,,,,,,,,,,,,,,,,,,,火,,,,,,,,,,,,,,,,,,,,
城東区,鴫野東,1丁目,14番,上記以外,,,,月木,,,,,,,,,,,,,,,,,,,,,,,,,,,,金,,,,,,,,,,,,,,,火,,,,,,,,,,,,,,,,,,,
城東区,鴫野東,2丁目,1番,15･16･17･18･23号,,,,,月木,,,,,,,,,,,,,,,,,,,,,,,,,,金,,,,,,,,,,,,,,,,,,,火,,,,,,,,,,,,,,,,
城東区,鴫野東,2丁目,1番,上記以外,,,,月木,,,,,,,,,,,,,,,,,,,,,,,,,,,金,,,,,,,,,,,,,,,,,,,火,,,,,,,,,,,,,,,,
城東区,鴫野東,2丁目,2番,,,,,月木,,,,,,,,,,,,,,,,,,,,,,,,,,,金,,,,,,,,,,,,,,火,,,,,,,,,,,,,,,,,,,,,
城東区,鴫野東,2丁目,3番,,,,,月木,,,,,,,,,,,,,,,,,,,,,,,,,,,金,,,,,,,,,,,,,,火,,,,,,,,,,,,,,,,,,,,,
城東区,鴫野東,2丁目,4番,,,,,月木,,,,,,,,,,,,,,,,,,,,,,,,,,,金,,,,,,,,,,,,,,火,,,,,,,,,,,,,,,,,,,,,
城東区,鴫野東,2丁目,5番,,,,,月木,,,,,,,,,,,,,,,,,,,,,,,,,,,金,,,,,,,,,,,,,,火,,,,,,,,,,,,,,,,,,,,,
城東区,鴫野東,2丁目,6番,,,,,月木,,,,,,,,,,,,,,,,,,,,,,,,,,,金,,,,,,,,,,,,,,火,,,,,,,,,,,,,,,,,,,,,
城東区,鴫野東,2丁目,7番,,,,,月木,,,,,,,,,,,,,,,,,,,,,,,,,,,金,,,,,,,,,,,,,,火,,,,,,,,,,,,,,,,,,,,,
城東区,鴫野東,2丁目,8番,,,,,月木,,,,,,,,,,,,,,,,,,,,,,,,,,,金,,,,,,,,,,,,,,火,,,,,,,,,,,,,,,,,,,,,
城東区,鴫野東,2丁目,9番,,,,,月木,,,,,,,,,,,,,,,,,,,,,,,,,,,金,,,,,,,,,,,,,,火,,,,,,,,,,,,,,,,,,,,,
城東区,鴫野東,2丁目,10番,,,,,月木,,,,,,,,,,,,,,,,,,,,,,,,,,,金,,,,,,,,,,,,,,,,火,,,,,,,,,,,,,,,,,,,
城東区,鴫野東,2丁目,11番,10~16号,,,,,月木,,,,,,,,,,,,,,,,,,,,,,,,,,金,,,,,,,,,,,,,,火,,,,,,,,,,,,,,,,,,,,,
城東区,鴫野東,2丁目,11番,上記以外,,,,月木,,,,,,,,,,,,,,,,,,,,,,,,,,,金,,,,,,,,,,,,,,火,,,,,,,,,,,,,,,,,,,,,
城東区,鴫野東,2丁目,12番,,,,,,月木,,,,,,,,,,,,,,,,,,,,,,,,,,金,,,,,,,,,,,,,,,火,,,,,,,,,,,,,,,,,,,,
城東区,鴫野東,2丁目,13番,,,,,,月木,,,,,,,,,,,,,,,,,,,,,,,,,,金,,,,,,,,,,,,,,,,火,,,,,,,,,,,,,,,,,,,
城東区,鴫野東,2丁目,14番,,,,,,月木,,,,,,,,,,,,,,,,,,,,,,,,,,金,,,,,,,,,,,,,,,火,,,,,,,,,,,,,,,,,,,,
城東区,鴫野東,2丁目,15番,,,,,,月木,,,,,,,,,,,,,,,,,,,,,,,,,,金,,,,,,,,,,,,,,,火,,,,,,,,,,,,,,,,,,,,
城東区,鴫野東,2丁目,16番,,,,,,月木,,,,,,,,,,,,,,,,,,,,,,,,,,金,,,,,,,,,,,,,,,火,,,,,,,,,,,,,,,,,,,,
城東区,鴫野東,2丁目,17番,軽四輪車(小さい車)で収集している地域,,,,月木,,,,,,,,,,,,,,,,,,,,金,,,,,,,,,,,,,,,火,,,,,,,,,,,,,,,,,,,,,,,,,,,
城東区,鴫野東,2丁目,17番,上記以外,,,,月木,,,,,,,,,,,,,,,,,,,,金,,,,,,,,,,,,,,,火,,,,,,,,,,,,,,,,,,,,,,,,,,,
城東区,鴫野東,2丁目,18番,,,,,月木,,,,,,,,,,,,,,,,,,,,,,,,,,,金,,,,,,,,,,,,,,,火,,,,,,,,,,,,,,,,,,,,
城東区,鴫野東,2丁目,19番,7･8･10･11･14号,,,,月木,,,,,,,,,,,,,,,,,,,,,,,,,,,金,,,,,,,,,,,,,,,火,,,,,,,,,,,,,,,,,,,,
城東区,鴫野東,2丁目,19番,軽四輪車(小さい車)で収集している地域,,,,,月木,,,,,,,,,,,,,,,,,,金,,,,,,,,,,,,,,,火,,,,,,,,,,,,,,,,,,,,,,,,,,,,
城東区,鴫野東,2丁目,19番,上記以外,,,,,月木,,,,,,,,,,,,,,,,,,,,,,,,,,金,,,,,,,,,,,,,,,火,,,,,,,,,,,,,,,,,,,,
城東区,鴫野東,2丁目,20番,軽四輪車(小さい車)で収集している地域,,,,,月木,,,,,,,,,,,,,,,,,,金,,,,,,,,,,,,,,,火,,,,,,,,,,,,,,,,,,,,,,,,,,,,
城東区,鴫野東,2丁目,20番,上記以外,,,,,月木,,,,,,,,,,,,,,,,,,,,,,,,,,金,,,,,,,,,,,,,,,,火,,,,,,,,,,,,,,,,,,,
城東区,鴫野東,2丁目,21番,,,,,,月木,,,,,,,,,,,,,,,,,,,,,,,,,,金,,,,,,,,,,,,,,,,火,,,,,,,,,,,,,,,,,,,
城東区,鴫野東,2丁目,22番,,,,,,月木,,,,,,,,,,,,,,,,,,,,,,,,,,金,,,,,,,,,,,,,,,,火,,,,,,,,,,,,,,,,,,,
城東区,鴫野東,2丁目,23番,軽四輪車(小さい車)で収集している地域,,,,月木,,,,,,,,,,,,,,,,,,,金,,,,,,,,,,,,,,,火,,,,,,,,,,,,,,,,,,,,,,,,,,,,
城東区,鴫野東,2丁目,23番,上記以外,,,,,月木,,,,,,,,,,,,,,,,,,,,,,,,,,,金,,,,,,,,,,,,,,,火,,,,,,,,,,,,,,,,,,,
城東区,鴫野東,2丁目,24番,軽四輪車(小さい車)で収集している地域,,,,月木,,,,,,,,,,,,,,,,,,,金,,,,,,,,,,,,,,,火,,,,,,,,,,,,,,,,,,,,,,,,,,,,
城東区,鴫野東,2丁目,24番,上記以外,,,,,月木,,,,,,,,,,,,,,,,,,,,,,,,,,,金,,,,,,,,,,,,,,,火,,,,,,,,,,,,,,,,,,,
城東区,鴫野東,2丁目,25番,,,,,,月木,,,,,,,,,,,,,,,,,,,,,,,,,金,,,,,,,,,,,,,,,,火,,,,,,,,,,,,,,,,,,,,
城東区,鴫野東,2丁目,26番,軽四輪車(小さい車)で収集している地域,,,,,月木,,,,,,,,,,,,,,,,,,金,,,,,,,,,,,,,,,火,,,,,,,,,,,,,,,,,,,,,,,,,,,,
城東区,鴫野東,2丁目,26番,上記以外,,,,,月木,,,,,,,,,,,,,,,,,,,,,,,,,金,,,,,,,,,,,,,,,,火,,,,,,,,,,,,,,,,,,,,
城東区,鴫野東,2丁目,27番,,,,,月木,,,,,,,,,,,,,,,,,,,,,,,,,,金,,,,,,,,,,,,,,,,火,,,,,,,,,,,,,,,,,,,,
城東区,鴫野東,2丁目,28番,軽四輪車(小さい車)で収集している地域,,,,月木,,,,,,,,,,,,,,,,,,,金,,,,,,,,,,,,,,,,火,,,,,,,,,,,,,,,,,,,,,,,,,,,
城東区,鴫野東,2丁目,28番,上記以外,,,,月木,,,,,,,,,,,,,,,,,,,,,,,,,,金,,,,,,,,,,,,,,,,,火,,,,,,,,,,,,,,,,,,,
城東区,鴫野東,3丁目,1番,,,,,月木,,,,,,,,,,,,,,,,,,,金,,,,,,,,,,,,,,,,火,,,,,,,,,,,,,,,,,,,,,,,,,,,
城東区,鴫野東,3丁目,2番,軽四輪車(小さい車)で収集している地域,,,,月木,,,,,,,,,,,,,,,,,,金,,,,,,,,,,,,,,,,火,,,,,,,,,,,,,,,,,,,,,,,,,,,,
城東区,鴫野東,3丁目,2番,上記以外,,,,,月木,,,,,,,,,,,,,,,,,,,,,,,,,,,金,,,,,,,,,,,,,,,,火,,,,,,,,,,,,,,,,,,
城東区,鴫野東,3丁目,3番,軽四輪車(小さい車)で収集している地域,,,,月木,,,,,,,,,,,,,,,,,,金,,,,,,,,,,,,,,,,火,,,,,,,,,,,,,,,,,,,,,,,,,,,,
城東区,鴫野東,3丁目,3番,上記以外,,,,,月木,,,,,,,,,,,,,,,,,,,,,,,,,,,,金,,,,,,,,,,,,,,,火,,,,,,,,,,,,,,,,,,
城東区,鴫野東,3丁目,4番,,,,,,月木,,,,,,,,,,,,,,,,,,,,,,,,,,,金,,,,,,,,,,,,,,,火,,,,,,,,,,,,,,,,,,,
城東区,鴫野東,3丁目,5番,軽四輪車(小さい車)で収集している地域,,,,月木,,,,,,,,,,,,,,,,,,金,,,,,,,,,,,,,,,,火,,,,,,,,,,,,,,,,,,,,,,,,,,,,
城東区,鴫野東,3丁目,5番,上記以外,,,,,月木,,,,,,,,,,,,,,,,,,,,,,,,,,,金,,,,,,,,,,,,,,,,火,,,,,,,,,,,,,,,,,,
城東区,鴫野東,3丁目,6番,軽四輪車(小さい車)で収集している地域,,,,,月木,,,,,,,,,,,,,,,,,,金,,,,,,,,,,,,,,,,火,,,,,,,,,,,,,,,,,,,,,,,,,,,
城東区,鴫野東,3丁目,6番,上記以外,,,,,月木,,,,,,,,,,,,,,,,,,,,,,,,,,,金,,,,,,,,,,,,,,,,火,,,,,,,,,,,,,,,,,,
城東区,鴫野東,3丁目,7番,軽四輪車(小さい車)で収集している地域,,,,月木,,,,,,,,,,,,,,,,,,,金,,,,,,,,,,,,,,,,火,,,,,,,,,,,,,,,,,,,,,,,,,,,
城東区,鴫野東,3丁目,7番,上記以外,,,,,月木,,,,,,,,,,,,,,,,,,,,,,,,,,,金,,,,,,,,,,,,,,,,火,,,,,,,,,,,,,,,,,,
城東区,鴫野東,3丁目,8番,,,,,月木,,,,,,,,,,,,,,,,,,,金,,,,,,,,,,,,,,,,火,,,,,,,,,,,,,,,,,,,,,,,,,,,
城東区,鴫野東,3丁目,9番,軽四輪車(小さい車)で収集している地域,,,,月木,,,,,,,,,,,,,,,,,,金,,,,,,,,,,,,,,,,,火,,,,,,,,,,,,,,,,,,,,,,,,,,,
城東区,鴫野東,3丁目,9番,上記以外,,,,,月木,,,,,,,,,,,,,,,,,,,,,,,,,,,金,,,,,,,,,,,,,,,,火,,,,,,,,,,,,,,,,,,
城東区,鴫野東,3丁目,10番,軽四輪車(小さい車)で収集している地域,,,,月木,,,,,,,,,,,,,,,,,,,金,,,,,,,,,,,,,,,,火,,,,,,,,,,,,,,,,,,,,,,,,,,,
城東区,鴫野東,3丁目,10番,上記以外,,,,,月木,,,,,,,,,,,,,,,,,,,,,,,,,,金,,,,,,,,,,,,,,,,火,,,,,,,,,,,,,,,,,,,
城東区,鴫野東,3丁目,11番,,,,,月木,,,,,,,,,,,,,,,,,,金,,,,,,,,,,,,,,,,,火,,,,,,,,,,,,,,,,,,,,,,,,,,,
城東区,鴫野東,3丁目,12番,軽四輪車(小さい車)で収集している地域,,,,月木,,,,,,,,,,,,,,,,,,金,,,,,,,,,,,,,,,,火,,,,,,,,,,,,,,,,,,,,,,,,,,,,
城東区,鴫野東,3丁目,12番,上記以外,,,,,月木,,,,,,,,,,,,,,,,,金,,,,,,,,,,,,,,,,,,,,,,,,,火,,,,,,,,,,,,,,,,,,,
城東区,鴫野東,3丁目,13番,,,,,月木,,,,,,,,,,,,,,,,,,金,,,,,,,,,,,,,,,,火,,,,,,,,,,,,,,,,,,,,,,,,,,,,
城東区,鴫野東,3丁目,14番,,,,,月木,,,,,,,,,,,,,,,,,,金,,,,,,,,,,,,,,,,火,,,,,,,,,,,,,,,,,,,,,,,,,,,,
城東区,鴫野東,3丁目,15番,,,,,月木,,,,,,,,,,,,,,,,,,金,,,,,,,,,,,,,,,,,火,,,,,,,,,,,,,,,,,,,,,,,,,,,
城東区,鴫野東,3丁目,17番,,,,,,月木,,,,,,,,,,,,,,,,,,金,,,,,,,,,,,,,,,,火,,,,,,,,,,,,,,,,,,,,,,,,,,,
城東区,鴫野東,3丁目,18番,,,,,,月木,,,,,,,,,,,,,,,,,,金,,,,,,,,,,,,,,,,,火,,,,,,,,,,,,,,,,,,,,,,,,,,
城東区,鴫野東,3丁目,19番,軽四輪車(小さい車)で収集している地域,,,,,月木,,,,,,,,,,,,,,,,,金,,,,,,,,,,,,,,,,火,,,,,,,,,,,,,,,,,,,,,,,,,,,,
城東区,鴫野東,3丁目,19番,上記以外,,,,,月木,,,,,,,,,,,,,,,,,,金,,,,,,,,,,,,,,,,,,,,,,,,火,,,,,,,,,,,,,,,,,,,
城東区,鴫野東,3丁目,20番,軽四輪車(小さい車)で収集している地域,,,,,月木,,,,,,,,,,,,,,,,,,金,,,,,,,,,,,,,,,火,,,,,,,,,,,,,,,,,,,,,,,,,,,,
城東区,鴫野東,3丁目,20番,上記以外,,,,,月木,,,,,,,,,,,,,,,,,,金,,,,,,,,,,,,,,,,,,,,,,,,火,,,,,,,,,,,,,,,,,,,
城東区,鴫野東,3丁目,21番,軽四輪車(小さい車)で収集している地域,,,,,月木,,,,,,,,,,,,,,,,,,金,,,,,,,,,,,,,,,火,,,,,,,,,,,,,,,,,,,,,,,,,,,,
城東区,鴫野東,3丁目,21番,上記以外,,,,,月木,,,,,,,,,,,,,,,,,,金,,,,,,,,,,,,,,,,,,,,,,,,火,,,,,,,,,,,,,,,,,,,
城東区,鴫野東,3丁目,22番,軽四輪車(小さい車)で収集している地域,,,,,月木,,,,,,,,,,,,,,,,,,金,,,,,,,,,,,,,,,,火,,,,,,,,,,,,,,,,,,,,,,,,,,,
城東区,鴫野東,3丁目,22番,上記以外,,,,,月木,,,,,,,,,,,,,,,,,,,,,,,,,,,金,,,,,,,,,,,,,,,火,,,,,,,,,,,,,,,,,,,
城東区,鴫野東,3丁目,23番,軽四輪車(小さい車)で収集している地域,,,,,月木,,,,,,,,,,,,,,,,,,金,,,,,,,,,,,,,,,,火,,,,,,,,,,,,,,,,,,,,,,,,,,,
城東区,鴫野東,3丁目,23番,上記以外,,,,,月木,,,,,,,,,,,,,,,,,,金,,,,,,,,,,,,,,,,,,,,,,,,火,,,,,,,,,,,,,,,,,,,
城東区,鴫野東,3丁目,24番,軽四輪車(小さい車)で収集している地域,,,,,月木,,,,,,,,,,,,,,,,,,金,,,,,,,,,,,,,,,,火,,,,,,,,,,,,,,,,,,,,,,,,,,,
城東区,鴫野東,3丁目,24番,上記以外,,,,,月木,,,,,,,,,,,,,,,,,,金,,,,,,,,,,,,,,,,,,,,,,,,,火,,,,,,,,,,,,,,,,,,
城東区,鴫野東,3丁目,25番,,,,,,月木,,,,,,,,,,,,,,,,,,金,,,,,,,,,,,,,,,,火,,,,,,,,,,,,,,,,,,,,,,,,,,,
城東区,鴫野東,3丁目,26番,軽四輪車(小さい車)で収集している地域,,,,,月木,,,,,,,,,,,,,,,,,,金,,,,,,,,,,,,,,,,火,,,,,,,,,,,,,,,,,,,,,,,,,,,
城東区,鴫野東,3丁目,26番,上記以外,,,,,月木,,,,,,,,,,,,,,,,,,,,,,,,,,,金,,,,,,,,,,,,,,,,火,,,,,,,,,,,,,,,,,,
城東区,鴫野東,3丁目,27番,軽四輪車(小さい車)で収集している地域,,,,月木,,,,,,,,,,,,,,,,,,,金,,,,,,,,,,,,,,,火,,,,,,,,,,,,,,,,,,,,,,,,,,,,
城東区,鴫野東,3丁目,27番,上記以外,,,,,月木,,,,,,,,,,,,,,,,,,金,,,,,,,,,,,,,,,,,,,,,,,,火,,,,,,,,,,,,,,,,,,,
城東区,鴫野東,3丁目,28番,,,,,,月木,,,,,,,,,,,,,,,,,,,,金,,,,,,,,,,,,,火,,,,,,,,,,,,,,,,,,,,,,,,,,,,
城東区,鴫野東,3丁目,29番,,,,,,月木,,,,,,,,,,,,,,,,,,金,,,,,,,,,,,,,,,火,,,,,,,,,,,,,,,,,,,,,,,,,,,,
城東区,鴫野東,3丁目,30番,,,,,,月木,,,,,,,,,,,,,,,,,金,,,,,,,,,,,,,,,,,火,,,,,,,,,,,,,,,,,,,,,,,,,,,
城東区,鴫野東,3丁目,31番,,,,,,月木,,,,,,,,,,,,,,,,,,金,,,,,,,,,,,,,,,,火,,,,,,,,,,,,,,,,,,,,,,,,,,,
城東区,諏訪,1丁目,1番,,,,,,火金,,,,,,,,,,,,,,,,,,,,,,,,,木,,,,,,,,,,,,,,,月,,,,,,,,,,,,,,,,,,,,土,
城東区,諏訪,1丁目,2番,,,,,,火金,,,,,,,,,,,,,,,,,,,,,,,,,木,,,,,,,,,,,,,,,月,,,,,,,,,,,,,,,,,,,,土,
城東区,諏訪,1丁目,3番,,,,,,火金,,,,,,,,,,,,,,,,,,,,,,,,,木,,,,,,,,,,,,,,,,月,,,,,,,,,,,,,,,,,,,土,
城東区,諏訪,1丁目,4番,,,,,,火金,,,,,,,,,,,,,,,,,,,,,,,,,木,,,,,,,,,,,,,,,,月,,,,,,,,,,,,,,,,,,土,,
城東区,諏訪,1丁目,5番,,,,,,火金,,,,,,,,,,,,,,,,,,,,,,,,,木,,,,,,,,,,,,,,,,月,,,,,,,,,,,,,,,,,,土,,
城東区,諏訪,1丁目,6番,,,,,,火金,,,,,,,,,,,,,,,,,,,,,,,,,,,,木,,,,,,,,,,,,,月,,,,,,,,,,,,,,,,,,土,,
城東区,諏訪,1丁目,7番,,,,,,火金,,,,,,,,,,,,,,,,,,,,,,,,,木,,,,,,,,,,,,,,,,,月,,,,,,,,,,,,,,,,,,土,
城東区,諏訪,1丁目,8番,,,,,,火金,,,,,,,,,,,,,,,,,,,,,,,,木,,,,,,,,,,,,,,,,,,月,,,,,,,,,,,,,,,,土,,,
城東区,諏訪,1丁目,9番,,,,,,火金,,,,,,,,,,,,,,,,,,,,,,,,,木,,,,,,,,,,,,,,,,,月,,,,,,,,,,,,,,,,,,土,
城東区,諏訪,1丁目,10番,,,,,,火金,,,,,,,,,,,,,,,,,,,,,,,,,木,,,,,,,,,,,,,,,,,月,,,,,,,,,,,,,,,,,土,,
城東区,諏訪,1丁目,11番,,,,,,火金,,,,,,,,,,,,,,,,,,,,,,,,木,,,,,,,,,,,,,,,,月,,,,,,,,,,,,,,,,,,土,,,
城東区,諏訪,1丁目,12番,,,,,,火金,,,,,,,,,,,,,,,,,,,,,,,,,木,,,,,,,,,,,,,,,,月,,,,,,,,,,,,,,,,,,,土,
城東区,諏訪,1丁目,13番,,,,,,火金,,,,,,,,,,,,,,,,,,,,,,,,木,,,,,,,,,,,,,,,,月,,,,,,,,,,,,,,,,,,,,土,
城東区,諏訪,1丁目,14番,,,,,,火金,,,,,,,,,,,,,,,,,,,,,,,,木,,,,,,,,,,,,,,,,月,,,,,,,,,,,,,,,,,,土,,,
城東区,諏訪,1丁目,15番,,,,,,火金,,,,,,,,,,,,,,,,,,,,,,,,,木,,,,,,,,,,,,,,,,月,,,,,,,,,,,,,,,,,土,,,
城東区,諏訪,1丁目,16番,,,,,,火金,,,,,,,,,,,,,,,,,,,,,,,,,木,,,,,,,,,,,,,,,,月,,,,,,,,,,,,,,,,,土,,,
城東区,諏訪,1丁目,17番,,,,,,火金,,,,,,,,,,,,,,,,,,,,,,,,,木,,,,,,,,,,,,,,,,月,,,,,,,,,,,土,,,,,,,,,
城東区,諏訪,1丁目,18番,,,,,,火金,,,,,,,,,,,,,,,,,,,,,,,,,木,,,,,,,,,,,,,,,,月,,,,,,,,,,,,,,,,,土,,,
城東区,諏訪,2丁目,1番,,,,,,火金,,,,,,,,,,,,,,,,,,,,,,,,,,,,木,,,,,,,,,,,,月,,,,,,,,,,,,,,,,,,,,土,
城東区,諏訪,2丁目,2番,,,,,,火金,,,,,,,,,,,,,,,,,,,,,,,,,,,木,,,,,,,,,,,,,,月,,,,,,,,,,,,,,,,,,,土,
城東区,諏訪,2丁目,3番,,,,,,火金,,,,,,,,,,,,,,,,,,,,,,,,,,,木,,,,,,,,,,,,,,月,,,,,,,,,,,,,,,,,,,土,
城東区,諏訪,2丁目,4番,3~6・13~24号,,,,,火金,,,,,,,,,,,,,,,,,,,,,,,,,木,,,,,,,,,,,,,,,,月,,,,,,,,,,,,,,,,,土,,,
城東区,諏訪,2丁目,4番,7･8号,,,,,火金,,,,,,,,,,,,,,,,,,,,,,,,,木,,,,,,,,,,,,,,,,月,,,,,,,,,,,,,,,,,,,土,
城東区,諏訪,2丁目,5番,,,,,,火金,,,,,,,,,,,,,,,,,,,,,,,,,,木,,,,,,,,,,,,,,,月,,,,,,,,,,,,,,,,,,,土,
城東区,諏訪,2丁目,6番,,,,,,火金,,,,,,,,,,,,,,,,,,,,,,,,,,,木,,,,,,,,,,,,,,,月,,,,,,,,,,,,,,,,,,土,
城東区,諏訪,2丁目,7番,,,,,,火金,,,,,,,,,,,,,,,,,,,,,,,,,,木,,,,,,,,,,,,,,,月,,,,,,,,,,,,,,,,,土,,,
城東区,諏訪,2丁目,8番,2~34号,,,,,火金,,,,,,,,,,,,,,,,,,,,,,,,,,,木,,,,,,,,,,,,,,月,,,,,,,,,,,,,,,,,,,土,
城東区,諏訪,2丁目,8番,36~39号,,,,,火金,,,,,,,,,,,,,,,,,,,,,,,,,,,木,,,,,,,,,,,,,,月,,,,,,,,,,,,,,,,,土,,,
城東区,諏訪,2丁目,9番,4~17・25・33号,,,,,火金,,,,,,,,,,,,,,,,,,,,,,,,,,,木,,,,,,,,,,,,,,月,,,,,,,,,,,,,,,,,,,土,
城東区,諏訪,2丁目,9番,18~21・26・27号,,,,,火金,,,,,,,,,,,,,,,,,,,,,,,,,,,木,,,,,,,,,,,,,,月,,,,,,,,,,,,,,,,,土,,,
城東区,諏訪,2丁目,10番,,,,,,火金,,,,,,,,,,,,,,,,,,,,,,,,,,,木,,,,,,,,,,,,,,,月,,,,,,,,,,,,,,,,土,,,
城東区,諏訪,2丁目,11番,,,,,,火金,,,,,,,,,,,,,,,,,,,,,,,,,,,木,,,,,,,,,,,,,,月,,,,,,,,,,,,,,,,,,,土,
城東区,諏訪,2丁目,12番,,,,,,火金,,,,,,,,,,,,,,,,,,,,,,,,,,,木,,,,,,,,,,,,,,,月,,,,,,,,,,,,,,,,,,土,
城東区,諏訪,2丁目,13番,,,,,,火金,,,,,,,,,,,,,,,,,,,,,,,,,木,,,,,,,,,,,,,,,,月,,,,,,,,,,,,,,,,,,,土,
城東区,諏訪,2丁目,14番,軽四輪車(小さい車)で収集している地域,,,,,火金,,,,,,,,,,,,,,,,,,,,,,,,木,,,,,,,,,,,,,,,,,月,,,,,,,,,,,,,,,,,土,,,
城東区,諏訪,2丁目,14番,上記以外,,,,,火金,,,,,,,,,,,,,,,,,,,,,,,,,,,木,,,,,,,,,,,,,,,月,,,,,,,,,,,,,,,,,,土,
城東区,諏訪,2丁目,15番,,,,,,火金,,,,,,,,,,,,,,,,,,,,,,,,,,,木,,,,,,,,,,,,,,月,,,,,,,,,,,,,,,,,土,,,
城東区,諏訪,2丁目,16番,,,,,,火金,,,,,,,,,,,,,,,,,,,,,,,,,,木,,,,,,,,,,,,,,,月,,,,,,,,土,,,,,,,,,,,,
城東区,諏訪,3丁目,1番,,,,,,火金,,,,,,,,,,,,,,,,,,,,,,,,,木,,,,,,,,,,,,,,,,月,,,,,,,,,,,,,,,,,土,,,
城東区,諏訪,3丁目,2番,,,,,,火金,,,,,,,,,,,,,,,,,,,,,,,,,木,,,,,,,,,,,,,,,,月,,,,,,,,,,,,,,,,,土,,,
城東区,諏訪,3丁目,3番,,,,,,火金,,,,,,,,,,,,,,,,,,,,木,,,,,,,,,,,,,,,,,,,,,月,,,,,,,,,,,,,,,,,土,,,
城東区,諏訪,3丁目,4番,,,,,,火金,,,,,,,,,,,,,,,,,,,,,,,,,,,木,,,,,,,,,,,,,,月,,,,,,,,,,,,,,,,,土,,,
城東区,諏訪,3丁目,5番,,,,,,火金,,,,,,,,,,,,,,,,,,,,,,,,,,,木,,,,,,,,,,,,,,月,,,,,,,,,,,,,,,,,土,,,
城東区,諏訪,3丁目,6番,,,,,,火金,,,,,,,,,,,,,,,,,,,,,,,,,,,木,,,,,,,,,,,,,,,月,,,,,,,,,,,,,,,,土,,,
城東区,諏訪,3丁目,7番,,,,,,火金,,,,,,,,,,,,,,,,,,,,,,,,,,,木,,,,,,,,,,,,,,,月,,,,,,,,,,,,,,,,土,,,
城東区,諏訪,3丁目,8番,,,,,,火金,,,,,,,,,,,,,,,,,,,,,,,,,,木,,,,,,,,,,,,,,,,月,,,,,,,,,,,,,,,,土,,,
城東区,諏訪,3丁目,9番,1~17号,,,,,火金,,,,,,,,,,,,,,,,,,,,,,,,,,木,,,,,,,,,,,,,,,,月,,,,,,,土,,,,,,,,,,,,
城東区,諏訪,3丁目,9番,19~30号,,,,,火金,,,,,,,,,,,,,,,,,,,,,,,,,,木,,,,,,,,,,,,,,,,月,,,,,,,,,,,,,,,,,,土,
城東区,諏訪,3丁目,9番,31~34号,,,,,火金,,,,,,,,,,,,,,,,,,,,,,,,,,木,,,,,,,,,,,,,,,,月,,,,,,,,,,,,,,,,土,,,
城東区,諏訪,3丁目,10番,1~12号,,,,,火金,,,,,,,,,,,,,,,,,,,,,,,,,,,木,,,,,,,,,,,,,,,月,,,,,,,,,,,,,,,,,,土,
城東区,諏訪,3丁目,10番,34~37号,,,,,火金,,,,,,,,,,,,,,,,,,,,,,,,,,,木,,,,,,,,,,,,,,,月,,,,,,,,,,,,,,,,土,,,
城東区,諏訪,3丁目,12番,,,,,,火金,,,,,,,,,,,,,,,,,,,,,,,,,,,木,,,,,,,,,,,,,,月,,,,,,,,土,,,,,,,,,,,,
城東区,諏訪,3丁目,13番,,,,,,火金,,,,,,,,,,,,,,,,,,,,,,,,,,,木,,,,,,,,,,,,,,月,,,,,,,,土,,,,,,,,,,,,
城東区,諏訪,3丁目,14番,,,,,,火金,,,,,,,,,,,,,,,,,,,,,,,,,,,木,,,,,,,,,,,,,,,月,,,,,,,土,,,,,,,,,,,,
城東区,諏訪,3丁目,15番,,,,,,火金,,,,,,,,,,,,,,,,,,,,,,,,,,,木,,,,,,,,,,,,,,,月,,,,,,,土,,,,,,,,,,,,
城東区,諏訪,3丁目,16番,,,,,,火金,,,,,,,,,,,,,,,,,,,,,,,,,,,木,,,,,,,,,,,,,,月,,,,,,,,土,,,,,,,,,,,,
城東区,諏訪,3丁目,17番,1~3号,,,,,火金,,,,,,,,,,,,,,,,,,,,,,,,,,,木,,,,,,,,,,,,,,月,,,,,,,,,,,,,,,,,,,土,
城東区,諏訪,3丁目,17番,5~9号,,,,,火金,,,,,,,,,,,,,,,,,,,,,,,,,,,木,,,,,,,,,,,,,,月,,,,,,,,,,,,,,,,,土,,,
城東区,諏訪,3丁目,17番,16号,,,,,火金,,,,,,,,,,,,,,,,,,,,,,,,,,,木,,,,,,,,,,,,,,月,,,,,,,,土,,,,,,,,,,,,
城東区,諏訪,4丁目,1番,,,,,,火金,,,,,,,,,,,,,,,,,,,,,,,,,,,木,,,,,,,,,,,,,月,,,,,,,,,土,,,,,,,,,,,,
城東区,諏訪,4丁目,2番,10~21号,,,,,火金,,,,,,,,,,,,,,,,,,,,,,,,,,木,,,,,,,,,,,,,,月,,,,,,,,,,,,,,,,,,土,,,
城東区,諏訪,4丁目,2番,９・25号,,,,,火金,,,,,,,,,,,,,,,,,,,,,,,,,,木,,,,,,,,,,,,,,月,,,,,,,,,土,,,,,,,,,,,,
城東区,諏訪,4丁目,3番,,,,,,火金,,,,,,,,,,,,,,,,,,,,,,,,,,,木,,,,,,,,,,,,,,月,,,,,,,,,,,,,,,,,土,,,
城東区,諏訪,4丁目,4番,,,,,,火金,,,,,,,,,,,,,,,,,,,,,,,,,,,木,,,,,,,,,,,,,,月,,,,,,,,,,,,,,,,,土,,,
城東区,諏訪,4丁目,5番,,,,,,火金,,,,,,,,,,,,,,,,,,,,,,,,,,,木,,,,,,,,,,,,,,月,,,,,,,,,,,,,,,,,土,,,
城東区,諏訪,4丁目,6番,,,,,,火金,,,,,,,,,,,,,,,,,,,,,,,,,,,木,,,,,,,,,,,,,,月,,,,,,,,,,,,,,,,,土,,,
城東区,諏訪,4丁目,7番,1~10号,,,,,火金,,,,,,,,,,,,,,,,,,,,,,,,,,,木,,,,,,,,,,,,,,月,,,,,,,,土,,,,,,,,,,,,
城東区,諏訪,4丁目,7番,14~32号,,,,,火金,,,,,,,,,,,,,,,,,,,,,,,,,,,木,,,,,,,,,,,,,,月,,,,,,,,,,,,,,,,,土,,,
城東区,諏訪,4丁目,8番,6~12・20~32号,,,,,火金,,,,,,,,,,,,,,,,,,,,,,,,,,,木,,,,,,,,,,,,,,月,,,,,,,,土,,,,,,,,,,,,
城東区,諏訪,4丁目,8番,15~18号,,,,,火金,,,,,,,,,,,,,,,,,,,,,,,,,,,木,,,,,,,,,,,,,,月,,,,,,,,,,,,,,,,,土,,,
城東区,諏訪,4丁目,9番,,,,,,火金,,,,,,,,,,,,,,,,,,,,,,,,,,,木,,,,,,,,,,,,,月,,,,,,,,,土,,,,,,,,,,,,
城東区,諏訪,4丁目,10番,1~16・32号,,,,,火金,,,,,,,,,,,,,,,,,,,,,,,,,,,木,,,,,,,,,,,,,,月,,,,,,,,,,,,,,,,,土,,,
城東区,諏訪,4丁目,10番,17~27号,,,,,火金,,,,,,,,,,,,,,,,,,,,,,,,,,,木,,,,,,,,,,,,,,月,,,,,,,,土,,,,,,,,,,,,
城東区,諏訪,4丁目,11番,,,,,,火金,,,,,,,,,,,,,,,,,,,,,,,,,,,木,,,,,,,,,,,,,,月,,,,,,,,土,,,,,,,,,,,,
城東区,諏訪,4丁目,12番,,,,,,火金,,,,,,,,,,,,,,,,,,,,,,,,,,,木,,,,,,,,,,,,,月,,,,,,,,,土,,,,,,,,,,,,
城東区,諏訪,4丁目,13番,,,,,,火金,,,,,,,,,,,,,,,,,,,,,,,,,,,木,,,,,,,,,,,,,,月,,,,,,,,土,,,,,,,,,,,,
城東区,諏訪,4丁目,14番,2~15号,,,,,火金,,,,,,,,,,,,,,,,,,,,,,,,,,,木,,,,,,,,,,,,,,月,,,,,,,,土,,,,,,,,,,,,
城東区,諏訪,4丁目,14番,16~35号,,,,,火金,,,,,,,,,,,,,,,,,,,,,,,,,,,木,,,,,,,,,,,,,,月,,,,,,,,,,,,,,,,,土,,,
城東区,諏訪,4丁目,15番,,,,,,火金,,,,,,,,,,,,,,,,,,,,,,,,,,,木,,,,,,,,,,,,,,月,,,,,,,,,,,,,,,,,土,,,
城東区,諏訪,4丁目,16番,,,,,,火金,,,,,,,,,,,,,,,,,,,,,,,,,,,木,,,,,,,,,,,,,,月,,,,,,,,,,,,,,,,,土,,,
城東区,諏訪,4丁目,17番,,,,,,火金,,,,,,,,,,,,,,,,,,,,,,,,,,,,木,,,,,,,,,,,,,月,,,,,,,,,,,,,,,,,土,,,
城東区,諏訪,4丁目,18番,,,,,,火金,,,,,,,,,,,,,,,,,,,,,,,,,,,木,,,,,,,,,,,,,,月,,,,,,,,,,,,,,,,,土,,,
城東区,諏訪,4丁目,19番,,,,,,火金,,,,,,,,,,,,,,,,,,,,,,,,,,,木,,,,,,,,,,,,,,月,,,,,,,,,,,,,,,,,土,,,
城東区,諏訪,4丁目,20番,,,,,,火金,,,,,,,,,,,,,,,,,,,,,,,,,,,木,,,,,,,,,,,,,,月,,,,,,,,,,,,,,,,,土,,,
城東区,諏訪,4丁目,21番,1~11号,,,,,火金,,,,,,,,,,,,,,,,,,,,,,,,,,,木,,,,,,,,,,,,,,,月,,,,,,,土,,,,,,,,,,,,
城東区,諏訪,4丁目,21番,14~27号,,,,,火金,,,,,,,,,,,,,,,,,,,,,,,,,,,木,,,,,,,,,,,,,,,月,,,,,,,,,,,,,,,,土,,,
城東区,諏訪,4丁目,22番,,,,,,火金,,,,,,,,,,,,,,,,,,,,,,,,,,,木,,,,,,,,,,,,,,月,,,,,,,,土,,,,,,,,,,,,
城東区,諏訪,4丁目,23番,,,,,,火金,,,,,,,,,,,,,,,,,,,,,,,,,,,木,,,,,,,,,,,,,月,,,,,,,,,土,,,,,,,,,,,,
城東区,諏訪,4丁目,24番,,,,,,火金,,,,,,,,,,,,,,,,,,,,,,,,,,,木,,,,,,,,,,,,,,月,,,,,,,,土,,,,,,,,,,,,
城東区,成育,1丁目,1番,,,,,,水土,,,,,,,,,,,,,,,,,木,,,,,,,,,,,,,,,,,月,,,,,,,,,,,,,,,木,,,,,,,,,,,,
城東区,成育,1丁目,2番,,,,,,水土,,,,,,,,,,,,,,,,,,木,,,,,,,,,,,,,,,,月,,,,,,,,,,,,,,,木,,,,,,,,,,,,
城東区,成育,1丁目,3番,,,,,,水土,,,,,,,,,,,,,,,,,,木,,,,,,,,,,,,,,,月,,,,,,,,,,,,,,,,木,,,,,,,,,,,,
城東区,成育,1丁目,4番,,,,,,水土,,,,,,,,,,,,,,,,,,木,,,,,,,,,,,,,,,,,,,,,,,,,月,,,,,,木,,,,,,,,,,,,
城東区,成育,1丁目,5番,,,,,,水土,,,,,,,,,,,,,,,,,,,,,,,,,,,木,,,,,,,,,,,,,,,,,月,,,,,木,,,,,,,,,,,,
城東区,成育,1丁目,6番,,,,,,水土,,,,,,,,,,,,,,,,,,,,,,,,木,,,,,,,,,,,,,,,,,,,,月,,,,,木,,,,,,,,,,,,
城東区,成育,1丁目,7番,,,,,,水土,,,,,,,,,,,,,,,,,,木,,,,,,,,,,,,,,,,,,,,,,,,,,月,,,,,木,,,,,,,,,,,,
城東区,成育,1丁目,8番,,,,,,水土,,,,,,,,,,,,,,,,,,,,,,,,,,,木,,,,,,,,,,,,,,,,,月,,,,,木,,,,,,,,,,,,
城東区,成育,2丁目,1番,,,,,,水土,,,,,,,,,,,,,,,,,,木,,,,,,,,,,,,,,,,,,,,,,,,,月,,,,,,木,,,,,,,,,,,,
城東区,成育,2丁目,2番,,,,,,水土,,,,,,,,,,,,,,,,,木,,,,,,,,,,,,,,,,,,,,,,,,,,月,,,,,,木,,,,,,,,,,,,
城東区,成育,2丁目,3番,ドゥエリング成育,,,,,水土,,,,,,,,,,,,,,,,,木,,,,,,,,,,,,,,月,,,,,,,,,,,,,,,,,,,,,木,,,,,,,,,
城東区,成育,2丁目,3番,上記以外,,,,,水土,,,,,,,,,,,,,,,,,,木,,,,,,,,,,,,,,,月,,,,,,,,,,,,,,,,木,,,,,,,,,,,,
城東区,成育,2丁目,4番,,,,,,水土,,,,,,,,,,,,,,,,,,木,,,,,,,,,,,,,,,,月,,,,,,,,,,,,,,,木,,,,,,,,,,,,
城東区,成育,2丁目,5番,,,,,,水土,,,,,,,,,,,,,,,,,,木,,,,,,,,,,,,,,,,月,,,,,,,,,,,,,,,木,,,,,,,,,,,,
城東区,成育,2丁目,6番,,,,,,水土,,,,,,,,,,,,,,,,,,木,,,,,,,,,,,,,,,月,,,,,,,,,,,,,,,,木,,,,,,,,,,,,
城東区,成育,2丁目,7番,,,,,,水土,,,,,,,,,,,,,,,,,木,,,,,,,,,,,,,,,,月,,,,,,,,,,,,,,,,木,,,,,,,,,,,,
城東区,成育,2丁目,9番,,,,,,水土,,,,,,,,,,,,,,,,,,木,,,,,,,,,,,,,,,,月,,,,,,,,,,,,,,,木,,,,,,,,,,,,
城東区,成育,2丁目,10番,,,,,,水土,,,,,,,,,,,,,,,,,,木,,,,,,,,,,,,,,,,,,,,,,,,,月,,,,,,木,,,,,,,,,,,,
城東区,成育,2丁目,11番,大拓メゾン野江･野江センチュリーマンション,,,,,水土,,,,,,,,,,,,,,,,,,,,,,,,,,,,木,,,,,,,,,,,,,,,,月,,,,,,,,木,,,,,,,,,
城東区,成育,2丁目,11番,上記以外,,,,,水土,,,,,,,,,,,,,,,,,,木,,,,,,,,,,,,,,,,,,,,,,,,,,月,,,,,木,,,,,,,,,,,,
城東区,成育,2丁目,12番,シティハイツ成育,,,,,水土,,,,,,,,,,,,,,,,,,,,,,,,,,,,木,,,,,,,,,,,,,,,,月,,,,,,,,木,,,,,,,,,
城東区,成育,2丁目,12番,上記以外,,,,,水土,,,,,,,,,,,,,,,,,,木,,,,,,,,,,,,,,,月,,,,,,,,,,,,,,,,木,,,,,,,,,,,,
城東区,成育,2丁目,13番,,,,,,水土,,,,,,,,,,,,,,,,,,木,,,,,,,,,,,,,,,,,,,,,,,,,,月,,,,,木,,,,,,,,,,,,
城東区,成育,2丁目,14番,,,,,,水土,,,,,,,,,,,,,,,,,木,,,,,,,,,,,,,,,,月,,,,,,,,,,,,,,,,木,,,,,,,,,,,,
城東区,成育,2丁目,15番,,,,,,水土,,,,,,,,,,,,,,,,,,木,,,,,,,,,,,,,,,,月,,,,,,,,,,,,,,,木,,,,,,,,,,,,
城東区,成育,2丁目,16番,,,,,水土,,,,,,,,,,,,,,,,,,木,,,,,,,,,,,,,,,,,月,,,,,,,,,,,,,,,木,,,,,,,,,,,,
城東区,成育,3丁目,1番,,,,,,水土,,,,,,,,,,,,,,,,,金,,,,,,,,,,,,,,,,,火,,,,,,,,,,,,,,,木,,,,,,,,,,,,
城東区,成育,3丁目,2番,,,,,,水土,,,,,,,,,,,,,,,,,,金,,,,,,,,,,,,,,,,火,,,,,,,,,,,,,,,木,,,,,,,,,,,,
城東区,成育,3丁目,3番,メロディハイム野江駅前,,,,,水土,,,,,,,,,,,,,,,,,,金,,,,,,,,,,,,,火,,,,,,,,,,,,,,,,,,,,,木,,,,,,,,,
城東区,成育,3丁目,3番,上記以外,,,,,水土,,,,,,,,,,,,,,,,,,金,,,,,,,,,,,,,,,火,,,,,,,,,,,,,,,,木,,,,,,,,,,,,
城東区,成育,3丁目,4番,,,,,,水土,,,,,,,,,,,,,,,,,,金,,,,,,,,,,,,,,,,火,,,,,,,,,,,,,,,木,,,,,,,,,,,,
城東区,成育,3丁目,5番,,,,,,水土,,,,,,,,,,,,,,,,,,金,,,,,,,,,,,,,,,火,,,,,,,,,,,,,,,,木,,,,,,,,,,,,
城東区,成育,3丁目,6番,,,,,,水土,,,,,,,,,,,,,,,,,,金,,,,,,,,,,,,,,,火,,,,,,,,,,,,,,,,木,,,,,,,,,,,,
城東区,成育,3丁目,7番,,,,,,水土,,,,,,,,,,,,,,,,,,金,,,,,,,,,,,,,,,,火,,,,,,,,,,,,,,,木,,,,,,,,,,,,
城東区,成育,3丁目,8番,,,,,,水土,,,,,,,,,,,,,,,,,金,,,,,,,,,,,,,,,,,火,,,,,,,,,,,,,,,木,,,,,,,,,,,,
城東区,成育,3丁目,9番,,,,,,水土,,,,,,,,,,,,,,,,,金,,,,,,,,,,,,,,,,火,,,,,,,,,,,,,,,,木,,,,,,,,,,,,
城東区,成育,3丁目,10番,,,,,,水土,,,,,,,,,,,,,,,,,金,,,,,,,,,,,,,,,,,火,,,,,,,,,,,,,,,木,,,,,,,,,,,,
城東区,成育,3丁目,11番,,,,,,水土,,,,,,,,,,,,,,,,,,金,,,,,,,,,,,,,,,,火,,,,,,,,,,,,,,,木,,,,,,,,,,,,
城東区,成育,3丁目,12番,,,,,,水土,,,,,,,,,,,,,,,,,,金,,,,,,,,,,,,,,,火,,,,,,,,,,,,,,,,木,,,,,,,,,,,,
城東区,成育,3丁目,13番,,,,,,水土,,,,,,,,,,,,,,,,,金,,,,,,,,,,,,,,,,,火,,,,,,,,,,,,,,,木,,,,,,,,,,,,
城東区,成育,3丁目,14番,マンション･グロウス,,,,,水土,,,,,,,,,,,,,,,,,,金,,,,,,,,,,,,,火,,,,,,,,,,,,,,,,,,,,木,,,,,,,,,,
城東区,成育,3丁目,14番,上記以外,,,,,水土,,,,,,,,,,,,,,,,,金,,,,,,,,,,,,,,,,,火,,,,,,,,,,,,,,,木,,,,,,,,,,,,
城東区,成育,3丁目,15番,,,,,,水土,,,,,,,,,,,,,,,,,,金,,,,,,,,,,,,,,,,火,,,,,,,,,,,,,,,木,,,,,,,,,,,,
城東区,成育,3丁目,16番,軽四輪車(小さい車)で収集している地域,,,,,水土,,,,,,,,,,,,,,,,,,,,,,,,,,,,金,,,,,,,,,,,,火,,,,,,,,,木,,,,,,,,,,,,
城東区,成育,3丁目,16番,上記以外,,,,,水土,,,,,,,,,,,,,,,,,金,,,,,,,,,,,,,,,,,火,,,,,,,,,,,,,,,木,,,,,,,,,,,,
城東区,成育,3丁目,17番,,,,,,水土,,,,,,,,,,,,,,,,,,金,,,,,,,,,,,,,,,,火,,,,,,,,,,,,,,,木,,,,,,,,,,,,
城東区,成育,3丁目,19番,,,,,,水土,,,,,,,,,,,,,,,,,,金,,,,,,,,,,,,,,,火,,,,,,,,,,,,,,,,木,,,,,,,,,,,,
城東区,成育,4丁目,1番,軽四輪車(小さい車)で収集している地域,,,,水土,,,,,,,,,,,,,,,,,,,,,,,,,,,,金,,,,,,,,,,,,,,,火,,,,,,,木,,,,,,,,,,,,
城東区,成育,4丁目,1番,上記以外,,,,,水土,,,,,,,,,,,,,,,,,,金,,,,,,,,,,,,,,,火,,,,,,,,,,,,,,,,木,,,,,,,,,,,,
城東区,成育,4丁目,2番,,,,,水土,,,,,,,,,,,,,,,,,,,,,,,,,,,,金,,,,,,,,,,,,,火,,,,,,,,,,,,,,,,,,,,,
城東区,成育,4丁目,3番,軽四輪車(小さい車)で収集している地域,,,,水土,,,,,,,,,,,,,,,,,,,,,,,,,,,金,,,,,,,,,,,,,,,火,,,,,,,,,,,,,,,,,,,,
城東区,成育,4丁目,3番,上記以外,,,,,水土,,,,,,,,,,,,,,,,,,金,,,,,,,,,,,,,,,,火,,,,,,,,,,,,,,,,,,,,,,,,,,,
城東区,成育,4丁目,4番,軽四輪車(小さい車)で収集している地域,,,,水土,,,,,,,,,,,,,,,,,,,,,,,,,,,金,,,,,,,,,,,,,,火,,,,,,,,,,,,,,,,,,,,,
城東区,成育,4丁目,4番,上記以外,,,,,水土,,,,,,,,,,,,,,,,,,金,,,,,,,,,,,,,,,火,,,,,,,,,,,,,,,,,,,,,,,,,,,,
城東区,成育,4丁目,5番,軽四輪車(小さい車)で収集している地域,,,,水土,,,,,,,,,,,,,,,,,,,,,,,,,,金,,,,,,,,,,,,,,,火,,,,,,,,,,,,,,,,,,,,,
城東区,成育,4丁目,5番,上記以外,,,,,水土,,,,,,,,,,,,,,,,,,金,,,,,,,,,,,,,,,,火,,,,,,,,,,,,,,,,,,,,,,,,,,,
城東区,成育,4丁目,6番,軽四輪車(小さい車)で収集している地域,,,,水土,,,,,,,,,,,,,,,,,,,,,,,,,,金,,,,,,,,,,,,,,,火,,,,,,,,,,,,,,,,,,,,,
城東区,成育,4丁目,6番,上記以外,,,,,水土,,,,,,,,,,,,,,,,,金,,,,,,,,,,,,,,,,火,,,,,,,,,,,,,,,,,,,,,,,,,,,,
城東区,成育,4丁目,7番,軽四輪車(小さい車)で収集している地域,,,,,水土,,,,,,,,,,,,,,,,,,,,,,,,,,金,,,,,,,,,,,,,,,火,,,,,,,,木,,,,,,,,,,,,
城東区,成育,4丁目,7番,上記以外,,,,,水土,,,,,,,,,,,,,,,,,,金,,,,,,,,,,,,,,,火,,,,,,,,,,,,,,,,木,,,,,,,,,,,,
城東区,成育,4丁目,9番,軽四輪車(小さい車)で収集している地域,,,,,水土,,,,,,,,,,,,,,,,,,金,,,,,,,,,,,,,,,,,,,,,,,火,,,,,,,,木,,,,,,,,,,,,
城東区,成育,4丁目,9番,上記以外,,,,,水土,,,,,,,,,,,,,,,,,,金,,,,,,,,,,,,,,,,火,,,,,,,,,,,,,,,木,,,,,,,,,,,,
城東区,成育,4丁目,10番,,,,,,水土,,,,,,,,,,,,,,,,,,金,,,,,,,,,,,,,,,,火,,,,,,,,,,,,,,,木,,,,,,,,,,,,
城東区,成育,4丁目,11番,軽四輪車(小さい車)で収集している地域,,,,水土,,,,,,,,,,,,,,,,,,,,,,,,,,,,,金,,,,,,,,,,,,火,,,,,,,,,,,,,,,,,,,,,
城東区,成育,4丁目,11番,上記以外,,,,,水土,,,,,,,,,,,,,,,,,,金,,,,,,,,,,,,,,,,火,,,,,,,,,,,,,,,,,,,,,,,,,,,
城東区,成育,4丁目,12番,軽四輪車(小さい車)で収集している地域,,,,,水土,,,,,,,,,,,,,,,,,,,,,,,,,,,金,,,,,,,,,,,,,,火,,,,,,,,木,,,,,,,,,,,,
城東区,成育,4丁目,12番,上記以外,,,,,水土,,,,,,,,,,,,,,,,,,金,,,,,,,,,,,,,,,,火,,,,,,,,,,,,,,,木,,,,,,,,,,,,
城東区,成育,4丁目,13番,軽四輪車(小さい車)で収集している地域,,,,,水土,,,,,,,,,,,,,,,,,,,,,,,,,,,金,,,,,,,,,,,,,,火,,,,,,,,木,,,,,,,,,,,,
城東区,成育,4丁目,13番,上記以外,,,,,水土,,,,,,,,,,,,,,,,,,金,,,,,,,,,,,,,,,,火,,,,,,,,,,,,,,,木,,,,,,,,,,,,
城東区,成育,4丁目,14番,軽四輪車(小さい車)で収集している地域,,,,水土,,,,,,,,,,,,,,,,,,,,,,,,,,,,金,,,,,,,火,,,,,,,,,,,,,,,,,,,,,,,,,,,
城東区,成育,4丁目,14番,上記以外,,,,,水土,,,,,,,,,,,,,,,,,,,,,,,,,,,金,,,,,,,火,,,,,,,,,,,,,,,,,,,,,,,,,,,
城東区,成育,4丁目,15番,軽四輪車(小さい車)で収集している地域,,,,水土,,,,,,,,,,,,,,,,,,,金,,,,,,,,,,,,,,,,火,,,,,,,,,,,,,,,木,,,,,,,,,,,,
城東区,成育,4丁目,15番,上記以外,,,,,水土,,,,,,,,,,,,,,,,,,金,,,,,,,,,,,,,,,,火,,,,,,,,,,,,,,,木,,,,,,,,,,,,
城東区,成育,4丁目,16番,軽四輪車(小さい車)で収集している地域,,,,,水土,,,,,,,,,,,,,,,,,,,,,,,,,,金,,,,,,,,,,,,,,,火,,,,,,,,木,,,,,,,,,,,,
城東区,成育,4丁目,16番,上記以外,,,,,水土,,,,,,,,,,,,,,,,,金,,,,,,,,,,,,,,,,火,,,,,,,,,,,,,,,,木,,,,,,,,,,,,
城東区,成育,4丁目,17番,,,,,,水土,,,,,,,,,,,,,,,,,,金,,,,,,,,,,,,,,,,火,,,,,,,,,,,,,,,木,,,,,,,,,,,,
城東区,成育,4丁目,18番,,,,,,水土,,,,,,,,,,,,,,,,,,金,,,,,,,,,,,,,,,,火,,,,,,,,,,,,,,,木,,,,,,,,,,,,
城東区,成育,4丁目,19番,,,,,,水土,,,,,,,,,,,,,,,,,,金,,,,,,,,,,,,,,,,火,,,,,,,,,,,,,,,木,,,,,,,,,,,,
城東区,成育,4丁目,20番,,,,,,水土,,,,,,,,,,,,,,,,,,金,,,,,,,,,,,,,,,,火,,,,,,,,,,,,,,,木,,,,,,,,,,,,
城東区,成育,4丁目,21番,軽四輪車(小さい車)で収集している地域,,,,,水土,,,,,,,,,,,,,,,,,,,,,,,,,金,,,,,,,,,,,火,,,,,,,,,,,,,木,,,,,,,,,,,,
城東区,成育,4丁目,21番,上記以外,,,,,水土,,,,,,,,,,,,,,,,,,金,,,,,,,,,,,,,,,,火,,,,,,,,,,,,,,,木,,,,,,,,,,,,
城東区,成育,4丁目,22番,軽四輪車(小さい車)で収集している地域,,,,水土,,,,,,,,,,,,,,,,,,,,,,,,,,,金,,,,,,,,,,火,,,,,,,,,,,,,木,,,,,,,,,,,,
城東区,成育,4丁目,22番,上記以外,,,,,水土,,,,,,,,,,,,,,,,,金,,,,,,,,,,,,,,,,火,,,,,,,,,,,,,,,,木,,,,,,,,,,,,
城東区,成育,4丁目,23番,軽四輪車(小さい車)で収集している地域,,,,水土,,,,,,,,,,,,,,,,,,,,,,,,,,,金,,,,,,,,,,火,,,,,,,,,,,,,木,,,,,,,,,,,,
城東区,成育,4丁目,23番,上記以外,,,,,水土,,,,,,,,,,,,,,,,,,金,,,,,,,,,,,,,,,,火,,,,,,,,,,,,,,,木,,,,,,,,,,,,
城東区,成育,4丁目,24番,軽四輪車(小さい車)で収集している地域,,,,,水土,,,,,,,,,,,,,,,,,,,,,,,,,,,金,,,,,,,,,火,,,,,,,,,,,,,木,,,,,,,,,,,,
城東区,成育,4丁目,24番,上記以外,,,,,水土,,,,,,,,,,,,,,,,,,金,,,,,,,,,,,,,,,,火,,,,,,,,,,,,,,,木,,,,,,,,,,,,
城東区,成育,4丁目,25番,軽四輪車(小さい車)で収集している地域,,,,,水土,,,,,,,,,,,,,,,,,,,,,,,,,,,金,,,,,,,,,火,,,,,,,,,,,,,木,,,,,,,,,,,,
城東区,成育,4丁目,25番,上記以外,,,,,水土,,,,,,,,,,,,,,,,,,金,,,,,,,,,,,,,,,,火,,,,,,,,,,,,,,,木,,,,,,,,,,,,
城東区,成育,4丁目,26番,ボヌール関目･34~37号,,,,,水土,,,,,,,,,,,,,,,,,,金,,,,,,,,,,,,,火,,,,,,,,,,,,,,,,,,木,,,,,,,,,,,,
城東区,成育,4丁目,26番,軽四輪車(小さい車)で収集している地域,,,,,水土,,,,,,,,,,,,,,,,,,,,,,,,,,,金,,,,,,,,,火,,,,,,,,,,,,,木,,,,,,,,,,,,
城東区,成育,4丁目,26番,上記以外,,,,,水土,,,,,,,,,,,,,,,,,,金,,,,,,,,,,,,,,,火,,,,,,,,,,,,,,,,木,,,,,,,,,,,,
城東区,成育,4丁目,27番,3号ソレイユルヴァン,,,,,水土,,,,,,,,,,,,,,,,,,金,,,,,,,,,,,,,火,,,,,,,,,,,,,,,,,,木,,,,,,,,,,,,
城東区,成育,4丁目,27番,軽四輪車(小さい車)で収集している地域,,,,,水土,,,,,,,,,,,,,,,,,,,,,,,,,,,金,,,,,,,,,火,,,,,,,,,,,,,木,,,,,,,,,,,,
城東区,成育,4丁目,27番,上記以外,,,,,水土,,,,,,,,,,,,,,,,,,金,,,,,,,,,,,,,,,,火,,,,,,,,,,,,,,,木,,,,,,,,,,,,
城東区,成育,4丁目,28番,1~16号,,,,,水土,,,,,,,,,,,,,,,,,,金,,,,,,,,,,,,,,,,火,,,,,,,,,,,,,,,木,,,,,,,,,,,,
城東区,成育,4丁目,28番,上記以外,,,,,水土,,,,,,,,,,,,,,,,,,金,,,,,,,,,,,,,,,,火,,,,,,,,,,,,,,,木,,,,,,,,,,,,
城東区,成育,4丁目,29番,,,,,,水土,,,,,,,,,,,,,,,,,,金,,,,,,,,,,,,,,,,火,,,,,,,,,,,,,,,木,,,,,,,,,,,,
城東区,成育,5丁目,1番,軽四輪車(小さい車)で収集している地域,,,,水土,,,,,,,,,,,,,,,,,,,,,,,,,,,金,,,,,,,,,,,,,,,火,,,,,,,,木,,,,,,,,,,,,
城東区,成育,5丁目,1番,上記以外,,,,,水土,,,,,,,,,,,,,,,,,,金,,,,,,,,,,,,,,,火,,,,,,,,,,,,,,,,木,,,,,,,,,,,,
城東区,成育,5丁目,2番,軽四輪車(小さい車)で収集している地域,,,,水土,,,,,,,,,,,,,,,,,,,,,,,,,,,金,,,,,,,,,,,,,,火,,,,,,,,,木,,,,,,,,,,,,
城東区,成育,5丁目,2番,上記以外,,,,,水土,,,,,,,,,,,,,,,,,,金,,,,,,,,,,,,,,,火,,,,,,,,,,,,,,,,木,,,,,,,,,,,,
城東区,成育,5丁目,3番,軽四輪車(小さい車)で収集している地域,,,,水土,,,,,,,,,,,,,,,,,,,,,,,,,,金,,,,,,,,,,,,,,,,火,,,,,,,,木,,,,,,,,,,,,
城東区,成育,5丁目,3番,上記以外,,,,,水土,,,,,,,,,,,,,,,,,,金,,,,,,,,,,,,,,,,火,,,,,,,,,,,,,,,木,,,,,,,,,,,,
城東区,成育,5丁目,4番,軽四輪車(小さい車)で収集している地域,,,,,水土,,,,,,,,,,,,,,,,,,,,,,,,,金,,,,,,,,,,,,,,,,火,,,,,,,,木,,,,,,,,,,,,
城東区,成育,5丁目,4番,上記以外,,,,,水土,,,,,,,,,,,,,,,,,,金,,,,,,,,,,,,,,,火,,,,,,,,,,,,,,,,木,,,,,,,,,,,,
城東区,成育,5丁目,5番,,,,,,水土,,,,,,,,,,,,,,,,,,,,,,,,,金,,,,,,,,,,,,,,,,火,,,,,,,,木,,,,,,,,,,,,
城東区,成育,5丁目,6番,軽四輪車(小さい車)で収集している地域,,,,,水土,,,,,,,,,,,,,,,,,,,,,,,,,,,,,金,,,,,,,,,,,,火,,,,,,,,木,,,,,,,,,,,,
城東区,成育,5丁目,6番,上記以外,,,,,水土,,,,,,,,,,,,,,,,,,金,,,,,,,,,,,,,,,火,,,,,,,,,,,,,,,,木,,,,,,,,,,,,
城東区,成育,5丁目,7番,,,,,水土,,,,,,,,,,,,,,,,,,,,,,,,,,,,,,金,,,,,,,,,,,火,,,,,,,,,木,,,,,,,,,,,,
城東区,成育,5丁目,8番,軽四輪車(小さい車)で収集している地域,,,,水土,,,,,,,,,,,,,,,,,,,,,,,,,,,,,,金,,,,,,,,,,,火,,,,,,,,,木,,,,,,,,,,,,
城東区,成育,5丁目,8番,上記以外,,,,,水土,,,,,,,,,,,,,,,,,,金,,,,,,,,,,,,,,,火,,,,,,,,,,,,,,,,木,,,,,,,,,,,,
城東区,成育,5丁目,9番,軽四輪車(小さい車)で収集している地域,,,,水土,,,,,,,,,,,,,,,,,,,,,,,,,,,,,金,,,,,,,,,,,,,火,,,,,,,,木,,,,,,,,,,,,
城東区,成育,5丁目,9番,上記以外,,,,,水土,,,,,,,,,,,,,,,,,金,,,,,,,,,,,,,,,,火,,,,,,,,,,,,,,,,木,,,,,,,,,,,,
城東区,成育,5丁目,10番,,,,,,水土,,,,,,,,,,,,,,,,,,,,,,,,,,,,金,,,,,,,,,,,,火,,,,,,,,,木,,,,,,,,,,,,
城東区,成育,5丁目,11番,,,,,,水土,,,,,,,,,,,,,,,,,,,,,,,,,,,,,金,,,,,,,,,,,火,,,,,,,,,木,,,,,,,,,,,,
城東区,成育,5丁目,12番,,,,,水土,,,,,,,,,,,,,,,,,,,,,,,,,,,,,,金,,,,,,,,,,,火,,,,,,,,,木,,,,,,,,,,,,
城東区,成育,5丁目,13番,,,,,水土,,,,,,,,,,,,,,,,,,,,,,,,,,,金,,,,,,,,,,,,,,火,,,,,,,,,木,,,,,,,,,,,,
城東区,成育,5丁目,14番,軽四輪車(小さい車)で収集している地域,,,,,水土,,,,,,,,,,,,,,,,,,,,,,,,,,金,,,,,,,,,,,,,,火,,,,,,,,,木,,,,,,,,,,,,
城東区,成育,5丁目,14番,上記以外,,,,,水土,,,,,,,,,,,,,,,,,,金,,,,,,,,,,,,,,,,火,,,,,,,,,,,,,,,木,,,,,,,,,,,,
城東区,成育,5丁目,15番,軽四輪車(小さい車)で収集している地域,,,,,水土,,,,,,,,,,,,,,,,,,,,,,,,,金,,,,,,,,,,,,,,,火,,,,,,,,,木,,,,,,,,,,,,
城東区,成育,5丁目,15番,上記以外,,,,,水土,,,,,,,,,,,,,,,,,金,,,,,,,,,,,,,,,,火,,,,,,,,,,,,,,,,木,,,,,,,,,,,,
城東区,成育,5丁目,16番,軽四輪車(小さい車)で収集している地域,,,,水土,,,,,,,,,,,,,,,,,,,,,,,,,,金,,,,,,,,,,,,,,,火,,,,,,,,,木,,,,,,,,,,,,
城東区,成育,5丁目,16番,上記以外,,,,,水土,,,,,,,,,,,,,,,,,,金,,,,,,,,,,,,,,,火,,,,,,,,,,,,,,,,木,,,,,,,,,,,,
城東区,成育,5丁目,17番,,,,,,水土,,,,,,,,,,,,,,,,,,,,,,,,,金,,,,,,,,,,,,,,,火,,,,,,,,,木,,,,,,,,,,,,
城東区,成育,5丁目,18番,,,,,,水土,,,,,,,,,,,,,,,,,,,,,,,,,金,,,,,,,,火,,,,,,,,,,,,,,,,木,,,,,,,,,,,,
城東区,成育,5丁目,19番,,,,,,水土,,,,,,,,,,,,,,,,,,,,,,,,,金,,,,,,,,火,,,,,,,,,,,,,,,,木,,,,,,,,,,,,
城東区,成育,5丁目,20番,,,,,,水土,,,,,,,,,,,,,,,,,,金,,,,,,,,,,,,,,,,火,,,,,,,,,,,,,,,木,,,,,,,,,,,,
城東区,成育,5丁目,21番,軽四輪車(小さい車)で収集している地域,,,,水土,,,,,,,,,,,,,,,,,,,,,,,,,,金,,,,,,,,,,,,,,,火,,,,,,,,,木,,,,,,,,,,,,
城東区,成育,5丁目,21番,上記以外,,,,,水土,,,,,,,,,,,,,,,,,,金,,,,,,,,,,,,,,,火,,,,,,,,,,,,,,,,木,,,,,,,,,,,,
城東区,成育,5丁目,22番,軽四輪車(小さい車)で収集している地域,,,,水土,,,,,,,,,,,,,,,,,,,,,,,,,,金,,,,,,,,,,,,,,,火,,,,,,,,,木,,,,,,,,,,,,
城東区,成育,5丁目,22番,上記以外,,,,,水土,,,,,,,,,,,,,,,,,金,,,,,,,,,,,,,,,,火,,,,,,,,,,,,,,,,木,,,,,,,,,,,,
城東区,成育,5丁目,23番,,,,,,水土,,,,,,,,,,,,,,,,,金,,,,,,,,,,,,,,,,火,,,,,,,,,,,,,,,,木,,,,,,,,,,,,
城東区,関目,1丁目,1番,,,,,,火金,,,,,,,,,,,,,,,,,,,,,,,,,,,月,,,,,,,,,,,,,,,,木,,,,,,,,,,,,,,,,,,木
城東区,関目,1丁目,2番,,,,,,火金,,,,,,,,,,,,,,,,,,,,,,,,,,,月,,,,,,,,,,,,,,,,,木,,,,,,,,,,,,,,木,,,
城東区,関目,1丁目,3番,,,,,,火金,,,,,,,,,,,,,,,,,,,,,,,,,,月,,,,,,,,,,,,,,,,,木,,,,,,,,,,,,,,,木,,,
城東区,関目,1丁目,4番,,,,,,火金,,,,,,,,,,,,,,,,,,,,,,,,,,月,,,,,,,,,,,,,,,,,木,,,,,,木,,,,,,,,,,,,
城東区,関目,1丁目,5番,,,,,,火金,,,,,,,,,,,,,,,,,,,,,,,,,,月,,,,,,,,,,,,,,,,木,,,,,,,木,,,,,,,,,,,,
城東区,関目,1丁目,6番,,,,,,火金,,,,,,,,,,,,,,,,,,,,,,,,,,月,,,,,,,,,,,,,,,,木,,,,,,,,,,木,,,,,,,,,
城東区,関目,1丁目,7番,,,,,,火金,,,,,,,,,,,,,,,,,,,,,,,,,,月,,,,,,,,,,,,,,,,木,,,,,,,,,,木,,,,,,,,,
城東区,関目,1丁目,8番,,,,,,火金,,,,,,,,,,,,,,,,,,,,,,,,,,,,月,,,,,,,,,,,,,,,木,,,,,,,,,,,,,,,木,,,
城東区,関目,1丁目,9番,,,,,,火金,,,,,,,,,,,,,,,,,,,,,,,,,,,,月,,,,,,,,,,,,,,,木,,,,,,,,,,,,,,,木,,,
城東区,関目,1丁目,10番,,,,,,火金,,,,,,,,,,,,,,,,,,,,,,,,,,月,,,,,,,,,,,,,,,,,木,,,,,,,,,,,,,,,木,,,
城東区,関目,1丁目,11番,,,,,,火金,,,,,,,,,,,,,,,,,,,,,,,,,,月,,,,,,,,,,,,,,,,,木,,,,,,,,,,,,,,,木,,,
城東区,関目,1丁目,12番,,,,,,火金,,,,,,,,,,,,,,,,,,,,,,,,,,,月,,,,,,,,,,,,,,,,,木,,,,,,,,,,,,,,木,,,
城東区,関目,1丁目,13番,,,,,,火金,,,,,,,,,,,,,,,,,,,,,,,,,,,月,,,,,,,,,,,,,,,,木,,,,,,,,,,,,,,,,,,木
城東区,関目,1丁目,14番,,,,,,火金,,,,,,,,,,,,,,,,,,,,,,,,,,,月,,,,,,,,,,,,,,,,木,,,,,,,,,,,,,,,,,,木
城東区,関目,1丁目,15番,,,,,,火金,,,,,,,,,,,,,,,,,,,,,,,,,,,月,,,,,,,,,,,,,,,,木,,,,,,,,,,,,,,,,,,木
城東区,関目,1丁目,16番,軽四輪車(小さい車)で収集している地域,,,,火金,,,,,,,,,,,,,,,,,,,,,,,,,,,,,月,,,,,,,,,,,,,,,木,,,,,,,,,,,,,,,,,,木
城東区,関目,1丁目,16番,上記以外,,,,,火金,,,,,,,,,,,,,,,,,,,,,,,,,,,月,,,,,,,,,,,,,,,,木,,,,,,,,,,,,,,,,,木,
城東区,関目,1丁目,17番,,,,,,火金,,,,,,,,,,,,,,,,,,,,,,,,,,,月,,,,,,,,,,,,,,,,木,,,,,,,,,,,,,,,木,,,
城東区,関目,1丁目,18番,,,,,,火金,,,,,,,,,,,,,,,,,,,,,,,,,,,月,,,,,,,,,,,,,,,,木,,,,,,,,,,,,,,,木,,,
城東区,関目,1丁目,19番,,,,,,火金,,,,,,,,,,,,,,,,,,,,,,,,,,,月,,,,,,,,,,,,,,,,木,,,,,,,,,,,,,,,木,,,
城東区,関目,1丁目,20番,,,,,,火金,,,,,,,,,,,,,,,,,,,,,,,,,,,,月,,,,,,,,,,,,,,,木,,,,,,,,,,,,,,,木,,,
城東区,関目,1丁目,21番,,,,,,火金,,,,,,,,,,,,,,,,,,,,,,,,,,,月,,,,,,,,,,,,,,,,木,,,,,,,,,,,,,,,木,,,
城東区,関目,1丁目,22番,,,,,,火金,,,,,,,,,,,,,,,,,,,,,,,,,,,月,,,,,,,,,,,,,,,,木,,,,,,,,,,,,,,,木,,,
城東区,関目,1丁目,23番,,,,,,火金,,,,,,,,,,,,,,,,,,,,,,,,,,,月,,,,,,,,,,,,,,,,木,,,,,,,,,,,,,,,木,,,
城東区,関目,1丁目,24番,,,,,,火金,,,,,,,,,,,,,,,,,,,,,,,,,,,月,,,,,,,,,,,,,,,,木,,,,,,,,,,,,,,,木,,,
城東区,関目,2丁目,1番,,,,,,火金,,,,,,,,,,,,,,,,,,,,,,,,,,,月,,,,,,,,,,,,,,,,木,,,,,,,,,,,,,,,木,,,
城東区,関目,2丁目,2番,,,,,,火金,,,,,,,,,,,,,,,,,,,,,,,,,,,月,,,,,,,,,,,,,,,,木,,,,,,,,,,,,,,,木,,,
城東区,関目,2丁目,3番,,,,,,火金,,,,,,,,,,,,,,,,,,,,,,,,,,,月,,,,,,,,,,,,,,,,木,,,,,,,,,,,,,,,木,,,
城東区,関目,2丁目,4番,,,,,,火金,,,,,,,,,,,,,,,,,,,,,,,,,,,,月,,,,,,,,,,,,,,,,木,,,,,,,,,,,,,,木,,,
城東区,関目,2丁目,5番,,,,,,火金,,,,,,,,,,,,,,,,,,,,,,,,,,,,月,,,,,,,,,,,,,,,,木,,,,,,,,,,,,,,木,,,
城東区,関目,2丁目,6番,,,,,,火金,,,,,,,,,,,,,,,,,,,,,,,,,,,,月,,,,,,,,,,,,,,,,木,,,,,,,,,,,,,,木,,,
城東区,関目,2丁目,7番,,,,,,火金,,,,,,,,,,,,,,,,,,,,,,,,,,,,月,,,,,,,,,,,,,,,木,,,,,,,,,木,,,,,,,,,
城東区,関目,2丁目,8番,すみれ橋第2コーポ3号･4号棟,,,,火金,,,,,,,,,,,,,,,,,,,,,,,,,,,,,月,,,,,,,,,,,,,,,,木,,,,,,,,,,,,,,,木,,
城東区,関目,2丁目,8番,上記以外,,,,,火金,,,,,,,,,,,,,,,,,,,,,,,,,,,,月,,,,,,,,,,,,,,,,,木,,,,,,,,,,,,,木,,,
城東区,関目,2丁目,9番,32・33号,,,,火金,,,,,,,,,,,,,,,,,,,,,,,,,,,,,月,,,,,,,,,,,,,,,木,,,,,,,,,,,,,,,木,,,
城東区,関目,2丁目,9番,上記以外,,,,,火金,,,,,,,,,,,,,,,,,,,,,,,,,,,,月,,,,,,,,,,,,,,,木,,,,,,,,,,,,,,,木,,,
城東区,関目,2丁目,10番,,,,,,火金,,,,,,,,,,,,,,,,,,,,,,,,,,,月,,,,,,,,,,,,,,,,木,,,,,,,,,,,,,,,木,,,
城東区,関目,2丁目,11番,,,,,,火金,,,,,,,,,,,,,,,,,,,,,,,,,,,,月,,,,,,,,,,,,,,,木,,,,,,,,,,,,,,,木,,,
城東区,関目,2丁目,12番,,,,,,火金,,,,,,,,,,,,,,,,,,,,,,,,,,,月,,,,,,,,,,,,,,,,,木,,,,,,,,,,,,,,木,,,
城東区,関目,2丁目,13番,,,,,,火金,,,,,,,,,,,,,,,,,,,,,,,,,,,月,,,,,,,,,,,,,,,,木,,,,,,,,,,,,,,,木,,,
城東区,関目,2丁目,14番,,,,,,火金,,,,,,,,,,,,,,,,,,,,,,,,,,,,月,,,,,,,,,,,,,,,木,,,,,,,,,,,,,,,木,,,
城東区,関目,2丁目,15番,,,,,,火金,,,,,,,,,,,,,,,,,,,,,,,,,,,,月,,,,,,,,,,,,,,,木,,,,,,,,,,,,,,,木,,,
城東区,関目,2丁目,16番,,,,,,火金,,,,,,,,,,,,,,,,,,,,,,,,,,,,月,,,,,,,,,,,,,,,木,,,,,,,,,,,,,,,木,,,
城東区,関目,2丁目,17番,,,,,,火金,,,,,,,,,,,,,,,,,,,,,,,,,,,,月,,,,,,,,,,,,,,,,木,,,,,,,,,,,,,,木,,,
城東区,関目,2丁目,18番,関目すみれハイツ,,,,火金,,,,,,,,,,,,,,,,,,,,,,,,,,,,月,,,,,,,,,,,,,,,,木,,,,,,,,,,,,,,,木,,,
城東区,関目,2丁目,18番,上記以外,,,,,火金,,,,,,,,,,,,,,,,,,,,,,,,,,,月,,,,,,,,,,,,,,,,木,,,,,,,,,,,,,,,木,,,
城東区,関目,3丁目,1番,,,,,,火金,,,,,,,,,,,,,,,,,,,,,,,,,,,,,月,,,,,,,,,,,,,,木,,,,,,,,,,,,,,,,,,
城東区,関目,3丁目,2番,,,,,,火金,,,,,,,,,,,,,,,,,,,,,,,,,,,月,,,,,,,,,,,,,,,,木,,,,,,,,,,,,,,,,,,
城東区,関目,3丁目,3番,軽四輪車(小さい車)で収集している地域,,,,火金,,,,,,,,,,,,,,,,,,月,,,,,,,,,,,,,,,,,木,,,,,,,,,,,,,,,,,,,,,,,,,,,
城東区,関目,3丁目,3番,上記以外,,,,,火金,,,,,,,,,,,,,,,,,,,,,,,,,,,月,,,,,,,,,,,,,,,,木,,,,,,,,,,,,,,,,,,
城東区,関目,3丁目,4番,軽四輪車(小さい車)で収集している地域,,,,火金,,,,,,,,,,,,,,,,,,,月,,,,,,,,,,,,,,,,木,,,,,,,,,,,,,,,,,,,,,,,,,,,
城東区,関目,3丁目,4番,上記以外,,,,,火金,,,,,,,,,,,,,,,,,,,,,,,,,,,月,,,,,,,,,,,,,,,,木,,,,,,,,,,,,,,,,,,
城東区,関目,3丁目,5番,,,,,火金,,,,,,,,,,,,,,,,,,,月,,,,,,,,,,,,,,,木,,,,,,,,,,,,,,,,,,,,,,,,,,,,
城東区,関目,3丁目,6番,軽四輪車(小さい車)で収集している地域,,,,火金,,,,,,,,,,,,,,,,,,,月,,,,,,,,,,,,,,,木,,,,,,,,,,,,,,,,,,,,,,,,,,,,
城東区,関目,3丁目,6番,上記以外,,,,,火金,,,,,,,,,,,,,,,,,,,,,,,,,,月,,,,,,,,,,,,,,,,,木,,,,,,,,,,,,,,,,,,
城東区,関目,3丁目,7番,軽四輪車(小さい車)で収集している地域,,,,火金,,,,,,,,,,,,,,,,,,,月,,,,,,,,,,,,,,,木,,,,,,,,,,,,,,,,,,,,,,,,,,,,
城東区,関目,3丁目,7番,上記以外,,,,,火金,,,,,,,,,,,,,,,,,,,,,,,,,,月,,,,,,,,,,,,,,,,,,木,,,,,,,,,,,,,,,,,
城東区,関目,3丁目,8番,,,,,,火金,,,,,,,,,,,,,,,,,,,,,,,,,,,,月,,,,,,,,,,,,,,,木,,,,,,,,,,,,,,,,,,
城東区,関目,3丁目,9番,,,,,,火金,,,,,,,,,,,,,,,,,,,,,,,,,,,月,,,,,,,,,,,,,,,,木,,,,,,,,,,,,,,,,,,
城東区,関目,3丁目,10番,,,,,,火金,,,,,,,,,,,,,,,,,,,,,,,,,,月,,,,,,,,,,,,,,,,,木,,,,,,,,,,,,,,,,,,
城東区,関目,3丁目,11番,,,,,,火金,,,,,,,,,,,,,,,,,,,,,,,,,,月,,,,,,,,,,,,,,,,,木,,,,,,,,,,,,,,,,,,
城東区,関目,3丁目,12番,,,,,,火金,,,,,,,,,,,,,,,,,,,,,,,,,,,月,,,,,,,,,,,,,,,木,,,,,,,,,,,,,,,,,,,
城東区,関目,3丁目,13番,,,,,,火金,,,,,,,,,,,,,,,,,,,,,,,,,,月,,,,,,,,,,,,,,,,,木,,,,,,,,,,,,,,,,,,
城東区,関目,3丁目,14番,プライムコート関目パークホームズ,,,,火金,,,,,,,,,,,,,,,,,,,,,,,,,,,,,月,,,,,,,,,,,,,,,,木,,,,,,,,,,,,,,,,,
城東区,関目,3丁目,14番,軽四輪車(小さい車)で収集している地域,,,,,火金,,,,,,,,,,,,,,,,,,月,,,,,,,,,,,,,,,,月,,,,,,,,,,,,,,,,,,,,,,,,,,,
城東区,関目,3丁目,14番,上記以外,,,,,火金,,,,,,,,,,,,,,,,,,,,,,,,,,,月,,,,,,,,,,,,,,,,木,,,,,,,,,,,,,,,,,,
城東区,関目,3丁目,15番,,,,,,火金,,,,,,,,,,,,,,,,,,月,,,,,,,,,,,,,,,,,,,,,,,,,木,,,,,,,,,,,,,,,,,,
城東区,関目,3丁目,16番,軽四輪車(小さい車)で収集している地域,,,,,火金,,,,,,,,,,,,,,,,,,月,,,,,,,,,,,,,,,,,,,,,,,,,木,,,,,,,,,,,,,,,,,,
城東区,関目,3丁目,16番,上記以外,,,,,火金,,,,,,,,,,,,,,,,,,,,,,,,,,,,月,,,,,,,,,,,,,,,木,,,,,,,,,,,,,,,,,,
城東区,関目,4丁目,1番,,,,,,火金,,,,,,,,,,,,,,,,,,,,,,,,,,月,,,,,,,,,,,,,,,,,木,,,,,,,,,,,,,,,木,,,
城東区,関目,4丁目,2番,,,,,,火金,,,,,,,,,,,,,,,,,,,,,,,,,,,月,,,,,,,,,,,,,,,,,,木,,,,,,,,,,,,,木,,,
城東区,関目,4丁目,3番,,,,,,火金,,,,,,,,,,,,,,,,,,,,,,,,,,月,,,,,,,,,,,,,,,,,,,木,,,,,,,,,,,,,木,,,
城東区,関目,4丁目,4番,,,,,,火金,,,,,,,,,,,,,,,,,,,,,,,,,,,,月,,,,,,,,,,,,,,,木,,,,,,,,,,,,,,,木,,,
城東区,関目,4丁目,6番,軽四輪車(小さい車)で収集している地域,,,,,火金,,,,,,,,,,,,,,,,,,月,,,,,,,,,,,,,,,,,,,,,,,,,木,,,,,,,,,,,,,,,木,,,
城東区,関目,4丁目,6番,上記以外,,,,,火金,,,,,,,,,,,,,,,,,,,,,,,,,,月,,,,,,,,,,,,,,,,,木,,,,,,,,,,,,,,,木,,,
城東区,関目,4丁目,7番,軽四輪車(小さい車)で収集している地域,,,,,火金,,,,,,,,,,,,,,,,,,月,,,,,,,,,,,,,,,,,,,,,,,,,木,,,,,,,,,,,,,,,木,,,
城東区,関目,4丁目,7番,上記以外,,,,,火金,,,,,,,,,,,,,,,,,,,,,,,,,,,,月,,,,,,,,,,,,,,,木,,,,,,,,,,,,,,,木,,,
城東区,関目,4丁目,8番,軽四輪車(小さい車)で収集している地域,,,,,火金,,,,,,,,,,,,,,,,,,月,,,,,,,,,,,,,,,,,,,,,,,,,木,,,,,,,,,,,,,,,木,,,
城東区,関目,4丁目,8番,上記以外,,,,,火金,,,,,,,,,,,,,,,,,,,,,,,,,,,月,,,,,,,,,,,,,,,,木,,,,,,,,,,,,,,,木,,,
城東区,関目,4丁目,9番,,,,,,火金,,,,,,,,,,,,,,,,,,,,,,,,,,月,,,,,,,,,,,,,,,,,木,,,,,,,,,,,,,,,木,,,
城東区,関目,4丁目,10番,,,,,,火金,,,,,,,,,,,,,,,,,,,,,,,,,,,月,,,,,,,,,,,,,,,,木,,,,,,,,,,,,,,,木,,,
城東区,関目,4丁目,11番,,,,,火金,,,,,,,,,,,,,,,,,,,,,,,,,,,月,,,,,,,,,,,,,,,,,木,,,,,,,,,,,,,,,木,,,
城東区,関目,4丁目,12番,,,,,,火金,,,,,,,,,,,,,,,,,,,,,,,,,,,月,,,,,,,,,,,,,,,,,,木,,,,,,,,,,,,,木,,,
城東区,関目,4丁目,13番,,,,,,火金,,,,,,,,,,,,,,,,,,,,,,,,,,,月,,,,,,,,,,,,,,,,,木,,,,,,,,,,,,,,木,,,
城東区,関目,4丁目,14番,,,,,,火金,,,,,,,,,,,,,,,,,,,,,,,,,,,,月,,,,,,,,,,,,,,,,,木,,,,,,,,,,,,,木,,,
城東区,関目,5丁目,2番,,,,,,火金,,,,,,,,,,,,,,,,,,,,,,,,,,月,,,,,,,,,,,,,,,,,木,,,,,,,,,,,,,,,,,,
城東区,関目,5丁目,3番,,,,,,火金,,,,,,,,,,,,,,,,,,,,,,,,,月,,,,,,,,,,,,,,,,,,木,,,,,,,,,,,,,,,,,,
城東区,関目,5丁目,4番,,,,,,火金,,,,,,,,,,,,,,,,,,,,,,,,月,,,,,,,,,,,,,,,,,,,,木,,,,,,,,,,,,,,,,,
城東区,関目,5丁目,5番,軽四輪車(小さい車)で収集している地域,,,,,火金,,,,,,,,,,,,,,,,,,,月,,,,,,,,,,,,,,,,,,,,,,,,木,,,,,,,,,,,,,,,,,,
城東区,関目,5丁目,5番,上記以外,,,,,火金,,,,,,,,,,,,,,,,,,,,,,,,月,,,,,,,,,,,,,,,,木,,,,,,,,,,,,,,,,,,,,,
城東区,関目,5丁目,6番,軽四輪車(小さい車)で収集している地域,,,,,火金,,,,,,,,,,,,,,,,,月,,,,,,,,,,,,,,,,,,,,,,,,,,木,,,,,,,,,,,,,,,,,,
城東区,関目,5丁目,6番,上記以外,,,,,火金,,,,,,,,,,,,,,,,,,,,,,,,,月,,,,,,,,,,,,,,,木,,,,,,,,,,,,,,,,,,,,,
城東区,関目,5丁目,7番,軽四輪車(小さい車)で収集している地域,,,,,火金,,,,,,,,,,,,,,,,,月,,,,,,,,,,,,,,,,,,,,,,,,,,木,,,,,,,,,,,,,,,,,,
城東区,関目,5丁目,7番,上記以外,,,,,火金,,,,,,,,,,,,,,,,,,,,,,,,,月,,,,,,,,,,,,,,,,,,木,,,,,,,,,,,,,,,,,,
城東区,関目,5丁目,9番,,,,,,火金,,,,,,,,,,,,,,,,,,,,,,,,,,月,,,,,,,,,,,,,,,,,木,,,,,,,,,,,,,,,,,,
城東区,関目,5丁目,10番,,,,,,火金,,,,,,,,,,,,,,,,,,,,,,,,,月,,,,,,,,,,,,,,,,,,木,,,,,,,,,,,,,,,,,,
城東区,関目,5丁目,11番,,,,,,火金,,,,,,,,,,,,,,,,,,,,,,,,月,,,,,,,,,,,,,,,,,,,木,,,,,,,,,,,,,,,,,,
城東区,関目,5丁目,12番,,,,,,火金,,,,,,,,,,,,,,,,,,,,,,,,,,月,,,,,,,,,,,,,,,,,木,,,,,,,,,,,,,,,,,,
城東区,関目,5丁目,13番,軽四輪車(小さい車)で収集している地域,,,,,火金,,,,,,,,,,,,,,,,,月,,,,,,,,,,,,,,,,,木,,,,,,,,,,,,,,,,,,,,,,,,,,,
城東区,関目,5丁目,13番,上記以外,,,,,火金,,,,,,,,,,,,,,,,,,,,,,,,,,月,,,,,,,,,,,,,,,,,木,,,,,,,,,,,,,,,,,,
城東区,関目,5丁目,14番,,,,,火金,,,,,,,,,,,,,,,,,,月,,,,,,,,,,,,,,,,,木,,,,,,,,,,,,,,,,,,,,,,,,,,,
城東区,関目,5丁目,15番,軽四輪車(小さい車)で収集している地域,,,,火金,,,,,,,,,,,,,,,,,,月,,,,,,,,,,,,,,,,,木,,,,,,,,,,,,,,,,,,,,,,,,,,,
城東区,関目,5丁目,15番,上記以外,,,,,火金,,,,,,,,,,,,,,,,,,,,,,,,,,月,,,,,,,,,,,,,,,,,木,,,,,,,,,,,,,,,,,,
城東区,関目,5丁目,16番,軽四輪車(小さい車)で収集している地域,,,,火金,,,,,,,,,,,,,,,,,,月,,,,,,,,,,,,,,,,,,木,,,,,,,,,,,,,,,,,,,,,,,,,,
城東区,関目,5丁目,16番,上記以外,,,,火金,,,,,,,,,,,,,,,,,,,,,,,,,,,月,,,,,,,,,,,,,,,,,木,,,,,,,,,,,,,,,,,,
城東区,関目,5丁目,17番,軽四輪車(小さい車)で収集している地域,,,,火金,,,,,,,,,,,,,,,,,,月,,,,,,,,,,,,,,,,,,木,,,,,,,,,,,,,,,,,,,,,,,,,,
城東区,関目,5丁目,17番,上記以外,,,,火金,,,,,,,,,,,,,,,,,,,,,,,,,,,月,,,,,,,,,,,,,,,,,木,,,,,,,,,,,,,,,,,,
城東区,関目,5丁目,18番,,,,,火金,,,,,,,,,,,,,,,,,,,,,,,,,,月,,,,,,,,,,,,,,,,,,木,,,,,,,,,,,,,,,,,,
城東区,関目,5丁目,19番,,,,,火金,,,,,,,,,,,,,,,,,,,,,,,,,,月,,,,,,,,,,,,,,,,,,木,,,,,,,,,,,,,,,,,,
城東区,関目,5丁目,20番,,,,,火金,,,,,,,,,,,,,,,,,,,,,,,,,月,,,,,,,,,,,,,,,,,,,木,,,,,,,,,,,,,,,,,,
城東区,関目,5丁目,21番,,,,,火金,,,,,,,,,,,,,,,,,,,,,,,,,,,月,,,,,,,,,,,,,,,木,,,,,,,,,,,,,,,,,,,,
城東区,関目,5丁目,22番,,,,,,火金,,,,,,,,,,,,,,,,,,,,,,,,,月,,,,,,,,,,,,,,,,木,,,,,,,,,,,,,,,,,,,,
城東区,関目,6丁目,1番,プラウド関目,,,,火金,,,,,,,,,,,,,,,,,,,,,,,,,,,,,月,,,,,,,,,,,,,,,,木,,,,,,,,,,,,,,,,,
城東区,関目,6丁目,1番,上記以外,,,,,火金,,,,,,,,,,,,,,,,,,,,,,,,,,,,月,,,,,,,,,,,,,,,木,,,,,,,,,,,,,,,,,,
城東区,関目,6丁目,2番,,,,,,火金,,,,,,,,,,,,,,,,,,,,,,,,,,,,月,,,,,,,,,,,,,,,木,,,,,,,,,,,,,,,,,,
城東区,関目,6丁目,3番,,,,,,火金,,,,,,,,,,,,,,,,,,,,,,,,,,月,,,,,,,,,,,,,,,,,木,,,,,,,,,,,,,,,,,,
城東区,関目,6丁目,4番,,,,,火金,,,,,,,,,,,,,,,,,,,,,,,,,,,月,,,,,,,,,,,,,,,,,木,,,,,,,,,,,,,,,,,,
城東区,関目,6丁目,5番,,,,,火金,,,,,,,,,,,,,,,,,,,,,,,,,,,月,,,,,,,,,,,,,,木,,,,,,,,,,,,,,,,,,,,,
城東区,関目,6丁目,6番,,,,,,火金,,,,,,,,,,,,,,,,,,,,,,,,,月,,,,,,,,,,,,,,,木,,,,,,,,,,,,,,,,,,,,,
城東区,関目,6丁目,7番,,,,,火金,,,,,,,,,,,,,,,,,,,,,,,,,,,月,,,,,,,,,,,,,,,木,,,,,,,,,,,,,,,,,,,,
城東区,関目,6丁目,8番,城東関目プレシア,,,,火金,,,,,,,,,,,,,,,,,,,,,,,,,,,月,,,,,,,,,,,,,,,,木,,,,,,,,,,,,,,,,,,,
城東区,関目,6丁目,8番,上記以外,,,,火金,,,,,,,,,,,,,,,,,,,,,,,,,,,月,,,,,,,,,,,,,,,木,,,,,,,,,,,,,,,,,,,,
城東区,関目,6丁目,9番,パークナード関目リアン,,,,火金,,,,,,,,,,,,,,,,,,,,,,,,,,,月,,,,,,,,,,,,,,,,,木,,,,,,,,,,,,,,,,,,
城東区,関目,6丁目,9番,上記以外,,,,火金,,,,,,,,,,,,,,,,,,,,,,,,,,,月,,,,,,,,,,,,,,,,,木,,,,,,,,,,,,,,,,,,
城東区,関目,6丁目,10番,6号~17号,,,,火金,,,,,,,,,,,,,,,,,,,,,,,,,,,月,,,,,,,,,,,,,,,,,木,,,,,,,,,,,,,,,,,,
城東区,関目,6丁目,10番,パークナード関目リアン･レーヴ,,,,,火金,,,,,,,,,,,,,,,,,,,,,,,,,,,月,,,,,,,,,,,,,,,,木,,,,,,,,,,,,,,,,,,
城東区,関目,6丁目,10番,上記以外,,,,,火金,,,,,,,,,,,,,,,,,,,,,,,,,,月,,,,,,,,,,,,,,,,,木,,,,,,,,,,,,,,,,,,
城東区,関目,6丁目,11番,,,,,,火金,,,,,,,,,,,,,,,,,,,,,,,,,,月,,,,,,,,,,,,,,,,,木,,,,,,,,,,,,,,,,,,
城東区,関目,6丁目,12番,警察官アパート,,,,火金,,,,,,,,,,,,,,,,,,,,,,,,,,,月,,,,,,,,,,,,,,,,,木,,,,,,,,,,,,,,,,,,
城東区,関目,6丁目,12番,上記以外,,,,,火金,,,,,,,,,,,,,,,,,,,,,,,,,,月,,,,,,,,,,,,,,,,,木,,,,,,,,,,,,,,,,,,
城東区,関目,6丁目,13番,,,,,,火金,,,,,,,,,,,,,,,,,,,,,,,,,,月,,,,,,,,,,,,,,,,,木,,,,,,,,,,,,,,,,,,
城東区,関目,6丁目,14番,,,,,,火金,,,,,,,,,,,,,,,,,,,,,,,,,,月,,,,,,,,,,,,,,,,,木,,,,,,,,,,,,,,,,,,
城東区,関目,6丁目,15番,,,,,火金,,,,,,,,,,,,,,,,,,,,,,,,,,,月,,,,,,,,,,,,,,,木,,,,,,,,,,,,,,,,,,,,
城東区,中央,1丁目,1番,フォルム城東中央,,,,水土,,,,,,,,,,,,,,,,,,木,,,,,,,,,,,,,,,,月,,,,,,,,,,,,,,,,,,,,,,,,,,,,
城東区,中央,1丁目,1番,上記以外,,,,,水土,,,,,,,,,,,,,,,,,木,,,,,,,,,,,,,,,,月,,,,,,,,,,,,,,,,,,,,,,,,,,,,
城東区,中央,1丁目,2番,,,,,,水土,,,,,,,,,,,,,,,,,,木,,,,,,,,,,,,,,,月,,,,,,,,,,,,,,,,,,,,,,,,,,,,
城東区,中央,1丁目,3番,,,,,,水土,,,,,,,,,,,,,,,,,木,,,,,,,,,,,,,,,,月,,,,,,,,,,,,,,,,,,,,,,,,,,,,
城東区,中央,1丁目,4番,,,,,,水土,,,,,,,,,,,,,,,,,,木,,,,,,,,,,,,,,,月,,,,,,,,,,,,,,,,,,,,,,,,,,,,
城東区,中央,1丁目,5番,,,,,,水土,,,,,,,,,,,,,,,,,,,,,,,,木,,,,,,,,,,,,,,,,,,,,月,,,,,,,,,,,,,,,,,
城東区,中央,1丁目,6番,,,,,,水土,,,,,,,,,,,,,,,,,,,,,,,,木,,,,,,,,,,,,,,,,,,,,月,,,,,,,,,,,,,,,,,
城東区,中央,1丁目,7番,ベルヴィ城東中央,,,,水土,,,,,,,,,,,,,,,,,,木,,,,,,,,,,,,,,,,月,,,,,,,,,,,,,,,,,,,,,,,,,,,,
城東区,中央,1丁目,7番,上記以外,,,,,水土,,,,,,,,,,,,,,,,,木,,,,,,,,,,,,,,,,月,,,,,,,,,,,,,,,,,,,,,,,,,,,,
城東区,中央,1丁目,8番,アルマンド蒲生,,,,,水土,,,,,,,,,,,,,,,,,木,,,,,,,,,,,,,,,,月,,,,,,,,,,,,,,,,,,,,,,,,,,,,
城東区,中央,1丁目,8番,上記以外,,,,,水土,,,,,,,,,,,,,,,,,木,,,,,,,,,,,,,,,,,月,,,,,,,,,,,,,,,,,,,,,,,,,,,
城東区,中央,1丁目,10番,,,,,,水土,,,,,,,,,,,,,,,,,,,,,,,,木,,,,,,,,,,,,,,,,,,,月,,,,,,,,,,,,,,,,,,
城東区,中央,1丁目,11番,,,,,,水土,,,,,,,,,,,,,,,,,,,,,,,,木,,,,,,,,,,,,,,,,,,,,月,,,,,,,,,,,,,,,,,
城東区,中央,1丁目,12番,蒲生第2コーポ,,,,,水土,,,,,,,,,,,,,,,,,木,,,,,,,,,,,,,,,,月,,,,,,,,,,,,,,,,,,,,,,,,,,,,
城東区,中央,1丁目,12番,上記以外,,,,,水土,,,,,,,,,,,,,,,,,木,,,,,,,,,,,,,,,,月,,,,,,,,,,,,,,,,,,,,,,,,,,,,
城東区,中央,1丁目,13番,ディオ城東中央,,,,,水土,,,,,,,,,,,,,,,,,木,,,,,,,,,,,,,,,,月,,,,,,,,,,,,,,,,,,,,,,,,,,,,
城東区,中央,1丁目,13番,上記以外,,,,,水土,,,,,,,,,,,,,,,,,木,,,,,,,,,,,,,,,,月,,,,,,,,,,,,,,,,,,,,,,,,,,,,
城東区,中央,2丁目,1番,20号ハイネスプリモール城東,,,,,水土,,,,,,,,,,,,,,,,,,,,,,,,,,木,,,,,,,,,,,,,,,,月,,,,,,,木,,,,,,,,,,,,
城東区,中央,2丁目,1番,31号ファミール城東中央,,,,,水土,,,,,,,,,,,,,,,,,,,,,,,,,,木,,,,,,,,,,,,,,,,月,,,,,,,木,,,,,,,,,,,,
城東区,中央,2丁目,1番,上記以外,,,,,水土,,,,,,,,,,,,,,,,,,,,,,,,,木,,,,,,,,,,,,,,,,,,月,,,,,,木,,,,,,,,,,,,
城東区,中央,2丁目,2番,32号ブランズ城東中央,,,,,水土,,,,,,,,,,,,,,,,,,,,,,,,,,,木,,,,,,,,,,,,,,,,月,,,,,,,,,,,,,,,,,,
城東区,中央,2丁目,2番,上記以外,,,,,水土,,,,,,,,,,,,,,,,,,,,,,,,,,,木,,,,,,,,,,,,,,,,,月,,,,,木,,,,,,,,,,,,
城東区,中央,2丁目,3番,,,,,水土,,,,,,,,,,,,,,,,,,木,,,,,,,,,,,,,,,,月,,,,,,,,,,,,,,,,木,,,,,,,,,,,,
城東区,中央,2丁目,4番,13号マストメゾン城東中央,,,,,水土,,,,,,,,,,,,,,,,,,木,,,,,,,,,,,,,,,,月,,,,,,,,,,,,,,,,,,,,,,,,,,,
城東区,中央,2丁目,4番,上記以外,,,,,水土,,,,,,,,,,,,,,,,,木,,,,,,,,,,,,,,,,,,,,,,,,,,,月,,,,,木,,,,,,,,,,,,
城東区,中央,2丁目,5番,15号･24号ファミール野江,,,,,水土,,,,,,,,,,,,,,,,,,,,,,,,,,,木,,,,,,,,,,,,,,,,月,,,,,,,,木,,,,,,,,,,
城東区,中央,2丁目,5番,上記以外,,,,,水土,,,,,,,,,,,,,,,,,,,,,,,,,,,木,,,,,,,,,,,,,,,,月,,,,,,木,,,,,,,,,,,,
城東区,中央,2丁目,6番,1号,,,,水土,,,,,,,,,,,,,,,,,,,,,,,,,,,,木,,,,,,,,,,,,,,,,,月,,,,,木,,,,,,,,,,,,
城東区,中央,2丁目,6番,上記以外,,,,,水土,,,,,,,,,,,,,,,,,,,,,,,,,,,木,,,,,,,,,,,,,,,,,月,,,,,木,,,,,,,,,,,,
城東区,中央,2丁目,7番,,,,,,水土,,,,,,,,,,,,,,,,,,,,,,,,,,,木,,,,,,,,,,,,,,,,月,,,,,,木,,,,,,,,,,,,
城東区,中央,2丁目,8番,7号プレシオ野江,,,,,水土,,,,,,,,,,,,,,,,,,,,,,,,,,,,木,,,,,,,,,,,,,,,,月,,,,,,,木,,,,,,,,,,
城東区,中央,2丁目,8番,上記以外,,,,,水土,,,,,,,,,,,,,,,,,,,,,,,,,,,木,,,,,,,,,,,,,,,,月,,,,,,木,,,,,,,,,,,,
城東区,中央,2丁目,9番,,,,,,水土,,,,,,,,,,,,,,,,,,,,,,,,,木,,,,,,,,,,,,,,,,,,,月,,,,,木,,,,,,,,,,,,
城東区,中央,2丁目,10番,,,,,,水土,,,,,,,,,,,,,,,,,,,,,,,,,木,,,,,,,,,,,,,,,,,,,月,,,,,木,,,,,,,,,,,,
城東区,中央,2丁目,11番,,,,,,水土,,,,,,,,,,,,,,,,,,,,,,,,,木,,,,,,,,,,,,,,,,,,,月,,,,,木,,,,,,,,,,,,
城東区,中央,2丁目,12番,,,,,,水土,,,,,,,,,,,,,,,,,,,,,,,,,木,,,,,,,,,,,,,,,,,,,月,,,,,木,,,,,,,,,,,,
城東区,中央,2丁目,13番,25号キングマンション城東,,,,,水土,,,,,,,,,,,,,,,,,,,,,,,,,木,,,,,,,,,,,,,,,,月,,,,,,,,,,,,,,,,,,,,
城東区,中央,2丁目,13番,上記以外,,,,,水土,,,,,,,,,,,,,,,,,,,,,,,,,木,,,,,,,,,,,,,,,,,,,月,,,,,木,,,,,,,,,,,,
城東区,中央,2丁目,14番,コムズシティ野江,,,,,水土,,,,,,,,,,,,,,,,,,,,,,,,,木,,,,,,,,,,,,,,,,月,,,,,,,,,,,,,,,,,,,,
城東区,中央,2丁目,14番,上記以外,,,,,水土,,,,,,,,,,,,,,,,,,,,,,,,,木,,,,,,,,,,,,,,,,,,,,月,,,,木,,,,,,,,,,,,
城東区,中央,2丁目,15番,,,,,,水土,,,,,,,,,,,,,,,,,,,,,,,,,木,,,,,,,,,,,,,,,,,,月,,,,,,木,,,,,,,,,,,,
城東区,中央,3丁目,1番,,,,,,水土,,,,,,,,,,,,,,,,,,,,,,,,,木,,,,,,,,,,,,,,,,,,,,月,,,,,,,,,,,,,,,,
城東区,中央,3丁目,2番,プレジオ城東中央,,,,,水土,,,,,,,,,,,,,,,,,,,,,,,,,,木,,,,,,,,,,,,,,,,月,,,,,,,,,,,,,,,,,,,
城東区,中央,3丁目,2番,上記以外,,,,,水土,,,,,,,,,,,,,,,,,,,,,,,,,木,,,,,,,,,,,,,,,,,,,,月,,,,,,,,,,,,,,,,
城東区,中央,3丁目,3番,日商岩井野江マンション,,,,水土,,,,,,,,,,,,,,,,,,,,,,,,,,木,,,,,,,,,,,,,,,,,,,月,,,,,,,,,,,,,,,,,
城東区,中央,3丁目,3番,上記以外,,,,,水土,,,,,,,,,,,,,,,,,,,,,,,,,木,,,,,,,,,,,,,,,,,,,月,,,,,,,,,,,,,,,,,
城東区,中央,3丁目,4番,グランオアシス蒲生四丁目,,,,,水土,,,,,,,,,,,,,,,,,,,,,,,,,木,,,,,,,,,,,,,,,,月,,,,,,,,,,,,,,,,,,,,
城東区,中央,3丁目,4番,上記以外,,,,,水土,,,,,,,,,,,,,,,,,,,,,,,,木,,,,,,,,,,,,,,,,,,,,,月,,,,,,,,,,,,,,,,
城東区,中央,3丁目,7番,シャルマンコーポ野江Ⅱ,,,,水土,,,,,,,,,,,,,,,,,,,,,,,,,,木,,,,,,,,,,,,,,,,,,,月,,,,,,,,,,,,,,,,,
城東区,中央,3丁目,7番,上記以外,,,,,水土,,,,,,,,,,,,,,,,,,,,,,,,,木,,,,,,,,,,,,,,,,,,,月,,,,,,,,,,,,,,,,,
城東区,中央,3丁目,10番,シャルマンコーポ野江,,,,水土,,,,,,,,,,,,,,,,,,,,,,,,,,木,,,,,,,,,,,,,,,,,,,月,,,,,木,,,,,,,,,,,,
城東区,中央,3丁目,10番,上記以外,,,,,水土,,,,,,,,,,,,,,,,,,,,,,,,,木,,,,,,,,,,,,,,,,,,,月,,,,,木,,,,,,,,,,,,
城東区,天王田,1番,,,,,,,火金,,,,,,,,,,,,,,,,,,,,,,,,,木,,,,,,,,,,,,,,,,,,,月,,,,,,,,,,,,,,,,,
城東区,天王田,2番,,,,,,,火金,,,,,,,,,,,,,,,,,,,,,,,,,木,,,,,,,,,,,,,,,,,,月,,,,,,,,,,,,,,,,,,
城東区,天王田,3番,,,,,,,火金,,,,,,,,,,,,,,,,,,,,,,,,,木,,,,,,,,,,,,,,,,,,,月,,,,,,,,,,,,,,,,,
城東区,天王田,4番,,,,,,,火金,,,,,,,,,,,,,,,,,,,,,,,,,木,,,,,,,,,,,,,,,,,,,月,,,,,,,,,,,,,,,,,
城東区,天王田,5番,,,,,,,火金,,,,,,,,,,,,,,,,,,,,,,,,,木,,,,,,,,,,,,,,,,,,,月,,,,,,,,,,,,,,,,,
城東区,天王田,6番,,,,,,,火金,,,,,,,,,,,,,,,,,,,,,,,,,木,,,,,,,,,,,,,,,,,,,月,,,,,,,,,,,,,,,,,
城東区,天王田,7番,,,,,,,火金,,,,,,,,,,,,,,,,,,,,,,,,,木,,,,,,,,,,,,,,,,,月,,,,,,,,,,,,,,,,,,,
城東区,天王田,8番,,,,,,,火金,,,,,,,,,,,,,,,,,,,,,,,,,木,,,,,,,,,,,,,,,,,,,月,,,,,,,,,,,,,,,,,
城東区,天王田,9番,,,,,,,火金,,,,,,,,,,,,,,,,,,,,,,,,,木,,,,,,,,,,,,,,,,,,,月,,,,,,,,,,,,,,,,,
城東区,天王田,10番,,,,,,,火金,,,,,,,,,,,,,,,,,,,,,,,,,木,,,,,,,,,,,,,,,,,,,月,,,,,,,,,,,,,,,,,
城東区,天王田,11番,,,,,,,火金,,,,,,,,,,,,,,,,,,,,,,,,,木,,,,,,,,,,,,,,,,,,月,,,,,,,,,,,,,,,,,,
城東区,天王田,12番,,,,,,,火金,,,,,,,,,,,,,,,,,,,,,,,,,木,,,,,,,,,,,,,,,,,,,月,,,,,,,,,,,,,,,,,
城東区,天王田,13番,,,,,,,火金,,,,,,,,,,,,,,,,,,,,,,,,,木,,,,,,,,,,,,,,,,,,,月,,,,,,,,,,,,,,,,,
城東区,天王田,14番,,,,,,,火金,,,,,,,,,,,,,,,,,,,,,,,,,木,,,,,,,,,,,,,,,,,,,月,,,,,,,,,,,,,,,,,
城東区,天王田,15番,,,,,,,火金,,,,,,,,,,,,,,,,,,,,,,,,,木,,,,,,,,,,,,,,,,,,月,,,,,,,,,,,,,,,,,,
城東区,天王田,16番,,,,,,,火金,,,,,,,,,,,,,,,,,,,,,,,,,木,,,,,,,,,,,,,,,,,,,月,,,,,,,,,,,,,,,,,
城東区,天王田,17番,,,,,,,火金,,,,,,,,,,,,,,,,,,,,,,,,,木,,,,,,,,,,,,,,,,,,月,,,,,,,,,,,,,,,,,,
城東区,永田,1丁目,1番,18･19･25~28号,,,,,火金,,,,,,,,,,,,,,,,,,,,,,,,,,,木,,,,,,,,,,,,,,月,,,,,,,,土,,,,,,,,,,,,
城東区,永田,1丁目,1番,上記以外,,,,,火金,,,,,,,,,,,,,,,,,,,,,,,,,,,木,,,,,,,,,,,,,,月,,,,,,,,,,,,,,,,,,,土,
城東区,永田,1丁目,2番,6･17~22号,,,,,火金,,,,,,,,,,,,,,,,,,,,,,,,,,,木,,,,,,,,,,,,,,月,,,,,,,,土,,,,,,,,,,,,
城東区,永田,1丁目,2番,上記以外,,,,,火金,,,,,,,,,,,,,,,,,,,,,,,,,,,木,,,,,,,,,,,,,,月,,,,,,,,,,,,,,,,,,,土,
城東区,永田,1丁目,3番,25~36号,,,,,火金,,,,,,,,,,,,,,,,,,,,,,,,木,,,,,,,,,,,,,,,,月,,,,,,,,,土,,,,,,,,,,,,
城東区,永田,1丁目,3番,上記以外,,,,,火金,,,,,,,,,,,,,,,,,,,,,,,,木,,,,,,,,,,,,,,,,月,,,,,,,,,,,,,,,,,,,,土,
城東区,永田,1丁目,4番,41~55･74~76号,,,,,火金,,,,,,,,,,,,,,,,,,,,,,,,木,,,,,,,,,,,,,,,,,月,,,,,,,,土,,,,,,,,,,,,
城東区,永田,1丁目,4番,上記以外,,,,,火金,,,,,,,,,,,,,,,,,,,,,,,,木,,,,,,,,,,,,,,,,,月,,,,,,,,,,,,,,,,,,,土,
城東区,永田,2丁目,1番,,,,,,火金,,,,,,,,,,,,,,,,,,,,,,,,,,,木,,,,,,,,,,,,,,月,,,,,,,,,,,,,,,,,,,土,
城東区,永田,2丁目,2番,,,,,,火金,,,,,,,,,,,,,,,,,,,,,,,,,,,木,,,,,,,,,,,,,月,,,,,,,,,,,,,,,,,,,,土,
城東区,永田,2丁目,4番,,,,,,火金,,,,,,,,,,,,,,,,,,,,,,,,,,木,,,,,,,,,,,,,,,月,,,,,,,,,,,,,,,,,,,土,
城東区,永田,2丁目,5番,,,,,,火金,,,,,,,,,,,,,,,,,,,,,,,,,,木,,,,,,,,,,,,,,,月,,,,,,,,,,,,,,,,,,,土,
城東区,永田,2丁目,6番,,,,,,火金,,,,,,,,,,,,,,,,,,,,,,,,木,,,,,,,,,,,,,,,,,月,,,,,,,,,,,,,,,,,,,土,
城東区,永田,2丁目,7番,,,,,,火金,,,,,,,,,,,,,,,,,,,,,,,,,,木,,,,,,,,,,,,,,,,,月,,,,,,,,,,,,,,,,,土,
城東区,永田,2丁目,8番,,,,,,火金,,,,,,,,,,,,,,,,,,,,,,,,,,木,,,,,,,,,,,,,,,,,月,,,,,,,,,,,,,,,,,土,
城東区,永田,2丁目,9番,,,,,,火金,,,,,,,,,,,,,,,,,,,,,,,,,,木,,,,,,,,,,,,,,,,月,,,,,,,,,,,,,,,,,,土,
城東区,永田,2丁目,10番,,,,,,火金,,,,,,,,,,,,,,,,,,,,,,,,,,,木,,,,,,,,,,,,,,,月,,,,,,,,,,,,,,,,,,土,
城東区,永田,2丁目,11番,,,,,,火金,,,,,,,,,,,,,,,,,,,,,,,,,,木,,,,,,,,,,,,,,,,月,,,,,,,,,,,,,,,,,,土,
城東区,永田,2丁目,13番,15~17･34号,,,,,火金,,,,,,,,,,,,,,,,,,,,,,,,,,,木,,,,,,,,,,,,,,月,,,,,,,,土,,,,,,,,,,,,
城東区,永田,2丁目,13番,上記以外,,,,,火金,,,,,,,,,,,,,,,,,,,,,,,,,,,木,,,,,,,,,,,,,,月,,,,,,,,,,,,,,,,,,,土,
城東区,永田,2丁目,14番,18~22号,,,,,火金,,,,,,,,,,,,,,,,,,,,,,,,,木,,,,,,,,,,,,,,,月,,,,,,,,,土,,,,,,,,,,,,
城東区,永田,2丁目,14番,上記以外,,,,,火金,,,,,,,,,,,,,,,,,,,,,,,,,木,,,,,,,,,,,,,,,月,,,,,,,,,,,,,,,,,,,,土,
城東区,永田,2丁目,15番,,,,,,火金,,,,,,,,,,,,,,,,,,,,,,,,,,,木,,,,,,,,,,,,,,月,,,,,,,,,,,,,,,,,,,土,
城東区,永田,2丁目,16番,,,,,,火金,,,,,,,,,,,,,,,,,,,,,,,,,,,木,,,,,,,,,,,,,,月,,,,,,,,,,,,,,,,,,,土,
城東区,永田,2丁目,17番,,,,,,火金,,,,,,,,,,,,,,,,,,,,,,,,,,,木,,,,,,,,,,,,,,月,,,,,,,,,,,,,,,,,,,土,
城東区,永田,3丁目,1番,,,,,,火金,,,,,,,,,,,,,,,,,,,,,,,,,木,,,,,,,,,,,,,,,,月,,,,,,,,,,,,,,,,,,,土,
城東区,永田,3丁目,2番,26~33号,,,,,火金,,,,,,,,,,,,,,,,,,,,,,,,,木,,,,,,,,,,,,,,,,月,,,,,,,,土,,,,,,,,,,,,
城東区,永田,3丁目,2番,上記以外,,,,,火金,,,,,,,,,,,,,,,,,,,,,,,,,木,,,,,,,,,,,,,,,,月,,,,,,,,土,,,,,,,,,,,,
城東区,永田,3丁目,3番,,,,,,火金,,,,,,,,,,,,,,,,,,,,,,,,,木,,,,,,,,,,,,,,,月,,,,,,,,,土,,,,,,,,,,,,
城東区,永田,3丁目,4番,,,,,,火金,,,,,,,,,,,,,,,,,,,,,,,,,木,,,,,,,,,,,,,,,,月,,,,,,,,土,,,,,,,,,,,,
城東区,永田,3丁目,6番,,,,,,火金,,,,,,,,,,,,,,,,,,,,,,,,,木,,,,,,,,,,,,,,,,月,,,,,,,,土,,,,,,,,,,,,
城東区,永田,3丁目,7番,,,,,,火金,,,,,,,,,,,,,,,,,,,,,,,,,木,,,,,,,,,,,,,,,,月,,,,,,,,土,,,,,,,,,,,,
城東区,永田,3丁目,8番,,,,,,火金,,,,,,,,,,,,,,,,,,,,,,,,木,,,,,,,,,,,,,,,,,月,,,,,,,,土,,,,,,,,,,,,
城東区,永田,3丁目,9番,,,,,,火金,,,,,,,,,,,,,,,,,,,,,,,,木,,,,,,,,,,,,,,,,,月,,,,,,,,土,,,,,,,,,,,,
城東区,永田,3丁目,10番,,,,,,火金,,,,,,,,,,,,,,,,,,,,,,,,木,,,,,,,,,,,,,,,,,月,,,,,,,,土,,,,,,,,,,,,
城東区,永田,3丁目,11番,,,,,,火金,,,,,,,,,,,,,,,,,,,,,,,,木,,,,,,,,,,,,,,,,,月,,,,,,,,土,,,,,,,,,,,,
城東区,永田,3丁目,12番,,,,,,火金,,,,,,,,,,,,,,,,,,,,,,,,木,,,,,,,,,,,,,,,,月,,,,,,,,,土,,,,,,,,,,,,
城東区,永田,3丁目,13番,,,,,,火金,,,,,,,,,,,,,,,,,,,,,,,,,木,,,,,,,,,,,,,,,,月,,,,,,,,土,,,,,,,,,,,,
城東区,永田,3丁目,14番,,,,,,火金,,,,,,,,,,,,,,,,,,,,,,,,,木,,,,,,,,,,,,,,,,月,,,,,,,,土,,,,,,,,,,,,
城東区,永田,4丁目,1番,2~11･26~33号,,,,,火金,,,,,,,,,,,,,,,,,,,,,,,,,木,,,,,,,,,,,,,,,,月,,,,,,,,土,,,,,,,,,,,,
城東区,永田,4丁目,1番,上記以外,,,,,火金,,,,,,,,,,,,,,,,,,,,,,,,,木,,,,,,,,,,,,,,,,月,,,,,,,,,,,,,,,,,土,,,
城東区,永田,4丁目,2番,,,,,,火金,,,,,,,,,,,,,,,,,,,,,,,,,,木,,,,,,,,,,,,,,,月,,,,,,,,,,,,,,,,,土,,,
城東区,永田,4丁目,3番,15･18･19号,,,,,火金,,,,,,,,,,,,,,,,,,,,,,,,,木,,,,,,,,,,,,,,,,月,,,,,,,,土,,,,,,,,,,,,
城東区,永田,4丁目,3番,上記以外,,,,,火金,,,,,,,,,,,,,,,,,,,,,,,,,木,,,,,,,,,,,,,,,,月,,,,,,,,,,,,,,,,,土,,,
城東区,永田,4丁目,4番,4~16号,,,,,火金,,,,,,,,,,,,,,,,,,,,,,,,,木,,,,,,,,,,,,,,,,月,,,,,,,,土,,,,,,,,,,,,
城東区,永田,4丁目,4番,上記以外,,,,,火金,,,,,,,,,,,,,,,,,,,,,,,,,木,,,,,,,,,,,,,,,,月,,,,,,,,,,,,,,,,,土,,,
城東区,永田,4丁目,5番,1･11~20号,,,,,火金,,,,,,,,,,,,,,,,,,,,,,,,,木,,,,,,,,,,,,,,,,月,,,,,,,,土,,,,,,,,,,,,
城東区,永田,4丁目,5番,上記以外,,,,,火金,,,,,,,,,,,,,,,,,,,,,,,,,木,,,,,,,,,,,,,,,,月,,,,,,,,,,,,,,,,,土,,,
城東区,永田,4丁目,6番,,,,,,火金,,,,,,,,,,,,,,,,,,,,,,,,,木,,,,,,,,,,,,,,,,月,,,,,,,,,,,,,,,,,土,,,
城東区,永田,4丁目,7番,,,,,,火金,,,,,,,,,,,,,,,,,,,,,,,,,木,,,,,,,,,,,,,,,,月,,,,,,,,,,,,,,,,,土,,,
城東区,永田,4丁目,8番,14~19号,,,,,火金,,,,,,,,,,,,,,,,,,,,,,,,,木,,,,,,,,,,,,,,,,月,,,,,,,,土,,,,,,,,,,,,
城東区,永田,4丁目,8番,上記以外,,,,,火金,,,,,,,,,,,,,,,,,,,,,,,,,木,,,,,,,,,,,,,,,,月,,,,,,,,,,,,,,,,,土,,,
城東区,永田,4丁目,9番,,,,,,火金,,,,,,,,,,,,,,,,,,,,,,,,,木,,,,,,,,,,,,,,,,月,,,,,,,,土,,,,,,,,,,,,
城東区,永田,4丁目,10番,,,,,,火金,,,,,,,,,,,,,,,,,,,,,,,,,木,,,,,,,,,,,,,,,,,月,,,,,,,,,,,,,,,,土,,,
城東区,永田,4丁目,11番,,,,,,火金,,,,,,,,,,,,,,,,,,,,,,,,,木,,,,,,,,,,,,,,,,月,,,,,,,,,,,,,,,,,土,,,
城東区,永田,4丁目,12番,,,,,,火金,,,,,,,,,,,,,,,,,,,,,,,,,木,,,,,,,,,,,,,,,,月,,,,,,,,,,,,,,,,,土,,,
城東区,永田,4丁目,13番,,,,,,火金,,,,,,,,,,,,,,,,,,,,,,,,,木,,,,,,,,,,,,,,,,月,,,,,,,,,,,,,,,,,土,,,
城東区,永田,4丁目,15番,,,,,,火金,,,,,,,,,,,,,,,,,,,,,,,,,木,,,,,,,,,,,,,,,,月,,,,,,,,,,,,,,,,,土,,,
城東区,永田,4丁目,16番,,,,,,火金,,,,,,,,,,,,,,,,,,,,,,,,,,木,,,,,,,,,,,,,,,月,,,,,,,,,,,,,,,,,土,,,
城東区,永田,4丁目,17番,,,,,,火金,,,,,,,,,,,,,,,,,,,,,,,,,,木,,,,,,,,,,,,,,,月,,,,,,,,,,,,,,,,,土,,,
城東区,中浜,1丁目,1番,,,,,,月木,,,,,,,,,,,,,,,,,,,,,,,,,,金,,,,,,,,,,,,,,,,火,,,,,,,,,,,,,,,,,,,
城東区,中浜,1丁目,2番,,,,,,月木,,,,,,,,,,,,,,,,,,金,,,,,,,,,,,,,,,火,,,,,,,,,,,,,,,,,,,,,,,,,,,,
城東区,中浜,1丁目,3番,軽四輪車(小さい車)で収集している地域,,,,,月木,,,,,,,,,,,,,,,,,,金,,,,,,,,,,,,,,,火,,,,,,,,,,,,,,,,,,,,,,,,,,,,
城東区,中浜,1丁目,3番,上記以外,,,,,月木,,,,,,,,,,,,,,,,,,,,,,,,,,金,,,,,,,,,,,,,,,,火,,,,,,,,,,,,,,,,,,,
城東区,中浜,1丁目,4番,軽四輪車(小さい車)で収集している地域,,,,,月木,,,,,,,,,,,,,,,,,,金,,,,,,,,,,,,,,,火,,,,,,,,,,,,,,,,,,,,,,,,,,,,
城東区,中浜,1丁目,4番,上記以外,,,,,月木,,,,,,,,,,,,,,,,,,,,,,,,,,金,,,,,,,,,,,,,,,火,,,,,,,,,,,,,,,,,,,,
城東区,中浜,1丁目,5番,軽四輪車(小さい車)で収集している地域,,,,,月木,,,,,,,,,,,,,,,,,金,,,,,,,,,,,,,,,,火,,,,,,,,,,,,,,,,,,,,,,,,,,,,
城東区,中浜,1丁目,5番,上記以外,,,,,月木,,,,,,,,,,,,,,,,,,,,,,,,,,金,,,,,,,,,,,,,,,,火,,,,,,,,,,,,,,,,,,,
城東区,中浜,1丁目,7番,軽四輪車(小さい車)で収集している地域,,,,,月木,,,,,,,,,,,,,,,,,金,,,,,,,,,,,,,,,,火,,,,,,,,,,,,,,,,,,,,,,,,,,,,
城東区,中浜,1丁目,7番,上記以外,,,,,月木,,,,,,,,,,,,,,,,,,,,,,,,,,金,,,,,,,,,,,,,,,火,,,,,,,,,,,,,,,,,,,,
城東区,中浜,1丁目,8番,軽四輪車(小さい車)で収集している地域,,,,,月木,,,,,,,,,,,,,,,,,,金,,,,,,,,,,,,,,,火,,,,,,,,,,,,,,,,,,,,,,,,,,,,
城東区,中浜,1丁目,8番,上記以外,,,,,月木,,,,,,,,,,,,,,,,,,,,,,,,,,金,,,,,,,,,,,,,,,,火,,,,,,,,,,,,,,,,,,,
城東区,中浜,1丁目,9番,軽四輪車(小さい車)で収集している地域,,,,,月木,,,,,,,,,,,,,,,,,,金,,,,,,,,,,,,,,,火,,,,,,,,,,,,,,,,,,,,,,,,,,,,
城東区,中浜,1丁目,9番,上記以外,,,,,月木,,,,,,,,,,,,,,,,,,,,,,,,,,金,,,,,,,,,,,,,,,,火,,,,,,,,,,,,,,,,,,,
城東区,中浜,1丁目,10番,軽四輪車(小さい車)で収集している地域,,,,,月木,,,,,,,,,,,,,,,,,,金,,,,,,,,,,,,,,,火,,,,,,,,,,,,,,,,,,,,,,,,,,,,
城東区,中浜,1丁目,10番,上記以外,,,,,月木,,,,,,,,,,,,,,,,,,,,,,,,,,金,,,,,,,,,,,,,,,火,,,,,,,,,,,,,,,,,,,,
城東区,中浜,1丁目,11番,軽四輪車(小さい車)で収集している地域,,,,,月木,,,,,,,,,,,,,,,,,金,,,,,,,,,,,,,,,,,火,,,,,,,,,,,,,,,,,,,,,,,,,,,
城東区,中浜,1丁目,11番,上記以外,,,,,月木,,,,,,,,,,,,,,,,,,,,,,,,,,金,,,,,,,,,,,,,,,火,,,,,,,,,,,,,,,,,,,,
城東区,中浜,1丁目,12番,,,,,,月木,,,,,,,,,,,,,,,,,,,,,,,,,,金,,,,,,,,,,,,,,,火,,,,,,,,,,,,,,,,,,,,
城東区,中浜,1丁目,13番,軽四輪車(小さい車)で収集している地域,,,,,月木,,,,,,,,,,,,,,,,,,金,,,,,,,,,,,,,,,,火,,,,,,,,,,,,,,,,,,,,,,,,,,,
城東区,中浜,1丁目,13番,上記以外,,,,,月木,,,,,,,,,,,,,,,,,,,,,,,,,,金,,,,,,,,,,,,,,,火,,,,,,,,,,,,,,,,,,,,
城東区,中浜,1丁目,14番,軽四輪車(小さい車)で収集している地域,,,,,月木,,,,,,,,,,,,,,,,,,金,,,,,,,,,,,,,,,火,,,,,,,,,,,,,,,,,,,,,,,,,,,,
城東区,中浜,1丁目,14番,上記以外,,,,,月木,,,,,,,,,,,,,,,,,,,,,,,,,,,,金,,,,,,,,,,,,,火,,,,,,,,,,,,,,,,,,,,
城東区,中浜,1丁目,15番,軽四輪車(小さい車)で収集している地域,,,,,月木,,,,,,,,,,,,,,,,,,金,,,,,,,,,,,,,,,火,,,,,,,,,,,,,,,,,,,,,,,,,,,,
城東区,中浜,1丁目,15番,上記以外,,,,,月木,,,,,,,,,,,,,,,,,,,,,,,,,金,,,,,,,,,,,,,,,,火,,,,,,,,,,,,,,,,,,,,
城東区,中浜,1丁目,16番,軽四輪車(小さい車)で収集している地域,,,,,月木,,,,,,,,,,,,,,,,,,金,,,,,,,,,,,,,,,,火,,,,,,,,,,,,,,,,,,,,,,,,,,,
城東区,中浜,1丁目,16番,上記以外,,,,,月木,,,,,,,,,,,,,,,,,,,,,,,,,金,,,,,,,,,,,,,,,,火,,,,,,,,,,,,,,,,,,,,
城東区,中浜,1丁目,17番,軽四輪車(小さい車)で収集している地域,,,,,月木,,,,,,,,,,,,,,,,,,金,,,,,,,,,,,,,,,,火,,,,,,,,,,,,,,,,,,,,,,,,,,,
城東区,中浜,1丁目,17番,上記以外,,,,,月木,,,,,,,,,,,,,,,,,,,,,,,,,,,,金,,,,,,,,,,,,,火,,,,,,,,,,,,,,,,,,,,
城東区,中浜,1丁目,18番,軽四輪車(小さい車)で収集している地域,,,,,月木,,,,,,,,,,,,,,,,,,金,,,,,,,,,,,,,,,,,,,火,,,,,,,,,,,,,,,,,,,,,,,,
城東区,中浜,1丁目,18番,上記以外,,,,,月木,,,,,,,,,,,,,,,,,,,,,,,,,,,,金,,,,,,,,,,,,,火,,,,,,,,,,,,,,,,,,,,
城東区,中浜,1丁目,19番,,,,,,月木,,,,,,,,,,,,,,,,,,,,,,,,,,,,金,,,,,,,,,,,,,火,,,,,,,,,,,,,,,,,,,,
城東区,中浜,1丁目,20番,,,,,,月木,,,,,,,,,,,,,,,,,,,,,,,,,,,,,金,,,,,,,,,,,,火,,,,,,,,,,,,,,,,,,,,
城東区,中浜,1丁目,21番,,,,,,月木,,,,,,,,,,,,,,,,,,,,,,,,,,,,,金,,,,,,,,,,,,火,,,,,,,,,,,,,,,,,,,,
城東区,中浜,2丁目,1番,軽四輪車(小さい車)で収集している地域,,,,,月木,,,,,,,,,,,,,,,,,,金,,,,,,,,,,,,,,,,火,,,,,,,,,,,,,,,,,,,,,,,,,,,
城東区,中浜,2丁目,1番,上記以外,,,,,月木,,,,,,,,,,,,,,,,,,,,,,,,金,,,,,,,,,,,,,,,,,火,,,,,,,,,,,,,,,,,,,,
城東区,中浜,2丁目,2番,軽四輪車(小さい車)で収集している地域,,,,,月木,,,,,,,,,,,,,,,,,,金,,,,,,,,,,,,,,,火,,,,,,,,,,,,,,,,,,,,,,,,,,,,
城東区,中浜,2丁目,2番,上記以外,,,,,月木,,,,,,,,,,,,,,,,,,,,,,,,,金,,,,,,,,,,,,,,,火,,,,,,,,,,,,,,,,,,,,,
城東区,中浜,2丁目,3番,軽四輪車(小さい車)で収集している地域,,,,,月木,,,,,,,,,,,,,,,,,,金,,,,,,,,,,,,,,,,火,,,,,,,,,,,,,,,,,,,,,,,,,,,
城東区,中浜,2丁目,3番,上記以外,,,,,月木,,,,,,,,,,,,,,,,,,,,,,,,,,金,,,,,,,,,,,,,,,火,,,,,,,,,,,,,,,,,,,,
城東区,中浜,2丁目,4番,軽四輪車(小さい車)で収集している地域,,,,,月木,,,,,,,,,,,,,,,,,,金,,,,,,,,,,,,,,,,火,,,,,,,,,,,,,,,,,,,,,,,,,,,
城東区,中浜,2丁目,4番,上記以外,,,,,月木,,,,,,,,,,,,,,,,,,,,,,,,,,,,金,,,,,,,,,,,,火,,,,,,,,,,,,,,,,,,,,,
城東区,中浜,2丁目,5番,軽四輪車(小さい車)で収集している地域,,,,,月木,,,,,,,,,,,,,,,,,,金,,,,,,,,,,,,,,,火,,,,,,,,,,,,,,,,,,,,,,,,,,,,
城東区,中浜,2丁目,5番,上記以外,,,,,月木,,,,,,,,,,,,,,,,,,,,,,,,金,,,,,,,,,,,,,,,,火,,,,,,,,,,,,,,,,,,,,,
城東区,中浜,2丁目,6番,軽四輪車(小さい車)で収集している地域,,,,,月木,,,,,,,,,,,,,,,,,金,,,,,,,,,,,,,,,,火,,,,,,,,,,,,,,,,,,,,,,,,,,,,
城東区,中浜,2丁目,6番,上記以外,,,,,月木,,,,,,,,,,,,,,,,,,,,,,,,,,,,金,,,,,,,,,,,,,火,,,,,,,,,,,,,,,,,,,,
城東区,中浜,2丁目,7番,軽四輪車(小さい車)で収集している地域,,,,,月木,,,,,,,,,,,,,,,,,,金,,,,,,,,,,,,,,,火,,,,,,,,,,,,,,,,,,,,,,,,,,,,
城東区,中浜,2丁目,7番,上記以外,,,,,月木,,,,,,,,,,,,,,,,,,,,,,,,,,,金,,,,,,,,,,,,,,火,,,,,,,,,,,,,,,,,,,,
城東区,中浜,2丁目,8番,軽四輪車(小さい車)で収集している地域,,,,,月木,,,,,,,,,,,,,,,,,,,,金,,,,,,,,,,,,,,,,火,,,,,,,,,,,,,,,,,,,,,,,,,
城東区,中浜,2丁目,8番,上記以外,,,,,月木,,,,,,,,,,,,,,,,,,,,,,,,,,金,,,,,,,,,,,,,,,,火,,,,,,,,,,,,,,,,,,,
城東区,中浜,2丁目,9番,軽四輪車(小さい車)で収集している地域,,,,,月木,,,,,,,,,,,,,,,,,,,,金,,,,,,,,,,,,,,,火,,,,,,,,,,,,,,,,,,,,,,,,,,
城東区,中浜,2丁目,9番,上記以外,,,,,月木,,,,,,,,,,,,,,,,,,,,,,,,,,,金,,,,,,,,,,,,,,,火,,,,,,,,,,,,,,,,,,,
城東区,中浜,2丁目,10番,,,,,,月木,,,,,,,,,,,,,,,,,,,,,,,,,,,金,,,,,,,,,,,,,,,火,,,,,,,,,,,,,,,,,,,
城東区,中浜,2丁目,11番,軽四輪車(小さい車)で収集している地域,,,,,月木,,,,,,,,,,,,,,,,,,,,金,,,,,,,,,,,,,,火,,,,,,,,,,,,,,,,,,,,,,,,,,,
城東区,中浜,2丁目,11番,上記以外,,,,,月木,,,,,,,,,,,,,,,,,,,,,,,,,,,金,,,,,,,,,,,,,,火,,,,,,,,,,,,,,,,,,,,
城東区,中浜,2丁目,12番,軽四輪車(小さい車)で収集している地域,,,,,月木,,,,,,,,,,,,,,,,,,,,金,,,,,,,,,,,,,,火,,,,,,,,,,,,,,,,,,,,,,,,,,,
城東区,中浜,2丁目,12番,上記以外,,,,,月木,,,,,,,,,,,,,,,,,,,,,,,,,,,金,,,,,,,,,,,,,,火,,,,,,,,,,,,,,,,,,,,
城東区,中浜,2丁目,13番,軽四輪車(小さい車)で収集している地域,,,,,月木,,,,,,,,,,,,,,,,,金,,,,,,,,,,,,,,,,,火,,,,,,,,,,,,,,,,,,,,,,,,,,,
城東区,中浜,2丁目,13番,上記以外,,,,,月木,,,,,,,,,,,,,,,,,,,,,,,,,,,,金,,,,,,,,,,,,,火,,,,,,,,,,,,,,,,,,,,
城東区,中浜,2丁目,14番,軽四輪車(小さい車)で収集している地域,,,,,月木,,,,,,,,,,,,,,,,,,金,,,,,,,,,,,,,,,,火,,,,,,,,,,,,,,,,,,,,,,,,,,,
城東区,中浜,2丁目,14番,上記以外,,,,,月木,,,,,,,,,,,,,,,,,,,,,,,,,金,,,,,,,,,,,,,,,,火,,,,,,,,,,,,,,,,,,,,
城東区,中浜,2丁目,15番,,,,,,月木,,,,,,,,,,,,,,,,,,,,,,,,,,,,金,,,,,,,,,,,,,火,,,,,,,,,,,,,,,,,,,,
城東区,中浜,2丁目,16番,軽四輪車(小さい車)で収集している地域,,,,,月木,,,,,,,,,,,,,,,,,,金,,,,,,,,,,,,,,,,火,,,,,,,,,,,,,,,,,,,,,,,,,,,
城東区,中浜,2丁目,16番,上記以外,,,,,月木,,,,,,,,,,,,,,,,,,,,,,,,,,,金,,,,,,,,,,,,,,火,,,,,,,,,,,,,,,,,,,,
城東区,中浜,2丁目,17番,,,,,,月木,,,,,,,,,,,,,,,,,,,,,,,,,,,金,,,,,,,,,,,,,,,火,,,,,,,,,,,,,,,,,,,
城東区,中浜,2丁目,18番,軽四輪車(小さい車)で収集している地域,,,,,月木,,,,,,,,,,,,,,,,,,,金,,,,,,,,,,,,,,,,火,,,,,,,,,,,,,,,,,,,,,,,,,,
城東区,中浜,2丁目,18番,上記以外,,,,,月木,,,,,,,,,,,,,,,,,,,,,,,,,,,金,,,,,,,,,,,,,,火,,,,,,,,,,,,,,,,,,,,
城東区,中浜,3丁目,1番,,,,,,月木,,,,,,,,,,,,,,,,,,,,,,,,,,金,,,,,,,,,,,,,,,火,,,,,,,,,,,,,,,,,,,,
城東区,中浜,3丁目,2番,軽四輪車(小さい車)で収集している地域,,,,,月木,,,,,,,,,,,,,,,,,金,,,,,,,,,,,,,,,,火,,,,,,,,,,,,,,,,,,,,,,,,,,,,
城東区,中浜,3丁目,2番,上記以外,,,,,月木,,,,,,,,,,,,,,,,,,,,,,,,,,金,,,,,,,,,,,,,,,火,,,,,,,,,,,,,,,,,,,,
城東区,中浜,3丁目,3番,軽四輪車(小さい車)で収集している地域,,,,,月木,,,,,,,,,,,,,,,,,,,,金,,,,,,,,,,,,,,,,火,,,,,,,,,,,,,,,,,,,,,,,,,
城東区,中浜,3丁目,3番,上記以外,,,,,月木,,,,,,,,,,,,,,,,,,,,,,,,,,金,,,,,,,,,,,,,,,火,,,,,,,,,,,,,,,,,,,,
城東区,中浜,3丁目,4番,軽四輪車(小さい車)で収集している地域,,,,,月木,,,,,,,,,,,,,,,,,,,,金,,,,,,,,,,,,,,,,火,,,,,,,,,,,,,,,,,,,,,,,,,
城東区,中浜,3丁目,4番,上記以外,,,,,月木,,,,,,,,,,,,,,,,,,,,,,,,,,金,,,,,,,,,,,,,,,火,,,,,,,,,,,,,,,,,,,,
城東区,中浜,3丁目,5番,軽四輪車(小さい車)で収集している地域,,,,,月木,,,,,,,,,,,,,,,,,,金,,,,,,,,,,,,,,,,,,火,,,,,,,,,,,,,,,,,,,,,,,,,
城東区,中浜,3丁目,5番,上記以外,,,,,月木,,,,,,,,,,,,,,,,,,,,,,,,,,金,,,,,,,,,,,,,,,火,,,,,,,,,,,,,,,,,,,,
城東区,中浜,3丁目,6番,軽四輪車(小さい車)で収集している地域,,,,,月木,,,,,,,,,,,,,,,,,,金,,,,,,,,,,,,,,,,,,火,,,,,,,,,,,,,,,,,,,,,,,,,
城東区,中浜,3丁目,6番,上記以外,,,,,月木,,,,,,,,,,,,,,,,,,,,,,,,,,金,,,,,,,,,,,,,,,火,,,,,,,,,,,,,,,,,,,,
城東区,中浜,3丁目,7番,軽四輪車(小さい車)で収集している地域,,,,,月木,,,,,,,,,,,,,,,,,,金,,,,,,,,,,,,,,,,,,火,,,,,,,,,,,,,,,,,,,,,,,,,
城東区,中浜,3丁目,7番,上記以外,,,,,月木,,,,,,,,,,,,,,,,,,,,,,,,,,,金,,,,,,,,,,,,,,火,,,,,,,,,,,,,,,,,,,,
城東区,中浜,3丁目,8番,軽四輪車(小さい車)で収集している地域,,,,,月木,,,,,,,,,,,,,,,,,,金,,,,,,,,,,,,,,,,,,火,,,,,,,,,,,,,,,,,,,,,,,,,
城東区,中浜,3丁目,8番,上記以外,,,,,月木,,,,,,,,,,,,,,,,,,,,,,,,,,,金,,,,,,,,,,,,,,,火,,,,,,,,,,,,,,,,,,,
城東区,中浜,3丁目,9番,軽四輪車(小さい車)で収集している地域,,,,,月木,,,,,,,,,,,,,,,,,,,,金,,,,,,,,,,,,,,,,火,,,,,,,,,,,,,,,,,,,,,,,,,
城東区,中浜,3丁目,9番,上記以外,,,,,月木,,,,,,,,,,,,,,,,,,,,,,,,,,,金,,,,,,,,,,,,,,,火,,,,,,,,,,,,,,,,,,,
城東区,中浜,3丁目,10番,軽四輪車(小さい車)で収集している地域,,,,,月木,,,,,,,,,,,,,,,,,,,金,,,,,,,,,,,,,,,,,火,,,,,,,,,,,,,,,,,,,,,,,,,
城東区,中浜,3丁目,10番,上記以外,,,,,月木,,,,,,,,,,,,,,,,,,,,,,,,,,金,,,,,,,,,,,,,,,火,,,,,,,,,,,,,,,,,,,,
城東区,中浜,3丁目,11番,軽四輪車(小さい車)で収集している地域,,,,,月木,,,,,,,,,,,,,,,,,,金,,,,,,,,,,,,,,,,,,火,,,,,,,,,,,,,,,,,,,,,,,,,
城東区,中浜,3丁目,11番,上記以外,,,,,月木,,,,,,,,,,,,,,,,,,,,,,,,,,金,,,,,,,,,,,,,,,,火,,,,,,,,,,,,,,,,,,,
城東区,中浜,3丁目,12番,軽四輪車(小さい車)で収集している地域,,,,,月木,,,,,,,,,,,,,,,,,,金,,,,,,,,,,,,,,,,,火,,,,,,,,,,,,,,,,,,,,,,,,,,
城東区,中浜,3丁目,12番,上記以外,,,,,月木,,,,,,,,,,,,,,,,,,,,,,,,,,,金,,,,,,,,,,,,,,,火,,,,,,,,,,,,,,,,,,,
城東区,中浜,3丁目,13番,軽四輪車(小さい車)で収集している地域,,,,,月木,,,,,,,,,,,,,,,,,,,,金,,,,,,,,,,,,,,,,火,,,,,,,,,,,,,,,,,,,,,,,,,
城東区,中浜,3丁目,13番,上記以外,,,,,月木,,,,,,,,,,,,,,,,,,,,,,,,,,,金,,,,,,,,,,,,,,,火,,,,,,,,,,,,,,,,,,,
城東区,中浜,3丁目,14番,軽四輪車(小さい車)で収集している地域,,,,,月木,,,,,,,,,,,,,,,,,,金,,,,,,,,,,,,,,,,,火,,,,,,,,,,,,,,,,,,,,,,,,,,
城東区,中浜,3丁目,14番,上記以外,,,,,月木,,,,,,,,,,,,,,,,,,,,,,,,,,,金,,,,,,,,,,,,,,,火,,,,,,,,,,,,,,,,,,,
城東区,中浜,3丁目,15番,軽四輪車(小さい車)で収集している地域,,,,,月木,,,,,,,,,,,,,,,,,,金,,,,,,,,,,,,,,,,,火,,,,,,,,,,,,,,,,,,,,,,,,,,
城東区,中浜,3丁目,15番,上記以外,,,,,月木,,,,,,,,,,,,,,,,,,,,,,,,,,,金,,,,,,,,,,,,,,,火,,,,,,,,,,,,,,,,,,,
城東区,中浜,3丁目,16番,軽四輪車(小さい車)で収集している地域,,,,,月木,,,,,,,,,,,,,,,,,,,,,金,,,,,,,,,,,,,,火,,,,,,,,,,,,,,,,,,,,,,,,,,
城東区,中浜,3丁目,16番,上記以外,,,,,月木,,,,,,,,,,,,,,,,,,,,,,,,,,,金,,,,,,,,,,,,,,,火,,,,,,,,,,,,,,,,,,,
城東区,中浜,3丁目,17番,,,,,,月木,,,,,,,,,,,,,,,,,,,,,,,,,,,金,,,,,,,,,,,,,,,火,,,,,,,,,,,,,,,,,,,
城東区,中浜,3丁目,18番,,,,,,月木,,,,,,,,,,,,,,,,,,,,,,,,,,,金,,,,,,,,,,,,,,,火,,,,,,,,,,,,,,,,,,,
城東区,中浜,3丁目,19番,,,,,,月木,,,,,,,,,,,,,,,,,,,,,,,,,,,金,,,,,,,,,,,,,,,火,,,,,,,,,,,,,,,,,,,
城東区,中浜,3丁目,20番,軽四輪車(小さい車)で収集している地域,,,,,月木,,,,,,,,,,,,,,,,,,,金,,,,,,,,,,,,,,,,火,,,,,,,,,,,,,,,,,,,,,,,,,,
城東区,中浜,3丁目,20番,上記以外,,,,,月木,,,,,,,,,,,,,,,,,,,,,,,,,,,金,,,,,,,,,,,,,,,火,,,,,,,,,,,,,,,,,,,
城東区,中浜,3丁目,21番,,,,,,月木,,,,,,,,,,,,,,,,,,,,,,,,,,,金,,,,,,,,,,,,,,,火,,,,,,,,,,,,,,,,,,,
城東区,中浜,3丁目,22番,,,,,,月木,,,,,,,,,,,,,,,,,,,,,,,,,,,金,,,,,,,,,,,,,,,火,,,,,,,,,,,,,,,,,,,
城東区,中浜,3丁目,23番,,,,,,月木,,,,,,,,,,,,,,,,,,,,,,,,,,,金,,,,,,,,,,,,,,,火,,,,,,,,,,,,,,,,,,,
城東区,中浜,3丁目,24番,,,,,,月木,,,,,,,,,,,,,,,,,,,,,,,,,,,金,,,,,,,,,,,,,,,火,,,,,,,,,,,,,,,,,,,
城東区,中浜,3丁目,25番,軽四輪車(小さい車)で収集している地域,,,,,月木,,,,,,,,,,,,,,,,,,金,,,,,,,,,,,,,,,,火,,,,,,,,,,,,,,,,,,,,,,,,,,,
城東区,中浜,3丁目,25番,上記以外,,,,,月木,,,,,,,,,,,,,,,,,,,,,,,,,,,金,,,,,,,,,,,,,,,火,,,,,,,,,,,,,,,,,,,
城東区,中浜,3丁目,26番,,,,,,月木,,,,,,,,,,,,,,,,,,,,,,,,,,,金,,,,,,,,,,,,,,,火,,,,,,,,,,,,,,,,,,,
城東区,野江,1丁目,1番,28・31号,,,,水土,,,,,,,,,,,,,,,,,,,金,,,,,,,,,,,,,,,,火,,,,,,,,,,,,,,,,,,,,,,,,,,,
城東区,野江,1丁目,1番,上記以外,,,,,水土,,,,,,,,,,,,,,,,,,金,,,,,,,,,,,,,,,,火,,,,,,,,,,,,,,,,,,,,,,,,,,,
城東区,野江,1丁目,2番,,,,,,水土,,,,,,,,,,,,,,,,,,金,,,,,,,,,,,,,,,,火,,,,,,,,,,,,,,,,,,,,,,,,,,,
城東区,野江,1丁目,3番,,,,,,水土,,,,,,,,,,,,,,,,,,金,,,,,,,,,,,,,,,,火,,,,,,,,,,,,,,,,,,,,,,,,,,,
城東区,野江,1丁目,4番,,,,,,水土,,,,,,,,,,,,,,,,,,金,,,,,,,,,,,,,,,,火,,,,,,,,,,,,,,,,,,,,,,,,,,,
城東区,野江,1丁目,5番,パラッツオ京橋,,,,水土,,,,,,,,,,,,,,,,,,,金,,,,,,,,,,,,,,,火,,,,,,,,,,,,,,,,,,,,,,,,,,,,
城東区,野江,1丁目,5番,上記以外,,,,,水土,,,,,,,,,,,,,,,,,,金,,,,,,,,,,,,,,,火,,,,,,,,,,,,,,,,,,,,,,,,,,,,
城東区,野江,1丁目,6番,,,,,水土,,,,,,,,,,,,,,,,,,金,,,,,,,,,,,,,,,,,火,,,,,,,,,,,,,,,,,,,,,,,,,,,
城東区,野江,1丁目,7番,,,,,水土,,,,,,,,,,,,,,,,,,金,,,,,,,,,,,,,,,,,火,,,,,,,,,,,,,,,,,,,,,,,,,,,
城東区,野江,1丁目,8番,,,,,水土,,,,,,,,,,,,,,,,,,金,,,,,,,,,,,,,,,,火,,,,,,,,,,,,,,,,,,,,,,,,,,,,
城東区,野江,1丁目,9番,,,,,水土,,,,,,,,,,,,,,,,,,,金,,,,,,,,,,,,,,,火,,,,,,,,,,,,,,,,,,,,,,,,,,,,
城東区,野江,1丁目,10番,,,,,水土,,,,,,,,,,,,,,,,,,,金,,,,,,,,,,,,,,,火,,,,,,,,,,,,,,,,,,,,,,,,,,,,
城東区,野江,1丁目,11番,,,,,水土,,,,,,,,,,,,,,,,,,,金,,,,,,,,,,,,,,,,火,,,,,,,,,,,,,,,,,,,,,,,,,,,
城東区,野江,1丁目,12番,,,,,水土,,,,,,,,,,,,,,,,,,,金,,,,,,,,,,,,,,,,火,,,,,,,,,,,,,,,,,,,,,,,,,,,
城東区,野江,1丁目,13番,,,,,,水土,,,,,,,,,,,,,,,,,,金,,,,,,,,,,,,,,,,火,,,,,,,,,,,,,,,,,,,,,,,,,,,
城東区,野江,1丁目,14番,,,,,,水土,,,,,,,,,,,,,,,,,,金,,,,,,,,,,,,,,,,火,,,,,,,,,,,,,,,,,,,,,,,,,,,
城東区,野江,1丁目,15番,,,,,,水土,,,,,,,,,,,,,,,,,,金,,,,,,,,,,,,,,,,火,,,,,,,,,,,,,,,,,,,,,,,,,,,
城東区,野江,1丁目,16番,,,,,,水土,,,,,,,,,,,,,,,,,,金,,,,,,,,,,,,,,,火,,,,,,,,,,,,,,,,,,,,,,,,,,,,
城東区,野江,1丁目,17番,ブランズ城東野江,,,,,水土,,,,,,,,,,,,,,,,,金,,,,,,,,,,,,,,,,火,,,,,,,,,,,,,,,,,,,,,,,,,,,,
城東区,野江,1丁目,17番,上記以外,,,,,水土,,,,,,,,,,,,,,,,,,金,,,,,,,,,,,,,,,火,,,,,,,,,,,,,,,,,,,,,,,,,,,,
城東区,野江,1丁目,18番,市営野江第2住宅3号館,,,,,水土,,,,,,,,,,,,,,,,,,金,,,,,,,,,,,,,,,,火,,,,,,,,,,,,,,,,,,,,,,,,,,,
城東区,野江,1丁目,18番,上記以外,,,,,水土,,,,,,,,,,,,,,,,,,金,,,,,,,,,,,,,,,火,,,,,,,,,,,,,,,,,,,,,,,,,,,,
城東区,野江,1丁目,19番,市営野江第2住宅2号館,,,,,水土,,,,,,,,,,,,,,,,,,金,,,,,,,,,,,,,,,,火,,,,,,,,,,,,,,,,,,,,,,,,,,,
城東区,野江,1丁目,19番,上記以外,,,,,水土,,,,,,,,,,,,,,,,,,金,,,,,,,,,,,,,,,火,,,,,,,,,,,,,,,,,,,,,,,,,,,,
城東区,野江,1丁目,20番,市営野江第2住宅1号館,,,,,水土,,,,,,,,,,,,,,,,,,金,,,,,,,,,,,,,,,,火,,,,,,,,,,,,,,,,,,,,,,,,,,,
城東区,野江,1丁目,20番,上記以外,,,,,水土,,,,,,,,,,,,,,,,,,金,,,,,,,,,,,,,,,,火,,,,,,,,,,,,,,,,,,,,,,,,,,,
城東区,野江,2丁目,1番,,,,,水土,,,,,,,,,,,,,,,,,,,金,,,,,,,,,,,,,,,,火,,,,,,,,,,,,,,,,,,,,,,,,,,,
城東区,野江,2丁目,2番,軽四輪車(小さい車)で収集している地域,,,,水土,,,,,,,,,,,,,,,,,,,,,,,,,,,,金,,,,,,,,,,,,,,火,,,,,,,,,,,,,,,,,,,,
城東区,野江,2丁目,2番,上記以外,,,,,水土,,,,,,,,,,,,,,,,,,金,,,,,,,,,,,,,,,,火,,,,,,,,,,,,,,,,,,,,,,,,,,,
城東区,野江,2丁目,3番,軽四輪車(小さい車)で収集している地域,,,,水土,,,,,,,,,,,,,,,,,,,,,,,,,,,,金,,,,,,,,,,,,,,火,,,,,,,,,,,,,,,,,,,,
城東区,野江,2丁目,3番,上記以外,,,,,水土,,,,,,,,,,,,,,,,,,金,,,,,,,,,,,,,,,火,,,,,,,,,,,,,,,,,,,,,,,,,,,,
城東区,野江,2丁目,4番,軽四輪車(小さい車)で収集している地域,,,,水土,,,,,,,,,,,,,,,,,,,,,,,,,,,,金,,,,,,,,,,,,,,火,,,,,,,,,,,,,,,,,,,,
城東区,野江,2丁目,4番,上記以外,,,,,水土,,,,,,,,,,,,,,,,,金,,,,,,,,,,,,,,,,火,,,,,,,,,,,,,,,,,,,,,,,,,,,,
城東区,野江,2丁目,5番,軽四輪車(小さい車)で収集している地域,,,,水土,,,,,,,,,,,,,,,,,,,,,,,,,,,,,金,,,,,,,,,,,,,火,,,,,,,,,,,,,,,,,,,,
城東区,野江,2丁目,5番,上記以外,,,,,水土,,,,,,,,,,,,,,,,,,金,,,,,,,,,,,,,,,火,,,,,,,,,,,,,,,,,,,,,,,,,,,,
城東区,野江,2丁目,6番,軽四輪車(小さい車)で収集している地域,,,,水土,,,,,,,,,,,,,,,,,,,,,,,,,,,,,金,,,,,,,,,,,,,火,,,,,,,,,,,,,,,,,,,,
城東区,野江,2丁目,6番,上記以外,,,,,水土,,,,,,,,,,,,,,,,,,金,,,,,,,,,,,,,,,火,,,,,,,,,,,,,,,,,,,,,,,,,,,,
城東区,野江,2丁目,7番,軽四輪車(小さい車)で収集している地域,,,,水土,,,,,,,,,,,,,,,,,,,,,,,,,,,,,金,,,,,,,,,,,,,火,,,,,,,,,,,,,,,,,,,,
城東区,野江,2丁目,7番,上記以外,,,,,水土,,,,,,,,,,,,,,,,,,金,,,,,,,,,,,,,,,火,,,,,,,,,,,,,,,,,,,,,,,,,,,,
城東区,野江,2丁目,8番,,,,,,水土,,,,,,,,,,,,,,,,,,金,,,,,,,,,,,,,,,火,,,,,,,,,,,,,,,,,,,,,,,,,,,,
城東区,野江,2丁目,9番,軽四輪車(小さい車)で収集している地域,,,,水土,,,,,,,,,,,,,,,,,,,,,,,,,,,,,金,,,,,,,,,,,,,火,,,,,,,,,,,,,,,,,,,,
城東区,野江,2丁目,9番,上記以外,,,,,水土,,,,,,,,,,,,,,,,,,金,,,,,,,,,,,,,,,火,,,,,,,,,,,,,,,,,,,,,,,,,,,,
城東区,野江,2丁目,10番,,,,,,水土,,,,,,,,,,,,,,,,,,金,,,,,,,,,,,,,,,火,,,,,,,,,,,,,,,,,,,,,,,,,,,,
城東区,野江,2丁目,11番,,,,,,水土,,,,,,,,,,,,,,,,,,金,,,,,,,,,,,,,,,火,,,,,,,,,,,,,,,,,,,,,,,,,,,,
城東区,野江,2丁目,12番,,,,,,水土,,,,,,,,,,,,,,,,,,金,,,,,,,,,,,,,,,火,,,,,,,,,,,,,,,,,,,,,,,,,,,,
城東区,野江,2丁目,13番,ハレ・ルアナ,,,,水土,,,,,,,,,,,,,,,,,,,金,,,,,,,,,,,,,,,火,,,,,,,,,,,,,,,,,,,,,,,,,,,,
城東区,野江,2丁目,13番,上記以外,,,,,水土,,,,,,,,,,,,,,,,,,金,,,,,,,,,,,,,,,火,,,,,,,,,,,,,,,,,,,,,,,,,,,,
城東区,野江,2丁目,14番,,,,,,水土,,,,,,,,,,,,,,,,,,金,,,,,,,,,,,,,,,,火,,,,,,,,,,,,,,,,,,,,,,,,,,,
城東区,野江,2丁目,15番,,,,,,水土,,,,,,,,,,,,,,,,,,金,,,,,,,,,,,,,,,,火,,,,,,,,,,,,,,,,,,,,,,,,,,,
城東区,野江,2丁目,16番,,,,,,水土,,,,,,,,,,,,,,,,,金,,,,,,,,,,,,,,,,,火,,,,,,,,,,,,,,,,,,,,,,,,,,,
城東区,野江,2丁目,17番,,,,,,水土,,,,,,,,,,,,,,,,,金,,,,,,,,,,,,,,,,火,,,,,,,,,,,,,,,,,,,,,,,,,,,,
城東区,野江,2丁目,18番,,,,,,水土,,,,,,,,,,,,,,,,,金,,,,,,,,,,,,,,,,,火,,,,,,,,,,,,,,,,,,,,,,,,,,,
城東区,野江,2丁目,19番,,,,,,水土,,,,,,,,,,,,,,,,,金,,,,,,,,,,,,,,,,火,,,,,,,,,,,,,,,,,,,,,,,,,,,,
城東区,野江,2丁目,20番,リーベール城東野江,,,,水土,,,,,,,,,,,,,,,,,,金,,,,,,,,,,,,,,,,火,,,,,,,,,,,,,,,,,,,,,,,,,,,,
城東区,野江,2丁目,20番,上記以外,,,,,水土,,,,,,,,,,,,,,,,,金,,,,,,,,,,,,,,,,火,,,,,,,,,,,,,,,,,,,,,,,,,,,,
城東区,野江,2丁目,21番,,,,,,水土,,,,,,,,,,,,,,,,,,金,,,,,,,,,,,,,,,,火,,,,,,,,,,,,,,,,,,,,,,,,,,,
城東区,野江,2丁目,22番,,,,,,水土,,,,,,,,,,,,,,,,,,金,,,,,,,,,,,,,,,,火,,,,,,,,,,,,,,,,,,,,,,,,,,,
城東区,野江,3丁目,1番,軽四輪車(小さい車)で収集している地域,,,,水土,,,,,,,,,,,,,,,,,,,,,,,,,,,,金,,,,,,,,,,,,,,火,,,,,,,,,,,,,,,,,,,,
城東区,野江,3丁目,1番,上記以外,,,,,水土,,,,,,,,,,,,,,,,,,金,,,,,,,,,,,,,,,,火,,,,,,,,,,,,,,,,,,,,,,,,,,,
城東区,野江,3丁目,2番,軽四輪車(小さい車)で収集している地域,,,,水土,,,,,,,,,,,,,,,,,,,,,,,,,,,,,金,,,,,,,,,,,,,火,,,,,,,,,,,,,,,,,,,,
城東区,野江,3丁目,2番,上記以外,,,,,水土,,,,,,,,,,,,,,,,,,金,,,,,,,,,,,,,,,,火,,,,,,,,,,,,,,,,,,,,,,,,,,,
城東区,野江,3丁目,3番,軽四輪車(小さい車)で収集している地域,,,,水土,,,,,,,,,,,,,,,,,,,,,,,,,,,,金,,,,,,,,,,,,,,火,,,,,,,,,,,,,,,,,,,,
城東区,野江,3丁目,3番,上記以外,,,,,水土,,,,,,,,,,,,,,,,,,金,,,,,,,,,,,,,,,,火,,,,,,,,,,,,,,,,,,,,,,,,,,,
城東区,野江,3丁目,4番,軽四輪車(小さい車)で収集している地域,,,,水土,,,,,,,,,,,,,,,,,,,,,,,,,,,,金,,,,,,,,,,,,,,火,,,,,,,,,,,,,,,,,,,,
城東区,野江,3丁目,4番,上記以外,,,,,水土,,,,,,,,,,,,,,,,,金,,,,,,,,,,,,,,,,,火,,,,,,,,,,,,,,,,,,,,,,,,,,,
城東区,野江,3丁目,5番,,,,,,水土,,,,,,,,,,,,,,,,,,金,,,,,,,,,,,,,,,,火,,,,,,,,,,,,,,,,,,,,,,,,,,,
城東区,野江,3丁目,6番,軽四輪車(小さい車)で収集している地域,,,,水土,,,,,,,,,,,,,,,,,,,,,,,,,,,金,,,,,,,,,,,,,,,火,,,,,,,,,,,,,,,,,,,,
城東区,野江,3丁目,6番,上記以外,,,,,水土,,,,,,,,,,,,,,,,,金,,,,,,,,,,,,,,,,,火,,,,,,,,,,,,,,,,,,,,,,,,,,,
城東区,野江,3丁目,7番,軽四輪車(小さい車)で収集している地域,,,,水土,,,,,,,,,,,,,,,,,,,,,,,,,,,金,,,,,,,,,,,,,,,火,,,,,,,,,,,,,,,,,,,,
城東区,野江,3丁目,7番,上記以外,,,,,水土,,,,,,,,,,,,,,,,,,金,,,,,,,,,,,,,,,,火,,,,,,,,,,,,,,,,,,,,,,,,,,,
城東区,野江,3丁目,8番,軽四輪車(小さい車)で収集している地域,,,,,水土,,,,,,,,,,,,,,,,,,,,,,,,,,金,,,,,,,,,,,,,,,火,,,,,,,,,,,,,,,,,,,,
城東区,野江,3丁目,8番,上記以外,,,,,水土,,,,,,,,,,,,,,,,,,金,,,,,,,,,,,,,,,,火,,,,,,,,,,,,,,,,,,,,,,,,,,,
城東区,野江,3丁目,9番,軽四輪車(小さい車)で収集している地域,,,,水土,,,,,,,,,,,,,,,,,,,,,,,,,,,金,,,,,,,,,,,,,,,火,,,,,,,,,,,,,,,,,,,,
城東区,野江,3丁目,9番,上記以外,,,,,水土,,,,,,,,,,,,,,,,,,金,,,,,,,,,,,,,,,,火,,,,,,,,,,,,,,,,,,,,,,,,,,,
城東区,野江,3丁目,10番,軽四輪車(小さい車)で収集している地域,,,,水土,,,,,,,,,,,,,,,,,,,,,,,,,,,金,,,,,,,,,,,,,,,火,,,,,,,,,,,,,,,,,,,,
城東区,野江,3丁目,10番,上記以外,,,,,水土,,,,,,,,,,,,,,,,,,金,,,,,,,,,,,,,,,,火,,,,,,,,,,,,,,,,,,,,,,,,,,,
城東区,野江,3丁目,11番,軽四輪車(小さい車)で収集している地域,,,,水土,,,,,,,,,,,,,,,,,,,,,,,,,,,,金,,,,,,,,,,,,,,火,,,,,,,,,,,,,,,,,,,,
城東区,野江,3丁目,11番,上記以外,,,,,水土,,,,,,,,,,,,,,,,,,金,,,,,,,,,,,,,,,,火,,,,,,,,,,,,,,,,,,,,,,,,,,,
城東区,野江,3丁目,12番,軽四輪車(小さい車)で収集している地域,,,,水土,,,,,,,,,,,,,,,,,,,,,,,,,,,,金,,,,,,,,,,,,,,,,火,,,,,,,,,,,,,,,,,,
城東区,野江,3丁目,12番,上記以外,,,,,水土,,,,,,,,,,,,,,,,,,金,,,,,,,,,,,,,,,,火,,,,,,,,,,,,,,,,,,,,,,,,,,,
城東区,野江,3丁目,13番,軽四輪車(小さい車)で収集している地域,,,,水土,,,,,,,,,,,,,,,,,,,,,,,,,,,,金,,,,,,,,,,,,,,,,火,,,,,,,,,,,,,,,,,,
城東区,野江,3丁目,13番,上記以外,,,,,水土,,,,,,,,,,,,,,,,,,金,,,,,,,,,,,,,,,,火,,,,,,,,,,,,,,,,,,,,,,,,,,,
城東区,野江,3丁目,14番,軽四輪車(小さい車)で収集している地域,,,,水土,,,,,,,,,,,,,,,,,,,,,,,,,,,,金,,,,,,,,,,,,,,,,火,,,,,,,,,,,,,,,,,,
城東区,野江,3丁目,14番,上記以外,,,,,水土,,,,,,,,,,,,,,,,,,金,,,,,,,,,,,,,,,,火,,,,,,,,,,,,,,,,,,,,,,,,,,,
城東区,野江,3丁目,15番,,,,,水土,,,,,,,,,,,,,,,,,,,,,,,,,,,,金,,,,,,,,,,,,,,,,金,,,,,,,,,,,,,,,,,,
城東区,野江,3丁目,16番,軽四輪車(小さい車)で収集している地域,,,,水土,,,,,,,,,,,,,,,,,,,,,,,,,,,,,金,,,,,,,,,,,,,,,火,,,,,,,,,,,,,,,,,,
城東区,野江,3丁目,16番,上記以外,,,,,水土,,,,,,,,,,,,,,,,,,金,,,,,,,,,,,,,,,火,,,,,,,,,,,,,,,,,,,,,,,,,,,,
城東区,野江,3丁目,17番,軽四輪車(小さい車)で収集している地域,,,,水土,,,,,,,,,,,,,,,,,,,,,,,,,,,,金,,,,,,,,,,,,,,,,火,,,,,,,,,,,,,,,,,,
城東区,野江,3丁目,17番,上記以外,,,,,水土,,,,,,,,,,,,,,,,,金,,,,,,,,,,,,,,,,,火,,,,,,,,,,,,,,,,,,,,,,,,,,,
城東区,野江,3丁目,18番,軽四輪車(小さい車)で収集している地域,,,,水土,,,,,,,,,,,,,,,,,,,,,,,,,,,金,,,,,,,,,,,,,,,火,,,,,,,,,,,,,,,,,,,,
城東区,野江,3丁目,18番,上記以外,,,,,水土,,,,,,,,,,,,,,,,,金,,,,,,,,,,,,,,,,火,,,,,,,,,,,,,,,,,,,,,,,,,,,,
城東区,野江,3丁目,19番,軽四輪車(小さい車)で収集している地域,,,,水土,,,,,,,,,,,,,,,,,,,,,,,,,,,金,,,,,,,,,,,,,,,火,,,,,,,,,,,,,,,,,,,,
城東区,野江,3丁目,19番,上記以外,,,,水土,,,,,,,,,,,,,,,,,,,金,,,,,,,,,,,,,,,,火,,,,,,,,,,,,,,,,,,,,,,,,,,,
城東区,野江,3丁目,20番,軽四輪車(小さい車)で収集している地域,,,,水土,,,,,,,,,,,,,,,,,,,,,,,,,,,金,,,,,,,,,,,,,,,火,,,,,,,,,,,,,,,,,,,,
城東区,野江,3丁目,20番,上記以外,,,,,水土,,,,,,,,,,,,,,,,,,金,,,,,,,,,,,,,,,火,,,,,,,,,,,,,,,,,,,,,,,,,,,,
城東区,野江,3丁目,21番,,,,,,水土,,,,,,,,,,,,,,,,,,金,,,,,,,,,,,,,,,火,,,,,,,,,,,,,,,,,,,,,,,,,,,,
城東区,野江,3丁目,22番,軽四輪車(小さい車)で収集している地域,,,,,水土,,,,,,,,,,,,,,,,,,,,,,,,,,金,,,,,,,,,,,,,,,火,,,,,,,,,,,,,,,,,,,,
城東区,野江,3丁目,22番,上記以外,,,,,水土,,,,,,,,,,,,,,,,,,金,,,,,,,,,,,,,,,火,,,,,,,,,,,,,,,,,,,,,,,,,,,,
城東区,野江,3丁目,23番,軽四輪車(小さい車)で収集している地域,,,,,水土,,,,,,,,,,,,,,,,,,,,,,,,金,,,,,,,,,,,,,,,,,火,,,,,,,,,,,,,,,,,,,,
城東区,野江,3丁目,23番,上記以外,,,,,水土,,,,,,,,,,,,,,,,,,金,,,,,,,,,,,,,,,火,,,,,,,,,,,,,,,,,,,,,,,,,,,,
城東区,野江,3丁目,24番,軽四輪車(小さい車)で収集している地域,,,,,水土,,,,,,,,,,,,,,,,,,,,,,,,,,,,金,,,,,,,,,,,,,火,,,,,,,,,,,,,,,,,,,,
城東区,野江,3丁目,24番,上記以外,,,,,水土,,,,,,,,,,,,,,,,,,金,,,,,,,,,,,,,,,火,,,,,,,,,,,,,,,,,,,,,,,,,,,,
城東区,野江,3丁目,25番,軽四輪車(小さい車)で収集している地域,,,,水土,,,,,,,,,,,,,,,,,,,,,,,,,,,,,金,,,,,,,,,,,,,火,,,,,,,,,,,,,,,,,,,,
城東区,野江,3丁目,25番,上記以外,,,,,水土,,,,,,,,,,,,,,,,,,金,,,,,,,,,,,,,,,火,,,,,,,,,,,,,,,,,,,,,,,,,,,,
城東区,野江,3丁目,26番,軽四輪車(小さい車)で収集している地域,,,,,水土,,,,,,,,,,,,,,,,,,,,,,,,,,,,金,,,,,,,,,,,,,火,,,,,,,,,,,,,,,,,,,,
城東区,野江,3丁目,26番,上記以外,,,,,水土,,,,,,,,,,,,,,,,,,金,,,,,,,,,,,,,,,火,,,,,,,,,,,,,,,,,,,,,,,,,,,,
城東区,野江,3丁目,27番,,,,,,水土,,,,,,,,,,,,,,,,,,金,,,,,,,,,,,,,,,,火,,,,,,,,,,,,,,,,,,,,,,,,,,,
城東区,野江,3丁目,28番,軽四輪車(小さい車)で収集している地域,,,,,水土,,,,,,,,,,,,,,,,,,,,,,,,,,,,金,,,,,,,,,,,,,火,,,,,,,,,,,,,,,,,,,,
城東区,野江,3丁目,28番,上記以外,,,,,水土,,,,,,,,,,,,,,,,,金,,,,,,,,,,,,,,,,火,,,,,,,,,,,,,,,,,,,,,,,,,,,,
城東区,野江,3丁目,29番,軽四輪車(小さい車)で収集している地域,,,,,水土,,,,,,,,,,,,,,,,,,,,,,,,金,,,,,,,,,,,,,,,,,火,,,,,,,,,,,,,,,,,,,,
城東区,野江,3丁目,29番,上記以外,,,,,水土,,,,,,,,,,,,,,,,,,金,,,,,,,,,,,,,,,,火,,,,,,,,,,,,,,,,,,,,,,,,,,,
城東区,野江,4丁目,1番,,,,,,水土,,,,,,,,,,,,,,,,,,金,,,,,,,,,,,,,,,,火,,,,,,,,,,,,,,,,,,,,,,,,,,,
城東区,野江,4丁目,2番,,,,,,水土,,,,,,,,,,,,,,,,,,金,,,,,,,,,,,,,,,,火,,,,,,,,,,,,,,,,,,,,,,,,,,,
城東区,野江,4丁目,3番,,,,,,水土,,,,,,,,,,,,,,,,,,金,,,,,,,,,,,,,,,,火,,,,,,,,,,,,,,,,,,,,,,,,,,,
城東区,野江,4丁目,4番,軽四輪車(小さい車)で収集している地域,,,,,水土,,,,,,,,,,,,,,,,,,,,,,,,,,,,金,,,,,,,,,,,,,,火,,,,,,,,,,,,,,,,,,,
城東区,野江,4丁目,4番,上記以外,,,,,水土,,,,,,,,,,,,,,,,,,金,,,,,,,,,,,,,,,火,,,,,,,,,,,,,,,,,,,,,,,,,,,,
城東区,野江,4丁目,5番,軽四輪車(小さい車)で収集している地域,,,,水土,,,,,,,,,,,,,,,,,,,,,,,,,,,金,,,,,,,,,,,,,,,,火,,,,,,,,,,,,,,,,,,,
城東区,野江,4丁目,5番,上記以外,,,,,水土,,,,,,,,,,,,,,,,,,金,,,,,,,,,,,,,,,,火,,,,,,,,,,,,,,,,,,,,,,,,,,,
城東区,野江,4丁目,6番,軽四輪車(小さい車)で収集している地域,,,,水土,,,,,,,,,,,,,,,,,,,,,,,,,,,金,,,,,,,,,,,,,,,,火,,,,,,,,,,,,,,,,,,,
城東区,野江,4丁目,6番,上記以外,,,,,水土,,,,,,,,,,,,,,,,,,金,,,,,,,,,,,,,,,火,,,,,,,,,,,,,,,,,,,,,,,,,,,,
城東区,野江,4丁目,7番,軽四輪車(小さい車)で収集している地域,,,,水土,,,,,,,,,,,,,,,,,,,,,,,,,,,,金,,,,,,,,,,,,,,,火,,,,,,,,,,,,,,,,,,,
城東区,野江,4丁目,7番,上記以外,,,,,水土,,,,,,,,,,,,,,,,,,金,,,,,,,,,,,,,,,,火,,,,,,,,,,,,,,,,,,,,,,,,,,,
城東区,野江,4丁目,8番,軽四輪車(小さい車)で収集している地域,,,,水土,,,,,,,,,,,,,,,,,,,,,,,,,,,,金,,,,,,,,,,,,,,,火,,,,,,,,,,,,,,,,,,,
城東区,野江,4丁目,8番,上記以外,,,,,水土,,,,,,,,,,,,,,,,,,金,,,,,,,,,,,,,,,,火,,,,,,,,,,,,,,,,,,,,,,,,,,,
城東区,野江,4丁目,9番,軽四輪車(小さい車)で収集している地域,,,,,水土,,,,,,,,,,,,,,,,,,,,,,,,,,,,金,,,,,,,,,,,,,,火,,,,,,,,,,,,,,,,,,,
城東区,野江,4丁目,9番,上記以外,,,,,水土,,,,,,,,,,,,,,,,,,金,,,,,,,,,,,,,,,火,,,,,,,,,,,,,,,,,,,,,,,,,,,,
城東区,野江,4丁目,10番,,,,,,水土,,,,,,,,,,,,,,,,,,金,,,,,,,,,,,,,,,火,,,,,,,,,,,,,,,,,,,,,,,,,,,,
城東区,野江,4丁目,11番,軽四輪車(小さい車)で収集している地域,,,,水土,,,,,,,,,,,,,,,,,,,,,,,,,,,,,金,,,,,,,,,,,,,,火,,,,,,,,,,,,,,,,,,,
城東区,野江,4丁目,11番,上記以外,,,,水土,,,,,,,,,,,,,,,,,,,金,,,,,,,,,,,,,,,火,,,,,,,,,,,,,,,,,,,,,,,,,,,,
城東区,野江,4丁目,12番,軽四輪車(小さい車)で収集している地域,,,,水土,,,,,,,,,,,,,,,,,,,,,,,,,,,,,金,,,,,,,,,,,,,,,火,,,,,,,,,,,,,,,,,,
城東区,野江,4丁目,12番,上記以外,,,,,水土,,,,,,,,,,,,,,,,,,金,,,,,,,,,,,,,,,火,,,,,,,,,,,,,,,,,,,,,,,,,,,,
城東区,野江,4丁目,13番,軽四輪車(小さい車)で収集している地域,,,,水土,,,,,,,,,,,,,,,,,,,,,,,,,,,,,金,,,,,,,,,,,,,,,火,,,,,,,,,,,,,,,,,,
城東区,野江,4丁目,13番,上記以外,,,,水土,,,,,,,,,,,,,,,,,,,金,,,,,,,,,,,,,,,,火,,,,,,,,,,,,,,,,,,,,,,,,,,,
城東区,野江,4丁目,14番,軽四輪車(小さい車)で収集している地域,,,,水土,,,,,,,,,,,,,,,,,,,,,,,,,,,,,,金,,,,,,,,,,,,,,火,,,,,,,,,,,,,,,,,,
城東区,野江,4丁目,14番,上記以外,,,,,水土,,,,,,,,,,,,,,,,,,金,,,,,,,,,,,,,,,火,,,,,,,,,,,,,,,,,,,,,,,,,,,,
城東区,放出西,1丁目,1番,軽四輪車(小さい車)で収集している地域,,,,月木,,,,,,,,,,,,,,,水,,,,,,,,,,,,,,,,土,,,,,,,,,,,,,,,,,,,,,,,,,,,,,,,
城東区,放出西,1丁目,1番,上記以外,,,,月木,,,,,,,,,,,,,,,,,,,水,,,,,,,,,,,,,,,,,土,,,,,,,,,,,,,,,,,,,,,,,,,,
城東区,放出西,1丁目,2番,,,,,月木,,,,,,,,,,,,,,,,,,,水,,,,,,,,,,,,,,,,,土,,,,,,,,,,,,,,,,,,,,,,,,,,
城東区,放出西,1丁目,3番,,,,,月木,,,,,,,,,,,,,,,,,,,水,,,,,,,,,,,,,,,,,土,,,,,,,,,,,,,,,,,,,,,,,,,,
城東区,放出西,1丁目,4番,,,,,月木,,,,,,,,,,,,,,,,,,,水,,,,,,,,,,,,,,,,,土,,,,,,,,,,,,,,,,,,,,,,,,,,
城東区,放出西,1丁目,5番,,,,,月木,,,,,,,,,,,,,,,,,,,水,,,,,,,,,,,,,,,,,土,,,,,,,,,,,,,,,,,,,,,,,,,,
城東区,放出西,1丁目,6番,,,,,月木,,,,,,,,,,,,,,,,,,,水,,,,,,,,,,,,,,,,,土,,,,,,,,,,,,,,,,,,,,,,,,,,
城東区,放出西,1丁目,7番,軽四輪車(小さい車)で収集している地域,,,,月木,,,,,,,,,,,,,,,,,,,,,,,,,水,,,,,,,,,,,,,,,,土,,,,,,,,,,,,,,,,,,,,,
城東区,放出西,1丁目,7番,上記以外,,,,月木,,,,,,,,,,,,,,,,,,,水,,,,,,,,,,,,,,,,,土,,,,,,,,,,,,,,,,,,,,,,,,,,
城東区,放出西,1丁目,8番,,,,,月木,,,,,,,,,,,,,,,,,,,水,,,,,,,,,,,,,,,,,土,,,,,,,,,,,,,,,,,,,,,,,,,,
城東区,放出西,1丁目,9番,軽四輪車(小さい車)で収集している地域,,,,月木,,,,,,,,,,,,,,,,,,,,,,,,,水,,,,,,,,,,,,,,,,土,,,,,,,,,,,,,,,,,,,,,
城東区,放出西,1丁目,9番,上記以外,,,,月木,,,,,,,,,,,,,,,,,,,水,,,,,,,,,,,,,,,,,土,,,,,,,,,,,,,,,,,,,,,,,,,,
城東区,放出西,2丁目,1番,軽四輪車(小さい車)で収集している地域,,,,月木,,,,,,,,,,,,,,,,,,,,,,,,,水,,,,,,,,,,,,,,,,土,,,,,,,,,,,,,,,,,,,,,
城東区,放出西,2丁目,1番,上記以外,,,,月木,,,,,,,,,,,,,,,,,,,水,,,,,,,,,,,,,,,,,土,,,,,,,,,,,,,,,,,,,,,,,,,,
城東区,放出西,2丁目,3番,,,,,月木,,,,,,,,,,,,,,,,,,,水,,,,,,,,,,,,,,,,,土,,,,,,,,,,,,,,,,,,,,,,,,,,
城東区,放出西,2丁目,4番,,,,,月木,,,,,,,,,,,,,,,,,,,水,,,,,,,,,,,,,,,,,土,,,,,,,,,,,,,,,,,,,,,,,,,,
城東区,放出西,2丁目,5番,,,,,月木,,,,,,,,,,,,,,,,,,,水,,,,,,,,,,,,,,,,,土,,,,,,,,,,,,,,,,,,,,,,,,,,
城東区,放出西,2丁目,6番,,,,,月木,,,,,,,,,,,,,,,,,,,水,,,,,,,,,,,,,,,,,土,,,,,,,,,,,,,,,,,,,,,,,,,,
城東区,放出西,2丁目,7番,,,,,月木,,,,,,,,,,,,,,,,,,,水,,,,,,,,,,,,,,,,,土,,,,,,,,,,,,,,,,,,,,,,,,,,
城東区,放出西,2丁目,8番,,,,,月木,,,,,,,,,,,,,,,,,,,水,,,,,,,,,,,,,,,,,土,,,,,,,,,,,,,,,,,,,,,,,,,,
城東区,放出西,2丁目,9番,,,,,月木,,,,,,,,,,,,,,,,,,,水,,,,,,,,,,,,,,,,,土,,,,,,,,,,,,,,,,,,,,,,,,,,
城東区,放出西,2丁目,10番,,,,,月木,,,,,,,,,,,,,,,,,,,水,,,,,,,,,,,,,,,,,土,,,,,,,,,,,,,,,,,,,,,,,,,,
城東区,放出西,2丁目,11番,,,,,月木,,,,,,,,,,,,,,,,,,,水,,,,,,,,,,,,,,,,,土,,,,,,,,,,,,,,,,,,,,,,,,,,
城東区,放出西,2丁目,12番,,,,,月木,,,,,,,,,,,,,,,,,,,水,,,,,,,,,,,,,,,,,土,,,,,,,,,,,,,,,,,,,,,,,,,,
城東区,放出西,2丁目,13番,軽四輪車(小さい車)で収集している地域,,,,月木,,,,,,,,,,,,,,,,,,,,,,,,,水,,,,,,,,,,,,,,,,土,,,,,,,,,,,,,,,,,,,,,
城東区,放出西,2丁目,13番,上記以外,,,,月木,,,,,,,,,,,,,,,,,,,水,,,,,,,,,,,,,,,,,土,,,,,,,,,,,,,,,,,,,,,,,,,,
城東区,放出西,2丁目,14番,軽四輪車(小さい車)で収集している地域,,,,月木,,,,,,,,,,,,,,,,,,,,,,,,,水,,,,,,,,,,,,,,,,土,,,,,,,,,,,,,,,,,,,,,
城東区,放出西,2丁目,14番,上記以外,,,,月木,,,,,,,,,,,,,,,,,,,水,,,,,,,,,,,,,,,,,土,,,,,,,,,,,,,,,,,,,,,,,,,,
城東区,放出西,2丁目,16番,,,,,月木,,,,,,,,,,,,,,,,,,,水,,,,,,,,,,,,,,,,,土,,,,,,,,,,,,,,,,,,,,,,,,,,
城東区,放出西,2丁目,17番,,,,,月木,,,,,,,,,,,,,,,,,,,水,,,,,,,,,,,,,,,,,土,,,,,,,,,,,,,,,,,,,,,,,,,,
城東区,放出西,2丁目,18番,軽四輪車(小さい車)で収集している地域,,,,月木,,,,,,,,,,,,,,,,,,,,,,,,,水,,,,,,,,,,,土,,,,,,,,,,,,,,,,,,,,,,,,,,
城東区,放出西,2丁目,18番,上記以外,,,,月木,,,,,,,,,,,,,,,,,,,,,,,,,,水,,,,,,,,,,土,,,,,,,,,,,,,,,,,,,,,,,,,,
城東区,放出西,2丁目,19番,,,,,月木,,,,,,,,,,,,,,,,,,,,,,,,,,水,,,,,,,,,,土,,,,,,,,,,,,,,,,,,,,,,,,,,
城東区,放出西,2丁目,20番,,,,,月木,,,,,,,,,,,,,,,,,,,,,,,,,,水,,,,,,,,,,土,,,,,,,,,,,,,,,,,,,,,,,,,,
城東区,放出西,3丁目,1番,軽四輪車(小さい車)で収集している地域,,,,月木,,,,,,,,,,,,,,,,,,,,,,,,,水,,,,,,,,,,,土,,,,,,,,,,,,,,,,,,,,,,,,,,
城東区,放出西,3丁目,1番,上記以外,,,,月木,,,,,,,,,,,,,,,,,,,水,,,,,,,,,,,,,,,,,土,,,,,,,,,,,,,,,,,,,,,,,,,,
城東区,放出西,3丁目,2番,,,,,月木,,,,,,,,,,,,,,,,,,,水,,,,,,,,,,,,,,,,,土,,,,,,,,,,,,,,,,,,,,,,,,,,
城東区,放出西,3丁目,3番,軽四輪車(小さい車)で収集している地域,,,,月木,,,,,,,,,,,,,,,,,,,水,,,,,,,,,,,,,,,,土,,,,,,,,,,,,,,,,,,,,,,,,,,,
城東区,放出西,3丁目,3番,上記以外,,,,月木,,,,,,,,,,,,,,,,,,,水,,,,,,,,,,,,,,,,土,,,,,,,,,,,,,,,,,,,,,,,,,,,
城東区,放出西,3丁目,4番,軽四輪車(小さい車)で収集している地域,,,,月木,,,,,,,,,,,,,,,,,,,水,,,,,,,,,,,,,,,,土,,,,,,,,,,,,,,,,,,,,,,,,,,,
城東区,放出西,3丁目,4番,上記以外,,,,月木,,,,,,,,,,,,,,,,,,,水,,,,,,,,,,,,,,,,土,,,,,,,,,,,,,,,,,,,,,,,,,,,
城東区,放出西,3丁目,5番,,,,,月木,,,,,,,,,,,,,,,,,,,水,,,,,,,,,,,,,,,,土,,,,,,,,,,,,,,,,,,,,,,,,,,,
城東区,放出西,3丁目,6番,,,,,月木,,,,,,,,,,,,,,,,,,,水,,,,,,,,,,,,,,,,土,,,,,,,,,,,,,,,,,,,,,,,,,,,
城東区,放出西,3丁目,7番,,,,,月木,,,,,,,,,,,,,,,,,,,水,,,,,,,,,,,,,,,,土,,,,,,,,,,,,,,,,,,,,,,,,,,,
城東区,放出西,3丁目,8番,,,,,月木,,,,,,,,,,,,,,,,,,,水,,,,,,,,,,,,,,,,土,,,,,,,,,,,,,,,,,,,,,,,,,,,
城東区,放出西,3丁目,9番,,,,,月木,,,,,,,,,,,,,,,,,,,,,,,,,,水,,,,,,,,,,,,,,,土,,,,,,,,,,,,,,,,,,,,,
城東区,放出西,3丁目,10番,,,,,月木,,,,,,,,,,,,,,,,,,,水,,,,,,,,,,,,,,,,土,,,,,,,,,,,,,,,,,,,,,,,,,,,
城東区,放出西,3丁目,11番,,,,,月木,,,,,,,,,,,,,,,,,,,水,,,,,,,,,,,,,,,,土,,,,,,,,,,,,,,,,,,,,,,,,,,,
城東区,放出西,3丁目,12番,,,,,月木,,,,,,,,,,,,,,,,,,,水,,,,,,,,,,,,,,,,土,,,,,,,,,,,,,,,,,,,,,,,,,,,
城東区,放出西,3丁目,13番,,,,,月木,,,,,,,,,,,,,,,,,,,,,,,,,,水,,,,,,,,,,,,,,,土,,,,,,,,,,,,,,,,,,,,,
城東区,放出西,3丁目,14番,,,,,月木,,,,,,,,,,,,,,,,,,,水,,,,,,,,,,,,,,,,土,,,,,,,,,,,,,,,,,,,,,,,,,,,
城東区,放出西,3丁目,15番,,,,,月木,,,,,,,,,,,,,,,,,,,水,,,,,,,,,,,,,,,,土,,,,,,,,,,,,,,,,,,,,,,,,,,,
城東区,放出西,3丁目,16番,,,,,月木,,,,,,,,,,,,,,,,,,,水,,,,,,,,,,,,,,,,土,,,,,,,,,,,,,,,,,,,,,,,,,,,
城東区,放出西,3丁目,20番,,,,,月木,,,,,,,,,,,,,,,,,,,水,,,,,,,,,,,,,,,,土,,,,,,,,,,,,,,,,,,,,,,,,,,,
城東区,東中浜,1丁目,1番,,,,,,月木,,,,,,,,,,,,,,,,,,土,,,,,,,,,,,,,,,,水,,,,,,,,,,,,,,,,,,,,,,,,,,,
城東区,東中浜,1丁目,2番,,,,,,月木,,,,,,,,,,,,,,,,,,土,,,,,,,,,,,,,,,,水,,,,,,,,,,,,,,,,,,,,,,,,,,,
城東区,東中浜,1丁目,3番,,,,,,月木,,,,,,,,,,,,,,,,,,,土,,,,,,,,,,,,,,,水,,,,,,,,,,,,,,,,,,,,,,,,,,,
城東区,東中浜,1丁目,4番,,,,,,月木,,,,,,,,,,,,,,,,,,,土,,,,,,,,,,,,,,,水,,,,,,,,,,,,,,,,,,,,,,,,,,,
城東区,東中浜,1丁目,5番,,,,,,月木,,,,,,,,,,,,,,,,,,,土,,,,,,,,,,,,,,,水,,,,,,,,,,,,,,,,,,,,,,,,,,,
城東区,東中浜,1丁目,6番,,,,,,月木,,,,,,,,,,,,,,,,,,,土,,,,,,,,,,,,,,,水,,,,,,,,,,,,,,,,,,,,,,,,,,,
城東区,東中浜,1丁目,7番,,,,,,月木,,,,,,,,,,,,,,,,,,土,,,,,,,,,,,,,,,,水,,,,,,,,,,,,,,,,,,,,,,,,,,,
城東区,東中浜,1丁目,8番,,,,,,月木,,,,,,,,,,,,,,,,,,土,,,,,,,,,,,,,,,,水,,,,,,,,,,,,,,,,,,,,,,,,,,,
城東区,東中浜,1丁目,9番,,,,,,月木,,,,,,,,,,,,,,,,,,土,,,,,,,,,,,,,,,,水,,,,,,,,,,,,,,,,,,,,,,,,,,,
城東区,東中浜,1丁目,10番,,,,,,月木,,,,,,,,,,,,,,,,,,土,,,,,,,,,,,,,,,,水,,,,,,,,,,,,,,,,,,,,,,,,,,,
城東区,東中浜,1丁目,11番,,,,,,月木,,,,,,,,,,,,,,,,,,,土,,,,,,,,,,,,,,,水,,,,,,,,,,,,,,,,,,,,,,,,,,,
城東区,東中浜,1丁目,12番,,,,,,月木,,,,,,,,,,,,,,,,,,,土,,,,,,,,,,,,,,,水,,,,,,,,,,,,,,,,,,,,,,,,,,,
城東区,東中浜,1丁目,13番,,,,,,月木,,,,,,,,,,,,,,,,,,,土,,,,,,,,,,,,,,,水,,,,,,,,,,,,,,,,,,,,,,,,,,,
城東区,東中浜,2丁目,1番,,,,,,月木,,,,,,,,,,,,,,,,,,土,,,,,,,,,,,,,,,,水,,,,,,,,,,,,,,,,,,,,,,,,,,,
城東区,東中浜,2丁目,2番,,,,,,月木,,,,,,,,,,,,,,,,,,土,,,,,,,,,,,,,,,,水,,,,,,,,,,,,,,,,,,,,,,,,,,,
城東区,東中浜,2丁目,3番,,,,,,月木,,,,,,,,,,,,,,,,,,土,,,,,,,,,,,,,,,,水,,,,,,,,,,,,,,,,,,,,,,,,,,,
城東区,東中浜,2丁目,4番,,,,,,月木,,,,,,,,,,,,,,,,,,土,,,,,,,,,,,,,,,,水,,,,,,,,,,,,,,,,,,,,,,,,,,,
城東区,東中浜,2丁目,5番,,,,,,月木,,,,,,,,,,,,,,,,,土,,,,,,,,,,,,,,,,水,,,,,,,,,,,,,,,,,,,,,,,,,,,,
城東区,東中浜,2丁目,6番,,,,,,月木,,,,,,,,,,,,,,,,,,土,,,,,,,,,,,,,,,,水,,,,,,,,,,,,,,,,,,,,,,,,,,,
城東区,東中浜,2丁目,7番,,,,,,月木,,,,,,,,,,,,,,,,,,土,,,,,,,,,,,,,,,,水,,,,,,,,,,,,,,,,,,,,,,,,,,,
城東区,東中浜,2丁目,8番,,,,,,月木,,,,,,,,,,,,,,,,,,土,,,,,,,,,,,,,,,,水,,,,,,,,,,,,,,,,,,,,,,,,,,,
城東区,東中浜,2丁目,9番,,,,,,月木,,,,,,,,,,,,,,,,,,土,,,,,,,,,,,,,,,,水,,,,,,,,,,,,,,,,,,,,,,,,,,,
城東区,東中浜,2丁目,10番,,,,,,月木,,,,,,,,,,,,,,,,,土,,,,,,,,,,,,,,,,水,,,,,,,,,,,,,,,,,,,,,,,,,,,,
城東区,東中浜,2丁目,11番,,,,,,月木,,,,,,,,,,,,,,,,,,土,,,,,,,,,,,,,,,,水,,,,,,,,,,,,,,,,,,,,,,,,,,,
城東区,東中浜,2丁目,12番,,,,,,月木,,,,,,,,,,,,,,,,,土,,,,,,,,,,,,,,,,水,,,,,,,,,,,,,,,,,,,,,,,,,,,,
城東区,東中浜,2丁目,13番,,,,,,月木,,,,,,,,,,,,,,,,,,土,,,,,,,,,,,,,,,,水,,,,,,,,,,,,,,,,,,,,,,,,,,,
城東区,東中浜,2丁目,14番,,,,,,月木,,,,,,,,,,,,,,,,,,土,,,,,,,,,,,,,,,,水,,,,,,,,,,,,,,,,,,,,,,,,,,,
城東区,東中浜,3丁目,1番,軽四輪車(小さい車)で収集している地域,,,,,月木,,,,,,,,,,,,,,,,,,,,,,,,,土,,,,,,,,,,,,,,,,水,,,,,,,,,,,,,,,,,,,,
城東区,東中浜,3丁目,1番,上記以外,,,,,月木,,,,,,,,,,,,,,,,,,土,,,,,,,,,,,,,,,,水,,,,,,,,,,,,,,,,,,,,,,,,,,,
城東区,東中浜,3丁目,2番,軽四輪車(小さい車)で収集している地域,,,,,月木,,,,,,,,,,,,,,,,,,,,,,,,,土,,,,,,,,,,,,,,,,水,,,,,,,,,,,,,,,,,,,,
城東区,東中浜,3丁目,2番,上記以外,,,,,月木,,,,,,,,,,,,,,,,,,土,,,,,,,,,,,,,,,,水,,,,,,,,,,,,,,,,,,,,,,,,,,,
城東区,東中浜,3丁目,3番,軽四輪車(小さい車)で収集している地域,,,,,月木,,,,,,,,,,,,,,,,,,,,,,,,,土,,,,,,,,,,,,,,,,水,,,,,,,,,,,,,,,,,,,,
城東区,東中浜,3丁目,3番,上記以外,,,,,月木,,,,,,,,,,,,,,,,,土,,,,,,,,,,,,,,,,水,,,,,,,,,,,,,,,,,,,,,,,,,,,,
城東区,東中浜,3丁目,4番,軽四輪車(小さい車)で収集している地域,,,,,月木,,,,,,,,,,,,,,,,,,,,,,,,,土,,,,,,,,,,,,,,,,水,,,,,,,,,,,,,,,,,,,,
城東区,東中浜,3丁目,4番,上記以外,,,,,月木,,,,,,,,,,,,,,,,,土,,,,,,,,,,,,,,,,水,,,,,,,,,,,,,,,,,,,,,,,,,,,,
城東区,東中浜,3丁目,5番,軽四輪車(小さい車)で収集している地域,,,,,月木,,,,,,,,,,,,,,,,,,,,,,,,,土,,,,,,,,,,,,,,,,水,,,,,,,,,,,,,,,,,,,,
城東区,東中浜,3丁目,5番,上記以外,,,,,月木,,,,,,,,,,,,,,,,,,土,,,,,,,,,,,,,,,,水,,,,,,,,,,,,,,,,,,,,,,,,,,,
城東区,東中浜,3丁目,6番,軽四輪車(小さい車)で収集している地域,,,,,月木,,,,,,,,,,,,,,,,,,,,,,,,,,土,,,,,,,,,,,,,,,,水,,,,,,,,,,,,,,,,,,,
城東区,東中浜,3丁目,6番,上記以外,,,,,月木,,,,,,,,,,,,,,,,,土,,,,,,,,,,,,,,,,水,,,,,,,,,,,,,,,,,,,,,,,,,,,,
城東区,東中浜,3丁目,7番,軽四輪車(小さい車)で収集している地域,,,,,月木,,,,,,,,,,,,,,,,,,,,,,,,,,土,,,,,,,,,,,,,,,,水,,,,,,,,,,,,,,,,,,,
城東区,東中浜,3丁目,7番,上記以外,,,,,月木,,,,,,,,,,,,,,,,,,土,,,,,,,,,,,,,,,,水,,,,,,,,,,,,,,,,,,,,,,,,,,,
城東区,東中浜,3丁目,8番,軽四輪車(小さい車)で収集している地域,,,,,月木,,,,,,,,,,,,,,,,,,,,,,,,,土,,,,,,,,,,,,,,,,水,,,,,,,,,,,,,,,,,,,,
城東区,東中浜,3丁目,8番,上記以外,,,,,月木,,,,,,,,,,,,,,,,,,土,,,,,,,,,,,,,,,,水,,,,,,,,,,,,,,,,,,,,,,,,,,,
城東区,東中浜,3丁目,9番,軽四輪車(小さい車)で収集している地域,,,,,月木,,,,,,,,,,,,,,,,,,,,,,,,,土,,,,,,,,,,,,,,,,水,,,,,,,,,,,,,,,,,,,,
城東区,東中浜,3丁目,9番,上記以外,,,,,月木,,,,,,,,,,,,,,,,,,土,,,,,,,,,,,,,,,,水,,,,,,,,,,,,,,,,,,,,,,,,,,,
城東区,東中浜,3丁目,10番,軽四輪車(小さい車)で収集している地域,,,,,月木,,,,,,,,,,,,,,,,,,,,,,,,,土,,,,,,,,,,,,,,,,水,,,,,,,,,,,,,,,,,,,,
城東区,東中浜,3丁目,10番,上記以外,,,,,月木,,,,,,,,,,,,,,,,,,土,,,,,,,,,,,,,,,,水,,,,,,,,,,,,,,,,,,,,,,,,,,,
城東区,東中浜,3丁目,11番,軽四輪車(小さい車)で収集している地域,,,,,月木,,,,,,,,,,,,,,,,,,,,,,,,,,土,,,,,,,,,,,,,,,,水,,,,,,,,,,,,,,,,,,,
城東区,東中浜,3丁目,11番,上記以外,,,,,月木,,,,,,,,,,,,,,,,,,土,,,,,,,,,,,,,,,,水,,,,,,,,,,,,,,,,,,,,,,,,,,,
城東区,東中浜,3丁目,12番,軽四輪車(小さい車)で収集している地域,,,,,月木,,,,,,,,,,,,,,,,,,,,,,,,,,土,,,,,,,,,,,,,,,,水,,,,,,,,,,,,,,,,,,,
城東区,東中浜,3丁目,12番,上記以外,,,,,月木,,,,,,,,,,,,,,,,,,土,,,,,,,,,,,,,,,,水,,,,,,,,,,,,,,,,,,,,,,,,,,,
城東区,東中浜,3丁目,13番,軽四輪車(小さい車)で収集している地域,,,,,月木,,,,,,,,,,,,,,,,,,,,,,,,,,土,,,,,,,,,,,,,,,,水,,,,,,,,,,,,,,,,,,,
城東区,東中浜,3丁目,13番,上記以外,,,,,月木,,,,,,,,,,,,,,,,,,土,,,,,,,,,,,,,,,,水,,,,,,,,,,,,,,,,,,,,,,,,,,,
城東区,東中浜,3丁目,14番,軽四輪車(小さい車)で収集している地域,,,,,月木,,,,,,,,,,,,,,,,,,,,,,,,,,土,,,,,,,,,,,,,,,,水,,,,,,,,,,,,,,,,,,,
城東区,東中浜,3丁目,14番,上記以外,,,,,月木,,,,,,,,,,,,,,,,,土,,,,,,,,,,,,,,,,水,,,,,,,,,,,,,,,,,,,,,,,,,,,,
城東区,東中浜,3丁目,15番,軽四輪車(小さい車)で収集している地域,,,,,月木,,,,,,,,,,,,,,,,,,,,,,,,,土,,,,,,,,,,,,,,,,,水,,,,,,,,,,,,,,,,,,,
城東区,東中浜,3丁目,15番,上記以外,,,,,月木,,,,,,,,,,,,,,,,,,土,,,,,,,,,,,,,,,,水,,,,,,,,,,,,,,,,,,,,,,,,,,,
城東区,東中浜,3丁目,16番,軽四輪車(小さい車)で収集している地域,,,,,月木,,,,,,,,,,,,,,,,,,,,,,,,,土,,,,,,,,,,,,,,,,水,,,,,,,,,,,,,,,,,,,,
城東区,東中浜,3丁目,16番,上記以外,,,,,月木,,,,,,,,,,,,,,,,,土,,,,,,,,,,,,,,,,水,,,,,,,,,,,,,,,,,,,,,,,,,,,,
城東区,東中浜,3丁目,17番,軽四輪車(小さい車)で収集している地域,,,,,月木,,,,,,,,,,,,,,,,,,,,,,,,,土,,,,,,,,,,,,,,,,水,,,,,,,,,,,,,,,,,,,,
城東区,東中浜,3丁目,17番,上記以外,,,,,月木,,,,,,,,,,,,,,,,,,土,,,,,,,,,,,,,,,,水,,,,,,,,,,,,,,,,,,,,,,,,,,,
城東区,東中浜,3丁目,18番,軽四輪車(小さい車)で収集している地域,,,,,月木,,,,,,,,,,,,,,,,,,,,,,,,,土,,,,,,,,,,,,,,,,水,,,,,,,,,,,,,,,,,,,,
城東区,東中浜,3丁目,18番,上記以外,,,,,月木,,,,,,,,,,,,,,,,,土,,,,,,,,,,,,,,,,水,,,,,,,,,,,,,,,,,,,,,,,,,,,,
城東区,東中浜,3丁目,19番,軽四輪車(小さい車)で収集している地域,,,,,月木,,,,,,,,,,,,,,,,,,,,,,,,,,土,,,,,,,,,,,,,,,,水,,,,,,,,,,,,,,,,,,,
城東区,東中浜,3丁目,19番,上記以外,,,,,月木,,,,,,,,,,,,,,,,,,土,,,,,,,,,,,,,,,,水,,,,,,,,,,,,,,,,,,,,,,,,,,,
城東区,東中浜,3丁目,20番,軽四輪車(小さい車)で収集している地域,,,,,月木,,,,,,,,,,,,,,,,,,,,,,,,,土,,,,,,,,,,,,,,,,水,,,,,,,,,,,,,,,,,,,,
城東区,東中浜,3丁目,20番,上記以外,,,,,月木,,,,,,,,,,,,,,,,,土,,,,,,,,,,,,,,,,水,,,,,,,,,,,,,,,,,,,,,,,,,,,,
城東区,東中浜,3丁目,21番,軽四輪車(小さい車)で収集している地域,,,,,月木,,,,,,,,,,,,,,,,,,,,,,,,,土,,,,,,,,,,,,,,,,水,,,,,,,,,,,,,,,,,,,,
城東区,東中浜,3丁目,21番,上記以外,,,,,月木,,,,,,,,,,,,,,,,,土,,,,,,,,,,,,,,,,水,,,,,,,,,,,,,,,,,,,,,,,,,,,,
城東区,東中浜,4丁目,1番,,,,,,月木,,,,,,,,,,,,,,,,,,,土,,,,,,,,,,,,,,,,,水,,,,,,,,,,,,,,,,,,,,,,,,,
城東区,東中浜,4丁目,2番,,,,,,月木,,,,,,,,,,,,,,,,,,,土,,,,,,,,,,,,,,,,,水,,,,,,,,,,,,,,,,,,,,,,,,,
城東区,東中浜,4丁目,3番,,,,,,月木,,,,,,,,,,,,,,,,,,,土,,,,,,,,,,,,,,,,,水,,,,,,,,,,,,,,,,,,,,,,,,,
城東区,東中浜,4丁目,4番,,,,,,月木,,,,,,,,,,,,,,,,,,,土,,,,,,,,,,,,,,,,,水,,,,,,,,,,,,,,,,,,,,,,,,,
城東区,東中浜,4丁目,5番,,,,,,月木,,,,,,,,,,,,,,,,,,,土,,,,,,,,,,,,,,,,,水,,,,,,,,,,,,,,,,,,,,,,,,,
城東区,東中浜,4丁目,6番,,,,,,月木,,,,,,,,,,,,,,,,,,,土,,,,,,,,,,,,,,,,,水,,,,,,,,,,,,,,,,,,,,,,,,,
城東区,東中浜,4丁目,7番,,,,,,月木,,,,,,,,,,,,,,,,,,,土,,,,,,,,,,,,,,,,,水,,,,,,,,,,,,,,,,,,,,,,,,,
城東区,東中浜,4丁目,9番,,,,,,月木,,,,,,,,,,,,,,,,,,,土,,,,,,,,,,,,,,,,,水,,,,,,,,,,,,,,,,,,,,,,,,,
城東区,東中浜,5丁目,1番,,,,,,月木,,,,,,,,,,,,,,,,,,,,,,,,,土,,,,,,,,,水,,,,,,,,,,,,,,,,,,,,,,,,,,,
城東区,東中浜,5丁目,2番,,,,,,月木,,,,,,,,,,,,,,,,,,,,,,,,,土,,,,,,,,,水,,,,,,,,,,,,,,,,,,,,,,,,,,,
城東区,東中浜,5丁目,3番,,,,,,月木,,,,,,,,,,,,,,,,,,土,,,,,,,,,,,,,,,,水,,,,,,,,,,,,,,,,,,,,,,,,,,,
城東区,東中浜,5丁目,4番,,,,,,月木,,,,,,,,,,,,,,,,,,土,,,,,,,,,,,,,,,,水,,,,,,,,,,,,,,,,,,,,,,,,,,,
城東区,東中浜,5丁目,5番,,,,,,月木,,,,,,,,,,,,,,,,,,土,,,,,,,,,,,,,,,,水,,,,,,,,,,,,,,,,,,,,,,,,,,,
城東区,東中浜,5丁目,6番,,,,,,月木,,,,,,,,,,,,,,,,,,土,,,,,,,,,,,,,,,,水,,,,,,,,,,,,,,,,,,,,,,,,,,,
城東区,東中浜,5丁目,7番,,,,,,月木,,,,,,,,,,,,,,,,,,土,,,,,,,,,,,,,,,,水,,,,,,,,,,,,,,,,,,,,,,,,,,,
城東区,東中浜,5丁目,8番,,,,,,月木,,,,,,,,,,,,,,,,,,土,,,,,,,,,,,,,,,,水,,,,,,,,,,,,,,,,,,,,,,,,,,,
城東区,東中浜,5丁目,9番,,,,,,月木,,,,,,,,,,,,,,,,,,土,,,,,,,,,,,,,,,,水,,,,,,,,,,,,,,,,,,,,,,,,,,,
城東区,東中浜,6丁目,1番,軽四輪車(小さい車)で収集している地域,,,,,月木,,,,,,,,,,,,,,,,,,,,,,,,,,土,,,,,,,,水,,,,,,,,,,,,,,,,,,,,,,,,,,,
城東区,東中浜,6丁目,1番,上記以外,,,,,月木,,,,,,,,,,,,,,,,,,,,,,,,,,土,,,,,,,,水,,,,,,,,,,,,,,,,,,,,,,,,,,,
城東区,東中浜,6丁目,2番,,,,,,月木,,,,,,,,,,,,,,,,,,,,,,,,,,土,,,,,,,水,,,,,,,,,,,,,,,,,,,,,,,,,,,,
城東区,東中浜,6丁目,3番,軽四輪車(小さい車)で収集している地域,,,,,月木,,,,,,,,,,,,,,土,,,,,,,,,,,,,,,,水,,,,,,,,,,,,,,,,,,,,,,,,,,,,,,,
城東区,東中浜,6丁目,3番,上記以外,,,,,月木,,,,,,,,,,,,,,,,,土,,,,,,,,,,,,,,,,,水,,,,,,,,,,,,,,,,,,,,,,,,,,,
城東区,東中浜,6丁目,4番,軽四輪車(小さい車)で収集している地域,,,,,月木,,,,,,,,,,,,,,,,,,,,,,,,土,,,,,,,,,,,,,,,,水,,,,,,,,,,,,,,,,,,,,,
城東区,東中浜,6丁目,4番,上記以外,,,,,月木,,,,,,,,,,,,,,,,,土,,,,,,,,,,,,,,,,,水,,,,,,,,,,,,,,,,,,,,,,,,,,,
城東区,東中浜,6丁目,5番,軽四輪車(小さい車)で収集している地域,,,,,月木,,,,,,,,,,,,,,,,,,,,,,,,土,,,,,,,,,,,,,,,,水,,,,,,,,,,,,,,,,,,,,,
城東区,東中浜,6丁目,5番,上記以外,,,,,月木,,,,,,,,,,,,,,,,,土,,,,,,,,,,,,,,,,,水,,,,,,,,,,,,,,,,,,,,,,,,,,,
城東区,東中浜,6丁目,6番,軽四輪車(小さい車)で収集している地域,,,,,月木,,,,,,,,,,,,,,,,,,,,,,,,土,,,,,,,,,,,,,,,,水,,,,,,,,,,,,,,,,,,,,,
城東区,東中浜,6丁目,6番,上記以外,,,,,月木,,,,,,,,,,,,,,,,,土,,,,,,,,,,,,,,,,,水,,,,,,,,,,,,,,,,,,,,,,,,,,,
城東区,東中浜,6丁目,7番,軽四輪車(小さい車)で収集している地域,,,,,月木,,,,,,,,,,,,,,,,,,,,,,,,土,,,,,,,,,,,,,,,,水,,,,,,,,,,,,,,,,,,,,,
城東区,東中浜,6丁目,7番,上記以外,,,,,月木,,,,,,,,,,,,,,,,,土,,,,,,,,,,,,,,,,,水,,,,,,,,,,,,,,,,,,,,,,,,,,,
城東区,東中浜,6丁目,8番,,,,,,月木,,,,,,,,,,,,,,,,,土,,,,,,,,,,,,,,,,,水,,,,,,,,,,,,,,,,,,,,,,,,,,,
城東区,東中浜,6丁目,9番,,,,,,月木,,,,,,,,,,,,,,,,,土,,,,,,,,,,,,,,,,,水,,,,,,,,,,,,,,,,,,,,,,,,,,,
城東区,東中浜,6丁目,10番,軽四輪車(小さい車)で収集している地域,,,,,月木,,,,,,,,,,,,,,,,,,,,,,,,土,,,,,,,,,,,,,,,,水,,,,,,,,,,,,,,,,,,,,,
城東区,東中浜,6丁目,10番,上記以外,,,,,月木,,,,,,,,,,,,,,,,,土,,,,,,,,,,,,,,,,,水,,,,,,,,,,,,,,,,,,,,,,,,,,,
城東区,東中浜,6丁目,11番,,,,,,月木,,,,,,,,,,,,,,,,,土,,,,,,,,,,,,,,,,,水,,,,,,,,,,,,,,,,,,,,,,,,,,,
城東区,東中浜,6丁目,12番,軽四輪車(小さい車)で収集している地域,,,,,月木,,,,,,,,,,,,,,,,,,,,,,,,土,,,,,,,,,,,,,,,,水,,,,,,,,,,,,,,,,,,,,,
城東区,東中浜,6丁目,12番,上記以外,,,,,月木,,,,,,,,,,,,,,,,,土,,,,,,,,,,,,,,,,,水,,,,,,,,,,,,,,,,,,,,,,,,,,,
城東区,東中浜,6丁目,13番,軽四輪車(小さい車)で収集している地域,,,,,月木,,,,,,,,,,,,,,,,,,,,,,,,土,,,,,,,,,,,,,,,,水,,,,,,,,,,,,,,,,,,,,,
城東区,東中浜,6丁目,13番,上記以外,,,,,月木,,,,,,,,,,,,,,,,,,土,,,,,,,,,,,,,,,,水,,,,,,,,,,,,,,,,,,,,,,,,,,,
城東区,東中浜,6丁目,14番,,,,,,月木,,,,,,,,,,,,,,,,,,土,,,,,,,,,,,,,,,,水,,,,,,,,,,,,,,,,,,,,,,,,,,,
城東区,東中浜,6丁目,15番,,,,,,月木,,,,,,,,,,,,,,,,,,土,,,,,,,,,,,,,,,,水,,,,,,,,,,,,,,,,,,,,,,,,,,,
城東区,東中浜,6丁目,16番,,,,,,月木,,,,,,,,,,,,,,,,,,土,,,,,,,,,,,,,,,,水,,,,,,,,,,,,,,,,,,,,,,,,,,,
城東区,東中浜,6丁目,17番,,,,,,月木,,,,,,,,,,,,,,,,,,土,,,,,,,,,,,,,,,,水,,,,,,,,,,,,,,,,,,,,,,,,,,,
城東区,東中浜,7丁目,2番,,,,,,月木,,,,,,,,,,,,,,,,,,土,,,,,,,,,,,,,,,,水,,,,,,,,,,,,,,,,,,,,,,,,,,,
城東区,東中浜,7丁目,3番,,,,,,月木,,,,,,,,,,,,,,,,,,土,,,,,,,,,,,,,,,,水,,,,,,,,,,,,,,,,,,,,,,,,,,,
城東区,東中浜,7丁目,4番,,,,,,月木,,,,,,,,,,,,,,,,,,土,,,,,,,,,,,,,,,,水,,,,,,,,,,,,,,,,,,,,,,,,,,,
城東区,東中浜,7丁目,5番,,,,,,月木,,,,,,,,,,,,,,,,,,土,,,,,,,,,,,,,,,,水,,,,,,,,,,,,,,,,,,,,,,,,,,,
城東区,東中浜,7丁目,6番,,,,,,月木,,,,,,,,,,,,,,,,,,土,,,,,,,,,,,,,,,,水,,,,,,,,,,,,,,,,,,,,,,,,,,,
城東区,東中浜,7丁目,7番,,,,,,月木,,,,,,,,,,,,,,,,,,土,,,,,,,,,,,,,,,,水,,,,,,,,,,,,,,,,,,,,,,,,,,,
城東区,東中浜,7丁目,8番,,,,,,月木,,,,,,,,,,,,,,,,,,土,,,,,,,,,,,,,,,,水,,,,,,,,,,,,,,,,,,,,,,,,,,,
城東区,東中浜,7丁目,9番,,,,,,月木,,,,,,,,,,,,,,,,,,土,,,,,,,,,,,,,,,,水,,,,,,,,,,,,,,,,,,,,,,,,,,,
城東区,東中浜,8丁目,1番,,,,,,月木,,,,,,,,,,,,,,,,,,土,,,,,,,,,,,,,,,,水,,,,,,,,,,,,,,,,,,,,,,,,,,,
城東区,東中浜,8丁目,2番,,,,,,月木,,,,,,,,,,,,,,,,,,土,,,,,,,,,,,,,,,,水,,,,,,,,,,,,,,,,,,,,,,,,,,,
城東区,東中浜,8丁目,3番,,,,,,月木,,,,,,,,,,,,,,,,,,土,,,,,,,,,,,,,,,,水,,,,,,,,,,,,,,,,,,,,,,,,,,,
城東区,東中浜,8丁目,4番,,,,,,月木,,,,,,,,,,,,,,,,,,土,,,,,,,,,,,,,,,,水,,,,,,,,,,,,,,,,,,,,,,,,,,,
城東区,東中浜,8丁目,5番,,,,,,月木,,,,,,,,,,,,,,,,,,土,,,,,,,,,,,,,,,,水,,,,,,,,,,,,,,,,,,,,,,,,,,,
城東区,東中浜,8丁目,6番,,,,,,月木,,,,,,,,,,,,,,,,,,土,,,,,,,,,,,,,,,,水,,,,,,,,,,,,,,,,,,,,,,,,,,,
城東区,東中浜,8丁目,7番,,,,,,月木,,,,,,,,,,,,,,,,,,土,,,,,,,,,,,,,,,,水,,,,,,,,,,,,,,,,,,,,,,,,,,,
城東区,東中浜,8丁目,8番,,,,,,月木,,,,,,,,,,,,,,,,,,土,,,,,,,,,,,,,,,,水,,,,,,,,,,,,,,,,,,,,,,,,,,,
城東区,東中浜,8丁目,9番,,,,,,月木,,,,,,,,,,,,,,,,,,土,,,,,,,,,,,,,,,,水,,,,,,,,,,,,,,,,,,,,,,,,,,,
城東区,東中浜,8丁目,10番,,,,,,月木,,,,,,,,,,,,,,,,,,土,,,,,,,,,,,,,,,,水,,,,,,,,,,,,,,,,,,,,,,,,,,,
城東区,東中浜,9丁目,1番,,,,,,月木,,,,,,,,,,,,,,,,,,土,,,,,,,,,,,,,,,,水,,,,,,,,,,,,,,,,,,,,,,,,,,,
城東区,東中浜,9丁目,2番,,,,,,月木,,,,,,,,,,,,,,,,,,土,,,,,,,,,,,,,,,,水,,,,,,,,,,,,,,,,,,,,,,,,,,,
城東区,東中浜,9丁目,3番,,,,,,月木,,,,,,,,,,,,,,,,,,土,,,,,,,,,,,,,,,,水,,,,,,,,,,,,,,,,,,,,,,,,,,,
城東区,東中浜,9丁目,4番,,,,,,月木,,,,,,,,,,,,,,,,,,土,,,,,,,,,,,,,,,,水,,,,,,,,,,,,,,,,,,,,,,,,,,,
城東区,東中浜,9丁目,5番,,,,,,月木,,,,,,,,,,,,,,,,,,土,,,,,,,,,,,,,,,,水,,,,,,,,,,,,,,,,,,,,,,,,,,,
城東区,東中浜,9丁目,6番,,,,,,月木,,,,,,,,,,,,,,,,,,土,,,,,,,,,,,,,,,,水,,,,,,,,,,,,,,,,,,,,,,,,,,,
城東区,東中浜,9丁目,7番,,,,,,月木,,,,,,,,,,,,,,,,,,土,,,,,,,,,,,,,,,,水,,,,,,,,,,,,,,,,,,,,,,,,,,,
城東区,東中浜,9丁目,8番,,,,,,月木,,,,,,,,,,,,,,,,,,土,,,,,,,,,,,,,,,,水,,,,,,,,,,,,,,,,,,,,,,,,,,,
城東区,東中浜,9丁目,9番,,,,,,月木,,,,,,,,,,,,,,,,,,土,,,,,,,,,,,,,,,,水,,,,,,,,,,,,,,,,,,,,,,,,,,,
城東区,東中浜,9丁目,10番,,,,,,月木,,,,,,,,,,,,,,,,,,土,,,,,,,,,,,,,,,,水,,,,,,,,,,,,,,,,,,,,,,,,,,,
城東区,東中浜,9丁目,11番,,,,,,月木,,,,,,,,,,,,,,,,,,土,,,,,,,,,,,,,,,,水,,,,,,,,,,,,,,,,,,,,,,,,,,,
城東区,東中浜,9丁目,12番,,,,,,月木,,,,,,,,,,,,,,,,,,土,,,,,,,,,,,,,,,,水,,,,,,,,,,,,,,,,,,,,,,,,,,,
城東区,古市,1丁目,1番,,,,,火金,,,,,,,,,,,,,,,,,,,,,,,,,,,月,,,,,,,,,,木,,,,,,,,,,,,,,,,,,,,,,,,,
城東区,古市,1丁目,2番,,,,,火金,,,,,,,,,,,,,,,,,,,,,,,,,,,,月,,,,,,,,,木,,,,,,,,,,,,,,,,,,,,,,,,,
城東区,古市,1丁目,4番,,,,,火金,,,,,,,,,,,,,,,,,,,,,月,,,,,,,,,,,,,,,,,,,,,,,,,木,,,,,,,,,,,,,,,,
城東区,古市,1丁目,5番,,,,,火金,,,,,,,,,,,,,,,,,,,,,月,,,,,,,,,,,,,,,,,,,,,,,,,木,,,,,,,,,,,,,,,,
城東区,古市,1丁目,7番,,,,,火金,,,,,,,,,,,,,,,,,,,,,月,,,,,,,,,,,,,,,,,,,,,,,,,木,,,,,,,,,,,,,,,,
城東区,古市,1丁目,8番,,,,,火金,,,,,,,,,,,,,,,,,,,,,月,,,,,,,,,,,,,,,,,,,,,,,,,木,,,,,,,,,,,,,,,,
城東区,古市,1丁目,9番,,,,,火金,,,,,,,,,,,,,,,,,,,,,月,,,,,,,,,,,,,,,,,,,,,,,,,木,,,,,,,,,,,,,,,,
城東区,古市,1丁目,10番,,,,,火金,,,,,,,,,,,,,,,,,,,,,月,,,,,,,,,,,,,,,,木,,,,,,,,,,,,,,,,,,,,,,,,,
城東区,古市,1丁目,11番,21~25号,,,,,火金,,,,,,,,,,,,,,,,,,,,月,,,,,,,,,,,,,,,,木,,,,,,,,,,,,,,,,,,,,,,,,,
城東区,古市,1丁目,11番,上記以外,,,,火金,,,,,,,,,,,,,,,,,,,,,月,,,,,,,,,,,,,,,,木,,,,,,,,,,,,,,,,,,,,,,,,,
城東区,古市,1丁目,12番,,,,,,火金,,,,,,,,,,,,,,,,,,,,月,,,,,,,,,,,,,,,,木,,,,,,,,,,,,,,,,,,,,,,,,,
城東区,古市,1丁目,13番,,,,,,火金,,,,,,,,,,,,,,,,,,,,,,,,,,月,,,,,,,,,,木,,,,,,,,,,,,,,,,,,,,,,,,,
城東区,古市,1丁目,14番,,,,,,火金,,,,,,,,,,,,,,,,,,,,,,,,,,月,,,,,,,,,,木,,,,,,,,,,,,,,,,,,,,,,,,,
城東区,古市,1丁目,15番,,,,,,火金,,,,,,,,,,,,,,,,,,,,,,,,,,,,月,,,,,,,,木,,,,,,,,,,,,,,,,,,,,,,,,,
城東区,古市,1丁目,16番,,,,,,火金,,,,,,,,,,,,,,,,,,,,月,,,,,,,,,,,,,,,,木,,,,,,,,,,,,,,,,,,,,,,,,,
城東区,古市,1丁目,17番,,,,,,火金,,,,,,,,,,,,,,,,,,,,,,,,,,,月,,,,,,,,,木,,,,,,,,,,,,,,,,,,,,,,,,,
城東区,古市,1丁目,19番,,,,,,火金,,,,,,,,,,,,,,,,,,,,月,,,,,,,,,,,,,,,,木,,,,,,,,,,,,,,,,,,,,,,,,,
城東区,古市,1丁目,20番,,,,,火金,,,,,,,,,,,,,,,,,,,,,月,,,,,,,,,,,,,,,,,,,,,,,,,木,,,,,,,,,,,,,,,,
城東区,古市,1丁目,21番,,,,,,火金,,,,,,,,,,,,,,,,,,,,月,,,,,,,,,,,,,,,,木,,,,,,,,,,,,,,,,,,,,,,,,,
城東区,古市,1丁目,22番,,,,,,火金,,,,,,,,,,,,,,,,,,,,,,,,,,,月,,,,,,,,,木,,,,,,,,,,,,,,,,,,,,,,,,,
城東区,古市,1丁目,23番,,,,,,火金,,,,,,,,,,,,,,,,,,,,,,,,,,,月,,,,,,,,,,木,,,,,,,,,,,,,,,,,,,,,,,,
城東区,古市,2丁目,1番,,,,,火金,,,,,,,,,,,,,,,,,,,,,月,,,,,,,,,,,,,,,,,,,,,,,,,木,,,,,,,,,,,,,,,,
城東区,古市,2丁目,2番,15~19号,,,,,火金,,,,,,,,,,,,,,,,,,,,,,,,,,月,,,,,,,,,,,,,,,,,木,,,,,,,,,,,,,,,,,,
城東区,古市,2丁目,2番,上記以外,,,,火金,,,,,,,,,,,,,,,,,,,,,,,,,,,月,,,,,,,,,,,,,,,,,木,,,,,,,,,,,,,,,,,,
城東区,古市,2丁目,3番,軽四輪車(小さい車)で収集している地域,,,,火金,,,,,,,,,,,,,,,,,,,,,,,,,,,,,月,,,,,,,,,,,,,,,,,木,,,,,,,,,,,,,,,,
城東区,古市,2丁目,3番,上記以外,,,,火金,,,,,,,,,,,,,,,,,,,,,月,,,,,,,,,,,,,,,,,,,,,,,,,木,,,,,,,,,,,,,,,,
城東区,古市,2丁目,5番,,,,,火金,,,,,,,,,,,,,,,,,,,,,月,,,,,,,,,,,,,,,,,,,,,,,,,木,,,,,,,,,,,,,,,,
城東区,古市,2丁目,6番,,,,,火金,,,,,,,,,,,,,,,,,,,,,月,,,,,,,,,,,,,,,,,,,,,,,,,木,,,,,,,,,,,,,,,,
城東区,古市,2丁目,8番,軽四輪車(小さい車)で収集している地域,,,,火金,,,,,,,,,,,,,,,,,,,,,,,,,,,月,,,,,,,,,,,,,,,,,,木,,,,,,,,,,,,,,,,,
城東区,古市,2丁目,8番,上記以外,,,,火金,,,,,,,,,,,,,,,,,,,,,月,,,,,,,,,,,,,,,,木,,,,,,,,,,,,,,,,,,,,,,,,,
城東区,古市,2丁目,9番,軽四輪車(小さい車)で収集している地域,,,,火金,,,,,,,,,,,,,,,,,,,,,,,,,,,月,,,,,,,,,,,,,,,,,,木,,,,,,,,,,,,,,,,,
城東区,古市,2丁目,9番,上記以外,,,,火金,,,,,,,,,,,,,,,,,,,,,月,,,,,,,,,,,,,,,,木,,,,,,,,,,,,,,,,,,,,,,,,,
城東区,古市,3丁目,1番,,,,,火金,,,,,,,,,,,,,,,,,,,,,月,,,,,,,,,,,,,,,,木,,,,,,,,,,,,,,,,,,,,,,,,,
城東区,古市,3丁目,2番,,,,,火金,,,,,,,,,,,,,,,,,,,,,月,,,,,,,,,,,,,,,,木,,,,,,,,,,,,,,,,,,,,,,,,,
城東区,古市,3丁目,3番,軽四輪車(小さい車)で収集している地域,,,,火金,,,,,,,,,,,,,,,,,,,,,,,,,,,,月,,,,,,,,,,,,,,,木,,,,,,,,,,,,,,,,,,,
城東区,古市,3丁目,3番,上記以外,,,,火金,,,,,,,,,,,,,,,,,,,,月,,,,,,,,,,,,,,,,,木,,,,,,,,,,,,,,,,,,,,,,,,,
城東区,古市,3丁目,4番,軽四輪車(小さい車)で収集している地域,,,,火金,,,,,,,,,,,,,,,,,,,,月,,,,,,,,,,,,,,,,,,,,,,,,木,,,,,,,,,,,,,,,,,,
城東区,古市,3丁目,4番,上記以外,,,,火金,,,,,,,,,,,,,,,,,,月,,,,,,,,,,,,,,,,,,,木,,,,,,,,,,,,,,,,,,,,,,,,,
城東区,古市,3丁目,5番,,,,,火金,,,,,,,,,,,,,,,,,,,,,月,,,,,,,,,,,,,,,,木,,,,,,,,,,,,,,,,,,,,,,,,,
城東区,古市,3丁目,6番,軽四輪車(小さい車)で収集している地域,,,,,火金,,,,,,,,,,,,,,,,,,,,,,,,,,月,,,,,,,,,,,,,,,,,木,,,,,,,,,,,,,,,,,,
城東区,古市,3丁目,6番,上記以外,,,,火金,,,,,,,,,,,,,,,,,,,,,月,,,,,,,,,,,,,,,,木,,,,,,,,,,,,,,,,,,,,,,,,,
城東区,古市,3丁目,7番,軽四輪車(小さい車)で収集している地域,,,,火金,,,,,,,,,,,,,,,,,,,,,,,,,,,月,,,,,,,,,,,,,,,,,木,,,,,,,,,,,,,,,,,,
城東区,古市,3丁目,7番,上記以外,,,,火金,,,,,,,,,,,,,,,,,,,,,月,,,,,,,,,,,,,,,,,,,,,,,,木,,,,,,,,,,,,,,,,,
城東区,古市,3丁目,8番,軽四輪車(小さい車)で収集している地域,,,,火金,,,,,,,,,,,,,,,,,,,,,,,,,,,月,,,,,,,,,,,,,,,,,,,木,,,,,,,,,,,,,,,,
城東区,古市,3丁目,8番,上記以外,,,,火金,,,,,,,,,,,,,,,,,,,,,月,,,,,,,,,,,,,,,,木,,,,,,,,,,,,,,,,,,,,,,,,,
城東区,古市,3丁目,9番,,,,,火金,,,,,,,,,,,,,,,,,,,,,月,,,,,,,,,,,,,,,,木,,,,,,,,,,,,,,,,,,,,,,,,,
城東区,古市,3丁目,10番,,,,,火金,,,,,,,,,,,,,,,,,,,,,月,,,,,,,,,,,,,,,,木,,,,,,,,,,,,,,,,,,,,,,,,,
城東区,古市,3丁目,11番,軽四輪車(小さい車)で収集している地域,,,,火金,,,,,,,,,,,,,,,,,,,,,,,,,,月,,,,,,,,,,,,,,,,,,木,,,,,,,,,,,,,,,,,,
城東区,古市,3丁目,11番,上記以外,,,,火金,,,,,,,,,,,,,,,,,,,,月,,,,,,,,,,,,,,,,,木,,,,,,,,,,,,,,,,,,,,,,,,,
城東区,古市,3丁目,12番,,,,,火金,,,,,,,,,,,,,,,,,,,,,月,,,,,,,,,,,,,,,,木,,,,,,,,,,,,,,,,,,,,,,,,,
城東区,古市,3丁目,13番,軽四輪車(小さい車)で収集している地域,,,,火金,,,,,,,,,,,,,,,,,,,,,,,,,,月,,,,,,,,,,,,,,,,,,木,,,,,,,,,,,,,,,,,,
城東区,古市,3丁目,13番,上記以外,,,,火金,,,,,,,,,,,,,,,,,,,,,月,,,,,,,,,,,,,,,,,,,,,,,木,,,,,,,,,,,,,,,,,,
城東区,古市,3丁目,14番,軽四輪車(小さい車)で収集している地域,,,,火金,,,,,,,,,,,,,,,,,,,,,,,,,,,,月,,,,,,,,,,,,,,,,木,,,,,,,,,,,,,,,,,,
城東区,古市,3丁目,14番,上記以外,,,,火金,,,,,,,,,,,,,,,,,,,,,月,,,,,,,,,,,,,,,,木,,,,,,,,,,,,,,,,,,,,,,,,,
城東区,古市,3丁目,15番,,,,,火金,,,,,,,,,,,,,,,,,,,,,月,,,,,,,,,,,,,,,木,,,,,,,,,,,,,,,,,,,,,,,,,,
城東区,古市,3丁目,16番,,,,,火金,,,,,,,,,,,,,,,,,,,,,月,,,,,,,,,,,,,,,,木,,,,,,,,,,,,,,,,,,,,,,,,,
城東区,古市,3丁目,17番,,,,,火金,,,,,,,,,,,,,,,,,,,,月,,,,,,,,,,,,,,,,,木,,,,,,,,,,,,,,,,,,,,,,,,,
城東区,古市,3丁目,18番,,,,,火金,,,,,,,,,,,,,,,,,,,,,月,,,,,,,,,,,,,,,,木,,,,,,,,,,,,,,,,,,,,,,,,,
城東区,古市,3丁目,20番,,,,,火金,,,,,,,,,,,,,,,,,,,,,,,,,,,月,,,,,,,,,,,,,,,,,木,,,,,,,,,,,,,,,,,,
城東区,古市,3丁目,21番,軽四輪車(小さい車)で収集している地域,,,,火金,,,,,,,,,,,,,,,,,,,,,,,,,,,月,,,,,,,,,,,,,,,,,,木,,,,,,,,,,,,,,,,,
城東区,古市,3丁目,21番,上記以外,,,,火金,,,,,,,,,,,,,,,,,,,,月,,,,,,,,,,,,,,,,,木,,,,,,,,,,,,,,,,,,,,,,,,,
城東区,古市,3丁目,22番,軽四輪車(小さい車)で収集している地域,,,,火金,,,,,,,,,,,,,,,,,,,,,,,,,,,月,,,,,,,,,,,,,,,,,木,,,,,,,,,,,,,,,,,,
城東区,古市,3丁目,22番,上記以外,,,,火金,,,,,,,,,,,,,,,,,,,,月,,,,,,,,,,,,,,,,,木,,,,,,,,,,,,,,,,,,,,,,,,,
城東区,古市,3丁目,23番,軽四輪車(小さい車)で収集している地域,,,,火金,,,,,,,,,,,,,,,,,,,,,,,,,,,月,,,,,,,,,,,,,,,,,木,,,,,,,,,,,,,,,,,,
城東区,古市,3丁目,23番,上記以外,,,,火金,,,,,,,,,,,,,,,,,,,,,月,,,,,,,,,,,,,,,,木,,,,,,,,,,,,,,,,,,,,,,,,,
城東区,古市,3丁目,24番,,,,,火金,,,,,,,,,,,,,,,,,,,,,,,,,,,月,,,,,,,,,,木,,,,,,,,,,,,,,,,,,,,,,,,,
城東区,古市,3丁目,25番,軽四輪車(小さい車)で収集している地域,,,,火金,,,,,,,,,,,,,,,,,,,,,,,,,,,月,,,,,,,,,,,,,,,,,木,,,,,,,,,,,,,,,,,,
城東区,古市,3丁目,25番,上記以外,,,,火金,,,,,,,,,,,,,,,,,,,,,月,,,,,,,,,,,,,,,,木,,,,,,,,,,,,,,,,,,,,,,,,,
城東区,森之宮,1丁目,1番,,,,,,月木,,,,,,,,,,,,,,,,,,,,,,,,,金,,,,,,,,,,,,,,,,火,,,,,,,,月,,,,,,,,,,,,
城東区,森之宮,1丁目,2番,,,,,,月木,,,,,,,,,,,,,,,,,,,,,,,,,金,,,,,,,,,,,,,,,,火,,,,,,,,月,,,,,,,,,,,,
城東区,森之宮,1丁目,3番,,,,,,月木,,,,,,,,,,,,,,,,,,,,,,,,,金,,,,,,,,,,,,,,,,火,,,,,,,,月,,,,,,,,,,,,
城東区,森之宮,1丁目,4番,,,,,,月木,,,,,,,,,,,,,,,,,,,,,,,,,金,,,,,,,,,,,,,,,,火,,,,,,,,月,,,,,,,,,,,,
城東区,森之宮,1丁目,5番,,,,,,月木,,,,,,,,,,,,,,,,,,,,,,,,,金,,,,,,,,,,,,,,,,火,,,,,,,,月,,,,,,,,,,,,
城東区,森之宮,2丁目,1番,,,,,,月木,,,,,,,,,,,,,,,,,,,,,,,,金,,,,,,,,,,,,,,,,,火,,,,,,,,月,,,,,,,,,,,,
城東区,森之宮,2丁目,2番,,,,,,月木,,,,,,,,,,,,,,,,,,,,,,,,,金,,,,,,,,,,,,,,,火,,,,,,,,,月,,,,,,,,,,,,
城東区,森之宮,2丁目,3番,,,,,,月木,,,,,,,,,,,,,,,,,,,,,,,,,金,,,,,,,,,,,,,,,,火,,,,,,,,月,,,,,,,,,,,,
城東区,森之宮,2丁目,4番,,,,,,月木,,,,,,,,,,,,,,,,,,,,,,,,,金,,,,,,,,,,,,,,,,火,,,,,,,,,,,,,,,,,,,,
城東区,森之宮,2丁目,5番,,,,,,月木,,,,,,,,,,,,,,,,,,,,,,,,,金,,,,,,,,,,,,,,,,火,,,,,,,,,,,,,,,,,,,,
城東区,森之宮,2丁目,6番,,,,,,月木,,,,,,,,,,,,,,,,,,,,,,,,,金,,,,,,,,,,,,,,,,火,,,,,,,,,,,,,,,,,,,,
,,,,,,,,,,,,,,,,,,,,,,,,,,,,,,,,,,,,,,,,,,,,,,,,,,,,,,,,,,,,,,,,,,,,,,
