地区名1,地区名2,地区名3,地区名4,地区名5,備考,雑ごみ,普通ごみ_収集時間要問合せ,普通ごみ_午前,普通ごみ_午後,普通ごみ_8:30~10:30,普通ごみ_9:00~11:00,普通ごみ_9:30~11:30,普通ごみ_10:00~12:00,普通ごみ_10:30~12:30,普通ごみ_11:00~13:00,普通ごみ_11:30~13:30,普通ごみ_12:00~14:00,普通ごみ_12:30~14:30,普通ごみ_13:00~15:00,普通ごみ_13:30~15:30,普通ごみ_14:00~16:00,普通ごみ_14:30~16:30,資源ごみ_収集時間要問合せ,資源ごみ_午前,資源ごみ_午後,資源ごみ_8:30~10:30,資源ごみ_9:00~11:00,資源ごみ_9:30~11:30,資源ごみ_10:00~12:00,資源ごみ_10:30~12:30,資源ごみ_11:00~13:00,資源ごみ_11:30~13:30,資源ごみ_12:00~14:00,資源ごみ_12:30~14:30,資源ごみ_13:00~15:00,資源ごみ_13:30~15:30,資源ごみ_14:00~16:00,資源ごみ_14:30~16:30,プラスチック資源_収集時間要問合せ,プラスチック資源_午前,プラスチック資源_午後,プラスチック資源_8:30~10:30,プラスチック資源_9:00~11:00,プラスチック資源_9:30~11:30,プラスチック資源_10:00~12:00,プラスチック資源_10:30~12:30,プラスチック資源_11:00~13:00,プラスチック資源_11:30~13:30,プラスチック資源_12:00~14:00,プラスチック資源_12:30~14:30,プラスチック資源_13:00~15:00,プラスチック資源_13:30~15:30,プラスチック資源_14:00~16:00,プラスチック資源_14:30~16:30,古紙衣類_収集時間要問合せ,古紙衣類_午前,古紙衣類_午後,古紙衣類_8:30~10:30,古紙衣類_9:00~11:00,古紙衣類_9:30~11:30,古紙衣類_10:00~12:00,古紙衣類_10:30~12:30,古紙衣類_11:00~13:00,古紙衣類_11:30~13:30,古紙衣類_12:00~14:00,古紙衣類_12:30~14:30,古紙衣類_13:00~15:00,古紙衣類_13:30~15:30,古紙衣類_14:00~16:00,古紙衣類_14:30~16:30
北区,池田町,1番,ローレルハイツ北天満,,,,,,,月木,,,,,,,,,,,,,,,,,,,,,,,,木,,,,,,,,,,,,,,,,月,,,,,,,,,,,,,,,,,,,,
北区,池田町,1番,上記以外,,,,,,,火金,,,,,,,,,,,,,,,,,,木,,,,,,,,,,,,,,,,月,,,,,,,,,,,,,,木,,,,,,,,,,,,
北区,池田町,2番,,,,,,,,火金,,,,,,,,,,,,,,,,,,木,,,,,,,,,,,,,,,,月,,,,,,,,,,,,,,,,木,,,,,,,,,,
北区,池田町,3番,,,,,,,,火金,,,,,,,,,,,,,,,,,,木,,,,,,,,,,,,,,,,月,,,,,,,,,,,,,,,,木,,,,,,,,,,
北区,池田町,4番,,,,,火金,,,,,,,,,,,,,,,,,,,,,木,,,,,,,,,,,,,,,,月,,,,,,,,,,,,,,,,木,,,,,,,,,,
北区,池田町,6番,２~12号,,,,,,,火金,,,,,,,,,,,,,,,,,,,木,,,,,,,,,,,,,,,,月,,,,,,,,,,,,,,,木,,,,,,,,,,
北区,池田町,6番,上記以外,,,,火金,,,,,,,,,,,,,,,,,,,,,,木,,,,,,,,,,,,,,,,月,,,,,,,,,,,,,,,木,,,,,,,,,,
北区,池田町,7番,8~15号,,,,,,,火金,,,,,,,,,,,,,,,,,,木,,,,,,,,,,,,,,,,月,,,,,,,,,,,,,,,,木,,,,,,,,,,
北区,池田町,7番,上記以外,,,,火金,,,,,,,,,,,,,,,,,,,,,木,,,,,,,,,,,,,,,,月,,,,,,,,,,,,,,,,木,,,,,,,,,,
北区,池田町,8番,7~19号,,,,,,,火金,,,,,,,,,,,,,,,,木,,,,,,,,,,,,,,,,月,,,,,,,,,,,,,,,,,,木,,,,,,,,,,
北区,池田町,8番,上記以外,,,,火金,,,,,,,,,,,,,,,,,,,木,,,,,,,,,,,,,,,,月,,,,,,,,,,,,,,,,,,木,,,,,,,,,,
北区,池田町,9番,,,,,,,,火金,,,,,,,,,,,,,,,,木,,,,,,,,,,,,,,,,月,,,,,,,,,,,,,,,,,,木,,,,,,,,,,
北区,池田町,10番,,,,,,,,火金,,,,,,,,,,,,,,,,木,,,,,,,,,,,,,,,,月,,,,,,,,,,,,,,,,,,木,,,,,,,,,,
北区,池田町,11番,,,,,,,,火金,,,,,,,,,,,,,,,,木,,,,,,,,,,,,,,,,月,,,,,,,,,,,,,,,,,,木,,,,,,,,,,
北区,池田町,12番,,,,,,,,火金,,,,,,,,,,,,,,,,木,,,,,,,,,,,,,,,,月,,,,,,,,,,,,,,,,,,木,,,,,,,,,,
北区,池田町,13番,,,,,,,,火金,,,,,,,,,,,,,,,,木,,,,,,,,,,,,,,,,月,,,,,,,,,,,,,,,,,,木,,,,,,,,,,
北区,池田町,14番,,,,,,,,火金,,,,,,,,,,,,,,,,木,,,,,,,,,,,,,,,,月,,,,,,,,,,,,,,,,,,木,,,,,,,,,,
北区,池田町,15番,,,,,,,,火金,,,,,,,,,,,,,,,,木,,,,,,,,,,,,,,,,月,,,,,,,,,,,,,,,,,,木,,,,,,,,,,
北区,池田町,16番,,,,,,,,火金,,,,,,,,,,,,,,,,木,,,,,,,,,,,,,,,,月,,,,,,,,,,,,,,,,,,木,,,,,,,,,,
北区,池田町,17番,,,,,,,,火金,,,,,,,,,,,,,,,,木,,,,,,,,,,,,,,,,月,,,,,,,,,,,,,,,,,,木,,,,,,,,,,
北区,浮田,1丁目,1番,2～5号,,,,,,,,水土,,,,,,,,,,,,,,,,,,,,,金,,,,,,,,,,,,,,,,火,,,,,,,,,,,,,,,,,,,,,
北区,浮田,1丁目,1番,13～15号,,,,,,水土,,,,,,,,,,,,,,,,,,,,,,,金,,,,,,,,,,,,,,,,火,,,,,,,,,,,,,,,,,,,,,
北区,浮田,1丁目,1番,上記以外,,,,,,,,,,,,,,,水土,,,,,,,,,,,,,,金,,,,,,,,,,,,,,,,火,,,,,,,,,,,,,,,,,,,,,
北区,浮田,1丁目,2番,2～5号,,,,,,水土,,,,,,,,,,,,,,,,,,,,,,,,金,,,,,,,,,,,,,,,,火,,,,,,,,,,,,,,,,,,,,
北区,浮田,1丁目,2番,上記以外,,,,,,,,,,,,,,,水土,,,,,,,,,,,,,,,金,,,,,,,,,,,,,,,,火,,,,,,,,,,,,,,,,,,,,
北区,浮田,1丁目,3番,9～14号,,,,,,水土,,,,,,,,,,,,,,,,,,,,,金,,,,,,,,,,,,,,,,火,,,,,,,,,,,,,,,,,,,,,,,
北区,浮田,1丁目,3番,上記以外,,,,,,,,,,,,,,,水土,,,,,,,,,,,,金,,,,,,,,,,,,,,,,火,,,,,,,,,,,,,,,,,,,,,,,
北区,浮田,1丁目,4番,1～21・26号,,,,,,水土,,,,,,,,,,,,,,,,,,,,,,,金,,,,,,,,,,,,,,,,,火,,,,,,,,,,,,,,,,,,,,
北区,浮田,1丁目,4番,上記以外,,,,,,,,,,,,,,,水土,,,,,,,,,,,,,,金,,,,,,,,,,,,,,,,,火,,,,,,,,,,,,,,,,,,,,
北区,浮田,1丁目,5番,1～7号,,,,,,,,水土,,,,,,,,,,,,,,,,,,,,,金,,,,,,,,,,,,,,,,,火,,,,,,,,,,,,,,,,,,,,
北区,浮田,1丁目,5番,16～24号,,,,,,水土,,,,,,,,,,,,,,,,,,,,,,,金,,,,,,,,,,,,,,,,,火,,,,,,,,,,,,,,,,,,,,
北区,浮田,1丁目,5番,上記以外,,,,,,,,,,,,,,,水土,,,,,,,,,,,,,,金,,,,,,,,,,,,,,,,,火,,,,,,,,,,,,,,,,,,,,
北区,浮田,1丁目,6番,1~6号,,,,,,,,,,,,,,,水土,,,,,,,,,,,,,,金,,,,,,,,,,,,,,,,,火,,,,,,,,,,,,,,,,,,,,
北区,浮田,1丁目,6番,8号,,,,,,,,水土,,,,,,,,,,,,,,,,,,,,,金,,,,,,,,,,,,,,,,,火,,,,,,,,,,,,,,,,,,,,
北区,浮田,1丁目,6番,9～14号,,,,,,水土,,,,,,,,,,,,,,,,,,,,,,,金,,,,,,,,,,,,,,,,,火,,,,,,,,,,,,,,,,,,,,
北区,浮田,1丁目,6番,18～20号,,,,,,,,,,,,,,,水土,,,,,,,,,,,,,,金,,,,,,,,,,,,,,,,,火,,,,,,,,,,,,,,,,,,,,
北区,浮田,2丁目,1番,7号,,,,,,水土,,,,,,,,,,,,,,,,,,,,金,,,,,,,,,,,,,,,,火,,,,,,,,,,,,,,,,,,,,,,,,
北区,浮田,2丁目,1番,10号,,,,,,,,,,,,,,,水土,,,,,,,,,,,金,,,,,,,,,,,,,,,,火,,,,,,,,,,,,,,,,,,,,,,,,
北区,浮田,2丁目,1番,上記以外,,,水土,,,,,,,,,,,,,,,,,,,,,,,金,,,,,,,,,,,,,,,,火,,,,,,,,,,,,,,,,,,,,,,,,
北区,浮田,2丁目,2番,14～28号,,,,,,水土,,,,,,,,,,,,,,,,,,,,,,,金,,,,,,,,,,,,,,,,火,,,,,,,,,,,,,,,,,,,,,
北区,浮田,2丁目,2番,上記以外,,,水土,,,,,,,,,,,,,,,,,,,,,,,,,,金,,,,,,,,,,,,,,,,火,,,,,,,,,,,,,,,,,,,,,
北区,浮田,2丁目,3番,,,,,,,水土,,,,,,,,,,,,,,,,,,,,,,,,金,,,,,,,,,,,,,,,,火,,,,,,,,,,,,,,,,,,,,
北区,浮田,2丁目,4番,,,,水土,,,,,,,,,,,,,,,,,,,,,,,,,金,,,,,,,,,,,,,,,,火,,,,,,,,,,,,,,,,,,,,,,
北区,浮田,2丁目,5番,9~13号,,,,,,,,水土,,,,,,,,,,,,,,,,,,,,,,金,,,,,,,,,,,,,,,,火,,,,,,,,,,,,,,,,,,,,
北区,浮田,2丁目,5番,24～28号,,,,,,水土,,,,,,,,,,,,,,,,,,,,,,,,金,,,,,,,,,,,,,,,,火,,,,,,,,,,,,,,,,,,,,
北区,浮田,2丁目,5番,上記以外,,,水土,,,,,,,,,,,,,,,,,,,,,,,,,,,金,,,,,,,,,,,,,,,,火,,,,,,,,,,,,,,,,,,,,
北区,浮田,2丁目,6番,12～14号,,,,,,,,水土,,,,,,,,,,,,,,,,,,,,,,金,,,,,,,,,,,,,,,,火,,,,,,,,,,,,,,,,,,,,
北区,浮田,2丁目,6番,25～27号,,,,,,水土,,,,,,,,,,,,,,,,,,,,,,,,金,,,,,,,,,,,,,,,,火,,,,,,,,,,,,,,,,,,,,
北区,浮田,2丁目,6番,上記以外,,,水土,,,,,,,,,,,,,,,,,,,,,,,,,,,金,,,,,,,,,,,,,,,,火,,,,,,,,,,,,,,,,,,,,
北区,浮田,2丁目,7番,3・9号,,,,,,,,水土,,,,,,,,,,,,,,,,,,,,,金,,,,,,,,,,,,,,,,火,,,,,,,,,,,,,,,,,,,,,
北区,浮田,2丁目,7番,上記以外,,,水土,,,,,,,,,,,,,,,,,,,,,,,,,,金,,,,,,,,,,,,,,,,火,,,,,,,,,,,,,,,,,,,,,
北区,梅田,2丁目,1番,,,,,,,,,,,,,,,,,,,,,,,,,金,,,,,,,,,,,,,,,,火,,,,,,,,,,,,,,,,,,,,,,土,,,,
北区,梅田,2丁目,5番,4~10号,,,,,,,,,水土,,,,,,,,,,,,,,金,,,,,,,,,,,,,,,,火,,,,,,,,,,,,,,,,,,,,,,,土,,,,
北区,梅田,2丁目,5番,上記以外,,,水土,,,,,,,,,,,,,,,,,,,,金,,,,,,,,,,,,,,,,火,,,,,,,,,,,,,,,,,,,,,,,土,,,,
北区,梅田,2丁目,6番,,,,,,,,,,,,,,,,,,,,,,,,金,,,,,,,,,,,,,,,,火,,,,,,,,,,,,,,,,,,,,,,,土,,,,
北区,扇町,1丁目,1番,43号,,,,,,水土,,,,,,,,,,,,,,,,,,金,,,,,,,,,,,,,,,,火,,,,,,,,,,,,,,,,,,,,,,金,,,,
北区,扇町,1丁目,1番,上記以外,,,水土,,,,,,,,,,,,,,,,,,,,,金,,,,,,,,,,,,,,,,火,,,,,,,,,,,,,,,,,,,,,,金,,,,
北区,扇町,2丁目,2番,,,,,,,,,,,,,,,,,,,,,,,金,,,,,,,,,,,,,,,,火,,,,,,,,,,,,,,,,,,,,,,,,,,,,
北区,扇町,2丁目,3番,,,,,,,,,,,,,,,,水土,,,,,,,,金,,,,,,,,,,,,,,,,火,,,,,,,,,,,,,,,,,,,,,,,,,,,
北区,扇町,2丁目,4番,,,,,,,,,,,,,,,,,,,,,,,,金,,,,,,,,,,,,,,,,火,,,,,,,,,,,,,,,,,,,,,,,,,,,
北区,扇町,2丁目,5番,,,,,,,,,,,,,,,,,,,,,,,,金,,,,,,,,,,,,,,,,火,,,,,,,,,,,,,,,,,,,,,,,,,,,
北区,扇町,2丁目,6番,17号,,,,,,,,,,,,,,,水土,,,,,,,,金,,,,,,,,,,,,,,,,火,,,,,,,,,,,,,,,,,,,,,,,金,,,,
北区,扇町,2丁目,6番,上記以外,,,水土,,,,,,,,,,,,,,,,,,,,金,,,,,,,,,,,,,,,,火,,,,,,,,,,,,,,,,,,,,,,,金,,,,
北区,扇町,2丁目,7番,,,,,,,,,,,,,,,,,,,,,,,,金,,,,,,,,,,,,,,,,火,,,,,,,,,,,,,,,,,,,,,,,,金,,,
北区,大深町,3番,,,,,,,,,,,,,,,,,,,,,,,,,,金,,,,,,,,,,,,,,,,火,,,,,,,,,,,,,,,,,,,,金,,,,,,
北区,大淀北,1丁目,1番,,,,,,,,,,月木,,,,,,,,,,,,,,,,,,,,,,,,土,,,,,,,,,,,,,,,,水,,,,,,,,,,,,,,,,,
北区,大淀北,1丁目,2番,,,,,,,,,,月木,,,,,,,,,,,,,,,,,,,,,,,,土,,,,,,,,,,,,,,,,水,,,,,,,,,,,,,,,,,
北区,大淀北,1丁目,3番,,,,,,,,,,月木,,,,,,,,,,,,,,,,,,,,土,,,,,,,,,,,,,,,,水,,,,,,,,,,,,,,,,,,,,,
北区,大淀北,1丁目,4番,,,,,,,,,,月木,,,,,,,,,,,,,,,,,,,,,土,,,,,,,,,,,,,,,,水,,,,,,,,,,,,,,,,,,,,
北区,大淀北,1丁目,5番,,,,,,,,,,月木,,,,,,,,,,,,,,,,,,,土,,,,,,,,,,,,,,,,水,,,,,,,,,,,,,,,,,,,,,,
北区,大淀北,1丁目,6番,76号,,,,,,,,,月木,,,,,,,,,,,,,,,,,土,,,,,,,,,,,,,,,,水,,,,,,,,,,,,,,,,,,,,,,,,
北区,大淀北,1丁目,6番,21号,ファインクォーターシティ,,,,,,,,月木,,,,,,,,,,,,,,,,,土,,,,,,,,,,,,,,,,水,,,,,,,,,,,,,,,,,,,,,,,,
北区,大淀北,1丁目,7番,,,,,,,,,,月木,,,,,,,,,,,,,,,,,土,,,,,,,,,,,,,,,,水,,,,,,,,,,,,,,,,,,,,,,,,
北区,大淀北,1丁目,8番,,,,,,,,,,月木,,,,,,,,,,,,,,,,,土,,,,,,,,,,,,,,,,水,,,,,,,,,,,,,,,,,,,,,,,,
北区,大淀北,1丁目,9番,,,,,,,,,,月木,,,,,,,,,,,,,,,,,土,,,,,,,,,,,,,,,,水,,,,,,,,,,,,,,,,,,,,,,,,
北区,大淀北,2丁目,1番,44号,,,,,,,,,月木,,,,,,,,,,,,,,,,土,,,,,,,,,,,,,,,,水,,,,,,,,,,,,,,,,,,,,,,,,,
北区,大淀北,2丁目,1番,上記以外,,,月木,,,,,,,,,,,,,,,,,,,,,,土,,,,,,,,,,,,,,,,水,,,,,,,,,,,,,,,,,,,,,,,,,
北区,大淀北,2丁目,2番,,,,,,,,,,月木,,,,,,,,,,,,,,,,,,,,,土,,,,,,,,,,,,,,,,水,,,,,,,,,,,,,,,,,,,,
北区,大淀中,1丁目,4番,,,,,,,,,,月木,,,,,,,,,,,,,,,,土,,,,,,,,,,,,,,,,水,,,,,,,,,,,,,,,,,,,,,,,,,
北区,大淀中,1丁目,5番,,,,,,,,,,,,,,,,,,,,,,,,,,,土,,,,,,,,,,,,,,,,水,,,,,,,,,,,,,,,,,,,,,,,,
北区,大淀中,1丁目,6番,,,,,,,,,,月木,,,,,,,,,,,,,,,,,土,,,,,,,,,,,,,,,,水,,,,,,,,,,,,,,,,,,,,,,,,
北区,大淀中,1丁目,7番,,,,,,,,,,月木,,,,,,,,,,,,,,,,,土,,,,,,,,,,,,,,,,水,,,,,,,,,,,,,,,,,,,,,,,,
北区,大淀中,1丁目,8番,,,,,,,,,,月木,,,,,,,,,,,,,,,,,土,,,,,,,,,,,,,,,,水,,,,,,,,,,,,,,,,,,,,,,,,
北区,大淀中,1丁目,11番,,,,,,,,,,月木,,,,,,,,,,,,,,,,土,,,,,,,,,,,,,,,,水,,,,,,,,,,,,,,,,,,,,,,,,,
北区,大淀中,1丁目,12番,7~18号,,,,,,,,,月木,,,,,,,,,,,,,,,,,,,,,,土,,,,,,,,,,,,,,,,水,,,,,,,,,,,,,,,,,,,
北区,大淀中,1丁目,12番,上記以外,,,月木,,,,,,,,,,,,,,,,,,,,,,,,,,,,土,,,,,,,,,,,,,,,,水,,,,,,,,,,,,,,,,,,,
北区,大淀中,1丁目,13番,,,,,,,,,,月木,,,,,,,,,,,,,,,,,,,,,,土,,,,,,,,,,,,,,,,水,,,,,,,,,,,,,,,,,,,
北区,大淀中,1丁目,14番,,,,,,,,,,月木,,,,,,,,,,,,,,,,,,,,,,,土,,,,,,,,,,,,,,,,水,,,,,,,,,,,,,,,,,,
北区,大淀中,1丁目,15番,,,,,,,,,,月木,,,,,,,,,,,,,,,,,,,,,,土,,,,,,,,,,,,,,,,水,,,,,,,,,,,,,,,,,,,
北区,大淀中,1丁目,16番,10~17号,,,,,,,,,月木,,,,,,,,,,,,,,,,,土,,,,,,,,,,,,,,,,水,,,,,,,,,,,,,,,,,,,,,,,,
北区,大淀中,1丁目,16番,上記以外,,,月木,,,,,,,,,,,,,,,,,,,,,,,土,,,,,,,,,,,,,,,,水,,,,,,,,,,,,,,,,,,,,,,,,
北区,大淀中,1丁目,17番,,,,,,,,,,月木,,,,,,,,,,,,,,,,,,,,,,,土,,,,,,,,,,,,,,,,水,,,,,,,,,,,,,,,,,,
北区,大淀中,1丁目,18番,,,,,,,,,,,,,,,,,,,,,,,,,,土,,,,,,,,,,,,,,,,,水,,,,,,,,,,,,,,,,,,,,,,,,
北区,大淀中,2丁目,1番,19~38号,,,,,,,,,月木,,,,,,,,,,,,,,,,土,,,,,,,,,,,,,,,,,水,,,,,,,,,,,,,,,,,,,,,,,,
北区,大淀中,2丁目,1番,上記以外,,,月木,,,,,,,,,,,,,,,,,,,,,,土,,,,,,,,,,,,,,,,,水,,,,,,,,,,,,,,,,,,,,,,,,
北区,大淀中,2丁目,2番,,,,,,,,,,月木,,,,,,,,,,,,,,,,土,,,,,,,,,,,,,,,,,水,,,,,,,,,,,,,,,,,,,,,,,,
北区,大淀中,2丁目,3番,,,,,,,,,,月木,,,,,,,,,,,,,,,,,,,,,,土,,,,,,,,,,,,,,,,水,,,,,,,,,,,,,,,,,,,
北区,大淀中,2丁目,4番,,,,,,,,,,月木,,,,,,,,,,,,,,,,,,,,,,土,,,,,,,,,,,,,,,,水,,,,,,,,,,,,,,,,,,,
北区,大淀中,2丁目,5番,,,,,,,,,,月木,,,,,,,,,,,,,,,,,,,,土,,,,,,,,,,,,,,,,水,,,,,,,,,,,,,,,,,,,,,
北区,大淀中,2丁目,6番,,,,,,,,,,月木,,,,,,,,,,,,,,,,,,,,,,土,,,,,,,,,,,,,,,,水,,,,,,,,,,,,,,,,,,,
北区,大淀中,2丁目,7番,,,,,,,,,,月木,,,,,,,,,,,,,,,,,,,,,,土,,,,,,,,,,,,,,,,水,,,,,,,,,,,,,,,,,,,
北区,大淀中,2丁目,8番,,,,,,,,,,月木,,,,,,,,,,,,,,,,,,,,,,土,,,,,,,,,,,,,,,,水,,,,,,,,,,,,,,,,,,,
北区,大淀中,2丁目,9番,,,,,,,,,,月木,,,,,,,,,,,,,,,,,,土,,,,,,,,,,,,,,,,水,,,,,,,,,,,,,,,,,,,,,,,
北区,大淀中,2丁目,10番,,,,,,,,,,月木,,,,,,,,,,,,,,,,,,,,,,,土,,,,,,,,,,,,,,,,水,,,,,,,,,,,,,,,,,,
北区,大淀中,2丁目,11番,,,,,,,,,,月木,,,,,,,,,,,,,,,土,,,,,,,,,,,,,,,,水,,,,,,,,,,,,,,,,,,,,,,,,,,
北区,大淀中,3丁目,1番,,,,,,,,,,月木,,,,,,,,,,,,,,,,,土,,,,,,,,,,,,,,,,水,,,,,,,,,,,,,,,,,,,,,,,,
北区,大淀中,3丁目,2番,,,,,,,,,,月木,,,,,,,,,,,,,,,,,土,,,,,,,,,,,,,,,,水,,,,,,,,,,,,,,,,,,,,,,,,
北区,大淀中,3丁目,3番,,,,,,,,,,月木,,,,,,,,,,,,,,,,,土,,,,,,,,,,,,,,,,水,,,,,,,,,,,,,,,,,,,,,,,,
北区,大淀中,3丁目,4番,,,,,,,,,,月木,,,,,,,,,,,,,,,,,土,,,,,,,,,,,,,,,,水,,,,,,,,,,,,,,,,,,,,,,,,
北区,大淀中,3丁目,5番,10~30号,,,,,,,,,月木,,,,,,,,,,,,,,,,,土,,,,,,,,,,,,,,,,水,,,,,,,,,,,,,,,,,,,,,,,,
北区,大淀中,3丁目,5番,上記以外,,,月木,,,,,,,,,,,,,,,,,,,,,,,土,,,,,,,,,,,,,,,,水,,,,,,,,,,,,,,,,,,,,,,,,
北区,大淀中,3丁目,6番,,,,,,,,,,月木,,,,,,,,,,,,,,,,,土,,,,,,,,,,,,,,,,水,,,,,,,,,,,,,,,,,,,,,,,,
北区,大淀中,3丁目,7番,,,,,,,,,,月木,,,,,,,,,,,,,,,,,土,,,,,,,,,,,,,,,,水,,,,,,,,,,,,,,,,,,,,,,,,
北区,大淀中,3丁目,8番,,,,,,,,,,月木,,,,,,,,,,,,,,,,,土,,,,,,,,,,,,,,,,水,,,,,,,,,,,,,,,,,,,,,,,,
北区,大淀中,3丁目,9番,,,,,,,,,,月木,,,,,,,,,,,,,,,,,土,,,,,,,,,,,,,,,,水,,,,,,,,,,,,,,,,,,,,,,,,
北区,大淀中,3丁目,10番,,,,,,,,,,月木,,,,,,,,,,,,,,,,,,土,,,,,,,,,,,,,,,,水,,,,,,,,,,,,,,,,,,,,,,,
北区,大淀中,3丁目,11番,,,,,,,,,,月木,,,,,,,,,,,,,,,,,,土,,,,,,,,,,,,,,,,水,,,,,,,,,,,,,,,,,,,,,,,
北区,大淀中,3丁目,12番,,,,,,,,,,月木,,,,,,,,,,,,,,,,,土,,,,,,,,,,,,,,,,水,,,,,,,,,,,,,,,,,,,,,,,,
北区,大淀中,3丁目,13番,,,,,,,,,,月木,,,,,,,,,,,,,,,,,土,,,,,,,,,,,,,,,,水,,,,,,,,,,,,,,,,,,,,,,,,
北区,大淀中,3丁目,14番,,,,,,,,,,月木,,,,,,,,,,,,,,,,,土,,,,,,,,,,,,,,,,水,,,,,,,,,,,,,,,,,,,,,,,,
北区,大淀中,3丁目,15番,8~11号,,,,,,,,,月木,,,,,,,,,,,,,,,土,,,,,,,,,,,,,,,,水,,,,,,,,,,,,,,,,,,,,,,,,,,
北区,大淀中,3丁目,15番,上記以外,,,月木,,,,,,,,,,,,,,,,,,,,,土,,,,,,,,,,,,,,,,水,,,,,,,,,,,,,,,,,,,,,,,,,,
北区,大淀中,3丁目,16番,,,,,,,,,,月木,,,,,,,,,,,,,,,,,土,,,,,,,,,,,,,,,,水,,,,,,,,,,,,,,,,,,,,,,,,
北区,大淀中,3丁目,17番,,,,,,,,,,月木,,,,,,,,,,,,,,,,土,,,,,,,,,,,,,,,,水,,,,,,,,,,,,,,,,,,,,,,,,,
北区,大淀中,3丁目,18番,,,,,,,,,,月木,,,,,,,,,,,,,,,,,,土,,,,,,,,,,,,,,,,水,,,,,,,,,,,,,,,,,,,,,,,
北区,大淀中,3丁目,19番,,,,,,,,,,月木,,,,,,,,,,,,,,,,,,,,土,,,,,,,,,,,,,,,,水,,,,,,,,,,,,,,,,,,,,,
北区,大淀中,4丁目,1番,,,,,,,,,,月木,,,,,,,,,,,,,,,,,,,,,土,,,,,,,,,,,,,,,,水,,,,,,,,,,,,,,,,,,,,
北区,大淀中,4丁目,2番,3~11号,,,,,,,,,月木,,,,,,,,,,,,,,,,,,,,,土,,,,,,,,,,,,,,,,水,,,,,,,,,,,,,,,,,,,,
北区,大淀中,4丁目,2番,上記以外,,,月木,,,,,,,,,,,,,,,,,,,,,,,,,,,土,,,,,,,,,,,,,,,,水,,,,,,,,,,,,,,,,,,,,
北区,大淀中,4丁目,3番,,,,,,,,,,月木,,,,,,,,,,,,,,,,,,,,,土,,,,,,,,,,,,,,,,水,,,,,,,,,,,,,,,,,,,,
北区,大淀中,4丁目,4番,,,,,,,,,,月木,,,,,,,,,,,,,,,,,,,,,土,,,,,,,,,,,,,,,,水,,,,,,,,,,,,,,,,,,,,
北区,大淀中,4丁目,5番,,,,,,,,,,月木,,,,,,,,,,,,,,,,,,,,,土,,,,,,,,,,,,,,,,水,,,,,,,,,,,,,,,,,,,,
北区,大淀中,4丁目,6番,,,,,,,,,,月木,,,,,,,,,,,,,,,,,,,,,土,,,,,,,,,,,,,,,,水,,,,,,,,,,,,,,,,,,,,
北区,大淀中,4丁目,7番,,,,,,,,,,月木,,,,,,,,,,,,,,,,,土,,,,,,,,,,,,,,,,水,,,,,,,,,,,,,,,,,,,,,,,,
北区,大淀中,4丁目,8番,,,,,,,,,,月木,,,,,,,,,,,,,,,,,,,,,土,,,,,,,,,,,,,,,,水,,,,,,,,,,,,,,,,,,,,
北区,大淀中,4丁目,9番,,,,,,,,,,月木,,,,,,,,,,,,,,,,,,,,,土,,,,,,,,,,,,,,,,水,,,,,,,,,,,,,,,,,,,,
北区,大淀中,4丁目,10番,,,,,,,,,,月木,,,,,,,,,,,,,,,,,土,,,,,,,,,,,,,,,,水,,,,,,,,,,,,,,,,,,,,,,,,
北区,大淀中,4丁目,11番,,,,,,,,,,月木,,,,,,,,,,,,,,,,,土,,,,,,,,,,,,,,,,水,,,,,,,,,,,,,,,,,,,,,,,,
北区,大淀中,4丁目,12番,,,,,,,,,,月木,,,,,,,,,,,,,,,,,土,,,,,,,,,,,,,,,,水,,,,,,,,,,,,,,,,,,,,,,,,
北区,大淀中,4丁目,13番,,,,,,,,,,月木,,,,,,,,,,,,,,,,,土,,,,,,,,,,,,,,,,水,,,,,,,,,,,,,,,,,,,,,,,,
北区,大淀中,4丁目,14番,,,,,,,,,,月木,,,,,,,,,,,,,,,,,土,,,,,,,,,,,,,,,,水,,,,,,,,,,,,,,,,,,,,,,,,
北区,大淀中,4丁目,15番,,,,,,,,,,月木,,,,,,,,,,,,,,,,,土,,,,,,,,,,,,,,,,水,,,,,,,,,,,,,,,,,,,,,,,,
北区,大淀中,5丁目,1番,,,,,,,,,,月木,,,,,,,,,,,,,,,,,,,,,土,,,,,,,,,,,,,,,,水,,,,,,,,,,,,,,,,,,,,
北区,大淀中,5丁目,2番,,,,,,,,,,月木,,,,,,,,,,,,,,,,,,,,,土,,,,,,,,,,,,,,,,水,,,,,,,,,,,,,,,,,,,,
北区,大淀中,5丁目,3番,,,,,,,,,,月木,,,,,,,,,,,,,,,,,,,,,土,,,,,,,,,,,,,,,,水,,,,,,,,,,,,,,,,,,,,
北区,大淀中,5丁目,4番,,,,,,,,,,月木,,,,,,,,,,,,,,,,,,,,,土,,,,,,,,,,,,,,,,水,,,,,,,,,,,,,,,,,,,,
北区,大淀中,5丁目,5番,7~11･15~19号,,,,,,,,,月木,,,,,,,,,,,,,,,,,,,,,土,,,,,,,,,,,,,,,,水,,,,,,,,,,,,,,,,,,,,
北区,大淀中,5丁目,5番,上記以外,,,月木,,,,,,,,,,,,,,,,,,,,,,,,,,,土,,,,,,,,,,,,,,,,水,,,,,,,,,,,,,,,,,,,,
北区,大淀中,5丁目,6番,,,,,,,,,,月木,,,,,,,,,,,,,,,,,,,,,土,,,,,,,,,,,,,,,,水,,,,,,,,,,,,,,,,,,,,
北区,大淀中,5丁目,7番,,,,,,,,,,月木,,,,,,,,,,,,,,,,,,,,,土,,,,,,,,,,,,,,,,水,,,,,,,,,,,,,,,,,,,,
北区,大淀中,5丁目,8番,,,,,,,,,,月木,,,,,,,,,,,,,,,,,,,,,土,,,,,,,,,,,,,,,,水,,,,,,,,,,,,,,,,,,,,
北区,大淀中,5丁目,9番,,,,,,,,,,月木,,,,,,,,,,,,,,,,,土,,,,,,,,,,,,,,,,水,,,,,,,,,,,,,,,,,,,,,,,,
北区,大淀中,5丁目,10番,,,,,,,,,,月木,,,,,,,,,,,,,,,,,,,,,土,,,,,,,,,,,,,,,,水,,,,,,,,,,,,,,,,,,,,
北区,大淀中,5丁目,11番,,,,,,,,,,月木,,,,,,,,,,,,,,,,,,,,土,,,,,,,,,,,,,,,,水,,,,,,,,,,,,,,,,,,,,,
北区,大淀中,5丁目,12番,10~22･31~49号,,,,,,,,,月木,,,,,,,,,,,,,,,,,,,,土,,,,,,,,,,,,,,,,水,,,,,,,,,,,,,,,,,,,,,
北区,大淀中,5丁目,12番,上記以外,,,月木,,,,,,,,,,,,,,,,,,,,,,,,,,土,,,,,,,,,,,,,,,,水,,,,,,,,,,,,,,,,,,,,,
北区,大淀中,5丁目,13番,,,,,,,月木,,,,,,,,,,,,,,,,,,,,,,,,,,土,,,,,,,,,,,,,,,,水,,,,,,,,,,,,,,,,,,
北区,大淀中,5丁目,14番,1・2号,,,,,,,,,月木,,,,,,,,,,,,,,,,,,,,,土,,,,,,,,,,,,,,,,水,,,,,,,,,,,,,,,,,,,,
北区,大淀中,5丁目,14番,上記以外,,,,,,月木,,,,,,,,,,,,,,,,,,,,,,,,土,,,,,,,,,,,,,,,,水,,,,,,,,,,,,,,,,,,,,
北区,大淀南,1丁目,1番,,,,,,,,,,月木,,,,,,,,,,,,,,,,,,,,,,土,,,,,,,,,,,,,,,,水,,,,,,,,,,,,,,,,,,,
北区,大淀南,1丁目,2番,,,,,,,,,,月木,,,,,,,,,,,,,,,,,,,,,,土,,,,,,,,,,,,,,,,水,,,,,,,,,,,,,,,,,,,
北区,大淀南,1丁目,3番,,,,,,,,,,月木,,,,,,,,,,,,,,,,,土,,,,,,,,,,,,,,,,水,,,,,,,,,,,,,,,,,,,,,,,,
北区,大淀南,1丁目,4番,,,,,,,,,,月木,,,,,,,,,,,,,,,,,,,,,,土,,,,,,,,,,,,,,,,水,,,,,,,,,,,,,,,,,,,
北区,大淀南,1丁目,5番,,,,,,,,,,,,,,,,,,,,,,,,,,,,,,,,土,,,,,,,,,,,,,,,,水,,,,,,,,,,,,,,,,,,,
北区,大淀南,1丁目,6番,4号,,,,,,,,,月木,,,,,,,,,,,,,,,,,,,,,,,土,,,,,,,,,,,,,,,,水,,,,,,,,,,,,,,,,,,
北区,大淀南,1丁目,6番,上記以外,,,月木,,,,,,,,,,,,,,,,,,,,,,,,,,,,,土,,,,,,,,,,,,,,,,水,,,,,,,,,,,,,,,,,,
北区,大淀南,1丁目,7番,8号,,,,,,,,,月木,,,,,,,,,,,,,,,,,,,,,,,土,,,,,,,,,,,,,,,,水,,,,,,,,,,,,,,,,,,
北区,大淀南,1丁目,7番,上記以外,,,月木,,,,,,,,,,,,,,,,,,,,,,,,,,,,,土,,,,,,,,,,,,,,,,水,,,,,,,,,,,,,,,,,,
北区,大淀南,1丁目,8番,,,,,,,,,,,,,,,,,,,,,,,,,,,,,,,,,土,,,,,,,,,,,,,,,,水,,,,,,,,,,,,,,,,,,
北区,大淀南,1丁目,9番,19~20号,,,,,,,,,月木,,,,,,,,,,,,,,,,,,,,,,,土,,,,,,,,,,,,,,,,水,,,,,,,,,,,,,,,,,,
北区,大淀南,1丁目,9番,上記以外,,,月木,,,,,,,,,,,,,,,,,,,,,,,,,,,,,土,,,,,,,,,,,,,,,,水,,,,,,,,,,,,,,,,,,
北区,大淀南,1丁目,10番,5~9号,,,,,,,,,月木,,,,,,,,,,,,,,,,,,,,,,,土,,,,,,,,,,,,,,,,水,,,,,,,,,,,,,,,,,,
北区,大淀南,1丁目,10番,上記以外,,,月木,,,,,,,,,,,,,,,,,,,,,,,,,,,,,土,,,,,,,,,,,,,,,,水,,,,,,,,,,,,,,,,,,
北区,大淀南,1丁目,11番,,,,,,,,,,,,,,,,,,,,,,,,,,,,,,,,土,,,,,,,,,,,,,,,,水,,,,,,,,,,,,,,,,,,,
北区,大淀南,2丁目,1番,グランドメゾン,,,,,,,,,月木,,,,,,,,,,,,,,,,,,,,,土,,,,,,,,,,,,,,,,水,,,,,,,,,,,,,,,,,,,,
北区,大淀南,2丁目,2番,ローレルタワーサンクタス,,,,,,,,,月木,,,,,,,,,,,,,,,,,,,,,,,土,,,,,,,,,,,,,,,,水,,,,,,,,,,,,,,,,,,
北区,大淀南,2丁目,3番,,,,,,,,,,,,,,,,,,,,,,,,,,,,,,,土,,,,,,,,,,,,,,,,水,,,,,,,,,,,,,,,,,,,,
北区,大淀南,2丁目,4番,,,,,,,,,,,,,,,,,,,,,,,,,,,,,,,土,,,,,,,,,,,,,,,,水,,,,,,,,,,,,,,,,,,,,
北区,大淀南,2丁目,5番,,,,,,,,,,,,,,,,,,,,,,,,,,,,,,,土,,,,,,,,,,,,,,,,水,,,,,,,,,,,,,,,,,,,,
北区,大淀南,2丁目,6番,,,,,,,,,,月木,,,,,,,,,,,,,,,,,,,,,土,,,,,,,,,,,,,,,,水,,,,,,,,,,,,,,,,,,,,
北区,大淀南,2丁目,7番,,,,,,,,,,月木,,,,,,,,,,,,,,,,,,,,,土,,,,,,,,,,,,,,,,水,,,,,,,,,,,,,,,,,,,,
北区,大淀南,2丁目,8番,,,,,,,,,,月木,,,,,,,,,,,,,,,,,,,,,土,,,,,,,,,,,,,,,,水,,,,,,,,,,,,,,,,,,,,
北区,大淀南,2丁目,9番,2~6･13~15号,,,,,,,,,月木,,,,,,,,,,,,,,,,,,,,,,土,,,,,,,,,,,,,,,,水,,,,,,,,,,,,,,,,,,,
北区,大淀南,2丁目,9番,上記以外,,,月木,,,,,,,,,,,,,,,,,,,,,,,,,,,,土,,,,,,,,,,,,,,,,水,,,,,,,,,,,,,,,,,,,
北区,大淀南,3丁目,1番,,,,,,,,,,月木,,,,,,,,,,,,,,,,,,,,,,土,,,,,,,,,,,,,,,,水,,,,,,,,,,,,,,,,,,,
北区,大淀南,3丁目,2番,10･13号,,,,,,,,,月木,,,,,,,,,,,,,,,,,,,,,土,,,,,,,,,,,,,,,,水,,,,,,,,,,,,,,,,,,,,
北区,大淀南,3丁目,2番,上記以外,,,月木,,,,,,,,,,,,,,,,,,,,,,,,,,,土,,,,,,,,,,,,,,,,水,,,,,,,,,,,,,,,,,,,,
北区,大淀南,3丁目,3番,,,,,,,,,,月木,,,,,,,,,,,,,,,,,,,,,,土,,,,,,,,,,,,,,,,水,,,,,,,,,,,,,,,,,,,
北区,大淀南,3丁目,4番,1~7･15~20号,,,,,,,,,月木,,,,,,,,,,,,,,,,,,,,,土,,,,,,,,,,,,,,,,水,,,,,,,,,,,,,,,,,,,,
北区,大淀南,3丁目,4番,上記以外,,,月木,,,,,,,,,,,,,,,,,,,,,,,,,,,土,,,,,,,,,,,,,,,,水,,,,,,,,,,,,,,,,,,,,
北区,大淀南,3丁目,5番,13~19号,,,,,,,,,月木,,,,,,,,,,,,,,,,,,,,,土,,,,,,,,,,,,,,,,水,,,,,,,,,,,,,,,,,,,,
北区,大淀南,3丁目,5番,上記以外,,,月木,,,,,,,,,,,,,,,,,,,,,,,,,,,土,,,,,,,,,,,,,,,,水,,,,,,,,,,,,,,,,,,,,
北区,大淀南,3丁目,6番,4･15~20号,,,,,,,,,月木,,,,,,,,,,,,,,,,,,,,,土,,,,,,,,,,,,,,,,水,,,,,,,,,,,,,,,,,,,,
北区,大淀南,3丁目,6番,上記以外,,,月木,,,,,,,,,,,,,,,,,,,,,,,,,,,土,,,,,,,,,,,,,,,,水,,,,,,,,,,,,,,,,,,,,
北区,大淀南,3丁目,7番,,,,,,,,,,月木,,,,,,,,,,,,,,,,,,,,,土,,,,,,,,,,,,,,,,水,,,,,,,,,,,,,,,,,,,,
北区,大淀南,3丁目,8番,1~9･16号,,,,,,,,,月木,,,,,,,,,,,,,,,,,,,,,土,,,,,,,,,,,,,,,,水,,,,,,,,,,,,,,,,,,,,
北区,大淀南,3丁目,8番,上記以外,,,月木,,,,,,,,,,,,,,,,,,,,,,,,,,,土,,,,,,,,,,,,,,,,水,,,,,,,,,,,,,,,,,,,,
北区,大淀南,3丁目,9番,,,,,,,,,,月木,,,,,,,,,,,,,,,,,,,,,土,,,,,,,,,,,,,,,,水,,,,,,,,,,,,,,,,,,,,
北区,大淀南,3丁目,10番,,,,,,,,,,月木,,,,,,,,,,,,,,,,,,,,,土,,,,,,,,,,,,,,,,水,,,,,,,,,,,,,,,,,,,,
北区,大淀南,3丁目,11番,,,,,,,,,,月木,,,,,,,,,,,,,,,,,,,,,土,,,,,,,,,,,,,,,,水,,,,,,,,,,,,,,,,,,,,
北区,大淀南,3丁目,12番,,,,,,,,,,月木,,,,,,,,,,,,,,,,,,,,,土,,,,,,,,,,,,,,,,水,,,,,,,,,,,,,,,,,,,,
北区,大淀南,3丁目,13番,7号,,,,,,,,,月木,,,,,,,,,,,,,,,,,,,,,土,,,,,,,,,,,,,,,,水,,,,,,,,,,,,,,,,,,,,
北区,大淀南,3丁目,13番,上記以外,,,月木,,,,,,,,,,,,,,,,,,,,,,,,,,,土,,,,,,,,,,,,,,,,水,,,,,,,,,,,,,,,,,,,,
北区,角田町,1番,,,,,,,,,,,,,,,,,,,,,,,,金,,,,,,,,,,,,,,,,火,,,,,,,,,,,,,,,,,,,金,,,,,,,,,
北区,角田町,2番,,,,,,,,,,,,,,,,,,,,,,,,,,金,,,,,,,,,,,,,,,,火,,,,,,,,,,,,,,,,,金,,,,,,,,,
北区,角田町,8番,,,,,,,,,,,,,,,,,,,,,,,,,,金,,,,,,,,,,,,,,,,火,,,,,,,,,,,,,,,,,金,,,,,,,,,
北区,神山町,1番,27~30号,,,,,,,水土,,,,,,,,,,,,,,,,,金,,,,,,,,,,,,,,,,火,,,,,,,,,,,,,,,,,,,,,,,金,,,,
北区,神山町,1番,上記以外,,,,水土,,,,,,,,,,,,,,,,,,,,金,,,,,,,,,,,,,,,,火,,,,,,,,,,,,,,,,,,,,,,,金,,,,
北区,神山町,2番,9~10号,,,,,,,水土,,,,,,,,,,,,,,,,金,,,,,,,,,,,,,,,,火,,,,,,,,,,,,,,,,,,,,,,,,金,,,,
北区,神山町,2番,上記以外,,,,水土,,,,,,,,,,,,,,,,,,,金,,,,,,,,,,,,,,,,火,,,,,,,,,,,,,,,,,,,,,,,,金,,,,
北区,神山町,3番,,,,,,,,,,,,,,,,,,,,,,,,,金,,,,,,,,,,,,,,,,火,,,,,,,,,,,,,,,,,,,,,,,金,,,,
北区,神山町,6番,,,,,,,,,,,,,,,,,,,,,,,,,,金,,,,,,,,,,,,,,,,火,,,,,,,,,,,,,,,,,,,,,,金,,,,
北区,神山町,7番,,,,,,,,,,,,,,,,,,,,,,,,,,金,,,,,,,,,,,,,,,,火,,,,,,,,,,,,,,,,,,,,,,金,,,,
北区,神山町,8番,,,,,,,,,,,,,,,,,,,,,,,,,,金,,,,,,,,,,,,,,,,火,,,,,,,,,,,,,,,,,,,,,,金,,,,
北区,神山町,9番,,,,,,,,水土,,,,,,,,,,,,,,,,,金,,,,,,,,,,,,,,,,火,,,,,,,,,,,,,,,,,,,,,,,,金,,,
北区,神山町,10番,9~13号,,,,,,,水土,,,,,,,,,,,,,,,,金,,,,,,,,,,,,,,,,火,,,,,,,,,,,,,,,,,,,,,,,,金,,,,
北区,神山町,10番,上記以外,,,,水土,,,,,,,,,,,,,,,,,,,金,,,,,,,,,,,,,,,,火,,,,,,,,,,,,,,,,,,,,,,,,金,,,,
北区,神山町,11番,,,,,,,,,,,,,,,,,,,,,,,,,金,,,,,,,,,,,,,,,,火,,,,,,,,,,,,,,,,,,,,,,,,金,,,
北区,神山町,14番,,,,,,,,,,,,,,,,,,,,,,,,,,金,,,,,,,,,,,,,,,,火,,,,,,,,,,,,,,,,,,,,,,,,,,金
北区,神山町,15番,,,,,,,,水土,,,,,,,,,,,,,,,,,金,,,,,,,,,,,,,,,,火,,,,,,,,,,,,,,,,,,,,,,,,金,,,
北区,菅栄町,1番,,,,,,,,火金,,,,,,,,,,,,,,,,,,木,,,,,,,,,,,,,,,,月,,,,,,,,,,,,,,,,,,,,,,木,,,,
北区,菅栄町,2番,10~14号,,,,,,,火金,,,,,,,,,,,,,,,,,,,,,,,,,木,,,,,,,,,,,,,,,,月,,,,,,,木,,,,,,,,,,,,
北区,菅栄町,2番,上記以外,,,,火金,,,,,,,,,,,,,,,,,,,,,,,,,,,,木,,,,,,,,,,,,,,,,月,,,,,,,木,,,,,,,,,,,,
北区,菅栄町,3番,,,,,,,,火金,,,,,,,,,,,,,,,,木,,,,,,,,,,,,,,,,月,,,,,,,,,,,,,,,,木,,,,,,,,,,,,
北区,菅栄町,4番,,,,,,,,火金,,,,,,,,,,,,,,,,,,,,,,,,木,,,,,,,,,,,,,,,,月,,,,,,,,,,,,,,,,木,,,,
北区,菅栄町,5番,,,,,,,,火金,,,,,,,,,,,,,,,,木,,,,,,,,,,,,,,,,月,,,,,,,,,,,,,,,,木,,,,,,,,,,,,
北区,菅栄町,6番,,,,,,,,火金,,,,,,,,,,,,,,,,木,,,,,,,,,,,,,,,,月,,,,,,,,,,,,,,,,木,,,,,,,,,,,,
北区,菅栄町,7番,,,,,,,,火金,,,,,,,,,,,,,,,,,,,,,,,木,,,,,,,,,,,,,,,,月,,,,,,,,,,,,,,,,,木,,,,
北区,菅栄町,8番,,,,,,,,火金,,,,,,,,,,,,,,,,,,,,,,,木,,,,,,,,,,,,,,,,月,,,,,,,,,,,,,,,,,木,,,,
北区,菅栄町,9番,,,,,,,,,,,,,,,,,,,,,,,,,,,,,,,,,木,,,,,,,,,,,,,,,,月,,,,,,,,,,,,,,,木,,,,
北区,菅栄町,10番,,,,,,,,火金,,,,,,,,,,,,,,,,木,,,,,,,,,,,,,,,,月,,,,,,,,,,,,,,,,木,,,,,,,,,,,,
北区,菅栄町,11番,,,,,,,,火金,,,,,,,,,,,,,,,,,,,,,,,,木,,,,,,,,,,,,,,,,月,,,,,,,,,,,,,,,,木,,,,
北区,菅栄町,12番,8~19号,,,,,,,火金,,,,,,,,,,,,,,,,,,,,,,,木,,,,,,,,,,,,,,,,月,,,,,,,,,木,,,,,,,,,,,,
北区,菅栄町,12番,上記以外,,,,火金,,,,,,,,,,,,,,,,,,,,,,,,,,木,,,,,,,,,,,,,,,,月,,,,,,,,,木,,,,,,,,,,,,
北区,菅栄町,13番,,,,,,,,火金,,,,,,,,,,,,,,,,木,,,,,,,,,,,,,,,,月,,,,,,,,,,,,,,,,木,,,,,,,,,,,,
北区,黒崎町,1番,2～3号,,,,,,,,,水土,,,,,,,,,,,,,,,,金,,,,,,,,,,,,,,,,火,,,,,,,,,,,,,,,,,,,,,,,,,,
北区,黒崎町,1番,上記以外,,,,,,,,,,,,,,,,水土,,,,,,,,,金,,,,,,,,,,,,,,,,火,,,,,,,,,,,,,,,,,,,,,,,,,,
北区,黒崎町,2番,2～15号,,,,,,,,,水土,,,,,,,,,,,,,,,,,,,,,金,,,,,,,,,,,,,,,,火,,,,,,,,,,,,,,,,,,,,,
北区,黒崎町,2番,22～25号,,,,,,,水土,,,,,,,,,,,,,,,,,,,,,,,金,,,,,,,,,,,,,,,,火,,,,,,,,,,,,,,,,,,,,,
北区,黒崎町,2番,28～34号,,,,,,,,,,,,,,,,水土,,,,,,,,,,,,,,金,,,,,,,,,,,,,,,,火,,,,,,,,,,,,,,,,,,,,,
北区,黒崎町,3番,1～8号,,,,,,,水土,,,,,,,,,,,,,,,,金,,,,,,,,,,,,,,,,火,,,,,,,,,,,,,,,,,,,,,,,,,,,,
北区,黒崎町,3番,9～16号,,,,,,,,,水土,,,,,,,,,,,,,,金,,,,,,,,,,,,,,,,火,,,,,,,,,,,,,,,,,,,,,,,,,,,,
北区,黒崎町,3番,19～22号,,,,,,,水土,,,,,,,,,,,,,,,,金,,,,,,,,,,,,,,,,火,,,,,,,,,,,,,,,,,,,,,,,,,,,,
北区,黒崎町,3番,32～34号,,,,,,,,,,,,,,,,水土,,,,,,,金,,,,,,,,,,,,,,,,火,,,,,,,,,,,,,,,,,,,,,,,,,,,,
北区,黒崎町,3番,上記以外,,,,水土,,,,,,,,,,,,,,,,,,,金,,,,,,,,,,,,,,,,火,,,,,,,,,,,,,,,,,,,,,,,,,,,,
北区,黒崎町,4番,10～13号,,,,,,,水土,,,,,,,,,,,,,,,,金,,,,,,,,,,,,,,,,火,,,,,,,,,,,,,,,,,,,,,,,,,,,,
北区,黒崎町,4番,15～17号,,,,,,,,,,,,,,,,水土,,,,,,,金,,,,,,,,,,,,,,,,火,,,,,,,,,,,,,,,,,,,,,,,,,,,,
北区,黒崎町,4番,上記以外,,,,水土,,,,,,,,,,,,,,,,,,,金,,,,,,,,,,,,,,,,火,,,,,,,,,,,,,,,,,,,,,,,,,,,,
北区,黒崎町,5番,12～18号,,,,,,,水土,,,,,,,,,,,,,,,,金,,,,,,,,,,,,,,,,火,,,,,,,,,,,,,,,,,,,,,,,,,,,,
北区,黒崎町,5番,上記以外,,,,,,,,,,,,,,,,水土,,,,,,,金,,,,,,,,,,,,,,,,火,,,,,,,,,,,,,,,,,,,,,,,,,,,,
北区,黒崎町,6番,13～17号,,,,,,,水土,,,,,,,,,,,,,,,,金,,,,,,,,,,,,,,,,火,,,,,,,,,,,,,,,,,,,,,,,,,,,,
北区,黒崎町,6番,上記以外,,,,,,,,,,,,,,,,水土,,,,,,,金,,,,,,,,,,,,,,,,火,,,,,,,,,,,,,,,,,,,,,,,,,,,,
北区,黒崎町,7番,1~4号,,,,,,,水土,,,,,,,,,,,,,,,,金,,,,,,,,,,,,,,,,火,,,,,,,,,,,,,,,,,,,,,,,,,,,,
北区,黒崎町,7番,上記以外,,,,,,,,,,,,,,,,水土,,,,,,,金,,,,,,,,,,,,,,,,火,,,,,,,,,,,,,,,,,,,,,,,,,,,,
北区,黒崎町,8番,1～7号,,,,,,,水土,,,,,,,,,,,,,,,,金,,,,,,,,,,,,,,,,火,,,,,,,,,,,,,,,,,,,,,,,,,,,,
北区,黒崎町,8番,11～18号,,,,,,,,,水土,,,,,,,,,,,,,,金,,,,,,,,,,,,,,,,火,,,,,,,,,,,,,,,,,,,,,,,,,,,,
北区,黒崎町,8番,上記以外,,,,,,,,,,,,,,,,水土,,,,,,,金,,,,,,,,,,,,,,,,火,,,,,,,,,,,,,,,,,,,,,,,,,,,,
北区,黒崎町,9番,1～9号,,,,,,,水土,,,,,,,,,,,,,,,,金,,,,,,,,,,,,,,,,火,,,,,,,,,,,,,,,,,,,,,,,,,,,,
北区,黒崎町,9番,上記以外,,,,水土,,,,,,,,,,,,,,,,,,,金,,,,,,,,,,,,,,,,火,,,,,,,,,,,,,,,,,,,,,,,,,,,,
北区,黒崎町,10番,11～18号,,,,,,,,,,,,,,,,水土,,,,,,,,,,,,,,金,,,,,,,,,,,,,,,,火,,,,,,,,,,,,,,,,,,,,,
北区,黒崎町,10番,上記以外,,,,水土,,,,,,,,,,,,,,,,,,,,,,,,,,金,,,,,,,,,,,,,,,,火,,,,,,,,,,,,,,,,,,,,,
北区,黒崎町,11番,1～7・10～14号,,,,,,,,,水土,,,,,,,,,,,,,,,,,,,,,,,金,,,,,,,,,,,,,,,,火,,,,,,,,,,,,,,,,,,,
北区,黒崎町,11番,上記以外,,,,水土,,,,,,,,,,,,,,,,,,,,,,,,,,,,金,,,,,,,,,,,,,,,,火,,,,,,,,,,,,,,,,,,,
北区,黒崎町,12番,11～15号,,,,,,,,,水土,,,,,,,,,,,,,,,,,,,,,金,,,,,,,,,,,,,,,,火,,,,,,,,,,,,,,,,,,,,,
北区,黒崎町,12番,上記以外,,,,,,,,,,,,,,,,水土,,,,,,,,,,,,,,金,,,,,,,,,,,,,,,,火,,,,,,,,,,,,,,,,,,,,,
北区,黒崎町,13番,1～6・9～17号,,,,,,,,,水土,,,,,,,,,,,,,,,,,,,,,金,,,,,,,,,,,,,,,,火,,,,,,,,,,,,,,,,,,,,,
北区,黒崎町,13番,上記以外,,,,,,,,,,,,,,,,水土,,,,,,,,,,,,,,金,,,,,,,,,,,,,,,,火,,,,,,,,,,,,,,,,,,,,,
北区,黒崎町,14番,２～７、13～17号,,,,,,,,,,,,,,,,水土,,,,,,,,,,,,,,金,,,,,,,,,,,,,,,,火,,,,,,,,,,,,,,,,,,,,,
北区,黒崎町,14番,上記以外,,,,水土,,,,,,,,,,,,,,,,,,,,,,,,,,金,,,,,,,,,,,,,,,,火,,,,,,,,,,,,,,,,,,,,,
北区,紅梅町,1番,,,,,,,,,,,,,,,,,火金,,,,,,,,木,,,,,,,,,,,,,,,,月,,,,,,,,,,,,,,,,,,,,,,,,,,,
北区,紅梅町,2番,1～7・17～25号,,,,,,,,,,,,,,,,火金,,,,,,,,木,,,,,,,,,,,,,,,,月,,,,,,,,,,,,,,,,,,,,,,,,,,,
北区,紅梅町,2番,上記以外,,,,火金,,,,,,,,,,,,,,,,,,,,木,,,,,,,,,,,,,,,,月,,,,,,,,,,,,,,,,,,,,,,,,,,,
北区,紅梅町,3番,2～9号,,,,,,,火金,,,,,,,,,,,,,,,,,,木,,,,,,,,,,,,,,,,月,,,,,,,,,,,,,,,,,,,,,,,,,,
北区,紅梅町,3番,上記以外,,,,,,,,,,,,,,,,火金,,,,,,,,,,,,,,,,,木,,,,,,,,,,,,,,,,月,,,,,,,,,,,,,,,,,,
北区,紅梅町,4番,1～17号,,,,,,,,,,,,,,,,火金,,,,,,,,,木,,,,,,,,,,,,,,,,月,,,,,,,,,,,,,,,,,,,,,,,,,,
北区,紅梅町,4番,上記以外,,,,火金,,,,,,,,,,,,,,,,,,,,,木,,,,,,,,,,,,,,,,月,,,,,,,,,,,,,,,,,,,,,,,,,,
北区,紅梅町,5番,,,,,,,,,,,,,,,,,火金,,,,,,,,,木,,,,,,,,,,,,,,,,月,,,,,,,,,,,,,,,,,,,,,,,,,,
北区,紅梅町,6番,12~21号,,,,,,,火金,,,,,,,,,,,,,,,,,,木,,,,,,,,,,,,,,,,月,,,,,,,,,,,,,,,,,,,,,,,,,,
北区,紅梅町,6番,上記以外,,,,,,,,,,,,,,,,火金,,,,,,,,,,,,,,,,,木,,,,,,,,,,,,,,,,月,,,,,,,,,,,,,,,,,,
北区,国分寺,1丁目,1番,,,,,,,火金,,,,,,,,,,,,,,,,,,木,,,,,,,,,,,,,,,,月,,,,,,,,,,,,,,,,,,,,,,,,,,
北区,国分寺,1丁目,2番,,,,,,,火金,,,,,,,,,,,,,,,,,,,,木,,,,,,,,,,,,,,,,月,,,,,,,,,,,,,,,,,,,,,,,,
北区,国分寺,1丁目,3番,,,,,,,,,,,,,,,,火金,,,,,,,,,,,,,,木,,,,,,,,,,,,,,,,月,,,,,,,,,,,,,,,,,,,,,
北区,国分寺,1丁目,4番,,,,,,,,,,,,,,,,火金,,,,,,,,,,,,,木,,,,,,,,,,,,,,,,月,,,,,,,,,,,,,,,,,,,,,,
北区,国分寺,1丁目,5番,,,,火金,,,,,,,,,,,,,,,,,,,,,,,,,,,,,木,,,,,,,,,,,,,,,,月,,,,,,,,,,,,,,,,,,
北区,国分寺,1丁目,6番,,,,,,,,,,,,,,,,火金,,,,,,,,,,,,,,,木,,,,,,,,,,,,,,,,月,,,,,,,,,,,,,,,,,,,,
北区,国分寺,1丁目,7番,,,,,,,,,,,,,,,,火金,,,,,,,,,,,,,,,木,,,,,,,,,,,,,,,,月,,,,,,,,,,,,,,,,,,,,
北区,国分寺,2丁目,1番,16~19号,,,,,,,,,,,,,,,火金,,,,,,,,,,,,,,,木,,,,,,,,,,,,,,,,月,,,,,,,,,,,,,,,,,,,,
北区,国分寺,2丁目,1番,14号,,,,,,,,,,,,,,,火金,,,,,,,,,,,,,,,木,,,,,,,,,,,,,,,,月,,,,,,,,,,,,,,,,,,,,
北区,国分寺,2丁目,1番,上記以外,,,火金,,,,,,,,,,,,,,,,,,,,,,,,,,,木,,,,,,,,,,,,,,,,月,,,,,,,,,,,,,,,,,,,,
北区,国分寺,2丁目,2番,14~22･39~43号,,,,,,,,,,,,,,,火金,,,,,,,,,,,,,,,,,,木,,,,,,,,,,,,,,,,月,,,,,,,,,,,,,,,,,
北区,国分寺,2丁目,2番,4~13号,,,,,,,,,,,,,,,火金,,,,,,,,,,,,,,,,,,木,,,,,,,,,,,,,,,,月,,,,,,,,,,,,,,,,,
北区,国分寺,2丁目,2番,23～38号,,,,,,,,,,,,,,,火金,,,,,,,,,,,,,,,,,,木,,,,,,,,,,,,,,,,月,,,,,,,,,,,,,,,,,
北区,国分寺,2丁目,2番,41マンション,,,,,,,,,,,,,,,火金,,,,,,,,,,,,,,,,,,木,,,,,,,,,,,,,,,,月,,,,,,,,,,,,,,,,,
北区,国分寺,2丁目,2番,上記以外,,,火金,,,,,,,,,,,,,,,,,,,,,,,,,,,,,,木,,,,,,,,,,,,,,,,月,,,,,,,,,,,,,,,,,
北区,国分寺,2丁目,3番,17~23･41~47号,,,,,,,,,,,,,,,火金,,,,,,,,,,,,,,,木,,,,,,,,,,,,,,,,月,,,,,,,,,,,,,,,,,,,,
北区,国分寺,2丁目,3番,2~12号,,,,,,,,火金,,,,,,,,,,,,,,,,,,,,,,木,,,,,,,,,,,,,,,,月,,,,,,,,,,,,,,,,,,,,
北区,国分寺,2丁目,3番,20・27~40号,,,火金,,,,,,,,,,,,,,,,,,,,,,,,,,,木,,,,,,,,,,,,,,,,月,,,,,,,,,,,,,,,,,,,,
北区,小松原町,5番,,,,,,,,,,,,,,,,,,,,,,,,,,,金,,,,,,,,,,,,,,,,火,,,,,,,,,,,,,,,,,,,,,金,,,,
北区,芝田,1丁目,2番,,,,,,,,,,,,,,,,,,,,,,,金,,,,,,,,,,,,,,,,火,,,,,,,,,,,,,,,,,,,,,,,,,金,,,
北区,芝田,1丁目,6番,,,,,,,,,,,,,,,,,,,,,,,金,,,,,,,,,,,,,,,,火,,,,,,,,,,,,,,,,,,,,,,,,,金,,,
北区,芝田,1丁目,7番,軽四輪車(小さい車)で収集している地域,,,,,,,,,,,,,,,,,,,,,,金,,,,,,,,,,,,,,,,火,,,,,,,,,,,,,,,,,,,金,,,,,,,,,
北区,芝田,1丁目,7番,上記以外,,,,,,,,,,,,,,,,,,,,,,金,,,,,,,,,,,,,,,,火,,,,,,,,,,,,,,,,,,,,,,,,,金,,,
北区,芝田,1丁目,10番,,,,,,,,,,,,,,,,,,,,,,,金,,,,,,,,,,,,,,,,火,,,,,,,,,,,,,,,,,,,,,,,,金,,,,
北区,芝田,1丁目,11番,,,,,,,,,,,,,,,,,,,,,,,金,,,,,,,,,,,,,,,,火,,,,,,,,,,,,,,,,,,,,,,,,金,,,,
北区,芝田,1丁目,12番,,,,,,,月木,,,,,,,,,,,,,,,,金,,,,,,,,,,,,,,,,火,,,,,,,,,,,,,,,,,,,,,,,,金,,,,
北区,芝田,1丁目,13番,,,,,,,月木,,,,,,,,,,,,,,,,金,,,,,,,,,,,,,,,,火,,,,,,,,,,,,,,,,,,,,,,,,金,,,,
北区,芝田,1丁目,14番,,,,,,,月木,,,,,,,,,,,,,,,,金,,,,,,,,,,,,,,,,火,,,,,,,,,,,,,,,,,,,,,,,,金,,,,
北区,芝田,1丁目,15番,,,,,,,,,,,,,,,,,,,,,,,金,,,,,,,,,,,,,,,,火,,,,,,,,,,,,,,,,,,,,,,,,金,,,,
北区,芝田,1丁目,16番,,,,,,,,,,,,,,,,,,,,,,,金,,,,,,,,,,,,,,,,火,,,,,,,,,,,,,,,,,,,,,,,,金,,,,
北区,芝田,2丁目,1番,,,,,,,,,,,,,,,,,,,,,,,,,金,,,,,,,,,,,,,,,,火,,,,,,,,,,,,,,,,,,,,,,金,,,,
北区,芝田,2丁目,2番,28号,,,,,,月木,,,,,,,,,,,,,,,,金,,,,,,,,,,,,,,,,火,,,,,,,,,,,,,,,,,,,,,,,,金,,,,
北区,芝田,2丁目,3番,2～5・23,,,,,,月木,,,,,,,,,,,,,,,,金,,,,,,,,,,,,,,,,火,,,,,,,,,,,,,,,,,,,,,,,,金,,,,
北区,芝田,2丁目,5番,,,,,,,,,,,,,,,,,,,,,,,金,,,,,,,,,,,,,,,,火,,,,,,,,,,,,,,,,,,,,,,,,金,,,,
北区,芝田,2丁目,6番,,,,,,,,,,,,,,,,,,,,,,,金,,,,,,,,,,,,,,,,火,,,,,,,,,,,,,,,,,,,,,,,,金,,,,
北区,芝田,2丁目,7番,,,,,,,,,,,,,,,,,,,,,,,金,,,,,,,,,,,,,,,,火,,,,,,,,,,,,,,,,,,,,,,,,金,,,,
北区,芝田,2丁目,8番,2号,,,,,,月木,,,,,,,,,,,,,,,,金,,,,,,,,,,,,,,,,火,,,,,,,,,,,,,,,,,,,,,,,,金,,,,
北区,芝田,2丁目,8番,上記以外,,,月木,,,,,,,,,,,,,,,,,,,金,,,,,,,,,,,,,,,,火,,,,,,,,,,,,,,,,,,,,,,,,金,,,,
北区,芝田,2丁目,9番,12号,,,,,,月木,,,,,,,,,,,,,,,,金,,,,,,,,,,,,,,,,火,,,,,,,,,,,,,,,,,,,,,,,,金,,,,
北区,芝田,2丁目,9番,上記以外,,,月木,,,,,,,,,,,,,,,,,,,金,,,,,,,,,,,,,,,,火,,,,,,,,,,,,,,,,,,,,,,,,金,,,,
北区,芝田,2丁目,10番,,,,,,,,,,,,,,,,,,,,,,,金,,,,,,,,,,,,,,,,火,,,,,,,,,,,,,,,,,,,,,,,,金,,,,
北区,末広町,1番,3~10･35号,,,,,,,水土,,,,,,,,,,,,,,,,金,,,,,,,,,,,,,,,,火,,,,,,,,,,,,,,,,,,,,,,,,,,,,
北区,末広町,1番,上記以外,,,,水土,,,,,,,,,,,,,,,,,,,金,,,,,,,,,,,,,,,,火,,,,,,,,,,,,,,,,,,,,,,,,,,,,
北区,末広町,2番,8~24号,,,,,,,水土,,,,,,,,,,,,,,,,金,,,,,,,,,,,,,,,,火,,,,,,,,,,,,,,,,,,,,,,,,,,,,
北区,末広町,2番,上記以外,,,,水土,,,,,,,,,,,,,,,,,,,金,,,,,,,,,,,,,,,,火,,,,,,,,,,,,,,,,,,,,,,,,,,,,
北区,末広町,3番,2~11･29~31号,,,,,,,水土,,,,,,,,,,,,,,,,金,,,,,,,,,,,,,,,,火,,,,,,,,,,,,,,,,,,,,,,,,,,,,
北区,末広町,3番,上記以外,,,,水土,,,,,,,,,,,,,,,,,,,金,,,,,,,,,,,,,,,,火,,,,,,,,,,,,,,,,,,,,,,,,,,,,
北区,菅原町,1番,,,,,,,,水土,,,,,,,,,,,,,,,,,,金,,,,,,,,,,,,,,,,火,,,,,,,,,,,,,,,,,,,,,,,,,,
北区,菅原町,2番,,,,,,,,水土,,,,,,,,,,,,,,,,金,,,,,,,,,,,,,,,,火,,,,,,,,,,,,,,,,,,,,,,,,,,,,
北区,菅原町,3番,,,,,,,,水土,,,,,,,,,,,,,,,,金,,,,,,,,,,,,,,,,火,,,,,,,,,,,,,,,,,,,,,,,,,,,,
北区,菅原町,4番,,,,,,,,水土,,,,,,,,,,,,,,,,金,,,,,,,,,,,,,,,,火,,,,,,,,,,,,,,,,,,,,,,,,,,,,
北区,菅原町,5番,,,,,,,,水土,,,,,,,,,,,,,,,,金,,,,,,,,,,,,,,,,火,,,,,,,,,,,,,,,,,,,,,,,,,,,,
北区,菅原町,6番,,,,,,,,水土,,,,,,,,,,,,,,,,金,,,,,,,,,,,,,,,,火,,,,,,,,,,,,,,,,,,,,,,,,,,,,
北区,菅原町,7番,,,,,,,,水土,,,,,,,,,,,,,,,,,金,,,,,,,,,,,,,,,,火,,,,,,,,,,,,,,,,,,,,,,,,,,,
北区,菅原町,8番,,,,,,,,水土,,,,,,,,,,,,,,,,,,金,,,,,,,,,,,,,,,,火,,,,,,,,,,,,,,,,,,,,,,,,,,
北区,菅原町,9番,,,,,,,,水土,,,,,,,,,,,,,,,,,,金,,,,,,,,,,,,,,,,火,,,,,,,,,,,,,,,,,,,,,,,,,,
北区,菅原町,10番,,,,,,,,水土,,,,,,,,,,,,,,,,,,金,,,,,,,,,,,,,,,,火,,,,,,,,,,,,,,,,,,,,,,,,,,
北区,菅原町,11番,11~14号,,,,,,,水土,,,,,,,,,,,,,,,,,,金,,,,,,,,,,,,,,,,火,,,,,,,,,,,,,,,,,,,,,,,,,,
北区,菅原町,11番,上記以外,,,,水土,,,,,,,,,,,,,,,,,,,,,金,,,,,,,,,,,,,,,,火,,,,,,,,,,,,,,,,,,,,,,,,,,
北区,曾根崎,1丁目,1番,,,,,,,,,,,,,,,,水土,,,,,,,,金,,,,,,,,,,,,,,,,火,,,,,,,,,,,,,,,,,,,,,,,,金,,,
北区,曾根崎,1丁目,6番,1~6・23号,,,,,,,,,,,,,,,水土,,,,,,,,金,,,,,,,,,,,,,,,,火,,,,,,,,,,,,,,,,,,,,,,,,金,,,
北区,曾根崎,1丁目,6番,上記以外,,,水土,,,,,,,,,,,,,,,,,,,,金,,,,,,,,,,,,,,,,火,,,,,,,,,,,,,,,,,,,,,,,,金,,,
北区,曾根崎,1丁目,7番,9~21号,,,,,,,,,,,,,,,水土,,,,,,,,金,,,,,,,,,,,,,,,,火,,,,,,,,,,,,,,,,,,,,,,,,金,,,
北区,曾根崎,1丁目,7番,上記以外,,,水土,,,,,,,,,,,,,,,,,,,,金,,,,,,,,,,,,,,,,火,,,,,,,,,,,,,,,,,,,,,,,,金,,,
北区,曾根崎,1丁目,8番,,,,,,,,,,,,,,,,水土,,,,,,,,,金,,,,,,,,,,,,,,,,火,,,,,,,,,,,,,,,,,,,,,,,金,,,
北区,曾根崎,2丁目,1番,,,,,,,,,,,,,,,,,,,,,,,,,金,,,,,,,,,,,,,,,,火,,,,,,,,,,,,,,,,,,,,,,,金,,,
北区,曾根崎,2丁目,4番,,,,,,,,,,,,,,,,,,,,,,,金,,,,,,,,,,,,,,,,火,,,,,,,,,,,,,,,,,,,,,,,,,金,,,
北区,曾根崎,2丁目,15番,梅田ガーデンレジデンス,,,,,,,,,,,,,,,月木,,,,,,,金,,,,,,,,,,,,,,,,火,,,,,,,,,,,,,,,,,,,金,,,,,,,,,
北区,曾根崎新地,2丁目,1番,,,,,,,,,,水土,,,,,,,,,,,,,,,金,,,,,,,,,,,,,,,,火,,,,,,,,,,,,,,,,,,,,,,土,,,,
北区,曾根崎新地,2丁目,2番,,,,,,,,,,水土,,,,,,,,,,,,,,,金,,,,,,,,,,,,,,,,火,,,,,,,,,,,,,,,,,,,,,,土,,,,
北区,曾根崎新地,2丁目,3番,,,,,,,,,,水土,,,,,,,,,,,,,金,,,,,,,,,,,,,,,,火,,,,,,,,,,,,,,,,,,,,,,,,土,,,,
北区,曾根崎新地,2丁目,4番,,,,,,,,,,水土,,,,,,,,,,,,,金,,,,,,,,,,,,,,,,火,,,,,,,,,,,,,,,,,,,,,,,,土,,,,
北区,曾根崎新地,2丁目,5番,21~32号,,,,,,,,,水土,,,,,,,,,,,,,金,,,,,,,,,,,,,,,,火,,,,,,,,,,,,,,,,,,,,,,,,土,,,,
北区,曾根崎新地,2丁目,5番,上記以外,,,水土,,,,,,,,,,,,,,,,,,,金,,,,,,,,,,,,,,,,火,,,,,,,,,,,,,,,,,,,,,,,,土,,,,
北区,曾根崎新地,2丁目,6番,,,,,,,,,,水土,,,,,,,,,,,,,金,,,,,,,,,,,,,,,,火,,,,,,,,,,,,,,,,,,,,,,,,土,,,,
北区,曾根崎新地,2丁目,7番,,,,,,,,,,,,,,,,,,,,,,,金,,,,,,,,,,,,,,,,火,,,,,,,,,,,,,,,,,,,,,,,,土,,,,
北区,太融寺町,1番,,,,,,,,,,,,,,,,,水土,,,,,,,金,,,,,,,,,,,,,,,,火,,,,,,,,,,,,,,,,,,,,,,,,,金,,,
北区,太融寺町,2番,,,,,,,,,,,,,,,,,水土,,,,,,,金,,,,,,,,,,,,,,,,火,,,,,,,,,,,,,,,,,,,,,,,,,金,,,
北区,太融寺町,3番,7号,,,,,,,,,,,,,,,,水土,,,,,,,金,,,,,,,,,,,,,,,,火,,,,,,,,,,,,,,,,,,,,,,,,,金,,,
北区,太融寺町,3番,上記以外,,,,水土,,,,,,,,,,,,,,,,,,,金,,,,,,,,,,,,,,,,火,,,,,,,,,,,,,,,,,,,,,,,,,金,,,
北区,太融寺町,4番,,,,,,,,,,,,,,,,,水土,,,,,,,金,,,,,,,,,,,,,,,,火,,,,,,,,,,,,,,,,,,,,,,,,,金,,,
北区,太融寺町,6番,,,,,,,,,,,,,,,,,水土,,,,,,,,金,,,,,,,,,,,,,,,,火,,,,,,,,,,,,,,,,,,,,,,,金,,,,
北区,太融寺町,7番,,,,,,,,,,,,,,,,,水土,,,,,,,金,,,,,,,,,,,,,,,,火,,,,,,,,,,,,,,,,,,,,,,,,,金,,,
北区,太融寺町,8番,,,,,,,,,,,,,,,,,水土,,,,,,,,金,,,,,,,,,,,,,,,,火,,,,,,,,,,,,,,,,,,,,,,,金,,,,
北区,茶屋町,1番,,,,,,,,,,,,,,,,,,,,,,,,金,,,,,,,,,,,,,,,,火,,,,,,,,,,,,,,,,,,,,,,,,,金,,,
北区,茶屋町,2番,9･30号,,,,,,,月木,,,,,,,,,,,,,,,,金,,,,,,,,,,,,,,,,火,,,,,,,,,,,,,,,,,,,,,,,,,金,,,
北区,茶屋町,2番,上記以外,,,,月木,,,,,,,,,,,,,,,,,,,金,,,,,,,,,,,,,,,,火,,,,,,,,,,,,,,,,,,,,,,,,,金,,,
北区,茶屋町,3番,12号,,,,,,,月木,,,,,,,,,,,,,,,,金,,,,,,,,,,,,,,,,火,,,,,,,,,,,,,,,,,,,,,,,,,金,,,
北区,茶屋町,3番,上記以外,,,,月木,,,,,,,,,,,,,,,,,,,金,,,,,,,,,,,,,,,,火,,,,,,,,,,,,,,,,,,,,,,,,,金,,,
北区,茶屋町,5番,,,,,,,,月木,,,,,,,,,,,,,,,,金,,,,,,,,,,,,,,,,火,,,,,,,,,,,,,,,,,,,,,,,,,金,,,
北区,茶屋町,6番,,,,,,,,月木,,,,,,,,,,,,,,,,金,,,,,,,,,,,,,,,,火,,,,,,,,,,,,,,,,,,,,,,,,,金,,,
北区,茶屋町,7番,,,,,,,,,,,,,,,,,,,,,,,,金,,,,,,,,,,,,,,,,火,,,,,,,,,,,,,,,,,,,,,,,,,金,,,
北区,茶屋町,8番,,,,,,,,月木,,,,,,,,,,,,,,,,金,,,,,,,,,,,,,,,,火,,,,,,,,,,,,,,,,,,,,,,,,,金,,,
北区,茶屋町,10番,,,,,,,,,,,,,,,,,,,,,,,,金,,,,,,,,,,,,,,,,火,,,,,,,,,,,,,,,,,,,,,,,,,金,,,
北区,茶屋町,12番,,,,,,,,月木,,,,,,,,,,,,,,,,金,,,,,,,,,,,,,,,,火,,,,,,,,,,,,,,,,,,,,,,,,,金,,,
北区,茶屋町,13番,,,,,,,,,,,,,,,,,,,,,,,,金,,,,,,,,,,,,,,,,火,,,,,,,,,,,,,,,,,,,,,,,,,金,,,
北区,茶屋町,14番,,,,,,,,月木,,,,,,,,,,,,,,,,金,,,,,,,,,,,,,,,,火,,,,,,,,,,,,,,,,,,,,,,,,,金,,,
北区,茶屋町,15番,7号,,,,,,,月木,,,,,,,,,,,,,,,,金,,,,,,,,,,,,,,,,火,,,,,,,,,,,,,,,,,,,,,,,,,金,,,
北区,茶屋町,15番,上記以外,,,,月木,,,,,,,,,,,,,,,,,,,金,,,,,,,,,,,,,,,,火,,,,,,,,,,,,,,,,,,,,,,,,,金,,,
北区,茶屋町,16番,,,,,,,,,,,,,,,,,,,,,,,,金,,,,,,,,,,,,,,,,火,,,,,,,,,,,,,,,,,,,,,,,,,金,,,
北区,茶屋町,17番,,,,,,,,,,,,,,,,,,,,,,,,金,,,,,,,,,,,,,,,,火,,,,,,,,,,,,,,,,,,,,,,,,,金,,,
北区,茶屋町,18番,,,,,,,,,,,,,,,,,,,,,,,,金,,,,,,,,,,,,,,,,火,,,,,,,,,,,,,,,,,,,,,,,,,金,,,
北区,茶屋町,19番,,,,,,,,,,,,,,,,,,,,,,,,金,,,,,,,,,,,,,,,,火,,,,,,,,,,,,,,,,,,,,,,,,金,,,,
北区,鶴野町,1番,,,,,,,,月木,,,,,,,,,,,,,,,,金,,,,,,,,,,,,,,,,火,,,,,,,,,,,,,,,,,,,,,,,,,金,,,
北区,鶴野町,2番,25号,セイワパレス,,,,,,,,,,,,,,,月木,,,,,,,,,,,,,,,金,,,,,,,,,,,,,,,,火,,,,,,,,,,,,,,,,,金,,,
北区,鶴野町,2番,1･29~31号,,,,,,,水土,,,,,,,,,,,,,,,,,,,,,,,,金,,,,,,,,,,,,,,,,火,,,,,,,,,,,,,,,,,金,,,
北区,鶴野町,2番,上記以外,,,,月木,,,,,,,,,,,,,,,,,,,,,,,,,,,金,,,,,,,,,,,,,,,,火,,,,,,,,,,,,,,,,,金,,,
北区,鶴野町,3番,17~23号,,,,,,,月木,,,,,,,,,,,,,,,,,,,,,,,金,,,,,,,,,,,,,,,,火,,,,,,,,,,,,,,,,,,金,,,
北区,鶴野町,3番,9号,ザ・梅田タワー,,,,,,,,,,,,,,,月木,,,,,,,,,,,,,,金,,,,,,,,,,,,,,,,火,,,,,,,,,,,,,,,,,,金,,,
北区,鶴野町,3番,上記以外,,,,月木,,,,,,,,,,,,,,,,,,,,,,,,,,金,,,,,,,,,,,,,,,,火,,,,,,,,,,,,,,,,,,金,,,
北区,鶴野町,4番,,,,,,,,月木,,,,,,,,,,,,,,,,,,,,,,,,金,,,,,,,,,,,,,,,,火,,,,,,,,,,金,,,,,,,,,,
北区,天神西町,1番,,,,,,,,,,,,,,,,,,,,,,,,金,,,,,,,,,,,,,,,,火,,,,,,,,,,,,,,,,,,,,,,,,,,,,
北区,天神西町,2番,,,,,,,,水土,,,,,,,,,,,,,,,,,金,,,,,,,,,,,,,,,,火,,,,,,,,,,,,,,,,,,,,,,,,,,,
北区,天神西町,3番,,,,,,,,水土,,,,,,,,,,,,,,,,金,,,,,,,,,,,,,,,,火,,,,,,,,,,,,,,,,,,,,,,,,,,,,
北区,天神西町,4番,,,,,,,,水土,,,,,,,,,,,,,,,,金,,,,,,,,,,,,,,,,火,,,,,,,,,,,,,,,,,,,,,,,,,,,,
北区,天神西町,5番,,,,,,,,水土,,,,,,,,,,,,,,,,,金,,,,,,,,,,,,,,,,火,,,,,,,,,,,,,,,,,,,,,,,,,,,
北区,天神西町,6番,,,,,,,,水土,,,,,,,,,,,,,,,,金,,,,,,,,,,,,,,,,火,,,,,,,,,,,,,,,,,,,,,,,,,,,,
北区,天神西町,7番,,,,,,,,水土,,,,,,,,,,,,,,,,金,,,,,,,,,,,,,,,,火,,,,,,,,,,,,,,,,,,,,,,,,,,,,
北区,天神西町,8番,4~17号,,,,,,,水土,,,,,,,,,,,,,,,,金,,,,,,,,,,,,,,,,火,,,,,,,,,,,,,,,,,,,,,,,,,,,,
北区,天神西町,8番,上記以外,,,,水土,,,,,,,,,,,,,,,,,,,金,,,,,,,,,,,,,,,,火,,,,,,,,,,,,,,,,,,,,,,,,,,,,
北区,天神橋,1丁目,1番,7~13号,,,,,,,,,火金,,,,,,,,,,,,,木,,,,,,,,,,,,,,,,月,,,,,,,,,,,,,,,,,,,,,,,,,,,,
北区,天神橋,1丁目,1番,上記以外,,,火金,,,,,,,,,,,,,,,,,,,木,,,,,,,,,,,,,,,,月,,,,,,,,,,,,,,,,,,,,,,,,,,,,
北区,天神橋,1丁目,2番,,,,,,,,,,火金,,,,,,,,,,,,,木,,,,,,,,,,,,,,,,月,,,,,,,,,,,,,,,,,,,,,,,,,,,,
北区,天神橋,1丁目,3番,,,,,,,,,,火金,,,,,,,,,,,,,木,,,,,,,,,,,,,,,,月,,,,,,,,,,,,,,,,,,,,,,,,,,,,
北区,天神橋,1丁目,4番,,,,,,,,,,火金,,,,,,,,,,,,,木,,,,,,,,,,,,,,,,月,,,,,,,,,,,,,,,,,,,,,,,,,,,,
北区,天神橋,1丁目,5番,,,,,,,,,,火金,,,,,,,,,,,,,木,,,,,,,,,,,,,,,,月,,,,,,,,,,,,,,,,,,,,,,,,,,,,
北区,天神橋,1丁目,6番,,,,,,,,,,火金,,,,,,,,,,,,,木,,,,,,,,,,,,,,,,月,,,,,,,,,,,,,,,,,,,,,,,,,,,,
北区,天神橋,1丁目,7番,7~10号,,,,,,,,,火金,,,,,,,,,,,,,木,,,,,,,,,,,,,,,,月,,,,,,,,,,,,,,,,,,,,,,,,,,,,
北区,天神橋,1丁目,7番,上記以外,,,火金,,,,,,,,,,,,,,,,,,,木,,,,,,,,,,,,,,,,月,,,,,,,,,,,,,,,,,,,,,,,,,,,,
北区,天神橋,1丁目,8番,,,,,,,,,,火金,,,,,,,,,,,,,木,,,,,,,,,,,,,,,,月,,,,,,,,,,,,,,,,,,,,,,,,,,,,
北区,天神橋,1丁目,9番,,,,,,,,,,火金,,,,,,,,,,,,,木,,,,,,,,,,,,,,,,月,,,,,,,,,,,,,,,,,,,,,,,,,,,,
北区,天神橋,1丁目,10番,,,,,,,,,,火金,,,,,,,,,,,,,木,,,,,,,,,,,,,,,,月,,,,,,,,,,,,,,,,,,,,,,,,,,,,
北区,天神橋,1丁目,11番,,,,,,,,,,火金,,,,,,,,,,,,,木,,,,,,,,,,,,,,,,月,,,,,,,,,,,,,,,,,,,,,,,,,,,,
北区,天神橋,1丁目,12番,,,,,,,,,,火金,,,,,,,,,,,,,木,,,,,,,,,,,,,,,,月,,,,,,,,,,,,,,,,,,,,,,,,,,,,
北区,天神橋,1丁目,13番,14~17号,,,,,,火金,,,,,,,,,,,,,,,,木,,,,,,,,,,,,,,,,月,,,,,,,,,,,,,,,,,,,,,,,,,,,,
北区,天神橋,1丁目,13番,3～12・20～24,,,,,,,,,火金,,,,,,,,,,,,,木,,,,,,,,,,,,,,,,月,,,,,,,,,,,,,,,,,,,,,,,,,,,,
北区,天神橋,1丁目,14番,,,,,,,,,,火金,,,,,,,,,,,,,木,,,,,,,,,,,,,,,,月,,,,,,,,,,,,,,,,,,,,,,,,,,,,
北区,天神橋,1丁目,15番,4~17号,,,,,,,,,火金,,,,,,,,,,,,,木,,,,,,,,,,,,,,,,月,,,,,,,,,,,,,,,,,,,,,,,,,,,,
北区,天神橋,1丁目,15番,上記以外,,,火金,,,,,,,,,,,,,,,,,,,木,,,,,,,,,,,,,,,,月,,,,,,,,,,,,,,,,,,,,,,,,,,,,
北区,天神橋,1丁目,16番,,,,,,,火金,,,,,,,,,,,,,,,,木,,,,,,,,,,,,,,,,月,,,,,,,,,,,,,,,,,,,,,,,,,,,,
北区,天神橋,1丁目,17番,,,,,,,火金,,,,,,,,,,,,,,,,木,,,,,,,,,,,,,,,,月,,,,,,,,,,,,,,,,,,,,,,,,,,,,
北区,天神橋,1丁目,18番,,,,,,,火金,,,,,,,,,,,,,,,,木,,,,,,,,,,,,,,,,月,,,,,,,,,,,,,,,,,,,,,,,,,,,,
北区,天神橋,1丁目,19番,15~17号,,,,,,火金,,,,,,,,,,,,,,,,木,,,,,,,,,,,,,,,,月,,,,,,,,,,,,,,,,,,,,,,,,,,,,
北区,天神橋,1丁目,19番,1~4号,,,,,,,,,火金,,,,,,,,,,,,,木,,,,,,,,,,,,,,,,月,,,,,,,,,,,,,,,,,,,,,,,,,,,,
北区,天神橋,1丁目,19番,上記以外,,,火金,,,,,,,,,,,,,,,,,,,木,,,,,,,,,,,,,,,,月,,,,,,,,,,,,,,,,,,,,,,,,,,,,
北区,天神橋,1丁目,20番,1・13~17号,,,,,,火金,,,,,,,,,,,,,,,,木,,,,,,,,,,,,,,,,月,,,,,,,,,,,,,,,,,,,,,,,,,,,,
北区,天神橋,1丁目,20番,上記以外,,,火金,,,,,,,,,,,,,,,,,,,木,,,,,,,,,,,,,,,,月,,,,,,,,,,,,,,,,,,,,,,,,,,,,
北区,天神橋,2丁目,1番,,,,,,,火金,,,,,,,,,,,,,,,,木,,,,,,,,,,,,,,,,月,,,,,,,,,,,,,,,,,,,,,,,,,,,,
北区,天神橋,2丁目,2番,20～28号,,,,,,火金,,,,,,,,,,,,,,,,木,,,,,,,,,,,,,,,,月,,,,,,,,,,,,,,,,,,,,,,,,,,,,
北区,天神橋,2丁目,2番,6～14号,,,,,,,,,火金,,,,,,,,,,,,,木,,,,,,,,,,,,,,,,月,,,,,,,,,,,,,,,,,,,,,,,,,,,,
北区,天神橋,2丁目,2番,上記以外,,,火金,,,,,,,,,,,,,,,,,,,木,,,,,,,,,,,,,,,,月,,,,,,,,,,,,,,,,,,,,,,,,,,,,
北区,天神橋,2丁目,3番,1・19～27号,,,,,,火金,,,,,,,,,,,,,,,,木,,,,,,,,,,,,,,,,月,,,,,,,,,,,,,,,,,,,,,,,,,,,,
北区,天神橋,2丁目,3番,10号,,,,,,,,,火金,,,,,,,,,,,,,木,,,,,,,,,,,,,,,,月,,,,,,,,,,,,,,,,,,,,,,,,,,,,
北区,天神橋,2丁目,3番,上記以外,,,火金,,,,,,,,,,,,,,,,,,,木,,,,,,,,,,,,,,,,月,,,,,,,,,,,,,,,,,,,,,,,,,,,,
北区,天神橋,2丁目,4番,,,,,,,火金,,,,,,,,,,,,,,,,木,,,,,,,,,,,,,,,,月,,,,,,,,,,,,,,,,,,,,,,,,,,,,
北区,天神橋,2丁目,5番,1～18・31～34号,,,,,,火金,,,,,,,,,,,,,,,,木,,,,,,,,,,,,,,,,月,,,,,,,,,,,,,,,,,,,,,,,,,,,,
北区,天神橋,2丁目,5番,20～29号,,,,,,,,,火金,,,,,,,,,,,,,木,,,,,,,,,,,,,,,,月,,,,,,,,,,,,,,,,,,,,,,,,,,,,
北区,天神橋,2丁目,北１,1～16号,,,,,,火金,,,,,,,,,,,,,,,,,,,,,,,,,,,,,,,,,,,,,,,,,,,,,,,,,,,,,,,,,,,,
北区,天神橋,2丁目,北１,23～30号,,,,,,火金,,,,,,,,,,,,,,,,,,,,,,,,,,,,,,,,,,,,,,,,,,,,,,,,,,,,,,,,,,,,
北区,天神橋,2丁目,北１,上記以外,,,,,,火金,,,,,,,,,,,,,,,,,,,,,,,,,,,,,,,,,,,,,,,,,,,,,,,,,,,,,,,,,,,,
北区,天神橋,2丁目,北２,20～26号,,,,,,火金,,,,,,,,,,,,,,,,,,,,,,,,,,,,,,,,,,,,,,,,,,,,,,,,,,,,,,,,,,,,
北区,天神橋,2丁目,北２,上記以外,,,火金,,,,,,,,,,,,,,,,,,,,,,,,,,,,,,,,,,,,,,,,,,,,,,,,,,,,,,,,,,,,,,,
北区,天神橋,3丁目,1番,6~28号,,,,,,火金,,,,,,,,,,,,,,,,木,,,,,,,,,,,,,,,,月,,,,,,,,,,,,,,,,,,,,,,,,,,,,
北区,天神橋,3丁目,1番,41~44号,,,,,,火金,,,,,,,,,,,,,,,,木,,,,,,,,,,,,,,,,月,,,,,,,,,,,,,,,,,,,,,,,,,,,,
北区,天神橋,3丁目,1番,34~39号,,,,,,,,,,,,,,,火金,,,,,,,木,,,,,,,,,,,,,,,,月,,,,,,,,,,,,,,,,,,,,,,,,,,,,
北区,天神橋,3丁目,1番,上記以外,,,火金,,,,,,,,,,,,,,,,,,,,,,,,,,,,木,,,,,,,,,,,,,,,,月,,,,,,,,,,,,,,,,,,,
北区,天神橋,3丁目,2番,5~37号,,,,,,火金,,,,,,,,,,,,,,,,木,,,,,,,,,,,,,,,,月,,,,,,,,,,,,,,,,,,,,,,,,,,,,
北区,天神橋,3丁目,2番,上記以外,,,火金,,,,,,,,,,,,,,,,,,,木,,,,,,,,,,,,,,,,月,,,,,,,,,,,,,,,,,,,,,,,,,,,,
北区,天神橋,3丁目,3番,,,,,,,火金,,,,,,,,,,,,,,,,木,,,,,,,,,,,,,,,,月,,,,,,,,,,,,,,,,,,,,,,,,,,,,
北区,天神橋,3丁目,4番,,,,,,,火金,,,,,,,,,,,,,,,,木,,,,,,,,,,,,,,,,月,,,,,,,,,,,,,,,,,,,,,,,,,,,,
北区,天神橋,3丁目,5番,,,,,,,火金,,,,,,,,,,,,,,,,木,,,,,,,,,,,,,,,,月,,,,,,,,,,,,,,,,,,,,,,,,,,,,
北区,天神橋,3丁目,6番,,,,,,,火金,,,,,,,,,,,,,,,,木,,,,,,,,,,,,,,,,月,,,,,,,,,,,,,,,,,,,,,,,,,,,,
北区,天神橋,3丁目,7番,,,,,,,火金,,,,,,,,,,,,,,,,木,,,,,,,,,,,,,,,,月,,,,,,,,,,,,,,,,,,,,,,,,,,,,
北区,天神橋,3丁目,8番,,,,,,,火金,,,,,,,,,,,,,,,,木,,,,,,,,,,,,,,,,月,,,,,,,,,,,,,,,,,,,,,,,,,,,,
北区,天神橋,3丁目,9番,1~20号,,,,,,火金,,,,,,,,,,,,,,,,木,,,,,,,,,,,,,,,,月,,,,,,,,,,,,,,,,,,,,,,,,,,,,
北区,天神橋,3丁目,9番,上記以外,,,火金,,,,,,,,,,,,,,,,,,,木,,,,,,,,,,,,,,,,月,,,,,,,,,,,,,,,,,,,,,,,,,,,,
北区,天神橋,3丁目,10番,4･14~20号,,,,,,火金,,,,,,,,,,,,,,,,木,,,,,,,,,,,,,,,,月,,,,,,,,,,,,,,,,,,,,,,,,,,,,
北区,天神橋,3丁目,10番,上記以外,,,火金,,,,,,,,,,,,,,,,,,,木,,,,,,,,,,,,,,,,月,,,,,,,,,,,,,,,,,,,,,,,,,,,,
北区,天神橋,3丁目,11番,,,,,,,火金,,,,,,,,,,,,,,,,木,,,,,,,,,,,,,,,,月,,,,,,,,,,,,,,,,,,,,,,,,,,,,
北区,天神橋,4丁目,1番,,,,,,,火金,,,,,,,,,,,,,,,,木,,,,,,,,,,,,,,,,月,,,,,,,,,,,,,,,,木,,,,,,,,,,,,
北区,天神橋,4丁目,2番,,,,,,,火金,,,,,,,,,,,,,,,,木,,,,,,,,,,,,,,,,月,,,,,,,,,,,,,,,,木,,,,,,,,,,,,
北区,天神橋,4丁目,3番,,,,,,,火金,,,,,,,,,,,,,,,,木,,,,,,,,,,,,,,,,月,,,,,,,,,,,,,,,,木,,,,,,,,,,,,
北区,天神橋,4丁目,4番,10･23号,,,,,,火金,,,,,,,,,,,,,,,,木,,,,,,,,,,,,,,,,月,,,,,,,,,,,,,,,,木,,,,,,,,,,,,
北区,天神橋,4丁目,5番,1~2･7号,,,,,,火金,,,,,,,,,,,,,,,,木,,,,,,,,,,,,,,,,月,,,,,,,,,,,,,,,,木,,,,,,,,,,,,
北区,天神橋,4丁目,6番,,,,,,,火金,,,,,,,,,,,,,,,,木,,,,,,,,,,,,,,,,月,,,,,,,,,,,,,,,,木,,,,,,,,,,,,
北区,天神橋,4丁目,7番,,,,,,,火金,,,,,,,,,,,,,,,,,木,,,,,,,,,,,,,,,,月,,,,,,,,,,,,,,,木,,,,,,,,,,,,
北区,天神橋,4丁目,8番,11~15･19号,,,,,,火金,,,,,,,,,,,,,,,,木,,,,,,,,,,,,,,,,月,,,,,,,,,,,,,,,,木,,,,,,,,,,,,
北区,天神橋,4丁目,9番,,,,,,,火金,,,,,,,,,,,,,,,,木,,,,,,,,,,,,,,,,月,,,,,,,,,,,,,,,,木,,,,,,,,,,,,
北区,天神橋,4丁目,10番,,,,,,,火金,,,,,,,,,,,,,,,,木,,,,,,,,,,,,,,,,月,,,,,,,,,,,,,,,,木,,,,,,,,,,,,
北区,天神橋,4丁目,11番,,,,,,,火金,,,,,,,,,,,,,,,,木,,,,,,,,,,,,,,,,月,,,,,,,,,,,,,,,,木,,,,,,,,,,,,
北区,天神橋,5丁目,2番,,,,,,,火金,,,,,,,,,,,,,,,,木,,,,,,,,,,,,,,,,月,,,,,,,,,,,,,,,,木,,,,,,,,,,,,
北区,天神橋,5丁目,3番,,,,,,,火金,,,,,,,,,,,,,,,,木,,,,,,,,,,,,,,,,月,,,,,,,,,,,,,,,,木,,,,,,,,,,,,
北区,天神橋,5丁目,4番,,,,,,,火金,,,,,,,,,,,,,,,,木,,,,,,,,,,,,,,,,月,,,,,,,,,,,,,,,,木,,,,,,,,,,,,
北区,天神橋,5丁目,5番,17~32号,,,,,,火金,,,,,,,,,,,,,,,,木,,,,,,,,,,,,,,,,月,,,,,,,,,,,,,,,,木,,,,,,,,,,,,
北区,天神橋,5丁目,5番,上記以外,,,火金,,,,,,,,,,,,,,,,,,,木,,,,,,,,,,,,,,,,月,,,,,,,,,,,,,,,,木,,,,,,,,,,,,
北区,天神橋,5丁目,6番,25号,,,,,,火金,,,,,,,,,,,,,,,,木,,,,,,,,,,,,,,,,月,,,,,,,,,,,,,,,,木,,,,,,,,,,,,
北区,天神橋,5丁目,6番,上記以外,,,火金,,,,,,,,,,,,,,,,,,,木,,,,,,,,,,,,,,,,月,,,,,,,,,,,,,,,,木,,,,,,,,,,,,
北区,天神橋,5丁目,7番,,,,火金,,,,,,,,,,,,,,,,,,,木,,,,,,,,,,,,,,,,月,,,,,,,,,,,,,,,,木,,,,,,,,,,,,
北区,天神橋,5丁目,8番,3~14号,,,,,,火金,,,,,,,,,,,,,,,,木,,,,,,,,,,,,,,,,月,,,,,,,,,,,,,,,,木,,,,,,,,,,,,
北区,天神橋,5丁目,8番,上記以外,,,火金,,,,,,,,,,,,,,,,,,,木,,,,,,,,,,,,,,,,月,,,,,,,,,,,,,,,,木,,,,,,,,,,,,
北区,天神橋,6丁目,1番,,,,,,,火金,,,,,,,,,,,,,,,,,木,,,,,,,,,,,,,,,,月,,,,,,,,,,,,,,,木,,,,,,,,,,,,
北区,天神橋,6丁目,2番,,,,,,,火金,,,,,,,,,,,,,,,,,木,,,,,,,,,,,,,,,,月,,,,,,,,,,,,,,,木,,,,,,,,,,,,
北区,天神橋,6丁目,3番,,,,,,,火金,,,,,,,,,,,,,,,,木,,,,,,,,,,,,,,,,月,,,,,,,,,,,,,,,,木,,,,,,,,,,,,
北区,天神橋,6丁目,4番,,,,,,,,,,,,,,,,,,,,,,,木,,,,,,,,,,,,,,,,月,,,,,,,,,,,,,,,,木,,,,,,,,,,,,
北区,天神橋,6丁目,5番,1･18~34号,,,,,,火金,,,,,,,,,,,,,,,,木,,,,,,,,,,,,,,,,月,,,,,,,,,,,,,,,,木,,,,,,,,,,,,
北区,天神橋,6丁目,5番,上記以外,,,火金,,,,,,,,,,,,,,,,,,,木,,,,,,,,,,,,,,,,月,,,,,,,,,,,,,,,,木,,,,,,,,,,,,
北区,天神橋,6丁目,6番,6~12号,,,,,,火金,,,,,,,,,,,,,,,,木,,,,,,,,,,,,,,,,月,,,,,,,,,,,,,,,,木,,,,,,,,,,,,
北区,天神橋,6丁目,6番,上記以外,,,火金,,,,,,,,,,,,,,,,,,,木,,,,,,,,,,,,,,,,月,,,,,,,,,,,,,,,,木,,,,,,,,,,,,
北区,天神橋,6丁目,7番,,,,,,,,,,,,,,,,,,,,,,,木,,,,,,,,,,,,,,,,月,,,,,,,,,,,,,,,,木,,,,,,,,,,,,
北区,天神橋,7丁目,1番,16号,ジオタワー天六,,,,,,,,,,,,,,火金,,,,,,,,,,,,,,,,,,木,,,,,,,,,,,,,,,,月,,,,,,,,,,,,,,,,,
北区,天神橋,7丁目,1番,上記以外,,,火金,,,,,,,,,,,,,,,,,,,,,,,,,,,,,,木,,,,,,,,,,,,,,,,月,,,,,,,,,,,,,,,,,
北区,天神橋,7丁目,2番,5~7号,,,,,,,,,,,,,,,火金,,,,,,,,,,,,,,,,,,木,,,,,,,,,,,,,,,,月,,,,,,,,,,,,,,,,,
北区,天神橋,7丁目,2番,上記以外,,,火金,,,,,,,,,,,,,,,,,,,,,,,,,,,,,,木,,,,,,,,,,,,,,,,月,,,,,,,,,,,,,,,,,
北区,天神橋,7丁目,3番,,,,,,,,,,,,,,,,,,,,,,,,,,,,,,,,,,木,,,,,,,,,,,,,,,,月,,,,,,,,,,,,,,,,,
北区,天神橋,7丁目,4番,2号,,,,,,,,火金,,,,,,,,,,,,,,,,,,,,,木,,,,,,,,,,,,,,,,月,,,,,,,,,,,,,,,,,,,,,
北区,天神橋,7丁目,4番,上記以外,,,,,,,,,火金,,,,,,,,,,,,,,,,,,,,木,,,,,,,,,,,,,,,,月,,,,,,,,,,,,,,,,,,,,,
北区,天神橋,7丁目,5番,,,,,,,,,,,,,,,,,,,,,,,,,,,,,,,,木,,,,,,,,,,,,,,,,月,,,,,,,,,,,,,,,,,,,
北区,天神橋,7丁目,6番,19.23号,,,,,,,,,,,,,,,火金,,,,,,,,,,,,,,,,木,,,,,,,,,,,,,,,,月,,,,,,,,,,,,,,,,,,,
北区,天神橋,7丁目,6番,上記以外,,,火金,,,,,,,,,,,,,,,,,,,,,,,,,,,,木,,,,,,,,,,,,,,,,月,,,,,,,,,,,,,,,,,,,
北区,天神橋,7丁目,7番,,,,,,,,,,,,,,,,火金,,,,,,,,,,,,,,,,,,木,,,,,,,,,,,,,,,,月,,,,,,,,,,,,,,,,,
北区,天神橋,7丁目,8番,,,,,,,,,,,,,,,,,,,,,,,,,,,,,,,,木,,,,,,,,,,,,,,,,月,,,,,,,,,,,,,,,,,,,
北区,天神橋,7丁目,10番,,,,,,,,,,,,,,,,火金,,,,,,,,,,,,,,,木,,,,,,,,,,,,,,,,月,,,,,,,,,,,,,,,,,,,,
北区,天神橋,7丁目,11番,,,,,,,,,,,,,,,,火金,,,,,,,,,,,,,,,,,木,,,,,,,,,,,,,,,,月,,,,,,,,,,,,,,,,,,
北区,天神橋,7丁目,12番,,,,,,,,,,,,,,,,火金,,,,,,,,,,,,,,,,,,木,,,,,,,,,,,,,,,,月,,,,,,,,,,,,,,,,,
北区,天神橋,7丁目,13番,,,,,,,,,,,,,,,,火金,,,,,,,,,,,,,,,,木,,,,,,,,,,,,,,,,月,,,,,,,,,,,,,,,,,,,
北区,天神橋,7丁目,14番,,,,,,,,,,,,,,,,火金,,,,,,,,,,,,,,,木,,,,,,,,,,,,,,,,月,,,,,,,,,,,,,,,,,,,,
北区,天神橋,7丁目,15番,1･11~13号,,,,,,,,,,,,,,,火金,,,,,,,,,,,,,,,,,,木,,,,,,,,,,,,,,,,月,,,,,,,,,,,,,,,,,
北区,天神橋,7丁目,15番,上記以外,,,火金,,,,,,,,,,,,,,,,,,,,,,,,,,,,,,木,,,,,,,,,,,,,,,,月,,,,,,,,,,,,,,,,,
北区,天神橋,8丁目,1番,4号,,,,,,,,,,,,,,,月木,,,,,,,土,,,,,,,,,,,,,,,,水,,,,,,,,,,,,,,,,,,,,,,,,,,,,
北区,天神橋,8丁目,1番,上記以外,,,月木,,,,,,,,,,,,,,,,,,,土,,,,,,,,,,,,,,,,水,,,,,,,,,,,,,,,,,,,,,,,,,,,,
北区,天神橋,8丁目,2番,9~12号,,,,,,,,,,,,,,,月木,,,,,,,土,,,,,,,,,,,,,,,,水,,,,,,,,,,,,,,,,,,,,,,,,,,,,
北区,天神橋,8丁目,2番,上記以外,,,月木,,,,,,,,,,,,,,,,,,,土,,,,,,,,,,,,,,,,水,,,,,,,,,,,,,,,,,,,,,,,,,,,,
北区,天神橋,8丁目,3番,,,,,,,,,,,,,,,,月木,,,,,,,土,,,,,,,,,,,,,,,,水,,,,,,,,,,,,,,,,,,,,,,,,,,,,
北区,天神橋,8丁目,4番,,,,,,,,,,,,,,,,月木,,,,,,,土,,,,,,,,,,,,,,,,水,,,,,,,,,,,,,,,,,,,,,,,,,,,,
北区,天神橋,8丁目,5番,,,,,,,,,,,,,,,,月木,,,,,,,土,,,,,,,,,,,,,,,,水,,,,,,,,,,,,,,,,,,,,,,,,,,,,
北区,天神橋,8丁目,6番,,,,,,,,,,,,,,,,月木,,,,,,,土,,,,,,,,,,,,,,,,水,,,,,,,,,,,,,,,,,,,,,,,,,,,,
北区,天神橋,8丁目,7番,,,,,,,,,,,,,,,,月木,,,,,,,土,,,,,,,,,,,,,,,,水,,,,,,,,,,,,,,,,,,,,,,,,,,,,
北区,天神橋,8丁目,8番,11号,,,,,,,,,,,,,,,月木,,,,,,,土,,,,,,,,,,,,,,,,水,,,,,,,,,,,,,,,,,,,,,,,,,,,,
北区,天神橋,8丁目,8番,上記以外,,,月木,,,,,,,,,,,,,,,,,,,土,,,,,,,,,,,,,,,,水,,,,,,,,,,,,,,,,,,,,,,,,,,,,
北区,天神橋,8丁目,9番,,,,,,,,,,,,,,,,月木,,,,,,,土,,,,,,,,,,,,,,,,水,,,,,,,,,,,,,,,,,,,,,,,,,,,,
北区,天神橋,8丁目,10番,5~22号,,,,,,,,,,,,,,,月木,,,,,,,土,,,,,,,,,,,,,,,,水,,,,,,,,,,,,,,,,,,,,,,,,,,,,
北区,天神橋,8丁目,10番,上記以外,,,月木,,,,,,,,,,,,,,,,,,,土,,,,,,,,,,,,,,,,水,,,,,,,,,,,,,,,,,,,,,,,,,,,,
北区,天神橋,8丁目,11番,,,,,,,,,,,,,,,,月木,,,,,,,土,,,,,,,,,,,,,,,,水,,,,,,,,,,,,,,,,,,,,,,,,,,,,
北区,天神橋,8丁目,12番,,,,,,,,,,,,,,,,月木,,,,,,,土,,,,,,,,,,,,,,,,水,,,,,,,,,,,,,,,,,,,,,,,,,,,,
北区,天神橋,8丁目,13番,2~4･17~25号,,,,,,,,,,,,,,,月木,,,,,,,土,,,,,,,,,,,,,,,,水,,,,,,,,,,,,,,,,,,,,,,,,,,,,
北区,天神橋,8丁目,13番,上記以外,,,月木,,,,,,,,,,,,,,,,,,,土,,,,,,,,,,,,,,,,水,,,,,,,,,,,,,,,,,,,,,,,,,,,,
北区,天神橋,8丁目,14番,,,,,,,,,,,,,,,,月木,,,,,,,土,,,,,,,,,,,,,,,,水,,,,,,,,,,,,,,,,,,,,,,,,,,,,
北区,天神橋,8丁目,15番,,,,,,,,,,,,,,,,,,,,,,,土,,,,,,,,,,,,,,,,水,,,,,,,,,,,,,,,,,,,,,,,,,,,,
北区,天満,1丁目,1番,1~10号,,,,,,火金,,,,,,,,,,,,,,,,,,,,,,,木,,,,,,,,,,,,,,,,月,,,,,,,,,,,,,,,,,,,,,
北区,天満,1丁目,2番,,,,,,,火金,,,,,,,,,,,,,,,,,,,,,,,木,,,,,,,,,,,,,,,,月,,,,,,,,,,,,,,,,,,,,,
北区,天満,1丁目,3番,,,,,,,火金,,,,,,,,,,,,,,,,,,,,,,,木,,,,,,,,,,,,,,,,月,,,,,,,,,,,,,,,,,,,,,
北区,天満,1丁目,4番,,,,,,,火金,,,,,,,,,,,,,,,,,,,,,,,木,,,,,,,,,,,,,,,,月,,,,,,,,,,,,,,,,,,,,,
北区,天満,1丁目,5番,,,,,,,火金,,,,,,,,,,,,,,,,,,,,,,,木,,,,,,,,,,,,,,,,月,,,,,,,,,,,,,,,,,,,,,
北区,天満,1丁目,6番,,,,,,,火金,,,,,,,,,,,,,,,,,,,,,,木,,,,,,,,,,,,,,,,月,,,,,,,,,,,,,,,,,,,,,,
北区,天満,1丁目,7番,,,,,,,火金,,,,,,,,,,,,,,,,,,,,,,,木,,,,,,,,,,,,,,,,月,,,,,,,,,,,,,,,,,,,,,
北区,天満,1丁目,8番,,,,,,,火金,,,,,,,,,,,,,,,,,,,,,,,木,,,,,,,,,,,,,,,,月,,,,,,,,,,,,,,,,,,,,,
北区,天満,1丁目,9番,,,,,,,火金,,,,,,,,,,,,,,,,,,,,,,,木,,,,,,,,,,,,,,,,月,,,,,,,,,,,,,,,,,,,,,
北区,天満,1丁目,10番,,,,,,,火金,,,,,,,,,,,,,,,,,,,,,,,木,,,,,,,,,,,,,,,,月,,,,,,,,,,,,,,,,,,,,,
北区,天満,1丁目,11番,,,,,,,火金,,,,,,,,,,,,,,,,,,,,,,,木,,,,,,,,,,,,,,,,月,,,,,,,,,,,,,,,,,,,,,
北区,天満,1丁目,12番,,,,,,,火金,,,,,,,,,,,,,,,,,,,,,,,木,,,,,,,,,,,,,,,,月,,,,,,,,,,,,,,,,,,,,,
北区,天満,1丁目,13番,,,,,,,火金,,,,,,,,,,,,,,,,,,木,,,,,,,,,,,,,,,,月,,,,,,,,,,,,,,,,,,,,,,,,,,
北区,天満,1丁目,14番,,,,,,,火金,,,,,,,,,,,,,,,,,,,,,,,木,,,,,,,,,,,,,,,,月,,,,,,,,,,,,,,,,,,,,,
北区,天満,1丁目,15番,,,,,,,火金,,,,,,,,,,,,,,,,,,,,,,,木,,,,,,,,,,,,,,,,月,,,,,,,,,,,,,,,,,,,,,
北区,天満,1丁目,16番,,,,,,,火金,,,,,,,,,,,,,,,,,,,,,,,木,,,,,,,,,,,,,,,,月,,,,,,,,,,,,,,,,,,,,,
北区,天満,1丁目,17番,,,,,,,火金,,,,,,,,,,,,,,,,,,木,,,,,,,,,,,,,,,,月,,,,,,,,,,,,,,,,,,,,,,,,,,
北区,天満,1丁目,18番,,,,,,,火金,,,,,,,,,,,,,,,,,,,,,,,木,,,,,,,,,,,,,,,,月,,,,,,,,,,,,,,,,,,,,,
北区,天満,1丁目,19番,,,,,,,火金,,,,,,,,,,,,,,,,,,,,,木,,,,,,,,,,,,,,,,月,,,,,,,,,,,,,,,,,,,,,,,
北区,天満,1丁目,20番,,,,,,,火金,,,,,,,,,,,,,,,,,,,,,木,,,,,,,,,,,,,,,,月,,,,,,,,,,,,,,,,,,,,,,,
北区,天満,1丁目,21番,,,,,,,火金,,,,,,,,,,,,,,,,,,,,,,木,,,,,,,,,,,,,,,,月,,,,,,,,,,,,,,,,,,,,,,
北区,天満,1丁目,22番,,,,,,,火金,,,,,,,,,,,,,,,,,,木,,,,,,,,,,,,,,,,月,,,,,,,,,,,,,,,,,,,,,,,,,,
北区,天満,1丁目,23番,,,,,,,,,,,,,,,,,,,,,,,,,木,,,,,,,,,,,,,,,,月,,,,,,,,,,,,,,,,,,,,,,,,,,
北区,天満,1丁目,24番,,,,,,,,,,,,,,,,,,,,,,,,,木,,,,,,,,,,,,,,,,月,,,,,,,,,,,,,,,,,,,,,,,,,,
北区,天満,1丁目,25番,2･5号,,,,,,火金,,,,,,,,,,,,,,,,,,木,,,,,,,,,,,,,,,,月,,,,,,,,,,,,,,,,,,,,,,,,,,
北区,天満,1丁目,25番,上記以外,,,火金,,,,,,,,,,,,,,,,,,,,,木,,,,,,,,,,,,,,,,月,,,,,,,,,,,,,,,,,,,,,,,,,,
北区,天満,1丁目,26番,,,,,,,火金,,,,,,,,,,,,,,,,,,,,,,木,,,,,,,,,,,,,,,,月,,,,,,,,,,,,,,,,,,,,,,
北区,天満,2丁目,1番,24~32号,,,,,,,,,火金,,,,,,,,,,,,,,,木,,,,,,,,,,,,,,,,月,,,,,,,,,,,,,,,,,,,,,,,,,,
北区,天満,2丁目,1番,上記以外,,,火金,,,,,,,,,,,,,,,,,,,,,木,,,,,,,,,,,,,,,,月,,,,,,,,,,,,,,,,,,,,,,,,,,
北区,天満,2丁目,2番,,,,,,,,,,火金,,,,,,,,,,,,,,木,,,,,,,,,,,,,,,,月,,,,,,,,,,,,,,,,,,,,,,,,,,,
北区,天満,2丁目,3番,,,,,,,,,,火金,,,,,,,,,,,,,,木,,,,,,,,,,,,,,,,月,,,,,,,,,,,,,,,,,,,,,,,,,,,
北区,天満,2丁目,4番,,,,,,,,,,火金,,,,,,,,,,,,,,木,,,,,,,,,,,,,,,,月,,,,,,,,,,,,,,,,,,,,,,,,,,,
北区,天満,2丁目,5番,,,,,,,火金,,,,,,,,,,,,,,,,,木,,,,,,,,,,,,,,,,月,,,,,,,,,,,,,,,,,,,,,,,,,,,
北区,天満,2丁目,6番,3号,,,,,,,,,火金,,,,,,,,,,,,,,木,,,,,,,,,,,,,,,,月,,,,,,,,,,,,,,,,,,,,,,,,,,,
北区,天満,2丁目,6番,上記以外,,,火金,,,,,,,,,,,,,,,,,,,,木,,,,,,,,,,,,,,,,月,,,,,,,,,,,,,,,,,,,,,,,,,,,
北区,天満,2丁目,7番,21~30号,,,,,,,,,火金,,,,,,,,,,,,,,,木,,,,,,,,,,,,,,,,月,,,,,,,,,,,,,,,,,,,,,,,,,,
北区,天満,2丁目,7番,上記以外,,,火金,,,,,,,,,,,,,,,,,,,,,木,,,,,,,,,,,,,,,,月,,,,,,,,,,,,,,,,,,,,,,,,,,
北区,天満,2丁目,8番,11~13号,,,,,,,,,火金,,,,,,,,,,,,,,,木,,,,,,,,,,,,,,,,月,,,,,,,,,,,,,,,,,,,,,,,,,,
北区,天満,2丁目,8番,上記以外,,,火金,,,,,,,,,,,,,,,,,,,,,木,,,,,,,,,,,,,,,,月,,,,,,,,,,,,,,,,,,,,,,,,,,
北区,天満,2丁目,9番,,,,,,,,,,火金,,,,,,,,,,,,,,木,,,,,,,,,,,,,,,,月,,,,,,,,,,,,,,,,,,,,,,,,,,,
北区,天満,2丁目,10番,,,,,,,,,,火金,,,,,,,,,,,,,,木,,,,,,,,,,,,,,,,月,,,,,,,,,,,,,,,,,,,,,,,,,,,
北区,天満,2丁目,11番,,,,,,,,,,火金,,,,,,,,,,,,,,,木,,,,,,,,,,,,,,,,月,,,,,,,,,,,,,,,,,,,,,,,,,,
北区,天満,2丁目,12番,,,,,,,,,,火金,,,,,,,,,,,,,,,木,,,,,,,,,,,,,,,,月,,,,,,,,,,,,,,,,,,,,,,,,,,
北区,天満,2丁目,13番,,,,,,,,,,火金,,,,,,,,,,,,,,,,,木,,,,,,,,,,,,,,,,月,,,,,,,,,,,,,,,,,,,,,,,,
北区,天満,2丁目,14番,,,,,,,,,,火金,,,,,,,,,,,,,,木,,,,,,,,,,,,,,,,月,,,,,,,,,,,,,,,,,,,,,,,,,,,
北区,天満,2丁目,15番,10~13号,,,,,,火金,,,,,,,,,,,,,,,,,,木,,,,,,,,,,,,,,,,月,,,,,,,,,,,,,,,,,,,,,,,,,,
北区,天満,2丁目,15番,1~9号,,,,,,,,,火金,,,,,,,,,,,,,,,木,,,,,,,,,,,,,,,,月,,,,,,,,,,,,,,,,,,,,,,,,,,
北区,天満,2丁目,15番,17~19号,,,,,,,,,火金,,,,,,,,,,,,,,,木,,,,,,,,,,,,,,,,月,,,,,,,,,,,,,,,,,,,,,,,,,,
北区,天満,3丁目,1番,,,,,,,,,,火金,,,,,,,,,,,,,,木,,,,,,,,,,,,,,,,月,,,,,,,,,,,,,,,,,,,,,,,,,,,
北区,天満,3丁目,2番,,,,,,,,,,火金,,,,,,,,,,,,,,木,,,,,,,,,,,,,,,,月,,,,,,,,,,,,,,,,,,,,,,,,,,,
北区,天満,3丁目,3番,3･13~20号,,,,,,,,,火金,,,,,,,,,,,,,,木,,,,,,,,,,,,,,,,月,,,,,,,,,,,,,,,,,,,,,,,,,,,
北区,天満,3丁目,3番,上記以外,,,火金,,,,,,,,,,,,,,,,,,,,木,,,,,,,,,,,,,,,,月,,,,,,,,,,,,,,,,,,,,,,,,,,,
北区,天満,3丁目,4番,1~11号,,,,,,,,,火金,,,,,,,,,,,,,,木,,,,,,,,,,,,,,,,月,,,,,,,,,,,,,,,,,,,,,,,,,,,
北区,天満,3丁目,4番,20~22号,,,,,,,,,火金,,,,,,,,,,,,,,木,,,,,,,,,,,,,,,,月,,,,,,,,,,,,,,,,,,,,,,,,,,,
北区,天満,3丁目,4番,上記以外,,,火金,,,,,,,,,,,,,,,,,,,,木,,,,,,,,,,,,,,,,月,,,,,,,,,,,,,,,,,,,,,,,,,,,
北区,天満,3丁目,5番,,,,,,,,,,火金,,,,,,,,,,,,,,木,,,,,,,,,,,,,,,,月,,,,,,,,,,,,,,,,,,,,,,,,,,,
北区,天満,3丁目,6番,,,,,,,,,,火金,,,,,,,,,,,,,,木,,,,,,,,,,,,,,,,月,,,,,,,,,,,,,,,,,,,,,,,,,,,
北区,天満,3丁目,7番,,,,,,,,,,火金,,,,,,,,,,,,,,木,,,,,,,,,,,,,,,,月,,,,,,,,,,,,,,,,,,,,,,,,,,,
北区,天満,3丁目,8番,,,,,,,,,,火金,,,,,,,,,,,,,,木,,,,,,,,,,,,,,,,月,,,,,,,,,,,,,,,,,,,,,,,,,,,
北区,天満,3丁目,9番,4~19号,,,,,,,,,火金,,,,,,,,,,,,,,木,,,,,,,,,,,,,,,,月,,,,,,,,,,,,,,,,,,,,,,,,,,,
北区,天満,3丁目,9番,上記以外,,,火金,,,,,,,,,,,,,,,,,,,,木,,,,,,,,,,,,,,,,月,,,,,,,,,,,,,,,,,,,,,,,,,,,
北区,天満,3丁目,10番,,,,,,,,,,火金,,,,,,,,,,,,,,木,,,,,,,,,,,,,,,,月,,,,,,,,,,,,,,,,,,,,,,,,,,,
北区,天満,3丁目,11番,10~12号,,,,,,火金,,,,,,,,,,,,,,,,木,,,,,,,,,,,,,,,,月,,,,,,,,,,,,,,,,,,,,,,,,,,,,
北区,天満,3丁目,11番,1~8号,,,,,,,,,火金,,,,,,,,,,,,,木,,,,,,,,,,,,,,,,月,,,,,,,,,,,,,,,,,,,,,,,,,,,,
北区,天満,3丁目,11番,16号,,,,,,,,,火金,,,,,,,,,,,,,木,,,,,,,,,,,,,,,,月,,,,,,,,,,,,,,,,,,,,,,,,,,,,
北区,天満,3丁目,12番,12~13号,,,,,,火金,,,,,,,,,,,,,,,,,,木,,,,,,,,,,,,,,,,月,,,,,,,,,,,,,,,,,,,,,,,,,,
北区,天満,3丁目,12番,3~8号,,,,,,,,,火金,,,,,,,,,,,,,,,木,,,,,,,,,,,,,,,,月,,,,,,,,,,,,,,,,,,,,,,,,,,
北区,天満,3丁目,12番,16~19号,,,,,,,,,火金,,,,,,,,,,,,,,,木,,,,,,,,,,,,,,,,月,,,,,,,,,,,,,,,,,,,,,,,,,,
北区,天満,3丁目,12番,上記以外,,,火金,,,,,,,,,,,,,,,,,,,,,木,,,,,,,,,,,,,,,,月,,,,,,,,,,,,,,,,,,,,,,,,,,
北区,天満,4丁目,1番,,,,,,,,,,火金,,,,,,,,,,,,,木,,,,,,,,,,,,,,,,月,,,,,,,,,,,,,,,,,,,,,,,,,,,,
北区,天満,4丁目,2番,,,,,,,,,,火金,,,,,,,,,,,,,木,,,,,,,,,,,,,,,,月,,,,,,,,,,,,,,,,,,,,,,,,,,,,
北区,天満,4丁目,3番,,,,,,,,,,火金,,,,,,,,,,,,,木,,,,,,,,,,,,,,,,月,,,,,,,,,,,,,,,,,,,,,,,,,,,,
北区,天満,4丁目,4番,1~2号,,,,,,,,,火金,,,,,,,,,,,,,木,,,,,,,,,,,,,,,,月,,,,,,,,,,,,,,,,,,,,,,,,,,,,
北区,天満,4丁目,4番,10~16号,,,,,,,,,火金,,,,,,,,,,,,,木,,,,,,,,,,,,,,,,月,,,,,,,,,,,,,,,,,,,,,,,,,,,,
北区,天満,4丁目,4番,上記以外,,,火金,,,,,,,,,,,,,,,,,,,木,,,,,,,,,,,,,,,,月,,,,,,,,,,,,,,,,,,,,,,,,,,,,
北区,天満,4丁目,5番,,,,,,,,,,火金,,,,,,,,,,,,,木,,,,,,,,,,,,,,,,月,,,,,,,,,,,,,,,,,,,,,,,,,,,,
北区,天満,4丁目,6番,,,,,,,,,,火金,,,,,,,,,,,,,木,,,,,,,,,,,,,,,,月,,,,,,,,,,,,,,,,,,,,,,,,,,,,
北区,天満,4丁目,7番,,,,,,,,,,,,,,,,,,,,,,,木,,,,,,,,,,,,,,,,月,,,,,,,,,,,,,,,,,,,,,,,,,,,,
北区,天満,4丁目,8番,,,,,,,,,,火金,,,,,,,,,,,,,木,,,,,,,,,,,,,,,,月,,,,,,,,,,,,,,,,,,,,,,,,,,,,
北区,天満,4丁目,9番,1･5~16号,,,,,,,,,火金,,,,,,,,,,,,,木,,,,,,,,,,,,,,,,月,,,,,,,,,,,,,,,,,,,,,,,,,,,,
北区,天満,4丁目,9番,上記以外,,,火金,,,,,,,,,,,,,,,,,,,木,,,,,,,,,,,,,,,,月,,,,,,,,,,,,,,,,,,,,,,,,,,,,
北区,天満,4丁目,10番,10~12号,,,,,,火金,,,,,,,,,,,,,,,,木,,,,,,,,,,,,,,,,月,,,,,,,,,,,,,,,,,,,,,,,,,,,,
北区,天満,4丁目,10番,1･15~19号,,,,,,,,,火金,,,,,,,,,,,,,木,,,,,,,,,,,,,,,,月,,,,,,,,,,,,,,,,,,,,,,,,,,,,
北区,天満,4丁目,10番,上記以外,,,,,,,,,火金,,,,,,,,,,,,,木,,,,,,,,,,,,,,,,月,,,,,,,,,,,,,,,,,,,,,,,,,,,,
北区,天満,4丁目,11番,,,,,,,,,,火金,,,,,,,,,,,,,木,,,,,,,,,,,,,,,,月,,,,,,,,,,,,,,,,,,,,,,,,,,,,
北区,天満,4丁目,12番,,,,,,,火金,,,,,,,,,,,,,,,,木,,,,,,,,,,,,,,,,月,,,,,,,,,,,,,,,,,,,,,,,,,,,,
北区,天満,4丁目,13番,,,,,,,火金,,,,,,,,,,,,,,,,木,,,,,,,,,,,,,,,,月,,,,,,,,,,,,,,,,,,,,,,,,,,,,
北区,天満,4丁目,14番,,,,,,,火金,,,,,,,,,,,,,,,,木,,,,,,,,,,,,,,,,月,,,,,,,,,,,,,,,,,,,,,,,,,,,,
北区,天満,4丁目,15番,5~13号,,,,,,火金,,,,,,,,,,,,,,,,木,,,,,,,,,,,,,,,,月,,,,,,,,,,,,,,,,,,,,,,,,,,,,
北区,天満,4丁目,15番,15~19号,,,,,,,,,火金,,,,,,,,,,,,,木,,,,,,,,,,,,,,,,月,,,,,,,,,,,,,,,,,,,,,,,,,,,,
北区,天満,4丁目,15番,上記以外,,,火金,,,,,,,,,,,,,,,,,,,木,,,,,,,,,,,,,,,,月,,,,,,,,,,,,,,,,,,,,,,,,,,,,
北区,天満,4丁目,16番,,,,,,,火金,,,,,,,,,,,,,,,,木,,,,,,,,,,,,,,,,月,,,,,,,,,,,,,,,,,,,,,,,,,,,,
北区,天満,4丁目,17番,,,,,,,火金,,,,,,,,,,,,,,,,木,,,,,,,,,,,,,,,,月,,,,,,,,,,,,,,,,,,,,,,,,,,,,
北区,天満橋,1丁目,1番,19~41号,,,,,,,,,,,,,,,火金,,,,,,,,,,,,,,,,木,,,,,,,,,,,,,,,,月,,,,,,,,,,,,,,,,,,,
北区,天満橋,1丁目,1番,上記以外,,,火金,,,,,,,,,,,,,,,,,,,,,,,,,,,,木,,,,,,,,,,,,,,,,月,,,,,,,,,,,,,,,,,,,
北区,天満橋,1丁目,2番,,,,,,,,,,,,,,,,火金,,,,,,,,,,,,,,,,木,,,,,,,,,,,,,,,,月,,,,,,,,,,,,,,,,,,,
北区,天満橋,1丁目,3番,,,,,,,,,,,,,,,,火金,,,,,,,,,,,,,,,,,木,,,,,,,,,,,,,,,,月,,,,,,,,,,,,,,,,,,
北区,天満橋,1丁目,4番,4~7号,,,,,,,,,,,,,,,火金,,,,,,,,,,,,,,,,,木,,,,,,,,,,,,,,,,月,,,,,,,,,,,,,,,,,,
北区,天満橋,1丁目,4番,14~17号,,,,,,,,,,,,,,,火金,,,,,,,,,,,,,,,,,木,,,,,,,,,,,,,,,,月,,,,,,,,,,,,,,,,,,
北区,天満橋,1丁目,4番,上記以外,,,火金,,,,,,,,,,,,,,,,,,,,,,,,,,,,,木,,,,,,,,,,,,,,,,月,,,,,,,,,,,,,,,,,,
北区,天満橋,1丁目,5番,,,,,,,,,,,,,,,,火金,,,,,,,,,,,,,,,,木,,,,,,,,,,,,,,,,月,,,,,,,,,,,,,,,,,,,
北区,天満橋,1丁目,6番,5~8号,,,,,,,,,,,,,,,火金,,,,,,,,,,,,,,,,,木,,,,,,,,,,,,,,,,月,,,,,,,,,,,,,,,,,,
北区,天満橋,1丁目,6番,上記以外,,,火金,,,,,,,,,,,,,,,,,,,,,,,,,,,,,木,,,,,,,,,,,,,,,,月,,,,,,,,,,,,,,,,,,
北区,天満橋,1丁目,7番,,,,,,,,,,,,,,,,,,,,,,,,,,,木,,,,,,,,,,,,,,,,月,,,,,,,,,,,,,,,,,,,,,,,,
北区,天満橋,1丁目,8番,OAPレジデンスタワー,,,,,,月木,,,,,,,,,,,,,,,,,,,,,,,,木,,,,,,,,,,,,,,,,月,,,,,,,,,,,,,,,,,,,,
北区,天満橋,1丁目,8番,上記以外,,,,,,,,,,,,,,,火金,,,,,,,,,,,,,,,,木,,,,,,,,,,,,,,,,月,,,,,,,,,,,,,,,,,,,
北区,天満橋,2丁目,1番,8号,,,,,,,,,火金,,,,,,,,,,,,,,,,,,,,,木,,,,,,,,,,,,,,,,月,,,,,,,,,,,,,,,,,,,,
北区,天満橋,2丁目,1番,6~7号,,,,,,,,,,,,,,,火金,,,,,,,,,,,,,,,木,,,,,,,,,,,,,,,,月,,,,,,,,,,,,,,,,,,,,
北区,天満橋,2丁目,1番,上記以外,,,火金,,,,,,,,,,,,,,,,,,,,,,,,,,,木,,,,,,,,,,,,,,,,月,,,,,,,,,,,,,,,,,,,,
北区,天満橋,2丁目,2番,,,,,,,,,,火金,,,,,,,,,,,,,,,,,,,,木,,,,,,,,,,,,,,,,月,,,,,,,,,,,,,,,,,,,,,
北区,天満橋,2丁目,3番,,,,,,,,,,火金,,,,,,,,,,,,,,,,,,,,木,,,,,,,,,,,,,,,,月,,,,,,,,,,,,,,,,,,,,,
北区,天満橋,2丁目,4番,ロイヤルアーク花水都OSAKA,,,,,,月木,,,,,,,,,,,,,,,,,,,,,,木,,,,,,,,,,,,,,,,月,,,,,,,,,,,,,,,,,,,,,,
北区,天満橋,2丁目,4番,6~13･18号,,,,,,,,,火金,,,,,,,,,,,,,,,,,,,,,木,,,,,,,,,,,,,,,,月,,,,,,,,,,,,,,,,,,,,
北区,天満橋,3丁目,1番,,,,,,,火金,,,,,,,,,,,,,,,,木,,,,,,,,,,,,,,,,月,,,,,,,,,,,,,,,,,,,,,,,,,,,,
北区,天満橋,3丁目,2番,,,,,,,火金,,,,,,,,,,,,,,,,木,,,,,,,,,,,,,,,,月,,,,,,,,,,,,,,,,,,,,,,,,,,,,
北区,天満橋,3丁目,3番,,,,,,,火金,,,,,,,,,,,,,,,,木,,,,,,,,,,,,,,,,月,,,,,,,,,,,,,,,,,,,,,,,,,,,,
北区,天満橋,3丁目,4番,25~37号,,,,,,火金,,,,,,,,,,,,,,,,木,,,,,,,,,,,,,,,,月,,,,,,,,,,,,,,,,,,,,,,,,,,,,
北区,天満橋,3丁目,4番,上記以外,,,火金,,,,,,,,,,,,,,,,,,,木,,,,,,,,,,,,,,,,月,,,,,,,,,,,,,,,,,,,,,,,,,,,,
北区,天満橋,3丁目,5番,,,,,,,火金,,,,,,,,,,,,,,,,,,木,,,,,,,,,,,,,,,,月,,,,,,,,,,,,,,,,,,,,,,,,,,
北区,堂島,1丁目,1番,,,,,,,,,,,,,,,,,,,,,,,,金,,,,,,,,,,,,,,,,火,,,,,,,,,,,,,,,,,,,,,,,土,,,,
北区,堂島,1丁目,5番,,,,,,,,,,,,,,,,,,,,,,,,金,,,,,,,,,,,,,,,,火,,,,,,,,,,,,,,,,,,,,,,,土,,,,
北区,堂島,1丁目,6番,,,,,,,,,,,,,,,,,,,,,,,,金,,,,,,,,,,,,,,,,火,,,,,,,,,,,,,,,,,,,,,,,土,,,,
北区,堂島,2丁目,1番,5･18~24号,,,,,,,,,水土,,,,,,,,,,,,,金,,,,,,,,,,,,,,,,火,,,,,,,,,,,,,,,,,,,,,,,,土,,,,
北区,堂島,2丁目,1番,上記以外,,,水土,,,,,,,,,,,,,,,,,,,金,,,,,,,,,,,,,,,,火,,,,,,,,,,,,,,,,,,,,,,,,土,,,,
北区,堂島,2丁目,2番,8~37号,,,,,,,,,水土,,,,,,,,,,,,,,金,,,,,,,,,,,,,,,,火,,,,,,,,,,,,,,,,,,,,,,,土,,,,
北区,堂島,2丁目,2番,上記以外,,,水土,,,,,,,,,,,,,,,,,,,,金,,,,,,,,,,,,,,,,火,,,,,,,,,,,,,,,,,,,,,,,土,,,,
北区,堂島,2丁目,3番,27~36号,,,,,,,,,水土,,,,,,,,,,,,,,金,,,,,,,,,,,,,,,,火,,,,,,,,,,,,,,,,,,,,,,,土,,,,
北区,堂島,2丁目,3番,上記以外,,,水土,,,,,,,,,,,,,,,,,,,,金,,,,,,,,,,,,,,,,火,,,,,,,,,,,,,,,,,,,,,,,土,,,,
北区,堂島,2丁目,4番,,,,,,,,,,水土,,,,,,,,,,,,,金,,,,,,,,,,,,,,,,火,,,,,,,,,,,,,,,,,,,,,,,,土,,,,
北区,堂島,3丁目,2番,,,,,,,,,,水土,,,,,,,,,,,,,,,金,,,,,,,,,,,,,,,,火,,,,,,,,,,,,,,,,,,,,,,土,,,,
北区,堂島,3丁目,3番,1~19号,,,,,,,,,水土,,,,,,,,,,,,,,,金,,,,,,,,,,,,,,,,火,,,,,,,,,,,,,,,,,,,,,,土,,,,
北区,堂島,3丁目,3番,上記以外,,,水土,,,,,,,,,,,,,,,,,,,,,金,,,,,,,,,,,,,,,,火,,,,,,,,,,,,,,,,,,,,,,土,,,,
北区,堂島,3丁目,4番,,,,,,,,,,水土,,,,,,,,,,,,,金,,,,,,,,,,,,,,,,火,,,,,,,,,,,,,,,,,,,,,,,,土,,,,
北区,同心,1丁目,1番,5~22号,,,,,,,,,,,,,,,火金,,,,,,,,,,,,,,木,,,,,,,,,,,,,,,,月,,,,,,,,,,,,,,,,,,,,,
北区,同心,1丁目,1番,2号,,,,,,火金,,,,,,,,,,,,,,,,,,,,,,,木,,,,,,,,,,,,,,,,月,,,,,,,,,,,,,,,,,,,,,
北区,同心,1丁目,1番,上記以外,,,火金,,,,,,,,,,,,,,,,,,,,,,,,,,木,,,,,,,,,,,,,,,,月,,,,,,,,,,,,,,,,,,,,,
北区,同心,1丁目,2番,20~27号,,,,,,,,,,,,,,,火金,,,,,,,,,,,木,,,,,,,,,,,,,,,,月,,,,,,,,,,,,,,,,,,,,,,,,
北区,同心,1丁目,2番,6~14号,,,,,,火金,,,,,,,,,,,,,,,,,,,,木,,,,,,,,,,,,,,,,月,,,,,,,,,,,,,,,,,,,,,,,,
北区,同心,1丁目,2番,上記以外,,,火金,,,,,,,,,,,,,,,,,,,,,,,木,,,,,,,,,,,,,,,,月,,,,,,,,,,,,,,,,,,,,,,,,
北区,同心,1丁目,3番,,,,,,,,,,,,,,,,火金,,,,,,,,,,,木,,,,,,,,,,,,,,,,月,,,,,,,,,,,,,,,,,,,,,,,,
北区,同心,1丁目,4番,,,,,,,,,,,,,,,,火金,,,,,,,,,,,,木,,,,,,,,,,,,,,,,月,,,,,,,,,,,,,,,,,,,,,,,
北区,同心,1丁目,5番,15~33号,,,,,,,,,,,,,,,火金,,,,,,,,,,,,木,,,,,,,,,,,,,,,,月,,,,,,,,,,,,,,,,,,,,,,,
北区,同心,1丁目,5番,上記以外,,,火金,,,,,,,,,,,,,,,,,,,,,,,,木,,,,,,,,,,,,,,,,月,,,,,,,,,,,,,,,,,,,,,,,
北区,同心,1丁目,6番,23~27号,,,,,,,,,,,,,,,火金,,,,,,,,,,,木,,,,,,,,,,,,,,,,月,,,,,,,,,,,,,,,,,,,,,,,,
北区,同心,1丁目,6番,上記以外,,,火金,,,,,,,,,,,,,,,,,,,,,,,木,,,,,,,,,,,,,,,,月,,,,,,,,,,,,,,,,,,,,,,,,
北区,同心,1丁目,7番,,,,,,,,,,,,,,,,火金,,,,,,,,,,,,,,,,木,,,,,,,,,,,,,,,,月,,,,,,,,,,,,,,,,,,,
北区,同心,1丁目,8番,1･28~33号,,,,,,,,,火金,,,,,,,,,,,,,,,,,,,,,,木,,,,,,,,,,,,,,,,月,,,,,,,,,,,,,,,,,,,
北区,同心,1丁目,8番,2~17号,,,,,,,,,,,,,,,火金,,,,,,,,,,,,,,,,木,,,,,,,,,,,,,,,,月,,,,,,,,,,,,,,,,,,,
北区,同心,1丁目,8番,上記以外,,,火金,,,,,,,,,,,,,,,,,,,,,,,,,,,,木,,,,,,,,,,,,,,,,月,,,,,,,,,,,,,,,,,,,
北区,同心,1丁目,9番,1･13~26号,,,,,,火金,,,,,,,,,,,,,,,,,,,,木,,,,,,,,,,,,,,,,月,,,,,,,,,,,,,,,,,,,,,,,,
北区,同心,1丁目,9番,3~8号,,,,,,,,,,,,,,,火金,,,,,,,,,,,木,,,,,,,,,,,,,,,,月,,,,,,,,,,,,,,,,,,,,,,,,
北区,同心,1丁目,10番,2~3号･8~15号,,,,,,,,,,,,,,,火金,,,,,,,,,,,,,,,,木,,,,,,,,,,,,,,,,月,,,,,,,,,,,,,,,,,,,
北区,同心,1丁目,10番,上記以外,,,火金,,,,,,,,,,,,,,,,,,,,,,,,,,,,木,,,,,,,,,,,,,,,,月,,,,,,,,,,,,,,,,,,,
北区,同心,1丁目,11番,2~5号,,,,,,,,,,,,,,,火金,,,,,,,,,,,,,,,,木,,,,,,,,,,,,,,,,月,,,,,,,,,,,,,,,,,,,
北区,同心,1丁目,11番,上記以外,,,火金,,,,,,,,,,,,,,,,,,,,,,,,,,,,木,,,,,,,,,,,,,,,,月,,,,,,,,,,,,,,,,,,,
北区,同心,2丁目,1番,,,,,,,火金,,,,,,,,,,,,,,,,,,,,,,,木,,,,,,,,,,,,,,,,月,,,,,,,,,,,,,,,,,,,,,
北区,同心,2丁目,2番,4~10･21号,,,,,,火金,,,,,,,,,,,,,,,,,,,木,,,,,,,,,,,,,,,,月,,,,,,,,,,,,,,,,,,,,,,,,,
北区,同心,2丁目,2番,上記以外,,,火金,,,,,,,,,,,,,,,,,,,,,,木,,,,,,,,,,,,,,,,月,,,,,,,,,,,,,,,,,,,,,,,,,
北区,同心,2丁目,3番,17~29号,,,,,,火金,,,,,,,,,,,,,,,,木,,,,,,,,,,,,,,,,月,,,,,,,,,,,,,,,,,,,,,,,,,,,,
北区,同心,2丁目,3番,9~14号,,,,,,,,,,,,,,,火金,,,,,,,木,,,,,,,,,,,,,,,,月,,,,,,,,,,,,,,,,,,,,,,,,,,,,
北区,同心,2丁目,3番,上記以外,,,火金,,,,,,,,,,,,,,,,,,,木,,,,,,,,,,,,,,,,月,,,,,,,,,,,,,,,,,,,,,,,,,,,,
北区,同心,2丁目,4番,2~10号,,,,,,,,,,,,,,,火金,,,,,,,木,,,,,,,,,,,,,,,,月,,,,,,,,,,,,,,,,,,,,,,,,,,,,
北区,同心,2丁目,4番,13~25号,,,,,,火金,,,,,,,,,,,,,,,,木,,,,,,,,,,,,,,,,月,,,,,,,,,,,,,,,,,,,,,,,,,,,,
北区,同心,2丁目,4番,上記以外,,,火金,,,,,,,,,,,,,,,,,,,木,,,,,,,,,,,,,,,,月,,,,,,,,,,,,,,,,,,,,,,,,,,,,
北区,同心,2丁目,5番,16~20号,,,,,,火金,,,,,,,,,,,,,,,,,,,,,,,,,木,,,,,,,,,,,,,,,,月,,,,,,,,,,,,,,,,,,,
北区,同心,2丁目,5番,上記以外,,,火金,,,,,,,,,,,,,,,,,,,,,,,,,,,,木,,,,,,,,,,,,,,,,月,,,,,,,,,,,,,,,,,,,
北区,同心,2丁目,6番,2~12号,,,,,,火金,,,,,,,,,,,,,,,,木,,,,,,,,,,,,,,,,月,,,,,,,,,,,,,,,,,,,,,,,,,,,,
北区,同心,2丁目,6番,上記以外,,,火金,,,,,,,,,,,,,,,,,,,木,,,,,,,,,,,,,,,,月,,,,,,,,,,,,,,,,,,,,,,,,,,,,
北区,同心,2丁目,7番,17号,,,,,,火金,,,,,,,,,,,,,,,,木,,,,,,,,,,,,,,,,月,,,,,,,,,,,,,,,,,,,,,,,,,,,,
北区,同心,2丁目,7番,上記以外,,,火金,,,,,,,,,,,,,,,,,,,木,,,,,,,,,,,,,,,,月,,,,,,,,,,,,,,,,,,,,,,,,,,,,
北区,同心,2丁目,8番,,,,,,,,,,,,,,,,,,,,,,,木,,,,,,,,,,,,,,,,月,,,,,,,,,,,,,,,,,,,,,,,,,,,,
北区,同心,2丁目,9番,,,,,,,火金,,,,,,,,,,,,,,,,,木,,,,,,,,,,,,,,,,月,,,,,,,,,,,,,,,,,,,,,,,,,,,
北区,同心,2丁目,10番,,,,,,,火金,,,,,,,,,,,,,,,,木,,,,,,,,,,,,,,,,月,,,,,,,,,,,,,,,,,,,,,,,,,,,,
北区,同心,2丁目,11番,,,,,,,火金,,,,,,,,,,,,,,,,木,,,,,,,,,,,,,,,,月,,,,,,,,,,,,,,,,,,,,,,,,,,,,
北区,同心,2丁目,12番,,,,,,,火金,,,,,,,,,,,,,,,,,,木,,,,,,,,,,,,,,,,月,,,,,,,,,,,,,,,,,,,,,,,,,,
北区,同心,2丁目,13番,1~12号,,,,,,火金,,,,,,,,,,,,,,,,,木,,,,,,,,,,,,,,,,月,,,,,,,,,,,,,,,,,,,,,,,,,,,
北区,同心,2丁目,13番,22~27号,,,,,,,,,火金,,,,,,,,,,,,,,木,,,,,,,,,,,,,,,,月,,,,,,,,,,,,,,,,,,,,,,,,,,,
北区,同心,2丁目,13番,上記以外,,,火金,,,,,,,,,,,,,,,,,,,,木,,,,,,,,,,,,,,,,月,,,,,,,,,,,,,,,,,,,,,,,,,,,
北区,同心,2丁目,14番,3~4号,,,,,,火金,,,,,,,,,,,,,,,,,,木,,,,,,,,,,,,,,,,月,,,,,,,,,,,,,,,,,,,,,,,,,,
北区,同心,2丁目,14番,15~22号,,,,,,火金,,,,,,,,,,,,,,,,,,木,,,,,,,,,,,,,,,,月,,,,,,,,,,,,,,,,,,,,,,,,,,
北区,同心,2丁目,14番,8~13号,,,,,,,,,火金,,,,,,,,,,,,,,,木,,,,,,,,,,,,,,,,月,,,,,,,,,,,,,,,,,,,,,,,,,,
北区,同心,2丁目,15番,1~13号,,,,,,火金,,,,,,,,,,,,,,,,,,木,,,,,,,,,,,,,,,,月,,,,,,,,,,,,,,,,,,,,,,,,,,
北区,同心,2丁目,15番,22~27号,,,,,,火金,,,,,,,,,,,,,,,,,,木,,,,,,,,,,,,,,,,月,,,,,,,,,,,,,,,,,,,,,,,,,,
北区,同心,2丁目,15番,14~20号,,,,,,,,,火金,,,,,,,,,,,,,,,木,,,,,,,,,,,,,,,,月,,,,,,,,,,,,,,,,,,,,,,,,,,
北区,同心,2丁目,16番,,,,,,,,,,,,,,,,,,,,,,,木,,,,,,,,,,,,,,,,月,,,,,,,,,,,,,,,,,,,,,,,,,,,,
北区,堂山町,1番,,,,,,,,,,,,,,,,,,,,,,,,,,金,,,,,,,,,,,,,,,,火,,,,,,,,,,,,,,,,,,,,,,金,,,,
北区,堂山町,2番,,,,,,,,,,,,,,,,,,,,,,,,,,,金,,,,,,,,,,,,,,,火,,,,,,,,,,,,,,,,,,,,,,金,,,,
北区,堂山町,3番,,,,,,,,,,,,,,,,,,,,,,,,,,,金,,,,,,,,,,,,,,,火,,,,,,,,,,,,,,,,,,,,,,金,,,,
北区,堂山町,4番,7号,,,,,,,水土,,,,,,,,,,,,,,,,,,金,,,,,,,,,,,,,,,,火,,,,,,,,,,,,,,,,,,,,,,金,,,,
北区,堂山町,4番,上記以外,,,,,,,水土,,,,,,,,,,,,,,,,,,金,,,,,,,,,,,,,,,,火,,,,,,,,,,,,,,,,,,,,,,金,,,,
北区,堂山町,5番,,,,,,,,,,,,,,,,,,,,,,,,,,金,,,,,,,,,,,,,,,,火,,,,,,,,,,,,,,,,,,,,,,金,,,,
北区,堂山町,6番,,,,,,,,,,,,,,,,,,,,,,,,,,金,,,,,,,,,,,,,,,,火,,,,,,,,,,,,,,,,,,,,,,金,,,,
北区,堂山町,7番,,,,,,,,,,,,,,,,,,,,,,,,,,金,,,,,,,,,,,,,,,,火,,,,,,,,,,,,,,,,,,,,,,金,,,,
北区,堂山町,8番,,,,,,,,,,,,,,,,,,,,,,,,,金,,,,,,,,,,,,,,,,火,,,,,,,,,,,,,,,,,,,,,,,金,,,,
北区,堂山町,9番,16~19号,,,,,,,水土,,,,,,,,,,,,,,,,,,金,,,,,,,,,,,,,,,,火,,,,,,,,,,,,,,,,,,,,,,金,,,,
北区,堂山町,9番,上記以外,,,,水土,,,,,,,,,,,,,,,,,,,,,金,,,,,,,,,,,,,,,,火,,,,,,,,,,,,,,,,,,,,,,金,,,,
北区,堂山町,10番,11~17号,,,,,,,水土,,,,,,,,,,,,,,,,,,金,,,,,,,,,,,,,,,,火,,,,,,,,,,,,,,,,,,,,,,金,,,,
北区,堂山町,10番,上記以外,,,,水土,,,,,,,,,,,,,,,,,,,,,金,,,,,,,,,,,,,,,,火,,,,,,,,,,,,,,,,,,,,,,金,,,,
北区,堂山町,11番,2･8~18号,,,,,,,水土,,,,,,,,,,,,,,,,,,,金,,,,,,,,,,,,,,,,火,,,,,,,,,,,,,,,,,,,,,金,,,,
北区,堂山町,11番,上記以外,,,,水土,,,,,,,,,,,,,,,,,,,,,,金,,,,,,,,,,,,,,,,火,,,,,,,,,,,,,,,,,,,,,金,,,,
北区,堂山町,12番,14号,,,,,,,水土,,,,,,,,,,,,,,,,,金,,,,,,,,,,,,,,,,火,,,,,,,,,,,,,,,,,,,,,,,金,,,,
北区,堂山町,12番,上記以外,,,,水土,,,,,,,,,,,,,,,,,,,,金,,,,,,,,,,,,,,,,火,,,,,,,,,,,,,,,,,,,,,,,金,,,,
北区,堂山町,13番,1~5号,,,,,,,水土,,,,,,,,,,,,,,,,,金,,,,,,,,,,,,,,,,火,,,,,,,,,,,,,,,,,,,,,,,金,,,,
北区,堂山町,13番,上記以外,,,,水土,,,,,,,,,,,,,,,,,,,,金,,,,,,,,,,,,,,,,火,,,,,,,,,,,,,,,,,,,,,,,金,,,,
北区,堂山町,14番,20~29号,,,,,,,水土,,,,,,,,,,,,,,,,,金,,,,,,,,,,,,,,,,火,,,,,,,,,,,,,,,,,,,,,,,金,,,,
北区,堂山町,14番,上記以外,,,,水土,,,,,,,,,,,,,,,,,,,,金,,,,,,,,,,,,,,,,火,,,,,,,,,,,,,,,,,,,,,,,金,,,,
北区,堂山町,15番,17~23号,,,,,,,水土,,,,,,,,,,,,,,,,,金,,,,,,,,,,,,,,,,火,,,,,,,,,,,,,,,,,,,,,,,金,,,,
北区,堂山町,15番,上記以外,,,,水土,,,,,,,,,,,,,,,,,,,,金,,,,,,,,,,,,,,,,火,,,,,,,,,,,,,,,,,,,,,,,金,,,,
北区,堂山町,16番,1~4号,,,,,,,水土,,,,,,,,,,,,,,,,,金,,,,,,,,,,,,,,,,火,,,,,,,,,,,,,,,,,,,,,,,金,,,,
北区,堂山町,16番,上記以外,,,,水土,,,,,,,,,,,,,,,,,,,,金,,,,,,,,,,,,,,,,火,,,,,,,,,,,,,,,,,,,,,,,金,,,,
北区,堂山町,17番,,,,,,,,,,,,,,,,,,,,,,,,金,,,,,,,,,,,,,,,,火,,,,,,,,,,,,,,,,,,,,,,,,金,,,,
北区,堂山町,18番,1･2号,,,,,,,水土,,,,,,,,,,,,,,,,金,,,,,,,,,,,,,,,,火,,,,,,,,,,,,,,,,,,,,,,,,金,,,,
北区,堂山町,18番,3号,,,,,,,,,,,,,,,,水土,,,,,,,金,,,,,,,,,,,,,,,,火,,,,,,,,,,,,,,,,,,,,,,,,金,,,,
北区,堂山町,18番,上記以外,,,,水土,,,,,,,,,,,,,,,,,,,金,,,,,,,,,,,,,,,,火,,,,,,,,,,,,,,,,,,,,,,,,金,,,,
北区,兎我野町,1番,,,,,,,,,,,,,,,,,水土,,,,,,,金,,,,,,,,,,,,,,,,火,,,,,,,,,,,,,,,,,,,,,,,,金,,,,
北区,兎我野町,2番,,,,,,,,,,,,,,,,,水土,,,,,,,金,,,,,,,,,,,,,,,,火,,,,,,,,,,,,,,,,,,,,,,,,金,,,,
北区,兎我野町,3番,,,,,,,,,,,,,,,,,水土,,,,,,,金,,,,,,,,,,,,,,,,火,,,,,,,,,,,,,,,,,,,,,,,,金,,,,
北区,兎我野町,4番,18~25号,,,,,,,,,,,,,,,,水土,,,,,,,金,,,,,,,,,,,,,,,,火,,,,,,,,,,,,,,,,,,,,,,,,,金,,,
北区,兎我野町,4番,上記以外,,,,水土,,,,,,,,,,,,,,,,,,,金,,,,,,,,,,,,,,,,火,,,,,,,,,,,,,,,,,,,,,,,,,金,,,
北区,兎我野町,5番,,,,,,,,,,,,,,,,,水土,,,,,,,金,,,,,,,,,,,,,,,,火,,,,,,,,,,,,,,,,,,,金,,,,,,,,,
北区,兎我野町,6番,,,,,,,,,,,,,,,,,水土,,,,,,,金,,,,,,,,,,,,,,,,火,,,,,,,,,,,,,,,,,,,金,,,,,,,,,
北区,兎我野町,7番,,,,,,,,,,,,,,,,,水土,,,,,,,金,,,,,,,,,,,,,,,,火,,,,,,,,,,,,,,,,,,,金,,,,,,,,,
北区,兎我野町,8番,,,,,,,,,,,,,,,,,水土,,,,,,,金,,,,,,,,,,,,,,,,火,,,,,,,,,,,,,,,,,,,,,,,,,金,,,
北区,兎我野町,9番,2~8号,,,,,,,,,,,,,,,,水土,,,,,,,金,,,,,,,,,,,,,,,,火,,,,,,,,,,,,,,,,,,,金,,,,,,,,,
北区,兎我野町,9番,上記以外,,,,水土,,,,,,,,,,,,,,,,,,,金,,,,,,,,,,,,,,,,火,,,,,,,,,,,,,,,,,,,金,,,,,,,,,
北区,兎我野町,10番,13~16号,,,,,,,,,,,,,,,,水土,,,,,,,金,,,,,,,,,,,,,,,,火,,,,,,,,,,,,,,,,,,,,,,,,,金,,,
北区,兎我野町,10番,上記以外,,,,水土,,,,,,,,,,,,,,,,,,,金,,,,,,,,,,,,,,,,火,,,,,,,,,,,,,,,,,,,,,,,,,金,,,
北区,兎我野町,11番,,,,,,,,,,,,,,,,,水土,,,,,,,金,,,,,,,,,,,,,,,,火,,,,,,,,,,,,,,,,,,,金,,,,,,,,,
北区,兎我野町,12番,,,,,,,,,,,,,,,,,水土,,,,,,,金,,,,,,,,,,,,,,,,火,,,,,,,,,,,,,,,,,,,,,,,,,金,,,
北区,兎我野町,13番,,,,,,,,,,,,,,,,,水土,,,,,,,金,,,,,,,,,,,,,,,,火,,,,,,,,,,,,,,,,,,,,,,,,,金,,,
北区,兎我野町,14番,,,,,,,,,,,,,,,,,水土,,,,,,,金,,,,,,,,,,,,,,,,火,,,,,,,,,,,,,,,,,,,,,,,,,金,,,
北区,兎我野町,15番,,,,,,,,,,,,,,,,,水土,,,,,,,金,,,,,,,,,,,,,,,,火,,,,,,,,,,,,,,,,,,,,,,,,,金,,,
北区,兎我野町,16番,,,,,,,,,,,,,,,,,水土,,,,,,,金,,,,,,,,,,,,,,,,火,,,,,,,,,,,,,,,,,,,,,,,,,金,,,
北区,豊崎,1丁目,1番,,,,,,,月木,,,,,,,,,,,,,,,,,,金,,,,,,,,,,,,,,,,火,,,,,,,,,,,,,,,,,,,,,,,,,,
北区,豊崎,1丁目,2番,,,,,,,月木,,,,,,,,,,,,,,,,,,,,,,,,,,金,,,,,,,,,,,,,,,,火,,,,,,,,,,,,,,,,,,
北区,豊崎,1丁目,3番,,,,,,,月木,,,,,,,,,,,,,,,,,,,,,,,,,,金,,,,,,,,,,,,,,,,火,,,,,,,,,,,,,,,,,,
北区,豊崎,1丁目,4番,,,,,,,月木,,,,,,,,,,,,,,,,,,,,,,,,,,金,,,,,,,,,,,,,,,,火,,,,,,,,,,,,,,,,,,
北区,豊崎,1丁目,5番,,,,,,,月木,,,,,,,,,,,,,,,,,,,,,,,,,,金,,,,,,,,,,,,,,,,火,,,,,,,,,,,,,,,,,,
北区,豊崎,1丁目,6番,,,,,,,月木,,,,,,,,,,,,,,,,金,,,,,,,,,,,,,,,,火,,,,,,,,,,,,,,,,,,,,,,,,,,,,
北区,豊崎,1丁目,7番,,,,,,,月木,,,,,,,,,,,,,,,,金,,,,,,,,,,,,,,,,火,,,,,,,,,,,,,,,,,,,,,,,,,,,,
北区,豊崎,1丁目,8番,,,,,,,月木,,,,,,,,,,,,,,,,,金,,,,,,,,,,,,,,,,火,,,,,,,,,,,,,,,,,,,,,,,,,,,
北区,豊崎,1丁目,9番,,,,,,,月木,,,,,,,,,,,,,,,,,,,,,,,,,金,,,,,,,,,,,,,,,,火,,,,,,,,,,,,,,,,,,,
北区,豊崎,1丁目,10番,,,,,,,月木,,,,,,,,,,,,,,,,,,,,,,,,,,金,,,,,,,,,,,,,,,,火,,,,,,,,,,,,,,,,,,
北区,豊崎,1丁目,11番,,,,,,,月木,,,,,,,,,,,,,,,,,,,,,,,,,金,,,,,,,,,,,,,,,,火,,,,,,,,,,,,,,,,,,,
北区,豊崎,1丁目,12番,,,,,,,月木,,,,,,,,,,,,,,,,,,,,,,,,,金,,,,,,,,,,,,,,,,火,,,,,,,,,,,,,,,,,,,
北区,豊崎,2丁目,1番,,,,,,,月木,,,,,,,,,,,,,,,,,,,,,,,,,,金,,,,,,,,,,,,,,,,火,,,,,,,,,,,,,,,,,,
北区,豊崎,2丁目,2番,,,,,,,月木,,,,,,,,,,,,,,,,金,,,,,,,,,,,,,,,,火,,,,,,,,,,,,,,,,,,,,,,,,,,,,
北区,豊崎,2丁目,3番,1･7~16号,,,,,,月木,,,,,,,,,,,,,,,,金,,,,,,,,,,,,,,,,火,,,,,,,,,,,,,,,,,,,,,,,,,,,,
北区,豊崎,2丁目,3番,上記以外,,,月木,,,,,,,,,,,,,,,,,,,金,,,,,,,,,,,,,,,,火,,,,,,,,,,,,,,,,,,,,,,,,,,,,
北区,豊崎,2丁目,4番,19~26号,,,,,,月木,,,,,,,,,,,,,,,,金,,,,,,,,,,,,,,,,火,,,,,,,,,,,,,,,,,,,,,,,,,,,,
北区,豊崎,2丁目,4番,上記以外,,,月木,,,,,,,,,,,,,,,,,,,金,,,,,,,,,,,,,,,,火,,,,,,,,,,,,,,,,,,,,,,,,,,,,
北区,豊崎,2丁目,5番,2~8号,,,,,,月木,,,,,,,,,,,,,,,,金,,,,,,,,,,,,,,,,火,,,,,,,,,,,,,,,,,,,,,,,,,,,,
北区,豊崎,2丁目,5番,上記以外,,,月木,,,,,,,,,,,,,,,,,,,金,,,,,,,,,,,,,,,,火,,,,,,,,,,,,,,,,,,,,,,,,,,,,
北区,豊崎,2丁目,6番,,,,,,,月木,,,,,,,,,,,,,,,,,,,,,,,,,,金,,,,,,,,,,,,,,,,火,,,,,,,,,,,,,,,,,,
北区,豊崎,2丁目,7番,,,,,,,,,,,,,,,,,,,,,,,,,,,,,,,,金,,,,,,,,,,,,,,,,火,,,,,,,,,,,,,,,,,,,
北区,豊崎,2丁目,8番,,,,,,,月木,,,,,,,,,,,,,,,,,,,,,,,,,金,,,,,,,,,,,,,,,,火,,,,,,,,,,,,,,,,,,,
北区,豊崎,2丁目,9番,,,,,,,月木,,,,,,,,,,,,,,,,,,,,,,,,,金,,,,,,,,,,,,,,,,火,,,,,,,,,,,,,,,,,,,
北区,豊崎,2丁目,10番,6~20号,,,,,,月木,,,,,,,,,,,,,,,,,,,,,,,,,金,,,,,,,,,,,,,,,,火,,,,,,,,,,,,,,,,,,,
北区,豊崎,2丁目,10番,上記以外,,,月木,,,,,,,,,,,,,,,,,,,,,,,,,,,,金,,,,,,,,,,,,,,,,火,,,,,,,,,,,,,,,,,,,
北区,豊崎,2丁目,11番,,,,,,,月木,,,,,,,,,,,,,,,,,,,,,,,,,,金,,,,,,,,,,,,,,,,火,,,,,,,,,,,,,,,,,,
北区,豊崎,3丁目,1番,,,,,,,,,,,,,,,,,,,,,,,,,,,,,,,金,,,,,,,,,,,,,,,,火,,,,,,,,,,,,,,,,,,,,
北区,豊崎,3丁目,2番,,,,,,,,,,,,,,,,,,,,,,,,,,,金,,,,,,,,,,,,,,,,火,,,,,,,,,,,,,,,,,,,,,,,,
北区,豊崎,3丁目,3番,,,,,,,,,,,,,,,,,,,,,,,,,,,金,,,,,,,,,,,,,,,,火,,,,,,,,,,,,,,,,,,,,,,,,
北区,豊崎,3丁目,4番,,,,,,,,,,,,,,,,,,,,,,,,,金,,,,,,,,,,,,,,,,火,,,,,,,,,,,,,,,,,,,,,,,,,,
北区,豊崎,3丁目,5番,,,,,,,月木,,,,,,,,,,,,,,,,,,,,金,,,,,,,,,,,,,,,,火,,,,,,,,,,,,,,,,,,,,,,,,
北区,豊崎,3丁目,6番,,,,,,,月木,,,,,,,,,,,,,,,,,,,,金,,,,,,,,,,,,,,,,火,,,,,,,,,,,,,,,,,,,,,,,,
北区,豊崎,3丁目,7番,,,,,,,,,,,,,,,,,,,,,,,,,,,金,,,,,,,,,,,,,,,,火,,,,,,,,,,,,,,,,,,,,,,,,
北区,豊崎,3丁目,8番,5･14~19番,,,,,,月木,,,,,,,,,,,,,,,,,,,,,金,,,,,,,,,,,,,,,,火,,,,,,,,,,,,,,,,,,,,,,,
北区,豊崎,3丁目,9番,,,,,,,,,,,,,,,,,,,,,,,,,,,,,,,金,,,,,,,,,,,,,,,,火,,,,,,,,,,,,,,,,,,,,
北区,豊崎,3丁目,10番,,,,,,,,,,,,,,,,,,,,,,,,,,金,,,,,,,,,,,,,,,,火,,,,,,,,,,,,,,,,,,,,,,,,,
北区,豊崎,3丁目,11番,1･12~14号,,,,,,月木,,,,,,,,,,,,,,,,,,,,金,,,,,,,,,,,,,,,,火,,,,,,,,,,,,,,,,,,,,,,,,
北区,豊崎,3丁目,12番,,,,,,,,,,,,,,,,,,,,,,,,,,,金,,,,,,,,,,,,,,,,火,,,,,,,,,,,,,,,,,,,,,,,,
北区,豊崎,3丁目,13番,,,,,,,月木,,,,,,,,,,,,,,,,,,,,,,金,,,,,,,,,,,,,,,,火,,,,,,,,,,,,,,,,,,,,,,
北区,豊崎,3丁目,14番,,,,,,,月木,,,,,,,,,,,,,,,,,,,,,金,,,,,,,,,,,,,,,,火,,,,,,,,,,,,,,,,,,,,,,,
北区,豊崎,3丁目,15番,,,,,,,月木,,,,,,,,,,,,,,,,,,,,,,金,,,,,,,,,,,,,,,,火,,,,,,,,,,,,,,,,,,,,,,
北区,豊崎,3丁目,16番,16号ブランズ梅田north,,,,,,,,,,,,,,,月木,,,,,,,,,,,,,金,,,,,,,,,,,,,,,,火,,,,,,,,,,,,,,,,,,,,,,
北区,豊崎,3丁目,16番,上記以外,,,,,,月木,,,,,,,,,,,,,,,,,,,,,金,,,,,,,,,,,,,,,,火,,,,,,,,,,,,,,,,,,,,,,,
北区,豊崎,3丁目,17番,1･29号,,,,,,月木,,,,,,,,,,,,,,,,,,,,,,,金,,,,,,,,,,,,,,,,火,,,,,,,,,,,,,,,,,,,,,
北区,豊崎,3丁目,17番,上記以外,,,月木,,,,,,,,,,,,,,,,,,,,,,,,,,金,,,,,,,,,,,,,,,,火,,,,,,,,,,,,,,,,,,,,,
北区,豊崎,3丁目,18番,ザ・ファインタワー,,,,,,,,,月木,,,,,,,,,,,,,,,,,,金,,,,,,,,,,,,,,,,火,,,,,,,,,,,,,,,,,,,,,,,
北区,豊崎,3丁目,19番,,,,,,,,,,,,,,,,,,,,,,,,,,,,金,,,,,,,,,,,,,,,,火,,,,,,,,,,,,,,,,,,,,,,,
北区,豊崎,3丁目,20番,17･20号,,,,,,月木,,,,,,,,,,,,,,,,,,,,,,,,金,,,,,,,,,,,,,,,,火,,,,,,,,,,,,,,,,,,,,
北区,豊崎,3丁目,20番,上記以外,,,月木,,,,,,,,,,,,,,,,,,,,,,,,,,,金,,,,,,,,,,,,,,,,火,,,,,,,,,,,,,,,,,,,,
北区,豊崎,3丁目,21番,,,,,,,,,,,,,,,,,,,,,,,金,,,,,,,,,,,,,,,,火,,,,,,,,,,,,,,,,,,,,,,,,,,,,
北区,豊崎,4丁目,1番,8号,,,,,,月木,,,,,,,,,,,,,,,,,,,,,,,,,,金,,,,,,,,,,,,,,,,火,,,,,,,,,,,,,,,,,,
北区,豊崎,4丁目,1番,上記以外,,,月木,,,,,,,,,,,,,,,,,,,,,,,,,,,金,,,,,,,,,,,,,,,,火,,,,,,,,,,,,,,,,,,,,
北区,豊崎,4丁目,2番,2号,,,,,,月木,,,,,,,,,,,,,,,,,,,,,,,,,,金,,,,,,,,,,,,,,,,火,,,,,,,,,,,,,,,,,,
北区,豊崎,4丁目,2番,上記以外,,,月木,,,,,,,,,,,,,,,,,,,,,,,,,,,,,金,,,,,,,,,,,,,,,,火,,,,,,,,,,,,,,,,,,
北区,豊崎,4丁目,3番,,,,,,,月木,,,,,,,,,,,,,,,,,,,,,,,,,,金,,,,,,,,,,,,,,,,火,,,,,,,,,,,,,,,,,,
北区,豊崎,4丁目,4番,,,,,,,月木,,,,,,,,,,,,,,,,,,,,,,,,,,金,,,,,,,,,,,,,,,,火,,,,,,,,,,,,,,,,,,
北区,豊崎,4丁目,5番,,,,,,,月木,,,,,,,,,,,,,,,,,,,,,,,金,,,,,,,,,,,,,,,,火,,,,,,,,,,,,,,,,,,,,,
北区,豊崎,4丁目,6番,20~28号,,,,,,月木,,,,,,,,,,,,,,,,,,,,,,,,金,,,,,,,,,,,,,,,,火,,,,,,,,,,,,,,,,,,,,
北区,豊崎,4丁目,6番,7号,レジデンス梅田,,,,,,,,月木,,,,,,,,,,,,,,,,,,,,,金,,,,,,,,,,,,,,,,火,,,,,,,,,,,,,,,,,,,,
北区,豊崎,4丁目,6番,上記以外,,,月木,,,,,,,,,,,,,,,,,,,,,,,,,,,金,,,,,,,,,,,,,,,,火,,,,,,,,,,,,,,,,,,,,
北区,豊崎,4丁目,7番,,,,,,,,,,,,,,,,,,,,,,,,,,,,,,金,,,,,,,,,,,,,,,,火,,,,,,,,,,,,,,,,,,,,,
北区,豊崎,4丁目,8番,,,,,,,月木,,,,,,,,,,,,,,,,,,,,,,,金,,,,,,,,,,,,,,,,火,,,,,,,,,,,,,,,,,,,,,
北区,豊崎,4丁目,9番,,,,,,,月木,,,,,,,,,,,,,,,,,,,,,,,金,,,,,,,,,,,,,,,,火,,,,,,,,,,,,,,,,,,,,,
北区,豊崎,4丁目,10番,,,,,,,月木,,,,,,,,,,,,,,,,,,,,,,,,,,金,,,,,,,,,,,,,,,,火,,,,,,,,,,,,,,,,,,
北区,豊崎,4丁目,11番,,,,,,,月木,,,,,,,,,,,,,,,,,,,,,,,,金,,,,,,,,,,,,,,,,火,,,,,,,,,,,,,,,,,,,,
北区,豊崎,4丁目,12番,,,,,,,月木,,,,,,,,,,,,,,,,,,,,,,,,,,金,,,,,,,,,,,,,,,,火,,,,,,,,,,,,,,,,,,
北区,豊崎,5丁目,1番,6･13~16号,,,,,,月木,,,,,,,,,,,,,,,,,,,,,,,,金,,,,,,,,,,,,,,,,火,,,,,,,,,,,,,,,,,,,,
北区,豊崎,5丁目,1番,上記以外,,,月木,,,,,,,,,,,,,,,,,,,,,,,,,,,金,,,,,,,,,,,,,,,,火,,,,,,,,,,,,,,,,,,,,
北区,豊崎,5丁目,2番,13~22号,,,,,,月木,,,,,,,,,,,,,,,,,,,,,,,,金,,,,,,,,,,,,,,,,火,,,,,,,,,,,,,,,,,,,,
北区,豊崎,5丁目,2番,上記以外,,,月木,,,,,,,,,,,,,,,,,,,,,,,,,,,金,,,,,,,,,,,,,,,,火,,,,,,,,,,,,,,,,,,,,
北区,豊崎,5丁目,3番,,,,,,,,,,,,,,,,,,,,,,,,,,,,,,金,,,,,,,,,,,,,,,,火,,,,,,,,,,,,,,,,,,,,,
北区,豊崎,5丁目,4番,,,,,,,月木,,,,,,,,,,,,,,,,,,,,,,,,金,,,,,,,,,,,,,,,,火,,,,,,,,,,,,,,,,,,,,
北区,豊崎,5丁目,5番,1~3･24号,,,,,,月木,,,,,,,,,,,,,,,,,,,,,,,,金,,,,,,,,,,,,,,,,火,,,,,,,,,,,,,,,,,,,,
北区,豊崎,5丁目,5番,上記以外,,,月木,,,,,,,,,,,,,,,,,,,,,,,,,,,金,,,,,,,,,,,,,,,,火,,,,,,,,,,,,,,,,,,,,
北区,豊崎,5丁目,6番,,,,,,,,,,,,,,,,,,,,,,,,,,,,,,金,,,,,,,,,,,,,,,,火,,,,,,,,,,,,,,,,,,,,,
北区,豊崎,5丁目,7番,7~16･24号,,,,,,月木,,,,,,,,,,,,,,,,,,,,,,,金,,,,,,,,,,,,,,,,火,,,,,,,,,,,,,,,,,,,,,
北区,豊崎,5丁目,7番,上記以外,,,月木,,,,,,,,,,,,,,,,,,,,,,,,,,金,,,,,,,,,,,,,,,,火,,,,,,,,,,,,,,,,,,,,,
北区,豊崎,5丁目,8番,,,,,,,月木,,,,,,,,,,,,,,,,,,,,,,,金,,,,,,,,,,,,,,,,火,,,,,,,,,,,,,,,,,,,,,
北区,豊崎,6丁目,1番,,,,,,,,,,,,,,,,,,,,,,,,,,,,,,,,,,金,,,,,,,,,,,,,,,,火,,,,,,,,,,,,,,,,,
北区,豊崎,6丁目,2番,,,,,,,,,,月木,,,,,,,,,,,,,,,,金,,,,,,,,,,,,,,,,火,,,,,,,,,,,,,,,,,,,,,,,,,
北区,豊崎,6丁目,3番,,,,,,,,,,,,,,,,,,,,,,,,,金,,,,,,,,,,,,,,,,火,,,,,,,,,,,,,,,,,,,,,,,,,,
北区,豊崎,6丁目,4番,,,,,,,月木,,,,,,,,,,,,,,,,,,,,,,,,,,金,,,,,,,,,,,,,,,,火,,,,,,,,,,,,,,,,,,
北区,豊崎,6丁目,5番,,,,,,,,,,,,,,,,,,,,,,,,,,,,,,,,,金,,,,,,,,,,,,,,,,火,,,,,,,,,,,,,,,,,,
北区,豊崎,6丁目,6番,,,,,,,月木,,,,,,,,,,,,,,,,,,,,,,,,,,金,,,,,,,,,,,,,,,,火,,,,,,,,,,,,,,,,,,
北区,豊崎,6丁目,7番,,,,,,,月木,,,,,,,,,,,,,,,,,,,,,,,,,,,金,,,,,,,,,,,,,,,,火,,,,,,,,,,,,,,,,,
北区,豊崎,6丁目,8番,7~19号,,,,,,月木,,,,,,,,,,,,,,,,,,,,,,金,,,,,,,,,,,,,,,,火,,,,,,,,,,,,,,,,,,,,,,
北区,豊崎,6丁目,8番,上記以外,,,月木,,,,,,,,,,,,,,,,,,,,,,,,,金,,,,,,,,,,,,,,,,火,,,,,,,,,,,,,,,,,,,,,,
北区,豊崎,6丁目,9番,,,,,,,月木,,,,,,,,,,,,,,,,,,,,,,,,,,金,,,,,,,,,,,,,,,,火,,,,,,,,,,,,,,,,,,
北区,豊崎,6丁目,10番,,,,,,,月木,,,,,,,,,,,,,,,,,,,,,,,,,,金,,,,,,,,,,,,,,,,火,,,,,,,,,,,,,,,,,,
北区,豊崎,6丁目,11番,,,,,,,月木,,,,,,,,,,,,,,,,,,,,,,,,,,金,,,,,,,,,,,,,,,,火,,,,,,,,,,,,,,,,,,
北区,豊崎,6丁目,12番,,,,,,,月木,,,,,,,,,,,,,,,,,,,,,,,,,,金,,,,,,,,,,,,,,,,火,,,,,,,,,,,,,,,,,,
北区,豊崎,6丁目,14番,,,,,,,月木,,,,,,,,,,,,,,,,,,,,,,,,,,金,,,,,,,,,,,,,,,,火,,,,,,,,,,,,,,,,,,
北区,豊崎,6丁目,15番,,,,,,,月木,,,,,,,,,,,,,,,,,,,,,,,,,,金,,,,,,,,,,,,,,,,火,,,,,,,,,,,,,,,,,,
北区,豊崎,6丁目,16番,,,,,,,月木,,,,,,,,,,,,,,,,,,,,,,,,,,金,,,,,,,,,,,,,,,,火,,,,,,,,,,,,,,,,,,
北区,豊崎,6丁目,18番,,,,,,,,,,,,,,,,,,,,,,,,,,,,,,,,,金,,,,,,,,,,,,,,,,火,,,,,,,,,,,,,,,,,,
北区,豊崎,7丁目,1番,,,,,,,月木,,,,,,,,,,,,,,,,,,,,,,,,,,金,,,,,,,,,,,,,,,,火,,,,,,,,,,,,,,,,,,
北区,豊崎,7丁目,2番,2~17･23~35号,,,,,,月木,,,,,,,,,,,,,,,,,,,,,,,,,,金,,,,,,,,,,,,,,,,火,,,,,,,,,,,,,,,,,,
北区,豊崎,7丁目,2番,上記以外,,,月木,,,,,,,,,,,,,,,,,,,,,,,,,,,,,金,,,,,,,,,,,,,,,,火,,,,,,,,,,,,,,,,,,
北区,豊崎,7丁目,3番,,,,,,,月木,,,,,,,,,,,,,,,,,,,,,,,,,,金,,,,,,,,,,,,,,,,火,,,,,,,,,,,,,,,,,,
北区,豊崎,7丁目,4番,,,,,,,月木,,,,,,,,,,,,,,,,,,,,,,,,,,金,,,,,,,,,,,,,,,,火,,,,,,,,,,,,,,,,,,
北区,豊崎,7丁目,5番,,,,,,,,,,月木,,,,,,,,,,,,,,,,,,,,,,,,,,,,,,,,,,,,,,,,,,,,,,,,,,,,,,,,,
北区,豊崎,7丁目,6番,,,,,,,月木,,,,,,,,,,,,,,,,,,,,,,,,,,金,,,,,,,,,,,,,,,,火,,,,,,,,,,,,,,,,,,
北区,豊崎,7丁目,7番,,,,,,,月木,,,,,,,,,,,,,,,,,,,,,,,,,,金,,,,,,,,,,,,,,,,火,,,,,,,,,,,,,,,,,,
北区,中崎,1丁目,1番,19~32号,,,,,,,,水土,,,,,,,,,,,,,,金,,,,,,,,,,,,,,,,火,,,,,,,,,,,,,,,,,,,,,,,,,,,,
北区,中崎,1丁目,1番,上記以外,,,水土,,,,,,,,,,,,,,,,,,,金,,,,,,,,,,,,,,,,火,,,,,,,,,,,,,,,,,,,,,,,,,,,,
北区,中崎,1丁目,2番,17~18号,,,,,,,,,,,,,,,水土,,,,,,,,金,,,,,,,,,,,,,,,,火,,,,,,,,,,,,,,,,,,,,,,,,,,,
北区,中崎,1丁目,2番,上記以外,,,水土,,,,,,,,,,,,,,,,,,,,金,,,,,,,,,,,,,,,,火,,,,,,,,,,,,,,,,,,,,,,,,,,,
北区,中崎,1丁目,3番,,,,,,,,,水土,,,,,,,,,,,,,,,金,,,,,,,,,,,,,,,,火,,,,,,,,,,,,,,,,,,,,,,,,,,,
北区,中崎,1丁目,4番,3～6・9～15号,,,,,,,,,,,,,,,水土,,,,,,,,金,,,,,,,,,,,,,,,,火,,,,,,,,,,,,,,,,,,,,,,,,,,,
北区,中崎,1丁目,4番,上記以外,,,水土,,,,,,,,,,,,,,,,,,,,金,,,,,,,,,,,,,,,,火,,,,,,,,,,,,,,,,,,,,,,,,,,,
北区,中崎,1丁目,5番,,,,,,,,,水土,,,,,,,,,,,,,,金,,,,,,,,,,,,,,,,火,,,,,,,,,,,,,,,,,,,,,,,,,,,,
北区,中崎,1丁目,6番,16~21号,,,,,,水土,,,,,,,,,,,,,,,,金,,,,,,,,,,,,,,,,火,,,,,,,,,,,,,,,,,,,,,,,,,,,,
北区,中崎,1丁目,6番,上記以外,,,水土,,,,,,,,,,,,,,,,,,,金,,,,,,,,,,,,,,,,火,,,,,,,,,,,,,,,,,,,,,,,,,,,,
北区,中崎,1丁目,7番,1～4号,,,,,,,,水土,,,,,,,,,,,,,,金,,,,,,,,,,,,,,,,火,,,,,,,,,,,,,,,,,,,,,,,,,,,,
北区,中崎,1丁目,7番,上記以外,,,水土,,,,,,,,,,,,,,,,,,,金,,,,,,,,,,,,,,,,火,,,,,,,,,,,,,,,,,,,,,,,,,,,,
北区,中崎,1丁目,8番,8～11号,,,,,,水土,,,,,,,,,,,,,,,,金,,,,,,,,,,,,,,,,火,,,,,,,,,,,,,,,,,,,,,,,,,,,,
北区,中崎,1丁目,8番,13~14号,,,,,,,,水土,,,,,,,,,,,,,,金,,,,,,,,,,,,,,,,火,,,,,,,,,,,,,,,,,,,,,,,,,,,,
北区,中崎,1丁目,8番,上記以外,,,水土,,,,,,,,,,,,,,,,,,,金,,,,,,,,,,,,,,,,火,,,,,,,,,,,,,,,,,,,,,,,,,,,,
北区,中崎,1丁目,9番,2～7・13～18号,,,,,,水土,,,,,,,,,,,,,,,,金,,,,,,,,,,,,,,,,火,,,,,,,,,,,,,,,,,,,,,,,,,,,,
北区,中崎,1丁目,9番,上記以外,,,水土,,,,,,,,,,,,,,,,,,,金,,,,,,,,,,,,,,,,火,,,,,,,,,,,,,,,,,,,,,,,,,,,,
北区,中崎,1丁目,10番,2～10号,,,,,,水土,,,,,,,,,,,,,,,,,,金,,,,,,,,,,,,,,,,火,,,,,,,,,,,,,,,,,,,,,,,,,,
北区,中崎,1丁目,10番,上記以外,,,水土,,,,,,,,,,,,,,,,,,,,,金,,,,,,,,,,,,,,,,火,,,,,,,,,,,,,,,,,,,,,,,,,,
北区,中崎,1丁目,11番,,,,水土,,,,,,,,,,,,,,,,,,,,,,,,,,金,,,,,,,,,,,,,,,,火,,,,,,,,,,,,,,,,,,,,,
北区,中崎,2丁目,1番,12~17号,,,,,,水土,,,,,,,,,,,,,,,,,,,,,,,,,,金,,,,,,,,,,,,,,,,火,,,,,,,,,,,,,,,,,,
北区,中崎,2丁目,1番,上記以外,,,水土,,,,,,,,,,,,,,,,,,,,,,,,,,,,,金,,,,,,,,,,,,,,,,火,,,,,,,,,,,,,,,,,,
北区,中崎,2丁目,2番,,,,,,,水土,,,,,,,,,,,,,,,,,,,,,,,,,,,金,,,,,,,,,,,,,,,,火,,,,,,,,,,,,,,,,,
北区,中崎,2丁目,3番,,,,,,,水土,,,,,,,,,,,,,,,,金,,,,,,,,,,,,,,,,火,,,,,,,,,,,,,,,,,,,,,,,,,,,,
北区,中崎,2丁目,4番,10~25号,,,,,,水土,,,,,,,,,,,,,,,,,,,,,,,,,,,金,,,,,,,,,,,,,,,,火,,,,,,,,,,,,,,,,,
北区,中崎,2丁目,5番,,,,,,,水土,,,,,,,,,,,,,,,,,,,,,,,,,,金,,,,,,,,,,,,,,,,火,,,,,,,,,,,,,,,,,,
北区,中崎,2丁目,6番,1･16~19号,,,,,,水土,,,,,,,,,,,,,,,,,,,,,,,,,,金,,,,,,,,,,,,,,,,火,,,,,,,,,,,,,,,,,,
北区,中崎,2丁目,6番,7~8号,,,,,,水土,,,,,,,,,,,,,,,,,,,,,,,,,,金,,,,,,,,,,,,,,,,火,,,,,,,,,,,,,,,,,,
北区,中崎,2丁目,7番,2~12号,,,,,,水土,,,,,,,,,,,,,,,,金,,,,,,,,,,,,,,,,,,,,,火,,,,,,,,,,,,,,,,,,,,,,,
北区,中崎,2丁目,8番,14･18号,,,,,,水土,,,,,,,,,,,,,,,,,,,,,,,,,,金,,,,,,,,,,,,,,,,火,,,,,,,,,,,,,,,,,,
北区,中崎,2丁目,9番,,,,,,,水土,,,,,,,,,,,,,,,,,,,,,,,,,,,金,,,,,,,,,,,,,,,,火,,,,,,,,,,,,,,,,,
北区,中崎,3丁目,1番,6･16~21号,,,,,,水土,,,,,,,,,,,,,,,,金,,,,,,,,,,,,,,,,火,,,,,,,,,,,,,,,,,,,,,,,,,,,,
北区,中崎,3丁目,2番,9~31号,,,,,,水土,,,,,,,,,,,,,,,,,,金,,,,,,,,,,,,,,,,火,,,,,,,,,,,,,,,,,,,,,,,,,,
北区,中崎,3丁目,3番,1~13･25~27号,,,,,,水土,,,,,,,,,,,,,,,,,,,,,,,,,,金,,,,,,,,,,,,,,,,火,,,,,,,,,,,,,,,,,,
北区,中崎,3丁目,4番,2･25号,,,,,,水土,,,,,,,,,,,,,,,,,,,,,,,,金,,,,,,,,,,,,,,,,火,,,,,,,,,,,,,,,,,,,,
北区,中崎,3丁目,4番,22号,,,,,,,,,,,,,,,水土,,,,,,,,,,,,,,,金,,,,,,,,,,,,,,,,火,,,,,,,,,,,,,,,,,,,,
北区,中崎,3丁目,5番,10~13号,,,,,,水土,,,,,,,,,,,,,,,,,,,,,,,,金,,,,,,,,,,,,,,,,火,,,,,,,,,,,,,,,,,,,,
北区,中崎西,1丁目,1番,,,,,,,水土,,,,,,,,,,,,,,,,,,,,金,,,,,,,,,,,,,,,,火,,,,,,,,,,,,,,,,,,,,,,,,
北区,中崎西,1丁目,2番,,,,,,,水土,,,,,,,,,,,,,,,,,,,,,,,,金,,,,,,,,,,,,,,,,火,,,,,,,,,,,,,,,,,,,,
北区,中崎西,1丁目,3番,,,,,,,,,,,,,,,,,,,,,,,,金,,,,,,,,,,,,,,,,火,,,,,,,,,,,,,,,,,,,,,,,,,,,
北区,中崎西,1丁目,4番,3･22~26号,,,,,,水土,,,,,,,,,,,,,,,,金,,,,,,,,,,,,,,,,火,,,,,,,,,,,,,,,,,,,,,,,,,,,,
北区,中崎西,1丁目,5番,4･14~22号,,,,,,水土,,,,,,,,,,,,,,,,金,,,,,,,,,,,,,,,,火,,,,,,,,,,,,,,,,,,,,,,,,,,,,
北区,中崎西,1丁目,6番,36~37号,,,,,,水土,,,,,,,,,,,,,,,,,,,金,,,,,,,,,,,,,,,,火,,,,,,,,,,,,,,,,,,,,,,,,,
北区,中崎西,1丁目,7番,17･31~36号,,,,,,水土,,,,,,,,,,,,,,,,,,,,,金,,,,,,,,,,,,,,,,火,,,,,,,,,,,,,,,,,,,,,,,
北区,中崎西,1丁目,8番,9～11･15･16号,,,,,水土,,,,,,,,,,,,,,,,,,,,,,,,,金,,,,,,,,,,,,,,,,火,,,,,,,,,,,,,,,,,,,,
北区,中崎西,1丁目,8番,上記以外,,,,,,水土,,,,,,,,,,,,,,,,,,,,,,,,金,,,,,,,,,,,,,,,,火,,,,,,,,,,,,,,,,,,,,
北区,中崎西,1丁目,9番,5~18号,,,,,,水土,,,,,,,,,,,,,,,,,,,,,,,,金,,,,,,,,,,,,,,,,火,,,,,,,,,,,,,,,,,,,,
北区,中崎西,1丁目,10番,11号,,,,,,水土,,,,,,,,,,,,,,,,,,,,金,,,,,,,,,,,,,,,,火,,,,,,,,,,,,,,,,,,,,,,,,
北区,中崎西,1丁目,11番,10~17号,,,,,,水土,,,,,,,,,,,,,,,,,,,,,,,,,金,,,,,,,,,,,,,,,,火,,,,,,,,,,,,,,,,,,,
北区,中崎西,2丁目,1番,,,,,,,水土,,,,,,,,,,,,,,,,,,,,金,,,,,,,,,,,,,,,,火,,,,,,,,,,,,,,,,,,,,,,,,
北区,中崎西,2丁目,2番,,,,,,,,,,,,,,,,,,,,,,,,,,,金,,,,,,,,,,,,,,,,火,,,,,,,,,,,,,,,,,,,,,,,,
北区,中崎西,2丁目,3番,1~18号,,,,,,水土,,,,,,,,,,,,,,,,,,,,金,,,,,,,,,,,,,,,,火,,,,,,,,,,,,,,,,,,,,,,,,
北区,中崎西,2丁目,3番,上記以外,,,水土,,,,,,,,,,,,,,,,,,,,,,,金,,,,,,,,,,,,,,,,火,,,,,,,,,,,,,,,,,,,,,,,,
北区,中崎西,2丁目,4番,35号,,,,,,水土,,,,,,,,,,,,,,,,金,,,,,,,,,,,,,,,,火,,,,,,,,,,,,,,,,,,,,,,,,,,,,
北区,中崎西,2丁目,4番,上記以外,,,水土,,,,,,,,,,,,,,,,,,,金,,,,,,,,,,,,,,,,火,,,,,,,,,,,,,,,,,,,,,,,,,,,,
北区,中崎西,2丁目,5番,14~21号,,,,,,水土,,,,,,,,,,,,,,,,,,,,金,,,,,,,,,,,,,,,,,火,,,,,,,,,,,,,,,,,,,,,,,
北区,中崎西,2丁目,5番,上記以外,,,水土,,,,,,,,,,,,,,,,,,,,,,,金,,,,,,,,,,,,,,,,,火,,,,,,,,,,,,,,,,,,,,,,,
北区,中崎西,2丁目,6番,13~17号,,,,,,,,,,,,,,,水土,,,,,,,,,,,,,,,,,金,,,,,,,,,,,,,,,,火,,,,,,,,,,,,,,,,,,
北区,中崎西,2丁目,6番,上記以外,,,水土,,,,,,,,,,,,,,,,,,,,,,,,,,,,,金,,,,,,,,,,,,,,,,火,,,,,,,,,,,,,,,,,,
北区,中崎西,3丁目,1番,2~10号,,,,,,水土,,,,,,,,,,,,,,,,,,,,,,,,金,,,,,,,,,,,,,,,,火,,,,,,,,,,,,,,,,,,,,
北区,中崎西,3丁目,1番,13号,,,,,,水土,,,,,,,,,,,,,,,,,,,,,,,,金,,,,,,,,,,,,,,,,火,,,,,,,,,,,,,,,,,,,,
北区,中崎西,3丁目,1番,31～33号,,,,,,,,,,,,,,,水土,,,,,,,,,,,,,,,金,,,,,,,,,,,,,,,,火,,,,,,,,,,,,,,,,,,,,
北区,中崎西,3丁目,1番,上記以外,,,水土,,,,,,,,,,,,,,,,,,,,,,,,,,,金,,,,,,,,,,,,,,,,火,,,,,,,,,,,,,,,,,,,,
北区,中崎西,3丁目,2番,17~30号,,,,,,水土,,,,,,,,,,,,,,,,,,,,,,,,金,,,,,,,,,,,,,,,,火,,,,,,,,,,,,,,,,,,,,
北区,中崎西,3丁目,2番,上記以外,,,水土,,,,,,,,,,,,,,,,,,,,,,,,,,,金,,,,,,,,,,,,,,,,火,,,,,,,,,,,,,,,,,,,,
北区,中崎西,3丁目,3番,30~43号,,,,,,水土,,,,,,,,,,,,,,,,,,,,,金,,,,,,,,,,,,,,,,火,,,,,,,,,,,,,,,,,,,,,,,
北区,中崎西,3丁目,3番,上記以外,,,水土,,,,,,,,,,,,,,,,,,,,,,,,金,,,,,,,,,,,,,,,,火,,,,,,,,,,,,,,,,,,,,,,,
北区,中崎西,4丁目,1番,,,,,,,水土,,,,,,,,,,,,,,,,,,,,,,,,金,,,,,,,,,,,,,,,,火,,,,,,,,,,,,,,,,,,,,
北区,中崎西,4丁目,2番,,,,,,,水土,,,,,,,,,,,,,,,,,,,,,,,,,金,,,,,,,,,,,,,,,,火,,,,,,,,,,,,,,,,,,,
北区,中崎西,4丁目,3番,,,,,,,水土,,,,,,,,,,,,,,,,,,,,,金,,,,,,,,,,,,,,,,,,火,,,,,,,,,,,,,,,,,,,,,
北区,中津,1丁目,1番,,,,,,,,,,,,,,,,月木,,,,,,,,土,,,,,,,,,,,,,,,,水,,,,,,,,,,,,,,,,,,,,,,,,,,,
北区,中津,1丁目,2番,,,,,,,,,,,,,,,,月木,,,,,,,,土,,,,,,,,,,,,,,,,水,,,,,,,,,,,,,,,,,,,,,,,,,,,
北区,中津,1丁目,3番,,,,,,,,,,,,,,,,月木,,,,,,,,土,,,,,,,,,,,,,,,,水,,,,,,,,,,,,,,,,,,,,,,,,,,,
北区,中津,1丁目,4番,,,,,,,,,,,,,,,,月木,,,,,,,,土,,,,,,,,,,,,,,,,水,,,,,,,,,,,,,,,,,,,,,,,,,,,
北区,中津,1丁目,5番,,,,,,,,,,,,,,,,月木,,,,,,,,土,,,,,,,,,,,,,,,,水,,,,,,,,,,,,,,,,,,,,,,,,,,,
北区,中津,1丁目,6番,29号,セントラルマークタワー,,,,,,,,月木,,,,,,,,,,,,,土,,,,,,,,,,,,,,,,水,,,,,,,,,,,,,,,,,,,,,,,,,,,,
北区,中津,1丁目,6番,上記以外,,,月木,,,,,,,,,,,,,,,,,,,土,,,,,,,,,,,,,,,,水,,,,,,,,,,,,,,,,,,,,,,,,,,,,
北区,中津,1丁目,7番,,,,,,,,,,,,,,,,月木,,,,,,,土,,,,,,,,,,,,,,,,水,,,,,,,,,,,,,,,,,,,,,,,,,,,,
北区,中津,1丁目,8番,,,,,,,,,,,,,,,,月木,,,,,,,,土,,,,,,,,,,,,,,,,水,,,,,,,,,,,,,,,,,,,,,,,,,,,
北区,中津,1丁目,9番,,,,,,,,,,,,,,,,月木,,,,,,,,土,,,,,,,,,,,,,,,,水,,,,,,,,,,,,,,,,,,,,,,,,,,,
北区,中津,1丁目,10番,1~7号,,,,,,,,,,,,,,,月木,,,,,,,,土,,,,,,,,,,,,,,,,水,,,,,,,,,,,,,,,,,,,,,,,,,,,
北区,中津,1丁目,10番,上記以外,,,月木,,,,,,,,,,,,,,,,,,,,土,,,,,,,,,,,,,,,,水,,,,,,,,,,,,,,,,,,,,,,,,,,,
北区,中津,1丁目,11番,,,,,,,,,,,,,,,,月木,,,,,,,,,土,,,,,,,,,,,,,,,,水,,,,,,,,,,,,,,,,,,,,,,,,,,
北区,中津,1丁目,12番,,,,,,,月木,,,,,,,,,,,,,,,,,,土,,,,,,,,,,,,,,,,水,,,,,,,,,,,,,,,,,,,,,,,,,,
北区,中津,1丁目,13番,13号,,,,,,,,,,,,,,,月木,,,,,,,土,,,,,,,,,,,,,,,,水,,,,,,,,,,,,,,,,,,,,,,,,,,,,
北区,中津,1丁目,13番,軽四輪車(小さい車)で収集している地域,,,,,,月木,,,,,,,,,,,,,,,,土,,,,,,,,,,,,,,,,水,,,,,,,,,,,,,,,,,,,,,,,,,,,,
北区,中津,1丁目,14番,12~14号,,,,,,月木,,,,,,,,,,,,,,,,,土,,,,,,,,,,,,,,,,水,,,,,,,,,,,,,,,,,,,,,,,,,,,
北区,中津,1丁目,14番,上記以外,,,月木,,,,,,,,,,,,,,,,,,,,土,,,,,,,,,,,,,,,,水,,,,,,,,,,,,,,,,,,,,,,,,,,,
北区,中津,1丁目,15番,20~33号,,,,,,,,,,,,,,,月木,,,,,,,,土,,,,,,,,,,,,,,,,水,,,,,,,,,,,,,,,,,,,,,,,,,,,
北区,中津,1丁目,15番,上記以外,,,月木,,,,,,,,,,,,,,,,,,,,土,,,,,,,,,,,,,,,,水,,,,,,,,,,,,,,,,,,,,,,,,,,,
北区,中津,1丁目,16番,,,,,,,,,,,,,,,,月木,,,,,,,,土,,,,,,,,,,,,,,,,水,,,,,,,,,,,,,,,,,,,,,,,,,,,
北区,中津,1丁目,17番,2･17号,,,,,,,,,,,,,,,月木,,,,,,,土,,,,,,,,,,,,,,,,水,,,,,,,,,,,,,,,,,,,,,,,,,,,,
北区,中津,1丁目,17番,上記以外,,,月木,,,,,,,,,,,,,,,,,,,土,,,,,,,,,,,,,,,,水,,,,,,,,,,,,,,,,,,,,,,,,,,,,
北区,中津,1丁目,18番,4号,,,,,,,,,,,,,,,月木,,,,,,,土,,,,,,,,,,,,,,,,水,,,,,,,,,,,,,,,,,,,,,,,,,,,,
北区,中津,1丁目,18番,上記以外,,,月木,,,,,,,,,,,,,,,,,,,土,,,,,,,,,,,,,,,,水,,,,,,,,,,,,,,,,,,,,,,,,,,,,
北区,中津,2丁目,1番,,,,,,,,,,,,,,,,,,,,,,,,土,,,,,,,,,,,,,,,,水,,,,,,,,,,,,,,,,,,,,,,,,,,,
北区,中津,2丁目,2番,28~32号,,,,,,,,,,,,,,,月木,,,,,,,,土,,,,,,,,,,,,,,,,水,,,,,,,,,,,,,,,,,,,,,,,,,,,
北区,中津,2丁目,2番,上記以外,,,月木,,,,,,,,,,,,,,,,,,,,土,,,,,,,,,,,,,,,,水,,,,,,,,,,,,,,,,,,,,,,,,,,,
北区,中津,2丁目,3番,,,,,,,,,,,,,,,,月木,,,,,,,,土,,,,,,,,,,,,,,,,水,,,,,,,,,,,,,,,,,,,,,,,,,,,
北区,中津,2丁目,4番,,,,,,,,,,,,,,,,月木,,,,,,,,土,,,,,,,,,,,,,,,,水,,,,,,,,,,,,,,,,,,,,,,,,,,,
北区,中津,2丁目,5番,,,,,,,,,,,,,,,,月木,,,,,,,,土,,,,,,,,,,,,,,,,水,,,,,,,,,,,,,,,,,,,,,,,,,,,
北区,中津,2丁目,6番,エスリード中津,,,,,,,,,月木,,,,,,,,,,,,,,土,,,,,,,,,,,,,,,,水,,,,,,,,,,,,,,,,,,,,,,,,,,,
北区,中津,2丁目,7番,,,,,,,,,,,,,,,,月木,,,,,,,,土,,,,,,,,,,,,,,,,水,,,,,,,,,,,,,,,,,,,,,,,,,,,
北区,中津,2丁目,8番,A~D号,中津リバーサイドコーポ,,,,,,,,月木,,,,,,,,,,,,,,土,,,,,,,,,,,,,,,,水,,,,,,,,,,,,,,,,,,,,,,,,,,,
北区,中津,2丁目,8番,上記以外,,,月木,,,,,,,,,,,,,,,,,,,,土,,,,,,,,,,,,,,,,水,,,,,,,,,,,,,,,,,,,,,,,,,,,
北区,中津,2丁目,9番,51号,,,,,,,,,,,,,,,月木,,,,,,,,土,,,,,,,,,,,,,,,,水,,,,,,,,,,,,,,,,,,,,,,,,,,,
北区,中津,2丁目,9番,上記以外,,,月木,,,,,,,,,,,,,,,,,,,,土,,,,,,,,,,,,,,,,水,,,,,,,,,,,,,,,,,,,,,,,,,,,
北区,中津,3丁目,3番,3~17･34~36号,,,,,,,,,,,,,,,月木,,,,,,,,,,,,,,,,,土,,,,,,,,,,,,,,,,水,,,,,,,,,,,,,,,,,,
北区,中津,3丁目,3番,上記以外,,,月木,,,,,,,,,,,,,,,,,,,,,,,,,,,,,土,,,,,,,,,,,,,,,,水,,,,,,,,,,,,,,,,,,
北区,中津,3丁目,4番,24~27･35号,,,,,,,,,,,,,,,月木,,,,,,,,,,,,,,土,,,,,,,,,,,,,,,,水,,,,,,,,,,,,,,,,,,,,,
北区,中津,3丁目,4番,上記以外,,,月木,,,,,,,,,,,,,,,,,,,,,,,,,,土,,,,,,,,,,,,,,,,水,,,,,,,,,,,,,,,,,,,,,
北区,中津,3丁目,5番,,,,,,,,,,,,,,,,月木,,,,,,,,,,,,,,土,,,,,,,,,,,,,,,,水,,,,,,,,,,,,,,,,,,,,,
北区,中津,3丁目,6番,,,,,,,,,,,,,,,,月木,,,,,,,,,,,,,,土,,,,,,,,,,,,,,,,水,,,,,,,,,,,,,,,,,,,,,
北区,中津,3丁目,7番,48~54号,,,,,,,,,,,,,,,月木,,,,,,,,土,,,,,,,,,,,,,,,,水,,,,,,,,,,,,,,,,,,,,,,,,,,,
北区,中津,3丁目,7番,上記以外,,,月木,,,,,,,,,,,,,,,,,,,,土,,,,,,,,,,,,,,,,水,,,,,,,,,,,,,,,,,,,,,,,,,,,
北区,中津,3丁目,8番,13~17号,,,,,,,,,,,,,,,月木,,,,,,,,土,,,,,,,,,,,,,,,,水,,,,,,,,,,,,,,,,,,,,,,,,,,,
北区,中津,3丁目,8番,上記以外,,,月木,,,,,,,,,,,,,,,,,,,,土,,,,,,,,,,,,,,,,水,,,,,,,,,,,,,,,,,,,,,,,,,,,
北区,中津,3丁目,9番,,,,,,,,,,,,,,,,月木,,,,,,,,,,,,,,土,,,,,,,,,,,,,,,,水,,,,,,,,,,,,,,,,,,,,,
北区,中津,3丁目,10番,,,,,,,,,,,,,,,,月木,,,,,,,,,,,,,,土,,,,,,,,,,,,,,,,水,,,,,,,,,,,,,,,,,,,,,
北区,中津,3丁目,11番,2号,パークプラザ北梅田,,,,,,,,月木,,,,,,,,,,,,,,,,,,,,土,,,,,,,,,,,,,,,,水,,,,,,,,,,,,,,,,,,,,,
北区,中津,3丁目,11番,上記以外,,,,,,,,,,,,,,,月木,,,,,,,,,,,,,,土,,,,,,,,,,,,,,,,水,,,,,,,,,,,,,,,,,,,,,
北区,中津,3丁目,12番,,,,,,,,,,,,,,,,月木,,,,,,,,,,,,,,土,,,,,,,,,,,,,,,,水,,,,,,,,,,,,,,,,,,,,,
北区,中津,3丁目,13番,,,,,,,,,,,,,,,,月木,,,,,,,,,,,,,,土,,,,,,,,,,,,,,,,水,,,,,,,,,,,,,,,,,,,,,
北区,中津,3丁目,14番,,,,,,,,,,,,,,,,月木,,,,,,,,土,,,,,,,,,,,,,,,,水,,,,,,,,,,,,,,,,,,,,,,,,,,,
北区,中津,3丁目,15番,,,,,,,,,,,,,,,,月木,,,,,,,,土,,,,,,,,,,,,,,,,水,,,,,,,,,,,,,,,,,,,,,,,,,,,
北区,中津,3丁目,16番,,,,,,,,,,,,,,,,月木,,,,,,,,土,,,,,,,,,,,,,,,,水,,,,,,,,,,,,,,,,,,,,,,,,,,,
北区,中津,3丁目,17番,,,,,,,,,,,,,,,,月木,,,,,,,,,,,,,,土,,,,,,,,,,,,,,,,水,,,,,,,,,,,,,,,,,,,,,
北区,中津,3丁目,18番,,,,,,,,,,,,,,,,月木,,,,,,,,,,,,,,土,,,,,,,,,,,,,,,,水,,,,,,,,,,,,,,,,,,,,,
北区,中津,3丁目,19番,,,,,,,,,,,,,,,,月木,,,,,,,,,,,,,,土,,,,,,,,,,,,,,,,水,,,,,,,,,,,,,,,,,,,,,
北区,中津,3丁目,20番,4号,,,,,,,,,月木,,,,,,,,,,,,,,,,,,,,土,,,,,,,,,,,,,,,,水,,,,,,,,,,,,,,,,,,,,,
北区,中津,3丁目,20番,上記以外,,,,,,,,,,,,,,,月木,,,,,,,,,,,,,,土,,,,,,,,,,,,,,,,水,,,,,,,,,,,,,,,,,,,,,
北区,中津,3丁目,21番,,,,,,,,,,,,,,,,月木,,,,,,,,,,,,,,土,,,,,,,,,,,,,,,,水,,,,,,,,,,,,,,,,,,,,,
北区,中津,3丁目,22番,,,,,,,,,,,,,,,,月木,,,,,,,,,土,,,,,,,,,,,,,,,,水,,,,,,,,,,,,,,,,,,,,,,,,,,
北区,中津,3丁目,23番,9~16号,,,,,,,,,,,,,,,月木,,,,,,,,土,,,,,,,,,,,,,,,,水,,,,,,,,,,,,,,,,,,,,,,,,,,,
北区,中津,3丁目,23番,上記以外,,,,,,,,,月木,,,,,,,,,,,,,,土,,,,,,,,,,,,,,,,水,,,,,,,,,,,,,,,,,,,,,,,,,,,
北区,中津,3丁目,24番,,パークホームズ,,,,,,,,月木,,,,,,,,,,,,,,,,,,,,,,,土,,,,,,,,,,,,,,,,水,,,,,,,,,,,,,,,,,,
北区,中津,3丁目,25番,,,,,,,,,,,,,,,,月木,,,,,,,,,,土,,,,,,,,,,,,,,,,水,,,,,,,,,,,,,,,,,,,,,,,,,
北区,中津,3丁目,26番,,,,,,,,,,,,,,,,月木,,,,,,,,,,土,,,,,,,,,,,,,,,,水,,,,,,,,,,,,,,,,,,,,,,,,,
北区,中津,3丁目,27番,,,,,,,,,,,,,,,,月木,,,,,,,,,,土,,,,,,,,,,,,,,,,水,,,,,,,,,,,,,,,,,,,,,,,,,
北区,中津,3丁目,28番,,,,,,,,,,,,,,,,月木,,,,,,,,,,土,,,,,,,,,,,,,,,,水,,,,,,,,,,,,,,,,,,,,,,,,,
北区,中津,3丁目,29番,,,,,,,,,,,,,,,,月木,,,,,,,,,,,,土,,,,,,,,,,,,,,,,水,,,,,,,,,,,,,,,,,,,,,,,
北区,中津,3丁目,30番,,,,,,,,,,,,,,,,月木,,,,,,,,土,,,,,,,,,,,,,,,,水,,,,,,,,,,,,,,,,,,,,,,,,,,,
北区,中津,3丁目,32番,,,,,,,,,,,,,,,,月木,,,,,,,,土,,,,,,,,,,,,,,,,水,,,,,,,,,,,,,,,,,,,,,,,,,,,
北区,中津,3丁目,33番,,,,,,,,,,月木,,,,,,,,,,,,,,土,,,,,,,,,,,,,,,,水,,,,,,,,,,,,,,,,,,,,,,,,,,,
北区,中津,3丁目,34番,,,,,,,,,,月木,,,,,,,,,,,,,,土,,,,,,,,,,,,,,,,水,,,,,,,,,,,,,,,,,,,,,,,,,,,
北区,中津,3丁目,35番,5~8号,,,,,,,,,月木,,,,,,,,,,,,,,,,,土,,,,,,,,,,,,,,,,水,,,,,,,,,,,,,,,,,,,,,,,,
北区,中津,3丁目,35番,11~23号,,,,,,,,,,,,,,,月木,,,,,,,,,,,土,,,,,,,,,,,,,,,,水,,,,,,,,,,,,,,,,,,,,,,,,
北区,中津,3丁目,36番,,中津パーク・マンション,,,,,,,,,,,,,,月木,,,,,,,,,土,,,,,,,,,,,,,,,,水,,,,,,,,,,,,,,,,,,,,,,,,,,
北区,中津,4丁目,1番,,,,,,,,,,,,,,,,,,,,,,,,,土,,,,,,,,,,,,,,,,水,,,,,,,,,,,,,,,,,,,,,,,,,,
北区,中津,4丁目,2番,,,,,,,,,,,,,,,,,,,,,,,,,土,,,,,,,,,,,,,,,,水,,,,,,,,,,,,,,,,,,,,,,,,,,
北区,中津,4丁目,3番,,,,,,,,,,月木,,,,,,,,,,,,,,土,,,,,,,,,,,,,,,,水,,,,,,,,,,,,,,,,,,,,,,,,,,,
北区,中津,4丁目,4番,,,,,,,,,,月木,,,,,,,,,,,,,,,,,,,,,,,土,,,,,,,,,,,,,,,,水,,,,,,,,,,,,,,,,,,
北区,中津,4丁目,5番,,,,,,,,,,月木,,,,,,,,,,,,,,,,,,,,,土,,,,,,,,,,,,,,,,水,,,,,,,,,,,,,,,,,,,,
北区,中津,4丁目,6番,,,,,,,,,,月木,,,,,,,,,,,,,,,,土,,,,,,,,,,,,,,,,水,,,,,,,,,,,,,,,,,,,,,,,,,
北区,中津,4丁目,7番,,,,,,,,,,月木,,,,,,,,,,,,,,,,,,,,土,,,,,,,,,,,,,,,,水,,,,,,,,,,,,,,,,,,,,,
北区,中津,4丁目,8番,,,,,,,,,,月木,,,,,,,,,,,,,,,,,,,,土,,,,,,,,,,,,,,,,水,,,,,,,,,,,,,,,,,,,,,
北区,中津,4丁目,9番,,,,,,,,,,月木,,,,,,,,,,,,,,土,,,,,,,,,,,,,,,,水,,,,,,,,,,,,,,,,,,,,,,,,,,,
北区,中津,4丁目,10番,1号,,,,,,,,,月木,,,,,,,,,,,,,,,,土,,,,,,,,,,,,,,,,水,,,,,,,,,,,,,,,,,,,,,,,,,
北区,中津,4丁目,10番,上記以外,,,月木,,,,,,,,,,,,,,,,,,,,,,土,,,,,,,,,,,,,,,,水,,,,,,,,,,,,,,,,,,,,,,,,,
北区,中津,4丁目,11番,,,,,,,,,,月木,,,,,,,,,,,,,,土,,,,,,,,,,,,,,,,水,,,,,,,,,,,,,,,,,,,,,,,,,,,
北区,中津,5丁目,1番,,,,,,,,,,,,,,,,,,,,,,,,,,,,,,,,,土,,,,,,,,,,,,,,,,水,,,,,,,,,,,,,,,,,,
北区,中津,5丁目,2番,,,,,,,,,,月木,,,,,,,,,,,,,,,,,,,,,,,土,,,,,,,,,,,,,,,,水,,,,,,,,,,,,,,,,,,
北区,中津,5丁目,4番,1~3･24~27号,,,,,,,,,月木,,,,,,,,,,,,,,,,,,,,,,,土,,,,,,,,,,,,,,,,水,,,,,,,,,,,,,,,,,,
北区,中津,5丁目,4番,上記以外,,,月木,,,,,,,,,,,,,,,,,,,,,,,,,,,,,土,,,,,,,,,,,,,,,,水,,,,,,,,,,,,,,,,,,
北区,中津,5丁目,5番,,,,,,,,,,月木,,,,,,,,,,,,,,,,,,,,,,,土,,,,,,,,,,,,,,,,水,,,,,,,,,,,,,,,,,,
北区,中津,5丁目,6番,,,,,,,,,,月木,,,,,,,,,,,,,,,,,,,,,,,,土,,,,,,,,,,,,,,,,水,,,,,,,,,,,,,,,,,
北区,中津,5丁目,7番,1･25~26号,,,,,,,,,月木,,,,,,,,,,,,,,,,,,,,,,,土,,,,,,,,,,,,,,,,水,,,,,,,,,,,,,,,,,,
北区,中津,5丁目,7番,上記以外,,,月木,,,,,,,,,,,,,,,,,,,,,,,,,,,,,土,,,,,,,,,,,,,,,,水,,,,,,,,,,,,,,,,,,
北区,中津,5丁目,8番,,,,,,,,,,月木,,,,,,,,,,,,,,,,,,,,,,,土,,,,,,,,,,,,,,,,水,,,,,,,,,,,,,,,,,,
北区,中津,5丁目,9番,2~6号,,,,,,,,,月木,,,,,,,,,,,,,,,,,,,,,,,土,,,,,,,,,,,,,,,,水,,,,,,,,,,,,,,,,,,
北区,中津,5丁目,9番,上記以外,,,月木,,,,,,,,,,,,,,,,,,,,,,,,,,,,,土,,,,,,,,,,,,,,,,水,,,,,,,,,,,,,,,,,,
北区,中津,5丁目,10番,,,,,,,,,,月木,,,,,,,,,,,,,,,,,,,,,,,土,,,,,,,,,,,,,,,,水,,,,,,,,,,,,,,,,,,
北区,中津,5丁目,11番,18号,,,,,,,,,月木,,,,,,,,,,,,,,,,,,,,,,,土,,,,,,,,,,,,,,,,水,,,,,,,,,,,,,,,,,,
北区,中津,5丁目,11番,上記以外,,,月木,,,,,,,,,,,,,,,,,,,,,,,,,,,,,土,,,,,,,,,,,,,,,,水,,,,,,,,,,,,,,,,,,
北区,中津,5丁目,12番,,,,,,,,,,,,,,,,,,,,,,,,,,,,,,,,,土,,,,,,,,,,,,,,,,水,,,,,,,,,,,,,,,,,,
北区,中津,6丁目,1番,,,,,,,,,,,,,,,,,,,,,,,,,,,,,,,,,,土,,,,,,,,,,,,,,,,水,,,,,,,,,,,,,,,,,
北区,中津,6丁目,2番,,,,,,,,,,月木,,,,,,,,,,,,,,,,,,,,,,,,土,,,,,,,,,,,,,,,,水,,,,,,,,,,,,,,,,,
北区,中津,6丁目,3番,,,,,,,,,,月木,,,,,,,,,,,,,,,,,土,,,,,,,,,,,,,,,,水,,,,,,,,,,,,,,,,,,,,,,,,
北区,中津,6丁目,4番,,,,,,,,,,月木,,,,,,,,,,,,,,,,,,,,,,土,,,,,,,,,,,,,,,,水,,,,,,,,,,,,,,,,,,,
北区,中津,6丁目,5番,,,,,,,,,,月木,,,,,,,,,,,,,,,土,,,,,,,,,,,,,,,,水,,,,,,,,,,,,,,,,,,,,,,,,,,
北区,中津,6丁目,6番,,,,,,,,,,,,,,,,,,,,,,,,,,,,,,,,,,土,,,,,,,,,,,,,,,,水,,,,,,,,,,,,,,,,,
北区,中津,6丁目,7番,6~26号,,,,,,,,,月木,,,,,,,,,,,,,,,,,,,,,,,,土,,,,,,,,,,,,,,,,水,,,,,,,,,,,,,,,,,
北区,中津,6丁目,7番,上記以外,,,月木,,,,,,,,,,,,,,,,,,,,,,,,,,,,,,土,,,,,,,,,,,,,,,,水,,,,,,,,,,,,,,,,,
北区,中津,6丁目,8番,1~10･32~41号,,,,,,,,,月木,,,,,,,,,,,,,,,,,,,,,,,,土,,,,,,,,,,,,,,,,水,,,,,,,,,,,,,,,,,
北区,中津,6丁目,8番,上記以外,,,月木,,,,,,,,,,,,,,,,,,,,,,,,,,,,,,土,,,,,,,,,,,,,,,,水,,,,,,,,,,,,,,,,,
北区,中津,6丁目,9番,3~8･26~27号,,,,,,,,,月木,,,,,,,,,,,,,,,,,,,,,,,,土,,,,,,,,,,,,,,,,水,,,,,,,,,,,,,,,,,
北区,中津,6丁目,9番,46~47号,,,,,,,,,月木,,,,,,,,,,,,,,,,,,,,,,,,土,,,,,,,,,,,,,,,,水,,,,,,,,,,,,,,,,,
北区,中津,6丁目,9番,上記以外,,,月木,,,,,,,,,,,,,,,,,,,,,,,,,,,,,,土,,,,,,,,,,,,,,,,水,,,,,,,,,,,,,,,,,
北区,中津,6丁目,10番,,,,,,,,,,月木,,,,,,,,,,,,,,,,,,,,,,,,土,,,,,,,,,,,,,,,,水,,,,,,,,,,,,,,,,,
北区,中津,6丁目,11番,,,,,,,,,,月木,,,,,,,,,,,,,,,,,,,,,,,,土,,,,,,,,,,,,,,,,水,,,,,,,,,,,,,,,,,
北区,中津,6丁目,12番,,,,,,,,,,,,,,,,,,,,,,,,,,,,,,,,,,土,,,,,,,,,,,,,,,,水,,,,,,,,,,,,,,,,,
北区,中津,6丁目,13番,,,,,,,,,,,,,,,,,,,,,,,,,,,,,,,土,,,,,,,,,,,,,,,,水,,,,,,,,,,,,,,,,,,,,
北区,中津,6丁目,14番,,,,,,,,,,,,,,,,,,,,,,,,,,,,,,,,,,土,,,,,,,,,,,,,,,,水,,,,,,,,,,,,,,,,,
北区,中津,7丁目,1番,,,,,,,,,,月木,,,,,,,,,,,,,,,土,,,,,,,,,,,,,,,,水,,,,,,,,,,,,,,,,,,,,,,,,,,
北区,中津,7丁目,2番,,,,,,,,,,月木,,,,,,,,,,,,,,土,,,,,,,,,,,,,,,,水,,,,,,,,,,,,,,,,,,,,,,,,,,,
北区,中津,7丁目,3番,7号,,,,,,,,,月木,,,,,,,,,,,,,,,,,,,,土,,,,,,,,,,,,,,,,水,,,,,,,,,,,,,,,,,,,,,
北区,中津,7丁目,3番,上記以外,,,月木,,,,,,,,,,,,,,,,,,,,,,,,,,土,,,,,,,,,,,,,,,,水,,,,,,,,,,,,,,,,,,,,,
北区,中津,7丁目,4番,2･23~26号,,,,,,,,,月木,,,,,,,,,,,,,,,,,,,,土,,,,,,,,,,,,,,,,水,,,,,,,,,,,,,,,,,,,,,
北区,中津,7丁目,4番,上記以外,,,月木,,,,,,,,,,,,,,,,,,,,,,,,,,土,,,,,,,,,,,,,,,,水,,,,,,,,,,,,,,,,,,,,,
北区,中津,7丁目,5番,,,,,,,,,,月木,,,,,,,,,,,,,,,,,,,,土,,,,,,,,,,,,,,,,水,,,,,,,,,,,,,,,,,,,,,
北区,中津,7丁目,6番,,,,,,,,,,月木,,,,,,,,,,,,,,,,,,,,土,,,,,,,,,,,,,,,,水,,,,,,,,,,,,,,,,,,,,,
北区,中津,7丁目,7番,,,,,,,,,,,,,,,,,,,,,,,,,,,,,,土,,,,,,,,,,,,,,,,水,,,,,,,,,,,,,,,,,,,,,
北区,中津,7丁目,8番,3号,,,,,,,,,月木,,,,,,,,,,,,,,,,,,,,土,,,,,,,,,,,,,,,,水,,,,,,,,,,,,,,,,,,,,,
北区,中津,7丁目,8番,上記以外,,,月木,,,,,,,,,,,,,,,,,,,,,,,,,,土,,,,,,,,,,,,,,,,水,,,,,,,,,,,,,,,,,,,,,
北区,中津,7丁目,9番,16号,,,,,,,,,月木,,,,,,,,,,,,,,,,,,,,土,,,,,,,,,,,,,,,,水,,,,,,,,,,,,,,,,,,,,,
北区,中津,7丁目,9番,上記以外,,,月木,,,,,,,,,,,,,,,,,,,,,,,,,,土,,,,,,,,,,,,,,,,水,,,,,,,,,,,,,,,,,,,,,
北区,中津,7丁目,10番,,,,月木,,,,,,,,,,,,,,,,,,,,,,,,,土,,,,,,,,,,,,,,,,水,,,,,,,,,,,,,,,,,,,,,,
北区,中之島,3丁目,4番,,,,,,,,,,,,,,,,,,,,,,,,,金,,,,,,,,,,,,,,,,火,,,,,,,,,,,,,,,,,,,,,,土,,,,
北区,中之島,3丁目,5番,,,,,,,,,,水土,,,,,,,,,,,,,,,金,,,,,,,,,,,,,,,,火,,,,,,,,,,,,,,,,,,,,,,土,,,,
北区,中之島,3丁目,6番,,,,,,,,,,,,,,,,,,,,,,,,,金,,,,,,,,,,,,,,,,火,,,,,,,,,,,,,,,,,,,,,,土,,,,
北区,中之島,4丁目,1番,,,,,,,,,,水土,,,,,,,,,,,,,,,金,,,,,,,,,,,,,,,,火,,,,,,,,,,,,,,,,,,,,,,土,,,,
北区,中之島,4丁目,2番,29･40~41号,,,,,,,,,水土,,,,,,,,,,,,,,,金,,,,,,,,,,,,,,,,火,,,,,,,,,,,,,,,,,,,,,,土,,,,
北区,中之島,4丁目,2番,上記以外,,,水土,,,,,,,,,,,,,,,,,,,,,金,,,,,,,,,,,,,,,,火,,,,,,,,,,,,,,,,,,,,,,土,,,,
北区,中之島,4丁目,3番,13･20号,,,,,,,,,水土,,,,,,,,,,,,,,,金,,,,,,,,,,,,,,,,火,,,,,,,,,,,,,,,,,,,,,,土,,,,
北区,中之島,4丁目,3番,上記以外,,,水土,,,,,,,,,,,,,,,,,,,,,金,,,,,,,,,,,,,,,,火,,,,,,,,,,,,,,,,,,,,,,土,,,,
北区,中之島,5丁目,2番,,,,,,,,,,,,,,,,,,,,,,,,,金,,,,,,,,,,,,,,,,火,,,,,,,,,,,,,,,,,,,,,,土,,,,
北区,中之島,5丁目,3番,86･92号,,,,,,,,,水土,,,,,,,,,,,,,,,金,,,,,,,,,,,,,,,,火,,,,,,,,,,,,,,,,,,,,,,土,,,,
北区,中之島,5丁目,3番,上記以外,,,水土,,,,,,,,,,,,,,,,,,,,,金,,,,,,,,,,,,,,,,火,,,,,,,,,,,,,,,,,,,,,,土,,,,
北区,中之島,6丁目,1番,38号,,,,,,水土,,,,,,,,,,,,,,,,,,金,,,,,,,,,,,,,,,,火,,,,,,,,,,,,,,,,,,,,,,土,,,,
北区,中之島,6丁目,1番,上記以外,,,,,,,,,水土,,,,,,,,,,,,,,,金,,,,,,,,,,,,,,,,火,,,,,,,,,,,,,,,,,,,,,,土,,,,
北区,中之島,6丁目,2番,,,,,,,,,,,,,,,,,,,,,,,,金,,,,,,,,,,,,,,,,火,,,,,,,,,,,,,,,,,,,,,,,土,,,,
北区,中之島,6丁目,3番,,,,,,,,,,水土,,,,,,,,,,,,,,金,,,,,,,,,,,,,,,,火,,,,,,,,,,,,,,,,,,,,,,,土,,,,
北区,中之島,6丁目,4番,,,,,,,水土,,,,,,,,,,,,,,,,,金,,,,,,,,,,,,,,,,火,,,,,,,,,,,,,,,,,,,,,,,土,,,,
北区,長柄中,1丁目,1番,,,,,,,,,,,,,,,,火金,,,,,,,,,,,,,,,,,,木,,,,,,,,,,,,,,,,月,,,,,,,,,,,,,,,,,
北区,長柄中,1丁目,2番,,,,,,,,,,,,,,,,火金,,,,,,,,,,,,,,木,,,,,,,,,,,,,,,,月,,,,,,,,,,,,,,,,,,,,,
北区,長柄中,1丁目,3番,,,,,,,,,,,,,,,,火金,,,,,,,,,,,,,,木,,,,,,,,,,,,,,,,月,,,,,,,,,,,,,,,,,,,,,
北区,長柄中,1丁目,4番,,,,,,,,,,,,,,,,火金,,,,,,,,,,,,,,,木,,,,,,,,,,,,,,,,月,,,,,,,,,,,,,,,,,,,,
北区,長柄中,1丁目,5番,,,,,,,,,,,,,,,,火金,,,,,,,,,,,木,,,,,,,,,,,,,,,,月,,,,,,,,,,,,,,,,,,,,,,,,
北区,長柄中,1丁目,6番,,,,,,,,,,,,,,,,火金,,,,,,,,,,,木,,,,,,,,,,,,,,,,月,,,,,,,,,,,,,,,,,,,,,,,,
北区,長柄中,1丁目,7番,,,,,,,,,,,,,,,,火金,,,,,,,,,,,,,,,木,,,,,,,,,,,,,,,,月,,,,,,,,,,,,,,,,,,,,
北区,長柄中,2丁目,1番,1~7号,,,,,,,,,,,,,,,火金,,,,,,,,,,,,木,,,,,,,,,,,,,,,,月,,,,,,,,,,,,,,,,,,,,,,,
北区,長柄中,2丁目,1番,24~29号,,,,,,,,,,,,,,,火金,,,,,,,,,,,,木,,,,,,,,,,,,,,,,月,,,,,,,,,,,,,,,,,,,,,,,
北区,長柄中,2丁目,1番,8~21号,,,,,,,,火金,,,,,,,,,,,,,,,,,,,木,,,,,,,,,,,,,,,,月,,,,,,,,,,,,,,,,,,,,,,,
北区,長柄中,2丁目,2番,1~13号,,,,,,,,,,,,,,,火金,,,,,,,,,,,,,,,木,,,,,,,,,,,,,,,,月,,,,,,,,,,,,,,,,,,,,
北区,長柄中,2丁目,2番,33~41号,,,,,,,,火金,,,,,,,,,,,,,,,,,,,,,,木,,,,,,,,,,,,,,,,月,,,,,,,,,,,,,,,,,,,,
北区,長柄中,2丁目,2番,上記以外,,,火金,,,,,,,,,,,,,,,,,,,,,,,,,,,木,,,,,,,,,,,,,,,,月,,,,,,,,,,,,,,,,,,,,
北区,長柄中,2丁目,3番,3~6号,,,,,,,,火金,,,,,,,,,,,,,,,,,,,,,,,,木,,,,,,,,,,,,,,,,月,,,,,,,,,,,,,,,,,,
北区,長柄中,2丁目,3番,上記以外,,,火金,,,,,,,,,,,,,,,,,,,,,,,,,,,,,木,,,,,,,,,,,,,,,,月,,,,,,,,,,,,,,,,,,
北区,長柄中,2丁目,4番,,,,火金,,,,,,,,,,,,,,,,,,,,,,木,,,,,,,,,,,,,,,,月,,,,,,,,,,,,,,,,,,,,,,,,,
北区,長柄中,2丁目,5番,39~48号,,,,,,,,,,,,,,,火金,,,,,,,,,,,,,,,,,木,,,,,,,,,,,,,,,,月,,,,,,,,,,,,,,,,,,
北区,長柄中,2丁目,5番,22号,,,,,,,,,,,,,,,火金,,,,,,,,,,,,,,,,,木,,,,,,,,,,,,,,,,月,,,,,,,,,,,,,,,,,,
北区,長柄中,2丁目,5番,26~34号,,,,,,,,火金,,,,,,,,,,,,,,,,,,,,,,,,木,,,,,,,,,,,,,,,,月,,,,,,,,,,,,,,,,,,
北区,長柄中,2丁目,5番,上記以外,,,火金,,,,,,,,,,,,,,,,,,,,,,,,,,,,,木,,,,,,,,,,,,,,,,月,,,,,,,,,,,,,,,,,,
北区,長柄中,2丁目,6番,2~11号,,,,,,,,火金,,,,,,,,,,,,,,,,,,,,,,,,,木,,,,,,,,,,,,,,,,月,,,,,,,,,,,,,,,,,
北区,長柄中,2丁目,6番,19~31号,,,,,,,,,,,,,,,火金,,,,,,,,,,,,,,,,,,木,,,,,,,,,,,,,,,,月,,,,,,,,,,,,,,,,,
北区,長柄中,2丁目,6番,上記以外,,,火金,,,,,,,,,,,,,,,,,,,,,,,,,,,,,,木,,,,,,,,,,,,,,,,月,,,,,,,,,,,,,,,,,
北区,長柄中,2丁目,7番,,,,,,,,,,,,,,,,火金,,,,,,,,,,,,,,,,木,,,,,,,,,,,,,,,,月,,,,,,,,,,,,,,,,,,,
北区,長柄中,2丁目,8番,,,,,,,,,,,,,,,,火金,,,,,,,,,,,,,,木,,,,,,,,,,,,,,,,月,,,,,,,,,,,,,,,,,,,,,
北区,長柄中,3丁目,1番,6~16号,,,,,,,,,,,,,,,月木,,,,,,,土,,,,,,,,,,,,,,,,水,,,,,,,,,,,,,,,,,,,,,,,,,,,,
北区,長柄中,3丁目,1番,上記以外,,,月木,,,,,,,,,,,,,,,,,,,土,,,,,,,,,,,,,,,,水,,,,,,,,,,,,,,,,,,,,,,,,,,,,
北区,長柄中,3丁目,2番,,,,,,,,,,,,,,,,月木,,,,,,,土,,,,,,,,,,,,,,,,水,,,,,,,,,,,,,,,,,,,,,,,,,,,,
北区,長柄中,3丁目,3番,,,,,,,,,,,,,,,,月木,,,,,,,土,,,,,,,,,,,,,,,,水,,,,,,,,,,,,,,,,,,,,,,,,,,,,
北区,長柄中,3丁目,4番,,,,,,,,,,,,,,,,月木,,,,,,,土,,,,,,,,,,,,,,,,水,,,,,,,,,,,,,,,,,,,,,,,,,,,,
北区,長柄中,3丁目,5番,,,,,,,,,,,,,,,,月木,,,,,,,土,,,,,,,,,,,,,,,,水,,,,,,,,,,,,,,,,,,,,,,,,,,,,
北区,長柄中,3丁目,6番,,,,,,,,,,,,,,,,月木,,,,,,,土,,,,,,,,,,,,,,,,水,,,,,,,,,,,,,,,,,,,,,,,,,,,,
北区,長柄中,3丁目,7番,,,,,,,,,,,,,,,,月木,,,,,,,土,,,,,,,,,,,,,,,,水,,,,,,,,,,,,,,,,,,,,,,,,,,,,
北区,長柄中,3丁目,8番,,,,,,,,,,,,,,,,月木,,,,,,,土,,,,,,,,,,,,,,,,水,,,,,,,,,,,,,,,,,,,,,,,,,,,,
北区,長柄中,3丁目,9番,,,,,,,,,,,,,,,,月木,,,,,,,土,,,,,,,,,,,,,,,,水,,,,,,,,,,,,,,,,,,,,,,,,,,,,
北区,長柄中,3丁目,10番,,,,,,,,,,,,,,,,月木,,,,,,,土,,,,,,,,,,,,,,,,水,,,,,,,,,,,,,,,,,,,,,,,,,,,,
北区,長柄中,3丁目,11番,,,,,,,,,,,,,,,,月木,,,,,,,土,,,,,,,,,,,,,,,,水,,,,,,,,,,,,,,,,,,,,,,,,,,,,
北区,長柄中,3丁目,12番,,,,,,,,,,,,,,,,月木,,,,,,,土,,,,,,,,,,,,,,,,水,,,,,,,,,,,,,,,,,,,,,,,,,,,,
北区,長柄中,3丁目,13番,,,,,,,,,,,,,,,,月木,,,,,,,土,,,,,,,,,,,,,,,,水,,,,,,,,,,,,,,,,,,,,,,,,,,,,
北区,長柄西,1丁目,1番,16~22号,,,,,,,,,,,,,,,火金,,,,,,,,,,,,,,,,,,木,,,,,,,,,,,,,,,,月,,,,,,,,,,,,,,,,,
北区,長柄西,1丁目,1番,2~12号,,,,,,,,火金,,,,,,,,,,,,,,,,,,,,,,,,,木,,,,,,,,,,,,,,,,月,,,,,,,,,,,,,,,,,
北区,長柄西,1丁目,1番,上記以外,,,火金,,,,,,,,,,,,,,,,,,,,,,,,,,,,木,,,,,,,,,,,,,,,,月,,,,,,,,,,,,,,,,,,,
北区,長柄西,1丁目,2番,1号,,,,,,,,,,,,,,,火金,,,,,,,,,,,,,,,,木,,,,,,,,,,,,,,,,月,,,,,,,,,,,,,,,,,,,
北区,長柄西,1丁目,2番,上記以外,,,火金,,,,,,,,,,,,,,,,,,,,,,,,,,,,木,,,,,,,,,,,,,,,,月,,,,,,,,,,,,,,,,,,,
北区,長柄西,1丁目,3番,22号,,,,,,,,,,,,,,,火金,,,,,,,,,,,,,,,,木,,,,,,,,,,,,,,,,月,,,,,,,,,,,,,,,,,,,
北区,長柄西,1丁目,3番,28~33号,,,,,,,,,,,,,,,火金,,,,,,,,,,,,,,,,,,木,,,,,,,,,,,,,,,,月,,,,,,,,,,,,,,,,,
北区,長柄西,1丁目,3番,54号,,,,,,,,,,,,,,,火金,,,,,,,,,,,,,,,,,,木,,,,,,,,,,,,,,,,月,,,,,,,,,,,,,,,,,
北区,長柄西,1丁目,3番,13~14号,,,,,,,,火金,,,,,,,,,,,,,,,,,,,,,,,,,木,,,,,,,,,,,,,,,,月,,,,,,,,,,,,,,,,,
北区,長柄西,1丁目,3番,上記以外,,,火金,,,,,,,,,,,,,,,,,,,,,,,,,,,,,,木,,,,,,,,,,,,,,,,月,,,,,,,,,,,,,,,,,
北区,長柄西,1丁目,4番,,,,,,,,,,,,,,,,火金,,,,,,,,,,,,,,,,木,,,,,,,,,,,,,,,,月,,,,,,,,,,,,,,,,,,,
北区,長柄西,1丁目,5番,,,,,,,,,,,,,,,,火金,,,,,,,,,,,,,,,,,,木,,,,,,,,,,,,,,,,月,,,,,,,,,,,,,,,,,
北区,長柄西,1丁目,6番,,,,,,,,,,,,,,,,火金,,,,,,,,,,,,,,,,,木,,,,,,,,,,,,,,,,月,,,,,,,,,,,,,,,,,,
北区,長柄西,1丁目,7番,42~49号,,,,,,,,,,,,,,,火金,,,,,,,,,,,,,,,,,木,,,,,,,,,,,,,,,,月,,,,,,,,,,,,,,,,,,
北区,長柄西,1丁目,7番,上記以外,,,火金,,,,,,,,,,,,,,,,,,,,,,,,,,,,,木,,,,,,,,,,,,,,,,月,,,,,,,,,,,,,,,,,,
北区,長柄西,1丁目,8番,,,,,,,,,,,,,,,,火金,,,,,,,,,,,,,,,,,木,,,,,,,,,,,,,,,,月,,,,,,,,,,,,,,,,,,
北区,長柄西,2丁目,1番,5~15･26号,,,,,,,,,,,,,,,月木,,,,,,,土,,,,,,,,,,,,,,,,水,,,,,,,,,,,,,,,,,,,,,,,,,,,,
北区,長柄西,2丁目,1番,上記以外,,,月木,,,,,,,,,,,,,,,,,,,土,,,,,,,,,,,,,,,,水,,,,,,,,,,,,,,,,,,,,,,,,,,,,
北区,長柄西,2丁目,2番,,,,,,,,,,,,,,,,月木,,,,,,,土,,,,,,,,,,,,,,,,水,,,,,,,,,,,,,,,,,,,,,,,,,,,,
北区,長柄西,2丁目,3番,,,,,,,,,,,,,,,,月木,,,,,,,土,,,,,,,,,,,,,,,,水,,,,,,,,,,,,,,,,,,,,,,,,,,,,
北区,長柄西,2丁目,4番,,,,,,,,,,,,,,,,月木,,,,,,,土,,,,,,,,,,,,,,,,水,,,,,,,,,,,,,,,,,,,,,,,,,,,,
北区,長柄西,2丁目,5番,,,,,,,,,,,,,,,,月木,,,,,,,土,,,,,,,,,,,,,,,,水,,,,,,,,,,,,,,,,,,,,,,,,,,,,
北区,長柄西,2丁目,8番,,,,,,,,,,,,,,,,,,,,,,,土,,,,,,,,,,,,,,,,水,,,,,,,,,,,,,,,,,,,,,,,,,,,,
北区,長柄西,2丁目,9番,,,,,,,,,,,,,,,,月木,,,,,,,土,,,,,,,,,,,,,,,,水,,,,,,,,,,,,,,,,,,,,,,,,,,,,
北区,長柄西,2丁目,10番,,,,,,,,,,,,,,,,月木,,,,,,,土,,,,,,,,,,,,,,,,水,,,,,,,,,,,,,,,,,,,,,,,,,,,,
北区,長柄西,2丁目,11番,2~10･24号,,,,,,,,,,,,,,,月木,,,,,,,土,,,,,,,,,,,,,,,,水,,,,,,,,,,,,,,,,,,,,,,,,,,,,
北区,長柄西,2丁目,12番,,,,,,,,,,,,,,,,月木,,,,,,,土,,,,,,,,,,,,,,,,水,,,,,,,,,,,,,,,,,,,,,,,,,,,,
北区,長柄西,2丁目,13番,,,,,,,,,,,,,,,,,,,,,,,土,,,,,,,,,,,,,,,,水,,,,,,,,,,,,,,,,,,,,,,,,,,,,
北区,長柄東,1丁目,1番,,,,,,,,,,,,,,,,火金,,,,,,,,木,,,,,,,,,,,,,,,,月,,,,,,,,,,,,,,,,,,,,,,,,,,,
北区,長柄東,1丁目,2番,,,,,,,,,,,,,,,,火金,,,,,,,,,木,,,,,,,,,,,,,,,,月,,,,,,,,,,,,,,,,,,,,,,,,,,
北区,長柄東,1丁目,3番,,,,,,,,,,,,,,,,,,,,,,,,,,,,,,,木,,,,,,,,,,,,,,,,月,,,,,,,,,,,,,,,,,,,,
北区,長柄東,1丁目,4番,,,,,,,,,,火金,,,,,,,,,,,,,,,,,,木,,,,,,,,,,,,,,,,月,,,,,,,,,,,,,,,,,,,,,,,
北区,長柄東,1丁目,5番,,,,,,,,,,火金,,,,,,,,,,,,,,,木,,,,,,,,,,,,,,,,月,,,,,,,,,,,,,,,,,,,,,,,,,,
北区,長柄東,2丁目,1番,,,,,,,火金,,,,,,,,,,,,,,,,,木,,,,,,,,,,,,,,,,月,,,,,,,,,,,,,,,,,,,,,,,,,,,
北区,長柄東,2丁目,2番,,,,,,,,,,,,,,,,,,,,,,,,木,,,,,,,,,,,,,,,,月,,,,,,,,,,,,,,,,,,,,,,,,,,,
北区,長柄東,2丁目,3番,,,,,,,,,,,,,,,,,,,火金,,,,,,,,木,,,,,,,,,,,,,,,,月,,,,,,,,,,,,,,,,,,,,,,,,
北区,長柄東,2丁目,4番,,,,,,,,,,,,,,,,,,,火金,,,,木,,,,,,,,,,,,,,,,月,,,,,,,,,,,,,,,,,,,,,,,,,,,,
北区,長柄東,2丁目,5番,,,,,,,,,,,,,,,,火金,,,,,,,木,,,,,,,,,,,,,,,,月,,,,,,,,,,,,,,,,,,,,,,,,,,,,
北区,長柄東,2丁目,6番,,,,,,,,,,,,,,,,火金,,,,,,,木,,,,,,,,,,,,,,,,月,,,,,,,,,,,,,,,,,,,,,,,,,,,,
北区,長柄東,2丁目,7番,,,,,,,,,,,,,,,,火金,,,,,,,,,,,,,,,木,,,,,,,,,,,,,,,,,,月,,,,,,,,,,,,,,,,,,
北区,長柄東,2丁目,8番,,,,,,,,,,,,,,,,火金,,,,,,,,,,,,,,,木,,,,,,,,,,,,,,,,,,月,,,,,,,,,,,,,,,,,,
北区,長柄東,2丁目,9番,39号,,,,,,,,,,,,,,,火金,,,,,,,木,,,,,,,,,,,,,,,,月,,,,,,,,,,,,,,,,,,,,,,,,,,,,
北区,長柄東,2丁目,9番,77号,,,,,,,,,火金,,,,,,,,,,,,,木,,,,,,,,,,,,,,,,月,,,,,,,,,,,,,,,,,,,,,,,,,,,,
北区,長柄東,2丁目,9番,80号,,,,,,,,火金,,,,,,,,,,,,,,木,,,,,,,,,,,,,,,,月,,,,,,,,,,,,,,,,,,,,,,,,,,,,
北区,長柄東,2丁目,9番,上記以外,,,火金,,,,,,,,,,,,,,,,,,,木,,,,,,,,,,,,,,,,月,,,,,,,,,,,,,,,,,,,,,,,,,,,,
北区,長柄東,2丁目,11番,,,,,,,,,,,,,,,,,,,,,,,,,,,,,,,,,木,,,,,,,,,,,,,,,,月,,,,,,,,,,,,,,,,,,
北区,長柄東,3丁目,1番,8~24号,,,,,,,,,,,,,,,月木,,,,,,,,,,,,,,,,,,,土,,,,,,,,,,,,,,,,水,,,,,,,,,,,,,,,,
北区,長柄東,3丁目,1番,上記以外,,,月木,,,,,,,,,,,,,,,,,,,,,,,,,,,,,,,土,,,,,,,,,,,,,,,,水,,,,,,,,,,,,,,,,
北区,長柄東,3丁目,2番,,,,,,,,,,,,,,,,月木,,,,,,,土,,,,,,,,,,,,,,,,水,,,,,,,,,,,,,,,,,,,,,,,,,,,,
北区,長柄東,3丁目,3番,,,,,,,,,,,,,,,,月木,,,,,,,土,,,,,,,,,,,,,,,,水,,,,,,,,,,,,,,,,,,,,,,,,,,,,
北区,浪花町,1番,5～8・19～25号,,,,,,,,,水土,,,,,,,,,,,,,,,,,,,,,金,,,,,,,,,,,,,,,,火,,,,,,,,,,,,,,,,,,,,,
北区,浪花町,1番,15～19号,,,,,,,,,,,,,,,,水土,,,,,,,,,,,,,,金,,,,,,,,,,,,,,,,火,,,,,,,,,,,,,,,,,,,,,
北区,浪花町,2番,17～23号,,,,,,,水土,,,,,,,,,,,,,,,,,,,,,,金,,,,,,,,,,,,,,,,火,,,,,,,,,,,,,,,,,,,,,,
北区,浪花町,2番,上記以外,,,,,,,,,,,,,,,,水土,,,,,,,,,,,,,金,,,,,,,,,,,,,,,,火,,,,,,,,,,,,,,,,,,,,,,
北区,浪花町,3番,2～8号,,,,,,,水土,,,,,,,,,,,,,,,,,,,,,,,金,,,,,,,,,,,,,,,,火,,,,,,,,,,,,,,,,,,,,,
北区,浪花町,3番,上記以外,,,,,,,,,,,,,,,,水土,,,,,,,,,,,,,,金,,,,,,,,,,,,,,,,火,,,,,,,,,,,,,,,,,,,,,
北区,浪花町,4番,14～22号,,,,,,,水土,,,,,,,,,,,,,,,,金,,,,,,,,,,,,,,,,火,,,,,,,,,,,,,,,,,,,,,,,,,,,,
北区,浪花町,4番,上記以外,,,,,,,,,,,,,,,,水土,,,,,,,金,,,,,,,,,,,,,,,,火,,,,,,,,,,,,,,,,,,,,,,,,,,,,
北区,浪花町,5番,2～7号,,,,,,,水土,,,,,,,,,,,,,,,,金,,,,,,,,,,,,,,,,火,,,,,,,,,,,,,,,,,,,,,,,,,,,,
北区,浪花町,5番,14～15号,,,,,,,,,,,,,,,,水土,,,,,,,金,,,,,,,,,,,,,,,,火,,,,,,,,,,,,,,,,,,,,,,,,,,,,
北区,浪花町,5番,上記以外,,,,水土,,,,,,,,,,,,,,,,,,,金,,,,,,,,,,,,,,,,火,,,,,,,,,,,,,,,,,,,,,,,,,,,,
北区,浪花町,6番,1~4号,,,,,,,水土,,,,,,,,,,,,,,,,金,,,,,,,,,,,,,,,,火,,,,,,,,,,,,,,,,,,,,,,,,,,,,
北区,浪花町,6番,上記以外,,,,水土,,,,,,,,,,,,,,,,,,,金,,,,,,,,,,,,,,,,火,,,,,,,,,,,,,,,,,,,,,,,,,,,,
北区,浪花町,7番,6~8号,,,,,,,,,,,,,,,,水土,,,,,,,金,,,,,,,,,,,,,,,,火,,,,,,,,,,,,,,,,,,,,,,,,,,,,
北区,浪花町,7番,上記以外,,,,水土,,,,,,,,,,,,,,,,,,,金,,,,,,,,,,,,,,,,火,,,,,,,,,,,,,,,,,,,,,,,,,,,,
北区,浪花町,8番,2~5号,,,,水土,,,,,,,,,,,,,,,,,,,,,,,,,,金,,,,,,,,,,,,,,,,火,,,,,,,,,,,,,,,,,,,,,
北区,浪花町,8番,13・14号,,,,,,,,,,,,,,,,水土,,,,,,,,,,,,,,金,,,,,,,,,,,,,,,,火,,,,,,,,,,,,,,,,,,,,,
北区,浪花町,8番,上記以外,,,,水土,,,,,,,,,,,,,,,,,,,金,,,,,,,,,,,,,,,,火,,,,,,,,,,,,,,,,,,,,,,,,,,,,
北区,浪花町,9番,1・12号,,,,,,,,,,,,,,,,水土,,,,,,,金,,,,,,,,,,,,,,,,火,,,,,,,,,,,,,,,,,,,,,,,,,,,,
北区,浪花町,9番,上記以外,,,,水土,,,,,,,,,,,,,,,,,,,金,,,,,,,,,,,,,,,,火,,,,,,,,,,,,,,,,,,,,,,,,,,,,
北区,浪花町,10番,9～12号,,,,,,,,,水土,,,,,,,,,,,,,,,,,,,,,,金,,,,,,,,,,,,,,,,火,,,,,,,,,,,,,,,,,,,,
北区,浪花町,10番,1・14・15号,,,,,,,,,,,,,,,,水土,,,,,,,,,,,,,,,金,,,,,,,,,,,,,,,,火,,,,,,,,,,,,,,,,,,,,
北区,浪花町,10番,上記以外,,,,,,,,,水土,,,,,,,,,,,,,,,,,,,,,,金,,,,,,,,,,,,,,,,火,,,,,,,,,,,,,,,,,,,,
北区,浪花町,11番,6～12号,,,,,,,,,,,,,,,,水土,,,,,,,,,,,,,金,,,,,,,,,,,,,,,,火,,,,,,,,,,,,,,,,,,,,,,
北区,浪花町,11番,13~15号,,,,,,,,,水土,,,,,,,,,,,,,,,,,,,,金,,,,,,,,,,,,,,,,火,,,,,,,,,,,,,,,,,,,,,,
北区,浪花町,11番,上記以外,,,,水土,,,,,,,,,,,,,,,,,,,,,,,,,金,,,,,,,,,,,,,,,,火,,,,,,,,,,,,,,,,,,,,,,
北区,浪花町,12番,3～9号,,,,,,,,,水土,,,,,,,,,,,,,,,,,,,,,金,,,,,,,,,,,,,,,,火,,,,,,,,,,,,,,,,,,,,,
北区,浪花町,12番,15～21号,,,,,,,水土,,,,,,,,,,,,,,,,,,,,,,,金,,,,,,,,,,,,,,,,火,,,,,,,,,,,,,,,,,,,,,
北区,浪花町,12番,上記以外,,,,,,,,,,,,,,,,水土,,,,,,,,,,,,,,金,,,,,,,,,,,,,,,,火,,,,,,,,,,,,,,,,,,,,,
北区,浪花町,13番,2～7・15・33～40号,,,,,,,水土,,,,,,,,,,,,,,,,,,,,,,,金,,,,,,,,,,,,,,,,火,,,,,,,,,,,,,,,,,,,,,
北区,浪花町,13番,25～31号,,,,,,,,,,,,,,,,水土,,,,,,,,,,,,,,金,,,,,,,,,,,,,,,,火,,,,,,,,,,,,,,,,,,,,,
北区,浪花町,13番,上記以外,,,,,,,,,,,,,,,,水土,,,,,,,,,,,,,,金,,,,,,,,,,,,,,,,火,,,,,,,,,,,,,,,,,,,,,
北区,浪花町,14番,1~3･22~35号,,,,,,,水土,,,,,,,,,,,,,,,,金,,,,,,,,,,,,,,,,火,,,,,,,,,,,,,,,,,,,,,,,,,,,,
北区,浪花町,14番,上記以外,,,,水土,,,,,,,,,,,,,,,,,,,金,,,,,,,,,,,,,,,,火,,,,,,,,,,,,,,,,,,,,,,,,,,,,
北区,錦町,1番,,,,,,,,,,,,,,,,,,,,,,,,木,,,,,,,,,,,,,,,,月,,,,,,,,,,,,,,,,木,,,,,,,,,,,,
北区,錦町,2番,2･11~19号,,,,,,,火金,,,,,,,,,,,,,,,,木,,,,,,,,,,,,,,,,月,,,,,,,,,,,,,,,,木,,,,,,,,,,,,
北区,錦町,2番,30~36号,,,,,,,火金,,,,,,,,,,,,,,,,木,,,,,,,,,,,,,,,,月,,,,,,,,,,,,,,,,木,,,,,,,,,,,,
北区,錦町,2番,上記以外,,,,火金,,,,,,,,,,,,,,,,,,,木,,,,,,,,,,,,,,,,月,,,,,,,,,,,,,,,,木,,,,,,,,,,,,
北区,錦町,3番,1号,,,,,,,火金,,,,,,,,,,,,,,,,木,,,,,,,,,,,,,,,,月,,,,,,,,,,,,,,,,木,,,,,,,,,,,,
北区,錦町,3番,上記以外,,,,火金,,,,,,,,,,,,,,,,,,,木,,,,,,,,,,,,,,,,月,,,,,,,,,,,,,,,,木,,,,,,,,,,,,
北区,錦町,4番,,,,,,,,,,,,,,,,,,,,,,,,木,,,,,,,,,,,,,,,,月,,,,,,,,,,,,,,,,木,,,,,,,,,,,,
北区,西天満,1丁目,1番,10号,,,,,,水土,,,,,,,,,,,,,,,,金,,,,,,,,,,,,,,,,火,,,,,,,,,,,,,,,,,,,,,,,,,,,,
北区,西天満,1丁目,2番,23~25号,,,,,,水土,,,,,,,,,,,,,,,,金,,,,,,,,,,,,,,,,火,,,,,,,,,,,,,,,,,,,,,,,,,,,,
北区,西天満,1丁目,2番,上記以外,,,水土,,,,,,,,,,,,,,,,,,,金,,,,,,,,,,,,,,,,火,,,,,,,,,,,,,,,,,,,,,,,,,,,,
北区,西天満,1丁目,3番,24号,,,,,,水土,,,,,,,,,,,,,,,,金,,,,,,,,,,,,,,,,火,,,,,,,,,,,,,,,,,,,,,,,,,,,,
北区,西天満,1丁目,3番,上記以外,,,水土,,,,,,,,,,,,,,,,,,,金,,,,,,,,,,,,,,,,火,,,,,,,,,,,,,,,,,,,,,,,,,,,,
北区,西天満,1丁目,4番,,,,,,,,,水土,,,,,,,,,,,,,,金,,,,,,,,,,,,,,,,火,,,,,,,,,,,,,,,,,,,,,,,,,,,,
北区,西天満,1丁目,5番,,,,,,,,,水土,,,,,,,,,,,,,,金,,,,,,,,,,,,,,,,火,,,,,,,,,,,,,,,,,,,,,,,,,,,,
北区,西天満,1丁目,6番,,,,,,,,,水土,,,,,,,,,,,,,,金,,,,,,,,,,,,,,,,火,,,,,,,,,,,,,,,,,,,,,,,,,,,,
北区,西天満,1丁目,7番,12~13号,,,,,,,,水土,,,,,,,,,,,,,,金,,,,,,,,,,,,,,,,火,,,,,,,,,,,,,,,,,,,,,,,,,,,,
北区,西天満,1丁目,7番,上記以外,,,水土,,,,,,,,,,,,,,,,,,,金,,,,,,,,,,,,,,,,火,,,,,,,,,,,,,,,,,,,,,,,,,,,,
北区,西天満,1丁目,8番,,,,水土,,,,,,,,,,,,,,,,,,,金,,,,,,,,,,,,,,,,火,,,,,,,,,,,,,,,,,,,,,,,,,,,,
北区,西天満,1丁目,9番,8~12･17~20号,,,,,,,,水土,,,,,,,,,,,,,,金,,,,,,,,,,,,,,,,火,,,,,,,,,,,,,,,,,,,,,,,,,,,,
北区,西天満,1丁目,9番,上記以外,,,水土,,,,,,,,,,,,,,,,,,,金,,,,,,,,,,,,,,,,火,,,,,,,,,,,,,,,,,,,,,,,,,,,,
北区,西天満,1丁目,10番,1~9･19号,,,,,,,,水土,,,,,,,,,,,,,,金,,,,,,,,,,,,,,,,火,,,,,,,,,,,,,,,,,,,,,,,,,,,,
北区,西天満,1丁目,10番,上記以外,,,水土,,,,,,,,,,,,,,,,,,,金,,,,,,,,,,,,,,,,火,,,,,,,,,,,,,,,,,,,,,,,,,,,,
北区,西天満,1丁目,11番,20号,,,,,,,,,,,,,,,水土,,,,,,,金,,,,,,,,,,,,,,,,火,,,,,,,,,,,,,,,,,,,,,,,,,,,,
北区,西天満,1丁目,13番,,,,,,,,,,,,,,,,水土,,,,,,,金,,,,,,,,,,,,,,,,火,,,,,,,,,,,,,,,,,,,,,,,,,,,,
北区,西天満,2丁目,1番,,,,,,,,,,,,,,,,水土,,,,,,,金,,,,,,,,,,,,,,,,火,,,,,,,,,,,,,,,,,,,,,,,,,,,,
北区,西天満,2丁目,2番,1~7号,,,,,,,,,,,,,,,水土,,,,,,,金,,,,,,,,,,,,,,,,火,,,,,,,,,,,,,,,,,,,,,,,,,,,,
北区,西天満,2丁目,2番,上記以外,,,水土,,,,,,,,,,,,,,,,,,,金,,,,,,,,,,,,,,,,火,,,,,,,,,,,,,,,,,,,,,,,,,,,,
北区,西天満,2丁目,3番,,,,,,,,,,,,,,,,水土,,,,,,,金,,,,,,,,,,,,,,,,火,,,,,,,,,,,,,,,,,,,,,,,,,,,,
北区,西天満,2丁目,5番,9~15号,,,,,,,,,,,,,,,水土,,,,,,,金,,,,,,,,,,,,,,,,火,,,,,,,,,,,,,,,,,,,,,,,,,,,,
北区,西天満,2丁目,5番,上記以外,,,水土,,,,,,,,,,,,,,,,,,,金,,,,,,,,,,,,,,,,火,,,,,,,,,,,,,,,,,,,,,,,,,,,,
北区,西天満,2丁目,7番,22~26号,,,,,,,,,,,,,,,水土,,,,,,,金,,,,,,,,,,,,,,,,火,,,,,,,,,,,,,,,,,,,,,,,,,,,,
北区,西天満,2丁目,7番,上記以外,,,水土,,,,,,,,,,,,,,,,,,,金,,,,,,,,,,,,,,,,火,,,,,,,,,,,,,,,,,,,,,,,,,,,,
北区,西天満,2丁目,8番,,,,,,,,,,,,,,,,水土,,,,,,,金,,,,,,,,,,,,,,,,火,,,,,,,,,,,,,,,,,,,,,,,,,,,,
北区,西天満,2丁目,9番,2~6号,,,,,,,,,,,,,,,水土,,,,,,,金,,,,,,,,,,,,,,,,火,,,,,,,,,,,,,,,,,,,,,,,,,,,,
北区,西天満,2丁目,9番,上記以外,,,水土,,,,,,,,,,,,,,,,,,,金,,,,,,,,,,,,,,,,火,,,,,,,,,,,,,,,,,,,,,,,,,,,,
北区,西天満,2丁目,10番,,,,,,,,,,,,,,,,水土,,,,,,,金,,,,,,,,,,,,,,,,火,,,,,,,,,,,,,,,,,,,,,,,,,,,,
北区,西天満,2丁目,11番,,,,,,,,,,,,,,,,水土,,,,,,,金,,,,,,,,,,,,,,,,火,,,,,,,,,,,,,,,,,,,,,,,,,,,,
北区,西天満,3丁目,1番,4~6･17~27号,,,,,,,,水土,,,,,,,,,,,,,,金,,,,,,,,,,,,,,,,火,,,,,,,,,,,,,,,,,,,,,,,,,,,,
北区,西天満,3丁目,1番,上記以外,,,水土,,,,,,,,,,,,,,,,,,,金,,,,,,,,,,,,,,,,火,,,,,,,,,,,,,,,,,,,,,,,,,,,,
北区,西天満,3丁目,2番,4~19号,,,,,,,,水土,,,,,,,,,,,,,,金,,,,,,,,,,,,,,,,火,,,,,,,,,,,,,,,,,,,,,,,,,,,,
北区,西天満,3丁目,2番,上記以外,,,水土,,,,,,,,,,,,,,,,,,,金,,,,,,,,,,,,,,,,火,,,,,,,,,,,,,,,,,,,,,,,,,,,,
北区,西天満,3丁目,3番,,,,,,,,,水土,,,,,,,,,,,,,,金,,,,,,,,,,,,,,,,火,,,,,,,,,,,,,,,,,,,,,,,,,,,,
北区,西天満,3丁目,4番,1~21･27号,,,,,,,,水土,,,,,,,,,,,,,,金,,,,,,,,,,,,,,,,火,,,,,,,,,,,,,,,,,,,,,,,,,,,,
北区,西天満,3丁目,4番,上記以外,,,水土,,,,,,,,,,,,,,,,,,,金,,,,,,,,,,,,,,,,火,,,,,,,,,,,,,,,,,,,,,,,,,,,,
北区,西天満,3丁目,5番,1~23･36~37号,,,,,,,,水土,,,,,,,,,,,,,,金,,,,,,,,,,,,,,,,火,,,,,,,,,,,,,,,,,,,,,,,,,,,,
北区,西天満,3丁目,5番,上記以外,,,水土,,,,,,,,,,,,,,,,,,,金,,,,,,,,,,,,,,,,火,,,,,,,,,,,,,,,,,,,,,,,,,,,,
北区,西天満,3丁目,6番,7～15号,,,,,,,,,,,,,,,水土,,,,,,,金,,,,,,,,,,,,,,,,火,,,,,,,,,,,,,,,,,,,,,,,,,,,,
北区,西天満,3丁目,6番,上記以外,,,水土,,,,,,,,,,,,,,,,,,,金,,,,,,,,,,,,,,,,火,,,,,,,,,,,,,,,,,,,,,,,,,,,,
北区,西天満,3丁目,7番,7～9号,,,,,,,,,,,,,,,水土,,,,,,,金,,,,,,,,,,,,,,,,火,,,,,,,,,,,,,,,,,,,,,,,,,,,,
北区,西天満,3丁目,8番,1~7･10~20号,,,,,,,,水土,,,,,,,,,,,,,,金,,,,,,,,,,,,,,,,火,,,,,,,,,,,,,,,,,,,,,,,,,,,,
北区,西天満,3丁目,8番,上記以外,,,水土,,,,,,,,,,,,,,,,,,,金,,,,,,,,,,,,,,,,火,,,,,,,,,,,,,,,,,,,,,,,,,,,,
北区,西天満,3丁目,9番,,,,,,,,,水土,,,,,,,,,,,,,,金,,,,,,,,,,,,,,,,火,,,,,,,,,,,,,,,,,,,,,,,,,,,,
北区,西天満,3丁目,10番,,,,,,,,,水土,,,,,,,,,,,,,,金,,,,,,,,,,,,,,,,火,,,,,,,,,,,,,,,,,,,,,,,,,,,,
北区,西天満,3丁目,11番,,,,,,,,,,,,,,,,水土,,,,,,,金,,,,,,,,,,,,,,,,火,,,,,,,,,,,,,,,,,,,,,,,,,,,,
北区,西天満,3丁目,12番,3~5･37号,,,,,,水土,,,,,,,,,,,,,,,,金,,,,,,,,,,,,,,,,火,,,,,,,,,,,,,,,,,,,,,,,,,,,,
北区,西天満,3丁目,12番,上記以外,,,水土,,,,,,,,,,,,,,,,,,,金,,,,,,,,,,,,,,,,火,,,,,,,,,,,,,,,,,,,,,,,,,,,,
北区,西天満,3丁目,13番,29号,,,,,,,,,,,,,,,水土,,,,,,,金,,,,,,,,,,,,,,,,火,,,,,,,,,,,,,,,,,,,,,,,,,,,,
北区,西天満,3丁目,13番,上記以外,,,,,,水土,,,,,,,,,,,,,,,,金,,,,,,,,,,,,,,,,火,,,,,,,,,,,,,,,,,,,,,,,,,,,,
北区,西天満,3丁目,14番,3~6･26号,,,,,,水土,,,,,,,,,,,,,,,,金,,,,,,,,,,,,,,,,火,,,,,,,,,,,,,,,,,,,,,,,,,,,,
北区,西天満,3丁目,14番,上記以外,,,水土,,,,,,,,,,,,,,,,,,,金,,,,,,,,,,,,,,,,火,,,,,,,,,,,,,,,,,,,,,,,,,,,,
北区,西天満,4丁目,1番,,,,,,,,,,,,,,,,水土,,,,,,,金,,,,,,,,,,,,,,,,火,,,,,,,,,,,,,,,,,,,,,,,,,,,,
北区,西天満,4丁目,2番,,,,,,,,,,,,,,,,水土,,,,,,,金,,,,,,,,,,,,,,,,火,,,,,,,,,,,,,,,,,,,,,,,,,,,,
北区,西天満,4丁目,3番,2~3･21号,,,,,,,,,,,,,,,水土,,,,,,,金,,,,,,,,,,,,,,,,火,,,,,,,,,,,,,,,,,,,,,,,,,,,,
北区,西天満,4丁目,3番,上記以外,,,水土,,,,,,,,,,,,,,,,,,,金,,,,,,,,,,,,,,,,火,,,,,,,,,,,,,,,,,,,,,,,,,,,,
北区,西天満,4丁目,4番,,,,,,,,,,,,,,,,水土,,,,,,,金,,,,,,,,,,,,,,,,火,,,,,,,,,,,,,,,,,,,,,,,,,,,,
北区,西天満,4丁目,5番,1~10号,,,,,,,,,,,,,,,水土,,,,,,,金,,,,,,,,,,,,,,,,火,,,,,,,,,,,,,,,,,,,,,,,,,,,,
北区,西天満,4丁目,5番,上記以外,,,水土,,,,,,,,,,,,,,,,,,,金,,,,,,,,,,,,,,,,火,,,,,,,,,,,,,,,,,,,,,,,,,,,,
北区,西天満,4丁目,6番,,,,,,,,,,,,,,,,水土,,,,,,,金,,,,,,,,,,,,,,,,火,,,,,,,,,,,,,,,,,,,,,,,,,,,,
北区,西天満,4丁目,7番,,,,,,,,,,,,,,,,水土,,,,,,,金,,,,,,,,,,,,,,,,火,,,,,,,,,,,,,,,,,,,,,,,,,,,,
北区,西天満,4丁目,8番,1~5･28号,,,,,,,,,,,,,,,水土,,,,,,,,金,,,,,,,,,,,,,,,,火,,,,,,,,,,,,,,,,,,,,,,,,,,,
北区,西天満,4丁目,8番,上記以外,,,水土,,,,,,,,,,,,,,,,,,,,金,,,,,,,,,,,,,,,,火,,,,,,,,,,,,,,,,,,,,,,,,,,,
北区,西天満,4丁目,9番,,,,,,,,,,,,,,,,水土,,,,,,,,金,,,,,,,,,,,,,,,,火,,,,,,,,,,,,,,,,,,,,,,,,,,,
北区,西天満,4丁目,10番,,,,,,,,,,,,,,,,水土,,,,,,,金,,,,,,,,,,,,,,,,火,,,,,,,,,,,,,,,,,,,,,,,,,,,,
北区,西天満,4丁目,11番,,,,,,,,,,,,,,,,水土,,,,,,,金,,,,,,,,,,,,,,,,火,,,,,,,,,,,,,,,,,,,,,,,,,,,,
北区,西天満,4丁目,12番,19~22号,,,,,,,,,,,,,,,水土,,,,,,,金,,,,,,,,,,,,,,,,火,,,,,,,,,,,,,,,,,,,,,,,,,,,,
北区,西天満,4丁目,12番,上記以外,,,水土,,,,,,,,,,,,,,,,,,,金,,,,,,,,,,,,,,,,火,,,,,,,,,,,,,,,,,,,,,,,,,,,,
北区,西天満,4丁目,13番,,,,,,,,,,,,,,,,水土,,,,,,,金,,,,,,,,,,,,,,,,火,,,,,,,,,,,,,,,,,,,,,,,,,,,,
北区,西天満,5丁目,1番,,,,,,,水土,,,,,,,,,,,,,,,,金,,,,,,,,,,,,,,,,火,,,,,,,,,,,,,,,,,,,,,,,,,,,,
北区,西天満,5丁目,2番,,,,,,,水土,,,,,,,,,,,,,,,,金,,,,,,,,,,,,,,,,火,,,,,,,,,,,,,,,,,,,,,,,,,,,,
北区,西天満,5丁目,3番,,,,,,,水土,,,,,,,,,,,,,,,,金,,,,,,,,,,,,,,,,火,,,,,,,,,,,,,,,,,,,,,,,,,,,,
北区,西天満,5丁目,4番,,,,,,,水土,,,,,,,,,,,,,,,,金,,,,,,,,,,,,,,,,火,,,,,,,,,,,,,,,,,,,,,,,,,,,,
北区,西天満,5丁目,5番,,,,,,,水土,,,,,,,,,,,,,,,,金,,,,,,,,,,,,,,,,火,,,,,,,,,,,,,,,,,,,,,,,,,,,,
北区,西天満,5丁目,6番,,,,,,,水土,,,,,,,,,,,,,,,,金,,,,,,,,,,,,,,,,火,,,,,,,,,,,,,,,,,,,,,,,,,,,,
北区,西天満,5丁目,8番,,,,,,,水土,,,,,,,,,,,,,,,,金,,,,,,,,,,,,,,,,火,,,,,,,,,,,,,,,,,,,,,,,,,,,,
北区,西天満,5丁目,9番,,,,,,,水土,,,,,,,,,,,,,,,,金,,,,,,,,,,,,,,,,火,,,,,,,,,,,,,,,,,,,,,,,,,,,,
北区,西天満,5丁目,10番,,,,,,,水土,,,,,,,,,,,,,,,,金,,,,,,,,,,,,,,,,火,,,,,,,,,,,,,,,,,,,,,,,,,,,,
北区,西天満,5丁目,11番,,,,,,,水土,,,,,,,,,,,,,,,,金,,,,,,,,,,,,,,,,火,,,,,,,,,,,,,,,,,,,,,,,,,,,,
北区,西天満,5丁目,12番,8～16号,,,,,,,,,,,,,,,水土,,,,,,,金,,,,,,,,,,,,,,,,火,,,,,,,,,,,,,,,,,,,,,,,,,,,,
北区,西天満,5丁目,12番,上記以外,,,水土,,,,,,,,,,,,,,,,,,,金,,,,,,,,,,,,,,,,火,,,,,,,,,,,,,,,,,,,,,,,,,,,,
北区,西天満,5丁目,13番,1・11～13号,,,,,,,,,,,,,,,水土,,,,,,,金,,,,,,,,,,,,,,,,火,,,,,,,,,,,,,,,,,,,,,,,,,,,,
北区,西天満,5丁目,14番,,,,,,,水土,,,,,,,,,,,,,,,,金,,,,,,,,,,,,,,,,火,,,,,,,,,,,,,,,,,,,,,,,,,,,,
北区,西天満,5丁目,15番,,,,,,,水土,,,,,,,,,,,,,,,,金,,,,,,,,,,,,,,,,火,,,,,,,,,,,,,,,,,,,,,,,,,,,,
北区,西天満,5丁目,16番,,,,,,,水土,,,,,,,,,,,,,,,,金,,,,,,,,,,,,,,,,火,,,,,,,,,,,,,,,,,,,,,,,,,,,,
北区,西天満,6丁目,1番,,,,,,,,,,,,,,,,水土,,,,,,,金,,,,,,,,,,,,,,,,火,,,,,,,,,,,,,,,,,,,,,,,,,,,,
北区,西天満,6丁目,2番,,,,,,,,,,,,,,,,水土,,,,,,,金,,,,,,,,,,,,,,,,火,,,,,,,,,,,,,,,,,,,,,,,,,,,,
北区,西天満,6丁目,3番,6~16号,,,,,,,,,,,,,,,水土,,,,,,,金,,,,,,,,,,,,,,,,火,,,,,,,,,,,,,,,,,,,,,,,,,,,,
北区,西天満,6丁目,3番,上記以外,,,水土,,,,,,,,,,,,,,,,,,,金,,,,,,,,,,,,,,,,火,,,,,,,,,,,,,,,,,,,,,,,,,,,,
北区,西天満,6丁目,4番,,,,,,,,,,,,,,,,水土,,,,,,,金,,,,,,,,,,,,,,,,火,,,,,,,,,,,,,,,,,,,,,,,,,,,,
北区,西天満,6丁目,5番,,,,,,,,,,,,,,,,水土,,,,,,,,金,,,,,,,,,,,,,,,,火,,,,,,,,,,,,,,,,,,,,,,,,,,,
北区,西天満,6丁目,6番,,,,,,,,,,,,,,,,水土,,,,,,,金,,,,,,,,,,,,,,,,火,,,,,,,,,,,,,,,,,,,,,,,,,,,,
北区,西天満,6丁目,8番,11~13号,,,,,,,,,,,,,,,水土,,,,,,,金,,,,,,,,,,,,,,,,火,,,,,,,,,,,,,,,,,,,,,,,,,,,,
北区,西天満,6丁目,8番,上記以外,,,水土,,,,,,,,,,,,,,,,,,,金,,,,,,,,,,,,,,,,火,,,,,,,,,,,,,,,,,,,,,,,,,,,,
北区,西天満,6丁目,9番,,,,,,,,,,,,,,,,水土,,,,,,,金,,,,,,,,,,,,,,,,火,,,,,,,,,,,,,,,,,,,,,,,,,,,,
北区,野崎町,1番,30号,,,,,,,,,,,,,,,,水土,,,,,,,金,,,,,,,,,,,,,,,,火,,,,,,,,,,,,,,,,,,,,,,,,,金,,,
北区,野崎町,1番,上記以外,,,,,,,水土,,,,,,,,,,,,,,,,金,,,,,,,,,,,,,,,,火,,,,,,,,,,,,,,,,,,,,,,,,,金,,,
北区,野崎町,3番,,,,,,,,,,,,,,,,,水土,,,,,,,金,,,,,,,,,,,,,,,,火,,,,,,,,,,,,,,,,,,,,,,,,,,金,,
北区,野崎町,4番,,,,,,,,,,,,,,,,,水土,,,,,,,金,,,,,,,,,,,,,,,,火,,,,,,,,,,,,,,,,,,,,,,,,,金,,,
北区,野崎町,5番,,,,,水土,,,,,,,,,,,,,,,,,,,金,,,,,,,,,,,,,,,,火,,,,,,,,,,,,,,,,,,,,,,,,,,金,,
北区,野崎町,6番,,,,,,,,,,,,,,,,,水土,,,,,,,金,,,,,,,,,,,,,,,,火,,,,,,,,,,,,,,,,,,,,,,,,,金,,,
北区,野崎町,7番,,,,,,,,,,,,,,,,,水土,,,,,,,金,,,,,,,,,,,,,,,,火,,,,,,,,,,,,,,,,,,,,,,,,,,金,,
北区,野崎町,8番,,,,,水土,,,,,,,,,,,,,,,,,,,金,,,,,,,,,,,,,,,,火,,,,,,,,,,,,,,,,,,,,,,,,,金,,,
北区,野崎町,9番,,,,,水土,,,,,,,,,,,,,,,,,,,金,,,,,,,,,,,,,,,,火,,,,,,,,,,,,,,,,,,,,,,,,,金,,,
北区,万歳町,1番,,,,,,,,水土,,,,,,,,,,,,,,,,,金,,,,,,,,,,,,,,,,火,,,,,,,,,,,,,,,,,,,,,,,,,,,
北区,万歳町,2番,8･12号,,,,,,,水土,,,,,,,,,,,,,,,,,金,,,,,,,,,,,,,,,,火,,,,,,,,,,,,,,,,,,,,,,,,,,,
北区,万歳町,2番,上記以外,,,,水土,,,,,,,,,,,,,,,,,,,,金,,,,,,,,,,,,,,,,火,,,,,,,,,,,,,,,,,,,,,,,,,,,
北区,万歳町,3番,3~16･41~47号,,,,,,,水土,,,,,,,,,,,,,,,,,,金,,,,,,,,,,,,,,,,火,,,,,,,,,,,,,,,,,,,,,,,,,,
北区,万歳町,3番,39号,,,,,,,,,,,,,,,,水土,,,,,,,,金,,,,,,,,,,,,,,,,火,,,,,,,,,,,,,,,,,,,,,,,,,,,
北区,万歳町,3番,上記以外,,,,水土,,,,,,,,,,,,,,,,,,,,金,,,,,,,,,,,,,,,,火,,,,,,,,,,,,,,,,,,,,,,,,,,,
北区,万歳町,4番,,,,,,,,,,,,,,,,,,,,,,,,,金,,,,,,,,,,,,,,,,火,,,,,,,,,,,,,,,,,,,,,,,,,,,
北区,万歳町,5番,15~19号,,,,,,,水土,,,,,,,,,,,,,,,,,金,,,,,,,,,,,,,,,,火,,,,,,,,,,,,,,,,,,,,,,,,,,,
北区,万歳町,5番,12号,,,,,,,,,,,,,,,,水土,,,,,,,,金,,,,,,,,,,,,,,,,火,,,,,,,,,,,,,,,,,,,,,,,,,,,
北区,万歳町,5番,上記以外,,,,水土,,,,,,,,,,,,,,,,,,,,金,,,,,,,,,,,,,,,,火,,,,,,,,,,,,,,,,,,,,,,,,,,,
北区,東天満,1丁目,1番,11~15号,,,,,,,,,火金,,,,,,,,,,,,,,,木,,,,,,,,,,,,,,,,月,,,,,,,,,,,,,,,,,,,,,,,,,,
北区,東天満,1丁目,1番,上記以外,,,火金,,,,,,,,,,,,,,,,,,,,,木,,,,,,,,,,,,,,,,月,,,,,,,,,,,,,,,,,,,,,,,,,,
北区,東天満,1丁目,2番,1･6号,,,,,,火金,,,,,,,,,,,,,,,,,,木,,,,,,,,,,,,,,,,月,,,,,,,,,,,,,,,,,,,,,,,,,,
北区,東天満,1丁目,2番,3･12~15号,,,,,,,,,火金,,,,,,,,,,,,,,,木,,,,,,,,,,,,,,,,月,,,,,,,,,,,,,,,,,,,,,,,,,,
北区,東天満,1丁目,3番,3~13号,,,,,,,,,火金,,,,,,,,,,,,,,,木,,,,,,,,,,,,,,,,月,,,,,,,,,,,,,,,,,,,,,,,,,,
北区,東天満,1丁目,3番,1･15号,,,,,,火金,,,,,,,,,,,,,,,,,,木,,,,,,,,,,,,,,,,月,,,,,,,,,,,,,,,,,,,,,,,,,,
北区,東天満,1丁目,4番,1~8･15~16号,,,,,,火金,,,,,,,,,,,,,,,,,,木,,,,,,,,,,,,,,,,月,,,,,,,,,,,,,,,,,,,,,,,,,,
北区,東天満,1丁目,4番,10~13号,,,,,,,,,火金,,,,,,,,,,,,,,,木,,,,,,,,,,,,,,,,月,,,,,,,,,,,,,,,,,,,,,,,,,,
北区,東天満,1丁目,5番,,,,,,,火金,,,,,,,,,,,,,,,,,木,,,,,,,,,,,,,,,,月,,,,,,,,,,,,,,,,,,,,,,,,,,,
北区,東天満,1丁目,6番,,,,,,,,,,,,,,,,,,,,,,,,木,,,,,,,,,,,,,,,,月,,,,,,,,,,,,,,,,,,,,,,,,,,,
北区,東天満,1丁目,7番,18号,,,,,,,,,火金,,,,,,,,,,,,,,木,,,,,,,,,,,,,,,,月,,,,,,,,,,,,,,,,,,,,,,,,,,,
北区,東天満,1丁目,7番,上記以外,,,火金,,,,,,,,,,,,,,,,,,,,木,,,,,,,,,,,,,,,,月,,,,,,,,,,,,,,,,,,,,,,,,,,,
北区,東天満,1丁目,8番,,,,,,,,,,,,,,,,,,,,,,,木,,,,,,,,,,,,,,,,月,,,,,,,,,,,,,,,,,,,,,,,,,,,,
北区,東天満,1丁目,9番,,,,,,,火金,,,,,,,,,,,,,,,,木,,,,,,,,,,,,,,,,月,,,,,,,,,,,,,,,,,,,,,,,,,,,,
北区,東天満,1丁目,10番,8号,,,,,,火金,,,,,,,,,,,,,,,,木,,,,,,,,,,,,,,,,月,,,,,,,,,,,,,,,,,,,,,,,,,,,,
北区,東天満,1丁目,10番,10~15号,,,,,,,,,火金,,,,,,,,,,,,,木,,,,,,,,,,,,,,,,月,,,,,,,,,,,,,,,,,,,,,,,,,,,,
北区,東天満,1丁目,10番,上記以外,,,火金,,,,,,,,,,,,,,,,,,,木,,,,,,,,,,,,,,,,月,,,,,,,,,,,,,,,,,,,,,,,,,,,,
北区,東天満,1丁目,11番,1~８号,,,,,,火金,,,,,,,,,,,,,,,,木,,,,,,,,,,,,,,,,月,,,,,,,,,,,,,,,,,,,,,,,,,,,,
北区,東天満,1丁目,11番,9~15号,,,,,,,,,火金,,,,,,,,,,,,,木,,,,,,,,,,,,,,,,月,,,,,,,,,,,,,,,,,,,,,,,,,,,,
北区,東天満,1丁目,11番,上記以外,,,火金,,,,,,,,,,,,,,,,,,,木,,,,,,,,,,,,,,,,月,,,,,,,,,,,,,,,,,,,,,,,,,,,,
北区,東天満,1丁目,12番,,,,,,,火金,,,,,,,,,,,,,,,,木,,,,,,,,,,,,,,,,月,,,,,,,,,,,,,,,,,,,,,,,,,,,,
北区,東天満,2丁目,1番,,,,,,,,,,火金,,,,,,,,,,,,,,,,,,,,,,,木,,,,,,,,,,,,,,,,月,,,,,,,,,,,,,,,,,,
北区,東天満,2丁目,2番,7~18号,,,,,,,,,,,,,,,火金,,,,,,,,,,,,,,,,,,木,,,,,,,,,,,,,,,,月,,,,,,,,,,,,,,,,,
北区,東天満,2丁目,2番,上記以外,,,火金,,,,,,,,,,,,,,,,,,,,,,,,,,,,,,木,,,,,,,,,,,,,,,,月,,,,,,,,,,,,,,,,,
北区,東天満,2丁目,3番,,,,,,,,,,,,,,,,,,,,,,,,,,,,木,,,,,,,,,,,,,,,,月,,,,,,,,,,,,,,,,,,,,,,,
北区,東天満,2丁目,4番,,,,,,,,,,,,,,,,火金,,,,,,,,,,,,,,,,,,木,,,,,,,,,,,,,,,,月,,,,,,,,,,,,,,,,,
北区,東天満,2丁目,5番,,,,,,,,,,,,,,,,火金,,,,,,,,,,,,,木,,,,,,,,,,,,,,,,月,,,,,,,,,,,,,,,,,,,,,,
北区,東天満,2丁目,6番,10~12号,,,,,,火金,,,,,,,,,,,,,,,,木,,,,,,,,,,,,,,,,月,,,,,,,,,,,,,,,,,,,,,,,,,,,,
北区,東天満,2丁目,6番,上記以外,,,火金,,,,,,,,,,,,,,,,,,,木,,,,,,,,,,,,,,,,月,,,,,,,,,,,,,,,,,,,,,,,,,,,,
北区,東天満,2丁目,7番,,,,,,,火金,,,,,,,,,,,,,,,,,,,,,,,,,,,木,,,,,,,,,,,,,,,,月,,,,,,,,,,,,,,,,,
北区,東天満,2丁目,8番,7~8号,,,,,,火金,,,,,,,,,,,,,,,,,,木,,,,,,,,,,,,,,,,月,,,,,,,,,,,,,,,,,,,,,,,,,,
北区,東天満,2丁目,8番,上記以外,,,火金,,,,,,,,,,,,,,,,,,,,,,,,,,,,,,木,,,,,,,,,,,,,,,,月,,,,,,,,,,,,,,,,,
北区,東天満,2丁目,9番,12号　,,,,,,火金,,,,,,,,,,,,,,,,木,,,,,,,,,,,,,,,,月,,,,,,,,,,,,,,,,,,,,,,,,,,,,
北区,東天満,2丁目,9番,上記以外,,,,,,,,,,,,,,,,,,,,,,木,,,,,,,,,,,,,,,,月,,,,,,,,,,,,,,,,,,,,,,,,,,,,
北区,東天満,2丁目,10番,31~35号,,,,,,火金,,,,,,,,,,,,,,,,,,木,,,,,,,,,,,,,,,,月,,,,,,,,,,,,,,,,,,,,,,,,,,
北区,東天満,2丁目,10番,14~23号,,,,,,火金,,,,,,,,,,,,,,,,,,,,,,,,,,,木,,,,,,,,,,,,,,,,月,,,,,,,,,,,,,,,,,
北区,東天満,2丁目,10番,上記以外,,,火金,,,,,,,,,,,,,,,,,,,,,,,,,,,,,,木,,,,,,,,,,,,,,,,月,,,,,,,,,,,,,,,,,
北区,樋之口町,1番,20号,シティタワー大阪天満ザ･リバー＆パークス,,,,,,月木,,,,,,,,,,,,,,,,,,,,,,木,,,,,,,,,,,,,,,,月,,,,,,,,,,,,,,,,,木,,,,,
北区,樋之口町,1番,上記以外,,,,,,,火金,,,,,,,,,,,,,,,,,,,,木,,,,,,,,,,,,,,,,月,,,,,,,,,,,,,,,,,,,,木,,,,
北区,樋之口町,2番,1~2号,,,,,,,火金,,,,,,,,,,,,,,,,,,,,,木,,,,,,,,,,,,,,,,月,,,,,,,,,,,,,,,,,,,,木,,,
北区,樋之口町,2番,上記以外,,,,火金,,,,,,,,,,,,,,,,,,,,,,,,木,,,,,,,,,,,,,,,,月,,,,,,,,,,,,,,,,,,,,木,,,
北区,樋之口町,3番,18号,,,,,,,火金,,,,,,,,,,,,,,,,,,,,,,木,,,,,,,,,,,,,,,,月,,,,,,,,,,,,,,,,,,木,,,,
北区,樋之口町,3番,上記以外,,,,火金,,,,,,,,,,,,,,,,,,,,,,,,,木,,,,,,,,,,,,,,,,月,,,,,,,,,,,,,,,,,,木,,,,
北区,本庄西,1丁目,1番,3号,ローレルアイ梅田,,,,,月木,,,,,,,,,,,,,,,,,,,,,,,,,,金,,,,,,,,,,,,,,,,火,,,,,,,,,,,,,,,,,,
北区,本庄西,1丁目,1番,7号,,,,,,,,,,,,,,,水土,,,,,,,,,,,,,,,,,金,,,,,,,,,,,,,,,,火,,,,,,,,,,,,,,,,,,
北区,本庄西,1丁目,2番,,,,,,,月木,,,,,,,,,,,,,,,,金,,,,,,,,,,,,,,,,火,,,,,,,,,,,,,,,,,,,,,,,,,,,,
北区,本庄西,1丁目,3番,1~6･9~11･17~23号,,,,,,月木,,,,,,,,,,,,,,,,金,,,,,,,,,,,,,,,,火,,,,,,,,,,,,,,,,,,,,,,,,,,,,
北区,本庄西,1丁目,3番,上記以外,,,月木,,,,,,,,,,,,,,,,,,,金,,,,,,,,,,,,,,,,火,,,,,,,,,,,,,,,,,,,,,,,,,,,,
北区,本庄西,1丁目,4番,７号,,,,,,月木,,,,,,,,,,,,,,,,金,,,,,,,,,,,,,,,,火,,,,,,,,,,,,,,,,,,,,,,,,,,,,
北区,本庄西,1丁目,4番,9~11号,,,,,,月木,,,,,,,,,,,,,,,,,,,,,,,,,金,,,,,,,,,,,,,,,,火,,,,,,,,,,,,,,,,,,,
北区,本庄西,1丁目,5番,2~4･8~17号,,,,,,月木,,,,,,,,,,,,,,,,金,,,,,,,,,,,,,,,,火,,,,,,,,,,,,,,,,,,,,,,,,,,,,
北区,本庄西,1丁目,5番,上記以外,,,月木,,,,,,,,,,,,,,,,,,,金,,,,,,,,,,,,,,,,火,,,,,,,,,,,,,,,,,,,,,,,,,,,,
北区,本庄西,1丁目,6番,26～35号,,,,,,月木,,,,,,,,,,,,,,,,金,,,,,,,,,,,,,,,,火,,,,,,,,,,,,,,,,,,,,,,,,,,,,
北区,本庄西,1丁目,6番,上記以外,,,,,,月木,,,,,,,,,,,,,,,,,金,,,,,,,,,,,,,,,,火,,,,,,,,,,,,,,,,,,,,,,,,,,,
北区,本庄西,1丁目,7番,9号,,,,,,月木,,,,,,,,,,,,,,,,,金,,,,,,,,,,,,,,,,火,,,,,,,,,,,,,,,,,,,,,,,,,,,
北区,本庄西,1丁目,7番,上記以外,,,月木,,,,,,,,,,,,,,,,,,,,金,,,,,,,,,,,,,,,,火,,,,,,,,,,,,,,,,,,,,,,,,,,,
北区,本庄西,1丁目,8番,9~17号,,,,,,月木,,,,,,,,,,,,,,,,金,,,,,,,,,,,,,,,,火,,,,,,,,,,,,,,,,,,,,,,,,,,,,
北区,本庄西,1丁目,8番,上記以外,,,,,,月木,,,,,,,,,,,,,,,,,金,,,,,,,,,,,,,,,,火,,,,,,,,,,,,,,,,,,,,,,,,,,,
北区,本庄西,1丁目,9番,1~4号,,,,,,月木,,,,,,,,,,,,,,,,金,,,,,,,,,,,,,,,,火,,,,,,,,,,,,,,,,,,,,,,,,,,,,
北区,本庄西,1丁目,9番,上記以外,,,月木,,,,,,,,,,,,,,,,,,,,,金,,,,,,,,,,,,,,,,火,,,,,,,,,,,,,,,,,,,,,,,,,,
北区,本庄西,1丁目,10番,1~８号,,,,,,月木,,,,,,,,,,,,,,,,,金,,,,,,,,,,,,,,,,火,,,,,,,,,,,,,,,,,,,,,,,,,,,
北区,本庄西,1丁目,10番,9号,,,,,,月木,,,,,,,,,,,,,,,,,,,,金,,,,,,,,,,,,,,,,火,,,,,,,,,,,,,,,,,,,,,,,,
北区,本庄西,1丁目,10番,上記以外,,,月木,,,,,,,,,,,,,,,,,,,,,,,,,,,,,金,,,,,,,,,,,,,,,,火,,,,,,,,,,,,,,,,,,
北区,本庄西,1丁目,11番,5号,,,,,,月木,,,,,,,,,,,,,,,,,,,,金,,,,,,,,,,,,,,,,火,,,,,,,,,,,,,,,,,,,,,,,,
北区,本庄西,1丁目,11番,21~27号,,,,,,月木,,,,,,,,,,,,,,,,,金,,,,,,,,,,,,,,,,火,,,,,,,,,,,,,,,,,,,,,,,,,,,
北区,本庄西,1丁目,11番,上記以外,,,月木,,,,,,,,,,,,,,,,,,,,,,,,,,,,,金,,,,,,,,,,,,,,,,火,,,,,,,,,,,,,,,,,,
北区,本庄西,1丁目,12番,,,,,,,月木,,,,,,,,,,,,,,,,,金,,,,,,,,,,,,,,,,火,,,,,,,,,,,,,,,,,,,,,,,,,,,
北区,本庄西,1丁目,13番,10～13号,,,月木,,,,,,,,,,,,,,,,,,,,金,,,,,,,,,,,,,,,,火,,,,,,,,,,,,,,,,,,,,,,,,,,,
北区,本庄西,1丁目,13番,15~23号,,,,,,月木,,,,,,,,,,,,,,,,,,,,,,,,,金,,,,,,,,,,,,,,,,火,,,,,,,,,,,,,,,,,,,
北区,本庄西,1丁目,13番,24～26号,,,,,,月木,,,,,,,,,,,,,,,,,金,,,,,,,,,,,,,,,,火,,,,,,,,,,,,,,,,,,,,,,,,,,,
北区,本庄西,1丁目,13番,上記以外,,,月木,,,,,,,,,,,,,,,,,,,,,,,,,,,,金,,,,,,,,,,,,,,,,火,,,,,,,,,,,,,,,,,,,
北区,本庄西,2丁目,1番,28~37号,,,,,,月木,,,,,,,,,,,,,,,,,,,,,,,,,,金,,,,,,,,,,,,,,,,火,,,,,,,,,,,,,,,,,,
北区,本庄西,2丁目,1番,上記以外,,,月木,,,,,,,,,,,,,,,,金,,,,,,,,,,,,,,,,火,,,,,,,,,,,,,,,,,,,,,,,,,,,,,,,
北区,本庄西,2丁目,2番,,,,,,,月木,,,,,,,,,,,,,金,,,,,,,,,,,,,,,,火,,,,,,,,,,,,,,,,,,,,,,,,,,,,,,,
北区,本庄西,2丁目,3番,,,,,,,月木,,,,,,,,,,,,,金,,,,,,,,,,,,,,,,火,,,,,,,,,,,,,,,,,,,,,,,,,,,,,,,
北区,本庄西,2丁目,4番,11号,,,,,,月木,,,,,,,,,,,,,,,,,,,,,,,,,金,,,,,,,,,,,,,,,,火,,,,,,,,,,,,,,,,,,,
北区,本庄西,2丁目,4番,上記以外,,,月木,,,,,,,,,,,,,,,,,,,,,,,,,,,,金,,,,,,,,,,,,,,,,火,,,,,,,,,,,,,,,,,,,
北区,本庄西,2丁目,5番,3~24号,,,,,,月木,,,,,,,,,,,,,,,,,,,,,,,,,金,,,,,,,,,,,,,,,,火,,,,,,,,,,,,,,,,,,,
北区,本庄西,2丁目,5番,上記以外,,,月木,,,,,,,,,,,,,,,,,,,,,,,,,,,金,,,,,,,,,,,,,,,,火,,,,,,,,,,,,,,,,,,,,
北区,本庄西,2丁目,6番,,,,,,,月木,,,,,,,,,,,,,,,,,,,,,,,,金,,,,,,,,,,,,,,,,火,,,,,,,,,,,,,,,,,,,,
北区,本庄西,2丁目,7番,,,,,,,月木,,,,,,,,,,,,,,,,,,,,,,,,,金,,,,,,,,,,,,,,,,火,,,,,,,,,,,,,,,,,,,
北区,本庄西,2丁目,8番,14~22号,,,,,,月木,,,,,,,,,,,,,,,,,,,,,,,,,金,,,,,,,,,,,,,,,,火,,,,,,,,,,,,,,,,,,,
北区,本庄西,2丁目,8番,上記以外,,,月木,,,,,,,,,,,,,,,,,,,,,,,,,,,,金,,,,,,,,,,,,,,,,火,,,,,,,,,,,,,,,,,,,
北区,本庄西,2丁目,9番,2~3号,,,,,,月木,,,,,,,,,,,,,,,,,,,,,,,,,金,,,,,,,,,,,,,,,,火,,,,,,,,,,,,,,,,,,,
北区,本庄西,2丁目,9番,上記以外,,,月木,,,,,,,,,,,,,,,,,,,,,,,,,,,,金,,,,,,,,,,,,,,,,火,,,,,,,,,,,,,,,,,,,
北区,本庄西,2丁目,10番,9~11号,,,,,,月木,,,,,,,,,,,,,,,,,,,,,,,,,金,,,,,,,,,,,,,,,,火,,,,,,,,,,,,,,,,,,,
北区,本庄西,2丁目,10番,上記以外,,,月木,,,,,,,,,,,,,,,,,,,,,,,,,,,,金,,,,,,,,,,,,,,,,火,,,,,,,,,,,,,,,,,,,
北区,本庄西,2丁目,11番,,,,,,,,,,,,,,,,,,,,,,,,,,,,,,,,金,,,,,,,,,,,,,,,,火,,,,,,,,,,,,,,,,,,,
北区,本庄西,2丁目,12番,1~12･29号,,,,,,月木,,,,,,,,,,,,,,,,,,,,,,,,,金,,,,,,,,,,,,,,,,火,,,,,,,,,,,,,,,,,,,
北区,本庄西,2丁目,12番,上記以外,,,月木,,,,,,,,,,,,,,,,,,,,,,,,,,,,金,,,,,,,,,,,,,,,,火,,,,,,,,,,,,,,,,,,,
北区,本庄西,2丁目,13番,,,,,,,月木,,,,,,,,,,,,,,,,,,,,,,,,,金,,,,,,,,,,,,,,,,火,,,,,,,,,,,,,,,,,,,
北区,本庄西,2丁目,14番,,,,,,,月木,,,,,,,,,,,,,,,,,,,,,,,,,金,,,,,,,,,,,,,,,,火,,,,,,,,,,,,,,,,,,,
北区,本庄西,2丁目,15番,2~7･11~14号,,,,,,月木,,,,,,,,,,,,,,,,,,,,,,,,,金,,,,,,,,,,,,,,,,火,,,,,,,,,,,,,,,,,,,
北区,本庄西,2丁目,15番,上記以外,,,月木,,,,,,,,,,,,,,,,,,,,,,,,,,,,金,,,,,,,,,,,,,,,,火,,,,,,,,,,,,,,,,,,,
北区,本庄西,2丁目,16番,,,,,,,月木,,,,,,,,,,,,,,,,,,,,,,,,,金,,,,,,,,,,,,,,,,火,,,,,,,,,,,,,,,,,,,
北区,本庄西,2丁目,17番,8~24号,,,,,,月木,,,,,,,,,,,,,,,,,,,,,,,,,金,,,,,,,,,,,,,,,,火,,,,,,,,,,,,,,,,,,,
北区,本庄西,2丁目,17番,上記以外,,,月木,,,,,,,,,,,,,,,,,,,,,,,,,,,,金,,,,,,,,,,,,,,,,火,,,,,,,,,,,,,,,,,,,
北区,本庄西,2丁目,18番,,,,,,,月木,,,,,,,,,,,,,,,,,,,,,,,,,金,,,,,,,,,,,,,,,,火,,,,,,,,,,,,,,,,,,,
北区,本庄西,2丁目,19番,,,,,,,月木,,,,,,,,,,,,,,,,,,,,,,,,,金,,,,,,,,,,,,,,,,火,,,,,,,,,,,,,,,,,,,
北区,本庄西,2丁目,20番,,,,,,,月木,,,,,,,,,,,,,,,,,,,,,,,,,金,,,,,,,,,,,,,,,,火,,,,,,,,,,,,,,,,,,,
北区,本庄西,2丁目,21番,,,,,,,月木,,,,,,,,,,,,,,,,,,,,,,,,,金,,,,,,,,,,,,,,,,火,,,,,,,,,,,,,,,,,,,
北区,本庄西,2丁目,22番,,,,,,,,,,,,,,,,,,,,,,,,,,,,,,,,金,,,,,,,,,,,,,,,,火,,,,,,,,,,,,,,,,,,,
北区,本庄西,3丁目,1番,,,,,,,月木,,,,,,,,,,,,,,,,,,,,,,,,,,金,,,,,,,,,,,,,,,,火,,,,,,,,,,,,,,,,,,
北区,本庄西,3丁目,2番,,,,,,,月木,,,,,,,,,,,,,,,,,,,,,,,,,,金,,,,,,,,,,,,,,,,火,,,,,,,,,,,,,,,,,,
北区,本庄西,3丁目,3番,,,,,,,,,,,,,,,,,,,,,,,,,,,,,,,,,金,,,,,,,,,,,,,,,,火,,,,,,,,,,,,,,,,,,
北区,本庄西,3丁目,4番,,,,,,,月木,,,,,,,,,,,,,,,,,,,,,,,,,,金,,,,,,,,,,,,,,,,火,,,,,,,,,,,,,,,,,,
北区,本庄西,3丁目,5番,1~5･12~18号,,,,,,月木,,,,,,,,,,,,,,,,,,,,,,,,,,金,,,,,,,,,,,,,,,,火,,,,,,,,,,,,,,,,,,
北区,本庄西,3丁目,5番,上記以外,,,月木,,,,,,,,,,,,,,,,,,,,,,,,,,,,,金,,,,,,,,,,,,,,,,火,,,,,,,,,,,,,,,,,,
北区,本庄西,3丁目,6番,,,,,,,月木,,,,,,,,,,,,,,,,,,,,,,,,,,金,,,,,,,,,,,,,,,,火,,,,,,,,,,,,,,,,,,
北区,本庄西,3丁目,7番,,,,,,,月木,,,,,,,,,,,,,,,,,,,,,,,,,,金,,,,,,,,,,,,,,,,火,,,,,,,,,,,,,,,,,,
北区,本庄西,3丁目,8番,,,,,,,月木,,,,,,,,,,,,,,,,,,,,,,,,,,金,,,,,,,,,,,,,,,,火,,,,,,,,,,,,,,,,,,
北区,本庄西,3丁目,9番,11~25号,,,,,,月木,,,,,,,,,,,,,,,,,,,,,,,,,,金,,,,,,,,,,,,,,,,火,,,,,,,,,,,,,,,,,,
北区,本庄西,3丁目,9番,上記以外,,,月木,,,,,,,,,,,,,,,,,,,,,,,,,,,,,金,,,,,,,,,,,,,,,,火,,,,,,,,,,,,,,,,,,
北区,本庄西,3丁目,10番,,,,,,,月木,,,,,,,,,,,,,,,,,,,,,,,,,,金,,,,,,,,,,,,,,,,火,,,,,,,,,,,,,,,,,,
北区,本庄西,3丁目,12番,,,,,,,月木,,,,,,,,,,,,,,,,,,,,,,,,,,金,,,,,,,,,,,,,,,,火,,,,,,,,,,,,,,,,,,
北区,本庄西,3丁目,13番,,,,,,,月木,,,,,,,,,,,,,,,,,,,,,,,,,,金,,,,,,,,,,,,,,,,火,,,,,,,,,,,,,,,,,,
北区,本庄東,1丁目,1番,15号,,,,,月木,,,,,,,,,,,,,,,,,金,,,,,,,,,,,,,,,,火,,,,,,,,,,,,,,,,,,,,,,,,,,,,
北区,本庄東,1丁目,1番,19~23号,,,,,,,,月木,,,,,,,,,,,,,,,,,,,,,,金,,,,,,,,,,,,,,,,火,,,,,,,,,,,,,,,,,,,,
北区,本庄東,1丁目,1番,上記以外,,,,,月木,,,,,,,,,,,,,,,,,,,,,,,,,金,,,,,,,,,,,,,,,,火,,,,,,,,,,,,,,,,,,,,
北区,本庄東,1丁目,2番,2～6号,,,,,,,,月木,,,,,,,,,,,,,,,,,,,,金,,,,,,,,,,,,,,,,火,,,,,,,,,,,,,,,,,,,,,,
北区,本庄東,1丁目,2番,4～9号,,,,月木,,,,,,,,,,,,,,,,,,金,,,,,,,,,,,,,,,,火,,,,,,,,,,,,,,,,,,,,,,,,,,,,
北区,本庄東,1丁目,2番,上記以外,,,,,月木,,,,,,,,,,,,,,,,,,,,,,,金,,,,,,,,,,,,,,,,火,,,,,,,,,,,,,,,,,,,,,,
北区,本庄東,1丁目,3番,1~4号,,,,,,,,月木,,,,,,,,,,,,,,,,,,,,金,,,,,,,,,,,,,,,,火,,,,,,,,,,,,,,,,,,,,,,
北区,本庄東,1丁目,3番,5･7号,,,,,,,,月木,,,,,,,,,,,,,,金,,,,,,,,,,,,,,,,火,,,,,,,,,,,,,,,,,,,,,,,,,,,,
北区,本庄東,1丁目,3番,15・16号,,,,,,,,月木,,,,,,,,,,,,,,,,,,,,金,,,,,,,,,,,,,,,,火,,,,,,,,,,,,,,,,,,,,,,
北区,本庄東,1丁目,3番,上記以外,,,,,月木,,,,,,,,,,,,,,,,,,,,,,,金,,,,,,,,,,,,,,,,火,,,,,,,,,,,,,,,,,,,,,,
北区,本庄東,1丁目,4番,10･12･14･15号,,,,,,,,月木,,,,,,,,,,,,,,,,,,,,,,金,,,,,,,,,,,,,,,,火,,,,,,,,,,,,,,,,,,,,
北区,本庄東,1丁目,4番,上記以外,,,月木,,,,,,,,,,,,,,,,,,,,,,,,,,,金,,,,,,,,,,,,,,,,火,,,,,,,,,,,,,,,,,,,,
北区,本庄東,1丁目,5番,7~10号,,,,,,,,月木,,,,,,,,,,,,,,金,,,,,,,,,,,,,,,,火,,,,,,,,,,,,,,,,,,,,,,,,,,,,
北区,本庄東,1丁目,5番,上記以外,,,,,,,,,,,,,,,月木,,,,,,,,,,,,,,金,,,,,,,,,,,,,,,,火,,,,,,,,,,,,,,,,,,,,,
北区,本庄東,1丁目,6番,3~10号,,,,,,,,月木,,,,,,,,,,,,,,,,,,,,,金,,,,,,,,,,,,,,,,火,,,,,,,,,,,,,,,,,,,,,
北区,本庄東,1丁目,6番,12~22号,,,,,,月木,,,,,,,,,,,,,,,,,,,,,,,金,,,,,,,,,,,,,,,,火,,,,,,,,,,,,,,,,,,,,,
北区,本庄東,1丁目,7番,10~15号,,,,,,月木,,,,,,,,,,,,,,,,,,,,,,,金,,,,,,,,,,,,,,,,火,,,,,,,,,,,,,,,,,,,,,
北区,本庄東,1丁目,7番,８号西側,,,月木,,,,,,,,,,,,,,,,,,,金,,,,,,,,,,,,,,,,火,,,,,,,,,,,,,,,,,,,,,,,,,,,,
北区,本庄東,1丁目,7番,上記以外,,,月木,,,,,,,,,,,,,,,,,,,,,,,,,,金,,,,,,,,,,,,,,,,火,,,,,,,,,,,,,,,,,,,,,
北区,本庄東,1丁目,8番,5~8･17~19号,,,,,,月木,,,,,,,,,,,,,,,,金,,,,,,,,,,,,,,,,火,,,,,,,,,,,,,,,,,,,,,,,,,,,,
北区,本庄東,1丁目,8番,上記以外,,,月木,,,,,,,,,,,,,,,,,,,金,,,,,,,,,,,,,,,,火,,,,,,,,,,,,,,,,,,,,,,,,,,,,
北区,本庄東,1丁目,9番,8･９号,,,,,,月木,,,,,,,,,,,,,,,,金,,,,,,,,,,,,,,,,火,,,,,,,,,,,,,,,,,,,,,,,,,,,,
北区,本庄東,1丁目,9番,13~17号,,,,,,月木,,,,,,,,,,,,,,,,,,,,,,,金,,,,,,,,,,,,,,,,火,,,,,,,,,,,,,,,,,,,,,
北区,本庄東,1丁目,9番,上記以外,,,,,,月木,,,,,,,,,,,,,,,,,,,,,,金,,,,,,,,,,,,,,,,火,,,,,,,,,,,,,,,,,,,,,,
北区,本庄東,1丁目,10番,12~16号,,,,,,月木,,,,,,,,,,,,,,,,金,,,,,,,,,,,,,,,,火,,,,,,,,,,,,,,,,,,,,,,,,,,,,
北区,本庄東,1丁目,10番,3･17~21号,,,,,,,,月木,,,,,,,,,,,,,,金,,,,,,,,,,,,,,,,火,,,,,,,,,,,,,,,,,,,,,,,,,,,,
北区,本庄東,1丁目,11番,6~12号,,,,,,,,,,,,,,,月木,,,,,,,,,,,,,,金,,,,,,,,,,,,,,,,,火,,,,,,,,,,,,,,,,,,,,
北区,本庄東,1丁目,11番,上記以外,,,月木,,,,,,,,,,,,,,,,,,,,,,,,,,金,,,,,,,,,,,,,,,,,火,,,,,,,,,,,,,,,,,,,,
北区,本庄東,1丁目,12番,14~15号,,,,,,,,月木,,,,,,,,,,,,,,金,,,,,,,,,,,,,,,,火,,,,,,,,,,,,,,,,,,,,,,,,,,,,
北区,本庄東,1丁目,12番,18~19号,,,,,,,,,,,,,,,月木,,,,,,,金,,,,,,,,,,,,,,,,火,,,,,,,,,,,,,,,,,,,,,,,,,,,,
北区,本庄東,1丁目,12番,上記以外,,,月木,,,,,,,,,,,,,,,,,,,金,,,,,,,,,,,,,,,,火,,,,,,,,,,,,,,,,,,,,,,,,,,,,
北区,本庄東,1丁目,13番,4~7号,,,,,,月木,,,,,,,,,,,,,,,,,,,,,,,,,,金,,,,,,,,,,,,,,,,火,,,,,,,,,,,,,,,,,,
北区,本庄東,1丁目,13番,1･33~34号,,,,,,,,,,,,,,,月木,,,,,,,,,,,,,,,,,,金,,,,,,,,,,,,,,,,火,,,,,,,,,,,,,,,,,
北区,本庄東,1丁目,14番,2~14,,,,,,,,,,,,,,,月木,,,,,,,,,,,,,金,,,,,,,,,,,,,,,,火,,,,,,,,,,,,,,,,,,,,,,
北区,本庄東,1丁目,14番,上記以外,,,月木,,,,,,,,,,,,,,,,,,,,,,,,,金,,,,,,,,,,,,,,,,火,,,,,,,,,,,,,,,,,,,,,,
北区,本庄東,1丁目,15番,6~9号,,,,,,,,,,,,,,,月木,,,,,,,,,,,,,金,,,,,,,,,,,,,,,,火,,,,,,,,,,,,,,,,,,,,,,
北区,本庄東,1丁目,15番,上記以外,,,月木,,,,,,,,,,,,,,,,,,,,,,,,,金,,,,,,,,,,,,,,,,火,,,,,,,,,,,,,,,,,,,,,,
北区,本庄東,1丁目,16番,10~19号,,,,,,,,,,,,,,,月木,,,,,,,,,,,,,金,,,,,,,,,,,,,,,,火,,,,,,,,,,,,,,,,,,,,,,
北区,本庄東,1丁目,16番,上記以外,,,月木,,,,,,,,,,,,,,,,,,,,,,,,,金,,,,,,,,,,,,,,,,火,,,,,,,,,,,,,,,,,,,,,,
北区,本庄東,1丁目,17番,,,,,,,,,,,,,,,,月木,,,,,,,,金,,,,,,,,,,,,,,,,火,,,,,,,,,,,,,,,,,,,,,,,,,,,
北区,本庄東,1丁目,18番,10~14号,,,,,,月木,,,,,,,,,,,,,,,,,,,,,,,,金,,,,,,,,,,,,,,,,火,,,,,,,,,,,,,,,,,,,,
北区,本庄東,1丁目,18番,1~8･18~20号,,,,,,,,,,,,,,,月木,,,,,,,,,金,,,,,,,,,,,,,,,,火,,,,,,,,,,,,,,,,,,,,,,,,,,
北区,本庄東,1丁目,19番,1~7号,,,,,,,,,,,,,,,月木,,,,,,,,金,,,,,,,,,,,,,,,,火,,,,,,,,,,,,,,,,,,,,,,,,,,,
北区,本庄東,1丁目,19番,9~12号,,,,,,月木,,,,,,,,,,,,,,,,,,,,,,,,金,,,,,,,,,,,,,,,,火,,,,,,,,,,,,,,,,,,,,
北区,本庄東,1丁目,20番,11~13号,,,,,,月木,,,,,,,,,,,,,,,,,,,,,,,,金,,,,,,,,,,,,,,,,火,,,,,,,,,,,,,,,,,,,,
北区,本庄東,1丁目,20番,14~19号,,,,,,,,,,,,,,,月木,,,,,,,,金,,,,,,,,,,,,,,,,火,,,,,,,,,,,,,,,,,,,,,,,,,,,
北区,本庄東,1丁目,20番,上記以外,,,月木,,,,,,,,,,,,,,,,,,,,金,,,,,,,,,,,,,,,,火,,,,,,,,,,,,,,,,,,,,,,,,,,,
北区,本庄東,1丁目,21番,15~16号,,,,,,月木,,,,,,,,,,,,,,,,,,,,,,,,金,,,,,,,,,,,,,,,,火,,,,,,,,,,,,,,,,,,,,
北区,本庄東,1丁目,21番,1~4･27~28号,,,,,,,,,,,,,,,月木,,,,,,,,,金,,,,,,,,,,,,,,,,火,,,,,,,,,,,,,,,,,,,,,,,,,,
北区,本庄東,1丁目,21番,5~15号,,,,,,月木,,,,,,,,,,,,,,,,,,,,,,,,,,金,,,,,,,,,,,,,,,,火,,,,,,,,,,,,,,,,,,
北区,本庄東,1丁目,21番,上記以外,,,月木,,,,,,,,,,,,,,,,,,,,,,,,,,,,,金,,,,,,,,,,,,,,,,火,,,,,,,,,,,,,,,,,,
北区,本庄東,1丁目,22番,1･16~27号,,,,,,,,,,,,,,,月木,,,,,,,,,金,,,,,,,,,,,,,,,,火,,,,,,,,,,,,,,,,,,,,,,,,,,
北区,本庄東,1丁目,22番,3~14号,,,,,,月木,,,,,,,,,,,,,,,,,,金,,,,,,,,,,,,,,,,火,,,,,,,,,,,,,,,,,,,,,,,,,,
北区,本庄東,1丁目,23番,,,,,,,月木,,,,,,,,,,,,,,,,,,,,,,金,,,,,,,,,,,,,,,,火,,,,,,,,,,,,,,,,,,,,,,
北区,本庄東,1丁目,24番,,,,,,,月木,,,,,,,,,,,,,,,,,,,,,,,,,,,金,,,,,,,,,,,,,,,,火,,,,,,,,,,,,,,,,,
北区,本庄東,1丁目,25番,8～12号,,,,,,月木,,,,,,,,,,,,,,,,,,,,,,,,金,,,,,,,,,,,,,,,,火,,,,,,,,,,,,,,,,,,,,
北区,本庄東,1丁目,25番,上記以外,,,,,,月木,,,,,,,,,,,,,,,,,金,,,,,,,,,,,,,,,,火,,,,,,,,,,,,,,,,,,,,,,,,,,,
北区,本庄東,2丁目,1番,,,,,,,月木,,,,,,,,,,,,,,,,,金,,,,,,,,,,,,,,,,火,,,,,,,,,,,,,,,,,,,,,,,,,,,
北区,本庄東,2丁目,2番,,,,,,,月木,,,,,,,,,,,,,,,,,,,,,,,,金,,,,,,,,,,,,,,,,火,,,,,,,,,,,,,,,,,,,,
北区,本庄東,2丁目,3番,23~26号,,,,,,月木,,,,,,,,,,,,,,,,,,,,,,,金,,,,,,,,,,,,,,,,火,,,,,,,,,,,,,,,,,,,,,
北区,本庄東,2丁目,3番,上記以外,,,月木,,,,,,,,,,,,,,,,,,,,,,,,,,金,,,,,,,,,,,,,,,,火,,,,,,,,,,,,,,,,,,,,,
北区,本庄東,2丁目,4番,,,,,,,月木,,,,,,,,,,,,,,,,,,,,,,,,,,金,,,,,,,,,,,,,,,,火,,,,,,,,,,,,,,,,,,
北区,本庄東,2丁目,5番,2~24号,,,,,,月木,,,,,,,,,,,,,,,,,,,,,,,金,,,,,,,,,,,,,,,,火,,,,,,,,,,,,,,,,,,,,,
北区,本庄東,2丁目,5番,上記以外,,,月木,,,,,,,,,,,,,,,,,,,,,,,,,,金,,,,,,,,,,,,,,,,火,,,,,,,,,,,,,,,,,,,,,
北区,本庄東,2丁目,6番,,,,,,,月木,,,,,,,,,,,,,,,,,,,,,,,,,,金,,,,,,,,,,,,,,,,火,,,,,,,,,,,,,,,,,,
北区,本庄東,2丁目,7番,,,,,,,月木,,,,,,,,,,,,,,,,,,,,,,,,,,金,,,,,,,,,,,,,,,,火,,,,,,,,,,,,,,,,,,
北区,本庄東,2丁目,8番,,,,,,,月木,,,,,,,,,,,,,,,,,,,,,,,,,金,,,,,,,,,,,,,,,,火,,,,,,,,,,,,,,,,,,,
北区,本庄東,2丁目,9番,4~9号,,,,,,月木,,,,,,,,,,,,,,,,,,,,,,,,金,,,,,,,,,,,,,,,,火,,,,,,,,,,,,,,,,,,,,
北区,本庄東,2丁目,9番,上記以外,,,月木,,,,,,,,,,,,,,,,,,,,,,,,,,,金,,,,,,,,,,,,,,,,火,,,,,,,,,,,,,,,,,,,,
北区,本庄東,2丁目,10番,,,,,,,月木,,,,,,,,,,,,,,,,,,,,,,,,,金,,,,,,,,,,,,,,,,火,,,,,,,,,,,,,,,,,,,
北区,本庄東,2丁目,11番,,,,,,,月木,,,,,,,,,,,,,,,,,,,,,,,金,,,,,,,,,,,,,,,,火,,,,,,,,,,,,,,,,,,,,,
北区,本庄東,2丁目,12番,,,,,,,月木,,,,,,,,,,,,,,,,,,,,,,,,金,,,,,,,,,,,,,,,,火,,,,,,,,,,,,,,,,,,,,
北区,本庄東,2丁目,13番,,,,,,,月木,,,,,,,,,,,,,,,,,,,,,,金,,,,,,,,,,,,,,,,火,,,,,,,,,,,,,,,,,,,,,,
北区,本庄東,2丁目,14番,,,,,,,月木,,,,,,,,,,,,,,,,,,,,,,,,,金,,,,,,,,,,,,,,,,火,,,,,,,,,,,,,,,,,,,
北区,本庄東,2丁目,15番,,,,,,,月木,,,,,,,,,,,,,,,,,,,,,,,,金,,,,,,,,,,,,,,,,火,,,,,,,,,,,,,,,,,,,,
北区,本庄東,2丁目,16番,,,,,,,月木,,,,,,,,,,,,,,,,,,,,,,,,金,,,,,,,,,,,,,,,,火,,,,,,,,,,,,,,,,,,,,
北区,本庄東,3丁目,1番,28~33号,,,,,,月木,,,,,,,,,,,,,,,,,,,,,,,,,,,金,,,,,,,,,,,,,,,,火,,,,,,,,,,,,,,,,,
北区,本庄東,3丁目,1番,上記以外,,,月木,,,,,,,,,,,,,,,,,,,,,,,,,,,,,,金,,,,,,,,,,,,,,,,火,,,,,,,,,,,,,,,,,
北区,本庄東,3丁目,2番,,,,,,,月木,,,,,,,,,,,,,,,,,,,,,,,,,,,金,,,,,,,,,,,,,,,,火,,,,,,,,,,,,,,,,,
北区,本庄東,3丁目,3番,,,,,,,月木,,,,,,,,,,,,,,,,,,,,,,,,金,,,,,,,,,,,,,,,,火,,,,,,,,,,,,,,,,,,,,
北区,本庄東,3丁目,4番,1･34~40号,,,,,,月木,,,,,,,,,,,,,,,,,,,,,,,,金,,,,,,,,,,,,,,,,火,,,,,,,,,,,,,,,,,,,,
北区,本庄東,3丁目,4番,上記以外,,,月木,,,,,,,,,,,,,,,,,,,,,,,,,,,金,,,,,,,,,,,,,,,,火,,,,,,,,,,,,,,,,,,,,
北区,本庄東,3丁目,5番,8~15号,,,,,,月木,,,,,,,,,,,,,,,,,,金,,,,,,,,,,,,,,,,火,,,,,,,,,,,,,,,,,,,,,,,,,,
北区,本庄東,3丁目,5番,上記以外,,,月木,,,,,,,,,,,,,,,,,,,,,金,,,,,,,,,,,,,,,,火,,,,,,,,,,,,,,,,,,,,,,,,,,
北区,本庄東,3丁目,6番,4～6･16~29号,,,,,,月木,,,,,,,,,,,,,,,,,,,,,,,金,,,,,,,,,,,,,,,,火,,,,,,,,,,,,,,,,,,,,,
北区,本庄東,3丁目,6番,上記以外,,,月木,,,,,,,,,,,,,,,,,,,,,,,,,,金,,,,,,,,,,,,,,,,火,,,,,,,,,,,,,,,,,,,,,
北区,本庄東,3丁目,7番,,,,,,,月木,,,,,,,,,,,,,,,,,,,,,,,,,,金,,,,,,,,,,,,,,,,火,,,,,,,,,,,,,,,,,,
北区,本庄東,3丁目,8番,,,,,,,月木,,,,,,,,,,,,,,,,,,,,,,,,,,金,,,,,,,,,,,,,,,,火,,,,,,,,,,,,,,,,,,
北区,本庄東,3丁目,9番,7~12･21~25号,,,,,,月木,,,,,,,,,,,,,,,,,,,,,,,,,,,金,,,,,,,,,,,,,,,,火,,,,,,,,,,,,,,,,,
北区,本庄東,3丁目,9番,上記以外,,,月木,,,,,,,,,,,,,,,,,,,,,,,,,,,,,,金,,,,,,,,,,,,,,,,火,,,,,,,,,,,,,,,,,
北区,本庄東,3丁目,10番,2～5･14号,,,,,,月木,,,,,,,,,,,,,,,,,,,,,,,,金,,,,,,,,,,,,,,,火,,,,,,,,,,,,,,,,,,,,,
北区,本庄東,3丁目,10番,19~31号,,,,,,月木,,,,,,,,,,,,,,,,,,,,,,,,金,,,,,,,,,,,,,,,火,,,,,,,,,,,,,,,,,,,,,
北区,本庄東,3丁目,10番,上記以外,,,月木,,,,,,,,,,,,,,,,,,,,,,,,,,,金,,,,,,,,,,,,,,,火,,,,,,,,,,,,,,,,,,,,,
北区,本庄東,3丁目,11番,,,,,,,月木,,,,,,,,,,,,,,,,,,,,,,,,,,金,,,,,,,,,,,,,,,,火,,,,,,,,,,,,,,,,,,
北区,本庄東,3丁目,12番,,,,,,,,,,,,,,,,,,,,,,,,,,,,,,,,,金,,,,,,,,,,,,,,,,火,,,,,,,,,,,,,,,,,,
北区,松ケ枝町,1番,,,,,,,,,,,火金,,,,,,,,,,,,,,,,,,木,,,,,,,,,,,,,,,,月,,,,,,,,,,,,,,,,,,,,,,,
北区,松ケ枝町,2番,,,,,,,,,,,,,,,,,火金,,,,,,,,,,,,,,,,木,,,,,,,,,,,,,,,,月,,,,,,,,,,,,,,,,,,,
北区,松ケ枝町,3番,,,,,,,,,,,,,,,,,火金,,,,,,,,,,,,,,,,木,,,,,,,,,,,,,,,,月,,,,,,,,,,,,,,,,,,,
北区,松ケ枝町,4番,3~18号,,,,,,,,,,,,,,,,火金,,,,,,,,,,,,木,,,,,,,,,,,,,,,,月,,,,,,,,,,,,,,,,,,,,,,,
北区,松ケ枝町,4番,上記以外,,,,火金,,,,,,,,,,,,,,,,,,,,,,,,木,,,,,,,,,,,,,,,,月,,,,,,,,,,,,,,,,,,,,,,,
北区,松ケ枝町,5番,1~11号,,,,,,,,,,,,,,,,火金,,,,,,,,,,,,木,,,,,,,,,,,,,,,,月,,,,,,,,,,,,,,,,,,,,,,,
北区,松ケ枝町,5番,18~21号,,,,,,,,,,,,,,,,火金,,,,,,,,,,,,木,,,,,,,,,,,,,,,,月,,,,,,,,,,,,,,,,,,,,,,,
北区,松ケ枝町,5番,上記以外,,,,火金,,,,,,,,,,,,,,,,,,,,,,,,木,,,,,,,,,,,,,,,,月,,,,,,,,,,,,,,,,,,,,,,,
北区,松ケ枝町,6番,1~6号,,,,,,,,,,,,,,,,火金,,,,,,,,,,,,木,,,,,,,,,,,,,,,,月,,,,,,,,,,,,,,,,,,,,,,,
北区,松ケ枝町,6番,15~22号,,,,,,,,,,,,,,,,火金,,,,,,,,,,,,木,,,,,,,,,,,,,,,,月,,,,,,,,,,,,,,,,,,,,,,,
北区,松ケ枝町,6番,上記以外,,,,火金,,,,,,,,,,,,,,,,,,,,,,,,木,,,,,,,,,,,,,,,,月,,,,,,,,,,,,,,,,,,,,,,,
北区,松ケ枝町,7番,4~21号,,,,,,,,,,,,,,,,火金,,,,,,,,,,,,木,,,,,,,,,,,,,,,,月,,,,,,,,,,,,,,,,,,,,,,,
北区,松ケ枝町,7番,上記以外,,,,火金,,,,,,,,,,,,,,,,,,,,,,,,木,,,,,,,,,,,,,,,,月,,,,,,,,,,,,,,,,,,,,,,,
北区,松ケ枝町,8番,,,,,,,,,,,,,,,,,火金,,,,,,,,,,,,木,,,,,,,,,,,,,,,,月,,,,,,,,,,,,,,,,,,,,,,,
北区,南扇町,1番,,,,,,,,水土,,,,,,,,,,,,,,,,金,,,,,,,,,,,,,,,,火,,,,,,,,,,,,,,,,,,,,,,,,,金,,,
北区,南扇町,2番,,,,,,,,,,,,,,,,,水土,,,,,,,金,,,,,,,,,,,,,,,,火,,,,,,,,,,,,,,,,,,,,,,,,,金,,,
北区,南扇町,3番,,,,,水土,,,,,,,,,,,,,,,,,,,金,,,,,,,,,,,,,,,,火,,,,,,,,,,,,,,,,,,,,,,,,,金,,,
北区,南扇町,4番,,,,,水土,,,,,,,,,,,,,,,,,,,金,,,,,,,,,,,,,,,,火,,,,,,,,,,,,,,,,,,,,,,,,,金,,,
北区,南扇町,6番,,,,,水土,,,,,,,,,,,,,,,,,,,金,,,,,,,,,,,,,,,,火,,,,,,,,,,,,,,,,,,,,,,,,,,金,,
北区,南扇町,7番,,,,,水土,,,,,,,,,,,,,,,,,,,金,,,,,,,,,,,,,,,,火,,,,,,,,,,,,,,,,,,,,,,,,,,金,,
北区,南森町,1丁目,1番,1~17号,,,,,,水土,,,,,,,,,,,,,,,,,金,,,,,,,,,,,,,,,,火,,,,,,,,,,,,,,,,,,,,,,,,,,,
北区,南森町,1丁目,1番,上記以外,,,水土,,,,,,,,,,,,,,,,,,,,金,,,,,,,,,,,,,,,,火,,,,,,,,,,,,,,,,,,,,,,,,,,,
北区,南森町,1丁目,2番,,,,,,,水土,,,,,,,,,,,,,,,,,金,,,,,,,,,,,,,,,,火,,,,,,,,,,,,,,,,,,,,,,,,,,,
北区,南森町,1丁目,3番,6~17号,,,,,,水土,,,,,,,,,,,,,,,,,金,,,,,,,,,,,,,,,,火,,,,,,,,,,,,,,,,,,,,,,,,,,,
北区,南森町,1丁目,3番,上記以外,,,水土,,,,,,,,,,,,,,,,,,,,金,,,,,,,,,,,,,,,,火,,,,,,,,,,,,,,,,,,,,,,,,,,,
北区,南森町,1丁目,4番,,,,,,,水土,,,,,,,,,,,,,,,,金,,,,,,,,,,,,,,,,火,,,,,,,,,,,,,,,,,,,,,,,,,,,,
北区,南森町,2丁目,1番,4~6号,,,,,,水土,,,,,,,,,,,,,,,,金,,,,,,,,,,,,,,,,火,,,,,,,,,,,,,,,,,,,,,,,,,,,,
北区,南森町,2丁目,1番,上記以外,,,水土,,,,,,,,,,,,,,,,,,,金,,,,,,,,,,,,,,,,火,,,,,,,,,,,,,,,,,,,,,,,,,,,,
北区,南森町,2丁目,2番,,,,,,,水土,,,,,,,,,,,,,,,,金,,,,,,,,,,,,,,,,火,,,,,,,,,,,,,,,,,,,,,,,,,,,,
北区,南森町,2丁目,3番,,,,,,,水土,,,,,,,,,,,,,,,,金,,,,,,,,,,,,,,,,火,,,,,,,,,,,,,,,,,,,,,,,,,,,,
北区,南森町,2丁目,4番,20~36号,,,,,,水土,,,,,,,,,,,,,,,,金,,,,,,,,,,,,,,,,火,,,,,,,,,,,,,,,,,,,,,,,,,,,,
北区,南森町,2丁目,4番,上記以外,,,水土,,,,,,,,,,,,,,,,,,,金,,,,,,,,,,,,,,,,火,,,,,,,,,,,,,,,,,,,,,,,,,,,,
北区,山崎町,1番,1~9･16~14号,,,,,,,,,水土,,,,,,,,,,,,,,,,,,金,,,,,,,,,,,,,,,,火,,,,,,,,,,,,,,,,,,,,,,,,
北区,山崎町,1番,上記以外,,,,,,,,,,,,,,,,水土,,,,,,,,,,,金,,,,,,,,,,,,,,,,火,,,,,,,,,,,,,,,,,,,,,,,,
北区,山崎町,2番,2~5･10~12号,,,,,,,,,水土,,,,,,,,,,,,,,,,,,金,,,,,,,,,,,,,,,,火,,,,,,,,,,,,,,,,,,,,,,,,
北区,山崎町,2番,上記以外,,,,,,,,,,,,,,,,水土,,,,,,,,,,,金,,,,,,,,,,,,,,,,火,,,,,,,,,,,,,,,,,,,,,,,,
北区,山崎町,3番,1~6･11~15号,,,,,,,,,水土,,,,,,,,,,,,,,,,,,,,金,,,,,,,,,,,,,,,,火,,,,,,,,,,,,,,,,,,,,,,
北区,山崎町,3番,上記以外,,,,,,,,,,,,,,,,水土,,,,,,,,,,,,,金,,,,,,,,,,,,,,,,火,,,,,,,,,,,,,,,,,,,,,,
北区,山崎町,4番,1~33号,,,,,,,,,水土,,,,,,,,,,,,,,,,,,,,,金,,,,,,,,,,,,,,,,火,,,,,,,,,,,,,,,,,,,,,
北区,山崎町,4番,上記以外,,,,,,,,,,,,,,,,水土,,,,,,,,,,,,,,金,,,,,,,,,,,,,,,,火,,,,,,,,,,,,,,,,,,,,,
北区,山崎町,5番,1~15･21･35号,,,,,,,,,水土,,,,,,,,,,,,,,,,金,,,,,,,,,,,,,,,,火,,,,,,,,,,,,,,,,,,,,,,,,,,
北区,山崎町,5番,上記以外,,,,水土,,,,,,,,,,,,,,,,,,,,,金,,,,,,,,,,,,,,,,火,,,,,,,,,,,,,,,,,,,,,,,,,,
北区,与力町,1番,,,,,,,,,,,,,,,,,火金,,,,,,,,,,,,,,,,,,木,,,,,,,,,,,,,,,,月,,,,,,,,,,,,,,,,,
北区,与力町,2番,ローレルコート与力町エルグレース,,,,,,,月木,,,,,,,,,,,,,,,,,,,,,,,,木,,,,,,,,,,,,,,,,月,,,,,,,,,,,,,,,,,,,,
北区,与力町,2番,8~13号,,,,,,,火金,,,,,,,,,,,,,,,,,,,,,,,,,木,,,,,,,,,,,,,,,,月,,,,,,,,,,,,,,,,,,,
北区,与力町,2番,1~7号,,,,,,,,,,,,,,,,火金,,,,,,,,,,,,,,,,木,,,,,,,,,,,,,,,,月,,,,,,,,,,,,,,,,,,,
北区,与力町,3番,,,,,,,,火金,,,,,,,,,,,,,,,,,,,,,,,,,,木,,,,,,,,,,,,,,,,月,,,,,,,,,,,,,,,,,,
北区,与力町,4番,,,,,,,,火金,,,,,,,,,,,,,,,,木,,,,,,,,,,,,,,,,月,,,,,,,,,,,,,,,,,,,,,,,,,,,,
北区,与力町,5番,与力町公園,,,,火金,,,,,,,,,,,,,,,,,,,,,,,,,,,,木,,,,,,,,,,,,,,,,月,,,,,,,,,,,,,,,,,,,
北区,与力町,6番,1~6号,,,,,,,,,,,,,,,,火金,,,,,,,,,,,,,,,,木,,,,,,,,,,,,,,,,月,,,,,,,,,,,,,,,,,,,
北区,与力町,6番,26~27号,,,,,,,,,,,,,,,,火金,,,,,,,,,,,,,,,,木,,,,,,,,,,,,,,,,月,,,,,,,,,,,,,,,,,,,
北区,与力町,6番,上記以外,,,,火金,,,,,,,,,,,,,,,,,,,,,,,,,,,,木,,,,,,,,,,,,,,,,月,,,,,,,,,,,,,,,,,,,
北区,与力町,7番,2･16号,,,,,,,,,,,,,,,,火金,,,,,,,,,,,,,,,,木,,,,,,,,,,,,,,,,月,,,,,,,,,,,,,,,,,,,
北区,与力町,7番,上記以外,,,,火金,,,,,,,,,,,,,,,,,,,,,,,,,,,,木,,,,,,,,,,,,,,,,月,,,,,,,,,,,,,,,,,,,
