地区名1,地区名2,地区名3,地区名4,地区名5,備考,雑ごみ,普通ごみ_収集時間要問合せ,普通ごみ_午前,普通ごみ_午後,普通ごみ_8:30~10:30,普通ごみ_9:00~11:00,普通ごみ_9:30~11:30,普通ごみ_10:00~12:00,普通ごみ_10:30~12:30,普通ごみ_11:00~13:00,普通ごみ_11:30~13:30,普通ごみ_12:00~14:00,普通ごみ_12:30~14:30,普通ごみ_13:00~15:00,普通ごみ_13:30~15:30,普通ごみ_14:00~16:00,普通ごみ_14:30~16:30,資源ごみ_収集時間要問合せ,資源ごみ_午前,資源ごみ_午後,資源ごみ_8:30~10:30,資源ごみ_9:00~11:00,資源ごみ_9:30~11:30,資源ごみ_10:00~12:00,資源ごみ_10:30~12:30,資源ごみ_11:00~13:00,資源ごみ_11:30~13:30,資源ごみ_12:00~14:00,資源ごみ_12:30~14:30,資源ごみ_13:00~15:00,資源ごみ_13:30~15:30,資源ごみ_14:00~16:00,資源ごみ_14:30~16:30,プラスチック資源_収集時間要問合せ,プラスチック資源_午前,プラスチック資源_午後,プラスチック資源_8:30~10:30,プラスチック資源_9:00~11:00,プラスチック資源_9:30~11:30,プラスチック資源_10:00~12:00,プラスチック資源_10:30~12:30,プラスチック資源_11:00~13:00,プラスチック資源_11:30~13:30,プラスチック資源_12:00~14:00,プラスチック資源_12:30~14:30,プラスチック資源_13:00~15:00,プラスチック資源_13:30~15:30,プラスチック資源_14:00~16:00,プラスチック資源_14:30~16:30,古紙衣類_収集時間要問合せ,古紙衣類_午前,古紙衣類_午後,古紙衣類_8:30~10:30,古紙衣類_9:00~11:00,古紙衣類_9:30~11:30,古紙衣類_10:00~12:00,古紙衣類_10:30~12:30,古紙衣類_11:00~13:00,古紙衣類_11:30~13:30,古紙衣類_12:00~14:00,古紙衣類_12:30~14:30,古紙衣類_13:00~15:00,古紙衣類_13:30~15:30,古紙衣類_14:00~16:00,古紙衣類_14:30~16:30
西成区,旭,1丁目,1番,,,,,,,火金,,,,,,,,,,,,,,,,月,,,,,,,,,,,,,,,,木,,,,,,,,,,,,,,,,,,,木,,,,,,,,,
西成区,旭,1丁目,2番,,,,,,,,火金,,,,,,,,,,,,,,,月,,,,,,,,,,,,,,,,木,,,,,,,,,,,,,,,,,,,木,,,,,,,,,
西成区,旭,1丁目,3番,,,,,,,,火金,,,,,,,,,,,,,,,月,,,,,,,,,,,,,,,,木,,,,,,,,,,,,,,,,,,木,,,,,,,,,,
西成区,旭,1丁目,4番,,,,,,,,火金,,,,,,,,,,,,,,,月,,,,,,,,,,,,,,,,木,,,,,,,,,,,,,,,,,,木,,,,,,,,,,
西成区,旭,1丁目,5番,軽四輪車(小さい車)で収集している地域,,,,,,火金,,,,,,,,,,,,,,,,月,,,,,,,,,,,,,,,,木,,,,,,,,,,,,,,,,,,,,木,,,,,,,,
西成区,旭,1丁目,5番,上記以外,,,,,,,,,火金,,,,,,,,,,,,,月,,,,,,,,,,,,,,,,木,,,,,,,,,,,,,,,,,,,,木,,,,,,,,
西成区,旭,1丁目,6番,軽四輪車(小さい車)で収集している地域,,,,,,火金,,,,,,,,,,,,,,,,月,,,,,,,,,,,,,,,,木,,,,,,,,,,,,,,,,,,,,木,,,,,,,,
西成区,旭,1丁目,6番,上記以外,,,,,,,,,火金,,,,,,,,,,,,,月,,,,,,,,,,,,,,,,木,,,,,,,,,,,,,,,,,,,,木,,,,,,,,
西成区,旭,1丁目,7番,軽四輪車(小さい車)で収集している地域,,,,,,火金,,,,,,,,,,,,,,,,月,,,,,,,,,,,,,,,,木,,,,,,,,,,,,,,,,,,木,,,,,,,,,,
西成区,旭,1丁目,7番,上記以外,,,,,,,,,火金,,,,,,,,,,,,,月,,,,,,,,,,,,,,,,木,,,,,,,,,,,,,,,,,,,,木,,,,,,,,
西成区,旭,1丁目,8番,,,,,,,,,火金,,,,,,,,,,,,,,月,,,,,,,,,,,,,,,,木,,,,,,,,,,,,,,,,,,,,木,,,,,,,,
西成区,旭,1丁目,9番,,,,,,,,火金,,,,,,,,,,,,,,,月,,,,,,,,,,,,,,,,木,,,,,,,,,,,,,,,,,,,,木,,,,,,,,
西成区,旭,1丁目,10番,,,,,,,,,火金,,,,,,,,,,,,,,月,,,,,,,,,,,,,,,,木,,,,,,,,,,,,,,,,木,,,,,,,,,,,,
西成区,旭,1丁目,11番,,,,,,,,,,火金,,,,,,,,,,,,,月,,,,,,,,,,,,,,,,木,,,,,,,,,,,,,,,,,,,,木,,,,,,,,
西成区,旭,2丁目,1番,軽四輪車(小さい車)で収集している地域,,,,,,火金,,,,,,,,,,,,,,,,,,,,,,,,,月,,,,,,,,,,,,,,,,木,,,,,,,木,,,,,,,,,,,,
西成区,旭,2丁目,1番,上記以外,,,,,,,火金,,,,,,,,,,,,,,,月,,,,,,,,,,,,,,,,木,,,,,,,,,,,,,,,,,,,,,木,,,,,,,
西成区,旭,2丁目,2番,,,,,,,火金,,,,,,,,,,,,,,,,,,,,,,,,,月,,,,,,,,,,,,,,,,木,,,,,,,,,木,,,,,,,,,,
西成区,旭,2丁目,3番,,,,,,,,火金,,,,,,,,,,,,,,,月,,,,,,,,,,,,,,,,木,,,,,,,,,,,,,,,,,,,,木,,,,,,,,
西成区,旭,2丁目,4番,,,,,,,火金,,,,,,,,,,,,,,,,月,,,,,,,,,,,,,,,,木,,,,,,,,,,,,,,,,,,,,木,,,,,,,,
西成区,旭,2丁目,5番,軽四輪車(小さい車)で収集している地域,,,,,,火金,,,,,,,,,,,,,,,,,,,,,,,,,月,,,,,,,,,,,,,,,,木,,,,,,,,,,,木,,,,,,,,
西成区,旭,2丁目,5番,上記以外,,,,,,,,,火金,,,,,,,,,,,,,月,,,,,,,,,,,,,,,,木,,,,,,,,,,,,,,,,,,,,,木,,,,,,,
西成区,旭,2丁目,6番,軽四輪車(小さい車)で収集している地域,,,,,,火金,,,,,,,,,,,,,,,,,,,,,,,,,月,,,,,,,,,,,,,,,,木,,,,,,,木,,,,,,,,,,,,
西成区,旭,2丁目,6番,上記以外,,,,,,,,,火金,,,,,,,,,,,,,,月,,,,,,,,,,,,,,,,,木,,,,,,,,,,,,,,,,,,,木,,,,,,,
西成区,旭,2丁目,7番,,,,,,,,,,火金,,,,,,,,,,,,,,月,,,,,,,,,,,,,,,,,木,,,,,,,,,,,,,,木,,,,,,,,,,,,
西成区,旭,2丁目,8番,,,,,,,,火金,,,,,,,,,,,,,,,月,,,,,,,,,,,,,,,,木,,,,,,,,,,,,,,,,木,,,,,,,,,,,,
西成区,旭,3丁目,1番,,,,,,,,火金,,,,,,,,,,,,,,,月,,,,,,,,,,,,,,,,木,,,,,,,,,,,,,,,,木,,,,,,,,,,,,
西成区,旭,3丁目,2番,,,,,,,火金,,,,,,,,,,,,,,,,月,,,,,,,,,,,,,,,,木,,,,,,,,,,,,,,,,木,,,,,,,,,,,,
西成区,旭,3丁目,3番,,,,,,,火金,,,,,,,,,,,,,,,,月,,,,,,,,,,,,,,,,木,,,,,,,,,,,,,,,,,,,木,,,,,,,,,
西成区,旭,3丁目,4番,,,,,,,火金,,,,,,,,,,,,,,,,月,,,,,,,,,,,,,,,,木,,,,,,,,,,,,,,,,木,,,,,,,,,,,,
西成区,旭,3丁目,5番,,,,,,,火金,,,,,,,,,,,,,,,,月,,,,,,,,,,,,,,,,木,,,,,,,,,,,,,,,,木,,,,,,,,,,,,
西成区,旭,3丁目,6番,,,,,,,火金,,,,,,,,,,,,,,,,月,,,,,,,,,,,,,,,,木,,,,,,,,,,,,,,,,木,,,,,,,,,,,,
西成区,旭,3丁目,7番,,,,,,,火金,,,,,,,,,,,,,,,,月,,,,,,,,,,,,,,,,木,,,,,,,,,,,,,,,,木,,,,,,,,,,,,
西成区,旭,3丁目,8番,,,,,,,火金,,,,,,,,,,,,,,,,月,,,,,,,,,,,,,,,,木,,,,,,,,,,,,,,,,木,,,,,,,,,,,,
西成区,旭,3丁目,9番,,,,,,,火金,,,,,,,,,,,,,,,,月,,,,,,,,,,,,,,,,木,,,,,,,,,,,,,,,,木,,,,,,,,,,,,
西成区,岸里,1丁目,1番,,,,,,,,,,,,,,,,火金,,,,,,,月,,,,,,,,,,,,,,,,木,,,,,,,,,,,,,,,,月,,,,,,,,,,,,
西成区,岸里,1丁目,2番,,,,,,,,,,,,,,,,火金,,,,,,,月,,,,,,,,,,,,,,,,木,,,,,,,,,,,,,,,,月,,,,,,,,,,,,
西成区,岸里,1丁目,3番,,,,,,,,,,,,,,,,火金,,,,,,,月,,,,,,,,,,,,,,,,木,,,,,,,,,,,,,,,,月,,,,,,,,,,,,
西成区,岸里,1丁目,4番,,,,,,,,,,,,,,,,火金,,,,,,,月,,,,,,,,,,,,,,,,木,,,,,,,,,,,,,,,,月,,,,,,,,,,,,
西成区,岸里,1丁目,5番,,,,,,,,,,,,,,,,火金,,,,,,,月,,,,,,,,,,,,,,,,木,,,,,,,,,,,,,,,,月,,,,,,,,,,,,
西成区,岸里,2丁目,1番,,,,,,,,,,,,,,,,,,,火金,,,,,月,,,,,,,,,,,,,,,,,木,,,,,,,,,,,,,,,,月,,,,,,,,,,
西成区,岸里,2丁目,2番,,,,,,,,,,,,,,,,,,,火金,,,,,月,,,,,,,,,,,,,,,,,木,,,,,,,,,,,,,,,,月,,,,,,,,,,
西成区,岸里,2丁目,3番,,,,,,,,,,,,,,,,,,,火金,,,,,月,,,,,,,,,,,,,,,,,木,,,,,,,,,,,,,,,,月,,,,,,,,,,
西成区,岸里,2丁目,4番,,,,,,,,,,,,,,,,,,,火金,,,,,月,,,,,,,,,,,,,,,,,木,,,,,,,,,,,,,,,,月,,,,,,,,,,
西成区,岸里,2丁目,5番,,,,,,,,,,,,,,,,,,,火金,,,,,月,,,,,,,,,,,,,,,,,木,,,,,,,,,,,,,,,,月,,,,,,,,,,
西成区,岸里,2丁目,6番,,,,,,,,,,,,,,,,,,,火金,,,,,月,,,,,,,,,,,,,,,,,木,,,,,,,,,,,,,,,,月,,,,,,,,,,
西成区,岸里,2丁目,7番,,,,,,,,,,,,,,,,,,,火金,,,,,月,,,,,,,,,,,,,,,,,木,,,,,,,,,,,,,,,,月,,,,,,,,,,
西成区,岸里,2丁目,8番,,,,,,,,,,,,,,,,,,,火金,,,,,月,,,,,,,,,,,,,,,,,木,,,,,,,,,,,,,,,,月,,,,,,,,,,
西成区,岸里,2丁目,9番,,,,,,,,,,,,,,,,,,,火金,,,,,月,,,,,,,,,,,,,,,,,木,,,,,,,,,,,,,,月,,,,,,,,,,,,
西成区,岸里,2丁目,10番,,,,,,,,,,,,,,,,,,,火金,,,,,月,,,,,,,,,,,,,,,,,木,,,,,,,,,,,,,,月,,,,,,,,,,,,
西成区,岸里,2丁目,11番,,,,,,,,,,,,,,,,,,,火金,,,,,月,,,,,,,,,,,,,,,,,木,,,,,,,,,,,,,,月,,,,,,,,,,,,
西成区,岸里,2丁目,12番,,,,,,,,,,,,,,,,,,火金,,,,,,月,,,,,,,,,,,,,,,,,木,,,,,,,,,,,,,,,,月,,,,,,,,,,
西成区,岸里,3丁目,1番,,,,,,,,,,,,,,,,,,火金,,,,,,月,,,,,,,,,,,,,,,,,木,,,,,,,,,,,,,,月,,,,,,,,,,,,
西成区,岸里,3丁目,2番,,,,,,,,,,,,,,,,,,,火金,,,,,月,,,,,,,,,,,,,,,,,木,,,,,,,,,,,,,,月,,,,,,,,,,,,
西成区,岸里,3丁目,3番,,,,,,,,,,,,,,,,,,,火金,,,,,月,,,,,,,,,,,,,,,,,木,,,,,,,,,,,,,,月,,,,,,,,,,,,
西成区,岸里,3丁目,4番,,,,,,,,,,,,,,,,,,,火金,,,,,月,,,,,,,,,,,,,,,,,木,,,,,,,,,,,,,,月,,,,,,,,,,,,
西成区,岸里,3丁目,5番,,,,,,,,,,,,,,,,,,,火金,,,,,月,,,,,,,,,,,,,,,,,木,,,,,,,,,,,,,,月,,,,,,,,,,,,
西成区,岸里,3丁目,6番,,,,,,,,,,,,,,,,,,,火金,,,,,月,,,,,,,,,,,,,,,,,木,,,,,,,,,,,,,,月,,,,,,,,,,,,
西成区,岸里,3丁目,7番,,,,,,,,,,,,,,,,,,,火金,,,,,月,,,,,,,,,,,,,,,,,木,,,,,,,,,,,,,,月,,,,,,,,,,,,
西成区,岸里,3丁目,8番,,,,,,,,,,,,,,,,,,,火金,,,,,月,,,,,,,,,,,,,,,,,木,,,,,,,,,,,,,,月,,,,,,,,,,,,
西成区,岸里,3丁目,9番,,,,,,,,,,,,,,,,,,,火金,,,,,月,,,,,,,,,,,,,,,,,木,,,,,,,,,,,,,,月,,,,,,,,,,,,
西成区,岸里,3丁目,10番,,,,,,,,,,,,,,,,,,,火金,,,,,月,,,,,,,,,,,,,,,,,木,,,,,,,,,,,,,,月,,,,,,,,,,,,
西成区,岸里,3丁目,11番,,,,,,,,,,,,,,,,,,,火金,,,,,月,,,,,,,,,,,,,,,,,木,,,,,,,,,,,,,,月,,,,,,,,,,,,
西成区,岸里,3丁目,12番,,,,,,,,,,,,,,,,,,,火金,,,,,月,,,,,,,,,,,,,,,,,木,,,,,,,,,,,,,,月,,,,,,,,,,,,
西成区,岸里,3丁目,13番,,,,,,,,,,,,,,,,,,,火金,,,,,月,,,,,,,,,,,,,,,,,木,,,,,,,,,,,,,,月,,,,,,,,,,,,
西成区,岸里東,1丁目,1番,,,,,,,,,,,,,,,,月木,,,,,,,火,,,,,,,,,,,,,,,,金,,,,,,,,,,,,,,,,,,金,,,,,,,,,,
西成区,岸里東,1丁目,2番,,,,,,,,,,,,,,,,月木,,,,,,,火,,,,,,,,,,,,,,,,金,,,,,,,,,,,,,,,,,,金,,,,,,,,,,
西成区,岸里東,1丁目,3番,,,,,,,,,,,,,,,,月木,,,,,,,火,,,,,,,,,,,,,,,,金,,,,,,,,,,,,,,,,金,,,,,,,,,,,,
西成区,岸里東,1丁目,4番,,,,,,,,,,,,,,,,,月木,,,,,,火,,,,,,,,,,,,,,,,金,,,,,,,,,,,,,,,,,,金,,,,,,,,,,
西成区,岸里東,1丁目,5番,,,,,,,,,,,,,,,,月木,,,,,,,火,,,,,,,,,,,,,,,,金,,,,,,,,,,,,,,,,,,金,,,,,,,,,,
西成区,岸里東,1丁目,6番,,,,,,,,,,,,,,,,月木,,,,,,,火,,,,,,,,,,,,,,,,金,,,,,,,,,,,,,,,,,,金,,,,,,,,,,
西成区,岸里東,1丁目,7番,,,,,,,,,,,,,,,,月木,,,,,,,火,,,,,,,,,,,,,,,,金,,,,,,,,,,,,,,,,,,金,,,,,,,,,,
西成区,岸里東,1丁目,8番,,,,,,,,,,,,,,,,月木,,,,,,,火,,,,,,,,,,,,,,,,金,,,,,,,,,,,,,,,,金,,,,,,,,,,,,
西成区,岸里東,1丁目,9番,,,,,,,,,,,,,,,,月木,,,,,,,火,,,,,,,,,,,,,,,,金,,,,,,,,,,,,,,,,,,金,,,,,,,,,,
西成区,岸里東,1丁目,10番,,,,,,,,,,,,,,,,月木,,,,,,,火,,,,,,,,,,,,,,,,金,,,,,,,,,,,,,,,,,,金,,,,,,,,,,
西成区,岸里東,1丁目,11番,,,,,,,,,,,,,,,,月木,,,,,,,火,,,,,,,,,,,,,,,,金,,,,,,,,,,,,,,,,,,金,,,,,,,,,,
西成区,岸里東,1丁目,12番,,,,,,,,,,,,,,,,,月木,,,,,,火,,,,,,,,,,,,,,,,金,,,,,,,,,,,,,,,,金,,,,,,,,,,,,
西成区,岸里東,1丁目,13番,,,,,,,,,,,,,,,,,,,月木,,,,火,,,,,,,,,,,,,,,,金,,,,,,,,,,,,,,,,金,,,,,,,,,,,,
西成区,岸里東,1丁目,14番,,,,,,,,,,,,,,,,,,,月木,,,,火,,,,,,,,,,,,,,,,金,,,,,,,,,,,,,,,,金,,,,,,,,,,,,
西成区,岸里東,1丁目,15番,,,,,,,,,,,,,,,,,,,月木,,,,火,,,,,,,,,,,,,,,,金,,,,,,,,,,,,,,,,金,,,,,,,,,,,,
西成区,岸里東,1丁目,16番,,,,,,,,,,,,,,,,,月木,,,,,,火,,,,,,,,,,,,,,,,金,,,,,,,,,,,,,,,,金,,,,,,,,,,,,
西成区,岸里東,1丁目,17番,,,,,,,,,,,,,,,,,月木,,,,,,火,,,,,,,,,,,,,,,,金,,,,,,,,,,,,,,,,金,,,,,,,,,,,,
西成区,岸里東,1丁目,18番,,,,,,,,,,,,,,,,,,,月木,,,,火,,,,,,,,,,,,,,,,金,,,,,,,,,,,,,,,,,,金,,,,,,,,,,
西成区,岸里東,1丁目,19番,,,,,,,,,,,,,,,,,,,月木,,,,火,,,,,,,,,,,,,,,,金,,,,,,,,,,,,,,,,金,,,,,,,,,,,,
西成区,岸里東,1丁目,20番,,,,,,,,,,,,,,,,,,月木,,,,,火,,,,,,,,,,,,,,,,金,,,,,,,,,,,,,,,,金,,,,,,,,,,,,
西成区,岸里東,1丁目,21番,,,,,,,,,,,,,,,,,月木,,,,,,火,,,,,,,,,,,,,,,,金,,,,,,,,,,,,,,,,金,,,,,,,,,,,,
西成区,岸里東,1丁目,22番,,,,,,,,,,,,,,,,,,,月木,,,,,火,,,,,,,,,,,,,,,,金,,,,,,,,,,,,,,,金,,,,,,,,,,,,
西成区,岸里東,1丁目,23番,,,,,,,,,,,,,,,,,,,月木,,,,,火,,,,,,,,,,,,,,,,金,,,,,,,,,,,,,,,金,,,,,,,,,,,,
西成区,岸里東,1丁目,24番,,,,,,,,,,,,,,,,,,月木,,,,,,火,,,,,,,,,,,,,,,,金,,,,,,,,,,,,,,,,,金,,,,,,,,,,
西成区,岸里東,1丁目,25番,,,,,,,,,,,,,,,,,,,月木,,,,,火,,,,,,,,,,,,,,,,金,,,,,,,,,,,,,,,金,,,,,,,,,,,,
西成区,岸里東,1丁目,26番,,,,,,,,,,,,,,,,,,,月木,,,,,火,,,,,,,,,,,,,,,,金,,,,,,,,,,,,,,,金,,,,,,,,,,,,
西成区,岸里東,1丁目,27番,,,,,,,,,,,,,,,,,,,月木,,,,,火,,,,,,,,,,,,,,,,金,,,,,,,,,,,,,,,金,,,,,,,,,,,,
西成区,岸里東,1丁目,28番,,,,,,,,,,,,,,,,,,,月木,,,,,火,,,,,,,,,,,,,,,,金,,,,,,,,,,,,,,,,,金,,,,,,,,,,
西成区,岸里東,1丁目,29番,,,,,,,,,,,,,,,,,,,月木,,,,,火,,,,,,,,,,,,,,,,金,,,,,,,,,,,,,,,金,,,,,,,,,,,,
西成区,岸里東,1丁目,30番,,,,,,,,,,,,,,,,,,,月木,,,,,火,,,,,,,,,,,,,,,,金,,,,,,,,,,,,,,,金,,,,,,,,,,,,
西成区,岸里東,2丁目,1番,1~9号,,,,,,,,,,,月木,,,,,,,,,,,火,,,,,,,,,,,,,,,,,金,,,,,,,,,,,,,,,金,,,,,,,,,,,,
西成区,岸里東,2丁目,1番,上記以外,,,,,,,,,,,,,,,月木,,,,,,,火,,,,,,,,,,,,,,,,,金,,,,,,,,,,,,,,,金,,,,,,,,,,,,
西成区,岸里東,2丁目,2番,1~10号,,,,,,,,,,,月木,,,,,,,,,,,火,,,,,,,,,,,,,,,,,金,,,,,,,,,,,,,,,金,,,,,,,,,,,,
西成区,岸里東,2丁目,2番,上記以外,,,,,,,,,,,,,,,,,月木,,,,,火,,,,,,,,,,,,,,,,,金,,,,,,,,,,,,,,,金,,,,,,,,,,,,
西成区,岸里東,2丁目,3番,18~20･22･30号,,,,,,,,,,,月木,,,,,,,,,,,,,,,,,,,,,,火,,,,,,,,,,,,,金,,,,,,,,金,,,,,,,,,,,,
西成区,岸里東,2丁目,3番,上記以外,,,,,,,,,,,,,,,,月木,,,,,,,,,,,,,,,,,火,,,,,,,,,,,,,金,,,,,,,,金,,,,,,,,,,,,
西成区,岸里東,2丁目,4番,10~13号,,,,,,,,,,,月木,,,,,,,,,,,,,,,,,,,,,,火,,,,,,,,,,,,,金,,,,,,,,金,,,,,,,,,,,,
西成区,岸里東,2丁目,4番,上記以外,,,,,,,,,,,,,,,月木,,,,,,,,,,,,,,,,,,火,,,,,,,,,,,,,金,,,,,,,,金,,,,,,,,,,,,
西成区,岸里東,2丁目,5番,軽四輪車(小さい車)で収集している地域,,,,,,,,,,,,,,,,,月木,,,,,,,,,,,,,,,,火,,,,,,,,,,,,,金,,,,,,,,金,,,,,,,,,,,,
西成区,岸里東,2丁目,5番,9~12･17･18･21号,,,,,,,,,,,月木,,,,,,,,,,,,火,,,,,,,,,,,,,,,,,金,,,,,,,,,,,,,,,,金,,,,,,,,,,
西成区,岸里東,2丁目,5番,上記以外,,,,,,,,,,,,,,,,月木,,,,,,,火,,,,,,,,,,,,,,,,,金,,,,,,,,,,,,,,,,金,,,,,,,,,,
西成区,岸里東,2丁目,6番,,,,,,,,,,,,,,,,月木,,,,,,,,火,,,,,,,,,,,,,,,,,金,,,,,,,,,,,,,,,,金,,,,,,,,,,
西成区,岸里東,2丁目,7番,,,,,,,,,,,,,,,月木,,,,,,,,,火,,,,,,,,,,,,,,,,,金,,,,,,,,,,,,,,金,,,,,,,,,,,,
西成区,岸里東,2丁目,8番,,,,,,,,,,,,,,,月木,,,,,,,,,火,,,,,,,,,,,,,,,,,金,,,,,,,,,,,,,,金,,,,,,,,,,,,
西成区,岸里東,2丁目,9番,,,,,,,,,,,,,,,月木,,,,,,,,,火,,,,,,,,,,,,,,,,,金,,,,,,,,,,,,,,金,,,,,,,,,,,,
西成区,岸里東,2丁目,10番,,,,,,,,,,,,,,,月木,,,,,,,,,火,,,,,,,,,,,,,,,,,金,,,,,,,,,,,,,,金,,,,,,,,,,,,
西成区,岸里東,2丁目,11番,,,,,,,,,,,,,,,月木,,,,,,,,,火,,,,,,,,,,,,,,,,,金,,,,,,,,,,,,,,金,,,,,,,,,,,,
西成区,岸里東,2丁目,12番,,,,,,,,,,月木,,,,,,,,,,,,,,火,,,,,,,,,,,,,,,,,金,,,,,,,,,,,,,,,,金,,,,,,,,,,
西成区,岸里東,2丁目,13番,,,,,,,,,,月木,,,,,,,,,,,,,,火,,,,,,,,,,,,,,,,,金,,,,,,,,,,,,,,金,,,,,,,,,,,,
西成区,岸里東,2丁目,14番,,,,,,,,,,,,,,,月木,,,,,,,,,火,,,,,,,,,,,,,,,,,金,,,,,,,,,,,,,,,,金,,,,,,,,,,
西成区,岸里東,2丁目,15番,,,,,,,,,,,,,,,月木,,,,,,,,,火,,,,,,,,,,,,,,,,,金,,,,,,,,,,,,,,,,金,,,,,,,,,,
西成区,岸里東,2丁目,16番,,,,,,,,,,,,,,,月木,,,,,,,,,火,,,,,,,,,,,,,,,,,金,,,,,,,,,,,,,,,,金,,,,,,,,,,
西成区,北津守,1丁目,1番,,,,,,,,,,,,火金,,,,,,,,,,,,,,,,,,,月,,,,,,,,,,,,,,,,木,,,,,,土,,,,,,,,,,,,,,
西成区,北津守,1丁目,2番,軽四輪車(小さい車)で収集している地域,,,,,,,,火金,,,,,,,,,,,,,,,,,,,,,,月,,,,,,,,,,,,,,,,木,,,,,,土,,,,,,,,,,,,,,
西成区,北津守,1丁目,2番,上記以外,,,,,,,,火金,,,,,,,,,,,,,,,月,,,,,,,,,,,,,,,,,木,,,,,,,,,,,,土,,,,,,,,,,,,,,
西成区,北津守,1丁目,3番,軽四輪車(小さい車)で収集している地域,,,,,,,,火金,,,,,,,,,,,,,,,,,,,,,,月,,,,,,,,,,,,,,,,木,,,,,,土,,,,,,,,,,,,,,
西成区,北津守,1丁目,3番,上記以外,,,,,,,,火金,,,,,,,,,,,,,,,月,,,,,,,,,,,,,,,,,木,,,,,,,,,,,,土,,,,,,,,,,,,,,
西成区,北津守,1丁目,4番,,,,,,,,,火金,,,,,,,,,,,,,,,月,,,,,,,,,,,,,,,,,木,,,,,,,,,,,,土,,,,,,,,,,,,,,
西成区,北津守,1丁目,5番,,,,,,,,,,,火金,,,,,,,,,,,,,月,,,,,,,,,,,,,,,,,木,,,,,,,,,,,,土,,,,,,,,,,,,,,
西成区,北津守,1丁目,6番,,,,,,,,,火金,,,,,,,,,,,,,,,月,,,,,,,,,,,,,,,,,木,,,,,,,,,,,,土,,,,,,,,,,,,,,
西成区,北津守,2丁目,1番,,,,,,,,火金,,,,,,,,,,,,,,,,月,,,,,,,,,,,,,,,,,木,,,,,,,,,,,,土,,,,,,,,,,,,,,
西成区,北津守,2丁目,2番,,,,,,,,火金,,,,,,,,,,,,,,,,月,,,,,,,,,,,,,,,,,木,,,,,,,,,,,,土,,,,,,,,,,,,,,
西成区,北津守,2丁目,3番,,,,,,,,,,,,,,火金,,,,,,,,,,月,,,,,,,,,,,,,,,,,木,,,,,,,,,,,,土,,,,,,,,,,,,,,
西成区,北津守,2丁目,5番,軽四輪車(小さい車)で収集している地域,,,,,,,,,,,,,火金,,,,,,,,,,,,,,,,,月,,,,,,,,,,,,,,,,木,,,,,,土,,,,,,,,,,,,,,
西成区,北津守,2丁目,5番,上記以外,,,,,,,,,,,,,火金,,,,,,,,,,月,,,,,,,,,,,,,,,,,木,,,,,,,,,,,,土,,,,,,,,,,,,,,
西成区,北津守,2丁目,6番,,,,,,,,,,,,,,火金,,,,,,,,,,月,,,,,,,,,,,,,,,,,木,,,,,,,,,,,,土,,,,,,,,,,,,,,
西成区,北津守,3丁目,1番,,,,,,,,,,,,,,火金,,,,,,,,,,月,,,,,,,,,,,,,,,,,木,,,,,,,,,,,,土,,,,,,,,,,,,,,
西成区,北津守,3丁目,2番,,,,,,,,火金,,,,,,,,,,,,,,,,月,,,,,,,,,,,,,,,,,木,,,,,,,,,,,,土,,,,,,,,,,,,,,
西成区,北津守,3丁目,3番,,,,,,,,火金,,,,,,,,,,,,,,,,月,,,,,,,,,,,,,,,,,木,,,,,,,,,,,,土,,,,,,,,,,,,,,
西成区,北津守,3丁目,4番,,,,,,,,火金,,,,,,,,,,,,,,,,月,,,,,,,,,,,,,,,,,木,,,,,,,,,,,,土,,,,,,,,,,,,,,
西成区,北津守,3丁目,6番,,,,,,,,火金,,,,,,,,,,,,,,,,月,,,,,,,,,,,,,,,,,木,,,,,,,,,,,,土,,,,,,,,,,,,,,
西成区,北津守,3丁目,7番,,,,,,,,火金,,,,,,,,,,,,,,,,月,,,,,,,,,,,,,,,,,木,,,,,,,,,,,,土,,,,,,,,,,,,,,
西成区,北津守,3丁目,9番,,,,,,,,火金,,,,,,,,,,,,,,,,月,,,,,,,,,,,,,,,,,木,,,,,,,,,,,,土,,,,,,,,,,,,,,
西成区,北津守,3丁目,11番,軽四輪車(小さい車)で収集している地域,,,,,,,火金,,,,,,,,,,,,,,,,,,,,,,,月,,,,,,,,,,,,,,,,木,,,,,,土,,,,,,,,,,,,,,
西成区,北津守,3丁目,11番,上記以外,,,,,,,火金,,,,,,,,,,,,,,,,月,,,,,,,,,,,,,,,,,木,,,,,,,,,,,,土,,,,,,,,,,,,,,
西成区,北津守,3丁目,12番,,,,,,,,火金,,,,,,,,,,,,,,,,月,,,,,,,,,,,,,,,,,木,,,,,,,,,,,,土,,,,,,,,,,,,,,
西成区,北津守,4丁目,1番,,,,,,,,火金,,,,,,,,,,,,,,,,月,,,,,,,,,,,,,,,,,木,,,,,,,,,,,,土,,,,,,,,,,,,,,
西成区,北津守,4丁目,2番,軽四輪車(小さい車)で収集している地域,,,,,,,火金,,,,,,,,,,,,,,,,,,,,,,,月,,,,,,,,,,,,,,,,木,,,,,,土,,,,,,,,,,,,,,
西成区,北津守,4丁目,2番,上記以外,,,,,,,火金,,,,,,,,,,,,,,,,月,,,,,,,,,,,,,,,,,木,,,,,,,,,,,,土,,,,,,,,,,,,,,
西成区,北津守,4丁目,3番,,,,,,,,火金,,,,,,,,,,,,,,,,月,,,,,,,,,,,,,,,,,木,,,,,,,,,,,,土,,,,,,,,,,,,,,
西成区,北津守,4丁目,4番,46~55号,,,,,,,,,,,火金,,,,,,,,,,,月,,,,,,,,,,,,,,,,,,木,,,,,,,,,,,,土,,,,,,,,,,,,,,
西成区,北津守,4丁目,4番,上記以外,,,,,,,,,,,,火金,,,,,,,,,,月,,,,,,,,,,,,,,,,,,木,,,,,,,,,,,,土,,,,,,,,,,,,,,
西成区,北津守,4丁目,5番,,,,,,,,,,,,,火金,,,,,,,,,,月,,,,,,,,,,,,,,,,,,木,,,,,,,,,,,,土,,,,,,,,,,,,,,
西成区,北津守,4丁目,6番,軽四輪車(小さい車)で収集している地域,,,,,,,,,,,,火金,,,,,,,,,,,,,,,,,,月,,,,,,,,,,,,,,,,木,,,,,,土,,,,,,,,,,,,,,
西成区,北津守,4丁目,6番,上記以外,,,,,,,,,,,,火金,,,,,,,,,,月,,,,,,,,,,,,,,,,,,木,,,,,,,,,,,,土,,,,,,,,,,,,,,
西成区,北津守,4丁目,7番,軽四輪車(小さい車)で収集している地域,,,,,,,火金,,,,,,,,,,,,,,,,,,,,,,,月,,,,,,,,,,,,,,,,木,,,,,,土,,,,,,,,,,,,,,
西成区,北津守,4丁目,7番,上記以外,,,,,,,火金,,,,,,,,,,,,,,,月,,,,,,,,,,,,,,,,,,木,,,,,,,,,,,,土,,,,,,,,,,,,,,
西成区,北津守,4丁目,8番,軽四輪車(小さい車)で収集している地域,,,,,,,,,,,,,,火金,,,,,,,,,,,,,,,,月,,,,,,,,,,,,,,,,木,,,,,,土,,,,,,,,,,,,,,
西成区,北津守,4丁目,8番,上記以外,,,,火金,,,,,,,,,,,,,,,,,,,,,,,,,,月,,,,,,,,,,,,,,,,木,,,,,,土,,,,,,,,,,,,,,
西成区,北津守,4丁目,9番,軽四輪車(小さい車)で収集している地域,,,,,,,,,,,,,,火金,,,,,,,,,,,,,,,,月,,,,,,,,,,,,,,,,木,,,,,,土,,,,,,,,,,,,,,
西成区,北津守,4丁目,9番,上記以外,,,,,,,,,,,,火金,,,,,,,,,,,,,,,,,,月,,,,,,,,,,,,,,,,木,,,,,,土,,,,,,,,,,,,,,
西成区,北津守,4丁目,10番,,,,,,,,,,,,,,,火金,,,,,,,,,,,,,,,,月,,,,,,,,,,,,,,,,木,,,,,,土,,,,,,,,,,,,,,
西成区,北津守,4丁目,11番,軽四輪車(小さい車)で収集している地域,,,,,,,,,,,,,,火金,,,,,,,,,,,,,,,,月,,,,,,,,,,,,,,,,木,,,,,,土,,,,,,,,,,,,,,
西成区,北津守,4丁目,11番,上記以外,,,,,,,火金,,,,,,,,,,,,,,,,,,,,,,,月,,,,,,,,,,,,,,,,木,,,,,,土,,,,,,,,,,,,,,
西成区,北津守,4丁目,12番,軽四輪車(小さい車)で収集している地域,,,,,,,,,,,,,,,火金,,,,,,,,,,,,,,,月,,,,,,,,,,,,,,,,木,,,,,,土,,,,,,,,,,,,,,
西成区,北津守,4丁目,12番,上記以外,,,,,,火金,,,,,,,,,,,,,,,,,,,,,,,,月,,,,,,,,,,,,,,,,木,,,,,,土,,,,,,,,,,,,,,
西成区,北津守,4丁目,13番,,,,,,,,火金,,,,,,,,,,,,,,,,,,,,,,,月,,,,,,,,,,,,,,,,木,,,,,,土,,,,,,,,,,,,,,
西成区,北津守,4丁目,14番,,,,,,,,,,,,,火金,,,,,,,,,,,,,,,,,,月,,,,,,,,,,,,,,,,木,,,,,,土,,,,,,,,,,,,,,
西成区,北開,1丁目,1番,,,,,,,,,,,,,,,,,,火金,,,,,,月,,,,,,,,,,,,,,,,,木,,,,,,,,,,,,,,木,,,,,,,,,,,,
西成区,北開,1丁目,2番,,,,,,,,,,,,,,,,,,火金,,,,,,月,,,,,,,,,,,,,,,,,木,,,,,,,,,,,,,,木,,,,,,,,,,,,
西成区,北開,1丁目,3番,,,,,,,,,,,,,,,,,,火金,,,,,,月,,,,,,,,,,,,,,,,,木,,,,,,,,,,,,,,木,,,,,,,,,,,,
西成区,北開,2丁目,1番,,,,,,,,,,,,,,,,,,火金,,,,,,月,,,,,,,,,,,,,,,,,木,,,,,,,,,,,,,,木,,,,,,,,,,,,
西成区,北開,2丁目,2番,,,,,,,,,,,,,,,,,火金,,,,,,,月,,,,,,,,,,,,,,,,,木,,,,,,,,,,,,,,木,,,,,,,,,,,,
西成区,北開,2丁目,3番,,,,,,,,,,,,,,,,,火金,,,,,,,月,,,,,,,,,,,,,,,,,木,,,,,,,,,,,,,,木,,,,,,,,,,,,
西成区,北開,2丁目,4番,,,,,,,,,,,,,,,,,,火金,,,,,,月,,,,,,,,,,,,,,,,,木,,,,,,,,,,,,,,木,,,,,,,,,,,,
西成区,山王,1丁目,1番,,,,,,,月木,,,,,,,,,,,,,,,,水,,,,,,,,,,,,,,,,土,,,,,,,,,,,,,,,,,,,,,,,,,水,,,
西成区,山王,1丁目,2番,,,,,,,月木,,,,,,,,,,,,,,,,水,,,,,,,,,,,,,,,,土,,,,,,,,,,,,,,,,,,,,,,,,,水,,,
西成区,山王,1丁目,3番,,,,,,,月木,,,,,,,,,,,,,,,,水,,,,,,,,,,,,,,,,土,,,,,,,,,,,,,,,,,,,,,,,,,水,,,
西成区,山王,1丁目,4番,,,,,,,月木,,,,,,,,,,,,,,,,水,,,,,,,,,,,,,,,,土,,,,,,,,,,,,,,,,,,,,,,,,,水,,,
西成区,山王,1丁目,5番,軽四輪車(小さい車)で収集している地域,,,,,,月木,,,,,,,,,,,,,,,,水,,,,,,,,,,,,,,,,土,,,,,,,,,,,,,,,,,,,,,,,,,水,,,
西成区,山王,1丁目,5番,上記以外,,,,,,,月木,,,,,,,,,,,,,,,水,,,,,,,,,,,,,,,,土,,,,,,,,,,,,,,,,,,水,,,,,,,,,,
西成区,山王,1丁目,6番,軽四輪車(小さい車)で収集している地域,,,,,,月木,,,,,,,,,,,,,,,,水,,,,,,,,,,,,,,,,土,,,,,,,,,,,,,,,,,,,,,,,,,水,,,
西成区,山王,1丁目,6番,上記以外,,,,,,,月木,,,,,,,,,,,,,,,水,,,,,,,,,,,,,,,,土,,,,,,,,,,,,,,,,,,水,,,,,,,,,,
西成区,山王,1丁目,7番,軽四輪車(小さい車)で収集している地域,,,,,,,,,,月木,,,,,,,,,,,,水,,,,,,,,,,,,,,,,土,,,,,,,,,,,,,,,,,,,,,,,,,水,,,
西成区,山王,1丁目,7番,上記以外,,,,,,,月木,,,,,,,,,,,,,,,水,,,,,,,,,,,,,,,,土,,,,,,,,,,,,,,,,,,水,,,,,,,,,,
西成区,山王,1丁目,8番,,,,,,,月木,,,,,,,,,,,,,,,,水,,,,,,,,,,,,,,,,土,,,,,,,,,,,,,,,,,,,,,,,,,水,,,
西成区,山王,1丁目,9番,,,,,,,月木,,,,,,,,,,,,,,,,水,,,,,,,,,,,,,,,,土,,,,,,,,,,,,,,,,,,水,,,,,,,,,,
西成区,山王,1丁目,10番,軽四輪車(小さい車)で収集している地域,,,,,,,,,,月木,,,,,,,,,,,,水,,,,,,,,,,,,,,,,土,,,,,,,,,,,,,,,,,,,,,,,,,水,,,
西成区,山王,1丁目,10番,上記以外,,,,,,月木,,,,,,,,,,,,,,,,水,,,,,,,,,,,,,,,,土,,,,,,,,,,,,,,,,,,,,,,,,,水,,,
西成区,山王,1丁目,11番,軽四輪車(小さい車)で収集している地域,,,,,,,,,月木,,,,,,,,,,,,,水,,,,,,,,,,,,,,,,土,,,,,,,,,,,,,,,,,,,,,,,,,水,,,
西成区,山王,1丁目,11番,上記以外,,,,,,月木,,,,,,,,,,,,,,,,水,,,,,,,,,,,,,,,,土,,,,,,,,,,,,,,,,,,,,,,,,,水,,,
西成区,山王,1丁目,12番,軽四輪車(小さい車)で収集している地域,,,,,,,月木,,,,,,,,,,,,,,,水,,,,,,,,,,,,,,,,土,,,,,,,,,,,,,,,,,,,,,,,,,水,,,
西成区,山王,1丁目,12番,上記以外,,,,,,,月木,,,,,,,,,,,,,,,水,,,,,,,,,,,,,,,,土,,,,,,,,,,,,,,,,,,水,,,,,,,,,,
西成区,山王,1丁目,13番,,,,,,,,月木,,,,,,,,,,,,,,,水,,,,,,,,,,,,,,,,土,,,,,,,,,,,,,,,,,,水,,,,,,,,,,
西成区,山王,1丁目,14番,,,,,,,,,,,月木,,,,,,,,,,,,水,,,,,,,,,,,,,,,,土,,,,,,,,,,,,,,,,水,,,,,,,,,,,,
西成区,山王,1丁目,15番,,,,,,,月木,,,,,,,,,,,,,,,,水,,,,,,,,,,,,,,,,土,,,,,,,,,,,,,,,,水,,,,,,,,,,,,
西成区,山王,1丁目,16番,,,,,,,月木,,,,,,,,,,,,,,,,水,,,,,,,,,,,,,,,,土,,,,,,,,,,,,,,,,,,,水,,,,,,,,,
西成区,山王,1丁目,17番,,,,,,,月木,,,,,,,,,,,,,,,,水,,,,,,,,,,,,,,,,土,,,,,,,,,,,,,,,,,,水,,,,,,,,,,
西成区,山王,2丁目,1番,,,,,,,月木,,,,,,,,,,,,,,,,水,,,,,,,,,,,,,,,,土,,,,,,,,,,,,,,,,,,水,,,,,,,,,,
西成区,山王,2丁目,2番,,,,,,,月木,,,,,,,,,,,,,,,,水,,,,,,,,,,,,,,,,土,,,,,,,,,,,,,,,,,,水,,,,,,,,,,
西成区,山王,2丁目,3番,軽四輪車(小さい車)で収集している地域,,,,,,,月木,,,,,,,,,,,,,,,水,,,,,,,,,,,,,,,,土,,,,,,,,,,,,,,,,,,,,,,,,,水,,,
西成区,山王,2丁目,3番,上記以外,,,,,,,月木,,,,,,,,,,,,,,,水,,,,,,,,,,,,,,,,土,,,,,,,,,,,,,,,,,,水,,,,,,,,,,
西成区,山王,2丁目,4番,,,,,,,月木,,,,,,,,,,,,,,,,水,,,,,,,,,,,,,,,,土,,,,,,,,,,,,,,,,,,水,,,,,,,,,,
西成区,山王,2丁目,5番,,,,,,,月木,,,,,,,,,,,,,,,,水,,,,,,,,,,,,,,,,土,,,,,,,,,,,,,,,,,,水,,,,,,,,,,
西成区,山王,2丁目,6番,,,,,,,,月木,,,,,,,,,,,,,,,水,,,,,,,,,,,,,,,,土,,,,,,,,,,,,,,,,,,水,,,,,,,,,,
西成区,山王,2丁目,7番,軽四輪車(小さい車)で収集している地域,,,,,,,,月木,,,,,,,,,,,,,,水,,,,,,,,,,,,,,,,土,,,,,,,,,,,,,,,,,,,,,,,,,水,,,
西成区,山王,2丁目,7番,上記以外,,,,,,,月木,,,,,,,,,,,,,,,水,,,,,,,,,,,,,,,,土,,,,,,,,,,,,,,,,,,水,,,,,,,,,,
西成区,山王,2丁目,8番,,,,,,,,月木,,,,,,,,,,,,,,,水,,,,,,,,,,,,,,,,土,,,,,,,,,,,,,,,,,,,,,,,,,水,,,
西成区,山王,2丁目,9番,軽四輪車(小さい車)で収集している地域,,,,,,,月木,,,,,,,,,,,,,,,水,,,,,,,,,,,,,,,,土,,,,,,,,,,,,,,,,,,,,,,,,,水,,,
西成区,山王,2丁目,9番,上記以外,,,,,,,月木,,,,,,,,,,,,,,,水,,,,,,,,,,,,,,,,土,,,,,,,,,,,,,,,,,,水,,,,,,,,,,
西成区,山王,2丁目,10番,軽四輪車(小さい車)で収集している地域,,,,,,,,月木,,,,,,,,,,,,,,水,,,,,,,,,,,,,,,,土,,,,,,,,,,,,,,,,,,,,,,,,,水,,,
西成区,山王,2丁目,10番,上記以外,,,,,,,月木,,,,,,,,,,,,,,,水,,,,,,,,,,,,,,,,土,,,,,,,,,,,,,,,,,,水,,,,,,,,,,
西成区,山王,2丁目,11番,,,,,,,月木,,,,,,,,,,,,,,,,水,,,,,,,,,,,,,,,,土,,,,,,,,,,,,,,,,,,水,,,,,,,,,,
西成区,山王,2丁目,12番,,,,,,,月木,,,,,,,,,,,,,,,,水,,,,,,,,,,,,,,,,土,,,,,,,,,,,,,,,,水,,,,,,,,,,,,
西成区,山王,2丁目,13番,,,,,,,月木,,,,,,,,,,,,,,,,水,,,,,,,,,,,,,,,,土,,,,,,,,,,,,,,,,水,,,,,,,,,,,,
西成区,山王,2丁目,14番,,,,,,,,月木,,,,,,,,,,,,,,,水,,,,,,,,,,,,,,,,土,,,,,,,,,,,,,,,,水,,,,,,,,,,,,
西成区,山王,2丁目,15番,,,,,,,,月木,,,,,,,,,,,,,,,水,,,,,,,,,,,,,,,,土,,,,,,,,,,,,,,,,水,,,,,,,,,,,,
西成区,山王,3丁目,1番,,,,,,,月木,,,,,,,,,,,,,,,,水,,,,,,,,,,,,,,,,土,,,,,,,,,,,,,,,,,,水,,,,,,,,,,
西成区,山王,3丁目,2番,,,,,,,月木,,,,,,,,,,,,,,,,水,,,,,,,,,,,,,,,,土,,,,,,,,,,,,,,,,,,水,,,,,,,,,,
西成区,山王,3丁目,3番,,,,,,,月木,,,,,,,,,,,,,,,,水,,,,,,,,,,,,,,,,土,,,,,,,,,,,,,,,,,,,水,,,,,,,,,
西成区,山王,3丁目,4番,,,,,,,月木,,,,,,,,,,,,,,,,水,,,,,,,,,,,,,,,,土,,,,,,,,,,,,,,,,,,,水,,,,,,,,,
西成区,山王,3丁目,5番,,,,,,,月木,,,,,,,,,,,,,,,,水,,,,,,,,,,,,,,,,土,,,,,,,,,,,,,,,,,,,,,,,,水,,,,
西成区,山王,3丁目,6番,,,,,,,月木,,,,,,,,,,,,,,,,水,,,,,,,,,,,,,,,,土,,,,,,,,,,,,,,,,,,,,,,,,,水,,,
西成区,山王,3丁目,7番,,,,,,,月木,,,,,,,,,,,,,,,,水,,,,,,,,,,,,,,,,土,,,,,,,,,,,,,,,,,,,,,,,,水,,,,
西成区,山王,3丁目,8番,,,,,,,,月木,,,,,,,,,,,,,,,水,,,,,,,,,,,,,,,,土,,,,,,,,,,,,,,,,,,水,,,,,,,,,,
西成区,山王,3丁目,9番,,,,,,,,月木,,,,,,,,,,,,,,,水,,,,,,,,,,,,,,,,土,,,,,,,,,,,,,,,,,,水,,,,,,,,,,
西成区,山王,3丁目,10番,,,,,,,月木,,,,,,,,,,,,,,,,水,,,,,,,,,,,,,,,,土,,,,,,,,,,,,,,,,,,水,,,,,,,,,,
西成区,山王,3丁目,11番,,,,,,,月木,,,,,,,,,,,,,,,,水,,,,,,,,,,,,,,,,土,,,,,,,,,,,,,,,,,,水,,,,,,,,,,
西成区,山王,3丁目,12番,,,,,,,月木,,,,,,,,,,,,,,,,水,,,,,,,,,,,,,,,,土,,,,,,,,,,,,,,,,水,,,,,,,,,,,,
西成区,山王,3丁目,13番,,,,,,,月木,,,,,,,,,,,,,,,,,水,,,,,,,,,,,,,,,,土,,,,,,,,,,,,,,,,,,,,,,,水,,,,
西成区,山王,3丁目,14番,,,,,,,月木,,,,,,,,,,,,,,,,,水,,,,,,,,,,,,,,,,土,,,,,,,,,,,,,,,,,,,,,,,水,,,,
西成区,山王,3丁目,15番,,,,,,,月木,,,,,,,,,,,,,,,,,水,,,,,,,,,,,,,,,,土,,,,,,,,,,,,,,,,,,,,,,,,水,,,
西成区,山王,3丁目,16番,,,,,,,月木,,,,,,,,,,,,,,,,,水,,,,,,,,,,,,,,,,土,,,,,,,,,,,,,,,,,,,,,,,水,,,,
西成区,山王,3丁目,17番,,,,,,,月木,,,,,,,,,,,,,,,,,水,,,,,,,,,,,,,,,,土,,,,,,,,,,,,,,,,,,,,,,,水,,,,
西成区,山王,3丁目,18番,,,,,,,月木,,,,,,,,,,,,,,,,,水,,,,,,,,,,,,,,,土,,,,,,,,,,,,,,,,,,,,,,,,水,,,,
西成区,山王,3丁目,19番,,,,,,,月木,,,,,,,,,,,,,,,,水,,,,,,,,,,,,,,,,土,,,,,,,,,,,,,,,,水,,,,,,,,,,,,
西成区,山王,3丁目,20番,,,,,,,月木,,,,,,,,,,,,,,,,水,,,,,,,,,,,,,,,,土,,,,,,,,,,,,,,,,水,,,,,,,,,,,,
西成区,山王,3丁目,21番,,,,,,,月木,,,,,,,,,,,,,,,,水,,,,,,,,,,,,,,,,土,,,,,,,,,,,,,,,,水,,,,,,,,,,,,
西成区,潮路,1丁目,1番,,,,,,,,,,,,,,,,火金,,,,,,,月,,,,,,,,,,,,,,,,木,,,,,,,,,,,,,,,,,,,,月,,,,,,,,
西成区,潮路,1丁目,2番,軽四輪車(小さい車)で収集している地域,,,,,,,,,,,,,,火金,,,,,,,,,,,,,,,,,,月,,,,,,,,,,,,,,,,木,,,,,,,,,,,,,,,月,,,
西成区,潮路,1丁目,2番,上記以外,,,,,,,,,,,,,,火金,,,,,,,,,月,,,,,,,,,,,,,,,,,木,,,,,,,,,,,,,,,,,,月,,,,,,,,
西成区,潮路,1丁目,3番,軽四輪車(小さい車)で収集している地域,,,,,,,,,,,,,,火金,,,,,,,,,,,,,,,,,,月,,,,,,,,,,,,,,,,木,,,,,,,,,,,,,,月,,,,
西成区,潮路,1丁目,3番,上記以外,,,,,,,,,,,,,,,火金,,,,,,,,月,,,,,,,,,,,,,,,,,木,,,,,,,,,,,,,,,,,,月,,,,,,,,
西成区,潮路,1丁目,4番,,,,,,,,,,,,,,,火金,,,,,,,,,月,,,,,,,,,,,,,,,,,木,,,,,,,,,,,,,,,,,,月,,,,,,,,
西成区,潮路,1丁目,5番,,,,,,,,,,,,,,,火金,,,,,,,,,月,,,,,,,,,,,,,,,,,木,,,,,,,,,,,,,,,,,,月,,,,,,,,
西成区,潮路,1丁目,6番,,,,,,,,,,,,,,,,火金,,,,,,,,月,,,,,,,,,,,,,,,,,木,,,,,,,,,,,,,,,,月,,,,,,,,,,
西成区,潮路,1丁目,7番,,,,,,,,,,,,,,,,火金,,,,,,,,月,,,,,,,,,,,,,,,,,木,,,,,,,,,,,,,,,,月,,,,,,,,,,
西成区,潮路,1丁目,8番,,,,,,,,,,,,,,,,火金,,,,,,,,月,,,,,,,,,,,,,,,,,木,,,,,,,,,,,,,,,,,,月,,,,,,,,
西成区,潮路,1丁目,9番,,,,,,,,,,,,,,,火金,,,,,,,,,月,,,,,,,,,,,,,,,,,木,,,,,,,,,,,,,,,,,,月,,,,,,,,
西成区,潮路,1丁目,10番,,,,,,,,,,,,,,,,火金,,,,,,,,月,,,,,,,,,,,,,,,,,木,,,,,,,,,,,,,,,,月,,,,,,,,,,
西成区,潮路,2丁目,1番,軽四輪車(小さい車)で収集している地域,,,,,,,,,,,,,,,火金,,,,,,,,,,,,,,,,月,,,,,,,,,,,,,,,,木,,,,,,,,,,,,,,,月,,,,
西成区,潮路,2丁目,1番,上記以外,,,,,,,,,,,,,,火金,,,,,,,,,月,,,,,,,,,,,,,,,,,木,,,,,,,,,,,,,,,,,月,,,,,,,,,
西成区,潮路,2丁目,2番,軽四輪車(小さい車)で収集している地域,,,,,,,,,,,,,,,,,火金,,,,,,,,,,,,,,月,,,,,,,,,,,,,,,,木,,,,,,,,,,,,,,,月,,,,
西成区,潮路,2丁目,2番,上記以外,,,,,,,,,,,,,,,,,火金,,,,,,月,,,,,,,,,,,,,,,,,木,,,,,,,,,,,,,,,,,,月,,,,,,,,
西成区,潮路,2丁目,3番,軽四輪車(小さい車)で収集している地域,,,,,,,,,,,,,,,,,火金,,,,,,,,,,,,,,月,,,,,,,,,,,,,,,,木,,,,,,,,,,,,,,,月,,,,
西成区,潮路,2丁目,3番,上記以外,,,,,,,,,,,,,,火金,,,,,,,,,月,,,,,,,,,,,,,,,,,木,,,,,,,,,,,,,,,,,,,,,,月,,,,
西成区,潮路,2丁目,4番,軽四輪車(小さい車)で収集している地域,,,,,,,,,,,,,,,火金,,,,,,,,,,,,,,,,月,,,,,,,,,,,,,,,,木,,,,,,,,,,,,,,,,月,,,
西成区,潮路,2丁目,4番,上記以外,,,,,,,,,火金,,,,,,,,,,,,,,月,,,,,,,,,,,,,,,,,木,,,,,,,,,,,,,,,,,月,,,,,,,,,
西成区,潮路,2丁目,5番,,,,,,,,,,,,,,,,,,火金,,,,,,,,,,,,,,月,,,,,,,,,,,,,,,,木,,,,,,,,,,,,,,,月,,,,
西成区,潮路,2丁目,6番,,,,,,,,,,,,,,,,,火金,,,,,,,,,,,,,,,月,,,,,,,,,,,,,,,,木,,,,,,,,,,,,,,,月,,,,
西成区,潮路,2丁目,7番,軽四輪車(小さい車)で収集している地域,,,,,,,,,,,,,,,火金,,,,,,,,,,,,,,,,月,,,,,,,,,,,,,,,,木,,,,,,,,,,,,,,,月,,,,
西成区,潮路,2丁目,7番,上記以外,,,,,,,,,,,,,,火金,,,,,,,,,月,,,,,,,,,,,,,,,,,木,,,,,,,,,,,,,,,,,,,,,,,月,,,
西成区,潮路,2丁目,8番,軽四輪車(小さい車)で収集している地域,,,,,,,,,,,,,,,,火金,,,,,,,,,,,,,,,月,,,,,,,,,,,,,,,,木,,,,,,,,,,,,,,,,月,,,
西成区,潮路,2丁目,8番,上記以外,,,,,,,,,,,,,,火金,,,,,,,,,月,,,,,,,,,,,,,,,,,木,,,,,,,,,,,,,,,,,月,,,,,,,,,
西成区,潮路,2丁目,9番,軽四輪車(小さい車)で収集している地域,,,,,,,,,,,,,,,,,火金,,,,,,,,,,,,,,月,,,,,,,,,,,,,,,,木,,,,,,,,,,,,,,,月,,,,
西成区,潮路,2丁目,9番,上記以外,,,,,,,,,,,,,,,火金,,,,,,,,月,,,,,,,,,,,,,,,,,木,,,,,,,,,,,,,,,,,,月,,,,,,,,
西成区,潮路,2丁目,10番,軽四輪車(小さい車)で収集している地域,,,,,,,,,,,,,,,火金,,,,,,,,,,,,,,,,月,,,,,,,,,,,,,,,,木,,,,,,,,,,,,,,,,月,,,
西成区,潮路,2丁目,10番,上記以外,,,,,,,,,,,,,,,火金,,,,,,,,月,,,,,,,,,,,,,,,,,木,,,,,,,,,,,,,,,,,,月,,,,,,,,
西成区,潮路,2丁目,11番,軽四輪車(小さい車)で収集している地域,,,,,,,,,,,,,,,火金,,,,,,,,,,,,,,,,月,,,,,,,,,,,,,,,,木,,,,,,,,,,,,,,,,月,,,
西成区,潮路,2丁目,11番,上記以外,,,,,,,,,,,,,,火金,,,,,,,,,月,,,,,,,,,,,,,,,,,木,,,,,,,,,,,,,,,,,,月,,,,,,,,
西成区,潮路,2丁目,12番,,,,,,,,,,,,,,,火金,,,,,,,,,月,,,,,,,,,,,,,,,,,木,,,,,,,,,,,,,,,,,,,,,,月,,,,
西成区,潮路,2丁目,13番,,,,,,,,,,,,,,,火金,,,,,,,,,月,,,,,,,,,,,,,,,,,木,,,,,,,,,,,,,,,,,,,,,,,月,,,
西成区,潮路,2丁目,14番,,,,,,,,,,,,,,,火金,,,,,,,,,月,,,,,,,,,,,,,,,,,木,,,,,,,,,,,,,,,,,,,,,,,月,,,
西成区,潮路,2丁目,15番,軽四輪車(小さい車)で収集している地域,,,,,,,,,,,,,,火金,,,,,,,,,,,,,,,,,月,,,,,,,,,,,,,,,,木,,,,,,,,,,,,,,,,月,,,
西成区,潮路,2丁目,15番,上記以外,,,,,,,,,,,,,,,火金,,,,,,,,月,,,,,,,,,,,,,,,,,木,,,,,,,,,,,,,,,,,,月,,,,,,,,
西成区,潮路,2丁目,16番,軽四輪車(小さい車)で収集している地域,,,,,,,,,,,,,,,,,火金,,,,,,,,,,,,,,月,,,,,,,,,,,,,,,,木,,,,,,,,,,,,,,,,月,,,
西成区,潮路,2丁目,16番,上記以外,,,,,,,,,,,,,,火金,,,,,,,,,月,,,,,,,,,,,,,,,,,木,,,,,,,,,,,,,,,,,,月,,,,,,,,
西成区,潮路,2丁目,17番,,,,,,,,,,,,,,,,,,火金,,,,,,月,,,,,,,,,,,,,,,,,木,,,,,,,,,,,,,,,,,月,,,,,,,,,
西成区,聖天下,1丁目,1番,軽四輪車(小さい車)で収集している地域,,,,,,,,,月木,,,,,,,,,,,,,,,,,,,,,,水,,,,,,,,,,,,,,,,土,,,,,,金,,,,,,,,,,,,,
西成区,聖天下,1丁目,1番,上記以外,,,,,,,月木,,,,,,,,,,,,,,,水,,,,,,,,,,,,,,,,土,,,,,,,,,,,,,,金,,,,,,,,,,,,,,
西成区,聖天下,1丁目,2番,,,,,,,月木,,,,,,,,,,,,,,,,水,,,,,,,,,,,,,,,,土,,,,,,,,,,,,,,金,,,,,,,,,,,,,,
西成区,聖天下,1丁目,3番,軽四輪車(小さい車)で収集している地域,,,,,,月木,,,,,,,,,,,,,,,,,,,,,,,,,水,,,,,,,,,,,,,,,,土,,,,,,金,,,,,,,,,,,,,
西成区,聖天下,1丁目,3番,上記以外,,,,,,,月木,,,,,,,,,,,,,,,水,,,,,,,,,,,,,,,,土,,,,,,,,,,,,,,金,,,,,,,,,,,,,,
西成区,聖天下,1丁目,4番,軽四輪車(小さい車)で収集している地域,,,,,,,,月木,,,,,,,,,,,,,,,,,,,,,,,水,,,,,,,,,,,,,,,,土,,,,,,金,,,,,,,,,,,,,
西成区,聖天下,1丁目,4番,上記以外,,,,,,,月木,,,,,,,,,,,,,,,水,,,,,,,,,,,,,,,,土,,,,,,,,,,,,,,金,,,,,,,,,,,,,,
西成区,聖天下,1丁目,5番,軽四輪車(小さい車)で収集している地域,,,,,,,,,,月木,,,,,,,,,,,,,,,,,,,,,水,,,,,,,,,,,,,,,,土,,,,,,金,,,,,,,,,,,,,
西成区,聖天下,1丁目,5番,上記以外,,,,,,,,,月木,,,,,,,,,,,,,水,,,,,,,,,,,,,,,,土,,,,,,,,,,,,,,金,,,,,,,,,,,,,,
西成区,聖天下,1丁目,6番,軽四輪車(小さい車)で収集している地域,,,,,,,,,月木,,,,,,,,,,,,,,,,,,,,,,水,,,,,,,,,,,,,,,,土,,,,,,金,,,,,,,,,,,,,
西成区,聖天下,1丁目,6番,上記以外,,,,,,,,,月木,,,,,,,,,,,,,水,,,,,,,,,,,,,,,,土,,,,,,,,,,,,,,金,,,,,,,,,,,,,,
西成区,聖天下,1丁目,7番,軽四輪車(小さい車)で収集している地域,,,,,,,,,,月木,,,,,,,,,,,,,,,,,,,,,水,,,,,,,,,,,,,,,,土,,,,,,金,,,,,,,,,,,,,
西成区,聖天下,1丁目,7番,上記以外,,,,,,,,月木,,,,,,,,,,,,,,水,,,,,,,,,,,,,,,,土,,,,,,,,,,,,,,金,,,,,,,,,,,,,,
西成区,聖天下,1丁目,8番,軽四輪車(小さい車)で収集している地域,,,,,,,,,月木,,,,,,,,,,,,,,,,,,,,,,水,,,,,,,,,,,,,,,,土,,,,,,金,,,,,,,,,,,,,
西成区,聖天下,1丁目,8番,上記以外,,,,,,,,,月木,,,,,,,,,,,,,水,,,,,,,,,,,,,,,,土,,,,,,,,,,,,,,金,,,,,,,,,,,,,,
西成区,聖天下,1丁目,9番,,,,,,,,,月木,,,,,,,,,,,,,,水,,,,,,,,,,,,,,,,土,,,,,,,,,,,,,,金,,,,,,,,,,,,,,
西成区,聖天下,1丁目,10番,軽四輪車(小さい車)で収集している地域,,,,,,,,月木,,,,,,,,,,,,,,,,,,,,,,,水,,,,,,,,,,,,,,,,土,,,,,,金,,,,,,,,,,,,,
西成区,聖天下,1丁目,10番,上記以外,,,,,,,,月木,,,,,,,,,,,,,,水,,,,,,,,,,,,,,,,土,,,,,,,,,,,,,,金,,,,,,,,,,,,,,
西成区,聖天下,1丁目,11番,,,,,,,月木,,,,,,,,,,,,,,,,,,,,,,,,,水,,,,,,,,,,,,,,,,土,,,,,金,,,,,,,,,,,,,,
西成区,聖天下,1丁目,12番,,,,,,,,,月木,,,,,,,,,,,,,,,,,,,,,,,水,,,,,,,,,,,,,,,,土,,,,,金,,,,,,,,,,,,,,
西成区,聖天下,2丁目,1番,,,,,,,月木,,,,,,,,,,,,,,,,水,,,,,,,,,,,,,,,,土,,,,,,,,,,,,,,金,,,,,,,,,,,,,,
西成区,聖天下,2丁目,2番,軽四輪車(小さい車)で収集している地域,,,月木,,,,,,,,,,,,,,,,,,,水,,,,,,,,,,,,,,,,土,,,,,,,,,,,,,,,金,,,,,,,,,,,,,
西成区,聖天下,2丁目,2番,上記以外,,,月木,,,,,,,,,,,,,,,,,,,,,,,,,,,,水,,,,,,,,,,,,,,,,土,,,,,金,,,,,,,,,,,,,,
西成区,聖天下,2丁目,3番,,,,,,,月木,,,,,,,,,,,,,,,,,,,,,,,,,水,,,,,,,,,,,,,,,,土,,,,,金,,,,,,,,,,,,,,
西成区,聖天下,2丁目,4番,軽四輪車(小さい車)で収集している地域,,,,,,,,,,,,,,,,月木,,,,,,水,,,,,,,,,,,,,,,,土,,,,,,,,,,,,,,,金,,,,,,,,,,,,,
西成区,聖天下,2丁目,4番,上記以外,,,,,,月木,,,,,,,,,,,,,,,,水,,,,,,,,,,,,,,,,土,,,,,,,,,,,,,,金,,,,,,,,,,,,,,
西成区,聖天下,2丁目,5番,軽四輪車(小さい車)で収集している地域,,,,,,,,,,,,,,,,月木,,,,,,,,,,,,,,,水,,,,,,,,,,,,,,,,土,,,,,,金,,,,,,,,,,,,,
西成区,聖天下,2丁目,5番,上記以外,,,,,,月木,,,,,,,,,,,,,,,,,,,,,,,,,水,,,,,,,,,,,,,,,,土,,,,,金,,,,,,,,,,,,,,
西成区,聖天下,2丁目,6番,,,,,,,,,,,,,,,,月木,,,,,,,,,,,,,,,,水,,,,,,,,,,,,,,,,土,,,,,金,,,,,,,,,,,,,,
西成区,聖天下,2丁目,7番,,,,,,,,,,,,,,,,月木,,,,,,,水,,,,,,,,,,,,,,,,土,,,,,,,,,,,,,,金,,,,,,,,,,,,,,
西成区,聖天下,2丁目,8番,,,,,,,,,,,,,,,,月木,,,,,,,水,,,,,,,,,,,,,,,,土,,,,,,,,,,,,,,金,,,,,,,,,,,,,,
西成区,聖天下,2丁目,9番,軽四輪車(小さい車)で収集している地域,,,,,,,,,,,,,,,,,月木,,,,,,,,,,,,,,水,,,,,,,,,,,,,,,土,,,,,,,金,,,,,,,,,,,,,
西成区,聖天下,2丁目,9番,上記以外,,,,,,,月木,,,,,,,,,,,,,,,水,,,,,,,,,,,,,,,,土,,,,,,,,,,,,,,金,,,,,,,,,,,,,,
西成区,聖天下,2丁目,10番,,,,,,,,,,,,,,,,月木,,,,,,,水,,,,,,,,,,,,,,,,土,,,,,,,,,,,,,,金,,,,,,,,,,,,,,
西成区,聖天下,2丁目,11番,,,,,,,,月木,,,,,,,,,,,,,,,水,,,,,,,,,,,,,,,,土,,,,,,,,,,,,,,金,,,,,,,,,,,,,,
西成区,千本北,1丁目,1番,,,,,,,水土,,,,,,,,,,,,,,,,火,,,,,,,,,,,,,,,,金,,,,,,,,,,,,,,,,,,,,,,,,,,,,
西成区,千本北,1丁目,2番,,,,,,,水土,,,,,,,,,,,,,,,,火,,,,,,,,,,,,,,,,金,,,,,,,,,,,,,,,,,,,,,,,,,,,,
西成区,千本北,1丁目,3番,,,,,,,水土,,,,,,,,,,,,,,,,火,,,,,,,,,,,,,,,,金,,,,,,,,,,,,,,,,,,,,,,,,,,,,
西成区,千本北,1丁目,4番,軽四輪車(小さい車)で収集している地域,,,,,,,,,,,,,,,,,水土,,,,,,,,,,,,,火,,,,,,,,,,,,,,,,,,,金,,,,,,,,,,,,,,,,,
西成区,千本北,1丁目,4番,上記以外,,,,,,水土,,,,,,,,,,,,,,,,火,,,,,,,,,,,,,,,,金,,,,,,,,,,,,,,,,,,,,,,,,,,,,
西成区,千本北,1丁目,5番,,,,,,,水土,,,,,,,,,,,,,,,,火,,,,,,,,,,,,,,,,金,,,,,,,,,,,,,,,,,,,,,,,,,,,,
西成区,千本北,1丁目,6番,,,,,,,,,,,,,,,,,水土,,,,,,,,,,,,,,火,,,,,,,,,,,,,,,,,,,金,,,,,,,,,,,,,,,,,
西成区,千本北,1丁目,7番,軽四輪車(小さい車)で収集している地域,,,,,,水土,,,,,,,,,,,,,,,火,,,,,,,,,,,,,,,,金,,,,,,,,,,,,,,,,,,,,,,,,,,,,,
西成区,千本北,1丁目,7番,上記以外,,,,,,水土,,,,,,,,,,,,,,,,火,,,,,,,,,,,,,,,,金,,,,,,,,,,,,,,,,,,,,,,,,,,,,
西成区,千本北,1丁目,8番,軽四輪車(小さい車)で収集している地域,,,,,,,,,,,,,,,水土,,,,,,,,,,,,,,,火,,,,,,,,,,,,,,,,,,,金,,,,,,,,,,,,,,,,,
西成区,千本北,1丁目,8番,上記以外,,,,,,水土,,,,,,,,,,,,,,,,火,,,,,,,,,,,,,,,,金,,,,,,,,,,,,,,,,,,,,,,,,,,,,
西成区,千本北,1丁目,9番,,,,,,,,,,,,,,,水土,,,,,,,,火,,,,,,,,,,,,,,,,金,,,,,,,,,,,,,,,,,,,,,,,,,,,,
西成区,千本北,1丁目,10番,,,,,,,,,,,,,,,水土,,,,,,,,火,,,,,,,,,,,,,,,,金,,,,,,,,,,,,,,,,,,,,,,,,,,,,
西成区,千本北,1丁目,11番,,,,,,,水土,,,,,,,,,,,,,,,,火,,,,,,,,,,,,,,,,金,,,,,,,,,,,,,,,,,,,,,,,,,,,,
西成区,千本北,1丁目,12番,,,,,,,水土,,,,,,,,,,,,,,,,火,,,,,,,,,,,,,,,,金,,,,,,,,,,,,,,,,,,,,,,,,,,,,
西成区,千本北,1丁目,13番,,,,,,,水土,,,,,,,,,,,,,,,,火,,,,,,,,,,,,,,,,金,,,,,,,,,,,,,,,,,,,,,,,,,,,,
西成区,千本北,1丁目,14番,,,,,,,水土,,,,,,,,,,,,,,,,火,,,,,,,,,,,,,,,,金,,,,,,,,,,,,,,,,,,,,,,,,,,,,
西成区,千本北,1丁目,15番,軽四輪車(小さい車)で収集している地域,,,,,,,,,,,,,,水土,,,,,,,,火,,,,,,,,,,,,,,,,金,,,,,,,,,,,,,,,,,,,,,,,,,,,,
西成区,千本北,1丁目,15番,上記以外,,,,,,水土,,,,,,,,,,,,,,,,火,,,,,,,,,,,,,,,,金,,,,,,,,,,,,,,,,,,,,,,,,,,,,
西成区,千本北,1丁目,16番,軽四輪車(小さい車)で収集している地域,,,,,,,,,,,,,,水土,,,,,,,火,,,,,,,,,,,,,,,,金,,,,,,,,,,,,,,,,,火,,,,,,,,,,,,
西成区,千本北,1丁目,16番,上記以外,,,,,,水土,,,,,,,,,,,,,,,,火,,,,,,,,,,,,,,,,金,,,,,,,,,,,,,,,,火,,,,,,,,,,,,
西成区,千本北,1丁目,17番,軽四輪車(小さい車)で収集している地域,,,,,,,,,,,,,,水土,,,,,,,火,,,,,,,,,,,,,,,,金,,,,,,,,,,,,,,,,,火,,,,,,,,,,,,
西成区,千本北,1丁目,17番,上記以外,,,,,,,,,,,,,,水土,,,,,,,,火,,,,,,,,,,,,,,,,金,,,,,,,,,,,,,,,,火,,,,,,,,,,,,
西成区,千本北,1丁目,18番,軽四輪車(小さい車)で収集している地域,,,,,,,,,,,,,,,水土,,,,,,火,,,,,,,,,,,,,,,,金,,,,,,,,,,,,,,,,,火,,,,,,,,,,,,
西成区,千本北,1丁目,18番,上記以外,,,,,,,,,,,,,,,水土,,,,,,,火,,,,,,,,,,,,,,,,金,,,,,,,,,,,,,,,,,,,,,,,,,,,,
西成区,千本北,1丁目,19番,軽四輪車(小さい車)で収集している地域,,,,,,,,,,,,,,水土,,,,,,,火,,,,,,,,,,,,,,,,金,,,,,,,,,,,,,,,,,火,,,,,,,,,,,,
西成区,千本北,1丁目,19番,上記以外,,,,,,,,,,,,,,水土,,,,,,,,,,,,,,,,火,,,,,,,,金,,,,,,,,,,,,,,,,火,,,,,,,,,,,,
西成区,千本北,1丁目,20番,軽四輪車(小さい車)で収集している地域,,,,,,,,,,,,,,,水土,,,,,,火,,,,,,,,,,,,,,,,金,,,,,,,,,,,,,,,,,火,,,,,,,,,,,,
西成区,千本北,1丁目,20番,上記以外,,,,,,,,,,,,,,,水土,,,,,,,,,,,,,,,火,,,,,,,,金,,,,,,,,,,,,,,,,火,,,,,,,,,,,,
西成区,千本北,2丁目,1番,軽四輪車(小さい車)で収集している地域,,,,,,水土,,,,,,,,,,,,,,,,火,,,,,,,,,,,,,,,,金,,,,,,,,,,,,,,,,,,,,,,,,,,,,
西成区,千本北,2丁目,1番,上記以外,,,,,,,,,,,,,,,,,水土,,,,,火,,,,,,,,,,,,,,,,金,,,,,,,,,,,,,,,,,,,,,,,,,,,,
西成区,千本北,2丁目,2番,軽四輪車(小さい車)で収集している地域,,,,,,,水土,,,,,,,,,,,,,,,,,,,,,,,,,火,,,,,,,,,,,,,,,,金,,,,,,火,,,,,,,,,,,,
西成区,千本北,2丁目,2番,上記以外,,,,,,,,,,,,,,,,,,水土,,,,火,,,,,,,,,,,,,,,,金,,,,,,,,,,,,,,,,火,,,,,,,,,,,,
西成区,千本北,2丁目,3番,,,,,,,,,,,,,,,水土,,,,,,,,,,,,,,,,,,火,,,,,,,,,,,,,,,,金,,,,,,,,,,,,,,,,,,
西成区,千本北,2丁目,4番,,,,,,,,,,,,,,,,水土,,,,,,,,,,,,,,,,,火,,,,,,,,,,,,,,,,金,,,,,,,,,,,,,,,,,,
西成区,千本北,2丁目,5番,軽四輪車(小さい車)で収集している地域,,,,,,水土,,,,,,,,,,,,,,,,,,,,,,,,,,火,,,,,,,,,,,,,,,,金,,,,,,,,,,,,,,,,,,
西成区,千本北,2丁目,5番,上記以外,,,,,,,,,,,,,,,,,水土,,,,,火,,,,,,,,,,,,,,,,金,,,,,,,,,,,,,,,,,,,,,,,,,,,,
西成区,千本北,2丁目,6番,,,,,,,,,,,,,,,,,,水土,,,,,火,,,,,,,,,,,,,,,,金,,,,,,,,,,,,,,,,火,,,,,,,,,,,,
西成区,千本北,2丁目,7番,軽四輪車(小さい車)で収集している地域,,,,,,水土,,,,,,,,,,,,,,,,火,,,,,,,,,,,,,,,,金,,,,,,,,,,,,,,,,,,,,,,,,,,,,
西成区,千本北,2丁目,7番,上記以外,,,,,,,,,,,,,,,,,水土,,,,,火,,,,,,,,,,,,,,,,金,,,,,,,,,,,,,,,,,,,,,,,,,,,,
西成区,千本北,2丁目,8番,軽四輪車(小さい車)で収集している地域,,,,,,水土,,,,,,,,,,,,,,,,火,,,,,,,,,,,,,,,,金,,,,,,,,,,,,,,,,,,,,,,,,,,,,
西成区,千本北,2丁目,8番,上記以外,,,,,,,,,,,,,,,,,水土,,,,,火,,,,,,,,,,,,,,,,金,,,,,,,,,,,,,,,,,,,,,,,,,,,,
西成区,千本北,2丁目,9番,軽四輪車(小さい車)で収集している地域,,,,,,水土,,,,,,,,,,,,,,,,火,,,,,,,,,,,,,,,,金,,,,,,,,,,,,,,,,,,,,,,,,,,,,
西成区,千本北,2丁目,9番,上記以外,,,,,,,,,,,,,,,,,水土,,,,,火,,,,,,,,,,,,,,,,金,,,,,,,,,,,,,,,,,,,,,,,,,,,,
西成区,千本北,2丁目,10番,,,,,,,,,,,,,,,,,,水土,,,,,火,,,,,,,,,,,,,,,,金,,,,,,,,,,,,,,,,,,,,,,,,,,,,
西成区,千本北,2丁目,11番,,,,,,,,,,,,,,,,水土,,,,,,,火,,,,,,,,,,,,,,,,金,,,,,,,,,,,,,,,,,,,,,,,,,,,,
西成区,千本北,2丁目,12番,,,,,,,,,,,,,,,,,,水土,,,,,火,,,,,,,,,,,,,,,,金,,,,,,,,,,,,,,,,,,,,,,,,,,,,
西成区,千本北,2丁目,13番,軽四輪車(小さい車)で収集している地域,,,,,,水土,,,,,,,,,,,,,,,,火,,,,,,,,,,,,,,,,金,,,,,,,,,,,,,,,,,,,,,,,,,,,,
西成区,千本北,2丁目,13番,上記以外,,,,,,,,,,,,,,,,,水土,,,,,火,,,,,,,,,,,,,,,,金,,,,,,,,,,,,,,,,,,,,,,,,,,,,
西成区,千本北,2丁目,14番,軽四輪車(小さい車)で収集している地域,,,,,,,,,,,,,,,水土,,,,,,,,,,,,,,,火,,,,,,,,,,,,,,,,,,金,,,,,,,,,,,,,,,,,,
西成区,千本北,2丁目,14番,上記以外,,,,,,,,,,,,,,,水土,,,,,,,火,,,,,,,,,,,,,,,,金,,,,,,,,,,,,,,,,,,,,,,,,,,,,
西成区,千本北,2丁目,15番,,,,,,,,,,,,,,,,水土,,,,,,,,,,,,,,,火,,,,,,,,,,,,,,,,,,金,,,,,,,,,,,,,,,,,,
西成区,千本北,2丁目,16番,,,,,,,水土,,,,,,,,,,,,,,,,火,,,,,,,,,,,,,,,,,,,,,,,,,,金,,,,,,,,,,,,,,,,,,
西成区,千本北,2丁目,17番,,,,,,,水土,,,,,,,,,,,,,,,,火,,,,,,,,,,,,,,,,金,,,,,,,,,,,,,,,,,,,,,,,,,,,,
西成区,千本北,2丁目,18番,,,,,,,水土,,,,,,,,,,,,,,,,火,,,,,,,,,,,,,,,,金,,,,,,,,,,,,,,,,,,,,,,,,,,,,
西成区,千本北,2丁目,19番,軽四輪車(小さい車)で収集している地域,,,,,,水土,,,,,,,,,,,,,,,,火,,,,,,,,,,,,,,,,金,,,,,,,,,,,,,,,,,,,,,,,,,,,,
西成区,千本北,2丁目,19番,上記以外,,,,,,,,,,,,,,,,,,水土,,,,火,,,,,,,,,,,,,,,,金,,,,,,,,,,,,,,,,,,,,,,,,,,,,
西成区,千本北,2丁目,20番,,,,,,,,,,,,,,,水土,,,,,,,,火,,,,,,,,,,,,,,,,金,,,,,,,,,,,,,,,,,,,,,,,,,,,,
西成区,千本北,2丁目,22番,軽四輪車(小さい車)で収集している地域,,,,,,,,,,,,,,水土,,,,,,,,,,,,,,,,火,,,,,,,,,,,,,,,,金,,,,,,,,,,,,,,,,,,,,
西成区,千本北,2丁目,22番,上記以外,,,,,,,,,,,,,,,,,水土,,,,,火,,,,,,,,,,,,,,,,金,,,,,,,,,,,,,,,,,,,,,,,,,,,,
西成区,千本北,2丁目,23番,軽四輪車(小さい車)で収集している地域,,,,,,,,,,,,,,水土,,,,,,,,火,,,,,,,,,,,,,,,,金,,,,,,,,,,,,,,,,,,,,,,,,,,,,
西成区,千本北,2丁目,23番,上記以外,,,,,,,,,,,,,,,,,水土,,,,,火,,,,,,,,,,,,,,,,金,,,,,,,,,,,,,,,,,,,,,,,,,,,,
西成区,千本北,2丁目,24番,,,,,,,水土,,,,,,,,,,,,,,,,火,,,,,,,,,,,,,,,,金,,,,,,,,,,,,,,,,,,,,,,,,,,,,
西成区,千本北,2丁目,25番,軽四輪車(小さい車)で収集している地域,,,,,,水土,,,,,,,,,,,,,,,,火,,,,,,,,,,,,,,,,金,,,,,,,,,,,,,,,,,,,,,,,,,,,,
西成区,千本北,2丁目,25番,上記以外,,,,,,,,,,,,,,,,,,水土,,,,火,,,,,,,,,,,,,,,,金,,,,,,,,,,,,,,,,,,,,,,,,,,,,
西成区,千本北,2丁目,26番,,,,,,,水土,,,,,,,,,,,,,,,,火,,,,,,,,,,,,,,,,金,,,,,,,,,,,,,,,,,,,,,,,,,,,,
西成区,千本北,2丁目,27番,,,,,,,水土,,,,,,,,,,,,,,,,火,,,,,,,,,,,,,,,,金,,,,,,,,,,,,,,,,,,,,,,,,,,,,
西成区,千本北,2丁目,28番,,,,,,,水土,,,,,,,,,,,,,,,,火,,,,,,,,,,,,,,,,金,,,,,,,,,,,,,,,,,,,,,,,,,,,,
西成区,千本北,2丁目,29番,,,,,,,水土,,,,,,,,,,,,,,,,火,,,,,,,,,,,,,,,,金,,,,,,,,,,,,,,,,,,,,,,,,,,,,
西成区,千本北,2丁目,30番,,,,,,,,,,,,,,,,,,水土,,,,,火,,,,,,,,,,,,,,,,金,,,,,,,,,,,,,,,,,,,,,,,,,,,,
西成区,千本北,2丁目,31番,,,,,,,,,,,,,,,水土,,,,,,,,火,,,,,,,,,,,,,,,,金,,,,,,,,,,,,,,,,,,,,,,,,,,,,
西成区,千本北,2丁目,32番,軽四輪車(小さい車)で収集している地域,,,,,,,水土,,,,,,,,,,,,,,,,,,,,,,,火,,,,,,,,,,,,,,,,金,,,,,,,,,,,,,,,,,,,,
西成区,千本北,2丁目,32番,上記以外,,,,,,水土,,,,,,,,,,,,,,,,火,,,,,,,,,,,,,,,,金,,,,,,,,,,,,,,,,,,,,,,,,,,,,
西成区,千本中,1丁目,1番,,,,,,,,,,,,,,,,水土,,,,,,,火,,,,,,,,,,,,,,,,金,,,,,,,,,,,,,,,,火,,,,,,,,,,,,
西成区,千本中,1丁目,2番,,,,,,,,,,,,,,,,水土,,,,,,,火,,,,,,,,,,,,,,,,,,金,,,,,,,,,,,,,,火,,,,,,,,,,,,
西成区,千本中,1丁目,3番,,,,,,,,,,,,,,,,水土,,,,,,,火,,,,,,,,,,,,,,,,,,金,,,,,,,,,,,,,,火,,,,,,,,,,,,
西成区,千本中,1丁目,4番,,,,,,,,,,,,,,,,,水土,,,,,,火,,,,,,,,,,,,,,,,,,金,,,,,,,,,,,,,,火,,,,,,,,,,,,
西成区,千本中,1丁目,5番,,,,,,,,,,,,,,,,水土,,,,,,,,火,,,,,,,,,,,,,,,,,金,,,,,,,,,,,,,,火,,,,,,,,,,,,
西成区,千本中,1丁目,6番,軽四輪車(小さい車)で収集している地域,,,,,,,,,,,,,,,,水土,,,,,,,,,,,,,,火,,,,,,,,,,金,,,,,,,,,,,,,,火,,,,,,,,,,,,
西成区,千本中,1丁目,6番,上記以外,,,,,,,,,,,,,,,,水土,,,,,,,火,,,,,,,,,,,,,,,,,金,,,,,,,,,,,,,,火,,,,,,,,,,,,
西成区,千本中,1丁目,7番,軽四輪車(小さい車)で収集している地域,,,,,,,,,,,,,,,,水土,,,,,,,,,,,,,,火,,,,,,,,,,金,,,,,,,,,,,,,,火,,,,,,,,,,,,
西成区,千本中,1丁目,7番,上記以外,,,,,,,,,水土,,,,,,,,,,,,,,火,,,,,,,,,,,,,,,,,金,,,,,,,,,,,,,,火,,,,,,,,,,,,
西成区,千本中,1丁目,9番,,,,,,,,,,,,,,,,水土,,,,,,,,火,,,,,,,,,,,,,,,,,金,,,,,,,,,,,,,,火,,,,,,,,,,,,
西成区,千本中,1丁目,10番,軽四輪車(小さい車)で収集している地域,,,,,,,,,,,,,,水土,,,,,,,,,,,,,,,,火,,,,,,,,,,金,,,,,,,,,,,,,,火,,,,,,,,,,,,
西成区,千本中,1丁目,10番,上記以外,,,,,,,,,水土,,,,,,,,,,,,,,火,,,,,,,,,,,,,,,,,金,,,,,,,,,,,,,,火,,,,,,,,,,,,
西成区,千本中,1丁目,11番,,,,,,,,,,,,,,,,水土,,,,,,,,火,,,,,,,,,,,,,,,,,金,,,,,,,,,,,,,,火,,,,,,,,,,,,
西成区,千本中,1丁目,12番,,,,,,,,,,,,,,,,水土,,,,,,,,火,,,,,,,,,,,,,,,,,金,,,,,,,,,,,,,,火,,,,,,,,,,,,
西成区,千本中,1丁目,13番,,,,,,,,,,,,,,,,水土,,,,,,,,火,,,,,,,,,,,,,,,,,金,,,,,,,,,,,,,,火,,,,,,,,,,,,
西成区,千本中,1丁目,14番,軽四輪車(小さい車)で収集している地域,,,,,,,,,,,,,,,水土,,,,,,,,,,,,,,,,,火,,,,,,,,,,,,,,,,金,,,,,,火,,,,,,,,,,,,
西成区,千本中,1丁目,14番,上記以外,,,,,,,,,水土,,,,,,,,,,,,,,火,,,,,,,,,,,,,,,,,金,,,,,,,,,,,,,,火,,,,,,,,,,,,
西成区,千本中,1丁目,15番,,,,,,,,,,水土,,,,,,,,,,,,,,火,,,,,,,,,,,,,,,,,金,,,,,,,,,,,,,,,,,,,,,,,,,,
西成区,千本中,1丁目,16番,,,,,,,,,,水土,,,,,,,,,,,,,,火,,,,,,,,,,,,,,,,,金,,,,,,,,,,,,,,,,,,,,,,,,,,
西成区,千本中,1丁目,17番,,,,,,,,水土,,,,,,,,,,,,,,,,火,,,,,,,,,,,,,,,金,,,,,,,,,,,,,,,,,,,,,,,,,,,,
西成区,千本中,1丁目,18番,,,,,,,水土,,,,,,,,,,,,,,,,火,,,,,,,,,,,,,,,,金,,,,,,,,,,,,,,,,,,,,,,,,,,,,
西成区,千本中,1丁目,19番,,,,,,,,,,水土,,,,,,,,,,,,,火,,,,,,,,,,,,,,,,金,,,,,,,,,,,,,,,,,,,,,,,,,,,,
西成区,千本中,2丁目,1番,軽四輪車(小さい車)で収集している地域,,,,,,,,,,,,,,,水土,,,,,,,火,,,,,,,,,,,,,,,,金,,,,,,,,,,,,,,,,,,,,,,,,,,,,
西成区,千本中,2丁目,1番,上記以外,,,,,,,,,水土,,,,,,,,,,,,,火,,,,,,,,,,,,,,,,金,,,,,,,,,,,,,,,,,,,,,,,,,,,,
西成区,千本中,2丁目,2番,軽四輪車(小さい車)で収集している地域,,,,,,,,,,,,,,,水土,,,,,,,火,,,,,,,,,,,,,,,,金,,,,,,,,,,,,,,,,,,,,,,,,,,,,
西成区,千本中,2丁目,2番,上記以外,,,,,,,水土,,,,,,,,,,,,,,,火,,,,,,,,,,,,,,,,金,,,,,,,,,,,,,,,,,,,,,,,,,,,,
西成区,千本中,2丁目,3番,軽四輪車(小さい車)で収集している地域,,,,,,,,,,,,,,水土,,,,,,,,火,,,,,,,,,,,,,,,,金,,,,,,,,,,,,,,,,,,,,,,,,,,,,
西成区,千本中,2丁目,3番,上記以外,,,,,,,,,,,,,,,,,,水土,,,,火,,,,,,,,,,,,,,,,金,,,,,,,,,,,,,,,,,,,,,,,,,,,,
西成区,千本中,2丁目,4番,,,,,,,,,,,,,,,,,,,水土,,,,火,,,,,,,,,,,,,,,,金,,,,,,,,,,,,,,,,,,,,,,,,,,,,
西成区,千本中,2丁目,5番,軽四輪車(小さい車)で収集している地域,,,,,,,,,,,,,,,,水土,,,,,,火,,,,,,,,,,,,,,,,金,,,,,,,,,,,,,,,,,,,,,,,,,,,,
西成区,千本中,2丁目,5番,上記以外,,,,,,,水土,,,,,,,,,,,,,,,火,,,,,,,,,,,,,,,,金,,,,,,,,,,,,,,,,,,,,,,,,,,,,
西成区,千本中,2丁目,6番,,,,,,,,,,,,,,,,,水土,,,,,,火,,,,,,,,,,,,,,,,金,,,,,,,,,,,,,,,,,,,,,,,,,,,,
西成区,千本中,2丁目,7番,,,,,,,,水土,,,,,,,,,,,,,,,火,,,,,,,,,,,,,,,,金,,,,,,,,,,,,,,,,,,,,,,,,,,,,
西成区,千本中,2丁目,8番,,,,,,,,,水土,,,,,,,,,,,,,,火,,,,,,,,,,,,,,,,金,,,,,,,,,,,,,,,,,,,,,,,,,,,,
西成区,千本中,2丁目,9番,軽四輪車(小さい車)で収集している地域,,,,,,,,,,,,,,,水土,,,,,,,火,,,,,,,,,,,,,,,,金,,,,,,,,,,,,,,,,,,,,,,,,,,,,
西成区,千本中,2丁目,9番,上記以外,,,,,,,水土,,,,,,,,,,,,,,,火,,,,,,,,,,,,,,,,金,,,,,,,,,,,,,,,,,,,,,,,,,,,,
西成区,千本中,2丁目,10番,軽四輪車(小さい車)で収集している地域,,,,,,,,,,,,,,,,水土,,,,,,,,,,,,,,火,,,,,,,,,,,,,,,,金,,,,,,,,,,,,,,,,,,,,
西成区,千本中,2丁目,10番,上記以外,,,,,,,,水土,,,,,,,,,,,,,,火,,,,,,,,,,,,,,,,,,金,,,,,,,,,,,,,,,,,,,,,,,,,,
西成区,千本中,2丁目,11番,軽四輪車(小さい車)で収集している地域,,,,,,,,,,,,,,,,水土,,,,,,,,,,,,,,火,,,,,,,,,,,,,,,,金,,,,,,,,,,,,,,,,,,,,
西成区,千本中,2丁目,11番,上記以外,,,,,,,,,,,,,,,,水土,,,,,,,,,,,,,,火,,,,,,,,,,金,,,,,,,,,,,,,,,,,,,,,,,,,,
西成区,千本中,2丁目,12番,,,,,,,,,,,,,,,,,水土,,,,,,,火,,,,,,,,,,,,,,,,,金,,,,,,,,,,,,,,,,,,,,,,,,,,
西成区,千本南,1丁目,1番,,,,,,,,,,,,,,,水土,,,,,,,,,火,,,,,,,,,,,,,,,,,金,,,,,,,,,,,,,,火,,,,,,,,,,,,
西成区,千本南,1丁目,2番,軽四輪車(小さい車)で収集している地域,,,,,,,,,,,,,,,水土,,,,,,,,,,,,,,,,,火,,,,,,,,,,,,,,,金,,,,,,,火,,,,,,,,,,,,
西成区,千本南,1丁目,2番,上記以外,,,,,,,,,,,,,,,水土,,,,,,,,火,,,,,,,,,,,,,,,,,金,,,,,,,,,,,,,,火,,,,,,,,,,,,
西成区,千本南,1丁目,3番,軽四輪車(小さい車)で収集している地域,,,,,,,,,,,,,,,水土,,,,,,,,,,,,,,,,,火,,,,,,,,,,,,,,,金,,,,,,,火,,,,,,,,,,,,
西成区,千本南,1丁目,3番,上記以外,,,,,,,,,,,,,,水土,,,,,,,,,火,,,,,,,,,,,,,,,,,金,,,,,,,,,,,,,,火,,,,,,,,,,,,
西成区,千本南,1丁目,4番,軽四輪車(小さい車)で収集している地域,,,,,,,,,,,,,,,,水土,,,,,,,,,,,,,,,,火,,,,,,,,,,,,,,,金,,,,,,,火,,,,,,,,,,,,
西成区,千本南,1丁目,4番,上記以外,,,,,,,,,,,,,,水土,,,,,,,,,火,,,,,,,,,,,,,,,,,金,,,,,,,,,,,,,,火,,,,,,,,,,,,
西成区,千本南,1丁目,5番,軽四輪車(小さい車)で収集している地域,,,,,,,,,,,,,,,,,水土,,,,,,,,,,,,,,,火,,,,,,,,,,,,,,,金,,,,,,,火,,,,,,,,,,,,
西成区,千本南,1丁目,5番,上記以外,,,,,,,,,,,,,,,水土,,,,,,,,火,,,,,,,,,,,,,,,,,金,,,,,,,,,,,,,,火,,,,,,,,,,,,
西成区,千本南,1丁目,6番,軽四輪車(小さい車)で収集している地域,,,,,,,,,,,,,,,,,水土,,,,,,,,,,,,,,,火,,,,,,,,,,,,,,,金,,,,,,,火,,,,,,,,,,,,
西成区,千本南,1丁目,6番,上記以外,,,,,,,,,,水土,,,,,,,,,,,,,火,,,,,,,,,,,,,,,,,金,,,,,,,,,,,,,,火,,,,,,,,,,,,
西成区,千本南,1丁目,7番,軽四輪車(小さい車)で収集している地域,,,,,,,,,,,,,,,,,水土,,,,,,火,,,,,,,,,,,,,,,,,金,,,,,,,,,,,,,,火,,,,,,,,,,,,
西成区,千本南,1丁目,7番,上記以外,,,,,,,,,,水土,,,,,,,,,,,,,火,,,,,,,,,,,,,,,,,金,,,,,,,,,,,,,,火,,,,,,,,,,,,
西成区,千本南,1丁目,8番,軽四輪車(小さい車)で収集している地域,,,,,,,,,,,,,,,水土,,,,,,,,火,,,,,,,,,,,,,,,,,金,,,,,,,,,,,,,,,,,,,,,,,,,,
西成区,千本南,1丁目,8番,上記以外,,,,,,,,,水土,,,,,,,,,,,,,,火,,,,,,,,,,,,,,,,,金,,,,,,,,,,,,,,,,,,,,,,,,,,
西成区,千本南,1丁目,9番,,,,,,,,,,,水土,,,,,,,,,,,,,火,,,,,,,,,,,,,,,,,金,,,,,,,,,,,,,,,,,,,,,,,,,,
西成区,千本南,1丁目,10番,,,,,,,,,,水土,,,,,,,,,,,,,,火,,,,,,,,,,,,,,,,,金,,,,,,,,,,,,,,,,,,,,,,,,,,
西成区,千本南,1丁目,11番,,,,,,,,,,水土,,,,,,,,,,,,,,火,,,,,,,,,,,,,,,,,金,,,,,,,,,,,,,,,,,,,,,,,,,,
西成区,千本南,1丁目,12番,軽四輪車(小さい車)で収集している地域,,,,,,,,,,,,,,,水土,,,,,,,,火,,,,,,,,,,,,,,,,,金,,,,,,,,,,,,,,,,,,,,,,,,,,
西成区,千本南,1丁目,12番,上記以外,,,,,,,,,水土,,,,,,,,,,,,,,火,,,,,,,,,,,,,,,,,金,,,,,,,,,,,,,,,,,,,,,,,,,,
西成区,千本南,1丁目,13番,軽四輪車(小さい車)で収集している地域,,,,,,,,,,,,,,,,,水土,,,,,,,,,,,,,,,火,,,,,,,,,,,,,,,金,,,,,,,火,,,,,,,,,,,,
西成区,千本南,1丁目,13番,上記以外,,,,,,,,,,,,,,,水土,,,,,,,,火,,,,,,,,,,,,,,,,,金,,,,,,,,,,,,,,火,,,,,,,,,,,,
西成区,千本南,1丁目,14番,軽四輪車(小さい車)で収集している地域,,,,,,,,,,,,,,,水土,,,,,,,,,,,,,,,,,火,,,,,,,,,,,,,,,金,,,,,,,火,,,,,,,,,,,,
西成区,千本南,1丁目,14番,上記以外,,,,,,,,,,,,,,,水土,,,,,,,,火,,,,,,,,,,,,,,,,,金,,,,,,,,,,,,,,火,,,,,,,,,,,,
西成区,千本南,1丁目,15番,軽四輪車(小さい車)で収集している地域,,,,,,,,,,,,,,,,水土,,,,,,,,,,,,,,,,火,,,,,,,,,,,,,,,金,,,,,,,火,,,,,,,,,,,,
西成区,千本南,1丁目,15番,上記以外,,,,,,,,,,,,,,水土,,,,,,,,,火,,,,,,,,,,,,,,,,,金,,,,,,,,,,,,,,火,,,,,,,,,,,,
西成区,千本南,1丁目,16番,軽四輪車(小さい車)で収集している地域,,,,,,,,,,,,,,,,,水土,,,,,,,,,,,,,,,火,,,,,,,,,,,,,,,金,,,,,,,火,,,,,,,,,,,,
西成区,千本南,1丁目,16番,上記以外,,,,,,,,,,,,,,,水土,,,,,,,火,,,,,,,,,,,,,,,,金,,,,,,,,,,,,,,,,火,,,,,,,,,,,,
西成区,千本南,1丁目,17番,,,,,,,,,,,,水土,,,,,,,,,,,,火,,,,,,,,,,,,,,,,,金,,,,,,,,,,,,,,火,,,,,,,,,,,,
西成区,千本南,1丁目,18番,,,,,,,,,,,,水土,,,,,,,,,,,,火,,,,,,,,,,,,,,,,,金,,,,,,,,,,,,,,,,,,,,,,,,,,
西成区,千本南,1丁目,19番,,,,,,,,,,,,水土,,,,,,,,,,,,火,,,,,,,,,,,,,,,,,金,,,,,,,,,,,,,,,,,,,,,,,,,,
西成区,千本南,1丁目,20番,軽四輪車(小さい車)で収集している地域,,,,,,,,,,,,,,,,水土,,,,,,火,,,,,,,,,,,,,,,,金,,,,,,,,,,,,,,,,,,,,,,,,,,,,
西成区,千本南,1丁目,20番,上記以外,,,,,,,,,,,水土,,,,,,,,,,,火,,,,,,,,,,,,,,,,金,,,,,,,,,,,,,,,,,,,,,,,,,,,,
西成区,千本南,1丁目,22番,,,,,,,,,,,,,,,水土,,,,,,,,火,,,,,,,,,,,,,,,,金,,,,,,,,,,,,,,,,火,,,,,,,,,,,,
西成区,千本南,1丁目,23番,,,,,,,,,,,,水土,,,,,,,,,,,火,,,,,,,,,,,,,,,,金,,,,,,,,,,,,,,,,,,,,,,,,,,,,
西成区,千本南,2丁目,1番,軽四輪車(小さい車)で収集している地域,,,,,,,,,,,,,,,水土,,,,,,,火,,,,,,,,,,,,,,,,金,,,,,,,,,,,,,,,,,,,,,,,,,,,,
西成区,千本南,2丁目,1番,上記以外,,,,,,,,,水土,,,,,,,,,,,,,,火,,,,,,,,,,,,,,,,金,,,,,,,,,,,,,,,,,,,,,,,,,,,
西成区,千本南,2丁目,2番,軽四輪車(小さい車)で収集している地域,,,,,,,,,,,,,,,,水土,,,,,,火,,,,,,,,,,,,,,,,金,,,,,,,,,,,,,,,,,,,,,,,,,,,,
西成区,千本南,2丁目,2番,上記以外,,,,,,,,,水土,,,,,,,,,,,,,,火,,,,,,,,,,,,,,,,,金,,,,,,,,,,,,,,,,,,,,,,,,,,
西成区,千本南,2丁目,3番,軽四輪車(小さい車)で収集している地域,,,,,,,,,,,,,,,水土,,,,,,,火,,,,,,,,,,,,,,,,,,金,,,,,,,,,,,,,,,,,,,,,,,,,,
西成区,千本南,2丁目,3番,上記以外,,,,,,,,,,,水土,,,,,,,,,,,,火,,,,,,,,,,,,,,,,,金,,,,,,,,,,,,,,,,,,,,,,,,,,
西成区,千本南,2丁目,4番,軽四輪車(小さい車)で収集している地域,,,,,,,,,,,,,,,,水土,,,,,,火,,,,,,,,,,,,,,,,金,,,,,,,,,,,,,,,,,,,,,,,,,,,,
西成区,千本南,2丁目,4番,上記以外,,,,,,,,,,,水土,,,,,,,,,,,火,,,,,,,,,,,,,,,,金,,,,,,,,,,,,,,,,,,,,,,,,,,,,
西成区,千本南,2丁目,5番,,,,,,,,,,,,水土,,,,,,,,,,,火,,,,,,,,,,,,,,,,金,,,,,,,,,,,,,,,,,,,,,,,,,,,,
西成区,千本南,2丁目,6番,,,,,,,,,,,,水土,,,,,,,,,,,火,,,,,,,,,,,,,,,,金,,,,,,,,,,,,,,,,,,,,,,,,,,,,
西成区,千本南,2丁目,7番,,,,,,,,,,,,水土,,,,,,,,,,,火,,,,,,,,,,,,,,,,金,,,,,,,,,,,,,,,,,,,,,,,,,,,,
西成区,千本南,2丁目,8番,軽四輪車(小さい車)で収集している地域,,,,,,,,,,,,,,水土,,,,,,,,,,,,,,,,,,火,,,,,,,,,,,,,,金,,,,,,,,,,,,,,,,,,,,
西成区,千本南,2丁目,8番,上記以外,,,,,,,,,,,水土,,,,,,,,,,,火,,,,,,,,,,,,,,,,金,,,,,,,,,,,,,,,,,,,,,,,,,,,,
西成区,千本南,2丁目,9番,軽四輪車(小さい車)で収集している地域,,,,,,,,,,,,,,水土,,,,,,,,,,,,,,,,,,火,,,,,,,,,,,,,,金,,,,,,,,,,,,,,,,,,,,
西成区,千本南,2丁目,9番,上記以外,,,,,,,,,,,水土,,,,,,,,,,,火,,,,,,,,,,,,,,,,金,,,,,,,,,,,,,,,,,,,,,,,,,,,,
西成区,千本南,2丁目,10番,軽四輪車(小さい車)で収集している地域,,,,,,,,,,,,,,水土,,,,,,,,,,,,,,,,,,火,,,,,,,,,,,,,,金,,,,,,,,,,,,,,,,,,,,
西成区,千本南,2丁目,10番,上記以外,,,,,,,,,,,水土,,,,,,,,,,,火,,,,,,,,,,,,,,,,金,,,,,,,,,,,,,,,,,,,,,,,,,,,,
西成区,千本南,2丁目,11番,軽四輪車(小さい車)で収集している地域,,,,,,,,,,,,,,,,水土,,,,,,,,,,,,,,,,火,,,,,,,,,,,,,,金,,,,,,,,,,,,,,,,,,,,
西成区,千本南,2丁目,11番,上記以外,,,,,,,,,,,,,,,,水土,,,,,,火,,,,,,,,,,,,,,,,金,,,,,,,,,,,,,,,,,,,,,,,,,,,,
西成区,千本南,2丁目,12番,,,,,,,,,,,,水土,,,,,,,,,,,,火,,,,,,,,,,,,,,,,,金,,,,,,,,,,,,,,,,,,,,,,,,,,
西成区,千本南,2丁目,13番,,,,,,,,,,,,,,,,水土,,,,,,,,火,,,,,,,,,,,,,,,,,金,,,,,,,,,,,,,,,,,,,,,,,,,,
西成区,千本南,2丁目,14番,軽四輪車(小さい車)で収集している地域,,,,,,,,,,,,,,,,水土,,,,,,,,,,,,,,,,火,,,,,,,,,,,,,,,金,,,,,,,,,,,,,,,,,,,
西成区,千本南,2丁目,14番,上記以外,,,,,,,,,,,水土,,,,,,,,,,,,火,,,,,,,,,,,,,,,,,金,,,,,,,,,,,,,,,,,,,,,,,,,,
西成区,千本南,2丁目,15番,軽四輪車(小さい車)で収集している地域,,,,,,,,,,,,,,水土,,,,,,,,,,,,,,,,,,火,,,,,,,,,,,,,,,金,,,,,,,,,,,,,,,,,,,
西成区,千本南,2丁目,15番,上記以外,,,,,,,,,,,水土,,,,,,,,,,,,火,,,,,,,,,,,,,,,,,金,,,,,,,,,,,,,,,,,,,,,,,,,,
西成区,千本南,2丁目,16番,軽四輪車(小さい車)で収集している地域,,,,,,,,,,,,,,,,水土,,,,,,,,,,,,,,,,火,,,,,,,,,,,,,,,金,,,,,,,,,,,,,,,,,,,
西成区,千本南,2丁目,16番,上記以外,,,,,,,,,,,水土,,,,,,,,,,,火,,,,,,,,,,,,,,,,,,金,,,,,,,,,,,,,,,,,,,,,,,,,,
西成区,太子,1丁目,2番,,,,,,,月木,,,,,,,,,,,,,,,,水,,,,,,,,,,,,,,,,土,,,,,,,,,,,,,,,,水,,,,,,,,,,,,
西成区,太子,1丁目,3番,,,,,,,月木,,,,,,,,,,,,,,,,水,,,,,,,,,,,,,,,,土,,,,,,,,,,,,,,,,水,,,,,,,,,,,,
西成区,太子,1丁目,4番,,,,,,,月木,,,,,,,,,,,,,,,,水,,,,,,,,,,,,,,,,土,,,,,,,,,,,,,,,,水,,,,,,,,,,,,
西成区,太子,1丁目,5番,,,,,,,,月木,,,,,,,,,,,,,,,水,,,,,,,,,,,,,,,,土,,,,,,,,,,,,,,,,水,,,,,,,,,,,,
西成区,太子,1丁目,6番,,,,,,,月木,,,,,,,,,,,,,,,,水,,,,,,,,,,,,,,,,土,,,,,,,,,,,,,,,,水,,,,,,,,,,,,
西成区,太子,1丁目,7番,,,,,,,,月木,,,,,,,,,,,,,,,水,,,,,,,,,,,,,,,,土,,,,,,,,,,,,,,,,水,,,,,,,,,,,,
西成区,太子,1丁目,8番,,,,,,,月木,,,,,,,,,,,,,,,,水,,,,,,,,,,,,,,,,土,,,,,,,,,,,,,,,,水,,,,,,,,,,,,
西成区,太子,1丁目,9番,,,,,,,月木,,,,,,,,,,,,,,,,水,,,,,,,,,,,,,,,,土,,,,,,,,,,,,,,,,水,,,,,,,,,,,,
西成区,太子,1丁目,10番,,,,,,,,月木,,,,,,,,,,,,,,,水,,,,,,,,,,,,,,,,土,,,,,,,,,,,,,,,,水,,,,,,,,,,,,
西成区,太子,1丁目,11番,,,,,,,月木,,,,,,,,,,,,,,,,水,,,,,,,,,,,,,,,,土,,,,,,,,,,,,,,,,水,,,,,,,,,,,,
西成区,太子,1丁目,12番,,,,,,,月木,,,,,,,,,,,,,,,,水,,,,,,,,,,,,,,,,土,,,,,,,,,,,,,,,,水,,,,,,,,,,,,
西成区,太子,1丁目,13番,,,,,,,月木,,,,,,,,,,,,,,,,水,,,,,,,,,,,,,,,,土,,,,,,,,,,,,,,,,水,,,,,,,,,,,,
西成区,太子,1丁目,14番,,,,,,,,月木,,,,,,,,,,,,,,,水,,,,,,,,,,,,,,,,土,,,,,,,,,,,,,,,,水,,,,,,,,,,,,
西成区,太子,1丁目,15番,,,,,,,,月木,,,,,,,,,,,,,,,水,,,,,,,,,,,,,,,,土,,,,,,,,,,,,,,,,水,,,,,,,,,,,,
西成区,太子,2丁目,1番,,,,,,,,月木,,,,,,,,,,,,,,,水,,,,,,,,,,,,,,,,土,,,,,,,,,,,,,,,,水,,,,,,,,,,,,
西成区,太子,2丁目,2番,,,,,,,,月木,,,,,,,,,,,,,,,水,,,,,,,,,,,,,,,,土,,,,,,,,,,,,,,,,水,,,,,,,,,,,,
西成区,太子,2丁目,3番,,,,,,,月木,,,,,,,,,,,,,,,,水,,,,,,,,,,,,,,,,土,,,,,,,,,,,,,,,,水,,,,,,,,,,,,
西成区,太子,2丁目,4番,,,,,,,月木,,,,,,,,,,,,,,,,水,,,,,,,,,,,,,,,,土,,,,,,,,,,,,,,,,水,,,,,,,,,,,,
西成区,橘,1丁目,1番,,,,,,,火金,,,,,,,,,,,,,,,,月,,,,,,,,,,,,,,,,木,,,,,,,,,,,,,,,,,,,,,月,,,,,,,
西成区,橘,1丁目,2番,軽四輪車(小さい車)で収集している地域,,,,,,,,,,,,,,,,,火金,,,,,月,,,,,,,,,,,,,,,,木,,,,,,,,,,,,,,,,,,,,,,,,,,月,,
西成区,橘,1丁目,2番,上記以外,,,,,,火金,,,,,,,,,,,,,,,,月,,,,,,,,,,,,,,,,木,,,,,,,,,,,,,,,,,,,,月,,,,,,,,
西成区,橘,1丁目,3番,軽四輪車(小さい車)で収集している地域,,,,,,,,,,,,,,,,,火金,,,,,月,,,,,,,,,,,,,,,,木,,,,,,,,,,,,,,,,,,,,,,,,,月,,,
西成区,橘,1丁目,3番,上記以外,,,,,,,火金,,,,,,,,,,,,,,,月,,,,,,,,,,,,,,,,木,,,,,,,,,,,,,,,,,,,,,月,,,,,,,
西成区,橘,1丁目,4番,軽四輪車(小さい車)で収集している地域,,,,,,,,,,,,,,,,,火金,,,,月,,,,,,,,,,,,,,,,木,,,,,,,,,,,,,,,,,,,,,,,,,,月,,,
西成区,橘,1丁目,4番,上記以外,,,,,,,,,,,,,,,火金,,,,,,,,月,,,,,,,,,,,,,,,,木,,,,,,,,,,,,,,,,,,,,,,,,月,,,
西成区,橘,1丁目,5番,軽四輪車(小さい車)で収集している地域,,,,,,,,,,,,,,,火金,,,,,,月,,,,,,,,,,,,,,,,木,,,,,,,,,,,,,,,,,,,,,,,,,,月,,,
西成区,橘,1丁目,5番,上記以外,,,,,,,,,火金,,,,,,,,,,,,,月,,,,,,,,,,,,,,,,木,,,,,,,,,,,,,,,,,,,,月,,,,,,,,
西成区,橘,1丁目,6番,軽四輪車(小さい車)で収集している地域,,,,,,,,,,,,,,,,,火金,,,,,月,,,,,,,,,,,,,,,,木,,,,,,,,,,,,,,,,,,,,,,,,,月,,,
西成区,橘,1丁目,6番,上記以外,,,,,,,,,,,,,,,火金,,,,,,,月,,,,,,,,,,,,,,,,木,,,,,,,,,,,,,,,,,,,,,月,,,,,,,
西成区,橘,1丁目,7番,軽四輪車(小さい車)で収集している地域,,,,,,,,,,,,,,,,,火金,,,,,月,,,,,,,,,,,,,,,,木,,,,,,,,,,,,,,,,,,,,,,,,,月,,,
西成区,橘,1丁目,7番,上記以外,,,,,,,,,,,,,,,火金,,,,,,,月,,,,,,,,,,,,,,,,木,,,,,,,,,,,,,,,,,,,,月,,,,,,,,
西成区,橘,1丁目,9番,軽四輪車(小さい車)で収集している地域,,,,,,,,,,,,,,,,火金,,,,,月,,,,,,,,,,,,,,,,木,,,,,,,,,,,,,,,,,,,,,,,,,,月,,,
西成区,橘,1丁目,9番,上記以外,,,,,,,,,,,,,,,火金,,,,,,,月,,,,,,,,,,,,,,,,木,,,,,,,,,,,,,,,,,,,,月,,,,,,,,
西成区,橘,1丁目,10番,軽四輪車(小さい車)で収集している地域,,,,,,,,,,,,,,,,火金,,,,,月,,,,,,,,,,,,,,,,木,,,,,,,,,,,,,,,,,,,,,,,,,,月,,,
西成区,橘,1丁目,10番,上記以外,,,,,,,,,,,,,,,火金,,,,,,,月,,,,,,,,,,,,,,,,木,,,,,,,,,,,,,,,,,,,,月,,,,,,,,
西成区,橘,1丁目,11番,軽四輪車(小さい車)で収集している地域,,,,,,,,,,,,,,,,火金,,,,,,,,,,,,,月,,,,,,,,,,,,,,,,,木,,,,,,,,,,,,月,,,,,,,,
西成区,橘,1丁目,11番,上記以外,,,,,,火金,,,,,,,,,,,,,,,,月,,,,,,,,,,,,,,,,木,,,,,,,,,,,,,,,,,,,,,月,,,,,,,
西成区,橘,1丁目,12番,軽四輪車(小さい車)で収集している地域,,,,,,,,,,,,,,,火金,,,,,,月,,,,,,,,,,,,,,,,木,,,,,,,,,,,,,,,,,,,,,月,,,,,,,,
西成区,橘,1丁目,12番,上記以外,,,,,,火金,,,,,,,,,,,,,,,,月,,,,,,,,,,,,,,,,木,,,,,,,,,,,,,,,,,,,,,月,,,,,,,
西成区,橘,1丁目,13番,,,,,,,,,,火金,,,,,,,,,,,,,月,,,,,,,,,,,,,,,,木,,,,,,,,,,,,,,,,,,,,月,,,,,,,,
西成区,橘,2丁目,1番,,,,,,,,火金,,,,,,,,,,,,,,,月,,,,,,,,,,,,,,,,木,,,,,,,,,,,,,,,,,,,,,月,,,,,,,
西成区,橘,2丁目,2番,軽四輪車(小さい車)で収集している地域,,,,,,,,火金,,,,,,,,,,,,,,,,,,,,,,,,月,,,,,,,,,,,,,,,木,,,,,,,,,,,,,,,,月,,,
西成区,橘,2丁目,2番,上記以外,,,,,,,,火金,,,,,,,,,,,,,,月,,,,,,,,,,,,,,,,木,,,,,,,,,,,,,,,,,,,,,,月,,,,,,
西成区,橘,2丁目,3番,,,,,,,火金,,,,,,,,,,,,,,,,,,,,,,,,,,月,,,,,,,,,,,,,,,木,,,,,,,,,,,,,,,,月,,,
西成区,橘,2丁目,4番,軽四輪車(小さい車)で収集している地域,,,,,,,火金,,,,,,,,,,,,,,,,,,,,,,,,,月,,,,,,,,,,,,,,,木,,,,,,,,,,,,,,,,月,,,
西成区,橘,2丁目,4番,上記以外,,,,,,,,,火金,,,,,,,,,,,,,月,,,,,,,,,,,,,,,,木,,,,,,,,,,,,,,,,,,,,,月,,,,,,,
西成区,橘,2丁目,5番,,,,,,,,,,火金,,,,,,,,,,,,,,月,,,,,,,,,,,,,,,,木,,,,,,,,,,,,,,,,,,,,月,,,,,,,
西成区,橘,2丁目,6番,軽四輪車(小さい車)で収集している地域,,,,,,,,,火金,,,,,,,,,,,,,,,,,,,,,月,,,,,,,,,,,,,,,,木,,,,,,,,,,,,,,,,月,,,,
西成区,橘,2丁目,6番,上記以外,,,,,,火金,,,,,,,,,,,,,,,,月,,,,,,,,,,,,,,,,木,,,,,,,,,,,,,,,,,,,,月,,,,,,,,
西成区,橘,2丁目,7番,軽四輪車(小さい車)で収集している地域,,,,,,,,火金,,,,,,,,,,,,,,,,,,,,,,月,,,,,,,,,,,,,,,,木,,,,,,,,,,,,,,,,月,,,,
西成区,橘,2丁目,7番,上記以外,,,,,,,,,火金,,,,,,,,,,,,,,月,,,,,,,,,,,,,,,,木,,,,,,,,,,,,,,,,,,月,,,,,,,,,
西成区,橘,2丁目,8番,軽四輪車(小さい車)で収集している地域,,,,,,,火金,,,,,,,,,,,,,,,,,,,,,,,月,,,,,,,,,,,,,,,,木,,,,,,,,,,,,,,,,月,,,,
西成区,橘,2丁目,8番,上記以外,,,,,,,火金,,,,,,,,,,,,,,,,月,,,,,,,,,,,,,,,,木,,,,,,,,,,,,,,,,,,,,,月,,,,,,
西成区,橘,2丁目,9番,,,,,,,,火金,,,,,,,,,,,,,,,月,,,,,,,,,,,,,,,,,木,,,,,,,,,,,,,,,月,,,,,,,,,,,,
西成区,橘,3丁目,1番,,,,,,,,,,火金,,,,,,,,,,,,,月,,,,,,,,,,,,,,,,木,,,,,,,,,,,,,,,,月,,,,,,,,,,,,
西成区,橘,3丁目,2番,,,,,,,火金,,,,,,,,,,,,,,,,月,,,,,,,,,,,,,,,,木,,,,,,,,,,,,,,,,月,,,,,,,,,,,,
西成区,橘,3丁目,3番,軽四輪車(小さい車)で収集している地域,,,,,,火金,,,,,,,,,,,,,,,,,,,,,,,,,月,,,,,,,,,,,,,,,木,,,,,,,,月,,,,,,,,,,,,
西成区,橘,3丁目,3番,上記以外,,,,,,,火金,,,,,,,,,,,,,,,月,,,,,,,,,,,,,,,,木,,,,,,,,,,,,,,,,月,,,,,,,,,,,,
西成区,橘,3丁目,4番,軽四輪車(小さい車)で収集している地域,,,,,,火金,,,,,,,,,,,,,,,,,,,,,,,,,月,,,,,,,,,,,,,,,木,,,,,,,,月,,,,,,,,,,,,
西成区,橘,3丁目,4番,上記以外,,,,,,,,,火金,,,,,,,,,,,,,月,,,,,,,,,,,,,,,,木,,,,,,,,,,,,,,,,,,,,,月,,,,,,,
西成区,橘,3丁目,5番,14~19号,,,,,,水土,,,,,,,,,,,,,,,,月,,,,,,,,,,,,,,,,木,,,,,,,,,,,,,,,,,,,,,,,,,,,,
西成区,橘,3丁目,5番,23~29号,,,,,,火金,,,,,,,,,,,,,,,,月,,,,,,,,,,,,,,,,木,,,,,,,,,,,,,,,,月,,,,,,,,,,,,
西成区,橘,3丁目,5番,上記以外,,,,,,火金,,,,,,,,,,,,,,,,月,,,,,,,,,,,,,,,,木,,,,,,,,,,,,,,,,月,,,,,,,,,,,,
西成区,橘,3丁目,6番,,,,,,,,火金,,,,,,,,,,,,,,,月,,,,,,,,,,,,,,,,木,,,,,,,,,,,,,,,,月,,,,,,,,,,,,
西成区,橘,3丁目,7番,,,,,,,,火金,,,,,,,,,,,,,,,月,,,,,,,,,,,,,,,,木,,,,,,,,,,,,,,,,月,,,,,,,,,,,,
西成区,橘,3丁目,8番,軽四輪車(小さい車)で収集している地域,,,,,,,火金,,,,,,,,,,,,,,,月,,,,,,,,,,,,,,,,木,,,,,,,,,,,,,,,,月,,,,,,,,,,,,
西成区,橘,3丁目,8番,上記以外,,,,,,,,,火金,,,,,,,,,,,,,月,,,,,,,,,,,,,,,,木,,,,,,,,,,,,,,,,,,,,月,,,,,,,,
西成区,橘,3丁目,9番,,,,,,,,,火金,,,,,,,,,,,,,,月,,,,,,,,,,,,,,,,木,,,,,,,,,,,,,,,,月,,,,,,,,,,,,
西成区,橘,3丁目,10番,,,,,,,火金,,,,,,,,,,,,,,,,月,,,,,,,,,,,,,,,,木,,,,,,,,,,,,,,,,月,,,,,,,,,,,,
西成区,橘,3丁目,11番,軽四輪車(小さい車)で収集している地域,,,,,,火金,,,,,,,,,,,,,,,,,,,,,,,,,,月,,,,,,,,,,,,,,木,,,,,,,,月,,,,,,,,,,,,
西成区,橘,3丁目,11番,上記以外,,,,,,,,,,,,,,火金,,,,,,,,月,,,,,,,,,,,,,,,,木,,,,,,,,,,,,,,,,,,,,月,,,,,,,,
西成区,橘,3丁目,12番,,,,,,,火金,,,,,,,,,,,,,,,,月,,,,,,,,,,,,,,,,木,,,,,,,,,,,,,,,,月,,,,,,,,,,,,
西成区,橘,3丁目,13番,軽四輪車(小さい車)で収集している地域,,,,,,火金,,,,,,,,,,,,,,,,,,,,,,,,,,月,,,,,,,,,,,,,,木,,,,,,,,月,,,,,,,,,,,,
西成区,橘,3丁目,13番,上記以外,,,,,,水土,,,,,,,,,,,,,,,,月,,,,,,,,,,,,,,,,木,,,,,,,,,,,,,,,,,,,,月,,,,,,,,
西成区,橘,3丁目,14番,軽四輪車(小さい車)で収集している地域,,,,,,,火金,,,,,,,,,,,,,,,,,,,,,,,,,月,,,,,,,,,,,,,,木,,,,,,,,月,,,,,,,,,,,,
西成区,橘,3丁目,14番,上記以外,,,,,,,,,,,,,,,,,水土,,,,,月,,,,,,,,,,,,,,,,木,,,,,,,,,,,,,,,,,,,,月,,,,,,,,
西成区,橘,3丁目,15番,軽四輪車(小さい車)で収集している地域,,,,,,,,火金,,,,,,,,,,,,,,,,,,,,,,,,月,,,,,,,,,,,,,,木,,,,,,,,月,,,,,,,,,,,,
西成区,橘,3丁目,15番,上記以外,,,,,,,,,,,,,,火金,,,,,,,,月,,,,,,,,,,,,,,,,木,,,,,,,,,,,,,,,,,,,,月,,,,,,,,
西成区,橘,3丁目,16番,,,,,,,,,火金,,,,,,,,,,,,,,,,,,,,,,,,月,,,,,,,,,,,,,,木,,,,,,,,月,,,,,,,,,,,,
西成区,橘,3丁目,17番,軽四輪車(小さい車)で収集している地域,,,,,,火金,,,,,,,,,,,,,,,,,,,,,,,,,,月,,,,,,,,,,,,,,木,,,,,,,,月,,,,,,,,,,,,
西成区,橘,3丁目,17番,上記以外,,,,,,,火金,,,,,,,,,,,,,,,月,,,,,,,,,,,,,,,,木,,,,,,,,,,,,,,,,,,,,月,,,,,,,,
西成区,橘,3丁目,18番,軽四輪車(小さい車)で収集している地域,,,,,,火金,,,,,,,,,,,,,,,,,,,,,,,,,,月,,,,,,,,,,,,,,木,,,,,,,,月,,,,,,,,,,,,
西成区,橘,3丁目,18番,上記以外,,,,,,,,,,,,,,火金,,,,,,,,月,,,,,,,,,,,,,,,,木,,,,,,,,,,,,,,,,,,,,月,,,,,,,,
西成区,橘,3丁目,20番,軽四輪車(小さい車)で収集している地域,,,,,,,火金,,,,,,,,,,,,,,,,,,,,,,,,,月,,,,,,,,,,,,,,木,,,,,,,,,,,,月,,,,,,,,
西成区,橘,3丁目,20番,上記以外,,,,,,,,,,,,,,,,,水土,,,,,月,,,,,,,,,,,,,,,,木,,,,,,,,,,,,,,,,,,,,月,,,,,,,,
西成区,玉出中,1丁目,1番,軽四輪車(小さい車)で収集している地域,,,,,,,水土,,,,,,,,,,,,,,,火,,,,,,,,,,,,,,,,金,,,,,,,,,,,,,,,,月,,,,,,,,,,,,
西成区,玉出中,1丁目,1番,上記以外,,,,,,,,,,,,,,,,,,水土,,,,火,,,,,,,,,,,,,,,,金,,,,,,,,,,,,,,,,月,,,,,,,,,,,,
西成区,玉出中,1丁目,2番,軽四輪車(小さい車)で収集している地域,,,,,,,,,,,,,,,,,,水土,,,,,,,,,,,,,,火,,,,,,,,,,,,,,,金,,,,,,,月,,,,,,,,,,,,
西成区,玉出中,1丁目,2番,上記以外,,,,,,,,,,,,,,,,,,水土,,,,火,,,,,,,,,,,,,,,,金,,,,,,,,,,,,,,,,,,,,月,,,,,,,,
西成区,玉出中,1丁目,3番,軽四輪車(小さい車)で収集している地域,,,,,,,,水土,,,,,,,,,,,,,,,,,,,,,,,,火,,,,,,,,,,,,,,,金,,,,,,,月,,,,,,,,,,,,
西成区,玉出中,1丁目,3番,上記以外,,,,,,,,,,,,,,,,,,水土,,,,火,,,,,,,,,,,,,,,,金,,,,,,,,,,,,,,,,月,,,,,,,,,,,,
西成区,玉出中,1丁目,4番,軽四輪車(小さい車)で収集している地域,,,,,,,,水土,,,,,,,,,,,,,,,,,,,,,,,,火,,,,,,,,,,,,,,,金,,,,,,,,,月,,,,,,,,,,
西成区,玉出中,1丁目,4番,国道26号線沿い,,,,,,水土,,,,,,,,,,,,,,,,火,,,,,,,,,,,,,,,,金,,,,,,,,,,,,,,,,月,,,,,,,,,,,,
西成区,玉出中,1丁目,4番,上記以外,,,,,,,,,,,,,,,,,,水土,,,,火,,,,,,,,,,,,,,,,金,,,,,,,,,,,,,,,,月,,,,,,,,,,,,
西成区,玉出中,1丁目,5番,軽四輪車(小さい車)で収集している地域,,,,,,,,水土,,,,,,,,,,,,,,火,,,,,,,,,,,,,,,,金,,,,,,,,,,,,,,,,月,,,,,,,,,,,,
西成区,玉出中,1丁目,5番,国道26号線沿い,,,,,,水土,,,,,,,,,,,,,,,,火,,,,,,,,,,,,,,,,金,,,,,,,,,,,,,,,,月,,,,,,,,,,,,
西成区,玉出中,1丁目,5番,上記以外,,,,,,,,,,,,,,,,,,水土,,,,火,,,,,,,,,,,,,,,,金,,,,,,,,,,,,,,,,月,,,,,,,,,,,,
西成区,玉出中,1丁目,6番,軽四輪車(小さい車)で収集している地域,,,,,,,,水土,,,,,,,,,,,,,,,,,,,,,,,,火,,,,,,,,,,,,,,,金,,,,,,,,,月,,,,,,,,,,
西成区,玉出中,1丁目,6番,上記以外,,,,,,,,,,,,,,,,,,水土,,,,火,,,,,,,,,,,,,,,,金,,,,,,,,,,,,,,,,月,,,,,,,,,,,,
西成区,玉出中,1丁目,7番,,,,,,,,,,,,,,,,,,,水土,,,,火,,,,,,,,,,,,,,,,金,,,,,,,,,,,,,,,,月,,,,,,,,,,,,
西成区,玉出中,1丁目,8番,,,,,,,,,,,,,,,,,,水土,,,,,火,,,,,,,,,,,,,,,,金,,,,,,,,,,,,,,,,月,,,,,,,,,,,,
西成区,玉出中,1丁目,9番,,,,,,,,,,,,,,,,,,水土,,,,,火,,,,,,,,,,,,,,,,金,,,,,,,,,,,,,,,,月,,,,,,,,,,,,
西成区,玉出中,1丁目,10番,軽四輪車(小さい車)で収集している地域,,,,,,,,水土,,,,,,,,,,,,,,火,,,,,,,,,,,,,,,,金,,,,,,,,,,,,,,,,月,,,,,,,,,,,,
西成区,玉出中,1丁目,10番,上記以外,,,,,,,,,,,,,,,,,,水土,,,,火,,,,,,,,,,,,,,,,金,,,,,,,,,,,,,,,,月,,,,,,,,,,,,
西成区,玉出中,1丁目,11番,,,,,,,水土,,,,,,,,,,,,,,,,火,,,,,,,,,,,,,,,,金,,,,,,,,,,,,,,,,月,,,,,,,,,,,,
西成区,玉出中,1丁目,12番,,,,,,,水土,,,,,,,,,,,,,,,,火,,,,,,,,,,,,,,,,金,,,,,,,,,,,,,,,,月,,,,,,,,,,,,
西成区,玉出中,1丁目,13番,,,,,,,水土,,,,,,,,,,,,,,,,火,,,,,,,,,,,,,,,,金,,,,,,,,,,,,,,,,月,,,,,,,,,,,,
西成区,玉出中,1丁目,14番,軽四輪車(小さい車)で収集している地域,,,,,,,,水土,,,,,,,,,,,,,,火,,,,,,,,,,,,,,,,金,,,,,,,,,,,,,,,,月,,,,,,,,,,,,
西成区,玉出中,1丁目,14番,上記以外,,,,,,,,,,,,,,,,,水土,,,,,火,,,,,,,,,,,,,,,,金,,,,,,,,,,,,,,,,月,,,,,,,,,,,,
西成区,玉出中,1丁目,15番,,,,,,,水土,,,,,,,,,,,,,,,,火,,,,,,,,,,,,,,,,金,,,,,,,,,,,,,,,,月,,,,,,,,,,,,
西成区,玉出中,1丁目,16番,4号リバーガーデン岸里玉出,,,,,,,,,,水土,,,,,,,,,,,,火,,,,,,,,,,,,,,,,金,,,,,,,,,,,,,,,,月,,,,,,,,,,,,
西成区,玉出中,1丁目,16番,軽四輪車(小さい車)で収集している地域,,,,,,,,水土,,,,,,,,,,,,,,火,,,,,,,,,,,,,,,,金,,,,,,,,,,,,,,,,月,,,,,,,,,,,,
西成区,玉出中,1丁目,16番,上記以外,,,,,,水土,,,,,,,,,,,,,,,,火,,,,,,,,,,,,,,,,金,,,,,,,,,,,,,,,,月,,,,,,,,,,,,
西成区,玉出中,2丁目,1番,軽四輪車(小さい車)で収集している地域,,,,,,,,,水土,,,,,,,,,,,,,火,,,,,,,,,,,,,,,,金,,,,,,,,,,,,,,,,月,,,,,,,,,,,,
西成区,玉出中,2丁目,1番,上記以外,,,,,,水土,,,,,,,,,,,,,,,,火,,,,,,,,,,,,,,,,金,,,,,,,,,,,,,,,,月,,,,,,,,,,,,
西成区,玉出中,2丁目,2番,,,,,,,,,,,,,,,,,,水土,,,,,火,,,,,,,,,,,,,,,,金,,,,,,,,,,,,,,,,月,,,,,,,,,,,,
西成区,玉出中,2丁目,3番,軽四輪車(小さい車)で収集している地域,,,,,,,,水土,,,,,,,,,,,,,,火,,,,,,,,,,,,,,,,金,,,,,,,,,,,,,,,,月,,,,,,,,,,,,
西成区,玉出中,2丁目,3番,上記以外,,,,,,,,,,,,,,,,,水土,,,,,火,,,,,,,,,,,,,,,,金,,,,,,,,,,,,,,,,月,,,,,,,,,,,,
西成区,玉出中,2丁目,4番,軽四輪車(小さい車)で収集している地域,,,,,,,,水土,,,,,,,,,,,,,,,,,,,,,,,,火,,,,,,,,,,,,,,,金,,,,,,,月,,,,,,,,,,,,
西成区,玉出中,2丁目,4番,上記以外,,,,,,水土,,,,,,,,,,,,,,,,火,,,,,,,,,,,,,,,,金,,,,,,,,,,,,,,,,月,,,,,,,,,,,,
西成区,玉出中,2丁目,5番,軽四輪車(小さい車)で収集している地域,,,,,,,,水土,,,,,,,,,,,,,,火,,,,,,,,,,,,,,,,金,,,,,,,,,,,,,,,,月,,,,,,,,,,,,
西成区,玉出中,2丁目,5番,上記以外,,,,,,水土,,,,,,,,,,,,,,,,火,,,,,,,,,,,,,,,,金,,,,,,,,,,,,,,,,月,,,,,,,,,,,,
西成区,玉出中,2丁目,6番,軽四輪車(小さい車)で収集している地域,,,,,,,,水土,,,,,,,,,,,,,,火,,,,,,,,,,,,,,,,金,,,,,,,,,,,,,,,,月,,,,,,,,,,,,
西成区,玉出中,2丁目,6番,上記以外,,,,,,水土,,,,,,,,,,,,,,,,火,,,,,,,,,,,,,,,,金,,,,,,,,,,,,,,,,月,,,,,,,,,,,,
西成区,玉出中,2丁目,7番,軽四輪車(小さい車)で収集している地域,,,,,,,,水土,,,,,,,,,,,,,,火,,,,,,,,,,,,,,,,金,,,,,,,,,,,,,,,,月,,,,,,,,,,,,
西成区,玉出中,2丁目,7番,上記以外,,,,,,水土,,,,,,,,,,,,,,,,火,,,,,,,,,,,,,,,,金,,,,,,,,,,,,,,,,月,,,,,,,,,,,,
西成区,玉出中,2丁目,8番,軽四輪車(小さい車)で収集している地域,,,,,,,,水土,,,,,,,,,,,,,,火,,,,,,,,,,,,,,,,金,,,,,,,,,,,,,,,,月,,,,,,,,,,,,
西成区,玉出中,2丁目,8番,上記以外,,,,,,,水土,,,,,,,,,,,,,,,火,,,,,,,,,,,,,,,,金,,,,,,,,,,,,,,,,月,,,,,,,,,,,,
西成区,玉出中,2丁目,9番,軽四輪車(小さい車)で収集している地域,,,,,,,,水土,,,,,,,,,,,,,,,,,,,,,,,,火,,,,,,,,,,,,,,,金,,,,,,,月,,,,,,,,,,,,
西成区,玉出中,2丁目,9番,上記以外,,,,,,,,,,,,,,,,,水土,,,,,火,,,,,,,,,,,,,,,,金,,,,,,,,,,,,,,,,月,,,,,,,,,,,,
西成区,玉出中,2丁目,10番,軽四輪車(小さい車)で収集している地域,,,,,,,,,水土,,,,,,,,,,,,,火,,,,,,,,,,,,,,,,金,,,,,,,,,,,,,,,,月,,,,,,,,,,,,
西成区,玉出中,2丁目,10番,上記以外,,,,,,水土,,,,,,,,,,,,,,,,火,,,,,,,,,,,,,,,,金,,,,,,,,,,,,,,,,月,,,,,,,,,,,,
西成区,玉出中,2丁目,11番,,,,,,,,,,,,,,,,,,水土,,,,,火,,,,,,,,,,,,,,,,金,,,,,,,,,,,,,,,,月,,,,,,,,,,,,
西成区,玉出中,2丁目,12番,,,,,,,,,,,,,,,,,,水土,,,,,火,,,,,,,,,,,,,,,,金,,,,,,,,,,,,,,,,月,,,,,,,,,,,,
西成区,玉出中,2丁目,13番,軽四輪車(小さい車)で収集している地域,,,,,,,,水土,,,,,,,,,,,,,,火,,,,,,,,,,,,,,,,金,,,,,,,,,,,,,,,,月,,,,,,,,,,,,
西成区,玉出中,2丁目,13番,上記以外,,,,,,水土,,,,,,,,,,,,,,,,火,,,,,,,,,,,,,,,,金,,,,,,,,,,,,,,,,月,,,,,,,,,,,,
西成区,玉出中,2丁目,14番,,,,,,,水土,,,,,,,,,,,,,,,,火,,,,,,,,,,,,,,,,金,,,,,,,,,,,,,,,,月,,,,,,,,,,,,
西成区,玉出中,2丁目,15番,,,,,,,水土,,,,,,,,,,,,,,,,火,,,,,,,,,,,,,,,,金,,,,,,,,,,,,,,,,月,,,,,,,,,,,,
西成区,玉出中,2丁目,16番,,,,,,,水土,,,,,,,,,,,,,,,,火,,,,,,,,,,,,,,,,金,,,,,,,,,,,,,,,,月,,,,,,,,,,,,
西成区,玉出西,1丁目,1番,,,,,,,,,,,,,,,水土,,,,,,,,火,,,,,,,,,,,,,,,,金,,,,,,,,,,,,,,,,火,,,,,,,,,,,,
西成区,玉出西,1丁目,2番,,,,,,,,,,,,,,,,水土,,,,,,,火,,,,,,,,,,,,,,,,金,,,,,,,,,,,,,,,,火,,,,,,,,,,,,
西成区,玉出西,1丁目,3番,,,,,,,,,,,,,,,,水土,,,,,,,火,,,,,,,,,,,,,,,,金,,,,,,,,,,,,,,,,火,,,,,,,,,,,,
西成区,玉出西,1丁目,4番,,,,,,,,,,,,,,,水土,,,,,,,,火,,,,,,,,,,,,,,,,金,,,,,,,,,,,,,,,,火,,,,,,,,,,,,
西成区,玉出西,1丁目,5番,,,,,,,,,,,,,,,水土,,,,,,,,,火,,,,,,,,,,,,,,,,,金,,,,,,,,,,,,,,火,,,,,,,,,,,,
西成区,玉出西,1丁目,6番,,,,,,,,,,,,,,,,水土,,,,,,,,火,,,,,,,,,,,,,,,,,金,,,,,,,,,,,,,,火,,,,,,,,,,,,
西成区,玉出西,1丁目,7番,,,,,,,,,,,,,,,,水土,,,,,,,,火,,,,,,,,,,,,,,,,,金,,,,,,,,,,,,,,火,,,,,,,,,,,,
西成区,玉出西,1丁目,8番,,,,,,,,,,,,,,,,水土,,,,,,,,火,,,,,,,,,,,,,,,,,金,,,,,,,,,,,,,,火,,,,,,,,,,,,
西成区,玉出西,1丁目,10番,,,,,,,,,,,,,,,水土,,,,,,,,,火,,,,,,,,,,,,,,,,,金,,,,,,,,,,,,,,火,,,,,,,,,,,,
西成区,玉出西,1丁目,11番,,,,,,,,,,,,,,,,水土,,,,,,,,火,,,,,,,,,,,,,,,,,金,,,,,,,,,,,,,,,,,,,,,,,,,,
西成区,玉出西,1丁目,12番,,,,,,,,,,,,,,,,水土,,,,,,,,火,,,,,,,,,,,,,,,,,金,,,,,,,,,,,,,,,,,,,,,,,,,,
西成区,玉出西,1丁目,13番,,,,,,,,,,,水土,,,,,,,,,,,,,火,,,,,,,,,,,,,,,,,金,,,,,,,,,,,,,,,,,,,,,,,,,,
西成区,玉出西,1丁目,14番,,,,,,,,,,,水土,,,,,,,,,,,,,火,,,,,,,,,,,,,,,,,金,,,,,,,,,,,,,,,,,,,,,,,,,,
西成区,玉出西,1丁目,16番,,,,,,,,,,,水土,,,,,,,,,,,,,火,,,,,,,,,,,,,,,,,金,,,,,,,,,,,,,,,,,,火,,,,,,,,
西成区,玉出西,1丁目,17番,,,,,,,,水土,,,,,,,,,,,,,,,,火,,,,,,,,,,,,,,,,,金,,,,,,,,,,,,,,,,,,火,,,,,,,,
西成区,玉出西,1丁目,18番,,,,,,,,水土,,,,,,,,,,,,,,,,火,,,,,,,,,,,,,,,,,金,,,,,,,,,,,,,,,,,,,,,,,,,,
西成区,玉出西,1丁目,19番,,,,,,,,水土,,,,,,,,,,,,,,,,火,,,,,,,,,,,,,,,,,金,,,,,,,,,,,,,,,,,,,,,,,,,,
西成区,玉出西,1丁目,20番,,,,,,,,水土,,,,,,,,,,,,,,,,火,,,,,,,,,,,,,,,,,金,,,,,,,,,,,,,,,,,,,,,,,,,,
西成区,玉出西,2丁目,1番,,,,,,,,,,,,,,,,,,,月木,,,,,,水,,,,,,,,,,,,,,,,土,,,,,,,,,,,,,,,,,,水,,,,,,,,
西成区,玉出西,2丁目,2番,,,,,,,,,,,,,,,,,,,月木,,,,,,水,,,,,,,,,,,,,,,,土,,,,,,,,,,,,,,,,,水,,,,,,,,,
西成区,玉出西,2丁目,3番,,,,,,,,,,,,,,,,,,月木,,,,,,,水,,,,,,,,,,,,,,,,土,,,,,,,,,,,,,,,,,水,,,,,,,,,
西成区,玉出西,2丁目,4番,軽四輪車(小さい車)で収集している地域,,,,,,,,,,,,,,,,,,月木,,,,,,,,,,,,水,,,,,,,,,,,,,,,,土,,,,,,,,,,,水,,,,,,,,,
西成区,玉出西,2丁目,4番,上記以外,,,,,,,,,,,,,,,,,,月木,,,,,,水,,,,,,,,,,,,,,,,土,,,,,,,,,,,,,,,,,水,,,,,,,,,
西成区,玉出西,2丁目,5番,,,,,,,,,,,,,,,,,,月木,,,,,,,水,,,,,,,,,,,,,,,,土,,,,,,,,,,,,,,,,,,水,,,,,,,,
西成区,玉出西,2丁目,6番,,,,,,,,,,,,,,,,,,月木,,,,,,,水,,,,,,,,,,,,,,,,土,,,,,,,,,,,,,,,,,水,,,,,,,,,
西成区,玉出西,2丁目,7番,,,,,,,,,,,,,,,,月木,,,,,,,,,水,,,,,,,,,,,,,,,,土,,,,,,,,,,,,,,,,,水,,,,,,,,,
西成区,玉出西,2丁目,8番,,,,,,,,,,,,,,,,,,,月木,,,,,,水,,,,,,,,,,,,,,,,土,,,,,,,,,,,,,,,,,水,,,,,,,,,
西成区,玉出西,2丁目,9番,,,,,,,,,,,,,,,,,月木,,,,,,,,水,,,,,,,,,,,,,,,,土,,,,,,,,,,,,,,,,,水,,,,,,,,,
西成区,玉出西,2丁目,10番,,,,,,,,,,,,,,,,,,月木,,,,,,,水,,,,,,,,,,,,,,,,土,,,,,,,,,,,,,,,,,水,,,,,,,,,
西成区,玉出西,2丁目,11番,,,,,,,,,,,,,,,,,,,月木,,,,,,水,,,,,,,,,,,,,,,,土,,,,,,,,,,,,,,,,,,,水,,,,,,,
西成区,玉出西,2丁目,12番,,,,,,,,,,,,,,,,,,,月木,,,,,,水,,,,,,,,,,,,,,,,土,,,,,,,,,,,,,,,,,,,水,,,,,,,
西成区,玉出西,2丁目,13番,,,,,,,,,,,,,,,,,,,月木,,,,,,水,,,,,,,,,,,,,,,,土,,,,,,,,,,,,,,,,,,,水,,,,,,,
西成区,玉出西,2丁目,14番,,,,,,,,,,,,,,,,,,,月木,,,,,,水,,,,,,,,,,,,,,,,土,,,,,,,,,,,,,,,,,,,水,,,,,,,
西成区,玉出西,2丁目,15番,,,,,,,,,,,,,,,,,,,月木,,,,,,水,,,,,,,,,,,,,,,,土,,,,,,,,,,,,,,,,,,,水,,,,,,,
西成区,玉出西,2丁目,16番,,,,,,,,,,,,,,,,,,,月木,,,,,,水,,,,,,,,,,,,,,,,土,,,,,,,,,,,,,,,,,,,水,,,,,,,
西成区,玉出西,2丁目,17番,,,,,,,,,,,,,,,,,,,月木,,,,,,水,,,,,,,,,,,,,,,,土,,,,,,,,,,,,,,,,,,,水,,,,,,,
西成区,玉出西,2丁目,18番,,,,,,,,,,,,,,,,,,,月木,,,,,,水,,,,,,,,,,,,,,,,土,,,,,,,,,,,,,,,,,,,水,,,,,,,
西成区,玉出西,2丁目,19番,,,,,,,,,,,,,,,,,,,月木,,,,,,水,,,,,,,,,,,,,,,,土,,,,,,,,,,,,,,,,,,,水,,,,,,,
西成区,玉出西,2丁目,20番,,,,,,,,月木,,,,,,,,,,,,,,,,,水,,,,,,,,,,,,,,,,土,,,,,,,,,,,,,,,,,,水,,,,,,,,
西成区,玉出東,1丁目,1番,,,,,,,水土,,,,,,,,,,,,,,,,,,,,,,,,,火,,,,,,,,,,,,,,,,,,金,,,,,金,,,,,,,,,,,,
西成区,玉出東,1丁目,2番,,,,,,,,,水土,,,,,,,,,,,,,,火,,,,,,,,,,,,,,,,金,,,,,,,,,,,,,,,,金,,,,,,,,,,,,
西成区,玉出東,1丁目,3番,軽四輪車(小さい車)で収集している地域,,,,,,,,水土,,,,,,,,,,,,,,,,,,,,,,,火,,,,,,,,,,,,,,,,,,金,,,,,金,,,,,,,,,,,,
西成区,玉出東,1丁目,3番,上記以外,,,,,,,,,水土,,,,,,,,,,,,,,火,,,,,,,,,,,,,,,,,金,,,,,,,,,,,,,,,,金,,,,,,,,,,
西成区,玉出東,1丁目,4番,軽四輪車(小さい車)で収集している地域,,,,,,,,水土,,,,,,,,,,,,,,,,,,,,,,,火,,,,,,,,,,,,,,,,,,金,,,,,金,,,,,,,,,,,,
西成区,玉出東,1丁目,4番,上記以外,,,,,,,,,水土,,,,,,,,,,,,,,火,,,,,,,,,,,,,,,,,金,,,,,,,,,,,,,,,,金,,,,,,,,,,
西成区,玉出東,1丁目,5番,軽四輪車(小さい車)で収集している地域,,,,,,,水土,,,,,,,,,,,,,,火,,,,,,,,,,,,,,,,金,,,,,,,,,,,,,,,,,,,金,,,,,,,,,,
西成区,玉出東,1丁目,5番,上記以外,,,,,,,水土,,,,,,,,,,,,,,,,火,,,,,,,,,,,,,,,,,金,,,,,,,,,,,,,,,,金,,,,,,,,,,
西成区,玉出東,1丁目,6番,軽四輪車(小さい車)で収集している地域,,,,,,,水土,,,,,,,,,,,,,,火,,,,,,,,,,,,,,,,金,,,,,,,,,,,,,,,,,金,,,,,,,,,,,,
西成区,玉出東,1丁目,6番,上記以外,,,,,,,水土,,,,,,,,,,,,,,,,火,,,,,,,,,,,,,,,,金,,,,,,,,,,,,,,,,,金,,,,,,,,,,
西成区,玉出東,1丁目,7番,,,,,,,水土,,,,,,,,,,,,,,,,,火,,,,,,,,,,,,,,,金,,,,,,,,,,,,,,,,,,金,,,,,,,,,,
西成区,玉出東,1丁目,8番,軽四輪車(小さい車)で収集している地域,,,,,,,,水土,,,,,,,,,,,,,火,,,,,,,,,,,,,,,,金,,,,,,,,,,,,,,,,,金,,,,,,,,,,,,
西成区,玉出東,1丁目,8番,上記以外,,,,,,水土,,,,,,,,,,,,,,,,火,,,,,,,,,,,,,,,,金,,,,,,,,,,,,,,,,,,金,,,,,,,,,,
西成区,玉出東,1丁目,9番,軽四輪車(小さい車)で収集している地域,,,,,,,,,水土,,,,,,,,,,,,火,,,,,,,,,,,,,,,,金,,,,,,,,,,,,,,,,,金,,,,,,,,,,,,
西成区,玉出東,1丁目,9番,上記以外,,,,,,水土,,,,,,,,,,,,,,,,火,,,,,,,,,,,,,,,,金,,,,,,,,,,,,,,,,,,金,,,,,,,,,,
西成区,玉出東,1丁目,10番,軽四輪車(小さい車)で収集している地域,,,,,,,,水土,,,,,,,,,,,,,,,,,,,,,,,火,,,,,,,,,,,,,,,,,,金,,,,,金,,,,,,,,,,,,
西成区,玉出東,1丁目,10番,上記以外,,,,,,水土,,,,,,,,,,,,,,,,火,,,,,,,,,,,,,,,,金,,,,,,,,,,,,,,,,,,金,,,,,,,,,,
西成区,玉出東,1丁目,11番,軽四輪車(小さい車)で収集している地域,,,,,,,水土,,,,,,,,,,,,,,,火,,,,,,,,,,,,,,,,金,,,,,,,,,,,,,,,,金,,,,,,,,,,,,
西成区,玉出東,1丁目,11番,上記以外,,,,,,,水土,,,,,,,,,,,,,,,火,,,,,,,,,,,,,,,,金,,,,,,,,,,,,,,,,,,金,,,,,,,,,,
西成区,玉出東,1丁目,12番,,,,,,,,水土,,,,,,,,,,,,,,,火,,,,,,,,,,,,,,,,金,,,,,,,,,,,,,,,,,,金,,,,,,,,,,
西成区,玉出東,1丁目,13番,,,,,,,水土,,,,,,,,,,,,,,,,火,,,,,,,,,,,,,,,,金,,,,,,,,,,,,,,,,金,,,,,,,,,,,,
西成区,玉出東,1丁目,14番,軽四輪車(小さい車)で収集している地域,,,,,,,,,,水土,,,,,,,,,,,,火,,,,,,,,,,,,,,,,金,,,,,,,,,,,,,,,,金,,,,,,,,,,,,
西成区,玉出東,1丁目,14番,上記以外,,,,,,,水土,,,,,,,,,,,,,,,,,火,,,,,,,,,,,,,,,,金,,,,,,,,,,,,,,,,金,,,,,,,,,,
西成区,玉出東,2丁目,1番,,,,,,,,水土,,,,,,,,,,,,,,,,,火,,,,,,,,,,,,,,,,金,,,,,,,,,,,,,,,,金,,,,,,,,,,
西成区,玉出東,2丁目,2番,,,,,,,,水土,,,,,,,,,,,,,,,,,火,,,,,,,,,,,,,,,,金,,,,,,,,,,,,,,,,,金,,,,,,,,,
西成区,玉出東,2丁目,3番,軽四輪車(小さい車)で収集している地域,,,,,,,,水土,,,,,,,,,,,,,,,,,,,,,,,,火,,,,,,,,,,,,,,,,金,,,,,,金,,,,,,,,,,,,
西成区,玉出東,2丁目,3番,上記以外,,,,,,,水土,,,,,,,,,,,,,,,火,,,,,,,,,,,,,,,,金,,,,,,,,,,,,,,,,,,,金,,,,,,,,,
西成区,玉出東,2丁目,4番,軽四輪車(小さい車)で収集している地域,,,,,,,,水土,,,,,,,,,,,,,,,,,,,,,,,,火,,,,,,,,,,,,,,,,金,,,,,,金,,,,,,,,,,,,
西成区,玉出東,2丁目,4番,上記以外,,,,,,,水土,,,,,,,,,,,,,,,火,,,,,,,,,,,,,,,,金,,,,,,,,,,,,,,,,,,,金,,,,,,,,,
西成区,玉出東,2丁目,5番,軽四輪車(小さい車)で収集している地域,,,,,,,水土,,,,,,,,,,,,,,,,,,,,,,,,,火,,,,,,,,,,,,,,,,金,,,,,,金,,,,,,,,,,,,
西成区,玉出東,2丁目,5番,上記以外,,,,,,,水土,,,,,,,,,,,,,,,火,,,,,,,,,,,,,,,,金,,,,,,,,,,,,,,,,,,,金,,,,,,,,,
西成区,玉出東,2丁目,6番,,,,,,,,水土,,,,,,,,,,,,,,,,,,,,,,,,,火,,,,,,,,,,,,,,,,金,,,,,,金,,,,,,,,,,,,
西成区,玉出東,2丁目,7番,,,,,,,,水土,,,,,,,,,,,,,,,,,,,,,,,,,火,,,,,,,,,,,,,,,,金,,,,,,金,,,,,,,,,,,,
西成区,玉出東,2丁目,8番,,,,,,,,水土,,,,,,,,,,,,,,,,,,,,,,,,,火,,,,,,,,,,,,,,,,金,,,,,,金,,,,,,,,,,,,
西成区,玉出東,2丁目,9番,,,,,,,,水土,,,,,,,,,,,,,,,,火,,,,,,,,,,,,,,,,,金,,,,,,,,,,,,,,,,,金,,,,,,,,,
西成区,玉出東,2丁目,10番,軽四輪車(小さい車)で収集している地域,,,,,,,,水土,,,,,,,,,,,,,,,,,,,,,,,,火,,,,,,,,,,,,,,,,金,,,,,,金,,,,,,,,,,,,
西成区,玉出東,2丁目,10番,上記以外,,,,,,,,水土,,,,,,,,,,,,,,,火,,,,,,,,,,,,,,,,,金,,,,,,,,,,,,,,金,,,,,,,,,,,,
西成区,玉出東,2丁目,11番,軽四輪車(小さい車)で収集している地域,,,,,,,,水土,,,,,,,,,,,,,,,,,,,,,,,,火,,,,,,,,,,,,,,,,金,,,,,,金,,,,,,,,,,,,
西成区,玉出東,2丁目,11番,上記以外,,,,,,,水土,,,,,,,,,,,,,,,,火,,,,,,,,,,,,,,,,,金,,,,,,,,,,,,,,,,,金,,,,,,,,,
西成区,玉出東,2丁目,12番,軽四輪車(小さい車)で収集している地域,,,,,,,,水土,,,,,,,,,,,,,,,,,,,,,,,,火,,,,,,,,,,,,,,,,金,,,,,,,,金,,,,,,,,,,
西成区,玉出東,2丁目,12番,上記以外,,,,,,,,,水土,,,,,,,,,,,,,,火,,,,,,,,,,,,,,,,,金,,,,,,,,,,,,,,,,,金,,,,,,,,,
西成区,玉出東,2丁目,13番,,,,,,,,,水土,,,,,,,,,,,,,,,火,,,,,,,,,,,,,,,,,金,,,,,,,,,,,,,,金,,,,,,,,,,,,
西成区,玉出東,2丁目,14番,,,,,,,,水土,,,,,,,,,,,,,,,,火,,,,,,,,,,,,,,,,,金,,,,,,,,,,,,,,金,,,,,,,,,,,,
西成区,玉出東,2丁目,15番,,,,,,,,,,水土,,,,,,,,,,,,,,火,,,,,,,,,,,,,,,,,金,,,,,,,,,,,,,,金,,,,,,,,,,,,
西成区,津守,1丁目,1番,軽四輪車(小さい車)で収集している地域,,,,,,,火金,,,,,,,,,,,,,,,,,,,,,,,月,,,,,,,,,,,,,,,,木,,,,,,,,,,,,水,,,,,,,,
西成区,津守,1丁目,1番,上記以外,,,,,,,火金,,,,,,,,,,,,,,,月,,,,,,,,,,,,,,,,,,木,,,,,,,,,,,,,,,,,,水,,,,,,,,
西成区,津守,1丁目,2番,軽四輪車(小さい車)で収集している地域,,,,,,,,,,,,,,火金,,,,,,,,,,,,,,,,月,,,,,,,,,,,,,,,,木,,,,,,,,,,,,水,,,,,,,,
西成区,津守,1丁目,2番,上記以外,,,,,,,火金,,,,,,,,,,,,,,,月,,,,,,,,,,,,,,,,,,木,,,,,,,,,,,,,,,,,水,,,,,,,,,
西成区,津守,1丁目,3番,軽四輪車(小さい車)で収集している地域,,,,,,,,,,,,,,火金,,,,,,,,,,,,,,,,月,,,,,,,,,,,,,,,,木,,,,,,,,,,,水,,,,,,,,,
西成区,津守,1丁目,3番,上記以外,,,,,,,火金,,,,,,,,,,,,,,,月,,,,,,,,,,,,,,,,,,木,,,,,,,,,,,,,,,,,水,,,,,,,,,
西成区,津守,1丁目,4番,,,,,,,,,,,,,,,火金,,,,,,,,,,,,,,,,月,,,,,,,,,,,,,,,,木,,,,,,,,,,,,水,,,,,,,,
西成区,津守,1丁目,5番,,,,,,,,,,,,,,,火金,,,,,,,,,,,,,,,,月,,,,,,,,,,,,,,,,木,,,,,,,,,,,,水,,,,,,,,
西成区,津守,1丁目,6番,軽四輪車(小さい車)で収集している地域,,,,,,,,,,,,,,火金,,,,,,,,,,,,,,,,月,,,,,,,,,,,,,,,,木,,,,,,,,,,,水,,,,,,,,,
西成区,津守,1丁目,6番,上記以外,,,,,,火金,,,,,,,,,,,,,,,,月,,,,,,,,,,,,,,,,,,木,,,,,,,,,,,,,,,,,水,,,,,,,,,
西成区,津守,1丁目,7番,,,,,,,月木,,,,,,,,,,,,,,,,水,,,,,,,,,,,,,,,,土,,,,,,,,,,,,,,,,,,,,,,,,,,水,,
西成区,津守,1丁目,8番,軽四輪車(小さい車)で収集している地域,,,,,,,,,,,,,,,火金,,,,,,,,,,,,,,,月,,,,,,,,,,,,,,,,木,,,,,,,,,,,,,,,,,,水,,
西成区,津守,1丁目,8番,上記以外,,,,,,,火金,,,,,,,,,,,,,,,,月,,,,,,,,,,,,,,,,,木,,,,,,,,,,,,,,,,,,,,,,,,水,,
西成区,津守,1丁目,9番,,,,,,,,火金,,,,,,,,,,,,,,,,,,,,,,,月,,,,,,,,,,,,,,,,木,,,,,,,,,,,,,,,,,,水,,
西成区,津守,1丁目,10番,,,,,,,,火金,,,,,,,,,,,,,,,,,,,,,,,月,,,,,,,,,,,,,,,,木,,,,,,土,,,,,,,,,,,,,,
西成区,津守,1丁目,11番,軽四輪車(小さい車)で収集している地域,,,,,,,,,,,,,,,火金,,,,,,,,月,,,,,,,,,,,,,,,,,木,,,,,,,,,,,,土,,,,,,,,,,,,,,
西成区,津守,1丁目,11番,上記以外,,,,,,,,,,,,火金,,,,,,,,,,,月,,,,,,,,,,,,,,,,,木,,,,,,,,,,,,土,,,,,,,,,,,,,,
西成区,津守,1丁目,12番,軽四輪車(小さい車)で収集している地域,,,,,,,,,,,,,,,火金,,,,,,,,月,,,,,,,,,,,,,,,,,木,,,,,,,,,,,,土,,,,,,,,,,,,,,
西成区,津守,1丁目,12番,上記以外,,,,,,,,,,,,火金,,,,,,,,,,,月,,,,,,,,,,,,,,,,,木,,,,,,,,,,,,土,,,,,,,,,,,,,,
西成区,津守,1丁目,13番,,,,,,,月木,,,,,,,,,,,,,,,,水,,,,,,,,,,,,,,,,,,土,,,,,,,,,,,,,,,,,,,,,,,,水,,
西成区,津守,1丁目,14番,,,,,,,月木,,,,,,,,,,,,,,,,水,,,,,,,,,,,,,,,,,,土,,,,,,,,,,,,,,,,水,,,,,,,,,,
西成区,津守,2丁目,1番,,,,,,,火金,,,,,,,,,,,,,,,,水,,,,,,,,,,,,,,,,,,土,,,,,,,,,,,,,,,,,,,,,,,,,水,
西成区,津守,2丁目,2番,軽四輪車(小さい車)で収集している地域,,,,,,,,,,,,,,,,,,月木,,,,水,,,,,,,,,,,,,,,,,,土,,,,,,,,,,,,,,,,,水,,,,,,,,,
西成区,津守,2丁目,2番,上記以外,,,,,,,,,,,,,,,,,,月木,,,,水,,,,,,,,,,,,,,,,,,土,,,,,,,,,,,,,,,,,,,,,,,水,,,
西成区,津守,2丁目,3番,軽四輪車(小さい車)で収集している地域,,,,,,,月木,,,,,,,,,,,,,,,水,,,,,,,,,,,,,,,,,,土,,,,,,,,,,,,,,,,,,,,,,,水,,,
西成区,津守,2丁目,3番,上記以外,,,,,,,,,,,,,,,,,,月木,,,,水,,,,,,,,,,,,,,,,,,土,,,,,,,,,,,,,,,,,,,,,,,水,,,
西成区,津守,2丁目,4番,,,,,,,,,,,,,,,,,,,月木,,,,水,,,,,,,,,,,,,,,,,,土,,,,,,,,,,,,,,,,,,,,,,,,,,水
西成区,津守,2丁目,5番,,,,,,,,,,,,,,,,,,,月木,,,,水,,,,,,,,,,,,,,,,,,土,,,,,,,,,,,,,,,,,水,,,,,,,,,
西成区,津守,2丁目,6番,,,,,,,,,,,,,,,,,,,月木,,,,水,,,,,,,,,,,,,,,,,,土,,,,,,,,,,,,,,,,,,,,,,,水,,,
西成区,津守,2丁目,7番,,,,,,,,,,,月木,,,,,,,,,,,,水,,,,,,,,,,,,,,,,,,土,,,,,,,,,,,,,,,,,,,,,,,,,水,
西成区,津守,2丁目,8番,,,,,,,,月木,,,,,,,,,,,,,,,水,,,,,,,,,,,,,,,,,,土,,,,,,,,,,,,,,,,,,,,,,,水,,,
西成区,津守,3丁目,1番,,,,,,,,,,,,,,,,,,,月木,,,,水,,,,,,,,,,,,,,,,,,土,,,,,,,,,,,,,,,,,,,,,,,水,,,
西成区,津守,3丁目,2番,,,,,,,,,,,,,,,,,,,月木,,,,水,,,,,,,,,,,,,,,,,,土,,,,,,,,,,,,,,,,,,,,,,,水,,,
西成区,津守,3丁目,3番,,,,,,,,,,,,,,,,,,,月木,,,,水,,,,,,,,,,,,,,,,,,土,,,,,,,,,,,,,,,,,,,,,,,水,,,
西成区,津守,3丁目,4番,,,,,,,,月木,,,,,,,,,,,,,,,水,,,,,,,,,,,,,,,,,,土,,,,,,,,,,,,,,,,,,,,,,,水,,,
西成区,津守,3丁目,5番,軽四輪車(小さい車)で収集している地域,,,,,,,,,,月木,,,,,,,,,,,,水,,,,,,,,,,,,,,,,,,土,,,,,,,,,,,,,,,,,,,,,,,,,水,
西成区,津守,3丁目,5番,上記以外,,,,,,,月木,,,,,,,,,,,,,,,水,,,,,,,,,,,,,,,,,,土,,,,,,,,,,,,,,,,,,,,,,,水,,,
西成区,津守,3丁目,6番,,,,,,,,月木,,,,,,,,,,,,,,,水,,,,,,,,,,,,,,,,,,土,,,,,,,,,,,,,,,,,,,,,,,水,,,
西成区,津守,3丁目,7番,,,,,,,,月木,,,,,,,,,,,,,,,水,,,,,,,,,,,,,,,,,,土,,,,,,,,,,,,,,,,,,,,,,,水,,,
西成区,鶴見橋,1丁目,1番,,,,,,,火金,,,,,,,,,,,,,,,,月,,,,,,,,,,,,,,,,木,,,,,,,,,,,,,,,,,,木,,,,,,,,,,
西成区,鶴見橋,1丁目,2番,,,,,,,,,火金,,,,,,,,,,,,,,月,,,,,,,,,,,,,,,,木,,,,,,,,,,,,,,,,,,,木,,,,,,,,,
西成区,鶴見橋,1丁目,3番,,,,,,,,,,火金,,,,,,,,,,,,,月,,,,,,,,,,,,,,,,木,,,,,,,,,,,,,,,,,,,木,,,,,,,,,
西成区,鶴見橋,1丁目,4番,,,,,,,,,,火金,,,,,,,,,,,,,月,,,,,,,,,,,,,,,,木,,,,,,,,,,,,,,,,,,木,,,,,,,,,,
西成区,鶴見橋,1丁目,5番,,,,,,,,,火金,,,,,,,,,,,,,,月,,,,,,,,,,,,,,,,木,,,,,,,,,,,,,,,,,,,,木,,,,,,,,
西成区,鶴見橋,1丁目,6番,,,,,,,,,火金,,,,,,,,,,,,,,月,,,,,,,,,,,,,,,,木,,,,,,,,,,,,,,,,,,,木,,,,,,,,,
西成区,鶴見橋,1丁目,7番,,,,,,,,火金,,,,,,,,,,,,,,,,月,,,,,,,,,,,,,,,,木,,,,,,,,,,,,,,,,,,木,,,,,,,,,
西成区,鶴見橋,1丁目,8番,,,,,,,,,火金,,,,,,,,,,,,,,,月,,,,,,,,,,,,,,,,木,,,,,,,,,,,,,,,,,,,木,,,,,,,,
西成区,鶴見橋,1丁目,9番,,,,,,,,,火金,,,,,,,,,,,,,,,月,,,,,,,,,,,,,,,,木,,,,,,,,,,,,,,,,,,,木,,,,,,,,
西成区,鶴見橋,1丁目,10番,,,,,,,,火金,,,,,,,,,,,,,,,,月,,,,,,,,,,,,,,,,木,,,,,,,,,,,,,,,,,,,,木,,,,,,,
西成区,鶴見橋,1丁目,11番,,,,,,,,火金,,,,,,,,,,,,,,,,月,,,,,,,,,,,,,,,,木,,,,,,,,,,,,,,,,,,,,木,,,,,,,
西成区,鶴見橋,1丁目,12番,,,,,,,火金,,,,,,,,,,,,,,,,,月,,,,,,,,,,,,,,,木,,,,,,,,,,,,,,,,,,木,,,,,,,,,,
西成区,鶴見橋,1丁目,13番,,,,,,,,火金,,,,,,,,,,,,,,,月,,,,,,,,,,,,,,,,木,,,,,,,,,,,,,,,,,,木,,,,,,,,,,
西成区,鶴見橋,1丁目,14番,,,,,,,,,火金,,,,,,,,,,,,,,月,,,,,,,,,,,,,,,,木,,,,,,,,,,,,,,,,,,,,木,,,,,,,,
西成区,鶴見橋,1丁目,15番,,,,,,,火金,,,,,,,,,,,,,,,,月,,,,,,,,,,,,,,,,木,,,,,,,,,,,,,,,,,,,,木,,,,,,,,
西成区,鶴見橋,1丁目,16番,,,,,,,火金,,,,,,,,,,,,,,,,月,,,,,,,,,,,,,,,,木,,,,,,,,,,,,,,,,,,,,,木,,,,,,,
西成区,鶴見橋,1丁目,17番,,,,,,,,火金,,,,,,,,,,,,,,,月,,,,,,,,,,,,,,,,木,,,,,,,,,,,,,,,,,,,,,木,,,,,,,
西成区,鶴見橋,2丁目,1番,,,,,,,,火金,,,,,,,,,,,,,,,,月,,,,,,,,,,,,,,,,,木,,,,,,,,,,,,,,,,,,,木,,,,,,,
西成区,鶴見橋,2丁目,2番,,,,,,,,火金,,,,,,,,,,,,,,,,月,,,,,,,,,,,,,,,,,木,,,,,,,,,,,,,,,,,,,木,,,,,,,
西成区,鶴見橋,2丁目,3番,軽四輪車(小さい車)で収集している地域,,,,,,,火金,,,,,,,,,,,,,,,,,,,,,,,,,月,,,,,,,,,,,,,,,木,,,,,,,,,,,,木,,,,,,,
西成区,鶴見橋,2丁目,3番,上記以外,,,,,,,火金,,,,,,,,,,,,,,,,月,,,,,,,,,,,,,,,,,木,,,,,,,,,,,,,,,,,,,木,,,,,,,
西成区,鶴見橋,2丁目,4番,軽四輪車(小さい車)で収集している地域,,,,,,,火金,,,,,,,,,,,,,,,,,,,,,,,,,月,,,,,,,,,,,,,,,木,,,,,,,,,,,,木,,,,,,,
西成区,鶴見橋,2丁目,4番,上記以外,,,,,,火金,,,,,,,,,,,,,,,,,月,,,,,,,,,,,,,,,,,木,,,,,,,,,,,,,,,,,,,木,,,,,,,
西成区,鶴見橋,2丁目,5番,軽四輪車(小さい車)で収集している地域,,,,,,火金,,,,,,,,,,,,,,,,,,,,,,,,,,月,,,,,,,,,,,,,,,木,,,,,,,木,,,,,,,,,,,,
西成区,鶴見橋,2丁目,5番,上記以外,,,,,,火金,,,,,,,,,,,,,,,,,月,,,,,,,,,,,,,,,,,木,,,,,,,,,,,,,,,,,,,木,,,,,,,
西成区,鶴見橋,2丁目,6番,軽四輪車(小さい車)で収集している地域,,,,,,火金,,,,,,,,,,,,,,,,,,,,,,,,,,月,,,,,,,,,,,,,,,木,,,,,,,木,,,,,,,,,,,,
西成区,鶴見橋,2丁目,6番,上記以外,,,,,,火金,,,,,,,,,,,,,,,,,月,,,,,,,,,,,,,,,,,木,,,,,,,,,,,,,,,,,,,木,,,,,,,
西成区,鶴見橋,2丁目,7番,軽四輪車(小さい車)で収集している地域,,,,,,火金,,,,,,,,,,,,,,,,,,,,,,,,,月,,,,,,,,,,,,,,,,木,,,,,,,木,,,,,,,,,,,,
西成区,鶴見橋,2丁目,7番,上記以外,,,,,,火金,,,,,,,,,,,,,,,,,月,,,,,,,,,,,,,,,,,木,,,,,,,,,,,,,,,,,,,木,,,,,,,
西成区,鶴見橋,2丁目,8番,軽四輪車(小さい車)で収集している地域,,,,,,火金,,,,,,,,,,,,,,,,,,,,,,,,,,月,,,,,,,,,,,,,,,木,,,,,,,木,,,,,,,,,,,,
西成区,鶴見橋,2丁目,8番,上記以外,,,,,,火金,,,,,,,,,,,,,,,,,月,,,,,,,,,,,,,,,,,木,,,,,,,,,,,,,,,,,,,木,,,,,,,
西成区,鶴見橋,2丁目,9番,,,,,,,火金,,,,,,,,,,,,,,,,,月,,,,,,,,,,,,,,,,,木,,,,,,,,,,,,,,,,,,木,,,,,,,,
西成区,鶴見橋,2丁目,10番,,,,,,,火金,,,,,,,,,,,,,,,,,月,,,,,,,,,,,,,,,,,木,,,,,,,,,,,,,,,,,,木,,,,,,,,
西成区,鶴見橋,2丁目,11番,軽四輪車(小さい車)で収集している地域,,,,,,,,,,,,,,,火金,,,,,,,月,,,,,,,,,,,,,,,,木,,,,,,,,,,,,,,,,,,,,木,,,,,,,,
西成区,鶴見橋,2丁目,11番,上記以外,,,,,,,,,火金,,,,,,,,,,,,,,月,,,,,,,,,,,,,,,,,木,,,,,,,,,,,,,,,,,,,木,,,,,,,
西成区,鶴見橋,2丁目,12番,軽四輪車(小さい車)で収集している地域,,,,,,,,,,,,,,,火金,,,,,,,月,,,,,,,,,,,,,,,,木,,,,,,,,,,,,,,,,,,,,,木,,,,,,,
西成区,鶴見橋,2丁目,12番,上記以外,,,,,,,火金,,,,,,,,,,,,,,,月,,,,,,,,,,,,,,,,,,木,,,,,,,,,,,,,,,,,,木,,,,,,,,
西成区,鶴見橋,3丁目,1番,軽四輪車(小さい車)で収集している地域,,,,,,,,,,,,,,,火金,,,,,,,月,,,,,,,,,,,,,,,,木,,,,,,,,,,,,,,,,木,,,,,,,,,,,,
西成区,鶴見橋,3丁目,1番,上記以外,,,,,,火金,,,,,,,,,,,,,,,,月,,,,,,,,,,,,,,,,木,,,,,,,,,,,,,,,,,,,木,,,,,,,,,
西成区,鶴見橋,3丁目,2番,,,,,,,火金,,,,,,,,,,,,,,,,月,,,,,,,,,,,,,,,,木,,,,,,,,,,,,,,,,木,,,,,,,,,,,,
西成区,鶴見橋,3丁目,3番,,,,,,,火金,,,,,,,,,,,,,,,,月,,,,,,,,,,,,,,,,木,,,,,,,,,,,,,,,,木,,,,,,,,,,,,
西成区,鶴見橋,3丁目,4番,,,,,,,火金,,,,,,,,,,,,,,,,月,,,,,,,,,,,,,,,,木,,,,,,,,,,,,,,,,,,木,,,,,,,,,,
西成区,鶴見橋,3丁目,5番,,,,,,,火金,,,,,,,,,,,,,,,,月,,,,,,,,,,,,,,,,木,,,,,,,,,,,,,,,,木,,,,,,,,,,,,
西成区,鶴見橋,3丁目,6番,軽四輪車(小さい車)で収集している地域,,,,,,,,,,,,,,火金,,,,,,,,月,,,,,,,,,,,,,,,,木,,,,,,,,,,,,,,,,木,,,,,,,,,,,,
西成区,鶴見橋,3丁目,6番,上記以外,,,,,,火金,,,,,,,,,,,,,,,,月,,,,,,,,,,,,,,,,木,,,,,,,,,,,,,,,,木,,,,,,,,,,,,
西成区,鶴見橋,3丁目,7番,軽四輪車(小さい車)で収集している地域,,,,,,,,,,,,,,火金,,,,,,,,月,,,,,,,,,,,,,,,,木,,,,,,,,,,,,,,,,木,,,,,,,,,,,,
西成区,鶴見橋,3丁目,7番,上記以外,,,,,,,火金,,,,,,,,,,,,,,,月,,,,,,,,,,,,,,,,木,,,,,,,,,,,,,,,,,,,,木,,,,,,,,
西成区,鶴見橋,3丁目,8番,軽四輪車(小さい車)で収集している地域,,,,,,,,,,,,,,,火金,,,,,,,月,,,,,,,,,,,,,,,,木,,,,,,,,,,,,,,,,木,,,,,,,,,,,,
西成区,鶴見橋,3丁目,8番,上記以外,,,,,,火金,,,,,,,,,,,,,,,,月,,,,,,,,,,,,,,,,木,,,,,,,,,,,,,,,,木,,,,,,,,,,,,
西成区,鶴見橋,3丁目,9番,軽四輪車(小さい車)で収集している地域,,,,,,,,,,,,,,,火金,,,,,,,月,,,,,,,,,,,,,,,,木,,,,,,,,,,,,,,,,木,,,,,,,,,,,,
西成区,鶴見橋,3丁目,9番,上記以外,,,,,,火金,,,,,,,,,,,,,,,,月,,,,,,,,,,,,,,,,木,,,,,,,,,,,,,,,,木,,,,,,,,,,,,
西成区,鶴見橋,3丁目,10番,軽四輪車(小さい車)で収集している地域,,,,,,,,,,,,,,,火金,,,,,,,月,,,,,,,,,,,,,,,,木,,,,,,,,,,,,,,,,木,,,,,,,,,,,,
西成区,鶴見橋,3丁目,10番,上記以外,,,,,,火金,,,,,,,,,,,,,,,,月,,,,,,,,,,,,,,,,木,,,,,,,,,,,,,,,,木,,,,,,,,,,,,
西成区,出城,1丁目,1番,,,,,,,,,,,,,,,,,,火金,,,,,,,月,,,,,,,,,,,,,,木,,,,,,,,,,,,,,,,木,,,,,,,,,,,,
西成区,出城,1丁目,2番,,,,,,,,,,,,,,,,,,火金,,,,,,,月,,,,,,,,,,,,,,,,木,,,,,,,,,,,,,,木,,,,,,,,,,,,
西成区,出城,1丁目,3番,,,,,,,,火金,,,,,,,,,,,,,,,,,月,,,,,,,,,,,,,,,,木,,,,,,,,,,,,,,,,,木,,,,,,,,,
西成区,出城,1丁目,4番,,,,,,,,,,,,,,,,,火金,,,,,,,,月,,,,,,,,,,,,,,,,木,,,,,,,,,,,,,,木,,,,,,,,,,,,
西成区,出城,1丁目,5番,,,,,,,,,,,,,,,,,,,火金,,,,,,月,,,,,,,,,,,,,,,,木,,,,,,,,,,,,,,木,,,,,,,,,,,,
西成区,出城,1丁目,6番,,,,,,,,,,,,,,,,,,,火金,,,,,,月,,,,,,,,,,,,,,,,木,,,,,,,,,,,,,,木,,,,,,,,,,,,
西成区,出城,1丁目,7番,,,,,,,,,,,,,,,,,火金,,,,,,,,月,,,,,,,,,,,,,,,,木,,,,,,,,,,,,,,,,木,,,,,,,,,,
西成区,出城,1丁目,8番,,,,,,,,,,,,,,,,,火金,,,,,,,,月,,,,,,,,,,,,,,,,木,,,,,,,,,,,,,,木,,,,,,,,,,,,
西成区,出城,1丁目,9番,,,,,,,,,,,,,,,,,火金,,,,,,,,月,,,,,,,,,,,,,,,,木,,,,,,,,,,,,,,木,,,,,,,,,,,,
西成区,出城,2丁目,1番,,,,,,,,,,,,,,,,,火金,,,,,,,,月,,,,,,,,,,,,,,,,木,,,,,,,,,,,,,,木,,,,,,,,,,,,
西成区,出城,2丁目,2番,,,,,,,,,,,,,,,,火金,,,,,,,月,,,,,,,,,,,,,,,,木,,,,,,,,,,,,,,,,木,,,,,,,,,,,,
西成区,出城,2丁目,3番,,,,,,,,,,,,,,,,火金,,,,,,,,,月,,,,,,,,,,,,,,,,木,,,,,,,,,,,,,,木,,,,,,,,,,,,
西成区,出城,2丁目,5番,,,,,,,,,,,,,,,,火金,,,,,,,,,月,,,,,,,,,,,,,,,,木,,,,,,,,,,,,,,木,,,,,,,,,,,,
西成区,出城,3丁目,1番,,,,,,,,,,,,,,,,火金,,,,,,,,,月,,,,,,,,,,,,,,,,木,,,,,,,,,,,,,,木,,,,,,,,,,,,
西成区,出城,3丁目,2番,,,,,,,,,,,,,,,,火金,,,,,,,,,月,,,,,,,,,,,,,,,,木,,,,,,,,,,,,,,木,,,,,,,,,,,,
西成区,出城,3丁目,3番,,,,,,,,,,,,,,,,火金,,,,,,,,,月,,,,,,,,,,,,,,,,木,,,,,,,,,,,,,,木,,,,,,,,,,,,
西成区,出城,3丁目,4番,,,,,,,,,,,,,,,,火金,,,,,,,,,月,,,,,,,,,,,,,,,,木,,,,,,,,,,,,,,木,,,,,,,,,,,,
西成区,出城,3丁目,5番,,,,,,,,,,,,,,,,火金,,,,,,,,,月,,,,,,,,,,,,,,,,木,,,,,,,,,,,,,,木,,,,,,,,,,,,
西成区,出城,3丁目,6番,軽四輪車(小さい車)で収集している地域,,,,,,,,,,,,,,,火金,,,,,,,,,月,,,,,,,,,,,,,,,,木,,,,,,,,,,,,,,,,,木,,,,,,,,,
西成区,出城,3丁目,6番,上記以外,,,,,,,,,,,,,,,火金,,,,,,,,,月,,,,,,,,,,,,,,,,木,,,,,,,,,,,,,,木,,,,,,,,,,,,
西成区,天下茶屋,1丁目,1番,,,,,,,,,,,,,,,,月木,,,,,,,,火,,,,,,,,,,,,,,,,金,,,,,,,,,,,,,,,金,,,,,,,,,,,,
西成区,天下茶屋,1丁目,2番,,,,,,,,,月木,,,,,,,,,,,,,,,火,,,,,,,,,,,,,,,,金,,,,,,,,,,,,,,,金,,,,,,,,,,,,
西成区,天下茶屋,1丁目,3番,軽四輪車(小さい車)で収集している地域,,,,,,,,,,,,,,月木,,,,,,,,,火,,,,,,,,,,,,,,,,金,,,,,,,,,,,,,,,金,,,,,,,,,,,,
西成区,天下茶屋,1丁目,3番,上記以外,,,,,,,,,月木,,,,,,,,,,,,,,火,,,,,,,,,,,,,,,,金,,,,,,,,,,,,,,,金,,,,,,,,,,,,
西成区,天下茶屋,1丁目,4番,,,,,,,,,,,,,,,月木,,,,,,,,,火,,,,,,,,,,,,,,,,金,,,,,,,,,,,,,,,金,,,,,,,,,,,,
西成区,天下茶屋,1丁目,5番,軽四輪車(小さい車)で収集している地域,,,,,,,,,,,,,,月木,,,,,,,,,火,,,,,,,,,,,,,,,,金,,,,,,,,,,,,,,,金,,,,,,,,,,,,
西成区,天下茶屋,1丁目,5番,上記以外,,,,,,,,,月木,,,,,,,,,,,,,,火,,,,,,,,,,,,,,,,金,,,,,,,,,,,,,,,金,,,,,,,,,,,,
西成区,天下茶屋,1丁目,6番,,,,,,,,,,,,,,,月木,,,,,,,,,火,,,,,,,,,,,,,,,,金,,,,,,,,,,,,,,,金,,,,,,,,,,,,
西成区,天下茶屋,1丁目,7番,,,,,,,,,,,,,,,,,月木,,,,,,,火,,,,,,,,,,,,,,,,金,,,,,,,,,,,,,,,金,,,,,,,,,,,,
西成区,天下茶屋,1丁目,8番,軽四輪車(小さい車)で収集している地域,,,,,,,,,,,,,,,,月木,,,,,,,火,,,,,,,,,,,,,,,,金,,,,,,,,,,,,,,,金,,,,,,,,,,,,
西成区,天下茶屋,1丁目,8番,上記以外,,,,,,,,,,月木,,,,,,,,,,,,,火,,,,,,,,,,,,,,,,金,,,,,,,,,,,,,,,金,,,,,,,,,,,,
西成区,天下茶屋,1丁目,9番,軽四輪車(小さい車)で収集している地域,,,,,,,,,,,,,,,月木,,,,,,,火,,,,,,,,,,,,,,,,,金,,,,,,,,,,,,,,,金,,,,,,,,,,,,
西成区,天下茶屋,1丁目,9番,上記以外,,,,,,,,,,月木,,,,,,,,,,,,火,,,,,,,,,,,,,,,,金,,,,,,,,,,,,,,,,金,,,,,,,,,,,,
西成区,天下茶屋,1丁目,10番,軽四輪車(小さい車)で収集している地域,,,,,,,,,,,,,,,月木,,,,,,,火,,,,,,,,,,,,,,,,,金,,,,,,,,,,,,,,,金,,,,,,,,,,,,
西成区,天下茶屋,1丁目,10番,上記以外,,,,,,,,,,月木,,,,,,,,,,,,火,,,,,,,,,,,,,,,,金,,,,,,,,,,,,,,,,金,,,,,,,,,,,,
西成区,天下茶屋,1丁目,11番,軽四輪車(小さい車)で収集している地域,,,,,,,,,,,,,,,月木,,,,,,,火,,,,,,,,,,,,,,,,金,,,,,,,,,,,,,,,,金,,,,,,,,,,,,
西成区,天下茶屋,1丁目,11番,上記以外,,,,,,,,,,月木,,,,,,,,,,,,火,,,,,,,,,,,,,,,,金,,,,,,,,,,,,,,,,金,,,,,,,,,,,,
西成区,天下茶屋,1丁目,12番,,,,,,,,,,,,,,,,月木,,,,,,,火,,,,,,,,,,,,,,,,金,,,,,,,,,,,,,,,,金,,,,,,,,,,,,
西成区,天下茶屋,1丁目,13番,,,,,,,,,,,,,,,,月木,,,,,,,火,,,,,,,,,,,,,,,,金,,,,,,,,,,,,,,,,金,,,,,,,,,,,,
西成区,天下茶屋,1丁目,14番,,,,,,,,,,,,,,,,月木,,,,,,,火,,,,,,,,,,,,,,,,金,,,,,,,,,,,,,,,,金,,,,,,,,,,,,
西成区,天下茶屋,1丁目,15番,,,,,,,,,,月木,,,,,,,,,,,,,火,,,,,,,,,,,,,,,,金,,,,,,,,,,,,,,,,金,,,,,,,,,,,,
西成区,天下茶屋,1丁目,16番,軽四輪車(小さい車)で収集している地域,,,,,,,,,,,,,,月木,,,,,,,,火,,,,,,,,,,,,,,,,金,,,,,,,,,,,,,,,,金,,,,,,,,,,,,
西成区,天下茶屋,1丁目,16番,上記以外,,,,,,,,,,月木,,,,,,,,,,,,火,,,,,,,,,,,,,,,,金,,,,,,,,,,,,,,,,金,,,,,,,,,,,,
西成区,天下茶屋,1丁目,17番,軽四輪車(小さい車)で収集している地域,,,,,,,,月木,,,,,,,,,,,,,,,火,,,,,,,,,,,,,,,,,金,,,,,,,,,,,,,,金,,,,,,,,,,,,
西成区,天下茶屋,1丁目,17番,上記以外,,,,,,,,,月木,,,,,,,,,,,,,火,,,,,,,,,,,,,,,,金,,,,,,,,,,,,,,,,金,,,,,,,,,,,,
西成区,天下茶屋,1丁目,18番,軽四輪車(小さい車)で収集している地域,,,,,,,,,,,,,,,月木,,,,,,,,火,,,,,,,,,,,,,,,,金,,,,,,,,,,,,,,,金,,,,,,,,,,,,
西成区,天下茶屋,1丁目,18番,上記以外,,,,,,,,,月木,,,,,,,,,,,,,火,,,,,,,,,,,,,,,,金,,,,,,,,,,,,,,,,金,,,,,,,,,,,,
西成区,天下茶屋,1丁目,19番,,,,,,,,,,,,,,,月木,,,,,,,,火,,,,,,,,,,,,,,,,金,,,,,,,,,,,,,,,,金,,,,,,,,,,,,
西成区,天下茶屋,1丁目,20番,軽四輪車(小さい車)で収集している地域,,,,,,,,,,,,,,月木,,,,,,,,,火,,,,,,,,,,,,,,,,金,,,,,,,,,,,,,,,金,,,,,,,,,,,,
西成区,天下茶屋,1丁目,20番,上記以外,,,,,,,,月木,,,,,,,,,,,,,,火,,,,,,,,,,,,,,,,金,,,,,,,,,,,,,,,,金,,,,,,,,,,,,
西成区,天下茶屋,1丁目,21番,軽四輪車(小さい車)で収集している地域,,,,,,,,,,,,,,月木,,,,,,,,,火,,,,,,,,,,,,,,,,金,,,,,,,,,,,,,,,金,,,,,,,,,,,,
西成区,天下茶屋,1丁目,21番,上記以外,,,,,,,,,月木,,,,,,,,,,,,,火,,,,,,,,,,,,,,,,金,,,,,,,,,,,,,,,,金,,,,,,,,,,,,
西成区,天下茶屋,1丁目,22番,軽四輪車(小さい車)で収集している地域,,,,,,,,,,,,,,月木,,,,,,,,,火,,,,,,,,,,,,,,,,金,,,,,,,,,,,,,,,金,,,,,,,,,,,,
西成区,天下茶屋,1丁目,22番,上記以外,,,,,,,,月木,,,,,,,,,,,,,,火,,,,,,,,,,,,,,,,金,,,,,,,,,,,,,,,,金,,,,,,,,,,,,
西成区,天下茶屋,1丁目,23番,軽四輪車(小さい車)で収集している地域,,,,,,,,,,,,,,,,月木,,,,,,,火,,,,,,,,,,,,,,,,金,,,,,,,,,,,,,,,金,,,,,,,,,,,,
西成区,天下茶屋,1丁目,23番,上記以外,,,,,,,,,,月木,,,,,,,,,,,,火,,,,,,,,,,,,,,,,金,,,,,,,,,,,,,,,,金,,,,,,,,,,,,
西成区,天下茶屋,1丁目,24番,軽四輪車(小さい車)で収集している地域,,,,,,,,,,,,,,,,月木,,,,,,,火,,,,,,,,,,,,,,,,金,,,,,,,,,,,,,,,金,,,,,,,,,,,,
西成区,天下茶屋,1丁目,24番,上記以外,,,,,,,,,,月木,,,,,,,,,,,,火,,,,,,,,,,,,,,,,金,,,,,,,,,,,,,,,,金,,,,,,,,,,,,
西成区,天下茶屋,1丁目,25番,軽四輪車(小さい車)で収集している地域,,,,,,,,,,,,,,,,,月木,,,,,,火,,,,,,,,,,,,,,,,金,,,,,,,,,,,,,,,金,,,,,,,,,,,,
西成区,天下茶屋,1丁目,25番,上記以外,,,,,,,,,,月木,,,,,,,,,,,,火,,,,,,,,,,,,,,,,金,,,,,,,,,,,,,,,,金,,,,,,,,,,,,
西成区,天下茶屋,1丁目,26番,軽四輪車(小さい車)で収集している地域,,,,,,,,,,,,,,,月木,,,,,,,火,,,,,,,,,,,,,,,,金,,,,,,,,,,,,,,,,金,,,,,,,,,,,,
西成区,天下茶屋,1丁目,26番,上記以外,,,,,,,,,,月木,,,,,,,,,,,,火,,,,,,,,,,,,,,,,金,,,,,,,,,,,,,,,,金,,,,,,,,,,,,
西成区,天下茶屋,1丁目,27番,,,,,,,,,,,月木,,,,,,,,,,,,火,,,,,,,,,,,,,,,,金,,,,,,,,,,,,,,,,金,,,,,,,,,,,,
西成区,天下茶屋,1丁目,28番,軽四輪車(小さい車)で収集している地域,,,,,,,,,,,,,,,,月木,,,,,,,火,,,,,,,,,,,,,,,,金,,,,,,,,,,,,,,,金,,,,,,,,,,,,
西成区,天下茶屋,1丁目,28番,上記以外,,,,,,,,,,月木,,,,,,,,,,,,火,,,,,,,,,,,,,,,,金,,,,,,,,,,,,,,,,金,,,,,,,,,,,,
西成区,天下茶屋,1丁目,29番,軽四輪車(小さい車)で収集している地域,,,,,,,,,,,,,,月木,,,,,,,,,火,,,,,,,,,,,,,,,,金,,,,,,,,,,,,,,,金,,,,,,,,,,,,
西成区,天下茶屋,1丁目,29番,上記以外,,,,,,,,,月木,,,,,,,,,,,,,火,,,,,,,,,,,,,,,,金,,,,,,,,,,,,,,,,金,,,,,,,,,,,,
西成区,天下茶屋,1丁目,30番,軽四輪車(小さい車)で収集している地域,,,,,,,月木,,,,,,,,,,,,,,,,火,,,,,,,,,,,,,,,,金,,,,,,,,,,,,,,,金,,,,,,,,,,,,
西成区,天下茶屋,1丁目,30番,上記以外,,,,,,,,,月木,,,,,,,,,,,,,火,,,,,,,,,,,,,,,,金,,,,,,,,,,,,,,,,金,,,,,,,,,,,,
西成区,天下茶屋,1丁目,31番,,,,,,,,,,月木,,,,,,,,,,,,,火,,,,,,,,,,,,,,,,金,,,,,,,,,,,,,,,,金,,,,,,,,,,,,
西成区,天下茶屋,1丁目,32番,,,,,,,,,,月木,,,,,,,,,,,,,火,,,,,,,,,,,,,,,,金,,,,,,,,,,,,,,,,月,,,,,,,,,,,,
西成区,天下茶屋,2丁目,1番,軽四輪車(小さい車)で収集している地域,,,,,,,,,,,,,,,月木,,,,,,,火,,,,,,,,,,,,,,,,金,,,,,,,,,,,,,,,,金,,,,,,,,,,,,
西成区,天下茶屋,2丁目,1番,上記以外,,,,,,,,,月木,,,,,,,,,,,,,火,,,,,,,,,,,,,,,,金,,,,,,,,,,,,,,,,金,,,,,,,,,,,,
西成区,天下茶屋,2丁目,2番,,,,,,,,,,,,,月木,,,,,,,,,,火,,,,,,,,,,,,,,,,金,,,,,,,,,,,,,,,,金,,,,,,,,,,,,
西成区,天下茶屋,2丁目,3番,,,,,,,,,,,,,,,,,,月木,,,,,火,,,,,,,,,,,,,,,,金,,,,,,,,,,,,,,,,金,,,,,,,,,,,,
西成区,天下茶屋,2丁目,4番,,,,,,,,,,月木,,,,,,,,,,,,,火,,,,,,,,,,,,,,,,金,,,,,,,,,,,,,,,,金,,,,,,,,,,,,
西成区,天下茶屋,2丁目,5番,,,,,,,,,,月木,,,,,,,,,,,,,火,,,,,,,,,,,,,,,,金,,,,,,,,,,,,,,,,金,,,,,,,,,,,,
西成区,天下茶屋,2丁目,6番,,,,,,,,,,,月木,,,,,,,,,,,,火,,,,,,,,,,,,,,,,金,,,,,,,,,,,,,,,,金,,,,,,,,,,,,
西成区,天下茶屋,2丁目,7番,,,,,,,月木,,,,,,,,,,,,,,,,火,,,,,,,,,,,,,,,,金,,,,,,,,,,,,,,,,金,,,,,,,,,,,,
西成区,天下茶屋,2丁目,8番,,,,,,,,,,,,,,,,,月木,,,,,,火,,,,,,,,,,,,,,,,金,,,,,,,,,,,,,,,,金,,,,,,,,,,,,
西成区,天下茶屋,2丁目,9番,軽四輪車(小さい車)で収集している地域,,,,,,,,,,,,,,,,月木,,,,,,,火,,,,,,,,,,,,,,,,,金,,,,,,,,,,,,,,金,,,,,,,,,,,,
西成区,天下茶屋,2丁目,9番,上記以外,,,,,,,月木,,,,,,,,,,,,,,,,火,,,,,,,,,,,,,,,金,,,,,,,,,,,,,,,,金,,,,,,,,,,,,
西成区,天下茶屋,2丁目,10番,,,,,,,,,,,,,,,,,,月木,,,,,,火,,,,,,,,,,,,,,,金,,,,,,,,,,,,,,,,金,,,,,,,,,,,,
西成区,天下茶屋,2丁目,11番,,,,,,,,,,,,,,,,,,月木,,,,,,火,,,,,,,,,,,,,,,金,,,,,,,,,,,,,,,,金,,,,,,,,,,,,
西成区,天下茶屋,2丁目,12番,,,,,,,,,,,,,,,,,月木,,,,,,火,,,,,,,,,,,,,,,,金,,,,,,,,,,,,,,,,金,,,,,,,,,,,,
西成区,天下茶屋,2丁目,13番,軽四輪車(小さい車)で収集している地域,,,,,,,,,,,,,,,,月木,,,,,,火,,,,,,,,,,,,,,,,金,,,,,,,,,,,,,,,,金,,,,,,,,,,,,
西成区,天下茶屋,2丁目,13番,上記以外,,,,,,,,,月木,,,,,,,,,,,,,火,,,,,,,,,,,,,,,,金,,,,,,,,,,,,,,,,金,,,,,,,,,,,,
西成区,天下茶屋,2丁目,14番,軽四輪車(小さい車)で収集している地域,,,,,,,,,,,,,,,,月木,,,,,,火,,,,,,,,,,,,,,,,金,,,,,,,,,,,,,,,,金,,,,,,,,,,,,
西成区,天下茶屋,2丁目,14番,上記以外,,,,,,,,,月木,,,,,,,,,,,,,火,,,,,,,,,,,,,,,,金,,,,,,,,,,,,,,,,金,,,,,,,,,,,,
西成区,天下茶屋,2丁目,15番,軽四輪車(小さい車)で収集している地域,,,,,,,,,,,,,,月木,,,,,,,,火,,,,,,,,,,,,,,,,金,,,,,,,,,,,,,,,,金,,,,,,,,,,,,
西成区,天下茶屋,2丁目,15番,上記以外,,,,,,,,,月木,,,,,,,,,,,,,火,,,,,,,,,,,,,,,,金,,,,,,,,,,,,,,,,金,,,,,,,,,,,,
西成区,天下茶屋,2丁目,16番,軽四輪車(小さい車)で収集している地域,,,,,,,,,,,,,,月木,,,,,,,,,火,,,,,,,,,,,,,,,,金,,,,,,,,,,,,,,,金,,,,,,,,,,,,
西成区,天下茶屋,2丁目,16番,上記以外,,,,,,,,,,月木,,,,,,,,,,,,火,,,,,,,,,,,,,,,,金,,,,,,,,,,,,,,,,金,,,,,,,,,,,,
西成区,天下茶屋,2丁目,17番,軽四輪車(小さい車)で収集している地域,,,,,,,,,,,,,,月木,,,,,,,,,火,,,,,,,,,,,,,,,金,,,,,,,,,,,,,,,,金,,,,,,,,,,,,
西成区,天下茶屋,2丁目,17番,上記以外,,,,,,,,,,月木,,,,,,,,,,,,火,,,,,,,,,,,,,,,,金,,,,,,,,,,,,,,,,金,,,,,,,,,,,,
西成区,天下茶屋,2丁目,18番,,,,,,,,,,,,,,,,月木,,,,,,,火,,,,,,,,,,,,,,,,金,,,,,,,,,,,,,,,,金,,,,,,,,,,,,
西成区,天下茶屋,2丁目,19番,,,,,,,,,,,,,,,,,,,月木,,,,火,,,,,,,,,,,,,,,,金,,,,,,,,,,,,,,,,金,,,,,,,,,,,,
西成区,天下茶屋,2丁目,20番,軽四輪車(小さい車)で収集している地域,,,,,,,,,,,,,,,,月木,,,,,,,火,,,,,,,,,,,,,,,,金,,,,,,,,,,,,,,,金,,,,,,,,,,,,
西成区,天下茶屋,2丁目,20番,上記以外,,,,,,月木,,,,,,,,,,,,,,,,火,,,,,,,,,,,,,,,,金,,,,,,,,,,,,,,,,金,,,,,,,,,,,,
西成区,天下茶屋,2丁目,21番,軽四輪車(小さい車)で収集している地域,,,,,,,,,,,,,,,,月木,,,,,,,火,,,,,,,,,,,,,,,,金,,,,,,,,,,,,,,,金,,,,,,,,,,,,
西成区,天下茶屋,2丁目,21番,上記以外,,,,,,月木,,,,,,,,,,,,,,,,火,,,,,,,,,,,,,,,,金,,,,,,,,,,,,,,,,金,,,,,,,,,,,,
西成区,天下茶屋,2丁目,22番,,,,,,,,月木,,,,,,,,,,,,,,,火,,,,,,,,,,,,,,,,金,,,,,,,,,,,,,,,,金,,,,,,,,,,,,
西成区,天下茶屋,2丁目,23番,軽四輪車(小さい車)で収集している地域,,,,,,,,,,,,,,,,月木,,,,,,火,,,,,,,,,,,,,,,,金,,,,,,,,,,,,,,,,金,,,,,,,,,,,,
西成区,天下茶屋,2丁目,23番,上記以外,,,,,,,月木,,,,,,,,,,,,,,,火,,,,,,,,,,,,,,,,金,,,,,,,,,,,,,,,,金,,,,,,,,,,,,
西成区,天下茶屋,2丁目,24番,軽四輪車(小さい車)で収集している地域,,,,,,,,,,,,,,,月木,,,,,,,火,,,,,,,,,,,,,,,,金,,,,,,,,,,,,,,,,金,,,,,,,,,,,,
西成区,天下茶屋,2丁目,24番,上記以外,,,,,,,月木,,,,,,,,,,,,,,,火,,,,,,,,,,,,,,,,金,,,,,,,,,,,,,,,,金,,,,,,,,,,,,
西成区,天下茶屋,3丁目,1番,,,,,,,月木,,,,,,,,,,,,,,,,火,,,,,,,,,,,,,,,,金,,,,,,,,,,,,,,,,金,,,,,,,,,,,,
西成区,天下茶屋,3丁目,2番,,,,,,,月木,,,,,,,,,,,,,,,,火,,,,,,,,,,,,,,,,金,,,,,,,,,,,,,,,,金,,,,,,,,,,,,
西成区,天下茶屋,3丁目,3番,,,,,,,,,,,,,,,,,,,月木,,,,火,,,,,,,,,,,,,,,,金,,,,,,,,,,,,,,,,金,,,,,,,,,,,,
西成区,天下茶屋,3丁目,4番,,,,,,,,,,,,,,,,,,月木,,,,,火,,,,,,,,,,,,,,,,金,,,,,,,,,,,,,,,,金,,,,,,,,,,,,
西成区,天下茶屋,3丁目,5番,,,,,,,,,,,,,,,,,,月木,,,,,火,,,,,,,,,,,,,,,,金,,,,,,,,,,,,,,,,金,,,,,,,,,,,,
西成区,天下茶屋,3丁目,6番,,,,,,,,,,,,,,,,,,月木,,,,,火,,,,,,,,,,,,,,,,金,,,,,,,,,,,,,,,,金,,,,,,,,,,,,
西成区,天下茶屋,3丁目,7番,軽四輪車(小さい車)で収集している地域,,,,,,,,,,,,,,,,月木,,,,,,火,,,,,,,,,,,,,,,,金,,,,,,,,,,,,,,,,金,,,,,,,,,,,,
西成区,天下茶屋,3丁目,7番,上記以外,,,,,,,月木,,,,,,,,,,,,,,,火,,,,,,,,,,,,,,,,金,,,,,,,,,,,,,,,,金,,,,,,,,,,,,
西成区,天下茶屋,3丁目,8番,,,,,,,,,,,,,,,,月木,,,,,,,火,,,,,,,,,,,,,,,,金,,,,,,,,,,,,,,,,金,,,,,,,,,,,,
西成区,天下茶屋,3丁目,9番,,,,,,,月木,,,,,,,,,,,,,,,,火,,,,,,,,,,,,,,,,金,,,,,,,,,,,,,,,,金,,,,,,,,,,,,
西成区,天下茶屋,3丁目,10番,,,,,,,月木,,,,,,,,,,,,,,,,火,,,,,,,,,,,,,,,,金,,,,,,,,,,,,,,,,金,,,,,,,,,,,,
西成区,天下茶屋,3丁目,11番,,,,,,,月木,,,,,,,,,,,,,,,,火,,,,,,,,,,,,,,,,金,,,,,,,,,,,,,,,,金,,,,,,,,,,,,
西成区,天下茶屋,3丁目,12番,,,,,,,月木,,,,,,,,,,,,,,,,火,,,,,,,,,,,,,,,,金,,,,,,,,,,,,,,,,金,,,,,,,,,,,,
西成区,天下茶屋,3丁目,13番,,,,,,,,月木,,,,,,,,,,,,,,,火,,,,,,,,,,,,,,,,金,,,,,,,,,,,,,,,,金,,,,,,,,,,,,
西成区,天下茶屋,3丁目,14番,軽四輪車(小さい車)で収集している地域,,,,,,,,,,,,,,月木,,,,,,,,火,,,,,,,,,,,,,,,,金,,,,,,,,,,,,,,,,金,,,,,,,,,,,,
西成区,天下茶屋,3丁目,14番,上記以外,,,,,,月木,,,,,,,,,,,,,,,,火,,,,,,,,,,,,,,,,金,,,,,,,,,,,,,,,,金,,,,,,,,,,,,
西成区,天下茶屋,3丁目,15番,,,,,,,,,,,,,,,月木,,,,,,,,火,,,,,,,,,,,,,,,,金,,,,,,,,,,,,,,,,金,,,,,,,,,,,,
西成区,天下茶屋,3丁目,16番,軽四輪車(小さい車)で収集している地域,,,,,,,,,,,,,,,月木,,,,,,,火,,,,,,,,,,,,,,,,金,,,,,,,,,,,,,,,,金,,,,,,,,,,,,
西成区,天下茶屋,3丁目,16番,上記以外,,,,,,,月木,,,,,,,,,,,,,,,火,,,,,,,,,,,,,,,,金,,,,,,,,,,,,,,,,金,,,,,,,,,,,,
西成区,天下茶屋,3丁目,17番,軽四輪車(小さい車)で収集している地域,,,,,,,,,,,,,,月木,,,,,,,,火,,,,,,,,,,,,,,,,金,,,,,,,,,,,,,,,,金,,,,,,,,,,,,
西成区,天下茶屋,3丁目,17番,上記以外,,,,,,月木,,,,,,,,,,,,,,,,火,,,,,,,,,,,,,,,,金,,,,,,,,,,,,,,,,金,,,,,,,,,,,,
西成区,天下茶屋,3丁目,18番,軽四輪車(小さい車)で収集している地域,,,,,,,,,,,,,,月木,,,,,,,,火,,,,,,,,,,,,,,,,金,,,,,,,,,,,,,,,,金,,,,,,,,,,,,
西成区,天下茶屋,3丁目,18番,上記以外,,,,,,月木,,,,,,,,,,,,,,,,火,,,,,,,,,,,,,,,,金,,,,,,,,,,,,,,,,金,,,,,,,,,,,,
西成区,天下茶屋,3丁目,19番,,,,,,,,月木,,,,,,,,,,,,,,,火,,,,,,,,,,,,,,,,金,,,,,,,,,,,,,,,,金,,,,,,,,,,,,
西成区,天下茶屋,3丁目,20番,,,,,,,月木,,,,,,,,,,,,,,,,火,,,,,,,,,,,,,,,,金,,,,,,,,,,,,,,,,金,,,,,,,,,,,,
西成区,天下茶屋,3丁目,21番,,,,,,,月木,,,,,,,,,,,,,,,,火,,,,,,,,,,,,,,,,金,,,,,,,,,,,,,,,,金,,,,,,,,,,,,
西成区,天下茶屋,3丁目,22番,,,,,,,月木,,,,,,,,,,,,,,,,火,,,,,,,,,,,,,,,,金,,,,,,,,,,,,,,,,金,,,,,,,,,,,,
西成区,天下茶屋,3丁目,23番,,,,,,,月木,,,,,,,,,,,,,,,,火,,,,,,,,,,,,,,,,金,,,,,,,,,,,,,,,,金,,,,,,,,,,,,
西成区,天下茶屋,3丁目,24番,,,,,,,,月木,,,,,,,,,,,,,,,火,,,,,,,,,,,,,,,,金,,,,,,,,,,,,,,,,金,,,,,,,,,,,,
西成区,天下茶屋,3丁目,25番,,,,,,,,月木,,,,,,,,,,,,,,,火,,,,,,,,,,,,,,,,金,,,,,,,,,,,,,,,,金,,,,,,,,,,,,
西成区,天下茶屋,3丁目,26番,,,,,,,,月木,,,,,,,,,,,,,,,火,,,,,,,,,,,,,,,,金,,,,,,,,,,,,,,,,金,,,,,,,,,,,,
西成区,天下茶屋,3丁目,27番,,,,,,,,,,月木,,,,,,,,,,,,,火,,,,,,,,,,,,,,,,金,,,,,,,,,,,,,,,,金,,,,,,,,,,,,
西成区,天下茶屋,3丁目,28番,,,,,,,,月木,,,,,,,,,,,,,,,火,,,,,,,,,,,,,,,,金,,,,,,,,,,,,,,,,金,,,,,,,,,,,,
西成区,天下茶屋北,1丁目,1番,,,,,,,月木,,,,,,,,,,,,,,,,水,,,,,,,,,,,,,,,,土,,,,,,,,,,,,,,,,水,,,,,,,,,,,,
西成区,天下茶屋北,1丁目,2番,,,,,,,,月木,,,,,,,,,,,,,,,水,,,,,,,,,,,,,,,,土,,,,,,,,,,,,,,,,水,,,,,,,,,,,,
西成区,天下茶屋北,1丁目,3番,,,,,,,月木,,,,,,,,,,,,,,,,水,,,,,,,,,,,,,,,,土,,,,,,,,,,,,,,,,水,,,,,,,,,,,,
西成区,天下茶屋北,1丁目,4番,,,,,,,,月木,,,,,,,,,,,,,,,水,,,,,,,,,,,,,,,,土,,,,,,,,,,,,,,,,,,,水,,,,,,,,,
西成区,天下茶屋北,1丁目,5番,,,,,,,,月木,,,,,,,,,,,,,,,水,,,,,,,,,,,,,,,,土,,,,,,,,,,,,,,,,水,,,,,,,,,,,,
西成区,天下茶屋北,1丁目,6番,,,,,,,,月木,,,,,,,,,,,,,,,水,,,,,,,,,,,,,,,,土,,,,,,,,,,,,,,,,,,,水,,,,,,,,,
西成区,天下茶屋北,1丁目,7番,,,,,,,,月木,,,,,,,,,,,,,,,水,,,,,,,,,,,,,,,,土,,,,,,,,,,,,,,,,,,水,,,,,,,,,,
西成区,天下茶屋北,2丁目,1番,,,,,,,月木,,,,,,,,,,,,,,,,水,,,,,,,,,,,,,,,,土,,,,,,,,,,,,,,,,,,水,,,,,,,,,,
西成区,天下茶屋北,2丁目,2番,軽四輪車(小さい車)で収集している地域,,,,,,月木,,,,,,,,,,,,,,,,水,,,,,,,,,,,,,,,,土,,,,,,,,,,,,,,,,,,水,,,,,,,,,,
西成区,天下茶屋北,2丁目,2番,上記以外,,,,,,,,,,,,,,,,,,月木,,,,,,,,,,,,,,,,,,,,,,,,,,,,,,,,,,,,,,,,,,,,,,,,
西成区,天下茶屋北,2丁目,3番,,,,,,,,,,,,,,,,,,,月木,,,,水,,,,,,,,,,,,,,,,土,,,,,,,,,,,,,,,,,,水,,,,,,,,,,
西成区,天下茶屋北,2丁目,4番,,,,,,,,,,,,,,,,,,,月木,,,,水,,,,,,,,,,,,,,,,土,,,,,,,,,,,,,,,,,,水,,,,,,,,,,
西成区,天下茶屋北,2丁目,5番,軽四輪車(小さい車)で収集している地域,,,,,,,,月木,,,,,,,,,,,,,,水,,,,,,,,,,,,,,,,土,,,,,,,,,,,,,,,,水,,,,,,,,,,,,
西成区,天下茶屋北,2丁目,5番,上記以外,,,,,,,,,,,,,,,,,,月木,,,,水,,,,,,,,,,,,,,,,土,,,,,,,,,,,,,,,,水,,,,,,,,,,,,
西成区,天下茶屋北,2丁目,6番,,,,,,,,,,,,,,,,,,,月木,,,,水,,,,,,,,,,,,,,,,土,,,,,,,,,,,,,,,,水,,,,,,,,,,,,
西成区,天下茶屋北,2丁目,7番,,,,,,,,,,,,,,,,,,,月木,,,,水,,,,,,,,,,,,,,,,土,,,,,,,,,,,,,,,,水,,,,,,,,,,,,
西成区,天下茶屋北,2丁目,8番,,,,,,,,,,,,,,,,,,,月木,,,,水,,,,,,,,,,,,,,,,土,,,,,,,,,,,,,,,,水,,,,,,,,,,,,
西成区,天下茶屋東,1丁目,1番,,,,,,,,月木,,,,,,,,,,,,,,,水,,,,,,,,,,,,,,,,土,,,,,,,,,,,,,,金,,,,,,,,,,,,,,
西成区,天下茶屋東,1丁目,2番,,,,,,,,,月木,,,,,,,,,,,,,,水,,,,,,,,,,,,,,,,土,,,,,,,,,,,,,,金,,,,,,,,,,,,,,
西成区,天下茶屋東,1丁目,3番,軽四輪車(小さい車)で収集している地域,,,,,,,,月木,,,,,,,,,,,,,,,,,,,,,,水,,,,,,,,,,,,,,,,,土,,,,,,金,,,,,,,,,,,,,
西成区,天下茶屋東,1丁目,3番,上記以外,,,,,,,,月木,,,,,,,,,,,,,,水,,,,,,,,,,,,,,,,土,,,,,,,,,,,,,,金,,,,,,,,,,,,,,
西成区,天下茶屋東,1丁目,4番,,,,,,,,,月木,,,,,,,,,,,,,,,,,,,,,,水,,,,,,,,,,,,,,,,,土,,,,,金,,,,,,,,,,,,,,
西成区,天下茶屋東,1丁目,5番,,,,,,,,,月木,,,,,,,,,,,,,,水,,,,,,,,,,,,,,,,土,,,,,,,,,,,,,,金,,,,,,,,,,,,,,
西成区,天下茶屋東,1丁目,6番,軽四輪車(小さい車)で収集している地域,,,,,,,,月木,,,,,,,,,,,,,,水,,,,,,,,,,,,,,,,土,,,,,,,,,,,,,,,金,,,,,,,,,,,,,
西成区,天下茶屋東,1丁目,6番,上記以外,,,,,,,,,月木,,,,,,,,,,,,,水,,,,,,,,,,,,,,,,土,,,,,,,,,,,,,,金,,,,,,,,,,,,,,
西成区,天下茶屋東,1丁目,7番,,,,,,,,,月木,,,,,,,,,,,,,,水,,,,,,,,,,,,,,,,土,,,,,,,,,,,,,,金,,,,,,,,,,,,,,
西成区,天下茶屋東,1丁目,8番,軽四輪車(小さい車)で収集している地域,,,,,,,月木,,,,,,,,,,,,,,,水,,,,,,,,,,,,,,,,土,,,,,,,,,,,,,,,金,,,,,,,,,,,,,
西成区,天下茶屋東,1丁目,8番,上記以外,,,,,,,月木,,,,,,,,,,,,,,,水,,,,,,,,,,,,,,,,土,,,,,,,,,,,,,,金,,,,,,,,,,,,,,
西成区,天下茶屋東,1丁目,9番,軽四輪車(小さい車)で収集している地域,,,,,,,,,月木,,,,,,,,,,,,,水,,,,,,,,,,,,,,,,土,,,,,,,,,,,,,,,金,,,,,,,,,,,,,
西成区,天下茶屋東,1丁目,9番,上記以外,,,,,,,,月木,,,,,,,,,,,,,,水,,,,,,,,,,,,,,,,土,,,,,,,,,,,,,,金,,,,,,,,,,,,,,
西成区,天下茶屋東,1丁目,10番,軽四輪車(小さい車)で収集している地域,,,,,,,,月木,,,,,,,,,,,,,,水,,,,,,,,,,,,,,,,土,,,,,,,,,,,,,,,金,,,,,,,,,,,,,
西成区,天下茶屋東,1丁目,10番,上記以外,,,,,,,,,月木,,,,,,,,,,,,,水,,,,,,,,,,,,,,,,土,,,,,,,,,,,,,,金,,,,,,,,,,,,,,
西成区,天下茶屋東,1丁目,11番,軽四輪車(小さい車)で収集している地域,,,,,,,,月木,,,,,,,,,,,,,,,,,,,,,,水,,,,,,,,,,,,,,,,,土,,,,,,金,,,,,,,,,,,,,
西成区,天下茶屋東,1丁目,11番,上記以外,,,,,,,月木,,,,,,,,,,,,,,,水,,,,,,,,,,,,,,,,土,,,,,,,,,,,,,,金,,,,,,,,,,,,,,
西成区,天下茶屋東,1丁目,12番,軽四輪車(小さい車)で収集している地域,,,,,,,月木,,,,,,,,,,,,,,,,,,,,,,,水,,,,,,,,,,,,,,,,,土,,,,,,金,,,,,,,,,,,,,
西成区,天下茶屋東,1丁目,12番,上記以外,,,,,,,月木,,,,,,,,,,,,,,,水,,,,,,,,,,,,,,,,土,,,,,,,,,,,,,,金,,,,,,,,,,,,,,
西成区,天下茶屋東,1丁目,13番,軽四輪車(小さい車)で収集している地域,,,,,,,,月木,,,,,,,,,,,,,,,,,,,,,,水,,,,,,,,,,,,,,,,,土,,,,,,金,,,,,,,,,,,,,
西成区,天下茶屋東,1丁目,13番,上記以外,,,,,,,,,月木,,,,,,,,,,,,,水,,,,,,,,,,,,,,,,土,,,,,,,,,,,,,,金,,,,,,,,,,,,,,
西成区,天下茶屋東,1丁目,14番,軽四輪車(小さい車)で収集している地域,,,,,,,月木,,,,,,,,,,,,,,,,,,,,,,,水,,,,,,,,,,,,,,,,,土,,,,,,金,,,,,,,,,,,,,
西成区,天下茶屋東,1丁目,14番,上記以外,,,,,,,月木,,,,,,,,,,,,,,,水,,,,,,,,,,,,,,,,土,,,,,,,,,,,,,,金,,,,,,,,,,,,,,
西成区,天下茶屋東,1丁目,15番,軽四輪車(小さい車)で収集している地域,,,,,,,月木,,,,,,,,,,,,,,,,,,,,,,,水,,,,,,,,,,,,,,,,,土,,,,,,金,,,,,,,,,,,,,
西成区,天下茶屋東,1丁目,15番,上記以外,,,,,,,月木,,,,,,,,,,,,,,,水,,,,,,,,,,,,,,,,土,,,,,,,,,,,,,,金,,,,,,,,,,,,,,
西成区,天下茶屋東,1丁目,16番,軽四輪車(小さい車)で収集している地域,,,,,,,月木,,,,,,,,,,,,,,,,,,,,,,,水,,,,,,,,,,,,,,,,,土,,,,,,金,,,,,,,,,,,,,
西成区,天下茶屋東,1丁目,16番,上記以外,,,,,,,月木,,,,,,,,,,,,,,,水,,,,,,,,,,,,,,,,土,,,,,,,,,,,,,,金,,,,,,,,,,,,,,
西成区,天下茶屋東,1丁目,17番,,,,,,,,,月木,,,,,,,,,,,,,,水,,,,,,,,,,,,,,,,土,,,,,,,,,,,,,,金,,,,,,,,,,,,,,
西成区,天下茶屋東,1丁目,18番,,,,,,,,,月木,,,,,,,,,,,,,,水,,,,,,,,,,,,,,,,土,,,,,,,,,,,,,,金,,,,,,,,,,,,,,
西成区,天下茶屋東,1丁目,19番,,,,,,,,月木,,,,,,,,,,,,,,,水,,,,,,,,,,,,,,,,土,,,,,,,,,,,,,,金,,,,,,,,,,,,,,
西成区,天下茶屋東,1丁目,20番,,,,,,,,,月木,,,,,,,,,,,,,,水,,,,,,,,,,,,,,,,土,,,,,,,,,,,,,,金,,,,,,,,,,,,,,
西成区,天下茶屋東,1丁目,21番,,,,,,,,,,月木,,,,,,,,,,,,,,,水,,,,,,,,,,,,,,,土,,,,,,,,,,,,,金,,,,,,,,,,,,,,
西成区,天下茶屋東,1丁目,22番,,,,,,,,月木,,,,,,,,,,,,,,,,,水,,,,,,,,,,,,,,,土,,,,,,,,,,,,,金,,,,,,,,,,,,,,
西成区,天下茶屋東,1丁目,23番,,,,,,,,月木,,,,,,,,,,,,,,,,,水,,,,,,,,,,,,,,,土,,,,,,,,,,,,,金,,,,,,,,,,,,,,
西成区,天下茶屋東,2丁目,1番,軽四輪車(小さい車)で収集している地域,,,,,,,,月木,,,,,,,,,,,,,,,,,,,,,,水,,,,,,,,,,,,,,,,,土,,,,,,金,,,,,,,,,,,,,
西成区,天下茶屋東,2丁目,1番,上記以外,,,,,,,,月木,,,,,,,,,,,,,,水,,,,,,,,,,,,,,,,土,,,,,,,,,,,,,,金,,,,,,,,,,,,,,
西成区,天下茶屋東,2丁目,2番,軽四輪車(小さい車)で収集している地域,,,,,,,,,月木,,,,,,,,,,,,,,,,,,,,,水,,,,,,,,,,,,,,,,,土,,,,,,金,,,,,,,,,,,,,
西成区,天下茶屋東,2丁目,2番,上記以外,,,,,,,,,月木,,,,,,,,,,,,,水,,,,,,,,,,,,,,,,土,,,,,,,,,,,,,,金,,,,,,,,,,,,,,
西成区,天下茶屋東,2丁目,3番,軽四輪車(小さい車)で収集している地域,,,,,,,,,,月木,,,,,,,,,,,,,,,,,,,,水,,,,,,,,,,,,,,,,,土,,,,,,金,,,,,,,,,,,,,
西成区,天下茶屋東,2丁目,3番,上記以外,,,,,,,,,月木,,,,,,,,,,,,,水,,,,,,,,,,,,,,,,土,,,,,,,,,,,,,,金,,,,,,,,,,,,,,
西成区,天下茶屋東,2丁目,4番,軽四輪車(小さい車)で収集している地域,,,,,,,,,月木,,,,,,,,,,,,,,,,,,,,,水,,,,,,,,,,,,,,,,,土,,,,,,金,,,,,,,,,,,,,
西成区,天下茶屋東,2丁目,4番,上記以外,,,,,,,,,,月木,,,,,,,,,,,,水,,,,,,,,,,,,,,,,土,,,,,,,,,,,,,,金,,,,,,,,,,,,,,
西成区,天下茶屋東,2丁目,5番,軽四輪車(小さい車)で収集している地域,,,,,,,,,,月木,,,,,,,,,,,,,,,,,,,,,,水,,,,,,,,,,,,,,,土,,,,,,金,,,,,,,,,,,,,
西成区,天下茶屋東,2丁目,5番,上記以外,,,,,,,,,月木,,,,,,,,,,,,,水,,,,,,,,,,,,,,,,土,,,,,,,,,,,,,,金,,,,,,,,,,,,,,
西成区,天下茶屋東,2丁目,6番,軽四輪車(小さい車)で収集している地域,,,,,,,,,月木,,,,,,,,,,,,,,,,,,,,,水,,,,,,,,,,,,,,,,,土,,,,,,金,,,,,,,,,,,,,
西成区,天下茶屋東,2丁目,6番,上記以外,,,,,,,,,月木,,,,,,,,,,,,,水,,,,,,,,,,,,,,,,土,,,,,,,,,,,,,,金,,,,,,,,,,,,,,
西成区,天下茶屋東,2丁目,7番,軽四輪車(小さい車)で収集している地域,,,,,,,月木,,,,,,,,,,,,,,,,,,,,,,,水,,,,,,,,,,,,,,,,,土,,,,,,金,,,,,,,,,,,,,
西成区,天下茶屋東,2丁目,7番,上記以外,,,,,,,月木,,,,,,,,,,,,,,,水,,,,,,,,,,,,,,,,土,,,,,,,,,,,,,,金,,,,,,,,,,,,,,
西成区,天下茶屋東,2丁目,8番,軽四輪車(小さい車)で収集している地域,,,,,,,,月木,,,,,,,,,,,,,,,,,,,,,,水,,,,,,,,,,,,,,,,土,,,,,,,金,,,,,,,,,,,,,
西成区,天下茶屋東,2丁目,8番,上記以外,,,,,,,,,月木,,,,,,,,,,,,,水,,,,,,,,,,,,,,,,土,,,,,,,,,,,,,,金,,,,,,,,,,,,,,
西成区,天下茶屋東,2丁目,9番,軽四輪車(小さい車)で収集している地域,,,,,,,,月木,,,,,,,,,,,,,,,,,,,,,,水,,,,,,,,,,,,,,,,土,,,,,,,金,,,,,,,,,,,,,
西成区,天下茶屋東,2丁目,9番,上記以外,,,,,,,月木,,,,,,,,,,,,,,,水,,,,,,,,,,,,,,,,土,,,,,,,,,,,,,,金,,,,,,,,,,,,,,
西成区,天下茶屋東,2丁目,10番,軽四輪車(小さい車)で収集している地域,,,,,,,,月木,,,,,,,,,,,,,,,,,,,,,,水,,,,,,,,,,,,,,,,土,,,,,,,金,,,,,,,,,,,,,
西成区,天下茶屋東,2丁目,10番,上記以外,,,,,,,,月木,,,,,,,,,,,,,,水,,,,,,,,,,,,,,,,土,,,,,,,,,,,,,,金,,,,,,,,,,,,,,
西成区,天下茶屋東,2丁目,11番,軽四輪車(小さい車)で収集している地域,,,,,,,,,月木,,,,,,,,,,,,,,,,,,,,,水,,,,,,,,,,,,,,,,土,,,,,,,金,,,,,,,,,,,,,
西成区,天下茶屋東,2丁目,11番,上記以外,,,,,,,,月木,,,,,,,,,,,,,,水,,,,,,,,,,,,,,,,土,,,,,,,,,,,,,,金,,,,,,,,,,,,,,
西成区,天下茶屋東,2丁目,12番,軽四輪車(小さい車)で収集している地域,,,,,,,,月木,,,,,,,,,,,,,,,,,,,,,,水,,,,,,,,,,,,,,,,土,,,,,,,金,,,,,,,,,,,,,
西成区,天下茶屋東,2丁目,12番,上記以外,,,,,,,月木,,,,,,,,,,,,,,,水,,,,,,,,,,,,,,,,土,,,,,,,,,,,,,,金,,,,,,,,,,,,,,
西成区,天下茶屋東,2丁目,13番,軽四輪車(小さい車)で収集している地域,,,,,,,,,月木,,,,,,,,,,,,,,,,,,,,,水,,,,,,,,,,,,,,,,土,,,,,,,金,,,,,,,,,,,,,
西成区,天下茶屋東,2丁目,13番,上記以外,,,,,,,,月木,,,,,,,,,,,,,,水,,,,,,,,,,,,,,,,土,,,,,,,,,,,,,,金,,,,,,,,,,,,,,
西成区,天下茶屋東,2丁目,14番,軽四輪車(小さい車)で収集している地域,,,,,,,,月木,,,,,,,,,,,,,,,,,,,,,,水,,,,,,,,,,,,,,,,土,,,,,,,金,,,,,,,,,,,,,
西成区,天下茶屋東,2丁目,14番,上記以外,,,,,,,,月木,,,,,,,,,,,,,,水,,,,,,,,,,,,,,,,土,,,,,,,,,,,,,,金,,,,,,,,,,,,,,
西成区,天下茶屋東,2丁目,15番,,,,,,,,,月木,,,,,,,,,,,,,,水,,,,,,,,,,,,,,,,土,,,,,,,,,,,,,,金,,,,,,,,,,,,,,
西成区,天下茶屋東,2丁目,16番,,,,,,,,,,月木,,,,,,,,,,,,,水,,,,,,,,,,,,,,,,土,,,,,,,,,,,,,,金,,,,,,,,,,,,,,
西成区,天神ノ森,1丁目,1番,軽四輪車(小さい車)で収集している地域,,,,,,,,,,,,,,,,月木,,,,,,,,,,,,,,,,火,,,,,,,,,,,,,,,金,,,,,,,,,,金,,,,,,,,,
西成区,天神ノ森,1丁目,1番,上記以外,,,,,,,,,,,,,,,,月木,,,,,,火,,,,,,,,,,,,,,,,金,,,,,,,,,,,,,,,,,,,金,,,,,,,,,
西成区,天神ノ森,1丁目,2番,軽四輪車(小さい車)で収集している地域,,,,,,,,,,,,,,,,月木,,,,,,,,,,,,,,,,火,,,,,,,,,,,,,,,金,,,,,,,,,,,金,,,,,,,,
西成区,天神ノ森,1丁目,2番,上記以外,,,,,,,,,,,,,,,,月木,,,,,,火,,,,,,,,,,,,,,,,金,,,,,,,,,,,,,,,,,,,,金,,,,,,,,
西成区,天神ノ森,1丁目,3番,,,,,,,,,,,,,,,,,月木,,,,,,,,,,,,,,,,火,,,,,,,,,,,,,,,金,,,,,,,,,,,金,,,,,,,,
西成区,天神ノ森,1丁目,4番,,,,,,,,,,,,,,,,,月木,,,,,,,,,,,,,,,,火,,,,,,,,,,,,,,,金,,,,,,,,,,,金,,,,,,,,
西成区,天神ノ森,1丁目,5番,,,,,,,,,,,,,,,,,月木,,,,,,,,,,,,,,,,火,,,,,,,,,,,,,,,金,,,,,,,,,,,金,,,,,,,,
西成区,天神ノ森,1丁目,6番,,,,,,,,,,,,,,,,,月木,,,,,,火,,,,,,,,,,,,,,,,金,,,,,,,,,,,,,,,,金,,,,,,,,,,,,
西成区,天神ノ森,1丁目,7番,,,,,,,,,,,,,,,,,月木,,,,,,火,,,,,,,,,,,,,,,,金,,,,,,,,,,,,,,,,金,,,,,,,,,,,,
西成区,天神ノ森,1丁目,8番,,,,,,,,,,,,,,,,月木,,,,,,,火,,,,,,,,,,,,,,,,金,,,,,,,,,,,,,,,,金,,,,,,,,,,,,
西成区,天神ノ森,1丁目,9番,軽四輪車(小さい車)で収集している地域,,,,,,,,,,,,,,,,月木,,,,,,,,,,,,,,火,,,,,,,,,,,,,,,,金,,,,,,,,,,,金,,,,,,,,,
西成区,天神ノ森,1丁目,9番,上記以外,,,,,,,,,,,,,,,,月木,,,,,,火,,,,,,,,,,,,,,,,金,,,,,,,,,,,,,,,,,金,,,,,,,,,,,
西成区,天神ノ森,1丁目,10番,軽四輪車(小さい車)で収集している地域,,,,,,,,,,,,,,,,月木,,,,,,,,,,,,,,,,火,,,,,,,,,,,,,,,金,,,,,,,,,,金,,,,,,,,,
西成区,天神ノ森,1丁目,10番,上記以外,,,,,,,,,,,,,,,,月木,,,,,,火,,,,,,,,,,,,,,,,金,,,,,,,,,,,,,,,,,,,金,,,,,,,,,
西成区,天神ノ森,1丁目,11番,軽四輪車(小さい車)で収集している地域,,,,,,,,,,,,,,,,月木,,,,,,火,,,,,,,,,,,,,,,,金,,,,,,,,,,,,,,,,,,,金,,,,,,,,,
西成区,天神ノ森,1丁目,11番,上記以外,,,,,,,,,,,,,,,月木,,,,,,,火,,,,,,,,,,,,,,,,金,,,,,,,,,,,,,,,,金,,,,,,,,,,,,
西成区,天神ノ森,1丁目,12番,,,,,,,,,,,,,,,,,月木,,,,,,火,,,,,,,,,,,,,,,,金,,,,,,,,,,,,,,,,,,,金,,,,,,,,,
西成区,天神ノ森,1丁目,13番,軽四輪車(小さい車)で収集している地域,,,,,,,,,,,,,,,,月木,,,,,,,,,,,,,,,,火,,,,,,,,,,,,,,,金,,,,,,,,,,金,,,,,,,,,
西成区,天神ノ森,1丁目,13番,上記以外,,,,,,,,,,,,,,,,月木,,,,,,火,,,,,,,,,,,,,,,,金,,,,,,,,,,,,,,,,金,,,,,,,,,,,,
西成区,天神ノ森,1丁目,14番,,,,,,,,,,,,,,,,,月木,,,,,,,,,,,,,,,,火,,,,,,,,,,,,,,,,金,,,,,,金,,,,,,,,,,,,
西成区,天神ノ森,1丁目,15番,軽四輪車(小さい車)で収集している地域,,,,,,,,,,,,,,,,,,月木,,,,,,,,,,,,,,火,,,,,,,,,,,,,,,,金,,,,,,,,,金,,,,,,,,,
西成区,天神ノ森,1丁目,15番,上記以外,,,,,,,,,,,,,,,,月木,,,,,,火,,,,,,,,,,,,,,,,金,,,,,,,,,,,,,,,,,,金,,,,,,,,,,
西成区,天神ノ森,1丁目,16番,,,,,,,,,,,,,,,,,月木,,,,,,火,,,,,,,,,,,,,,,,金,,,,,,,,,,,,,,,,金,,,,,,,,,,,,
西成区,天神ノ森,1丁目,17番,,,,,,,,,,,,,,,,,月木,,,,,,火,,,,,,,,,,,,,,,,金,,,,,,,,,,,,,,,,,,金,,,,,,,,,,
西成区,天神ノ森,1丁目,18番,軽四輪車(小さい車)で収集している地域,,,,,,,,,,,,,,,,,月木,,,,,,,,,,,,,,,火,,,,,,,,,,,,,,,,金,,,,,,,,,金,,,,,,,,,
西成区,天神ノ森,1丁目,18番,上記以外,,,,,,,,,,,,,,,,月木,,,,,,火,,,,,,,,,,,,,,,,金,,,,,,,,,,,,,,,,,,金,,,,,,,,,,
西成区,天神ノ森,1丁目,19番,,,,,,,,,,,,,,,,,月木,,,,,,火,,,,,,,,,,,,,,,,金,,,,,,,,,,,,,,,,,,金,,,,,,,,,,
西成区,天神ノ森,2丁目,1番,,,,,,,,,,,,,,,,,,月木,,,,,,,,,,,,,,,,火,,,,,,,,,,,,,,,金,,,,,,,,金,,,,,,,,,,
西成区,天神ノ森,2丁目,2番,軽四輪車(小さい車)で収集している地域,,,,,,,,,,,,,,,,,月木,,,,,,,,,,,,,,,,火,,,,,,,,,,,,,,,金,,,,,,金,,,,,,,,,,,,
西成区,天神ノ森,2丁目,2番,上記以外,,,,,,,,,,,,,,,,月木,,,,,,火,,,,,,,,,,,,,,,,金,,,,,,,,,,,,,,,,,,金,,,,,,,,,,
西成区,天神ノ森,2丁目,3番,,,,,,,,,,,,,,,,,,月木,,,,,,,,,,,,,,,,火,,,,,,,,,,,,,,,金,,,,,,金,,,,,,,,,,,,
西成区,天神ノ森,2丁目,4番,,,,,,,,,,,,,,,,,月木,,,,,,,,,,,,,,,,,火,,,,,,,,,,,,,,,金,,,,,,金,,,,,,,,,,,,
西成区,天神ノ森,2丁目,5番,,,,,,,,,,,,,,,,月木,,,,,,,,,,,,,,,,,,火,,,,,,,,,,,,,,,金,,,,,,金,,,,,,,,,,,,
西成区,天神ノ森,2丁目,6番,,,,,,,,,,,,,,,,月木,,,,,,,,,,,,,,火,,,,,,,,,,,,,,,,金,,,,,,,,,金,,,,,,,,,,,,
西成区,天神ノ森,2丁目,7番,,,,,,,,,,,,,,,,月木,,,,,,,火,,,,,,,,,,,,,,,,,,,,,,,,,,金,,,,,,金,,,,,,,,,,,,
西成区,天神ノ森,2丁目,8番,軽四輪車(小さい車)で収集している地域,,,,,,,,,,,,,,,月木,,,,,,,,火,,,,,,,,,,,,,,,,,金,,,,,,,,,,,,,,金,,,,,,,,,,,,
西成区,天神ノ森,2丁目,8番,上記以外,,,,,,,,,月木,,,,,,,,,,,,,,火,,,,,,,,,,,,,,,,,金,,,,,,,,,,,,,,,,金,,,,,,,,,,
西成区,天神ノ森,2丁目,9番,,,,,,,,,,月木,,,,,,,,,,,,,,火,,,,,,,,,,,,,,,,,金,,,,,,,,,,,,,,,,金,,,,,,,,,,
西成区,天神ノ森,2丁目,10番,,,,,,,,,,月木,,,,,,,,,,,,,,火,,,,,,,,,,,,,,,,,金,,,,,,,,,,,,,,,,金,,,,,,,,,,
西成区,長橋,1丁目,2番,,,,,,,火金,,,,,,,,,,,,,,,,月,,,,,,,,,,,,,,,,木,,,,,,,,,,,,,,,,,,,,木,,,,,,,,
西成区,長橋,1丁目,3番,,,,,,,火金,,,,,,,,,,,,,,,,月,,,,,,,,,,,,,,,,木,,,,,,,,,,,,,,,,,,,,木,,,,,,,,
西成区,長橋,1丁目,4番,,,,,,,火金,,,,,,,,,,,,,,,,月,,,,,,,,,,,,,,,,木,,,,,,,,,,,,,,,,,,,,木,,,,,,,,
西成区,長橋,1丁目,5番,,,,,,,,火金,,,,,,,,,,,,,,,月,,,,,,,,,,,,,,,,木,,,,,,,,,,,,,,,,木,,,,,,,,,,,,
西成区,長橋,1丁目,6番,,,,,,,,火金,,,,,,,,,,,,,,,月,,,,,,,,,,,,,,,,木,,,,,,,,,,,,,,,,木,,,,,,,,,,,,
西成区,長橋,1丁目,7番,,,,,,,,火金,,,,,,,,,,,,,,,月,,,,,,,,,,,,,,,,木,,,,,,,,,,,,,,,,,,木,,,,,,,,,,
西成区,長橋,1丁目,8番,,,,,,,,,,火金,,,,,,,,,,,,,月,,,,,,,,,,,,,,,,木,,,,,,,,,,,,,,,,,,木,,,,,,,,,,
西成区,長橋,1丁目,9番,,,,,,,,,,火金,,,,,,,,,,,,,,月,,,,,,,,,,,,,,,木,,,,,,,,,,,,,,,,,,木,,,,,,,,,,
西成区,長橋,1丁目,10番,,,,,,,,火金,,,,,,,,,,,,,,,,月,,,,,,,,,,,,,,,,,木,,,,,,,,,,,,,,,,,木,,,,,,,,,
西成区,長橋,1丁目,11番,,,,,,,,,火金,,,,,,,,,,,,,,,月,,,,,,,,,,,,,,,,,木,,,,,,,,,,,,,,,,,木,,,,,,,,,
西成区,長橋,1丁目,12番,,,,,,,,火金,,,,,,,,,,,,,,,月,,,,,,,,,,,,,,,,木,,,,,,,,,,,,,,,,,,,,,木,,,,,,,
西成区,長橋,1丁目,13番,,,,,,,,火金,,,,,,,,,,,,,,,月,,,,,,,,,,,,,,,,木,,,,,,,,,,,,,,,,,,,,,木,,,,,,,
西成区,長橋,2丁目,1番,,,,,,,,火金,,,,,,,,,,,,,,,月,,,,,,,,,,,,,,,,木,,,,,,,,,,,,,,,,,,木,,,,,,,,,,
西成区,長橋,2丁目,2番,,,,,,,,,火金,,,,,,,,,,,,,,,月,,,,,,,,,,,,,,,木,,,,,,,,,,,,,,,,,,,,,木,,,,,,,
西成区,長橋,2丁目,3番,,,,,,,,火金,,,,,,,,,,,,,,,,月,,,,,,,,,,,,,,,木,,,,,,,,,,,,,,,,,,,,木,,,,,,,,
西成区,長橋,2丁目,4番,,,,,,,,火金,,,,,,,,,,,,,,,月,,,,,,,,,,,,,,,,木,,,,,,,,,,,,,,,,木,,,,,,,,,,,,
西成区,長橋,2丁目,5番,,,,,,,,,火金,,,,,,,,,,,,,,,月,,,,,,,,,,,,,,,木,,,,,,,,,,,,,,,,,,,,木,,,,,,,,
西成区,長橋,2丁目,6番,軽四輪車(小さい車)で収集している地域,,,,,,,,,,,,,,,火金,,,,,,,月,,,,,,,,,,,,,,,,木,,,,,,,,,,,,,,,,,,,,,木,,,,,,,
西成区,長橋,2丁目,6番,上記以外,,,,,,,,火金,,,,,,,,,,,,,,月,,,,,,,,,,,,,,,,木,,,,,,,,,,,,,,,,,,,,木,,,,,,,,
西成区,長橋,3丁目,1番,軽四輪車(小さい車)で収集している地域,,,,,,,,,,,,,,火金,,,,,,,,月,,,,,,,,,,,,,,,,木,,,,,,,,,,,,,,,,木,,,,,,,,,,,,
西成区,長橋,3丁目,1番,上記以外,,,,,,,火金,,,,,,,,,,,,,,,月,,,,,,,,,,,,,,,,木,,,,,,,,,,,,,,,,,,,木,,,,,,,,,
西成区,長橋,3丁目,2番,軽四輪車(小さい車)で収集している地域,,,,,,,,,,,,,,,火金,,,,,,,月,,,,,,,,,,,,,,,,木,,,,,,,,,,,,,,,,木,,,,,,,,,,,,
西成区,長橋,3丁目,2番,上記以外,,,,,,,火金,,,,,,,,,,,,,,,月,,,,,,,,,,,,,,,,木,,,,,,,,,,,,,,,,,,,,木,,,,,,,,
西成区,長橋,3丁目,3番,軽四輪車(小さい車)で収集している地域,,,,,,,,,,,,,,,火金,,,,,,,月,,,,,,,,,,,,,,,,木,,,,,,,,,,,,,,,,木,,,,,,,,,,,,
西成区,長橋,3丁目,3番,上記以外,,,,,,,火金,,,,,,,,,,,,,,,月,,,,,,,,,,,,,,,,木,,,,,,,,,,,,,,,,,,,,木,,,,,,,,
西成区,長橋,3丁目,4番,軽四輪車(小さい車)で収集している地域,,,,,,,,,,,,,,火金,,,,,,,,月,,,,,,,,,,,,,,,,木,,,,,,,,,,,,,,,,木,,,,,,,,,,,,
西成区,長橋,3丁目,4番,上記以外,,,,,,,火金,,,,,,,,,,,,,,,月,,,,,,,,,,,,,,,,木,,,,,,,,,,,,,,,,,,,木,,,,,,,,,
西成区,長橋,3丁目,5番,軽四輪車(小さい車)で収集している地域,,,,,,,,,,,,,,火金,,,,,,,,月,,,,,,,,,,,,,,,,木,,,,,,,,,,,,,,,,木,,,,,,,,,,,,
西成区,長橋,3丁目,5番,上記以外,,,,,,,火金,,,,,,,,,,,,,,,月,,,,,,,,,,,,,,,,木,,,,,,,,,,,,,,,,,,,,木,,,,,,,,
西成区,長橋,3丁目,6番,軽四輪車(小さい車)で収集している地域,,,,,,,,,,,,,,火金,,,,,,,,月,,,,,,,,,,,,,,,,木,,,,,,,,,,,,,,,,,,木,,,,,,,,,,
西成区,長橋,3丁目,6番,上記以外,,,,,,火金,,,,,,,,,,,,,,,,月,,,,,,,,,,,,,,,,木,,,,,,,,,,,,,,,,,,,木,,,,,,,,,
西成区,長橋,3丁目,7番,軽四輪車(小さい車)で収集している地域,,,,,,,,,,,,,,,火金,,,,,,,月,,,,,,,,,,,,,,,,木,,,,,,,,,,,,,,,,,,,,,木,,,,,,,
西成区,長橋,3丁目,7番,上記以外,,,,,,,火金,,,,,,,,,,,,,,,月,,,,,,,,,,,,,,,,木,,,,,,,,,,,,,,,,木,,,,,,,,,,,,
西成区,長橋,3丁目,8番,軽四輪車(小さい車)で収集している地域,,,,,,,,,,,,,,,火金,,,,,,,月,,,,,,,,,,,,,,,,木,,,,,,,,,,,,,,,,,,,,,木,,,,,,,
西成区,長橋,3丁目,8番,上記以外,,,,,,,火金,,,,,,,,,,,,,,,月,,,,,,,,,,,,,,,,木,,,,,,,,,,,,,,,,,,木,,,,,,,,,,
西成区,長橋,3丁目,10番,,,,,,,,火金,,,,,,,,,,,,,,,月,,,,,,,,,,,,,,,,木,,,,,,,,,,,,,,,,,,木,,,,,,,,,,
西成区,中開,1丁目,1番,,,,,,,,,,,,,,,,,,,火金,,,,,月,,,,,,,,,,,,,,,,,木,,,,,,,,,,,,,,木,,,,,,,,,,,,
西成区,中開,1丁目,2番,,,,,,,,,,,,,,,,,,,火金,,,,,月,,,,,,,,,,,,,,,,,木,,,,,,,,,,,,,,木,,,,,,,,,,,,
西成区,中開,1丁目,3番,,,,,,,,,,,,,,,,,,火金,,,,,,月,,,,,,,,,,,,,,,,,木,,,,,,,,,,,,,,木,,,,,,,,,,,,
西成区,中開,2丁目,1番,,,,,,,,,,,,,,,,,,火金,,,,,,月,,,,,,,,,,,,,,,,,木,,,,,,,,,,,,,,木,,,,,,,,,,,,
西成区,中開,2丁目,2番,,,,,,,,,,,,,,,,,,,火金,,,,,月,,,,,,,,,,,,,,,,,木,,,,,,,,,,,,,,木,,,,,,,,,,,,
西成区,中開,2丁目,3番,,,,,,,,,,,,,,,,,,火金,,,,,,月,,,,,,,,,,,,,,,,,木,,,,,,,,,,,,,,木,,,,,,,,,,,,
西成区,中開,2丁目,4番,,,,,,,,,,,,,,,,,,火金,,,,,,月,,,,,,,,,,,,,,,,,木,,,,,,,,,,,,,,木,,,,,,,,,,,,
西成区,中開,2丁目,5番,,,,,,,,,,,,,,,,,,火金,,,,,,月,,,,,,,,,,,,,,,,,木,,,,,,,,,,,,,,木,,,,,,,,,,,,
西成区,中開,3丁目,1番,,,,,,,,,,,,,,,火金,,,,,,,,,月,,,,,,,,,,,,,,,,,木,,,,,,,,,,,,,,木,,,,,,,,,,,,
西成区,中開,3丁目,2番,,,,,,,,,,,,,,,,火金,,,,,,,,月,,,,,,,,,,,,,,,,,木,,,,,,,,,,,,,,木,,,,,,,,,,,,
西成区,中開,3丁目,3番,,,,,,,,,,,,,,,,,火金,,,,,,,月,,,,,,,,,,,,,,,,,木,,,,,,,,,,,,,,木,,,,,,,,,,,,
西成区,中開,3丁目,4番,,,,,,,,,,,,,,,,,火金,,,,,,,月,,,,,,,,,,,,,,,,,木,,,,,,,,,,,,,,木,,,,,,,,,,,,
西成区,中開,3丁目,5番,軽四輪車(小さい車)で収集している地域,,,,,,,,,,,,,,,火金,,,,,,,,,,,,,,,月,,,,,,,,,,木,,,,,,,,,,,,,,,,,,,木,,,,,,,
西成区,中開,3丁目,5番,上記以外,,,,,,,,,,,,,,,,,,火金,,,,,月,,,,,,,,,,,,,,,,,木,,,,,,,,,,,,,,木,,,,,,,,,,,,
西成区,中開,3丁目,6番,,,,,,,,,,,,,,,,,火金,,,,,,,月,,,,,,,,,,,,,,,,,木,,,,,,,,,,,,,,木,,,,,,,,,,,,
西成区,梅南,1丁目,1番,軽四輪車(小さい車)で収集している地域,,,,,,火金,,,,,,,,,,,,,,,,月,,,,,,,,,,,,,,,,木,,,,,,,,,,,,,,,,,,,,月,,,,,,,,
西成区,梅南,1丁目,1番,上記以外,,,,,,火金,,,,,,,,,,,,,,,,月,,,,,,,,,,,,,,,,木,,,,,,,,,,,,,,,,月,,,,,,,,,,,,
西成区,梅南,1丁目,2番,,,,,,,,火金,,,,,,,,,,,,,,,月,,,,,,,,,,,,,,,,木,,,,,,,,,,,,,,,,月,,,,,,,,,,,,
西成区,梅南,1丁目,3番,軽四輪車(小さい車)で収集している地域,,,,,,,,,火金,,,,,,,,,,,,,,,,,,,,,,月,,,,,,,,,,,,,,,,木,,,,,,,,,,,,,,,,月,,,
西成区,梅南,1丁目,3番,上記以外,,,,,,,火金,,,,,,,,,,,,,,,月,,,,,,,,,,,,,,,,木,,,,,,,,,,,,,,,,月,,,,,,,,,,,,
西成区,梅南,1丁目,4番,軽四輪車(小さい車)で収集している地域,,,,,,火金,,,,,,,,,,,,,,,,,,,,,,,,,月,,,,,,,,,,,,,,,,木,,,,,,,,,,,,,,,,月,,,
西成区,梅南,1丁目,4番,上記以外,,,,,,,火金,,,,,,,,,,,,,,,月,,,,,,,,,,,,,,,,木,,,,,,,,,,,,,,,,,,,,月,,,,,,,,
西成区,梅南,1丁目,5番,軽四輪車(小さい車)で収集している地域,,,,,,,,,,,,,,,,,火金,,,,,,,,,,,,,,月,,,,,,,,,,,,,,,,木,,,,,,,,,,,,,,,,月,,,
西成区,梅南,1丁目,5番,上記以外,,,,,,,,,,,,,,,火金,,,,,,,月,,,,,,,,,,,,,,,,木,,,,,,,,,,,,,,,,月,,,,,,,,,,,,
西成区,梅南,1丁目,6番,軽四輪車(小さい車)で収集している地域,,,,,,,,,,,,,,,,火金,,,,,,,,,,,,,,,月,,,,,,,,,,,,,,,,木,,,,,,,,,,,,,,,,月,,,
西成区,梅南,1丁目,6番,上記以外,,,,,,,,,,,,,,,火金,,,,,,,月,,,,,,,,,,,,,,,,木,,,,,,,,,,,,,,,,月,,,,,,,,,,,,
西成区,梅南,1丁目,7番,軽四輪車(小さい車)で収集している地域,,,,,,,,,,,,,,,,,火金,,,,,,,,,,,,,,月,,,,,,,,,,,,,,,,木,,,,,,,,,,,,,,,,,月,,
西成区,梅南,1丁目,7番,上記以外,,,,,,,,,火金,,,,,,,,,,,,,月,,,,,,,,,,,,,,,,木,,,,,,,,,,,,,,,,,,,,月,,,,,,,,
西成区,梅南,1丁目,8番,軽四輪車(小さい車)で収集している地域,,,,,,,,,,,,,,,,火金,,,,,,,,,,,,,,,月,,,,,,,,,,,,,,,,木,,,,,,,,,,,,,,,,月,,,
西成区,梅南,1丁目,8番,上記以外,,,,,,,,火金,,,,,,,,,,,,,,月,,,,,,,,,,,,,,,,木,,,,,,,,,,,,,,,,月,,,,,,,,,,,,
西成区,梅南,2丁目,1番,,,,,,,,,,火金,,,,,,,,,,,,,月,,,,,,,,,,,,,,,,木,,,,,,,,,,,,,,,,,,,,,月,,,,,,,
西成区,梅南,2丁目,2番,軽四輪車(小さい車)で収集している地域,,,,,,,,,火金,,,,,,,,,,,,,,,,,,,,,,月,,,,,,,,,,,,,,,,木,,,,,,,,,,,,,,,,月,,,
西成区,梅南,2丁目,2番,上記以外,,,,,,,,,火金,,,,,,,,,,,,,月,,,,,,,,,,,,,,,,木,,,,,,,,,,,,,,,,月,,,,,,,,,,,,
西成区,梅南,2丁目,3番,軽四輪車(小さい車)で収集している地域,,,,,,,,,,,,,,,,火金,,,,,,,,,,,,,,,月,,,,,,,,,,,,,,,,木,,,,,,,,,,,,,,,,月,,,
西成区,梅南,2丁目,3番,上記以外,,,,,,,,,火金,,,,,,,,,,,,,月,,,,,,,,,,,,,,,,木,,,,,,,,,,,,,,,,月,,,,,,,,,,,,
西成区,梅南,2丁目,4番,,,,,,,,,,火金,,,,,,,,,,,,,月,,,,,,,,,,,,,,,,木,,,,,,,,,,,,,,,,,,,,,,月,,,,,,
西成区,梅南,2丁目,5番,軽四輪車(小さい車)で収集している地域,,,,,,,,,火金,,,,,,,,,,,,,,,,,,,,,,月,,,,,,,,,,,,,,,,木,,,,,,,,,,,,,,,,月,,,
西成区,梅南,2丁目,5番,上記以外,,,,,,,,,火金,,,,,,,,,,,,,月,,,,,,,,,,,,,,,,木,,,,,,,,,,,,,,,,月,,,,,,,,,,,,
西成区,梅南,3丁目,1番,,,,,,,,火金,,,,,,,,,,,,,,,月,,,,,,,,,,,,,,,,木,,,,,,,,,,,,,,,,,,,,月,,,,,,,,
西成区,梅南,3丁目,2番,,,,,,,,火金,,,,,,,,,,,,,,,月,,,,,,,,,,,,,,,,木,,,,,,,,,,,,,,,,,,,月,,,,,,,,,
西成区,梅南,3丁目,3番,軽四輪車(小さい車)で収集している地域,,,,,,,火金,,,,,,,,,,,,,,月,,,,,,,,,,,,,,,,木,,,,,,,,,,,,,,,,,,,,,月,,,,,,,,
西成区,梅南,3丁目,3番,上記以外,,,,,,,,,火金,,,,,,,,,,,,,月,,,,,,,,,,,,,,,,木,,,,,,,,,,,,,,,,,,,,月,,,,,,,,
西成区,梅南,3丁目,4番,,,,,,,火金,,,,,,,,,,,,,,,,月,,,,,,,,,,,,,,,,木,,,,,,,,,,,,,,,,,,,,月,,,,,,,,
西成区,梅南,3丁目,5番,,,,,,,火金,,,,,,,,,,,,,,,,月,,,,,,,,,,,,,,,,木,,,,,,,,,,,,,,,,,,,,月,,,,,,,,
西成区,梅南,3丁目,6番,軽四輪車(小さい車)で収集している地域,,,,,,,火金,,,,,,,,,,,,,,,月,,,,,,,,,,,,,,,,木,,,,,,,,,,,,,,,,,,,月,,,,,,,,,
西成区,梅南,3丁目,6番,上記以外,,,,,,火金,,,,,,,,,,,,,,,,月,,,,,,,,,,,,,,,,木,,,,,,,,,,,,,,,,,,,,月,,,,,,,,
西成区,梅南,3丁目,7番,軽四輪車(小さい車)で収集している地域,,,,,,,火金,,,,,,,,,,,,,,月,,,,,,,,,,,,,,,,木,,,,,,,,,,,,,,,,,,,,月,,,,,,,,,
西成区,梅南,3丁目,7番,上記以外,,,,,,,,,火金,,,,,,,,,,,,,月,,,,,,,,,,,,,,,,木,,,,,,,,,,,,,,,,,,,月,,,,,,,,,
西成区,梅南,3丁目,8番,,,,,,,,火金,,,,,,,,,,,,,,,月,,,,,,,,,,,,,,,,木,,,,,,,,,,,,,,,,,,,月,,,,,,,,,
西成区,梅南,3丁目,9番,軽四輪車(小さい車)で収集している地域,,,,,,,火金,,,,,,,,,,,,,,月,,,,,,,,,,,,,,,,木,,,,,,,,,,,,,,,,,,,,,月,,,,,,,,
西成区,梅南,3丁目,9番,上記以外,,,,,,,火金,,,,,,,,,,,,,,,月,,,,,,,,,,,,,,,,木,,,,,,,,,,,,,,,,,,,,月,,,,,,,,
西成区,萩之茶屋,1丁目,3番,,,,,,,,,,,,,,,,,月木,,,,,,水,,,,,,,,,,,,,,,,土,,,,,,,,,,,,,,,,水,,,,,,,,,,,,
西成区,萩之茶屋,1丁目,4番,,,,,,,,,,,,,,,,,月木,,,,,,水,,,,,,,,,,,,,,,,土,,,,,,,,,,,,,,,,水,,,,,,,,,,,,
西成区,萩之茶屋,1丁目,5番,,,,,,,,,,,,,,,,,月木,,,,,,水,,,,,,,,,,,,,,,,土,,,,,,,,,,,,,,,,水,,,,,,,,,,,,
西成区,萩之茶屋,1丁目,6番,,,,,,,,,,,,,,,,,月木,,,,,,水,,,,,,,,,,,,,,,,土,,,,,,,,,,,,,,,,水,,,,,,,,,,,,
西成区,萩之茶屋,1丁目,7番,,,,,,,,,,,,,,,,,,,月木,,,,水,,,,,,,,,,,,,,,,土,,,,,,,,,,,,,,,,水,,,,,,,,,,,,
西成区,萩之茶屋,1丁目,8番,,,,,,,,,,,,,,,,,,,月木,,,,水,,,,,,,,,,,,,,,,土,,,,,,,,,,,,,,,,水,,,,,,,,,,,,
西成区,萩之茶屋,1丁目,9番,,,,,,,,,,,,,,,,,,,月木,,,,水,,,,,,,,,,,,,,,,土,,,,,,,,,,,,,,,,水,,,,,,,,,,,,
西成区,萩之茶屋,1丁目,10番,,,,,,,,,,,,,,,,月木,,,,,,,水,,,,,,,,,,,,,,,,土,,,,,,,,,,,,,,,,水,,,,,,,,,,,,
西成区,萩之茶屋,1丁目,11番,,,,,,,,,,,,,,,,,月木,,,,,,水,,,,,,,,,,,,,,,,土,,,,,,,,,,,,,,,,水,,,,,,,,,,,,
西成区,萩之茶屋,1丁目,12番,,,,,,,,,,,,,,,,月木,,,,,,,水,,,,,,,,,,,,,,,,土,,,,,,,,,,,,,,,,水,,,,,,,,,,,,
西成区,萩之茶屋,1丁目,13番,,,,,,,,,,,,,,,,,,,月木,,,,水,,,,,,,,,,,,,,,,土,,,,,,,,,,,,,,,,水,,,,,,,,,,,,
西成区,萩之茶屋,1丁目,14番,,,,,,,,,,,,,,,,,,,月木,,,,水,,,,,,,,,,,,,,,,土,,,,,,,,,,,,,,,,水,,,,,,,,,,,,
西成区,萩之茶屋,2丁目,1番,,,,,,,,,,,,,,,,,,,月木,,,,水,,,,,,,,,,,,,,,,土,,,,,,,,,,,,,,,,水,,,,,,,,,,,,
西成区,萩之茶屋,2丁目,2番,,,,,,,,,,,,,,,,,月木,,,,,,水,,,,,,,,,,,,,,,,土,,,,,,,,,,,,,,,,,,水,,,,,,,,,,
西成区,萩之茶屋,2丁目,3番,,,,,,,,,,,,,,,,,,,月木,,,,水,,,,,,,,,,,,,,,,土,,,,,,,,,,,,,,,,水,,,,,,,,,,,,
西成区,萩之茶屋,2丁目,4番,,,,,,,,,,,,,,,,,,,月木,,,,水,,,,,,,,,,,,,,,,土,,,,,,,,,,,,,,,,水,,,,,,,,,,,,
西成区,萩之茶屋,2丁目,5番,,,,,,,,,,,,,,,,,,,月木,,,,水,,,,,,,,,,,,,,,,土,,,,,,,,,,,,,,,,水,,,,,,,,,,,,
西成区,萩之茶屋,2丁目,6番,,,,,,,,,,,,,,,,,,,月木,,,,水,,,,,,,,,,,,,,,,土,,,,,,,,,,,,,,,,,,水,,,,,,,,,,
西成区,萩之茶屋,2丁目,7番,,,,,,,,,,,,,,,,,,,月木,,,,水,,,,,,,,,,,,,,,,土,,,,,,,,,,,,,,,,,,水,,,,,,,,,,
西成区,萩之茶屋,2丁目,8番,,,,,,,,,,,,,,,,,,,月木,,,,水,,,,,,,,,,,,,,,,土,,,,,,,,,,,,,,,,水,,,,,,,,,,,,
西成区,萩之茶屋,2丁目,9番,,,,,,,,,,,,,,,,,,,月木,,,,水,,,,,,,,,,,,,,,,土,,,,,,,,,,,,,,,,水,,,,,,,,,,,,
西成区,萩之茶屋,2丁目,10番,,,,,,,,,,,,,,,,,,,月木,,,,水,,,,,,,,,,,,,,,,土,,,,,,,,,,,,,,,,水,,,,,,,,,,,,
西成区,萩之茶屋,2丁目,11番,,,,,,,,,,,,,,,,,,,月木,,,,水,,,,,,,,,,,,,,,,土,,,,,,,,,,,,,,,,水,,,,,,,,,,,,
西成区,萩之茶屋,3丁目,1番,,,,,,,月木,,,,,,,,,,,,,,,,水,,,,,,,,,,,,,,,,土,,,,,,,,,,,,,,,,水,,,,,,,,,,,,
西成区,萩之茶屋,3丁目,2番,,,,,,,,,,,,,,,,,,,月木,,,,水,,,,,,,,,,,,,,,,土,,,,,,,,,,,,,,,,水,,,,,,,,,,,,
西成区,萩之茶屋,3丁目,3番,,,,,,,月木,,,,,,,,,,,,,,,,水,,,,,,,,,,,,,,,,土,,,,,,,,,,,,,,,,水,,,,,,,,,,,,
西成区,萩之茶屋,3丁目,4番,軽四輪車(小さい車)で収集している地域,,,,,,月木,,,,,,,,,,,,,,,,,水,,,,,,,,,,,,,,,土,,,,,,,,,,,,,,,,水,,,,,,,,,,,,
西成区,萩之茶屋,3丁目,4番,上記以外,,,,,,,,,,,,,,,,,,月木,,,,,水,,,,,,,,,,,,,,,土,,,,,,,,,,,,,,,,水,,,,,,,,,,,,
西成区,萩之茶屋,3丁目,5番,軽四輪車(小さい車)で収集している地域,,,,,,月木,,,,,,,,,,,,,,,,,水,,,,,,,,,,,,,,,土,,,,,,,,,,,,,,,,水,,,,,,,,,,,,
西成区,萩之茶屋,3丁目,5番,上記以外,,,,,,,,,,,,,,,,,,月木,,,,水,,,,,,,,,,,,,,,,土,,,,,,,,,,,,,,,,水,,,,,,,,,,,,
西成区,萩之茶屋,3丁目,6番,,,,,,,,,,,,,,,,,,,月木,,,,水,,,,,,,,,,,,,,,,土,,,,,,,,,,,,,,,,水,,,,,,,,,,,,
西成区,萩之茶屋,3丁目,8番,,,,,,,,,,,,,,,,,,,月木,,,,水,,,,,,,,,,,,,,,,土,,,,,,,,,,,,,,,,水,,,,,,,,,,,,
西成区,萩之茶屋,3丁目,9番,,,,,,,,,,,,,,,,,,,月木,,,,水,,,,,,,,,,,,,,,,土,,,,,,,,,,,,,,,,水,,,,,,,,,,,,
西成区,萩之茶屋,3丁目,10番,,,,,,,,,,,,,,,,,,,月木,,,,水,,,,,,,,,,,,,,,,土,,,,,,,,,,,,,,,,水,,,,,,,,,,,,
西成区,萩之茶屋,3丁目,11番,,,,,,,,,,,,,,,,,,,月木,,,,水,,,,,,,,,,,,,,,,土,,,,,,,,,,,,,,,,水,,,,,,,,,,,,
西成区,花園北,1丁目,1番,,,,,,,月木,,,,,,,,,,,,,,,,水,,,,,,,,,,,,,,,,土,,,,,,,,,,,,,,,,水,,,,,,,,,,,,
西成区,花園北,1丁目,2番,,,,,,,,,,,,,,,,月木,,,,,,,水,,,,,,,,,,,,,,,,土,,,,,,,,,,,,,,,,水,,,,,,,,,,,,
西成区,花園北,1丁目,3番,,,,,,,,,,,,,,,,月木,,,,,,,水,,,,,,,,,,,,,,,,土,,,,,,,,,,,,,,,,水,,,,,,,,,,,,
西成区,花園北,1丁目,4番,,,,,,,,,,,,,,,,月木,,,,,,,水,,,,,,,,,,,,,,,,土,,,,,,,,,,,,,,,,水,,,,,,,,,,,,
西成区,花園北,1丁目,5番,,,,,,,,,,,,,,,,月木,,,,,,,水,,,,,,,,,,,,,,,,土,,,,,,,,,,,,,,,,水,,,,,,,,,,,,
西成区,花園北,1丁目,6番,,,,,,,,,,,,,,,,月木,,,,,,,水,,,,,,,,,,,,,,,,土,,,,,,,,,,,,,,,,水,,,,,,,,,,,,
西成区,花園北,1丁目,7番,,,,,,,,,,,,,,,,月木,,,,,,,水,,,,,,,,,,,,,,,,土,,,,,,,,,,,,,,,,水,,,,,,,,,,,,
西成区,花園北,1丁目,9番,,,,,,,,,,,,,,,,月木,,,,,,,水,,,,,,,,,,,,,,,,土,,,,,,,,,,,,,,,,水,,,,,,,,,,,,
西成区,花園北,1丁目,10番,,,,,,,,,,,,,,,,月木,,,,,,,水,,,,,,,,,,,,,,,,土,,,,,,,,,,,,,,,,水,,,,,,,,,,,,
西成区,花園北,2丁目,1番,,,,,,,,,,,,,,,,,,,火金,,,,水,,,,,,,,,,,,,,,,土,,,,,,,,,,,,,,,,水,,,,,,,,,,,,
西成区,花園北,2丁目,2番,,,,,,,,,,,,,,,,,,,火金,,,,水,,,,,,,,,,,,,,,,土,,,,,,,,,,,,,,,,水,,,,,,,,,,,,
西成区,花園北,2丁目,3番,,,,,,,,,,,,,,,,,,,火金,,,,水,,,,,,,,,,,,,,,,土,,,,,,,,,,,,,,,,水,,,,,,,,,,,,
西成区,花園北,2丁目,4番,,,,,,,,,,,,,,,,,,,火金,,,,水,,,,,,,,,,,,,,,,土,,,,,,,,,,,,,,,,水,,,,,,,,,,,,
西成区,花園北,2丁目,5番,,,,,,,火金,,,,,,,,,,,,,,,,水,,,,,,,,,,,,,,,,土,,,,,,,,,,,,,,,,水,,,,,,,,,,,,
西成区,花園北,2丁目,6番,,,,,,,,,,,,,,,,,,,火金,,,,水,,,,,,,,,,,,,,,,土,,,,,,,,,,,,,,,,水,,,,,,,,,,,,
西成区,花園北,2丁目,7番,,,,,,,,,,,,,,,,,,,火金,,,,水,,,,,,,,,,,,,,,,土,,,,,,,,,,,,,,,,水,,,,,,,,,,,,
西成区,花園北,2丁目,8番,,,,,,,,,,,,,,,,,,,火金,,,,水,,,,,,,,,,,,,,,,土,,,,,,,,,,,,,,,,水,,,,,,,,,,,,
西成区,花園北,2丁目,9番,軽四輪車(小さい車)で収集している地域,,,,,,火金,,,,,,,,,,,,,,,,水,,,,,,,,,,,,,,,,土,,,,,,,,,,,,,,,,水,,,,,,,,,,,,
西成区,花園北,2丁目,9番,上記以外,,,,,,,,,,,,,,,,,,火金,,,,水,,,,,,,,,,,,,,,,土,,,,,,,,,,,,,,,,水,,,,,,,,,,,,
西成区,花園北,2丁目,10番,,,,,,,火金,,,,,,,,,,,,,,,,水,,,,,,,,,,,,,,,,土,,,,,,,,,,,,,,,,水,,,,,,,,,,,,
西成区,花園北,2丁目,11番,18号ネオコーポ花園,,,,,,,,,,,,,,,,火金,,,,,,水,,,,,,,,,,,,,,,,土,,,,,,,,,,,,,,,,水,,,,,,,,,,,,
西成区,花園北,2丁目,11番,上記以外,,,,,,火金,,,,,,,,,,,,,,,,水,,,,,,,,,,,,,,,,土,,,,,,,,,,,,,,,,水,,,,,,,,,,,,
西成区,花園北,2丁目,12番,線路沿い,,,,,,,,,,,,,火金,,,,,,,,,,水,,,,,,,,,,,,,,,,,土,,,,,,,,,,,,,,水,,,,,,,,,,,,
西成区,花園北,2丁目,12番,上記以外,,,,,,火金,,,,,,,,,,,,,,,,,水,,,,,,,,,,,,,,,,,土,,,,,,,,,,,,,,水,,,,,,,,,,,,
西成区,花園北,2丁目,13番,線路沿い,,,,,,,,,,,,,火金,,,,,,,,,,水,,,,,,,,,,,,,,,,,土,,,,,,,,,,,,,,水,,,,,,,,,,,,
西成区,花園北,2丁目,13番,上記以外,,,,,,,,,,,,,,,,,,火金,,,,,水,,,,,,,,,,,,,,,,,土,,,,,,,,,,,,,,水,,,,,,,,,,,,
西成区,花園北,2丁目,14番,軽四輪車(小さい車)で収集している地域,,,,,,火金,,,,,,,,,,,,,,,,,水,,,,,,,,,,,,,,,,,土,,,,,,,,,,,,,,水,,,,,,,,,,,,
西成区,花園北,2丁目,14番,上記以外,,,,,,,,,,,,,,,,,火金,,,,,水,,,,,,,,,,,,,,,,土,,,,,,,,,,,,,,,,水,,,,,,,,,,,,
西成区,花園北,2丁目,15番,,,,,,,火金,,,,,,,,,,,,,,,,水,,,,,,,,,,,,,,,,土,,,,,,,,,,,,,,,,水,,,,,,,,,,,,
西成区,花園北,2丁目,16番,,,,,,,,,,,,,,,,,,火金,,,,,水,,,,,,,,,,,,,,,,土,,,,,,,,,,,,,,,,水,,,,,,,,,,,,
西成区,花園北,2丁目,17番,,,,,,,,,,,,,,,,,,火金,,,,,水,,,,,,,,,,,,,,,,土,,,,,,,,,,,,,,,,水,,,,,,,,,,,,
西成区,花園北,2丁目,18番,軽四輪車(小さい車)で収集している地域,,,,,,,火金,,,,,,,,,,,,,,,水,,,,,,,,,,,,,,,,土,,,,,,,,,,,,,,,,水,,,,,,,,,,,,
西成区,花園北,2丁目,18番,上記以外,,,,,,,,,,,,,,,,,火金,,,,,水,,,,,,,,,,,,,,,,土,,,,,,,,,,,,,,,,水,,,,,,,,,,,,
西成区,花園南,1丁目,1番,,,,,,,,火金,,,,,,,,,,,,,,,,,,,,,,,,,月,,,,,,,,,,,,,,,木,,,,,,,月,,,,,,,,,,,,
西成区,花園南,1丁目,2番,,,,,,,火金,,,,,,,,,,,,,,,,,,,,,,,,,,月,,,,,,,,,,,,,,,木,,,,,,,月,,,,,,,,,,,,
西成区,花園南,1丁目,3番,,,,,,,火金,,,,,,,,,,,,,,,,,,,,,,,,,,月,,,,,,,,,,,,,,,木,,,,,,,,,,,月,,,,,,,,
西成区,花園南,1丁目,4番,,,,,,,火金,,,,,,,,,,,,,,,,,,,,,,,,,,月,,,,,,,,,,,,,,,木,,,,,,,月,,,,,,,,,,,,
西成区,花園南,1丁目,5番,,,,,,,火金,,,,,,,,,,,,,,,,,,,,,,,,,,月,,,,,,,,,,,,,,,木,,,,,,,月,,,,,,,,,,,,
西成区,花園南,1丁目,6番,,,,,,,火金,,,,,,,,,,,,,,,,,,,,,,,,,,月,,,,,,,,,,,,,,,木,,,,,,,月,,,,,,,,,,,,
西成区,花園南,1丁目,7番,軽四輪車(小さい車)で収集している地域,,,,,,,,,,,,,,,,,,火金,,,,,,,,,,,,,,月,,,,,,,,,,,,,,,木,,,,,,,,,,,月,,,,,,,,
西成区,花園南,1丁目,7番,上記以外,,,,,,,,,,,,,,,,,,火金,,,,月,,,,,,,,,,,,,,,,木,,,,,,,,,,,,,,,,月,,,,,,,,,,,,
西成区,花園南,1丁目,8番,軽四輪車(小さい車)で収集している地域,,,,,,,,,,,,,,,,,火金,,,,,,,,,,,,,,,月,,,,,,,,,,,,,,,木,,,,,,,,,,,月,,,,,,,,
西成区,花園南,1丁目,8番,上記以外,,,,,,,,,,,,,,,,,,火金,,,,月,,,,,,,,,,,,,,,,木,,,,,,,,,,,,,,,,月,,,,,,,,,,,,
西成区,花園南,1丁目,9番,軽四輪車(小さい車)で収集している地域,,,,,,,,,,,,,,,,,火金,,,,,,,,,,,,,,,月,,,,,,,,,,,,,,,木,,,,,,,,,,,月,,,,,,,,
西成区,花園南,1丁目,9番,上記以外,,,,,,,,,,,,,,,,,,火金,,,,月,,,,,,,,,,,,,,,,木,,,,,,,,,,,,,,,,月,,,,,,,,,,,,
西成区,花園南,1丁目,10番,,,,,,,,,,,,,,,,,,火金,,,,,,,,,,,,,,,月,,,,,,,,,,,,,,,木,,,,,,,,,,,月,,,,,,,,
西成区,花園南,1丁目,11番,,,,,,,,,,,,,,,,,,火金,,,,,,,,,,,,,,,月,,,,,,,,,,,,,,,木,,,,,,,月,,,,,,,,,,,,
西成区,花園南,1丁目,12番,,,,,,,,,,,,,,,,,,火金,,,,,,,,,,,,,,,月,,,,,,,,,,,,,,,木,,,,,,,月,,,,,,,,,,,,
西成区,花園南,1丁目,13番,,,,,,,,,,,,,,,,,,火金,,,,,,,,,,,,,,,月,,,,,,,,,,,,,,,木,,,,,,,月,,,,,,,,,,,,
西成区,花園南,2丁目,1番,軽四輪車(小さい車)で収集している地域,,,,,,,,,,,,,,,,,火金,,,,,,,,,,,,,,,月,,,,,,,,,,,,,,,木,,,,,,,,,,月,,,,,,,,,
西成区,花園南,2丁目,1番,上記以外,,,,,,,,,,,,,,,,,,火金,,,,月,,,,,,,,,,,,,,,,木,,,,,,,,,,,,,,,,月,,,,,,,,,,,,
西成区,花園南,2丁目,2番,軽四輪車(小さい車)で収集している地域,,,,,,,,,,,,,,,,,火金,,,,,,,,,,,,,,,月,,,,,,,,,,,,,,,木,,,,,,,,,,,月,,,,,,,,
西成区,花園南,2丁目,2番,上記以外,,,,,,,,,,,,,,,,,,火金,,,,月,,,,,,,,,,,,,,,,木,,,,,,,,,,,,,,,,月,,,,,,,,,,,,
西成区,花園南,2丁目,3番,軽四輪車(小さい車)で収集している地域,,,,,,,,,,,,,,,,,火金,,,,,,,,,,,,,,,月,,,,,,,,,,,,,,,木,,,,,,,,,,月,,,,,,,,,
西成区,花園南,2丁目,3番,上記以外,,,,,,,,,,,,,,,,,,火金,,,,月,,,,,,,,,,,,,,,,木,,,,,,,,,,,,,,,,月,,,,,,,,,,,,
西成区,花園南,2丁目,4番,,,,,,,,,,,,,,,,,,,火金,,,,月,,,,,,,,,,,,,,,,木,,,,,,,,,,,,,,,,月,,,,,,,,,,,,
西成区,花園南,2丁目,5番,,,,,,,,,,,,,,,,,,火金,,,,,月,,,,,,,,,,,,,,,,木,,,,,,,,,,,,,,,,月,,,,,,,,,,,,
西成区,花園南,2丁目,6番,,,,,,,,,,,,,,,,,,,火金,,,,月,,,,,,,,,,,,,,,,木,,,,,,,,,,,,,,,,月,,,,,,,,,,,,
西成区,花園南,2丁目,7番,,,,,,,,,,,,,,,,,,,火金,,,,月,,,,,,,,,,,,,,,,木,,,,,,,,,,,,,,,,月,,,,,,,,,,,,
西成区,花園南,2丁目,8番,,,,,,,,,,,,,,,,,,,火金,,,,月,,,,,,,,,,,,,,,,木,,,,,,,,,,,,,,,,月,,,,,,,,,,,,
西成区,花園南,2丁目,9番,,,,,,,,,,,,,,,,,,火金,,,,,月,,,,,,,,,,,,,,,,木,,,,,,,,,,,,,,,,月,,,,,,,,,,,,
西成区,松,1丁目,1番,,,,,,,,火金,,,,,,,,,,,,,,,月,,,,,,,,,,,,,,,,木,,,,,,,,,,,,,,,,月,,,,,,,,,,,,
西成区,松,1丁目,2番,,,,,,,火金,,,,,,,,,,,,,,,,月,,,,,,,,,,,,,,,,木,,,,,,,,,,,,,,,,,,,,,月,,,,,,,
西成区,松,1丁目,3番,軽四輪車(小さい車)で収集している地域,,,,,,,,,,,,,,,,,火金,,,,,,,,,,,,,,月,,,,,,,,,,,,,,,木,,,,,,,,,,,,,,,,,,月,,
西成区,松,1丁目,3番,上記以外,,,,,,,火金,,,,,,,,,,,,,,,月,,,,,,,,,,,,,,,,木,,,,,,,,,,,,,,,,,,,,,月,,,,,,,
西成区,松,1丁目,4番,軽四輪車(小さい車)で収集している地域,,,,,,,,火金,,,,,,,,,,,,,,,,,,,,,,,月,,,,,,,,,,,,,,,木,,,,,,,,,,,,,,,,,,月,,
西成区,松,1丁目,4番,上記以外,,,,,,,火金,,,,,,,,,,,,,,,月,,,,,,,,,,,,,,,,木,,,,,,,,,,,,,,,,月,,,,,,,,,,,,
西成区,松,1丁目,5番,軽四輪車(小さい車)で収集している地域,,,,,,,,,,,,,,,,,火金,,,,,,,,,,,,,,月,,,,,,,,,,,,,,,木,,,,,,,,,,,,,,,,,月,,,
西成区,松,1丁目,5番,上記以外,,,,,,,,,,,,,,,火金,,,,,,,月,,,,,,,,,,,,,,,,木,,,,,,,,,,,,,,,,月,,,,,,,,,,,,
西成区,松,1丁目,6番,軽四輪車(小さい車)で収集している地域,,,,,,,,,,,,,,,火金,,,,,,,,,,,,,,,,月,,,,,,,,,,,,,,,木,,,,,,,,,,,,,,,,,,月,,
西成区,松,1丁目,6番,上記以外,,,,,,,,,,,,,,,火金,,,,,,,月,,,,,,,,,,,,,,,,木,,,,,,,,,,,,,,,,,,,,月,,,,,,,,
西成区,松,1丁目,7番,,,,,,,,,,,,,,,,火金,,,,,,,月,,,,,,,,,,,,,,,,木,,,,,,,,,,,,,,,,,,,,月,,,,,,,,
西成区,松,1丁目,8番,軽四輪車(小さい車)で収集している地域,,,,,,,,,火金,,,,,,,,,,,,,,,,,,,,,,月,,,,,,,,,,,,,,,木,,,,,,,,,,,,,,,,,月,,,
西成区,松,1丁目,8番,上記以外,,,,,,,火金,,,,,,,,,,,,,,,月,,,,,,,,,,,,,,,,木,,,,,,,,,,,,,,,,月,,,,,,,,,,,,
西成区,松,1丁目,9番,軽四輪車(小さい車)で収集している地域,,,,,,,,,火金,,,,,,,,,,,,,,,,,,,,,,月,,,,,,,,,,,,,,,木,,,,,,,,,,,,,,,,,月,,,
西成区,松,1丁目,9番,上記以外,,,,,,,火金,,,,,,,,,,,,,,,月,,,,,,,,,,,,,,,,木,,,,,,,,,,,,,,,,月,,,,,,,,,,,,
西成区,松,1丁目,10番,軽四輪車(小さい車)で収集している地域,,,,,,,,,,,,,,,火金,,,,,,,,,,,,,,,,,月,,,,,,,,,,,,,,木,,,,,,,,,,,,,,,,,月,,,
西成区,松,1丁目,10番,上記以外,,,,,,火金,,,,,,,,,,,,,,,,月,,,,,,,,,,,,,,,,木,,,,,,,,,,,,,,,,,,,,,月,,,,,,,
西成区,松,2丁目,1番,軽四輪車(小さい車)で収集している地域,,,,,,,,,火金,,,,,,,,,,,,,,,,,,,,,,月,,,,,,,,,,,,,,,,木,,,,,,,,,,,,,,,,月,,,
西成区,松,2丁目,1番,上記以外,,,,,,,,,火金,,,,,,,,,,,,,月,,,,,,,,,,,,,,,,,木,,,,,,,,,,,,,,,月,,,,,,,,,,,,
西成区,松,2丁目,2番,軽四輪車(小さい車)で収集している地域,,,,,,,,,火金,,,,,,,,,,,,,月,,,,,,,,,,,,,,,,,,,,,,,,,木,,,,,,,,,,,,,,,,,月,,
西成区,松,2丁目,2番,上記以外,,,,,,,,,火金,,,,,,,,,,,,,月,,,,,,,,,,,,,,,,,木,,,,,,,,,,,,,,,,,,,,月,,,,,,,
西成区,松,2丁目,3番,軽四輪車(小さい車)で収集している地域,,,,,,,,,火金,,,,,,,,,,,,,,,,,,,,,,,月,,,,,,,,,,,,,,木,,,,,,,,,,,,,,,,,月,,,
西成区,松,2丁目,3番,上記以外,,,,,,,,,火金,,,,,,,,,,,,,月,,,,,,,,,,,,,,,,木,,,,,,,,,,,,,,,,,,,,,,月,,,,,,
西成区,松,2丁目,4番,軽四輪車(小さい車)で収集している地域,,,,,,,,,,,,,,,,火金,,,,,,,,,,,,,,,,月,,,,,,,,,,,,,,木,,,,,,,,,,,,,,,,,月,,,
西成区,松,2丁目,4番,上記以外,,,,,,,,,火金,,,,,,,,,,,,,月,,,,,,,,,,,,,,,,木,,,,,,,,,,,,,,,,月,,,,,,,,,,,,
西成区,松,2丁目,5番,軽四輪車(小さい車)で収集している地域,,,,,,,,,火金,,,,,,,,,,,,,,,,,,,,,,,月,,,,,,,,,,,,,,木,,,,,,,,,,,,,,,,,月,,,
西成区,松,2丁目,5番,上記以外,,,,,,,,,火金,,,,,,,,,,,,,月,,,,,,,,,,,,,,,,木,,,,,,,,,,,,,,,,月,,,,,,,,,,,,
西成区,松,2丁目,6番,軽四輪車(小さい車)で収集している地域,,,,,,,,,火金,,,,,,,,,,,,,,,,,,,,,,,月,,,,,,,,,,,,,,木,,,,,,,,,,,,,,,,,月,,,
西成区,松,2丁目,6番,上記以外,,,,,,,,,火金,,,,,,,,,,,,,月,,,,,,,,,,,,,,,,木,,,,,,,,,,,,,,,,月,,,,,,,,,,,,
西成区,松,2丁目,7番,軽四輪車(小さい車)で収集している地域,,,,,,,火金,,,,,,,,,,,,,,,,,,,,,,,,,月,,,,,,,,,,,,,,木,,,,,,,,,,,,,,,,,,月,,
西成区,松,2丁目,7番,上記以外,,,,,,,,,火金,,,,,,,,,,,,,月,,,,,,,,,,,,,,,,木,,,,,,,,,,,,,,,,,,,,月,,,,,,,,
西成区,松,2丁目,8番,軽四輪車(小さい車)で収集している地域,,,,,,,,,火金,,,,,,,,,,,,,,,,,,,,,,,月,,,,,,,,,,,,,,木,,,,,,,,,,,,,,,,,月,,,
西成区,松,2丁目,8番,上記以外,,,,,,,,,,火金,,,,,,,,,,,,月,,,,,,,,,,,,,,,,木,,,,,,,,,,,,,,,,,,,,,,月,,,,,,
西成区,松,2丁目,9番,軽四輪車(小さい車)で収集している地域,,,,,,,,,火金,,,,,,,,,,,,,,,,,,,,,,,月,,,,,,,,,,,,,,,木,,,,,,,,,,,,,,,,月,,,
西成区,松,2丁目,9番,上記以外,,,,,,,,,火金,,,,,,,,,,,,,月,,,,,,,,,,,,,,,,木,,,,,,,,,,,,,,,,,,,,,,,,,月,,,
西成区,松,3丁目,1番,,,,,,,,火金,,,,,,,,,,,,,,,月,,,,,,,,,,,,,,,,木,,,,,,,,,,,,,,,,,,,月,,,,,,,,,
西成区,松,3丁目,2番,,,,,,,,火金,,,,,,,,,,,,,,,月,,,,,,,,,,,,,,,,木,,,,,,,,,,,,,,,,,,月,,,,,,,,,,
西成区,松,3丁目,3番,軽四輪車(小さい車)で収集している地域,,,,,,,火金,,,,,,,,,,,,,,,,,,,,,,,,月,,,,,,,,,,,,,,,木,,,,,,,,,,,,月,,,,,,,,
西成区,松,3丁目,3番,上記以外,,,,,,,,,火金,,,,,,,,,,,,,月,,,,,,,,,,,,,,,,木,,,,,,,,,,,,,,,,,,,,月,,,,,,,,
西成区,松,3丁目,4番,軽四輪車(小さい車)で収集している地域,,,,,,,,火金,,,,,,,,,,,,,,,,,,,,,,,月,,,,,,,,,,,,,,,木,,,,,,,,,,,月,,,,,,,,,
西成区,松,3丁目,4番,上記以外,,,,,,,,,火金,,,,,,,,,,,,,月,,,,,,,,,,,,,,,,木,,,,,,,,,,,,,,,,,,,,月,,,,,,,,
西成区,松,3丁目,5番,軽四輪車(小さい車)で収集している地域,,,,,,,,火金,,,,,,,,,,,,,,,,,,,,,,,月,,,,,,,,,,,,,,,木,,,,,,,,,,,月,,,,,,,,,
西成区,松,3丁目,5番,上記以外,,,,,,,,,火金,,,,,,,,,,,,,月,,,,,,,,,,,,,,,,木,,,,,,,,,,,,,,,,,,,,月,,,,,,,,
西成区,松,3丁目,6番,軽四輪車(小さい車)で収集している地域,,,,,,,,火金,,,,,,,,,,,,,,,,,,,,,,,月,,,,,,,,,,,,,,,木,,,,,,,,,,,月,,,,,,,,,
西成区,松,3丁目,6番,上記以外,,,,,,,,,火金,,,,,,,,,,,,,月,,,,,,,,,,,,,,,,木,,,,,,,,,,,,,,,,,,,,月,,,,,,,,
西成区,松,3丁目,7番,軽四輪車(小さい車)で収集している地域,,,,,,,,火金,,,,,,,,,,,,,,,,,,,,,,,月,,,,,,,,,,,,,,,木,,,,,,,,,,月,,,,,,,,,,
西成区,松,3丁目,7番,上記以外,,,,,,,,,火金,,,,,,,,,,,,,月,,,,,,,,,,,,,,,,木,,,,,,,,,,,,,,,,,,,,月,,,,,,,,
西成区,松,3丁目,8番,,,,,,,,,火金,,,,,,,,,,,,,,,,,,,,,,,月,,,,,,,,,,,,,,,木,,,,,,,,,,,月,,,,,,,,,
西成区,松,3丁目,9番,軽四輪車(小さい車)で収集している地域,,,,,,,火金,,,,,,,,,,,,,,,,,,,,,,,,月,,,,,,,,,,,,,,,木,,,,,,,,,,,月,,,,,,,,,
西成区,松,3丁目,9番,上記以外,,,,,,,,,,,,,,火金,,,,,,,,月,,,,,,,,,,,,,,,,木,,,,,,,,,,,,,,,,,,,,月,,,,,,,,
西成区,松,3丁目,10番,軽四輪車(小さい車)で収集している地域,,,,,,,火金,,,,,,,,,,,,,,,,,,,,,,,,月,,,,,,,,,,,,,,,木,,,,,,,,月,,,,,,,,,,,,
西成区,松,3丁目,10番,上記以外,,,,,,,,,,,,,,火金,,,,,,,,月,,,,,,,,,,,,,,,,木,,,,,,,,,,,,,,,,,,,,月,,,,,,,,
西成区,松,3丁目,11番,軽四輪車(小さい車)で収集している地域,,,,,,,火金,,,,,,,,,,,,,,,,,,,,,,,,月,,,,,,,,,,,,,,,木,,,,,,,,,,,,月,,,,,,,,
西成区,松,3丁目,11番,上記以外,,,,,,,,,火金,,,,,,,,,,,,,月,,,,,,,,,,,,,,,,木,,,,,,,,,,,,,,,,,,,,月,,,,,,,,
西成区,松,3丁目,12番,軽四輪車(小さい車)で収集している地域,,,,,,,,,,,,,,火金,,,,,,,,,,,,,,,,,月,,,,,,,,,,,,,,,木,,,,,,,,,,,月,,,,,,,,,
西成区,松,3丁目,12番,上記以外,,,,,,,,,,,,,,火金,,,,,,,,月,,,,,,,,,,,,,,,,木,,,,,,,,,,,,,,,,,,,,月,,,,,,,,
西成区,南津守,1丁目,1番,,,,,,,,,,,,,,,,,,,月木,,,,,水,,,,,,,,,,,,,,,,,土,,,,,,,,,,,,,,,,,,,,,,,水,,,
西成区,南津守,1丁目,2番,,,,,,,,,,,,月木,,,,,,,,,,,,水,,,,,,,,,,,,,,,,,土,,,,,,,,,,,,,,,,,,,,,,,水,,,
西成区,南津守,1丁目,3番,,,,,,,,,,,,月木,,,,,,,,,,,,水,,,,,,,,,,,,,,,,,土,,,,,,,,,,,,,,,,,,,,,,,水,,,
西成区,南津守,1丁目,4番,,,,,,,,,,,,月木,,,,,,,,,,,水,,,,,,,,,,,,,,,,土,,,,,,,,,,,,,,,,,,,,,,,,,水,,,
西成区,南津守,1丁目,5番,軽四輪車(小さい車)で収集している地域,,,,,,,,月木,,,,,,,,,,,,,,,水,,,,,,,,,,,,,,,,,土,,,,,,,,,,,,,,,,,,,,,,,水,,,
西成区,南津守,1丁目,5番,上記以外,,,,,,,,,,,,,,,,,,月木,,,,,水,,,,,,,,,,,,,,,,,土,,,,,,,,,,,,,,,,,,,,,,,水,,,
西成区,南津守,2丁目,1番,,,,,,,月木,,,,,,,,,,,,,,,,水,,,,,,,,,,,,,,,,土,,,,,,,,,,,,,,,,火,,,,,,,,,,,,
西成区,南津守,2丁目,2番,,,,,,,月木,,,,,,,,,,,,,,,,,水,,,,,,,,,,,,,,,,,土,,,,,,,,,,,,,,火,,,,,,,,,,,,
西成区,南津守,2丁目,3番,,,,,,,月木,,,,,,,,,,,,,,,,,水,,,,,,,,,,,,,,,,,土,,,,,,,,,,,,,,火,,,,,,,,,,,,
西成区,南津守,2丁目,4番,,,,,,,月木,,,,,,,,,,,,,,,,,水,,,,,,,,,,,,,,,,,土,,,,,,,,,,,,,,火,,,,,,,,,,,,
西成区,南津守,3丁目,1番,軽四輪車(小さい車)で収集している地域,,,,,,,,月木,,,,,,,,,,,,,,,火,,,,,,,,,,,,,,,,,金,,,,,,,,,,,,,,火,,,,,,,,,,,,
西成区,南津守,3丁目,1番,上記以外,,,,,,,,,,,,,,,,,,月木,,,,,火,,,,,,,,,,,,,,,,,金,,,,,,,,,,,,,,火,,,,,,,,,,,,
西成区,南津守,3丁目,2番,,,,,,,,,,,,,,,,,,,月木,,,,,火,,,,,,,,,,,,,,,,,金,,,,,,,,,,,,,,火,,,,,,,,,,,,
西成区,南津守,3丁目,3番,,,,,,,,月木,,,,,,,,,,,,,,,,火,,,,,,,,,,,,,,,,,金,,,,,,,,,,,,,,火,,,,,,,,,,,,
西成区,南津守,3丁目,4番,,,,,,,,月木,,,,,,,,,,,,,,,,火,,,,,,,,,,,,,,,,,金,,,,,,,,,,,,,,火,,,,,,,,,,,,
西成区,南津守,3丁目,5番,軽四輪車(小さい車)で収集している地域,,,,,,,,,,,,,,,月木,,,,,,,,,,,,,,,火,,,,,,,,,,,,,,,,金,,,,,,,,火,,,,,,,,,,,,
西成区,南津守,3丁目,5番,上記以外,,,,,,,,,,,,,,,月木,,,,,,,,火,,,,,,,,,,,,,,,,,金,,,,,,,,,,,,,,火,,,,,,,,,,,,
西成区,南津守,3丁目,6番,軽四輪車(小さい車)で収集している地域,,,,,,,月木,,,,,,,,,,,,,,,,,,,,,,,火,,,,,,,,,,,,,,,,金,,,,,,,,火,,,,,,,,,,,,
西成区,南津守,3丁目,6番,上記以外,,,,,,,月木,,,,,,,,,,,,,,,,火,,,,,,,,,,,,,,,,,金,,,,,,,,,,,,,,火,,,,,,,,,,,,
西成区,南津守,3丁目,7番,軽四輪車(小さい車)で収集している地域,,,,,,,月木,,,,,,,,,,,,,,,,,,,,,,,火,,,,,,,,,,,,,,,,金,,,,,,,,,,火,,,,,,,,,,
西成区,南津守,3丁目,7番,上記以外,,,,,,,月木,,,,,,,,,,,,,,,,火,,,,,,,,,,,,,,,,,金,,,,,,,,,,,,,,,,火,,,,,,,,,,
西成区,南津守,3丁目,8番,軽四輪車(小さい車)で収集している地域,,,,,,,月木,,,,,,,,,,,,,,,,,,,,,,,火,,,,,,,,,,,,,,,,金,,,,,,,,火,,,,,,,,,,,,
西成区,南津守,3丁目,8番,上記以外,,,,,,,月木,,,,,,,,,,,,,,,,火,,,,,,,,,,,,,,,,,金,,,,,,,,,,,,,,火,,,,,,,,,,,,
西成区,南津守,3丁目,9番,軽四輪車(小さい車)で収集している地域,,,,,,月木,,,,,,,,,,,,,,,,,,,,,,,,火,,,,,,,,,,,,,,,,金,,,,,,,,火,,,,,,,,,,,,
西成区,南津守,3丁目,9番,上記以外,,,,,,月木,,,,,,,,,,,,,,,,,火,,,,,,,,,,,,,,,,,金,,,,,,,,,,,,,,火,,,,,,,,,,,,
西成区,南津守,3丁目,10番,軽四輪車(小さい車)で収集している地域,,,,,,,,,,,,月木,,,,,,,,,,,,,,,,,,火,,,,,,,,,,,,,,,,金,,,,,,,,火,,,,,,,,,,,,
西成区,南津守,3丁目,10番,上記以外,,,,,,,,,,,,月木,,,,,,,,,,,火,,,,,,,,,,,,,,,,,金,,,,,,,,,,,,,,火,,,,,,,,,,,,
西成区,南津守,4丁目,1番,軽四輪車(小さい車)で収集している地域,,,,,,,,,,月木,,,,,,,,,,,,,,,,,,,,火,,,,,,,,,,,,,,,,金,,,,,,,,火,,,,,,,,,,,,
西成区,南津守,4丁目,1番,上記以外,,,,,,,,,,月木,,,,,,,,,,,,,火,,,,,,,,,,,,,,,,,金,,,,,,,,,,,,,,火,,,,,,,,,,,,
西成区,南津守,4丁目,2番,,,,,,,,,,,月木,,,,,,,,,,,,,火,,,,,,,,,,,,,,,,,金,,,,,,,,,,,,,,火,,,,,,,,,,,,
西成区,南津守,4丁目,3番,,,,,,,,,,,月木,,,,,,,,,,,,,火,,,,,,,,,,,,,,,,,金,,,,,,,,,,,,,,火,,,,,,,,,,,,
西成区,南津守,4丁目,4番,,,,,,,,,,,月木,,,,,,,,,,,,,火,,,,,,,,,,,,,,,,,金,,,,,,,,,,,,,,火,,,,,,,,,,,,
西成区,南津守,4丁目,5番,,,,,,,,,,,月木,,,,,,,,,,,,,火,,,,,,,,,,,,,,,,,金,,,,,,,,,,,,,,火,,,,,,,,,,,,
西成区,南津守,5丁目,1番,,,,,,,月木,,,,,,,,,,,,,,,,水,,,,,,,,,,,,,,,,土,,,,,,,,,,,,,,,,火,,,,,,,,,,,,
西成区,南津守,5丁目,2番,,,,,,,,月木,,,,,,,,,,,,,,,水,,,,,,,,,,,,,,,,土,,,,,,,,,,,,,,,,火,,,,,,,,,,,,
西成区,南津守,5丁目,3番,,,,,,,,,月木,,,,,,,,,,,,,,水,,,,,,,,,,,,,,,,土,,,,,,,,,,,,,,,,火,,,,,,,,,,,,
西成区,南津守,5丁目,4番,,,,,,,,,月木,,,,,,,,,,,,,,水,,,,,,,,,,,,,,,,土,,,,,,,,,,,,,,,,火,,,,,,,,,,,,
西成区,南津守,5丁目,5番,,,,,,,,,月木,,,,,,,,,,,,,,水,,,,,,,,,,,,,,,,土,,,,,,,,,,,,,,,,火,,,,,,,,,,,,
西成区,南津守,5丁目,6番,軽四輪車(小さい車)で収集している地域,,,,,,,,月木,,,,,,,,,,,,,,,,水,,,,,,,,,,,,,,,,土,,,,,,,,,,,,,,火,,,,,,,,,,,,
西成区,南津守,5丁目,6番,上記以外,,,,,,,,月木,,,,,,,,,,,,,,,,水,,,,,,,,,,,,,,,,土,,,,,,,,,,,,,,火,,,,,,,,,,,,
西成区,南津守,6丁目,1番,軽四輪車(小さい車)で収集している地域,,,,,,,,,,,,月木,,,,,,,,,,,,水,,,,,,,,,,,,,,,,土,,,,,,,,,,,,,,火,,,,,,,,,,,,
西成区,南津守,6丁目,1番,上記以外,,,,,,,,,,,,月木,,,,,,,,,,,,水,,,,,,,,,,,,,,,,土,,,,,,,,,,,,,,火,,,,,,,,,,,,
西成区,南津守,6丁目,2番,,,,,,,,,,,,,月木,,,,,,,,,,,,水,,,,,,,,,,,,,,,,土,,,,,,,,,,,,,,火,,,,,,,,,,,,
西成区,南津守,6丁目,3番,,,,,,,,,,,,,月木,,,,,,,,,,,,水,,,,,,,,,,,,,,,,土,,,,,,,,,,,,,,火,,,,,,,,,,,,
西成区,南津守,6丁目,4番,,,,,,,,,,月木,,,,,,,,,,,,,,,水,,,,,,,,,,,,,,,,土,,,,,,,,,,,,,,火,,,,,,,,,,,,
西成区,南津守,6丁目,5番,,,,,,,,,,月木,,,,,,,,,,,,,,,水,,,,,,,,,,,,,,,,土,,,,,,,,,,,,,,,,,火,,,,,,,,,
西成区,南津守,6丁目,6番,軽四輪車(小さい車)で収集している地域,,,,,,,,,月木,,,,,,,,,,,,,,,,,,,,,水,,,,,,,,,,,,,,,,土,,,,,,,,火,,,,,,,,,,,,
西成区,南津守,6丁目,6番,上記以外,,,,,,,,,月木,,,,,,,,,,,,,,,水,,,,,,,,,,,,,,,,土,,,,,,,,,,,,,,,,火,,,,,,,,,,
西成区,南津守,6丁目,7番,軽四輪車(小さい車)で収集している地域,,,,,,,,,,,,,月木,,,,,,,,,,,,,,,,,水,,,,,,,,,,,,,,,,土,,,,,,,,火,,,,,,,,,,,,
西成区,南津守,6丁目,7番,上記以外,,,,,,,,,,,,,月木,,,,,,,,,,,水,,,,,,,,,,,,,,,,土,,,,,,,,,,,,,,火,,,,,,,,,,,,
西成区,南津守,6丁目,8番,軽四輪車(小さい車)で収集している地域,,,,,,,,,月木,,,,,,,,,,,,,,,水,,,,,,,,,,,,,,,,土,,,,,,,,,,,,,,火,,,,,,,,,,,,
西成区,南津守,6丁目,8番,上記以外,,,,,,,,,月木,,,,,,,,,,,,,,,水,,,,,,,,,,,,,,,,土,,,,,,,,,,,,,,火,,,,,,,,,,,,
西成区,南津守,7丁目,1番,,,,,,,,,,月木,,,,,,,,,,,,,,水,,,,,,,,,,,,,,,,,土,,,,,,,,,,,,,,,,火,,,,,,,,,,
西成区,南津守,7丁目,2番,,,,,,,,,,月木,,,,,,,,,,,,,,水,,,,,,,,,,,,,,,,,土,,,,,,,,,,,,,,,,火,,,,,,,,,,
西成区,南津守,7丁目,3番,,,,,,,,,,月木,,,,,,,,,,,,,,水,,,,,,,,,,,,,,,,,土,,,,,,,,,,,,,,,,,火,,,,,,,,,
西成区,南津守,7丁目,4番,軽四輪車(小さい車)で収集している地域,,,,,,,月木,,,,,,,,,,,,,,,,水,,,,,,,,,,,,,,,,,土,,,,,,,,,,,,,,火,,,,,,,,,,,,
西成区,南津守,7丁目,4番,上記以外,,,,,,,月木,,,,,,,,,,,,,,,,水,,,,,,,,,,,,,,,,,土,,,,,,,,,,,,,,,,火,,,,,,,,,,
西成区,南津守,7丁目,5番,,,,,,,,,,月木,,,,,,,,,,,,,,水,,,,,,,,,,,,,,,,,土,,,,,,,,,,,,,,,,火,,,,,,,,,,
西成区,南津守,7丁目,6番,軽四輪車(小さい車)で収集している地域,,,,,,,,,月木,,,,,,,,,,,,,,,,,,,,,水,,,,,,,,,,,,,,,,土,,,,,,,,火,,,,,,,,,,,,
西成区,南津守,7丁目,6番,上記以外,,,,,,,,,月木,,,,,,,,,,,,,,水,,,,,,,,,,,,,,,,,土,,,,,,,,,,,,,,,,火,,,,,,,,,,
西成区,南津守,7丁目,7番,,,,,,,,,,,月木,,,,,,,,,,,,,水,,,,,,,,,,,,,,,,,土,,,,,,,,,,,,,,火,,,,,,,,,,,,
西成区,南津守,7丁目,8番,,,,,,,,,,,月木,,,,,,,,,,,,,水,,,,,,,,,,,,,,,,,土,,,,,,,,,,,,,,,,火,,,,,,,,,,
西成区,南津守,7丁目,9番,,,,,,,,,,月木,,,,,,,,,,,,,,水,,,,,,,,,,,,,,,,,土,,,,,,,,,,,,,,,,火,,,,,,,,,,
西成区,南津守,7丁目,10番,,,,,,,,,,月木,,,,,,,,,,,,,,水,,,,,,,,,,,,,,,,,土,,,,,,,,,,,,,,火,,,,,,,,,,,,
西成区,南津守,7丁目,11番,,,,,,,,,,月木,,,,,,,,,,,,,,水,,,,,,,,,,,,,,,,,土,,,,,,,,,,,,,,火,,,,,,,,,,,,
西成区,南津守,7丁目,12番,,,,,,,,,,,,,,月木,,,,,,,,,,水,,,,,,,,,,,,,,,,,土,,,,,,,,,,,,,,,,火,,,,,,,,,,
西成区,南津守,7丁目,13番,,,,,,,,,月木,,,,,,,,,,,,,,,水,,,,,,,,,,,,,,,,,土,,,,,,,,,,,,,,火,,,,,,,,,,,,
西成区,南津守,7丁目,14番,軽四輪車(小さい車)で収集している地域,,,,,,,,,月木,,,,,,,,,,,,,,水,,,,,,,,,,,,,,,,,,,,,,,土,,,,,,,,,,火,,,,,,,,,,
西成区,南津守,7丁目,14番,上記以外,,,,,,,,,月木,,,,,,,,,,,,,,水,,,,,,,,,,,,,,,,,土,,,,,,,,,,,,,,,,火,,,,,,,,,,
西成区,南津守,7丁目,15番,軽四輪車(小さい車)で収集している地域,,,,,,,,,月木,,,,,,,,,,,,,,水,,,,,,,,,,,,,,,,,,,,,,,土,,,,,,,,火,,,,,,,,,,,,
西成区,南津守,7丁目,15番,上記以外,,,,,,,,,月木,,,,,,,,,,,,,,水,,,,,,,,,,,,,,,,,土,,,,,,,,,,,,,,,,火,,,,,,,,,,
西成区,南津守,7丁目,16番,軽四輪車(小さい車)で収集している地域,,,,,,,,,,月木,,,,,,,,,,,,,,,,,,,,水,,,,,,,,,,,,,,,,土,,,,,,,,火,,,,,,,,,,,,
西成区,南津守,7丁目,16番,上記以外,,,,,,,,月木,,,,,,,,,,,,,,,水,,,,,,,,,,,,,,,,,土,,,,,,,,,,,,,,,,火,,,,,,,,,,
西成区,南津守,7丁目,17番,軽四輪車(小さい車)で収集している地域,,,,,,,,,月木,,,,,,,,,,,,,,,,,,,,,水,,,,,,,,,,,,,,,,土,,,,,,,,火,,,,,,,,,,,,
西成区,南津守,7丁目,17番,上記以外,,,,,,,,,月木,,,,,,,,,,,,,,水,,,,,,,,,,,,,,,,,土,,,,,,,,,,,,,,,,火,,,,,,,,,,
西成区,南津守,7丁目,18番,軽四輪車(小さい車)で収集している地域,,,,,,,,,,月木,,,,,,,,,,,,,,,,,,,,水,,,,,,,,,,,,,,,,土,,,,,,,,火,,,,,,,,,,,,
西成区,南津守,7丁目,18番,上記以外,,,,,,,,,月木,,,,,,,,,,,,,,水,,,,,,,,,,,,,,,,,土,,,,,,,,,,,,,,火,,,,,,,,,,,,
西成区,南津守,7丁目,19番,軽四輪車(小さい車)で収集している地域,,,,,,,,,,,,,,,,,月木,,,,,,水,,,,,,,,,,,,,,,,,土,,,,,,,,,,,,,,火,,,,,,,,,,,,
西成区,南津守,7丁目,19番,上記以外,,,,,,,,,月木,,,,,,,,,,,,,,水,,,,,,,,,,,,,,,,,土,,,,,,,,,,,,,,火,,,,,,,,,,,,
西成区,南開,1丁目,1番,,,,,,,,,,,,,,,,,,火金,,,,,,月,,,,,,,,,,,,,,,,,木,,,,,,,,,,,,,,木,,,,,,,,,,,,
西成区,南開,1丁目,2番,,,,,,,,,,,,,,,,火金,,,,,,,,月,,,,,,,,,,,,,,,,,木,,,,,,,,,,,,,,,,木,,,,,,,,,,
西成区,南開,1丁目,3番,,,,,,,,,,,,,,,,火金,,,,,,,,月,,,,,,,,,,,,,,,,,木,,,,,,,,,,,,,,木,,,,,,,,,,,,
西成区,南開,1丁目,4番,,,,,,,,,,,,,,,,火金,,,,,,,,月,,,,,,,,,,,,,,,,,木,,,,,,,,,,,,,,木,,,,,,,,,,,,
西成区,南開,1丁目,5番,,,,,,,,,,,,,,,,火金,,,,,,,,月,,,,,,,,,,,,,,,,,木,,,,,,,,,,,,,,木,,,,,,,,,,,,
西成区,南開,1丁目,6番,,,,,,,,,,,,,,,火金,,,,,,,,,月,,,,,,,,,,,,,,,,,木,,,,,,,,,,,,,,木,,,,,,,,,,,,
西成区,南開,1丁目,7番,,,,,,,,,,,,,,,,火金,,,,,,,,月,,,,,,,,,,,,,,,,,木,,,,,,,,,,,,,,,,木,,,,,,,,,,
西成区,南開,2丁目,1番,,,,,,,,,,,,,,,火金,,,,,,,,,月,,,,,,,,,,,,,,,,,木,,,,,,,,,,,,,,木,,,,,,,,,,,,
西成区,南開,2丁目,2番,,,,,,,,,,,,,,,火金,,,,,,,,,月,,,,,,,,,,,,,,,,,木,,,,,,,,,,,,,,木,,,,,,,,,,,,
西成区,南開,2丁目,3番,,,,,,,,,,,,,,,,,火金,,,,,,,月,,,,,,,,,,,,,,,,,木,,,,,,,,,,,,,,木,,,,,,,,,,,,
西成区,南開,2丁目,4番,,,,,,,,,,,,,,,,,火金,,,,,,,月,,,,,,,,,,,,,,,,,木,,,,,,,,,,,,,,木,,,,,,,,,,,,
西成区,南開,2丁目,5番,,,,,,,,,,,,,,,,,,,火金,,,,,月,,,,,,,,,,,,,,,,,木,,,,,,,,,,,,,,木,,,,,,,,,,,,
西成区,南開,2丁目,6番,,,,,,,,,,,,,,,,,,,火金,,,,,月,,,,,,,,,,,,,,,,,木,,,,,,,,,,,,,,木,,,,,,,,,,,,
,,,,,,,,,,,,,,,,,,,,,,,,,,,,,,,,,,,,,,,,,,,,,,,,,,,,,,,,,,,,,,,,,,,,,,
