地区名1,地区名2,地区名3,地区名4,地区名5,備考,雑ごみ,普通ごみ_収集時間要問合せ,普通ごみ_午前,普通ごみ_午後,普通ごみ_8:30~10:30,普通ごみ_9:00~11:00,普通ごみ_9:30~11:30,普通ごみ_10:00~12:00,普通ごみ_10:30~12:30,普通ごみ_11:00~13:00,普通ごみ_11:30~13:30,普通ごみ_12:00~14:00,普通ごみ_12:30~14:30,普通ごみ_13:00~15:00,普通ごみ_13:30~15:30,普通ごみ_14:00~16:00,普通ごみ_14:30~16:30,資源ごみ_収集時間要問合せ,資源ごみ_午前,資源ごみ_午後,資源ごみ_8:30~10:30,資源ごみ_9:00~11:00,資源ごみ_9:30~11:30,資源ごみ_10:00~12:00,資源ごみ_10:30~12:30,資源ごみ_11:00~13:00,資源ごみ_11:30~13:30,資源ごみ_12:00~14:00,資源ごみ_12:30~14:30,資源ごみ_13:00~15:00,資源ごみ_13:30~15:30,資源ごみ_14:00~16:00,資源ごみ_14:30~16:30,プラスチック資源_収集時間要問合せ,プラスチック資源_午前,プラスチック資源_午後,プラスチック資源_8:30~10:30,プラスチック資源_9:00~11:00,プラスチック資源_9:30~11:30,プラスチック資源_10:00~12:00,プラスチック資源_10:30~12:30,プラスチック資源_11:00~13:00,プラスチック資源_11:30~13:30,プラスチック資源_12:00~14:00,プラスチック資源_12:30~14:30,プラスチック資源_13:00~15:00,プラスチック資源_13:30~15:30,プラスチック資源_14:00~16:00,プラスチック資源_14:30~16:30,古紙衣類_収集時間要問合せ,古紙衣類_午前,古紙衣類_午後,古紙衣類_8:30~10:30,古紙衣類_9:00~11:00,古紙衣類_9:30~11:30,古紙衣類_10:00~12:00,古紙衣類_10:30~12:30,古紙衣類_11:00~13:00,古紙衣類_11:30~13:30,古紙衣類_12:00~14:00,古紙衣類_12:30~14:30,古紙衣類_13:00~15:00,古紙衣類_13:30~15:30,古紙衣類_14:00~16:00,古紙衣類_14:30~16:30
住之江区,安立,1丁目,1番,,,,,,,,,,,火金,,,,,,,,,,,,,,月,,,,,,,,,,,,,,,,木,,,,,,,,,,,,,,水,,,,,,,,,,,,
住之江区,安立,1丁目,2番,軽四輪車(小さい車)で収集している地域,,,,,,,火金,,,,,,,,,,,,,,,,,月,,,,,,,,,,,,,,木,,,,,,,,,,,,,,,,水,,,,,,,,,,,,
住之江区,安立,1丁目,2番,上記以外,,,,,,,,,,火金,,,,,,,,,,,,,,月,,,,,,,,,,,,,,木,,,,,,,,,,,,,,,,水,,,,,,,,,,,,
住之江区,安立,1丁目,3番,軽四輪車(小さい車)で収集している地域,,,,,,,火金,,,,,,,,,,,,,,,,,月,,,,,,,,,,,,,,,木,,,,,,,,,,,,,,,水,,,,,,,,,,,,
住之江区,安立,1丁目,3番,上記以外,,,,,,,,,,火金,,,,,,,,,,,,,,月,,,,,,,,,,,,,,,木,,,,,,,,,,,,,,,水,,,,,,,,,,,,
住之江区,安立,1丁目,4番,軽四輪車(小さい車)で収集している地域,,,,,,,,,,火金,,,,,,,,,,,,,,月,,,,,,,,,,,,,,木,,,,,,,,,,,,,,,,水,,,,,,,,,,,,
住之江区,安立,1丁目,4番,上記以外,,,,,,,,,火金,,,,,,,,,,,,,,,月,,,,,,,,,,,,,,木,,,,,,,,,,,,,,,,水,,,,,,,,,,,,
住之江区,安立,1丁目,5番,軽四輪車(小さい車)で収集している地域,,,,,,,,火金,,,,,,,,,,,,,,,,月,,,,,,,,,,,,,,木,,,,,,,,,,,,,,,,水,,,,,,,,,,,,
住之江区,安立,1丁目,5番,上記以外,,,,,,,,,火金,,,,,,,,,,,,,,,月,,,,,,,,,,,,,,木,,,,,,,,,,,,,,,,水,,,,,,,,,,,,
住之江区,安立,1丁目,6番,軽四輪車(小さい車)で収集している地域,,,,,,,,火金,,,,,,,,,,,,,,,,月,,,,,,,,,,,,,,木,,,,,,,,,,,,,,,,水,,,,,,,,,,,,
住之江区,安立,1丁目,6番,上記以外,,,,,,,,,火金,,,,,,,,,,,,,,,月,,,,,,,,,,,,,,木,,,,,,,,,,,,,,,,水,,,,,,,,,,,,
住之江区,安立,1丁目,7番,軽四輪車(小さい車)で収集している地域,,,,,,,,,,火金,,,,,,,,,,,,,,月,,,,,,,,,,,,,,木,,,,,,,,,,,,,,,,水,,,,,,,,,,,,
住之江区,安立,1丁目,7番,上記以外,,,,,,,,,火金,,,,,,,,,,,,,,月,,,,,,,,,,,,,,,木,,,,,,,,,,,,,,,,水,,,,,,,,,,,,
住之江区,安立,1丁目,8番,軽四輪車(小さい車)で収集している地域,,,,,,,,,火金,,,,,,,,,,,,,,月,,,,,,,,,,,,,,,木,,,,,,,,,,,,,,,,水,,,,,,,,,,,,
住之江区,安立,1丁目,8番,上記以外,,,,,,,,,火金,,,,,,,,,,,,,,月,,,,,,,,,,,,,,,木,,,,,,,,,,,,,,,,水,,,,,,,,,,,,
住之江区,安立,1丁目,9番,,,,,,,,,,火金,,,,,,,,,,,,,,月,,,,,,,,,,,,,,,木,,,,,,,,,,,,,,,,水,,,,,,,,,,,,
住之江区,安立,1丁目,10番,軽四輪車(小さい車)で収集している地域,,,,,,,,,火金,,,,,,,,,,,,,,月,,,,,,,,,,,,,,,木,,,,,,,,,,,,,,,,水,,,,,,,,,,,,
住之江区,安立,1丁目,10番,上記以外,,,,,,,,,火金,,,,,,,,,,,,,,月,,,,,,,,,,,,,,,木,,,,,,,,,,,,,,,,水,,,,,,,,,,,,
住之江区,安立,1丁目,11番,軽四輪車(小さい車)で収集している地域,,,,,,,火金,,,,,,,,,,,,,,,,月,,,,,,,,,,,,,,,木,,,,,,,,,,,,,,,,水,,,,,,,,,,,,
住之江区,安立,1丁目,11番,上記以外,,,,,,火金,,,,,,,,,,,,,,,,,月,,,,,,,,,,,,,,,木,,,,,,,,,,,,,,,,水,,,,,,,,,,,,
住之江区,安立,1丁目,12番,,,,,,,火金,,,,,,,,,,,,,,,,月,,,,,,,,,,,,,,,,木,,,,,,,,,,,,,,,,水,,,,,,,,,,,,
住之江区,安立,1丁目,13番,軽四輪車(小さい車)で収集している地域,,,,,,,火金,,,,,,,,,,,,,,,,,月,,,,,,,,,,,,,,木,,,,,,,,,,,,,,,,水,,,,,,,,,,,,
住之江区,安立,1丁目,13番,上記以外,,,,,,火金,,,,,,,,,,,,,,,,月,,,,,,,,,,,,,,,,木,,,,,,,,,,,,,,,,水,,,,,,,,,,,,
住之江区,安立,1丁目,14番,,,,,,,火金,,,,,,,,,,,,,,,,月,,,,,,,,,,,,,,,,木,,,,,,,,,,,,,,,,水,,,,,,,,,,,,
住之江区,安立,2丁目,1番,軽四輪車(小さい車)で収集している地域,,,,,,,火金,,,,,,,,,,,,,,,,月,,,,,,,,,,,,,,,木,,,,,,,,,,,,,,,,水,,,,,,,,,,,,
住之江区,安立,2丁目,1番,上記以外,,,,,,火金,,,,,,,,,,,,,,,,,月,,,,,,,,,,,,,,,木,,,,,,,,,,,,,,,,水,,,,,,,,,,,,
住之江区,安立,2丁目,2番,軽四輪車(小さい車)で収集している地域,,,,,,,火金,,,,,,,,,,,,,,,,月,,,,,,,,,,,,,,,木,,,,,,,,,,,,,,,,水,,,,,,,,,,,,
住之江区,安立,2丁目,2番,上記以外,,,,,,火金,,,,,,,,,,,,,,,,,月,,,,,,,,,,,,,,,木,,,,,,,,,,,,,,,,水,,,,,,,,,,,,
住之江区,安立,2丁目,3番,,,,,,,火金,,,,,,,,,,,,,,,,,月,,,,,,,,,,,,,,,木,,,,,,,,,,,,,,,,水,,,,,,,,,,,,
住之江区,安立,2丁目,4番,,,,,,,火金,,,,,,,,,,,,,,,,,月,,,,,,,,,,,,,,,木,,,,,,,,,,,,,,,,水,,,,,,,,,,,,
住之江区,安立,2丁目,5番,軽四輪車(小さい車)で収集している地域,,,,,,,火金,,,,,,,,,,,,,,,,月,,,,,,,,,,,,,,,木,,,,,,,,,,,,,,,,水,,,,,,,,,,,,
住之江区,安立,2丁目,5番,上記以外,,,,,,火金,,,,,,,,,,,,,,,,,月,,,,,,,,,,,,,,,木,,,,,,,,,,,,,,,,水,,,,,,,,,,,,
住之江区,安立,2丁目,6番,軽四輪車(小さい車)で収集している地域,,,,,,,火金,,,,,,,,,,,,,,,,月,,,,,,,,,,,,,,,,,木,,,,,,,,,,,,,,水,,,,,,,,,,,,
住之江区,安立,2丁目,6番,上記以外,,,,,,火金,,,,,,,,,,,,,,,,,月,,,,,,,,,,,,,,,木,,,,,,,,,,,,,,,,水,,,,,,,,,,,,
住之江区,安立,2丁目,7番,,,,,,,火金,,,,,,,,,,,,,,,,月,,,,,,,,,,,,,,,,木,,,,,,,,,,,,,,,,水,,,,,,,,,,,,
住之江区,安立,2丁目,8番,,,,,,,火金,,,,,,,,,,,,,,,,,月,,,,,,,,,,,,,,,,,,木,,,,,,,,,,,,,水,,,,,,,,,,,,
住之江区,安立,2丁目,9番,,,,,,,火金,,,,,,,,,,,,,,,,,月,,,,,,,,,,,,,,,,,,木,,,,,,,,,,,,,水,,,,,,,,,,,,
住之江区,安立,2丁目,10番,,,,,,,火金,,,,,,,,,,,,,,,,月,,,,,,,,,,,,,,,,,,木,,,,,,,,,,,,,,水,,,,,,,,,,,,
住之江区,安立,2丁目,11番,,,,,,,火金,,,,,,,,,,,,,,,,月,,,,,,,,,,,,,,,,,木,,,,,,,,,,,,,,,水,,,,,,,,,,,,
住之江区,安立,3丁目,1番,,,,,,,火金,,,,,,,,,,,,,,,,月,,,,,,,,,,,,,,,,,木,,,,,,,,,,,,,,,水,,,,,,,,,,,,
住之江区,安立,3丁目,2番,,,,,,,火金,,,,,,,,,,,,,,,,月,,,,,,,,,,,,,,,,,木,,,,,,,,,,,,,,,水,,,,,,,,,,,,
住之江区,安立,3丁目,3番,,,,,,,火金,,,,,,,,,,,,,,,,月,,,,,,,,,,,,,,,,,木,,,,,,,,,,,,,,,水,,,,,,,,,,,,
住之江区,安立,3丁目,4番,,,,,,,火金,,,,,,,,,,,,,,,,月,,,,,,,,,,,,,,,,,木,,,,,,,,,,,,,,,水,,,,,,,,,,,,
住之江区,安立,3丁目,5番,,,,,,,火金,,,,,,,,,,,,,,,,月,,,,,,,,,,,,,,,,木,,,,,,,,,,,,,,,,水,,,,,,,,,,,,
住之江区,安立,3丁目,6番,,,,,,,火金,,,,,,,,,,,,,,,,月,,,,,,,,,,,,,,,,木,,,,,,,,,,,,,,,,水,,,,,,,,,,,,
住之江区,安立,3丁目,7番,,,,,,,火金,,,,,,,,,,,,,,,,月,,,,,,,,,,,,,,,,木,,,,,,,,,,,,,,,,水,,,,,,,,,,,,
住之江区,安立,3丁目,8番,,,,,,,火金,,,,,,,,,,,,,,,,月,,,,,,,,,,,,,,,,木,,,,,,,,,,,,,,,,水,,,,,,,,,,,,
住之江区,安立,3丁目,9番,,,,,,,火金,,,,,,,,,,,,,,,,月,,,,,,,,,,,,,,,,木,,,,,,,,,,,,,,,,水,,,,,,,,,,,,
住之江区,安立,4丁目,1番,軽四輪車(小さい車)で収集している地域,,,,,,,,,,,,,,,,,火金,,,,,月,,,,,,,,,,,,,,,,木,,,,,,,,,,,,,,,,月,,,,,,,,,,,,
住之江区,安立,4丁目,1番,上記以外,,,,,,火金,,,,,,,,,,,,,,,,月,,,,,,,,,,,,,,,,,木,,,,,,,,,,,,,,,月,,,,,,,,,,,,
住之江区,安立,4丁目,2番,軽四輪車(小さい車)で収集している地域,,,,,,,,,,,,,,,,,火金,,,,,月,,,,,,,,,,,,,,,,木,,,,,,,,,,,,,,,,月,,,,,,,,,,,,
住之江区,安立,4丁目,2番,上記以外,,,,,,火金,,,,,,,,,,,,,,,,,,,,,,,月,,,,,,,,,木,,,,,,,,,,,,,,,,月,,,,,,,,,,,,
住之江区,安立,4丁目,3番,軽四輪車(小さい車)で収集している地域,,,,,,,,,,,,,,,火金,,,,,,,,,,,,,,,,月,,,,,,,木,,,,,,,,,,,,,,,,月,,,,,,,,,,,,
住之江区,安立,4丁目,3番,上記以外,,,,,,火金,,,,,,,,,,,,,,,,,,,,,,,月,,,,,,,,,木,,,,,,,,,,,,,,,,月,,,,,,,,,,,,
住之江区,安立,4丁目,4番,軽四輪車(小さい車)で収集している地域,,,,,,,,,,,,,,,火金,,,,,,,,,,,,,,,,月,,,,,,,木,,,,,,,,,,,,,,,,月,,,,,,,,,,,,
住之江区,安立,4丁目,4番,上記以外,,,,,,火金,,,,,,,,,,,,,,,,,,,,,,,,月,,,,,,,,木,,,,,,,,,,,,,,,,月,,,,,,,,,,,,
住之江区,安立,4丁目,5番,軽四輪車(小さい車)で収集している地域,,,,,,,,,,,,,,,,,火金,,,,,,,,,,,,,月,,,,,,,,木,,,,,,,,,,,,,,,,月,,,,,,,,,,,,
住之江区,安立,4丁目,5番,上記以外,,,,,,火金,,,,,,,,,,,,,,,,,,,,,,,,月,,,,,,,,木,,,,,,,,,,,,,,,,月,,,,,,,,,,,,
住之江区,安立,4丁目,6番,,,,,,,,,,,,,,,,,,火金,,,,,,,,,,,,,月,,,,,,,,木,,,,,,,,,,,,,,,,月,,,,,,,,,,,,
住之江区,安立,4丁目,7番,,,,,,,,,,,,,,,,,,火金,,,,,,,,,,,,,月,,,,,,,,木,,,,,,,,,,,,,,,,月,,,,,,,,,,,,
住之江区,安立,4丁目,8番,軽四輪車(小さい車)で収集している地域,,,,,,,,,,,,,,,,,火金,,,,,,,,,,,,,月,,,,,,,,木,,,,,,,,,,,,,,,,月,,,,,,,,,,,,
住之江区,安立,4丁目,8番,上記以外,,,,,,火金,,,,,,,,,,,,,,,,,,,,,,,,月,,,,,,,,木,,,,,,,,,,,,,,,,月,,,,,,,,,,,,
住之江区,安立,4丁目,9番,軽四輪車(小さい車)で収集している地域,,,,,,,,,,,,,,,火金,,,,,,,,,,,,,,,月,,,,,,,,,木,,,,,,,,,,,,,,,月,,,,,,,,,,,,
住之江区,安立,4丁目,9番,上記以外,,,,,,火金,,,,,,,,,,,,,,,,,,,,,,,,月,,,,,,,,木,,,,,,,,,,,,,,,,月,,,,,,,,,,,,
住之江区,安立,4丁目,10番,軽四輪車(小さい車)で収集している地域,,,,,,,,,,,,,,,火金,,,,,,,,,,,,,,,月,,,,,,,,,木,,,,,,,,,,,,,,,月,,,,,,,,,,,,
住之江区,安立,4丁目,10番,上記以外,,,,,,火金,,,,,,,,,,,,,,,,,,,,,,,,月,,,,,,,,木,,,,,,,,,,,,,,,,月,,,,,,,,,,,,
住之江区,安立,4丁目,11番,軽四輪車(小さい車)で収集している地域,,,,,,,,,,,,,,,,,火金,,,,,,,,,,,,,月,,,,,,,,木,,,,,,,,,,,,,,,,月,,,,,,,,,,,,
住之江区,安立,4丁目,11番,上記以外,,,,,,火金,,,,,,,,,,,,,,,,,,,,,,,,月,,,,,,,,木,,,,,,,,,,,,,,,,月,,,,,,,,,,,,
住之江区,安立,4丁目,12番,,,,,,,,,,,,,,,,,,火金,,,,,,,,,,,,,月,,,,,,,,木,,,,,,,,,,,,,,,,月,,,,,,,,,,,,
住之江区,安立,4丁目,13番,軽四輪車(小さい車)で収集している地域,,,,,,,,,,,,,,,,,火金,,,,,,,,,,,,,,月,,,,,,,木,,,,,,,,,,,,,,,,月,,,,,,,,,,,,
住之江区,安立,4丁目,13番,上記以外,,,,,,火金,,,,,,,,,,,,,,,,,,,,,,,,,月,,,,,,,,木,,,,,,,,,,,,,,,月,,,,,,,,,,,,
住之江区,安立,4丁目,14番,美彩館ハウス,,,,,,火金,,,,,,,,,,,,,,,,,,,,,,,,,月,,,,,,,,木,,,,,,,,,,,,,,,月,,,,,,,,,,,,
住之江区,安立,4丁目,14番,軽四輪車(小さい車)で収集している地域,,,,,,,,,,,,,,,,,火金,,,,,,,,,,,,,,月,,,,,,,,木,,,,,,,,,,,,,,,月,,,,,,,,,,,,
住之江区,安立,4丁目,14番,上記以外,,,,,,火金,,,,,,,,,,,,,,,,,,,,,,,,,月,,,,,,,木,,,,,,,,,,,,,,,,月,,,,,,,,,,,,
住之江区,安立,4丁目,15番,,,,,,,,,,,,,,,,,火金,,,,,,,,,,,,,,,月,,,,,,,,木,,,,,,,,,,,,,,,月,,,,,,,,,,,,
住之江区,安立,4丁目,16番,,,,,,,,,,,,,,,,,火金,,,,,,,,,,,,,月,,,,,,,,,,木,,,,,,,,,,,,,,,月,,,,,,,,,,,,
住之江区,安立,4丁目,17番,,,,,,,,,,,,,,,,,火金,,,,,,,,,,,,,月,,,,,,,,,,木,,,,,,,,,,,,,,,月,,,,,,,,,,,,
住之江区,安立,4丁目,18番,,,,,,,,,,,,,,,,,火金,,,,,,,,,,,,,月,,,,,,,,,,木,,,,,,,,,,,,,,,月,,,,,,,,,,,,
住之江区,泉,1丁目,1番,軽四輪車(小さい車)で収集している地域,,,,,,,,,,火金,,,,,,,,,,,,,,,,,,,月,,,,,,,,,,,,,,,,,,,,木,,,,,木,,,,,,,,,,,,
住之江区,泉,1丁目,1番,上記以外,,,,,,,,,,火金,,,,,,,,,,,,,,,,,,,月,,,,,,,,,,,,,,,,,,,,木,,,,,木,,,,,,,,,,,,
住之江区,泉,1丁目,2番,軽四輪車(小さい車)で収集している地域,,,,,,,,,,火金,,,,,,,,,,,,,,,,,,,月,,,,,,,,,,,,,,,,,,,,木,,,,,木,,,,,,,,,,,,
住之江区,泉,1丁目,2番,上記以外,,,,,,,,,,火金,,,,,,,,,,,,,,,,,,,月,,,,,,,,,,,,,,,,,,,,木,,,,,木,,,,,,,,,,,,
住之江区,泉,1丁目,3番,軽四輪車(小さい車)で収集している地域,,,,,,,,,,火金,,,,,,,,,,,,,,,,,,,月,,,,,,,,,,,,,,,,木,,,,,,,,,木,,,,,,,,,,,,
住之江区,泉,1丁目,3番,上記以外,,,,,,,,,,火金,,,,,,,,,,,,,,,,,,,月,,,,,,,,,,,,,,,,木,,,,,,,,,木,,,,,,,,,,,,
住之江区,泉,2丁目,1番,軽四輪車(小さい車)で収集している地域,,,,,,,,,,火金,,,,,,,,,,,,,,,,,,,月,,,,,,,,,,,,,,,,木,,,,,,,,,木,,,,,,,,,,,,
住之江区,泉,2丁目,1番,上記以外,,,,,,,,,,火金,,,,,,,,,,,,,,,,,,,月,,,,,,,,,,,,,,,,木,,,,,,,,,木,,,,,,,,,,,,
住之江区,北加賀屋,1丁目,1番,,,,,,,,,,,,,,,,,月木,,,,,,,,,,,,,,,,火,,,,,,,,,,,,,金,,,,,,,,,金,,,,,,,,,,,,
住之江区,北加賀屋,1丁目,2番,,,,,,,,,,,,,,,,,月木,,,,,,,,,,,,,,,,火,,,,,,,,,,,,,金,,,,,,,,,金,,,,,,,,,,,,
住之江区,北加賀屋,1丁目,3番,,,,,,,,,,,,,,,,,月木,,,,,,,,,,,,,,,,火,,,,,,,,,,,,,金,,,,,,,,,金,,,,,,,,,,,,
住之江区,北加賀屋,1丁目,4番,,,,,,,,,,,,,,,,,月木,,,,,,,,,,,,,,,,火,,,,,,,,,,,,,金,,,,,,,,,金,,,,,,,,,,,,
住之江区,北加賀屋,1丁目,5番,,,,,,,,,,,,,,,,,月木,,,,,,,,,,,,,,,,火,,,,,,,,,,,,,金,,,,,,,,,金,,,,,,,,,,,,
住之江区,北加賀屋,1丁目,6番,,,,,,,,,,,,,,,,,月木,,,,,,,,,,,,,,,,火,,,,,,,,,,,,,金,,,,,,,,,金,,,,,,,,,,,,
住之江区,北加賀屋,1丁目,7番,,,,,,,,,,,,,,,,,月木,,,,,,,,,,,,,,,,火,,,,,,,,,,,,,金,,,,,,,,,金,,,,,,,,,,,,
住之江区,北加賀屋,1丁目,8番,,,,,,,,,,,,,,,,,月木,,,,,,,,,,,,,,,,火,,,,,,,,,,,,,金,,,,,,,,,金,,,,,,,,,,,,
住之江区,北加賀屋,1丁目,9番,,,,,,,,,,,,,,,,,月木,,,,,,,,,,,,,,,,火,,,,,,,,,,,,,金,,,,,,,,,金,,,,,,,,,,,,
住之江区,北加賀屋,1丁目,10番,,,,,,,,,,,,,,,,,月木,,,,,,,,,,,,,,,,火,,,,,,,,,,,,,,金,,,,,,,,金,,,,,,,,,,,,
住之江区,北加賀屋,1丁目,11番,,,,,,,,,,,,,,,,,月木,,,,,,,,,,,,,,,,火,,,,,,,,,,,,,,金,,,,,,,,金,,,,,,,,,,,,
住之江区,北加賀屋,1丁目,12番,,,,,,,,,,,,,,,,,月木,,,,,,,,,,,,,,,,火,,,,,,,,,,,,,,金,,,,,,,,金,,,,,,,,,,,,
住之江区,北加賀屋,2丁目,1番,,,,,,,,,,,,,,,,,月木,,,,,,,,,,,,,,,,火,,,,,,,,,,,,,,金,,,,,,,,金,,,,,,,,,,,,
住之江区,北加賀屋,2丁目,3番,,,,,,,,,,,,,,,,,月木,,,,,,,,,,,,,,,,火,,,,,,,,,,,,,金,,,,,,,,,金,,,,,,,,,,,,
住之江区,北加賀屋,2丁目,4番,,,,,,,,,,,,,,,,,月木,,,,,,,,,,,,,,,,火,,,,,,,,,,,,,金,,,,,,,,,金,,,,,,,,,,,,
住之江区,北加賀屋,2丁目,5番,,,,,,,,,,,,,,,,,月木,,,,,,,火,,,,,,,,,,,,,,,,,,,,,,金,,,,,,,,,金,,,,,,,,,,,,
住之江区,北加賀屋,2丁目,6番,,,,,,,,,,,,,,,,,月木,,,,,,,火,,,,,,,,,,,,,,,,,,,,,,金,,,,,,,,,金,,,,,,,,,,,,
住之江区,北加賀屋,2丁目,7番,軽四輪車(小さい車)で収集している地域,,,,,,,月木,,,,,,,,,,,,,,,,火,,,,,,,,,,,,,,,,,,,,,,金,,,,,,,,,金,,,,,,,,,,,,
住之江区,北加賀屋,2丁目,7番,上記以外,,,,,,,,,,,,,,,,月木,,,,,,,,,,,,,,,,火,,,,,,,,,,,,,,,,金,,,,,,金,,,,,,,,,,,,
住之江区,北加賀屋,2丁目,8番,軽四輪車(小さい車)で収集している地域,,,,,,,月木,,,,,,,,,,,,,,,,火,,,,,,,,,,,,,,,,,,,,,,金,,,,,,,,,金,,,,,,,,,,,,
住之江区,北加賀屋,2丁目,8番,上記以外,,,,,,,,,,,,,,,,月木,,,,,,,,,,,,,,,,火,,,,,,,,,,,,,,,,,金,,,,,金,,,,,,,,,,,,
住之江区,北加賀屋,2丁目,9番,軽四輪車(小さい車)で収集している地域,,,,,,,月木,,,,,,,,,,,,,,,,火,,,,,,,,,,,,,,,,,,,,,,金,,,,,,,,,金,,,,,,,,,,,,
住之江区,北加賀屋,2丁目,9番,上記以外,,,,,,,,,,,,,,,,月木,,,,,,火,,,,,,,,,,,,,,,,,,,,,,,,,,金,,,,,,金,,,,,,,,,,,,
住之江区,北加賀屋,2丁目,10番,,,,,,,,月木,,,,,,,,,,,,,,,,火,,,,,,,,,,,,,,,,,,,,,,金,,,,,,,,,金,,,,,,,,,,,,
住之江区,北加賀屋,2丁目,12番,,,,,,,,,,,,,,,,,月木,,,,,,,火,,,,,,,,,,,,,,,,,,,,,,金,,,,,,,,,金,,,,,,,,,,,,
住之江区,北加賀屋,2丁目,13番,軽四輪車(小さい車)で収集している地域,,,,,,,月木,,,,,,,,,,,,,,,,火,,,,,,,,,,,,,,,,,,,,,,金,,,,,,,,,金,,,,,,,,,,,,
住之江区,北加賀屋,2丁目,13番,上記以外,,,,,,,,,,,,,,,,月木,,,,,,,,,,,,,,,,火,,,,,,,,,,,,,,,金,,,,,,,金,,,,,,,,,,,,
住之江区,北加賀屋,3丁目,3番,,,,,,,,,,,,,,,,,月木,,,,,,,,,,,,,,,,火,,,,,,,,,,,,,金,,,,,,,,,金,,,,,,,,,,,,
住之江区,北加賀屋,3丁目,4番,,,,,,,,,,,,,,,,,月木,,,,,,,,火,,,,,,,,,,,,,,,,,,,,,金,,,,,,,,,金,,,,,,,,,,,,
住之江区,北加賀屋,3丁目,5番,,,,,,,,,,,,,,,,,月木,,,,,,,,火,,,,,,,,,,,,,,,,,,,,,金,,,,,,,,,金,,,,,,,,,,,,
住之江区,北加賀屋,5丁目,1番,,,,,,,,,,,,,,,,,,月木,,,,,,,火,,,,,,,,,,,,,,,,,,,,,,,,金,,,,,,金,,,,,,,,,,,,
住之江区,北加賀屋,5丁目,2番,軽四輪車(小さい車)で収集している地域,,,,,,,月木,,,,,,,,,,,,,,,,火,,,,,,,,,,,,,,,,,,,,,,,,,金,,,,,,金,,,,,,,,,,,,
住之江区,北加賀屋,5丁目,2番,上記以外,,,,,,,,月木,,,,,,,,,,,,,,,,,,,,,,,,,火,,,,,,,,,,,,,,,金,,,,,,金,,,,,,,,,,,,
住之江区,北加賀屋,5丁目,4番,,,,,,,,,月木,,,,,,,,,,,,,,,,,,,,,,,,,火,,,,,,,,,,,,,,,,金,,,,,金,,,,,,,,,,,,
住之江区,北加賀屋,5丁目,5番,ルネブライトガーデン,,,,,,,,,,,,,,,,,月木,,,,,,,,,,,,,,,,火,,,,,,,,,,,,,,,,金,,,,,金,,,,,,,,,,,,
住之江区,北加賀屋,5丁目,5番,上記以外,,,,,,,,月木,,,,,,,,,,,,,,,,,,,,,,,,,火,,,,,,,,,,,,,,,,金,,,,,金,,,,,,,,,,,,
住之江区,北加賀屋,5丁目,6番,市営北加賀屋住宅1棟･2棟,,,,,,,,月木,,,,,,,,,,,,,,,,,,,,,,,,火,,,,,,,,,,,,,,,,金,,,,,,金,,,,,,,,,,,,
住之江区,北加賀屋,5丁目,6番,軽四輪車(小さい車)で収集している地域,,,,,,,月木,,,,,,,,,,,,,,,,,火,,,,,,,,,,,,,,,,,,,,,,,,金,,,,,,金,,,,,,,,,,,,
住之江区,北加賀屋,5丁目,6番,アドリーム北加賀屋パークピア,,,,,,,,,,,,,,,,,月木,,,,,,,火,,,,,,,,,,,,,,,,,,,,,,,,金,,,,,,金,,,,,,,,,,,,
住之江区,北加賀屋,5丁目,6番,上記以外,,,,,,,,,月木,,,,,,,,,,,,,,,,,,,,,,,火,,,,,,,,,,,,,,,,金,,,,,,金,,,,,,,,,,,,
住之江区,北加賀屋,5丁目,7番,ネオコーポ北加賀屋,,,,,,,,,,,,,,,,,月木,,,,,,,,,,,,,,,火,,,,,,,,,,,,,,,,金,,,,,,金,,,,,,,,,,,,
住之江区,北加賀屋,5丁目,7番,上記以外,,,,,,,,月木,,,,,,,,,,,,,,,,,,,,,,,,火,,,,,,,,,,,,,,,,金,,,,,,金,,,,,,,,,,,,
住之江区,北島,1丁目,1番,,,,,,,水土,,,,,,,,,,,,,,,,,,,,,,,火,,,,,,,,,,,,,,,,,金,,,,,,,,月,,,,,,,,,,,,
住之江区,北島,1丁目,2番,,,,,,,水土,,,,,,,,,,,,,,,,,,,,,,,火,,,,,,,,,,,,,,,,金,,,,,,,,,月,,,,,,,,,,,,
住之江区,北島,1丁目,3番,,,,,,,水土,,,,,,,,,,,,,,,,,,,,,,,火,,,,,,,,,,,,,,,,金,,,,,,,,,月,,,,,,,,,,,,
住之江区,北島,1丁目,4番,1~8号（26号線沿い）,,,,,,水土,,,,,,,,,,,,,,,,,,,,,月,,,,,,,,,,,木,,,,,,,,,,,,,,,,月,,,,,,,,,,,,
住之江区,北島,1丁目,4番,上記以外,,,,,,水土,,,,,,,,,,,,,,,,,,,,,火,,,,,,,,,,,,,,,,,,金,,,,,,,,,月,,,,,,,,,,,,
住之江区,北島,1丁目,5番,軽四輪車(小さい車)で収集している地域,,,,,,水土,,,,,,,,,,,,,,,,,,,,,月,,,,,,,,,,,,,木,,,,,,,,,,,,,,月,,,,,,,,,,,,
住之江区,北島,1丁目,5番,上記以外,,,,,,水土,,,,,,,,,,,,,,,,,,,,,火,,,,,,,,,,,,,,,,,,,金,,,,,,,,月,,,,,,,,,,,,
住之江区,北島,1丁目,6番,,,,,,,水土,,,,,,,,,,,,,,,,,,,,,火,,,,,,,,,,,,,,,,,,,金,,,,,,,,月,,,,,,,,,,,,
住之江区,北島,1丁目,7番,,,,,,,水土,,,,,,,,,,,,,,,,,,,,,,,火,,,,,,,,,,,,,,,,,金,,,,,,,,月,,,,,,,,,,,,
住之江区,北島,1丁目,8番,,,,,,,水土,,,,,,,,,,,,,,,,,,,,,,,,,,火,,,,,,,,,,,,,,金,,,,,,,,月,,,,,,,,,,,,
住之江区,北島,1丁目,9番,,,,,,,水土,,,,,,,,,,,,,,,,,,,,,,,,,,火,,,,,,,,,,,,,,金,,,,,,,,月,,,,,,,,,,,,
住之江区,北島,1丁目,10番,,,,,,,水土,,,,,,,,,,,,,,,,,,,,,,,,火,,,,,,,,,,,,,,,,金,,,,,,,,月,,,,,,,,,,,,
住之江区,北島,1丁目,11番,,,,,,,水土,,,,,,,,,,,,,,,,,,,,,,,,火,,,,,,,,,,,,,,,,金,,,,,,,,月,,,,,,,,,,,,
住之江区,北島,2丁目,1番,,,,,,,,,,,,,,,,,,火金,,,,,,,,,,,,月,,,,,,,,,,,,,,,,木,,,,,,,,,月,,,,,,,,,,,,
住之江区,北島,2丁目,2番,,,,,,,,,,,,,,,,,,火金,,,,,,,,,,,,月,,,,,,,,,,,,,,,,木,,,,,,,,,月,,,,,,,,,,,,
住之江区,北島,2丁目,3番,,,,,,,,,,,,,,,,,,火金,,,,,,,,,,,,月,,,,,,,,,,,,,,,,木,,,,,,,,,月,,,,,,,,,,,,
住之江区,北島,2丁目,4番,,,,,,,,,,,,,,,,,,火金,,,,,,,,,,,,月,,,,,,,,,,,,,,,,木,,,,,,,,,月,,,,,,,,,,,,
住之江区,北島,2丁目,5番,,,,,,,,,,,,,,,,,,火金,,,,,,,,,,,,月,,,,,,,,,,,,,,,,木,,,,,,,,,月,,,,,,,,,,,,
住之江区,北島,2丁目,6番,,,,,,,,,,,,,,,,,水土,,,,,,,,,,,,,,火,,,,,,,,,,,,,,,,金,,,,,,,,月,,,,,,,,,,,,
住之江区,北島,2丁目,7番,軽四輪車(小さい車)で収集している地域,,,,,,,,水土,,,,,,,,,,,,,,,,,,,,,火,,,,,,,,,,,,,,,,金,,,,,,,,,月,,,,,,,,,,,,
住之江区,北島,2丁目,7番,大和川通り北側,,,,,,,,,,,,,,,,,火金,,,,,,,,,,月,,,,,,,,,,,,,,,,木,,,,,,,,,,,月,,,,,,,,,,,,
住之江区,北島,2丁目,7番,大和川通り南側,,,,,,,,水土,,,,,,,,,,,,,,,,,,,月,,,,,,,,,,,,,,,,木,,,,,,,,,,,月,,,,,,,,,,,,
住之江区,北島,2丁目,8番,2~9号,,,,,,,,,,,,,,,,,火金,,,,,,,,,,,,,,月,,,,,,,,,,,,,,木,,,,,,,,,月,,,,,,,,,,,,
住之江区,北島,2丁目,8番,10･16号,,,,,,,,,水土,,,,,,,,,,,,,,,,,,,,火,,,,,,,,,,,,,,,,金,,,,,,,,,月,,,,,,,,,,,,
住之江区,北島,2丁目,9番,,,,,,,,,水土,,,,,,,,,,,,,,,,,,,,,火,,,,,,,,,,,,,,,,,金,,,,,,,,月,,,,,,,,,,,,
住之江区,北島,2丁目,10番,軽四輪車(小さい車)で収集している地域,,,,,,,水土,,,,,,,,,,,,,,,,,,,,,,,,火,,,,,,,,,,,,,,,金,,,,,,,,月,,,,,,,,,,,,
住之江区,北島,2丁目,10番,上記以外,,,,,,,,,,,,,,,,水土,,,,,,,,,,,,,火,,,,,,,,,,,,,,,,,金,,,,,,,,月,,,,,,,,,,,,
住之江区,北島,2丁目,11番,軽四輪車(小さい車)で収集している地域,,,,,,,,,,,,,,,,水土,,,,,,,,,,,,,,火,,,,,,,,,,,,,,,,金,,,,,,,,月,,,,,,,,,,,,
住之江区,北島,2丁目,11番,上記以外,,,,,,,,,,,,,,,,水土,,,,,,,,,,,,,,火,,,,,,,,,,,,,,,,金,,,,,,,,月,,,,,,,,,,,,
住之江区,北島,3丁目,1番,軽四輪車(小さい車)で収集している地域,,,,,,,,水土,,,,,,,,,,,,,,,,,,,,,,,火,,,,,,,,,,,,,,,金,,,,,,,,月,,,,,,,,,,,,
住之江区,北島,3丁目,1番,上記以外,,,,,,,,水土,,,,,,,,,,,,,,,,,,,,,火,,,,,,,,,,,,,,,,,金,,,,,,,,月,,,,,,,,,,,,
住之江区,北島,3丁目,2番,軽四輪車(小さい車)で収集している地域,,,,,,,,水土,,,,,,,,,,,,,,,,,,,,,,,,火,,,,,,,,,,,,,,金,,,,,,,,月,,,,,,,,,,,,
住之江区,北島,3丁目,2番,上記以外,,,,,,,,水土,,,,,,,,,,,,,,,,,,,,,火,,,,,,,,,,,,,,,,,金,,,,,,,,月,,,,,,,,,,,,
住之江区,北島,3丁目,3番,軽四輪車(小さい車)で収集している地域,,,,,,,,水土,,,,,,,,,,,,,,,,,,,,,,,,火,,,,,,,,,,,,,,金,,,,,,,,月,,,,,,,,,,,,
住之江区,北島,3丁目,3番,上記以外,,,,,,,,水土,,,,,,,,,,,,,,,,,,,,,火,,,,,,,,,,,,,,,,,金,,,,,,,,月,,,,,,,,,,,,
住之江区,北島,3丁目,4番,軽四輪車(小さい車)で収集している地域,,,,,,,,水土,,,,,,,,,,,,,,,,,,,,,,,火,,,,,,,,,,,,,,,金,,,,,,,,月,,,,,,,,,,,,
住之江区,北島,3丁目,4番,上記以外,,,,,,,,水土,,,,,,,,,,,,,,,,,,,,,火,,,,,,,,,,,,,,,,,金,,,,,,,,月,,,,,,,,,,,,
住之江区,北島,3丁目,5番,,,,,,,,,水土,,,,,,,,,,,,,,,,,,,,,火,,,,,,,,,,,,,,,,,金,,,,,,,,月,,,,,,,,,,,,
住之江区,北島,3丁目,6番,,,,,,,,,水土,,,,,,,,,,,,,,,,,,,,,火,,,,,,,,,,,,,,,,金,,,,,,,,,月,,,,,,,,,,,,
住之江区,北島,3丁目,7番,軽四輪車(小さい車)で収集している地域,,,,,,水土,,,,,,,,,,,,,,,,,,,,,,,,火,,,,,,,,,,,,,,,,金,,,,,,,,月,,,,,,,,,,,,
住之江区,北島,3丁目,7番,上記以外,,,,,,,,水土,,,,,,,,,,,,,,,,,,,,,火,,,,,,,,,,,,,,,,金,,,,,,,,,月,,,,,,,,,,,,
住之江区,北島,3丁目,8番,軽四輪車(小さい車)で収集している地域,,,,,,水土,,,,,,,,,,,,,,,,,,,,,,,,火,,,,,,,,,,,,,,,,金,,,,,,,,月,,,,,,,,,,,,
住之江区,北島,3丁目,8番,上記以外,,,,,,,,,,,,,,,,水土,,,,,,,,,,,,,火,,,,,,,,,,,,,,,,金,,,,,,,,,月,,,,,,,,,,,,
住之江区,北島,3丁目,9番,軽四輪車(小さい車)で収集している地域,,,,,,水土,,,,,,,,,,,,,,,,,,,,,,,,,,火,,,,,,,,,,,,,,金,,,,,,,,月,,,,,,,,,,,,
住之江区,北島,3丁目,9番,上記以外,,,,,,,,水土,,,,,,,,,,,,,,,,,,,,,火,,,,,,,,,,,,,,,,,金,,,,,,,,月,,,,,,,,,,,,
住之江区,北島,3丁目,10番,,,,,,,水土,,,,,,,,,,,,,,,,,,,,,,,,火,,,,,,,,,,,,,,,,,金,,,,,,,月,,,,,,,,,,,,
住之江区,北島,3丁目,11番,,,,,,,水土,,,,,,,,,,,,,,,,,,,,,,,,火,,,,,,,,,,,,,,,,,金,,,,,,,月,,,,,,,,,,,,
住之江区,北島,3丁目,12番,,,,,,,,,水土,,,,,,,,,,,,,,,,,,,,,,火,,,,,,,,,,,,,,,金,,,,,,,,,月,,,,,,,,,,,,
住之江区,北島,3丁目,13番,,,,,,,水土,,,,,,,,,,,,,,,,,,,,,,,,火,,,,,,,,,,,,,,,金,,,,,,,,,月,,,,,,,,,,,,
住之江区,北島,3丁目,14番,軽四輪車(小さい車)で収集している地域,,,,,,水土,,,,,,,,,,,,,,,,,,,,,,,,火,,,,,,,,,,,,,,,金,,,,,,,,,月,,,,,,,,,,,,
住之江区,北島,3丁目,14番,上記以外,,,,,,,,水土,,,,,,,,,,,,,,,,,,,,,火,,,,,,,,,,,,,,,,,金,,,,,,,,月,,,,,,,,,,,,
住之江区,北島,3丁目,15番,軽四輪車(小さい車)で収集している地域,,,,,,,,水土,,,,,,,,,,,,,,,,,,,,,,,,火,,,,,,,,,,,,,,金,,,,,,,,月,,,,,,,,,,,,
住之江区,北島,3丁目,15番,上記以外,,,,,,,,水土,,,,,,,,,,,,,,,,,,,,,火,,,,,,,,,,,,,,,,,金,,,,,,,,月,,,,,,,,,,,,
住之江区,北島,3丁目,16番,,,,,,,,,水土,,,,,,,,,,,,,,,,,,,,,,火,,,,,,,,,,,,,,,金,,,,,,,,,月,,,,,,,,,,,,
住之江区,北島,3丁目,17番,,,,,,,,,水土,,,,,,,,,,,,,,,,,,,,,,,,火,,,,,,,,,,,,,,金,,,,,,,,月,,,,,,,,,,,,
住之江区,北島,3丁目,18番,,,,,,,,水土,,,,,,,,,,,,,,,,,,,,,,,,火,,,,,,,,,,,,,,,金,,,,,,,,月,,,,,,,,,,,,
住之江区,北島,3丁目,19番,,,,,,,,水土,,,,,,,,,,,,,,,,,,,,,,,火,,,,,,,,,,,,,,,金,,,,,,,,,月,,,,,,,,,,,,
住之江区,粉浜,1丁目,1番,軽四輪車(小さい車)で収集している地域,,,,,,月木,,,,,,,,,,,,,,,,,火,,,,,,,,,,,,,,,,,金,,,,,,,,,,,,,,火,,,,,,,,,,,,
住之江区,粉浜,1丁目,1番,上記以外,,,,,,月木,,,,,,,,,,,,,,,,,,,,,,,,,火,,,,,,,,金,,,,,,,,,,,,,,,火,,,,,,,,,,,,
住之江区,粉浜,1丁目,2番,軽四輪車(小さい車)で収集している地域,,,,,,,,,月木,,,,,,,,,,,,,火,,,,,,,,,,,,,,,,,,金,,,,,,,,,,,,,,火,,,,,,,,,,,,
住之江区,粉浜,1丁目,2番,上記以外,,,,,,月木,,,,,,,,,,,,,,,,,,,,,,,,,火,,,,,,,,,金,,,,,,,,,,,,,,火,,,,,,,,,,,,
住之江区,粉浜,1丁目,3番,軽四輪車(小さい車)で収集している地域,,,,,,,,,月木,,,,,,,,,,,,,火,,,,,,,,,,,,,,,,,金,,,,,,,,,,,,,,,火,,,,,,,,,,,,
住之江区,粉浜,1丁目,3番,上記以外,,,,,,月木,,,,,,,,,,,,,,,,火,,,,,,,,,,,,,,,,,金,,,,,,,,,,,,,,,火,,,,,,,,,,,,
住之江区,粉浜,1丁目,4番,軽四輪車(小さい車)で収集している地域,,,,,,,,,月木,,,,,,,,,,,,,火,,,,,,,,,,,,,,,,,金,,,,,,,,,,,,,,,火,,,,,,,,,,,,
住之江区,粉浜,1丁目,4番,上記以外,,,,,,月木,,,,,,,,,,,,,,,,,,,,,,,,,火,,,,,,,,,金,,,,,,,,,,,,,,火,,,,,,,,,,,,
住之江区,粉浜,1丁目,5番,軽四輪車(小さい車)で収集している地域,,,,,,,月木,,,,,,,,,,,,,,,火,,,,,,,,,,,,,,,,,,金,,,,,,,,,,,,,,火,,,,,,,,,,,,
住之江区,粉浜,1丁目,5番,上記以外,,,,,,月木,,,,,,,,,,,,,,,,,,,,,,,,,火,,,,,,,,,金,,,,,,,,,,,,,,火,,,,,,,,,,,,
住之江区,粉浜,1丁目,6番,軽四輪車(小さい車)で収集している地域,,,,,,,月木,,,,,,,,,,,,,,,,火,,,,,,,,,,,,,,,,金,,,,,,,,,,,,,,,火,,,,,,,,,,,,
住之江区,粉浜,1丁目,6番,上記以外,,,,,,月木,,,,,,,,,,,,,,,,,,,,,,,,,火,,,,,,,,金,,,,,,,,,,,,,,,火,,,,,,,,,,,,
住之江区,粉浜,1丁目,7番,軽四輪車(小さい車)で収集している地域,,,,,,月木,,,,,,,,,,,,,,,,,火,,,,,,,,,,,,,,,,金,,,,,,,,,,,,,,,火,,,,,,,,,,,,
住之江区,粉浜,1丁目,7番,上記以外,,,,,,月木,,,,,,,,,,,,,,,,,,,,,,,,,火,,,,,,,,,金,,,,,,,,,,,,,,火,,,,,,,,,,,,
住之江区,粉浜,1丁目,8番,軽四輪車(小さい車)で収集している地域,,,,,,,,,月木,,,,,,,,,,,,,火,,,,,,,,,,,,,,,,,,金,,,,,,,,,,,,,,火,,,,,,,,,,,,
住之江区,粉浜,1丁目,8番,上記以外,,,,,,月木,,,,,,,,,,,,,,,,,,,,,,,,,火,,,,,,,,,金,,,,,,,,,,,,,,火,,,,,,,,,,,,
住之江区,粉浜,1丁目,9番,軽四輪車(小さい車)で収集している地域,,,,,,,,,月木,,,,,,,,,,,,,,火,,,,,,,,,,,,,,,,,金,,,,,,,,,,,,,,火,,,,,,,,,,,,
住之江区,粉浜,1丁目,9番,上記以外,,,,,,月木,,,,,,,,,,,,,,,,,火,,,,,,,,,,,,,,,,,金,,,,,,,,,,,,,,火,,,,,,,,,,,,
住之江区,粉浜,1丁目,10番,軽四輪車(小さい車)で収集している地域,,,,,,,月木,,,,,,,,,,,,,,,火,,,,,,,,,,,,,,,,,,金,,,,,,,,,,,,,,火,,,,,,,,,,,,
住之江区,粉浜,1丁目,10番,上記以外,,,,,,月木,,,,,,,,,,,,,,,,,,,,,,,,,火,,,,,,,,,金,,,,,,,,,,,,,,火,,,,,,,,,,,,
住之江区,粉浜,1丁目,11番,軽四輪車(小さい車)で収集している地域,,,,,,,月木,,,,,,,,,,,,,,,火,,,,,,,,,,,,,,,,,金,,,,,,,,,,,,,,,火,,,,,,,,,,,,
住之江区,粉浜,1丁目,11番,上記以外,,,,,,月木,,,,,,,,,,,,,,,,,,,,,,,,,火,,,,,,,,,金,,,,,,,,,,,,,,火,,,,,,,,,,,,
住之江区,粉浜,1丁目,12番,軽四輪車(小さい車)で収集している地域,,,,,,,月木,,,,,,,,,,,,,,,,火,,,,,,,,,,,,,,,,,金,,,,,,,,,,,,,,火,,,,,,,,,,,,
住之江区,粉浜,1丁目,12番,上記以外,,,,,,月木,,,,,,,,,,,,,,,,,火,,,,,,,,,,,,,,,,,金,,,,,,,,,,,,,,火,,,,,,,,,,,,
住之江区,粉浜,1丁目,13番,軽四輪車(小さい車)で収集している地域,,,,,,,月木,,,,,,,,,,,,,,,火,,,,,,,,,,,,,,,,,,金,,,,,,,,,,,,,,火,,,,,,,,,,,,
住之江区,粉浜,1丁目,13番,上記以外,,,,,,月木,,,,,,,,,,,,,,,,火,,,,,,,,,,,,,,,,,,金,,,,,,,,,,,,,,火,,,,,,,,,,,,
住之江区,粉浜,1丁目,14番,軽四輪車(小さい車)で収集している地域,,,,,,,月木,,,,,,,,,,,,,,,火,,,,,,,,,,,,,,,,,,金,,,,,,,,,,,,,,火,,,,,,,,,,,,
住之江区,粉浜,1丁目,14番,上記以外,,,,,,月木,,,,,,,,,,,,,,,,,,,,,,,,,火,,,,,,,,,,金,,,,,,,,,,,,,火,,,,,,,,,,,,
住之江区,粉浜,1丁目,15番,軽四輪車(小さい車)で収集している地域,,,,,,月木,,,,,,,,,,,,,,,,火,,,,,,,,,,,,,,,,,,金,,,,,,,,,,,,,,火,,,,,,,,,,,,
住之江区,粉浜,1丁目,15番,上記以外,,,,,,月木,,,,,,,,,,,,,,,,,,,,,,,,,火,,,,,,,,,,金,,,,,,,,,,,,,火,,,,,,,,,,,,
住之江区,粉浜,1丁目,16番,,,,,,,月木,,,,,,,,,,,,,,,,,,,,,,,,,火,,,,,,,,,,金,,,,,,,,,,,,,火,,,,,,,,,,,,
住之江区,粉浜,1丁目,17番,軽四輪車(小さい車)で収集している地域,,,,,,,月木,,,,,,,,,,,,,,,火,,,,,,,,,,,,,,,,,,,金,,,,,,,,,,,,,火,,,,,,,,,,,,
住之江区,粉浜,1丁目,17番,上記以外,,,,,,月木,,,,,,,,,,,,,,,,,,,,,,,,,火,,,,,,,,,,金,,,,,,,,,,,,,火,,,,,,,,,,,,
住之江区,粉浜,1丁目,18番,軽四輪車(小さい車)で収集している地域,,,,,,月木,,,,,,,,,,,,,,,,火,,,,,,,,,,,,,,,,,,,金,,,,,,,,,,,,,火,,,,,,,,,,,,
住之江区,粉浜,1丁目,18番,上記以外,,,,,,月木,,,,,,,,,,,,,,,,,,,,,,,,,火,,,,,,,,,,金,,,,,,,,,,,,,火,,,,,,,,,,,,
住之江区,粉浜,1丁目,19番,軽四輪車(小さい車)で収集している地域,,,,,,月木,,,,,,,,,,,,,,,,,,,,,,,,,火,,,,,,,,,,金,,,,,,,,,,,,,火,,,,,,,,,,,,
住之江区,粉浜,1丁目,19番,上記以外,,,,,,月木,,,,,,,,,,,,,,,,,,,,,,,,,火,,,,,,,,,,金,,,,,,,,,,,,,火,,,,,,,,,,,,
住之江区,粉浜,1丁目,20番,軽四輪車(小さい車)で収集している地域,,,,,,月木,,,,,,,,,,,,,,,,,火,,,,,,,,,,,,,,,金,,,,,,,,,,,,,,,,火,,,,,,,,,,,,
住之江区,粉浜,1丁目,20番,上記以外,,,,,,月木,,,,,,,,,,,,,,,,,,,,,,,,,火,,,,,,,,,,金,,,,,,,,,,,,,火,,,,,,,,,,,,
住之江区,粉浜,1丁目,21番,軽四輪車(小さい車)で収集している地域,,,,,,月木,,,,,,,,,,,,,,,,火,,,,,,,,,,,,,,,,金,,,,,,,,,,,,,,,,火,,,,,,,,,,,,
住之江区,粉浜,1丁目,21番,上記以外,,,,,,月木,,,,,,,,,,,,,,,,,,,,,,,,,火,,,,,,,,,,金,,,,,,,,,,,,,火,,,,,,,,,,,,
住之江区,粉浜,1丁目,22番,軽四輪車(小さい車)で収集している地域,,,,,,月木,,,,,,,,,,,,,,,,火,,,,,,,,,,,,,,,,金,,,,,,,,,,,,,,,,火,,,,,,,,,,,,
住之江区,粉浜,1丁目,22番,上記以外,,,,,,月木,,,,,,,,,,,,,,,,,,,,,,,,,火,,,,,,,,,,金,,,,,,,,,,,,,火,,,,,,,,,,,,
住之江区,粉浜,1丁目,23番,軽四輪車(小さい車)で収集している地域,,,,,,月木,,,,,,,,,,,,,,,,火,,,,,,,,,,,,,,,,金,,,,,,,,,,,,,,,,火,,,,,,,,,,,,
住之江区,粉浜,1丁目,23番,上記以外,,,,,,月木,,,,,,,,,,,,,,,,,,,,,,,,,火,,,,,,,,,,金,,,,,,,,,,,,,火,,,,,,,,,,,,
住之江区,粉浜,1丁目,24番,軽四輪車(小さい車)で収集している地域,,,,,,月木,,,,,,,,,,,,,,,,,火,,,,,,,,,,,,,,,金,,,,,,,,,,,,,,,,火,,,,,,,,,,,,
住之江区,粉浜,1丁目,24番,上記以外,,,,,,月木,,,,,,,,,,,,,,,,,,,,,,,,,火,,,,,,,,,,金,,,,,,,,,,,,,火,,,,,,,,,,,,
住之江区,粉浜,1丁目,25番,軽四輪車(小さい車)で収集している地域,,,,,,月木,,,,,,,,,,,,,,,,火,,,,,,,,,,,,,,,,金,,,,,,,,,,,,,,,,火,,,,,,,,,,,,
住之江区,粉浜,1丁目,25番,上記以外,,,,,,月木,,,,,,,,,,,,,,,,,,,,,,,,,火,,,,,,,,,,金,,,,,,,,,,,,,火,,,,,,,,,,,,
住之江区,粉浜,1丁目,26番,軽四輪車(小さい車)で収集している地域,,,,,,月木,,,,,,,,,,,,,,,,火,,,,,,,,,,,,,,,,金,,,,,,,,,,,,,,,,火,,,,,,,,,,,,
住之江区,粉浜,1丁目,26番,上記以外,,,,,,月木,,,,,,,,,,,,,,,,,,,,,,,,,火,,,,,,,,,,金,,,,,,,,,,,,,火,,,,,,,,,,,,
住之江区,粉浜,1丁目,27番,軽四輪車(小さい車)で収集している地域,,,,,,月木,,,,,,,,,,,,,,,,火,,,,,,,,,,,,,,,,金,,,,,,,,,,,,,,,,火,,,,,,,,,,,,
住之江区,粉浜,1丁目,27番,上記以外,,,,,,月木,,,,,,,,,,,,,,,,火,,,,,,,,,,,,,,,,金,,,,,,,,,,,,,,,,火,,,,,,,,,,,,
住之江区,粉浜,2丁目,1番,,,,,,,月木,,,,,,,,,,,,,,,,火,,,,,,,,,,,,,,,,金,,,,,,,,,,,,,,,,火,,,,,,,,,,,,
住之江区,粉浜,2丁目,2番,,,,,,,月木,,,,,,,,,,,,,,,,,火,,,,,,,,,,,,,,,,金,,,,,,,,,,,,,,,火,,,,,,,,,,,,
住之江区,粉浜,2丁目,3番,軽四輪車(小さい車)で収集している地域,,,,,,月木,,,,,,,,,,,,,,,,,火,,,,,,,,,,,,,,,,金,,,,,,,,,,,,,,,火,,,,,,,,,,,,
住之江区,粉浜,2丁目,3番,上記以外,,,,,,月木,,,,,,,,,,,,,,,,,,,,,,,,,火,,,,,,,,,,金,,,,,,,,,,,,,火,,,,,,,,,,,,
住之江区,粉浜,2丁目,4番,軽四輪車(小さい車)で収集している地域,,,,,,,月木,,,,,,,,,,,,,,,,火,,,,,,,,,,,,,,,,金,,,,,,,,,,,,,,,火,,,,,,,,,,,,
住之江区,粉浜,2丁目,4番,上記以外,,,,,,月木,,,,,,,,,,,,,,,,,,,,,,,,,火,,,,,,,,,,金,,,,,,,,,,,,,火,,,,,,,,,,,,
住之江区,粉浜,2丁目,5番,軽四輪車(小さい車)で収集している地域,,,,,,月木,,,,,,,,,,,,,,,,,火,,,,,,,,,,,,,,,,金,,,,,,,,,,,,,,,火,,,,,,,,,,,,
住之江区,粉浜,2丁目,5番,上記以外,,,,,,月木,,,,,,,,,,,,,,,,,火,,,,,,,,,,,,,,,,,,金,,,,,,,,,,,,,火,,,,,,,,,,,,
住之江区,粉浜,2丁目,6番,,,,,,,月木,,,,,,,,,,,,,,,,火,,,,,,,,,,,,,,,,金,,,,,,,,,,,,,,,,火,,,,,,,,,,,,
住之江区,粉浜,2丁目,7番,,,,,,,月木,,,,,,,,,,,,,,,,火,,,,,,,,,,,,,,,,金,,,,,,,,,,,,,,,,火,,,,,,,,,,,,
住之江区,粉浜,2丁目,8番,,,,,,,月木,,,,,,,,,,,,,,,,火,,,,,,,,,,,,,,,,金,,,,,,,,,,,,,,,,火,,,,,,,,,,,,
住之江区,粉浜,2丁目,9番,,,,,,,月木,,,,,,,,,,,,,,,,火,,,,,,,,,,,,,,,,,金,,,,,,,,,,,,,,,火,,,,,,,,,,,,
住之江区,粉浜,2丁目,10番,北側の通り,,,,,,月木,,,,,,,,,,,,,,,,火,,,,,,,,,,,,,,,,金,,,,,,,,,,,,,,,,火,,,,,,,,,,,,
住之江区,粉浜,2丁目,10番,上記以外,,,,,,,,,,,,,,,,月木,,,,,,火,,,,,,,,,,,,,,,,金,,,,,,,,,,,,,,,,火,,,,,,,,,,,,
住之江区,粉浜,2丁目,11番,,,,,,,月木,,,,,,,,,,,,,,,,火,,,,,,,,,,,,,,,,金,,,,,,,,,,,,,,,,火,,,,,,,,,,,,
住之江区,粉浜,2丁目,12番,,,,,,,月木,,,,,,,,,,,,,,,,火,,,,,,,,,,,,,,,,金,,,,,,,,,,,,,,,,火,,,,,,,,,,,,
住之江区,粉浜,2丁目,13番,,,,,,,,,,,,,,,,,月木,,,,,,火,,,,,,,,,,,,,,,,金,,,,,,,,,,,,,,,,火,,,,,,,,,,,,
住之江区,粉浜,2丁目,14番,軽四輪車(小さい車)で収集している地域,,,,,,,,,,,,,,,,月木,,,,,,火,,,,,,,,,,,,,,,,金,,,,,,,,,,,,,,,,火,,,,,,,,,,,,
住之江区,粉浜,2丁目,14番,上記以外,,,,,,月木,,,,,,,,,,,,,,,,,,,,,,,,,火,,,,,,,,,,金,,,,,,,,,,,,,火,,,,,,,,,,,,
住之江区,粉浜,3丁目,1番,,,,,,,,,,,,,,,,,月木,,,,,,水,,,,,,,,,,,,,,,,土,,,,,,,,,,,,,,,,火,,,,,,,,,,,,
住之江区,粉浜,3丁目,2番,,,,,,,,,,,,,,,,,月木,,,,,,水,,,,,,,,,,,,,,,,土,,,,,,,,,,,,,,,,火,,,,,,,,,,,,
住之江区,粉浜,3丁目,3番,軽四輪車(小さい車)で収集している地域,,,,,,,,,,,,,,,,月木,,,,,,水,,,,,,,,,,,,,,,,土,,,,,,,,,,,,,,,,火,,,,,,,,,,,,
住之江区,粉浜,3丁目,3番,上記以外,,,,,,月木,,,,,,,,,,,,,,,,水,,,,,,,,,,,,,,,,土,,,,,,,,,,,,,,,,火,,,,,,,,,,,,
住之江区,粉浜,3丁目,4番,,,,,,,月木,,,,,,,,,,,,,,,,,,,,,,,,,水,,,,,,,,土,,,,,,,,,,,,,,,火,,,,,,,,,,,,
住之江区,粉浜,3丁目,5番,軽四輪車(小さい車)で収集している地域,,,,,,,,,,,,,,,,月木,,,,,,水,,,,,,,,,,,,,,,,土,,,,,,,,,,,,,,,,火,,,,,,,,,,,,
住之江区,粉浜,3丁目,5番,上記以外,,,,,,月木,,,,,,,,,,,,,,,,水,,,,,,,,,,,,,,,,,土,,,,,,,,,,,,,,,火,,,,,,,,,,,,
住之江区,粉浜,3丁目,6番,,,,,,,月木,,,,,,,,,,,,,,,,水,,,,,,,,,,,,,,,,土,,,,,,,,,,,,,,,,火,,,,,,,,,,,,
住之江区,粉浜,3丁目,7番,軽四輪車(小さい車)で収集している地域,,,,,,,,,,,,,,,,月木,,,,,,水,,,,,,,,,,,,,,,,土,,,,,,,,,,,,,,,,火,,,,,,,,,,,,
住之江区,粉浜,3丁目,7番,上記以外,,,,,,月木,,,,,,,,,,,,,,,,水,,,,,,,,,,,,,,,,,土,,,,,,,,,,,,,,,火,,,,,,,,,,,,
住之江区,粉浜,3丁目,8番,,,,,,,,,,,,,,,,,月木,,,,,,水,,,,,,,,,,,,,,,,土,,,,,,,,,,,,,,,,火,,,,,,,,,,,,
住之江区,粉浜,3丁目,9番,,,,,,,,,,,,,,,,,月木,,,,,,水,,,,,,,,,,,,,,,,土,,,,,,,,,,,,,,,,火,,,,,,,,,,,,
住之江区,粉浜,3丁目,10番,軽四輪車(小さい車)で収集している地域,,,,,,,,,,,,,,,,月木,,,,,,水,,,,,,,,,,,,,,,,,土,,,,,,,,,,,,,,,火,,,,,,,,,,,,
住之江区,粉浜,3丁目,10番,上記以外,,,,,,月木,,,,,,,,,,,,,,,,水,,,,,,,,,,,,,,,,,土,,,,,,,,,,,,,,,火,,,,,,,,,,,,
住之江区,粉浜,3丁目,11番,軽四輪車(小さい車)で収集している地域,,,,,,,,月木,,,,,,,,,,,,,,,水,,,,,,,,,,,,,,,,土,,,,,,,,,,,,,,,火,,,,,,,,,,,,
住之江区,粉浜,3丁目,11番,上記以外,,,,,,月木,,,,,,,,,,,,,,,,,,,,,,,,,水,,,,,,,,土,,,,,,,,,,,,,,,火,,,,,,,,,,,,
住之江区,粉浜,3丁目,12番,軽四輪車(小さい車)で収集している地域,,,,,,月木,,,,,,,,,,,,,,,,,水,,,,,,,,,,,,,,,,土,,,,,,,,,,,,,,,火,,,,,,,,,,,,
住之江区,粉浜,3丁目,12番,上記以外,,,,,,月木,,,,,,,,,,,,,,,,,,,,,,,,,水,,,,,,,,土,,,,,,,,,,,,,,,火,,,,,,,,,,,,
住之江区,粉浜,3丁目,13番,,,,,,,月木,,,,,,,,,,,,,,,,,,,,,,,,水,,,,,,,,,土,,,,,,,,,,,,,,,火,,,,,,,,,,,,
住之江区,粉浜,3丁目,14番,軽四輪車(小さい車)で収集している地域,,,,,,,,,,,,,,,月木,,,,,,,水,,,,,,,,,,,,,,,,土,,,,,,,,,,,,,,,,火,,,,,,,,,,,,
住之江区,粉浜,3丁目,14番,上記以外,,,,,,月木,,,,,,,,,,,,,,,,,,,,,,,,水,,,,,,,,土,,,,,,,,,,,,,,,,火,,,,,,,,,,,,
住之江区,粉浜,3丁目,15番,軽四輪車(小さい車)で収集している地域,,,,,,,,,,,,,,,月木,,,,,,,水,,,,,,,,,,,,,,,,土,,,,,,,,,,,,,,,,火,,,,,,,,,,,,
住之江区,粉浜,3丁目,15番,上記以外,,,,,,月木,,,,,,,,,,,,,,,,水,,,,,,,,,,,,,,,,土,,,,,,,,,,,,,,,,火,,,,,,,,,,,,
住之江区,粉浜,3丁目,16番,軽四輪車(小さい車)で収集している地域,,,,,,,,,,,,,,,月木,,,,,,,水,,,,,,,,,,,,,,,,土,,,,,,,,,,,,,,,,火,,,,,,,,,,,,
住之江区,粉浜,3丁目,16番,上記以外,,,,,,月木,,,,,,,,,,,,,,,,水,,,,,,,,,,,,,,,,土,,,,,,,,,,,,,,,,火,,,,,,,,,,,,
住之江区,粉浜,3丁目,17番,,,,,,,,月木,,,,,,,,,,,,,,,水,,,,,,,,,,,,,,,,土,,,,,,,,,,,,,,,,火,,,,,,,,,,,,
住之江区,粉浜西,1丁目,1番,軽四輪車(小さい車)で収集している地域,,,,,,,月木,,,,,,,,,,,,,,,,,水,,,,,,,,,,,,,,,,,,,,,,,,,土,,,,,火,,,,,,,,,,,,
住之江区,粉浜西,1丁目,1番,上記以外,,,,,,月木,,,,,,,,,,,,,,,,,,,,,,,,,水,,,,,,,,土,,,,,,,,,,,,,,,火,,,,,,,,,,,,
住之江区,粉浜西,1丁目,2番,軽四輪車(小さい車)で収集している地域,,,,,,,,,,,,,,,月木,,,,,,,,,,,,,,,,水,,,,,,,,土,,,,,,,,,,,,,,,火,,,,,,,,,,,,
住之江区,粉浜西,1丁目,2番,上記以外,,,,,,月木,,,,,,,,,,,,,,,,,,,,,,,,,水,,,,,,,,土,,,,,,,,,,,,,,,火,,,,,,,,,,,,
住之江区,粉浜西,1丁目,3番,軽四輪車(小さい車)で収集している地域,,,,,,,,,,,,,,,月木,,,,,,,,,水,,,,,,,,,,,,,,,,,,,,,,,土,,,,,,,火,,,,,,,,,,,,
住之江区,粉浜西,1丁目,3番,上記以外,,,,,,月木,,,,,,,,,,,,,,,,,,水,,,,,,,,,,,,,,,,,,,,,,,土,,,,,,,火,,,,,,,,,,,,
住之江区,粉浜西,1丁目,4番,軽四輪車(小さい車)で収集している地域,,,,,,,,,,,,,,,月木,,,,,,,,,水,,,,,,,,,,,,,,,,,,,,,,,土,,,,,,,火,,,,,,,,,,,,
住之江区,粉浜西,1丁目,4番,上記以外,,,,,,月木,,,,,,,,,,,,,,,,,,,,,,,,,水,,,,,,,,土,,,,,,,,,,,,,,,火,,,,,,,,,,,,
住之江区,粉浜西,1丁目,5番,,,,,,,月木,,,,,,,,,,,,,,,,,,水,,,,,,,,,,,,,,,土,,,,,,,,,,,,,,,火,,,,,,,,,,,,
住之江区,粉浜西,1丁目,6番,軽四輪車(小さい車)で収集している地域,,,,,,,,,,,,,,,月木,,,,,,,,,水,,,,,,,,,,,,,,,,,,,,,,,土,,,,,,,火,,,,,,,,,,,,
住之江区,粉浜西,1丁目,6番,上記以外,,,,,,,,,,,,,,,月木,,,,,,,,,水,,,,,,,,,,,,,,,,,,,,,,,土,,,,,,,火,,,,,,,,,,,,
住之江区,粉浜西,1丁目,7番,軽四輪車(小さい車)で収集している地域,,,,,,,,,,,,,,,月木,,,,,,,,,水,,,,,,,,,,,,,,,,,,,,,,,,土,,,,,,火,,,,,,,,,,,,
住之江区,粉浜西,1丁目,7番,上記以外,,,,,,月木,,,,,,,,,,,,,,,,,,水,,,,,,,,,,,,,,,,,,,,,,,,土,,,,,,火,,,,,,,,,,,,
住之江区,粉浜西,1丁目,8番,軽四輪車(小さい車)で収集している地域,,,,,,,,,,,,,,,月木,,,,,,,,,水,,,,,,,,,,,,,,,,,,,,,,,,土,,,,,,火,,,,,,,,,,,,
住之江区,粉浜西,1丁目,8番,上記以外,,,,,,月木,,,,,,,,,,,,,,,,,,,,,,,,,水,,,,,,,,土,,,,,,,,,,,,,,,火,,,,,,,,,,,,
住之江区,粉浜西,1丁目,9番,軽四輪車(小さい車)で収集している地域,,,,,,,,,,,,,,,月木,,,,,,,,,水,,,,,,,,,,,,,,,,,,,,,,,土,,,,,,,火,,,,,,,,,,,,
住之江区,粉浜西,1丁目,9番,上記以外,,,,,,月木,,,,,,,,,,,,,,,,,,,,,,,,,水,,,,,,,,土,,,,,,,,,,,,,,,火,,,,,,,,,,,,
住之江区,粉浜西,1丁目,10番,軽四輪車(小さい車)で収集している地域,,,,,,,,,,,,,,,月木,,,,,,,,,水,,,,,,,,,,,,,,,,,,,,,,,土,,,,,,,火,,,,,,,,,,,,
住之江区,粉浜西,1丁目,10番,上記以外,,,,,,月木,,,,,,,,,,,,,,,,,,,,,,,,,水,,,,,,,,土,,,,,,,,,,,,,,,火,,,,,,,,,,,,
住之江区,粉浜西,1丁目,11番,軽四輪車(小さい車)で収集している地域,,,,,,,,,,,,,,,月木,,,,,,,,,水,,,,,,,,,,,,,,,,,,,,,,,土,,,,,,,火,,,,,,,,,,,,
住之江区,粉浜西,1丁目,11番,上記以外,,,,,,月木,,,,,,,,,,,,,,,,,,,,,,,,水,,,,,,,,,土,,,,,,,,,,,,,,,火,,,,,,,,,,,,
住之江区,粉浜西,1丁目,12番,軽四輪車(小さい車)で収集している地域,,,,,,,,,,,,,,,月木,,,,,,,,,水,,,,,,,,,,,,,,,,,,,,,,,土,,,,,,,火,,,,,,,,,,,,
住之江区,粉浜西,1丁目,12番,上記以外,,,,,,月木,,,,,,,,,,,,,,,,,,,,,,,水,,,,,,,,,,,,,,,,,,土,,,,,,,火,,,,,,,,,,,,
住之江区,粉浜西,2丁目,1番,軽四輪車(小さい車)で収集している地域,,,,,,月木,,,,,,,,,,,,,,,,,,,,,,,,水,,,,,,,,,土,,,,,,,,,,,,,,,火,,,,,,,,,,,,
住之江区,粉浜西,2丁目,1番,上記以外,,,,,,,月木,,,,,,,,,,,,,,,,,,,,,,,水,,,,,,,,,土,,,,,,,,,,,,,,,火,,,,,,,,,,,,
住之江区,粉浜西,2丁目,2番,軽四輪車(小さい車)で収集している地域,,,,,,,,,,,,,,,月木,,,,,,,,,,,,,,,水,,,,,,,,,,,,,,,土,,,,,,,,,火,,,,,,,,,,,,
住之江区,粉浜西,2丁目,2番,上記以外,,,,,,,,,,,,,,,月木,,,,,,,,,,,,,,,水,,,,,,,,,,,,,,,土,,,,,,,,,火,,,,,,,,,,,,
住之江区,粉浜西,2丁目,3番,軽四輪車(小さい車)で収集している地域,,,,,,,,,,,,,,,月木,,,,,,,,,,,,,,,水,,,,,,,,,,,土,,,,,,,,,,,,,火,,,,,,,,,,,,
住之江区,粉浜西,2丁目,3番,上記以外,,,,,,,,,,,,,,,月木,,,,,,,,,,,,,,,水,,,,,,,,,,,土,,,,,,,,,,,,,火,,,,,,,,,,,,
住之江区,粉浜西,2丁目,4番,,,,,,,,,,,,,,,,月木,,,,,,,,,,,,,,,水,,,,,,,,,,,,,,,,土,,,,,,,,火,,,,,,,,,,,,
住之江区,粉浜西,2丁目,5番,軽四輪車(小さい車)で収集している地域,,,,,,,,,,,,,,,月木,,,,,,,,,,,,,,,水,,,,,,,,,,,,,,,,土,,,,,,,,火,,,,,,,,,,,,
住之江区,粉浜西,2丁目,5番,上記以外,,,,,,,,,,,,,,,月木,,,,,,,,,,,,,,,水,,,,,,,,,,,,,,,,土,,,,,,,,火,,,,,,,,,,,,
住之江区,粉浜西,2丁目,6番,軽四輪車(小さい車)で収集している地域,,,,,,,,,,,,,,,月木,,,,,,,,,,,,,,,水,,,,,,,,土,,,,,,,,,,,,,,,,火,,,,,,,,,,,,
住之江区,粉浜西,2丁目,6番,上記以外,,,,,,,月木,,,,,,,,,,,,,,,,,,,,,,,水,,,,,,,,土,,,,,,,,,,,,,,,,火,,,,,,,,,,,,
住之江区,粉浜西,2丁目,7番,軽四輪車(小さい車)で収集している地域,,,,,,,,,,,,,,,月木,,,,,,,,,,,,,,,水,,,,,,,,土,,,,,,,,,,,,,,,,火,,,,,,,,,,,,
住之江区,粉浜西,2丁目,7番,上記以外,,,,,,月木,,,,,,,,,,,,,,,,,,,,,,,,水,,,,,,,,土,,,,,,,,,,,,,,,,火,,,,,,,,,,,,
住之江区,粉浜西,2丁目,8番,軽四輪車(小さい車)で収集している地域,,,,,,,,,,,月木,,,,,,,,,,,,,,,,,,,水,,,,,,,,,,,土,,,,,,,,,,,,,火,,,,,,,,,,,,
住之江区,粉浜西,2丁目,8番,上記以外,,,,,,,,月木,,,,,,,,,,,,,,,,,,,,,,水,,,,,,,,,,,土,,,,,,,,,,,,,火,,,,,,,,,,,,
住之江区,粉浜西,2丁目,9番,軽四輪車(小さい車)で収集している地域,,,,,,,,,,,月木,,,,,,,,,,,,,水,,,,,,,,,,,,,,,,,,,,,,,,土,,,,,,火,,,,,,,,,,,,
住之江区,粉浜西,2丁目,9番,上記以外,,,,,,,,月木,,,,,,,,,,,,,,,,水,,,,,,,,,,,,,,,,,,,,,,,,土,,,,,,火,,,,,,,,,,,,
住之江区,粉浜西,2丁目,10番,軽四輪車(小さい車)で収集している地域,,,,,,,,月木,,,,,,,,,,,,,,,水,,,,,,,,,,,,,,,,,,,,,,,,,土,,,,,,火,,,,,,,,,,,,
住之江区,粉浜西,2丁目,10番,上記以外,,,,,,,,月木,,,,,,,,,,,,,,,,,,,,,,水,,,,,,,,,土,,,,,,,,,,,,,,,火,,,,,,,,,,,,
住之江区,粉浜西,2丁目,12番,,,,,,,,月木,,,,,,,,,,,,,,,,水,,,,,,,,,,,,,,,,,,,,,,,,土,,,,,,,火,,,,,,,,,,,,
住之江区,粉浜西,2丁目,13番,,,,,,,,月木,,,,,,,,,,,,,,,,水,,,,,,,,,,,,,,,,,,,,,,,,土,,,,,,,火,,,,,,,,,,,,
住之江区,粉浜西,2丁目,14番,,,,,,,,,月木,,,,,,,,,,,,,,,,,,,,,水,,,,,,,,,土,,,,,,,,,,,,,,,,火,,,,,,,,,,,,
住之江区,粉浜西,2丁目,15番,軽四輪車(小さい車)で収集している地域,,,,,,,,,,,月木,,,,,,,,,,,,,,,,,,,水,,,,,,,,,,,,,,,,,,土,,,,,,火,,,,,,,,,,,,
住之江区,粉浜西,2丁目,15番,上記以外,,,,,,,,月木,,,,,,,,,,,,,,,,,,,,,水,,,,,,,,,土,,,,,,,,,,,,,,,,火,,,,,,,,,,,,
住之江区,粉浜西,2丁目,16番,軽四輪車(小さい車)で収集している地域,,,,,,,,,,,月木,,,,,,,,,,,,,,,,,,,水,,,,,,,,,,,,,,,,,,,,,,,,火,,,,,,,,,,,,
住之江区,粉浜西,2丁目,16番,上記以外,,,,,,,,月木,,,,,,,,,,,,,,,,,,,,,,水,,,,,,,,,,,,,,,,,,土,,,,,,火,,,,,,,,,,,,
住之江区,粉浜西,2丁目,17番,軽四輪車(小さい車)で収集している地域,,,,,,,,,,,月木,,,,,,,,,,,,,,,,,,,水,,,,,,,,,,土,,,,,,,,,,,,,,火,,,,,,,,,,,,
住之江区,粉浜西,2丁目,17番,上記以外,,,,,,,,月木,,,,,,,,,,,,,,,,,,,,,,水,,,,,,,,,,土,,,,,,,,,,,,,,火,,,,,,,,,,,,
住之江区,粉浜西,2丁目,18番,軽四輪車(小さい車)で収集している地域,,,,,,,,,,,月木,,,,,,,,,,,,,,,,,,,水,,,,,,,,,土,,,,,,,,,,,,,,,火,,,,,,,,,,,,
住之江区,粉浜西,2丁目,18番,上記以外,,,,,,,,月木,,,,,,,,,,,,,,,,,,,,,,水,,,,,,,,,土,,,,,,,,,,,,,,,火,,,,,,,,,,,,
住之江区,粉浜西,2丁目,19番,軽四輪車(小さい車)で収集している地域,,,,,,,,,,,月木,,,,,,,,,,,,,,,,,,水,,,,,,,,,土,,,,,,,,,,,,,,,,火,,,,,,,,,,,,
住之江区,粉浜西,2丁目,19番,上記以外,,,,,,,,月木,,,,,,,,,,,,,,,,,,,,,水,,,,,,,,,土,,,,,,,,,,,,,,,,火,,,,,,,,,,,,
住之江区,粉浜西,3丁目,1番,,,,,,,月木,,,,,,,,,,,,,,,,,,,,,,,,水,,,,,,,,,,,,,,,土,,,,,,,,,火,,,,,,,,,,,,
住之江区,粉浜西,3丁目,2番,軽四輪車(小さい車)で収集している地域,,,,,,,,月木,,,,,,,,,,,,,,,,,,,,,,水,,,,,,,,,土,,,,,,,,,,,,,,,火,,,,,,,,,,,,
住之江区,粉浜西,3丁目,2番,上記以外,,,,,,月木,,,,,,,,,,,,,,,,,,,,,,,,水,,,,,,,,土,,,,,,,,,,,,,,,,火,,,,,,,,,,,,
住之江区,粉浜西,3丁目,3番,軽四輪車(小さい車)で収集している地域,,,,,,,,月木,,,,,,,,,,,,,,,,,,,,,水,,,,,,,,,,土,,,,,,,,,,,,,,,火,,,,,,,,,,,,
住之江区,粉浜西,3丁目,3番,上記以外,,,,,,月木,,,,,,,,,,,,,,,,,,,,,,,水,,,,,,,,,土,,,,,,,,,,,,,,,,火,,,,,,,,,,,,
住之江区,粉浜西,3丁目,4番,軽四輪車(小さい車)で収集している地域,,,,,,,,月木,,,,,,,,,,,,,,水,,,,,,,,,,,,,,,,,土,,,,,,,,,,,,,,,火,,,,,,,,,,,,
住之江区,粉浜西,3丁目,4番,上記以外,,,,,,月木,,,,,,,,,,,,,,,,,,,,,,,,水,,,,,,,,,土,,,,,,,,,,,,,,,火,,,,,,,,,,,,
住之江区,粉浜西,3丁目,5番,軽四輪車(小さい車)で収集している地域,,,,,,,,月木,,,,,,,,,,,,,,,,,,,,,,水,,,,,,,,,土,,,,,,,,,,,,,,,火,,,,,,,,,,,,
住之江区,粉浜西,3丁目,5番,上記以外,,,,,,,月木,,,,,,,,,,,,,,,,水,,,,,,,,,,,,,,,土,,,,,,,,,,,,,,,,火,,,,,,,,,,,,
住之江区,粉浜西,3丁目,6番,軽四輪車(小さい車)で収集している地域,,,,,,,,月木,,,,,,,,,,,,,,,,,,,,,,水,,,,,,,,土,,,,,,,,,,,,,,,,火,,,,,,,,,,,,
住之江区,粉浜西,3丁目,6番,上記以外,,,,,,,月木,,,,,,,,,,,,,,,,,,,,,,,水,,,,,,,,,,,,,,,土,,,,,,,,,火,,,,,,,,,,,,
住之江区,粉浜西,3丁目,7番,軽四輪車(小さい車)で収集している地域,,,,,,,,月木,,,,,,,,,,,,,,,,,,,,,,水,,,,,,,,土,,,,,,,,,,,,,,,,火,,,,,,,,,,,,
住之江区,粉浜西,3丁目,7番,上記以外,,,,,,,月木,,,,,,,,,,,,,,,水,,,,,,,,,,,,,,,,土,,,,,,,,,,,,,,,,火,,,,,,,,,,,,
住之江区,粉浜西,3丁目,8番,,,,,,,,月木,,,,,,,,,,,,,,,水,,,,,,,,,,,,,,,,土,,,,,,,,,,,,,,,,火,,,,,,,,,,,,
住之江区,柴谷,2丁目,1番,市営柴谷住宅1~3棟,,,,,,,,,,,,,,,,火金,,,,,,,,,,,,,水,,,,,,,,,,,,,,,,,,,金,,,,,,金,,,,,,,,,,,,
住之江区,柴谷,2丁目,1番,上記以外,,,,,,,,月木,,,,,,,,,,,,,,,,,,,,,水,,,,,,,,,,,,,,,,,,,,金,,,,,金,,,,,,,,,,,,
住之江区,柴谷,2丁目,3番,,,,,,,,,月木,,,,,,,,,,,,,,,,,,,,,水,,,,,,,,,,,,,,,,,,,,金,,,,,金,,,,,,,,,,,,
住之江区,柴谷,2丁目,4番,,,,,,,,,月木,,,,,,,,,,,,,,,,,,,,,水,,,,,,,,,,,,,,,,金,,,,,,,,,金,,,,,,,,,,,,
住之江区,柴谷,2丁目,5番,,,,,,,,,月木,,,,,,,,,,,,,,,,,,,,,水,,,,,,,,,,,,,,,,金,,,,,,,,,金,,,,,,,,,,,,
住之江区,柴谷,2丁目,6番,,,,,,,,,月木,,,,,,,,,,,,,,,,,,,,,水,,,,,,,,,,,,,,,,金,,,,,,,,,金,,,,,,,,,,,,
住之江区,新北島,1丁目,1番,軽四輪車(小さい車)で収集している地域,,,,,,,,,,,,,,,,火金,,,,,,,,,,,,,,月,,,,,,,,,木,,,,,,,,,,,,,,,木,,,,,,,,,,,,
住之江区,新北島,1丁目,1番,上記以外,,,,,,,,,,,,,,,,火金,,,,,,,,,,,,,,,月,,,,,,,,,,木,,,,,,,,,,,,,木,,,,,,,,,,,,
住之江区,新北島,1丁目,2番,軽四輪車(小さい車)で収集している地域,,,,,,,,,,,,,,,,火金,,,,,,,,,,,,,,月,,,,,,,,,木,,,,,,,,,,,,,,,木,,,,,,,,,,,,
住之江区,新北島,1丁目,2番,上記以外,,,,,,,,,,,,,,,,火金,,,,,,,,,,,,,,,月,,,,,,,,,,木,,,,,,,,,,,,,木,,,,,,,,,,,,
住之江区,新北島,1丁目,3番,,,,,,,,,,,,,,,,,火金,,,,,,,,,,,,,,,月,,,,,,,,,,木,,,,,,,,,,,,,木,,,,,,,,,,,,
住之江区,新北島,1丁目,4番,,,,,,,,,,,,,,,,,火金,,,,,,,,,,,,,,,月,,,,,,,,,,木,,,,,,,,,,,,,木,,,,,,,,,,,,
住之江区,新北島,1丁目,5番,,,,,,,,,,,,,,,,,火金,,,,,,,,,,,,,,,月,,,,,,,,,,木,,,,,,,,,,,,,木,,,,,,,,,,,,
住之江区,新北島,1丁目,6番,,,,,,,,,,,,,,,,,火金,,,,,,,,,,,,,,,月,,,,,,,,,木,,,,,,,,,,,,,,木,,,,,,,,,,,,
住之江区,新北島,1丁目,7番,,,,,,,,,,,,,,,,,火金,,,,,,,,,,,,,,,月,,,,,,,,,木,,,,,,,,,,,,,,木,,,,,,,,,,,,
住之江区,新北島,1丁目,8番,,,,,,,,,,,,,,,,,火金,,,,,,,,,,,,,,,月,,,,,,,,,木,,,,,,,,,,,,,,木,,,,,,,,,,,,
住之江区,新北島,1丁目,9番,,,,,,,,,,,,,,,,,火金,,,,,,,,,,,,,,,月,,,,,,,,,木,,,,,,,,,,,,,,木,,,,,,,,,,,,
住之江区,新北島,2丁目,1番,軽四輪車(小さい車)で収集している地域,,,,,,,,,,水土,,,,,,,,,,,,,,,,,,,,,火,,,,,,,,,,,,,,,金,,,,,,,,木,,,,,,,,,,,,
住之江区,新北島,2丁目,1番,上記以外,,,,,,,,,,,,,,,,水土,,,,,,,,,,,,,,火,,,,,,,,,,,,,,,,金,,,,,,,,木,,,,,,,,,,,,
住之江区,新北島,2丁目,2番,軽四輪車(小さい車)で収集している地域,,,,,,,,,,水土,,,,,,,,,,,,,,,,,,,,火,,,,,,,,,,,,,,,,金,,,,,,,,木,,,,,,,,,,,,
住之江区,新北島,2丁目,2番,上記以外,,,,,,,,,,,,,,,,水土,,,,,,,,,,,,,,火,,,,,,,,,,,,,,,,金,,,,,,,,木,,,,,,,,,,,,
住之江区,新北島,2丁目,3番,,,,,,,,,,,,,,,,,水土,,,,,,,,,,,,,火,,,,,,,,,,,,,,,,,,金,,,,,,,木,,,,,,,,,,,,
住之江区,新北島,2丁目,4番,軽四輪車(小さい車)で収集している地域,,,,,,,,,,水土,,,,,,,,,,,,,,,,,,,火,,,,,,,,,,,,,,,,,,金,,,,,,,木,,,,,,,,,,,,
住之江区,新北島,2丁目,4番,上記以外,,,,,,,,,,,,,,,,水土,,,,,,,,,,,,,火,,,,,,,,,,,,,,,,,,金,,,,,,,木,,,,,,,,,,,,
住之江区,新北島,2丁目,5番,軽四輪車(小さい車)で収集している地域,,,,,,,,,,水土,,,,,,,,,,,,,,,,,,,火,,,,,,,,,,,,,,,,,,金,,,,,,,木,,,,,,,,,,,,
住之江区,新北島,2丁目,5番,上記以外,,,,,,,,,,,,,,,,,水土,,,,,,,,,,,,火,,,,,,,,,,,,,,,,,,金,,,,,,,木,,,,,,,,,,,,
住之江区,新北島,2丁目,6番,軽四輪車(小さい車)で収集している地域,,,,,,,,,,水土,,,,,,,,,,,,,,,,,,,火,,,,,,,,,,,,,,,,,,金,,,,,,,木,,,,,,,,,,,,
住之江区,新北島,2丁目,6番,上記以外,,,,,,,,,,,,,,,,,水土,,,,,,,,,,,,火,,,,,,,,,,,,,,,,,,金,,,,,,,木,,,,,,,,,,,,
住之江区,新北島,2丁目,7番,軽四輪車(小さい車)で収集している地域,,,,,,,,,,水土,,,,,,,,,,,,,,,,,,,火,,,,,,,,,,,,,,,,,,金,,,,,,,木,,,,,,,,,,,,
住之江区,新北島,2丁目,7番,上記以外,,,,,,,,,,,,,,,,水土,,,,,,,,,,,,,火,,,,,,,,,,,,,,,,,,金,,,,,,,木,,,,,,,,,,,,
住之江区,新北島,2丁目,8番,,,,,,,,,,,,,,,,,水土,,,,,,,,,,,,,火,,,,,,,,,,,,,,,,,金,,,,,,,,木,,,,,,,,,,,,
住之江区,新北島,3丁目,1番,,,,,,,,,,,,,,,,,火金,,,,,,,,,,,,,,月,,,,,,,,,木,,,,,,,,,,,,,,,木,,,,,,,,,,,,
住之江区,新北島,3丁目,2番,ファミーユ住之江,,,,,,,,,,,,,,,,火金,,,,,,,,,,,,,,月,,,,,,,,,,木,,,,,,,,,,,,,,木,,,,,,,,,,,,
住之江区,新北島,3丁目,2番,軽四輪車(小さい車)で収集している地域,,,,,,,,,,火金,,,,,,,,,,,,,,,,,,,,月,,,,,,,,,,,,,,,木,,,,,,,,,木,,,,,,,,,,,,
住之江区,新北島,3丁目,2番,上記以外,,,,,,,,,,,,,,,,火金,,,,,,,,,,,,,,月,,,,,,,,,,木,,,,,,,,,,,,,,木,,,,,,,,,,,,
住之江区,新北島,3丁目,3番,,,,,,,,,,,,,,,,,火金,,,,,,,,,,,,,,,月,,,,,,,,,,木,,,,,,,,,,,,,木,,,,,,,,,,,,
住之江区,新北島,3丁目,4番,,,,,,,,,,,,,,,,,火金,,,,,,,,,,,,,,,月,,,,,,,,,,木,,,,,,,,,,,,,木,,,,,,,,,,,,
住之江区,新北島,3丁目,5番,,,,,,,,,,,,,,,,,火金,,,,,,,,,,,,,,,月,,,,,,,,,,木,,,,,,,,,,,,,木,,,,,,,,,,,,
住之江区,新北島,3丁目,6番,,,,,,,,,,,,,,,,,火金,,,,,,,,,,,,,,,月,,,,,,,,,,木,,,,,,,,,,,,,木,,,,,,,,,,,,
住之江区,新北島,3丁目,7番,レジェロ住之江,,,,,,,,,,,,,,,,火金,,,,,,,,,,,,,,,,月,,,,,,,,,木,,,,,,,,,,,,,木,,,,,,,,,,,,
住之江区,新北島,3丁目,7番,クリア・クレセント住之江,,,,,,,,,,,,,,,,火金,,,,,,,,,,,,,,,,月,,,,,,,,,木,,,,,,,,,,,,,木,,,,,,,,,,,,
住之江区,新北島,3丁目,7番,上記以外,,,,,,,,,,,,,,,,火金,,,,,,,,,,,,,,,,月,,,,,,,,,木,,,,,,,,,,,,,木,,,,,,,,,,,,
住之江区,新北島,3丁目,8番,,,,,,,,,,,,,,,,,火金,,,,,,,,,,,,,,,月,,,,,,,,,,木,,,,,,,,,,,,,木,,,,,,,,,,,,
住之江区,新北島,3丁目,9番,新北島コーポ,,,,,,火金,,,,,,,,,,,,,,,,,,,,,,,,,月,,,,,,,,,木,,,,,,,,,,,,,,木,,,,,,,,,,,,
住之江区,新北島,3丁目,9番,上記以外,,,,,,,,,,,,,,,,火金,,,,,,,,,,,,,,,月,,,,,,,,,木,,,,,,,,,,,,,,木,,,,,,,,,,,,
住之江区,新北島,4丁目,1番,,,,,,,,,,,水土,,,,,,,,,,,,,,,,,,,火,,,,,,,,,,,,,,,,,金,,,,,,,,木,,,,,,,,,,,,
住之江区,新北島,4丁目,2番,,,,,,,,,,,水土,,,,,,,,,,,,,,,,,,,火,,,,,,,,,,,,,,,,金,,,,,,,,,,,,,,,,,,,,,
住之江区,新北島,4丁目,3番,,,,,,,,,,,水土,,,,,,,,,,,,,,,,,,,,火,,,,,,,,,,,,,,,,金,,,,,,,,木,,,,,,,,,,,,
住之江区,新北島,4丁目,4番,,,,,,,,,,,,,,,,,水土,,,,,,,,,,,,,火,,,,,,,,,,,,,,,,,金,,,,,,,,木,,,,,,,,,,,,
住之江区,新北島,5丁目,1番,,,,,,,火金,,,,,,,,,,,,,,,,,,,,,,,,,,月,,,,,,,,木,,,,,,,,,,,,,,木,,,,,,,,,,,,
住之江区,新北島,5丁目,2番,41~44号,,,,,,,,,,火金,,,,,,,,,,,,,,,,,,,,,,月,,,,,,,,木,,,,,,,,,,,,,,木,,,,,,,,,,,,
住之江区,新北島,5丁目,2番,上記以外,,,,,,,,,,,,,,,,火金,,,,,,,,,,,,,,,,月,,,,,,,,木,,,,,,,,,,,,,,木,,,,,,,,,,,,
住之江区,新北島,5丁目,3番,大和川通り沿い,,,,,,,,,,,,,,,,火金,,,,,,,,,,,,,,,,月,,,,,,,,木,,,,,,,,,,,,,,木,,,,,,,,,,,,
住之江区,新北島,5丁目,3番,上記以外,,,,,,,,,,,,,,,,火金,,,,,,,,,,,,,,,,月,,,,,,,,,,,,,,金,,,,,,,,木,,,,,,,,,,,,
住之江区,新北島,6丁目,1番,サニーコットン住之江,,,,,,,,,,,,,,,,水土,,,,,,,,,,,,,火,,,,,,,,,,,,,,,,,金,,,,,,,,木,,,,,,,,,,,,
住之江区,新北島,6丁目,1番,上記以外,,,,,,,,,,,,,,,,水土,,,,,,,,,,,,,火,,,,,,,,,,,,,,,,,金,,,,,,,,木,,,,,,,,,,,,
住之江区,新北島,6丁目,2番,,,,,,,,,,,,,,,,,水土,,,,,,,,,,,,,,火,,,,,,,,,,,,,,,,金,,,,,,,,木,,,,,,,,,,,,
住之江区,新北島,7丁目,1番,,,,,,,火金,,,,,,,,,,,,,,,,,,,,,,,,,,月,,,,,,,,木,,,,,,,,,,,,,,木,,,,,,,,,,,,
住之江区,新北島,7丁目,2番,グリーンスクエア新北島,,,,,,,,,,,,,,,,火金,,,,,,,,,,,,,,,,月,,,,,,,,木,,,,,,,,,,,,,,木,,,,,,,,,,,,
住之江区,新北島,7丁目,2番,上記以外,,,,,,,,,,火金,,,,,,,,,,,,,,,,,,,,,,月,,,,,,,,木,,,,,,,,,,,,,,木,,,,,,,,,,,,
住之江区,新北島,7丁目,4番,,,,,,,,,,,火金,,,,,,,,,,,,,,,,,,,,,,月,,,,,,,,木,,,,,,,,,,,,,,木,,,,,,,,,,,,
住之江区,新北島,8丁目,1番,大和川通り沿い,,,,,,,,,,,,,,,,,水土,,,,,,,,,,,,火,,,,,,,,,,,,,,,,金,,,,,,,,,木,,,,,,,,,,,,
住之江区,新北島,8丁目,1番,上記以外,,,,,,,,,,水土,,,,,,,,,,,,,,,,,,,火,,,,,,,,,,,,,,,,金,,,,,,,,,木,,,,,,,,,,,,
住之江区,新北島,8丁目,2番,,,,,,,,,,,,,,,,,,水土,,,,,,,,,,,,火,,,,,,,,,,,,,,,,,金,,,,,,,,木,,,,,,,,,,,,
住之江区,住之江,1丁目,1番,,,,,,,火金,,,,,,,,,,,,,,,,月,,,,,,,,,,,,,,,,木,,,,,,,,,,,,,,,,水,,,,,,,,,,,,
住之江区,住之江,1丁目,2番,,,,,,,火金,,,,,,,,,,,,,,,,月,,,,,,,,,,,,,,,,木,,,,,,,,,,,,,,,,水,,,,,,,,,,,,
住之江区,住之江,1丁目,3番,,,,,,,火金,,,,,,,,,,,,,,,,月,,,,,,,,,,,,,,,,木,,,,,,,,,,,,,,,,水,,,,,,,,,,,,
住之江区,住之江,1丁目,4番,,,,,,,火金,,,,,,,,,,,,,,,,月,,,,,,,,,,,,,,,,木,,,,,,,,,,,,,,,,水,,,,,,,,,,,,
住之江区,住之江,2丁目,1番,,,,,,,火金,,,,,,,,,,,,,,,,月,,,,,,,,,,,,,,,,,木,,,,,,,,,,,,,,,水,,,,,,,,,,,,
住之江区,住之江,2丁目,2番,軽四輪車(小さい車)で収集している地域,,,,,,火金,,,,,,,,,,,,,,,,月,,,,,,,,,,,,,,,,,木,,,,,,,,,,,,,,,水,,,,,,,,,,,,
住之江区,住之江,2丁目,2番,上記以外,,,,,,火金,,,,,,,,,,,,,,,,月,,,,,,,,,,,,,,,,,木,,,,,,,,,,,,,,,水,,,,,,,,,,,,
住之江区,住之江,2丁目,3番,,,,,,,火金,,,,,,,,,,,,,,,,月,,,,,,,,,,,,,,,,,木,,,,,,,,,,,,,,,水,,,,,,,,,,,,
住之江区,住之江,2丁目,4番,,,,,,,火金,,,,,,,,,,,,,,,,月,,,,,,,,,,,,,,,,木,,,,,,,,,,,,,,,,水,,,,,,,,,,,,
住之江区,住之江,2丁目,5番,軽四輪車(小さい車)で収集している地域,,,,,,,火金,,,,,,,,,,,,,,,月,,,,,,,,,,,,,,,,木,,,,,,,,,,,,,,,,水,,,,,,,,,,,,
住之江区,住之江,2丁目,5番,上記以外,,,,,,火金,,,,,,,,,,,,,,,,月,,,,,,,,,,,,,,,,木,,,,,,,,,,,,,,,,水,,,,,,,,,,,,
住之江区,住之江,2丁目,6番,,,,,,,火金,,,,,,,,,,,,,,,,月,,,,,,,,,,,,,,,,木,,,,,,,,,,,,,,,,水,,,,,,,,,,,,
住之江区,住之江,2丁目,7番,,,,,,,火金,,,,,,,,,,,,,,,,月,,,,,,,,,,,,,,,,木,,,,,,,,,,,,,,,,水,,,,,,,,,,,,
住之江区,住之江,2丁目,8番,,,,,,,火金,,,,,,,,,,,,,,,,,月,,,,,,,,,,,,,,,木,,,,,,,,,,,,,,,,水,,,,,,,,,,,,
住之江区,住之江,2丁目,9番,,,,,,,火金,,,,,,,,,,,,,,,,月,,,,,,,,,,,,,,,,木,,,,,,,,,,,,,,,,水,,,,,,,,,,,,
住之江区,住之江,2丁目,10番,軽四輪車(小さい車)で収集している地域,,,,,,火金,,,,,,,,,,,,,,,,月,,,,,,,,,,,,,,,,,,木,,,,,,,,,,,,,,水,,,,,,,,,,,,
住之江区,住之江,2丁目,10番,上記以外,,,,,,火金,,,,,,,,,,,,,,,,月,,,,,,,,,,,,,,,,,,木,,,,,,,,,,,,,,水,,,,,,,,,,,,
住之江区,住之江,2丁目,11番,,,,,,,火金,,,,,,,,,,,,,,,,月,,,,,,,,,,,,,,,,,木,,,,,,,,,,,,,,,水,,,,,,,,,,,,
住之江区,住之江,2丁目,12番,,,,,,,火金,,,,,,,,,,,,,,,,月,,,,,,,,,,,,,,,,,木,,,,,,,,,,,,,,,水,,,,,,,,,,,,
住之江区,住之江,3丁目,1番,軽四輪車(小さい車)で収集している地域（通り沿い）,,,,,,,,,火金,,,,,,,,,,,,,,,,,,,,,月,,,,,,,,,,木,,,,,,,,,,,,,,月,,,,,,,,,,,,
住之江区,住之江,3丁目,1番,軽四輪車(小さい車)で収集している地域（南側）,,,,,,,,,,,,,,,火金,,,,,,,,,,,,,,,月,,,,,,,,,,木,,,,,,,,,,,,,,月,,,,,,,,,,,,
住之江区,住之江,3丁目,1番,上記以外,,,,,,火金,,,,,,,,,,,,,,,,,,,,,,,,月,,,,,,,,,,木,,,,,,,,,,,,,,月,,,,,,,,,,,,
住之江区,住之江,3丁目,2番,,,,,,,火金,,,,,,,,,,,,,,,,,,,,,,,,月,,,,,,,,,,木,,,,,,,,,,,,,,月,,,,,,,,,,,,
住之江区,住之江,3丁目,3番,,,,,,,火金,,,,,,,,,,,,,,,,,月,,,,,,,,,,,,,,,木,,,,,,,,,,,,,,,,月,,,,,,,,,,,,
住之江区,住之江,3丁目,4番,軽四輪車(小さい車)で収集している地域,,,,,,,,,,,,,,,火金,,,,,,,,,,,,,,,月,,,,,,,,木,,,,,,,,,,,,,,,,月,,,,,,,,,,,,
住之江区,住之江,3丁目,4番,上記以外,,,,,,火金,,,,,,,,,,,,,,,,,,,,,,,,月,,,,,,,,木,,,,,,,,,,,,,,,,月,,,,,,,,,,,,
住之江区,住之江,3丁目,5番,軽四輪車(小さい車)で収集している地域,,,,,,,,,,,,,,,火金,,,,,,,,,,,,,,,月,,,,,,,,木,,,,,,,,,,,,,,,,月,,,,,,,,,,,,
住之江区,住之江,3丁目,5番,上記以外,,,,,,火金,,,,,,,,,,,,,,,,,,,,,,,,月,,,,,,,,木,,,,,,,,,,,,,,,,月,,,,,,,,,,,,
住之江区,住之江,3丁目,6番,,,,,,,火金,,,,,,,,,,,,,,,,月,,,,,,,,,,,,,,,,木,,,,,,,,,,,,,,,,月,,,,,,,,,,,,
住之江区,住之江,3丁目,7番,,,,,,,火金,,,,,,,,,,,,,,,,月,,,,,,,,,,,,,,,,木,,,,,,,,,,,,,,,,月,,,,,,,,,,,,
住之江区,住之江,3丁目,8番,軽四輪車(小さい車)で収集している地域,,,,,,,,,,,,,,,火金,,,,,,,,,,,,,,,月,,,,,,,,,木,,,,,,,,,,,,,,,月,,,,,,,,,,,,
住之江区,住之江,3丁目,8番,上記以外,,,,,,火金,,,,,,,,,,,,,,,,,,,,,,,月,,,,,,,,,木,,,,,,,,,,,,,,,,月,,,,,,,,,,,,
住之江区,住之江,3丁目,9番,軽四輪車(小さい車)で収集している地域,,,,,,,,,,,,,,,火金,,,,,,,,,,,,,,,月,,,,,,,,木,,,,,,,,,,,,,,,,月,,,,,,,,,,,,
住之江区,住之江,3丁目,9番,上記以外,,,,,,火金,,,,,,,,,,,,,,,,,,,,,,,月,,,,,,,,,木,,,,,,,,,,,,,,,,月,,,,,,,,,,,,
住之江区,住之江,3丁目,10番,,,,,,,火金,,,,,,,,,,,,,,,,,,,,,,,月,,,,,,,,,木,,,,,,,,,,,,,,,,月,,,,,,,,,,,,
住之江区,住之江,3丁目,11番,,,,,,,火金,,,,,,,,,,,,,,,,,,,,,,,月,,,,,,,,,木,,,,,,,,,,,,,,,,月,,,,,,,,,,,,
住之江区,住之江,3丁目,12番,,,,,,,火金,,,,,,,,,,,,,,,,,,,,,,,月,,,,,,,,,木,,,,,,,,,,,,,,,,月,,,,,,,,,,,,
住之江区,住之江,3丁目,13番,軽四輪車(小さい車)で収集している地域,,,,,,,,,,,,,,,火金,,,,,,,,,,,,,,月,,,,,,,,,木,,,,,,,,,,,,,,,,月,,,,,,,,,,,,
住之江区,住之江,3丁目,13番,上記以外,,,,,,火金,,,,,,,,,,,,,,,,,,,,,,,月,,,,,,,,,,木,,,,,,,,,,,,,,,月,,,,,,,,,,,,
住之江区,住之江,3丁目,14番,軽四輪車(小さい車)で収集している地域,,,,,,,,,,,,,,,火金,,,,,,,,,,,,,,月,,,,,,,,,,木,,,,,,,,,,,,,,,月,,,,,,,,,,,,
住之江区,住之江,3丁目,14番,上記以外,,,,,,火金,,,,,,,,,,,,,,,,,,,,,,,月,,,,,,,,,,木,,,,,,,,,,,,,,,月,,,,,,,,,,,,
住之江区,住之江,3丁目,15番,,,,,,,,,,,,,,,,,火金,,,,,,,,,,,,,月,,,,,,,,,木,,,,,,,,,,,,,,,,月,,,,,,,,,,,,
住之江区,住之江,3丁目,16番,,,,,,,,,,,,,,,,,火金,,,,,,,,,,,,,月,,,,,,,,,木,,,,,,,,,,,,,,,,月,,,,,,,,,,,,
住之江区,住之江,3丁目,17番,,,,,,,,,,,,,,,,,火金,,,,,,,,,,,,,月,,,,,,,,,木,,,,,,,,,,,,,,,,月,,,,,,,,,,,,
住之江区,中加賀屋,1丁目,1番,,,,,,,,,,,,,,,,,月木,,,,,,,,,,,,,,,,水,,,,,,,,金,,,,,,,,,,,,,,金,,,,,,,,,,,,
住之江区,中加賀屋,1丁目,2番,,,,,,,,,月木,,,,,,,,月木,,,,,,,,,,,,,,,,水,,,,,,,,金,,,,,,,,,,,,,,金,,,,,,,,,,,,
住之江区,中加賀屋,1丁目,3番,,,,,,,,,月木,,,,,,,,,,,,,,,,,,,,,,,,水,,,,,,,,金,,,,,,,,,,,,,,金,,,,,,,,,,,,
住之江区,中加賀屋,1丁目,4番,,,,,,,,,月木,,,,,,,,,,,,,,,,,,,,,,,,水,,,,,,,,金,,,,,,,,,,,,,,金,,,,,,,,,,,,
住之江区,中加賀屋,1丁目,6番,,,,,,,,,,,,,,,,,月木,,,,,,,,,,,,,,,,水,,,,,,,,金,,,,,,,,,,,,,,金,,,,,,,,,,,,
住之江区,中加賀屋,1丁目,7番,,,,,,,,,,,,,,,,,月木,,,,,,,,,,,,,,,,水,,,,,,,,,金,,,,,,,,,,,,,金,,,,,,,,,,,,
住之江区,中加賀屋,1丁目,8番,,,,,,,,,,,,,,,,,月木,,,,,,,,,,,,,,,,水,,,,,,,,金,,,,,,,,,,,,,,金,,,,,,,,,,,,
住之江区,中加賀屋,1丁目,9番,,,,,,,,,,,,,,,,,月木,,,,,,,,,,,,,,,,水,,,,,,,,金,,,,,,,,,,,,,,金,,,,,,,,,,,,
住之江区,中加賀屋,1丁目,10番,,,,,,,,,,,,,,,,,,,,,,,,,,,,,,,,,水,,,,,,,,金,,,,,,,,,,,,,,金,,,,,,,,,,,,
住之江区,中加賀屋,1丁目,11番,,,,,,,,,,,月木,,,,,,,,,,,,,,,,,,,,,,水,,,,,,,,金,,,,,,,,,,,,,,金,,,,,,,,,,,,
住之江区,中加賀屋,1丁目,12番,,,,,,,月木,,,,,,,,,,,,,,,,,,,,,,,,,,,水,,,,,,,,金,,,,,,,,,,,,,金,,,,,,,,,,,,
住之江区,中加賀屋,1丁目,13番,,,,,,,,,,,,,,,,,月木,,,,,,,,,,,,,,,,水,,,,,,,,金,,,,,,,,,,,,,,金,,,,,,,,,,,,
住之江区,中加賀屋,1丁目,14番,,,,,,,,,,,,,,,,,月木,,,,,,,,,,,,,,,,水,,,,,,,,金,,,,,,,,,,,,,,金,,,,,,,,,,,,
住之江区,中加賀屋,1丁目,15番,,,,,,,,,,,,,,,,,月木,,,,,,,,,,,,,,,,水,,,,,,,,,金,,,,,,,,,,,,,金,,,,,,,,,,,,
住之江区,中加賀屋,1丁目,16番,,,,,,,,,,,,,,,,,月木,,,,,,,,,,,,,,,,水,,,,,,,,,金,,,,,,,,,,,,,金,,,,,,,,,,,,
住之江区,中加賀屋,2丁目,1番,北側の通り,,,,,,,,月木,,,,,,,,,,,,,,火,,,,,,,,,,,,,,,,,,,金,,,,,,,,,,,,,金,,,,,,,,,,,,
住之江区,中加賀屋,2丁目,1番,上記以外,,,,,,,,,,,,,,,,月木,,,,,,火,,,,,,,,,,,,,,,,,,,金,,,,,,,,,,,,,金,,,,,,,,,,,,
住之江区,中加賀屋,2丁目,2番,,,,,,,,,,,,,,,,,月木,,,,,,火,,,,,,,,,,,,,,,,,,,金,,,,,,,,,,,,,金,,,,,,,,,,,,
住之江区,中加賀屋,2丁目,3番,,,,,,,,,,,,,,,,,月木,,,,,,火,,,,,,,,,,,,,,,,,,,金,,,,,,,,,,,,,金,,,,,,,,,,,,
住之江区,中加賀屋,2丁目,4番,北側の通り,,,,,,,,,,,,,,,,月木,,,,,,火,,,,,,,,,,,,,,,,,,,金,,,,,,,,,,,,,金,,,,,,,,,,,,
住之江区,中加賀屋,2丁目,4番,南側の通り,,,,,,,,,,,,,,,,,月木,,,,,火,,,,,,,,,,,,,,,,,,,金,,,,,,,,,,,,,金,,,,,,,,,,,,
住之江区,中加賀屋,2丁目,5番,,,,,,,,,,,,,,,,,,月木,,,,,火,,,,,,,,,,,,,,,,,,,金,,,,,,,,,,,,,金,,,,,,,,,,,,
住之江区,中加賀屋,2丁目,6番,,,,,,,,,,,,,,,,,,月木,,,,,火,,,,,,,,,,,,,,,,,,金,,,,,,,,,,,,,,金,,,,,,,,,,,,
住之江区,中加賀屋,2丁目,7番,北行き一方通行の筋沿い,,,,,,,,,,月木,,,,,,,,,,,,火,,,,,,,,,,,,,,,,,,金,,,,,,,,,,,,,,金,,,,,,,,,,,,
住之江区,中加賀屋,2丁目,7番,上記以外,,,,,,,,,,,,,,,,,月木,,,,,火,,,,,,,,,,,,,,,,,,金,,,,,,,,,,,,,,金,,,,,,,,,,,,
住之江区,中加賀屋,2丁目,8番,北行き一方通行の筋沿い,,,,,,,,,,月木,,,,,,,,,,,,火,,,,,,,,,,,,,,,,,,,金,,,,,,,,,,,,,金,,,,,,,,,,,,
住之江区,中加賀屋,2丁目,8番,上記以外,,,,,,,,,,,,,,,,,月木,,,,,火,,,,,,,,,,,,,,,,,,,金,,,,,,,,,,,,,金,,,,,,,,,,,,
住之江区,中加賀屋,2丁目,9番,北行き一方通行の筋沿い,,,,,,,,,,月木,,,,,,,,,,,,火,,,,,,,,,,,,,,,,,,,金,,,,,,,,,,,,,金,,,,,,,,,,,,
住之江区,中加賀屋,2丁目,9番,北側の通り,,,,,,,,,,,,,,,,月木,,,,,,火,,,,,,,,,,,,,,,,,,,金,,,,,,,,,,,,,金,,,,,,,,,,,,
住之江区,中加賀屋,2丁目,9番,南側の通り,,,,,,,,,,,,,,,,,月木,,,,,火,,,,,,,,,,,,,,,,,,,金,,,,,,,,,,,,,金,,,,,,,,,,,,
住之江区,中加賀屋,2丁目,10番,北行き一方通行の筋沿い,,,,,,,,,,月木,,,,,,,,,,,,,火,,,,,,,,,,,,,,,,,,金,,,,,,,,,,,,,金,,,,,,,,,,,,
住之江区,中加賀屋,2丁目,10番,上記以外,,,,,,,,,,,,,,,,月木,,,,,,,火,,,,,,,,,,,,,,,,,,金,,,,,,,,,,,,,金,,,,,,,,,,,,
住之江区,中加賀屋,2丁目,11番,北行き一方通行の筋沿い,,,,,,,,,,月木,,,,,,,,,,,,火,,,,,,,,,,,,,,,,,,,金,,,,,,,,,,,,,金,,,,,,,,,,,,
住之江区,中加賀屋,2丁目,11番,上記以外,,,,,,,,,,,,,,,,月木,,,,,,火,,,,,,,,,,,,,,,,,,,金,,,,,,,,,,,,,金,,,,,,,,,,,,
住之江区,中加賀屋,2丁目,12番,北側の通り,,,,,,,,月木,,,,,,,,,,,,,,火,,,,,,,,,,,,,,,,,,,金,,,,,,,,,,,,,金,,,,,,,,,,,,
住之江区,中加賀屋,2丁目,12番,南側の通り,,,,,,,,,,,,,,,,月木,,,,,,火,,,,,,,,,,,,,,,,,,,金,,,,,,,,,,,,,金,,,,,,,,,,,,
住之江区,中加賀屋,2丁目,13番,北側の通り,,,,,,,,月木,,,,,,,,,,,,,,火,,,,,,,,,,,,,,,,,,,金,,,,,,,,,,,,,金,,,,,,,,,,,,
住之江区,中加賀屋,2丁目,13番,南側の通り,,,,,,,,,,,,,,,,月木,,,,,,火,,,,,,,,,,,,,,,,,,,金,,,,,,,,,,,,,金,,,,,,,,,,,,
住之江区,中加賀屋,2丁目,14番,北行き一方通行の筋沿い,,,,,,,,,,月木,,,,,,,,,,,,火,,,,,,,,,,,,,,,,,,,金,,,,,,,,,,,,,金,,,,,,,,,,,,
住之江区,中加賀屋,2丁目,14番,上記以外,,,,,,,,,,,,,,,,月木,,,,,,火,,,,,,,,,,,,,,,,,,,金,,,,,,,,,,,,,金,,,,,,,,,,,,
住之江区,中加賀屋,2丁目,15番,北行き一方通行の筋沿い,,,,,,,,,,月木,,,,,,,,,,,,,火,,,,,,,,,,,,,,,,,,金,,,,,,,,,,,,,金,,,,,,,,,,,,
住之江区,中加賀屋,2丁目,15番,上記以外,,,,,,,,,,,,,,,,月木,,,,,,,火,,,,,,,,,,,,,,,,,,金,,,,,,,,,,,,,金,,,,,,,,,,,,
住之江区,中加賀屋,2丁目,16番,北行き一方通行の筋沿い,,,,,,,,,,月木,,,,,,,,,,,,火,,,,,,,,,,,,,,,,,,,金,,,,,,,,,,,,,金,,,,,,,,,,,,
住之江区,中加賀屋,2丁目,16番,北側の通り,,,,,,,,,,,,,,,,月木,,,,,,火,,,,,,,,,,,,,,,,,,,金,,,,,,,,,,,,,金,,,,,,,,,,,,
住之江区,中加賀屋,2丁目,16番,南側の通り,,,,,,,,,,,,,,,,,月木,,,,,火,,,,,,,,,,,,,,,,,,金,,,,,,,,,,,,,,金,,,,,,,,,,,,
住之江区,中加賀屋,2丁目,17番,北行き一方通行の筋沿い,,,,,,,,,,月木,,,,,,,,,,,,火,,,,,,,,,,,,,,,,,,金,,,,,,,,,,,,,,金,,,,,,,,,,,,
住之江区,中加賀屋,2丁目,17番,上記以外,,,,,,,,,,,,,,,,,月木,,,,,火,,,,,,,,,,,,,,,,,,金,,,,,,,,,,,,,,金,,,,,,,,,,,,
住之江区,中加賀屋,2丁目,18番,北行き一方通行の筋沿い,,,,,,,,,,月木,,,,,,,,,,,,火,,,,,,,,,,,,,,,,,,金,,,,,,,,,,,,,,金,,,,,,,,,,,,
住之江区,中加賀屋,2丁目,18番,上記以外,,,,,,,,,,,,,,,,,月木,,,,,火,,,,,,,,,,,,,,,,,,金,,,,,,,,,,,,,,金,,,,,,,,,,,,
住之江区,中加賀屋,3丁目,1番,,,,,,,,,,,,,,,,,,月木,,,,,,,,,,,,,火,,,,,,,,,,金,,,,,,,,,,,,,,金,,,,,,,,,,,,
住之江区,中加賀屋,3丁目,2番,北側の通り,,,,,,,,,,,,,,,,,月木,,,,,,,,,,,,,火,,,,,,,,,,,金,,,,,,,,,,,,,金,,,,,,,,,,,,
住之江区,中加賀屋,3丁目,2番,南側の通り,,,,,,,,,,,,,,,,月木,,,,,,,,,,,,,,火,,,,,,,,,,,金,,,,,,,,,,,,,金,,,,,,,,,,,,
住之江区,中加賀屋,3丁目,3番,,,,,,,,,,,,,,,,,月木,,,,,,,,,,,,,,火,,,,,,,,,,,金,,,,,,,,,,,,,金,,,,,,,,,,,,
住之江区,中加賀屋,3丁目,4番,,,,,,,,,,,月木,,,,,,,,,,,,,,,,,,,,火,,,,,,,,,,,金,,,,,,,,,,,,,金,,,,,,,,,,,,
住之江区,中加賀屋,3丁目,5番,,,,,,,,,,,月木,,,,,,,,,,,,,,,,,,,,火,,,,,,,,,,,金,,,,,,,,,,,,,金,,,,,,,,,,,,
住之江区,中加賀屋,3丁目,6番,,,,,,,,,,,月木,,,,,,,,,,,,,,,,,,,,火,,,,,,,,,,金,,,,,,,,,,,,,,金,,,,,,,,,,,,
住之江区,中加賀屋,3丁目,7番,,,,,,,,,,,月木,,,,,,,,,,,,,,,,,,,,火,,,,,,,,,,,金,,,,,,,,,,,,,金,,,,,,,,,,,,
住之江区,中加賀屋,3丁目,8番,,,,,,,,,,,月木,,,,,,,,,,,,,,,,,,,,火,,,,,,,,,,,金,,,,,,,,,,,,,金,,,,,,,,,,,,
住之江区,中加賀屋,3丁目,9番,北行き一方通行の筋沿い,,,,,,,,,,,,,,,,,月木,,,,,,,,,,,,,火,,,,,,,,,,,金,,,,,,,,,,,,,金,,,,,,,,,,,,
住之江区,中加賀屋,3丁目,9番,上記以外,,,,,,,,,,月木,,,,,,,,,,,,,,,,,,,,火,,,,,,,,,,,金,,,,,,,,,,,,,金,,,,,,,,,,,,
住之江区,中加賀屋,3丁目,10番,北行き一方通行の筋沿い,,,,,,,,,,,,,,,,,月木,,,,,,,,,,,,,火,,,,,,,,,,,金,,,,,,,,,,,,,金,,,,,,,,,,,,
住之江区,中加賀屋,3丁目,10番,北側の通り,,,,,,,,,,,,,,,,月木,,,,,,,,,,,,,,火,,,,,,,,,,,金,,,,,,,,,,,,,金,,,,,,,,,,,,
住之江区,中加賀屋,3丁目,10番,南側の通り,,,,,,,,,,月木,,,,,,,,,,,,,,,,,,,,火,,,,,,,,,,,金,,,,,,,,,,,,,金,,,,,,,,,,,,
住之江区,中加賀屋,3丁目,11番,北側の通り,,,,,,,,,,,,,,,,,月木,,,,,,,,,,,,,火,,,,,,,,,,,金,,,,,,,,,,,,,金,,,,,,,,,,,,
住之江区,中加賀屋,3丁目,11番,南側の通り,,,,,,,,,,,,,,,,月木,,,,,,,,,,,,,,火,,,,,,,,,,,金,,,,,,,,,,,,,金,,,,,,,,,,,,
住之江区,中加賀屋,3丁目,12番,北行き一方通行の筋沿い,,,,,,,,,,月木,,,,,,,,,,,,,,,,,,,,火,,,,,,,,,,,金,,,,,,,,,,,,,金,,,,,,,,,,,,
住之江区,中加賀屋,3丁目,12番,上記以外,,,,,,,,,,,,,,,,,月木,,,,,,,,,,,,,火,,,,,,,,,,,金,,,,,,,,,,,,,金,,,,,,,,,,,,
住之江区,中加賀屋,3丁目,13番,北行き一方通行の筋沿い,,,,,,,,,,月木,,,,,,,,,,,,,,,,,,,,火,,,,,,,,,,,金,,,,,,,,,,,,,金,,,,,,,,,,,,
住之江区,中加賀屋,3丁目,13番,上記以外,,,,,,,,,,,,,,,,,月木,,,,,,,,,,,,,火,,,,,,,,,,,金,,,,,,,,,,,,,金,,,,,,,,,,,,
住之江区,中加賀屋,3丁目,14番,北側の通り,,,,,,,,,,,,,,,,,月木,,,,,,,,,,,,,火,,,,,,,,,金,,,,,,,,,,,,,,,金,,,,,,,,,,,,
住之江区,中加賀屋,3丁目,14番,南側の通り,,,,,,,,,,月木,,,,,,,,,,,,,,,,,,,,火,,,,,,,,,金,,,,,,,,,,,,,,,金,,,,,,,,,,,,
住之江区,中加賀屋,3丁目,15番,,,,,,,,,,,月木,,,,,,,,,,,,,,,,,,,,火,,,,,,,,,,,金,,,,,,,,,,,,,金,,,,,,,,,,,,
住之江区,中加賀屋,3丁目,16番,,,,,,,,,,,月木,,,,,,,,,,,,,,,,,,,,火,,,,,,,,,,,金,,,,,,,,,,,,,金,,,,,,,,,,,,
住之江区,中加賀屋,3丁目,18番,,,,,,,,,,,月木,,,,,,,,,,,,,,,,,,,,火,,,,,,,,金,,,,,,,,,,,,,,,,金,,,,,,,,,,,,
住之江区,中加賀屋,4丁目,1番,南側一方通行の筋,,,,,,,,,,,,,,,,,月木,,,,,,,,,,,,,火,,,,,,,,,,金,,,,,,,,,,,,,,金,,,,,,,,,,,,
住之江区,中加賀屋,4丁目,1番,上記以外,,,,,,,,,,月木,,,,,,,,,,,,,,,,,,,,火,,,,,,,,,,金,,,,,,,,,,,,,,金,,,,,,,,,,,,
住之江区,中加賀屋,4丁目,2番,,,,,,,,,,,,,,,,,,月木,,,,,,,,,,,,,火,,,,,,,,金,,,,,,,,,,,,,,,,金,,,,,,,,,,,,
住之江区,中加賀屋,4丁目,3番,軽四輪車(小さい車)で収集している地域,,,,,,,月木,,,,,,,,,,,,,,,,,,,,,,,火,,,,,,,,金,,,,,,,,,,,,,,,,金,,,,,,,,,,,,
住之江区,中加賀屋,4丁目,3番,上記以外,,,,,,,,,,月木,,,,,,,,,,,,,,,,,,,,火,,,,,,,,金,,,,,,,,,,,,,,,,金,,,,,,,,,,,,
住之江区,中加賀屋,4丁目,4番,,,,,,,,,,,月木,,,,,,,,,,,,,,,,,,,,火,,,,,,,,金,,,,,,,,,,,,,,,,金,,,,,,,,,,,,
住之江区,中加賀屋,4丁目,5番,,,,,,,,,,,,,,,,,,月木,,,,,,,,,,,,,火,,,,,,,,金,,,,,,,,,,,,,,,,金,,,,,,,,,,,,
住之江区,中加賀屋,4丁目,6番,北側の通り,,,,,,,,,,月木,,,,,,,,,,,,,,,,,,,,火,,,,,,,,金,,,,,,,,,,,,,,,,金,,,,,,,,,,,,
住之江区,中加賀屋,4丁目,6番,南側の通り,,,,,,,,,,,,,,,,,月木,,,,,,,,,,,,,火,,,,,,,,金,,,,,,,,,,,,,,,,金,,,,,,,,,,,,
住之江区,南港北,1丁目,17番,,,,,,,,,火金,,,,,,,,,,,,,,,,水,,,,,,,,,,,,,,,,土,,,,,,,,,,,,,,木,,,,,,,,,,,,
住之江区,南港北,1丁目,25番,,,,,,,,,火金,,,,,,,,,,,,,,,,水,,,,,,,,,,,,,,,,土,,,,,,,,,,,,,,木,,,,,,,,,,,,
住之江区,南港北,1丁目,26番,,,,,,,,,火金,,,,,,,,,,,,,,,,水,,,,,,,,,,,,,,,,土,,,,,,,,,,,,,,木,,,,,,,,,,,,
住之江区,南港北,1丁目,27番,,,,,,,,,火金,,,,,,,,,,,,,,,,水,,,,,,,,,,,,,,,,土,,,,,,,,,,,,,,木,,,,,,,,,,,,
住之江区,南港北,1丁目,28番,,,,,,,,,火金,,,,,,,,,,,,,,,,水,,,,,,,,,,,,,,,,土,,,,,,,,,,,,,,木,,,,,,,,,,,,
住之江区,南港北,1丁目,29番,入国管理局職員宿舎,,,,,,,,火金,,,,,,,,,,,,,,,,水,,,,,,,,,,,,,,,,土,,,,,,,,,,,,,,木,,,,,,,,,,,,
住之江区,南港北,1丁目,29番,大阪ベイレジデンス,,,,,,,,,,火金,,,,,,,,,,,,,,水,,,,,,,,,,,,,,,,土,,,,,,,,,,,,,,木,,,,,,,,,,,,
住之江区,南港北,1丁目,30番,,,,,,,,,,,火金,,,,,,,,,,,,,,水,,,,,,,,,,,,,,,,土,,,,,,,,,,,,,,木,,,,,,,,,,,,
住之江区,南港北,1丁目,31番,,,,,,,,,火金,,,,,,,,,,,,,,,,水,,,,,,,,,,,,,,,,土,,,,,,,,,,,,,,木,,,,,,,,,,,,
住之江区,南港中,1丁目,1番,,,,,,,,,火金,,,,,,,,,,,,,,,,水,,,,,,,,,,,,,,,,土,,,,,,,,,,,,,,木,,,,,,,,,,,,
住之江区,南港中,2丁目,2番,南港わかぎの団地,,金,,,,,,,,,,,,,,,,,,,,,火,,,,,,,,,,,,,,,,,,,,,,,,土,,,,,,,木,,,,,,,,,,,,
住之江区,南港中,2丁目,3番,エバーグリーン,,金,,,,,,,,,,,,,,,,,,,,水,,,,,,,,,,,,,,,,,,,,,,,,,土,,,,,,,木,,,,,,,,,,,,
住之江区,南港中,2丁目,4番,,,,,,,,,火金,,,,,,,,,,,,,,水,,,,,,,,,,,,,,,,,,,,,,,,,,土,,,,,,木,,,,,,,,,,,,
住之江区,南港中,2丁目,5番,南港中住宅21･22棟,,金,,,,,,,,,,,,,,,,,,,,水,,,,,,,,,,,,,,,,,,,,,,,,,土,,,,,,,木,,,,,,,,,,,,
住之江区,南港中,2丁目,8番,南港中住宅31･32棟,,火,,,,,,,,,,,,,,,,,,,,,水,,,,,,,,,,,,,,,,,,,,,,,,土,,,,,,,,,,,,,,,,,,,
住之江区,南港中,3丁目,2番,,,,,,,,,,水土,,,,,,,,,,,,,水,,,,,,,,,,,,,,,,,,,,,,,,,,土,,,,,,,,,,,,,,,,,,
住之江区,南港中,3丁目,3番,31･36号しらなみ団地,,水,,,,,,,,,,,,,,,,,,,,水,,,,,,,,,,,,,,,,,,,,,,,,,,土,,,,,,,,,,,,,,,,,,
住之江区,南港中,3丁目,3番,32~35号しらなみ団地,,水,,,,,,,,,,,,,,,,,,,,水,,,,,,,,,,,,,,,,,,,,,,,,土,,,,,,,,,,,,,,,,,,,,
住之江区,南港中,3丁目,4番,かもめコーポ,,木,,,,,,,,,,,,,,,,,,,,水,,,,,,,,,,,,,,,,,,,,,,,,土,,,,,,,,,,,,,,,,,,,,
住之江区,南港中,3丁目,4番,上記以外,,,,,,,,,水土,,,,,,,,,,,,,水,,,,,,,,,,,,,,,,,,,,,,,,土,,,,,,,,,,,,,,,,,,,,
住之江区,南港中,3丁目,8番,コープうしお,,火,,,,,,,,,,,,,,,,,,,,水,,,,,,,,,,,,,,,,,,,,,,,,土,,,,,,,,,,,,,,,,,,,,
住之江区,南港中,3丁目,9番,サンコーポラス,,水,,,,,,,,,,,,,,,,,,,,水,,,,,,,,,,,,,,,,,,,,,,,,土,,,,,,,,,,,,,,,,,,,,
住之江区,南港中,3丁目,9番,ポートタウンうしお,,水,,,,,,,,,,,,,,,,,,,,水,,,,,,,,,,,,,,,,,,,,,,,,土,,,,,,,,,,,,,,,,,,,,
住之江区,南港中,4丁目,2番,ひかりの団地,,月,,,,,,,,,,,,,,,,,,,,,火,,,,,,,,,,,,,,,,,土,,,,,,,,,,,,,,,,,,,,,,,,,,
住之江区,南港中,4丁目,7番,ガーデンハイツ,,木,,,,,,,,,,,,,,,,,,,,,火,,,,,,,,,,,,,,,,,,,,,,,,土,,,,,,,,,,,,,,,,,,,
住之江区,南港中,5丁目,1番,大阪マリンハイツ,,水,,,,,,,,,,,,,,,,,,,,,火,,,,,,,,,,,,,,,,,土,,,,,,,,,,,,,,木,,,,,,,,,,,,
住之江区,南港中,5丁目,3番,南港中住宅,,土,,,,,,,,,,,,,,,,,,,,,火,,,,,,,,,,,,,,,,,土,,,,,,,,,,,,,,木,,,,,,,,,,,,
住之江区,南港中,5丁目,5番,サンフラワーハイツ,,土,,,,,,,,,,,,,,,,,,,,,火,,,,,,,,,,,,,,,,,土,,,,,,,,,,,,,,木,,,,,,,,,,,,
住之江区,南港中,5丁目,6番,フローラルハイツ,,土,,,,,,,,,,,,,,,,,,,,,火,,,,,,,,,,,,,,,,,,,,,,,,土,,,,,,,木,,,,,,,,,,,,
住之江区,南港東,1丁目,6番,,,,,,,水土,,,,,,,,,,,,,,,,,,,,,,,,,,,月,,,,,,,木,,,,,,,,,,,,,,木,,,,,,,,,,,,
住之江区,南港東,1丁目,7番,,,,,,,水土,,,,,,,,,,,,,,,,,,,,,,,,,,,月,,,,,,,木,,,,,,,,,,,,,,木,,,,,,,,,,,,
住之江区,西加賀屋,1丁目,1番,,,,,,,月木,,,,,,,,,,,,,,,,火,,,,,,,,,,,,,,,,,,,,,,,,,金,,,,,,,金,,,,,,,,,,,,
住之江区,西加賀屋,1丁目,2番,,,,,,,,,,,月木,,,,,,,,,,,,火,,,,,,,,,,,,,,,,,,,,,,,,,金,,,,,,,金,,,,,,,,,,,,
住之江区,西加賀屋,1丁目,3番,,,,,,,,,,,月木,,,,,,,,,,,,火,,,,,,,,,,,,,,,,,,,,,,,,,金,,,,,,,金,,,,,,,,,,,,
住之江区,西加賀屋,2丁目,1番,北側の通り,,,,,,,,月木,,,,,,,,,,,,,,火,,,,,,,,,,,,,,,,,,,,,,,,,金,,,,,,,金,,,,,,,,,,,,
住之江区,西加賀屋,2丁目,1番,南側の通り,,,,,,,,,,,,,,,,月木,,,,,,火,,,,,,,,,,,,,,,,,,,,,,,,,金,,,,,,,金,,,,,,,,,,,,
住之江区,西加賀屋,2丁目,2番,,,,,,,,,,,,,,,,,月木,,,,,,火,,,,,,,,,,,,,,,,,,,,,,,,,金,,,,,,,金,,,,,,,,,,,,
住之江区,西加賀屋,2丁目,3番,北側一方通行の筋,,,,,,,,,,,,,,,,,月木,,,,,火,,,,,,,,,,,,,,,,,,,,,,,,,金,,,,,,,金,,,,,,,,,,,,
住之江区,西加賀屋,2丁目,3番,上記以外,,,,,,,,,,,,,,,,月木,,,,,,火,,,,,,,,,,,,,,,,,,,,,,,,,金,,,,,,,金,,,,,,,,,,,,
住之江区,西加賀屋,2丁目,4番,,,,,,,,,,,,,,,,,,月木,,,,,火,,,,,,,,,,,,,,,,,,,,,,,,,,金,,,,,,金,,,,,,,,,,,,
住之江区,西加賀屋,2丁目,5番,,,,,,,,,,,,,,,,,,月木,,,,,火,,,,,,,,,,,,,,,,,,,,,,,,,金,,,,,,,金,,,,,,,,,,,,
住之江区,西加賀屋,2丁目,6番,,,,,,,,,,,,,,,,,,月木,,,,,火,,,,,,,,,,,,,,,,,,,,,,,,,金,,,,,,,金,,,,,,,,,,,,
住之江区,西加賀屋,2丁目,7番,,,,,,,,,,,,,,,,,,月木,,,,,火,,,,,,,,,,,,,,,,,,,,,,,,,,金,,,,,,金,,,,,,,,,,,,
住之江区,西加賀屋,2丁目,8番,北側一方通行の筋,,,,,,,,,,,,,,,,,月木,,,,,火,,,,,,,,,,,,,,,,,,,,,,,,,,金,,,,,,金,,,,,,,,,,,,
住之江区,西加賀屋,2丁目,8番,上記以外,,,,,,,,,,,,,,,,月木,,,,,,火,,,,,,,,,,,,,,,,,,,,,,,,,,金,,,,,,金,,,,,,,,,,,,
住之江区,西加賀屋,2丁目,10番,,,,,,,,,,,,,,,,,月木,,,,,,火,,,,,,,,,,,,,,,,,,,,,,,,,,金,,,,,,金,,,,,,,,,,,,
住之江区,西加賀屋,2丁目,11番,,,,,,,,,,,,,,,,,月木,,,,,,火,,,,,,,,,,,,,,,,,,,,,,,,,,金,,,,,,金,,,,,,,,,,,,
住之江区,西加賀屋,2丁目,12番,,,,,,,,,,,,,,,,,月木,,,,,,火,,,,,,,,,,,,,,,,,,,,,,,,,,金,,,,,,金,,,,,,,,,,,,
住之江区,西加賀屋,2丁目,13番,,,,,,,,,,,,,,,,,月木,,,,,,火,,,,,,,,,,,,,,,,,金,,,,,,,,,,,,,,,金,,,,,,,,,,,,
住之江区,西加賀屋,2丁目,14番,西行き一方通行通り沿い,,,,,,,,,,,,,,,,月木,,,,,,火,,,,,,,,,,,,,,,,,金,,,,,,,,,,,,,,,金,,,,,,,,,,,,
住之江区,西加賀屋,2丁目,14番,新なにわ筋沿い,,,,,,,,,,,,,,,,,月木,,,,,火,,,,,,,,,,,,,,,,,金,,,,,,,,,,,,,,,金,,,,,,,,,,,,
住之江区,西加賀屋,2丁目,14番,上記以外,,,,,,,,,,月木,,,,,,,,,,,,火,,,,,,,,,,,,,,,,,金,,,,,,,,,,,,,,,金,,,,,,,,,,,,
住之江区,西加賀屋,3丁目,1番,,,,,,,,,,,,,,,,,,月木,,,,,火,,,,,,,,,,,,,,,,,金,,,,,,,,,,,,,,,金,,,,,,,,,,,,
住之江区,西加賀屋,3丁目,2番,1~14号,,,,,,,,,,,,,,,,,月木,,,,,,,,,,,,,,火,,,,,,,金,,,,,,,,,,,,,,,,金,,,,,,,,,,,,
住之江区,西加賀屋,3丁目,2番,15~28号,,,,,,,,,,,,,,,,,月木,,,,,火,,,,,,,,,,,,,,,,金,,,,,,,,,,,,,,,,金,,,,,,,,,,,,
住之江区,西加賀屋,3丁目,3番,北側の通り,,,,,,,,,,,,,,,,,月木,,,,,,,,,,,,,,火,,,,,,,金,,,,,,,,,,,,,,,,金,,,,,,,,,,,,
住之江区,西加賀屋,3丁目,3番,南側の通り,,,,,,,,,,月木,,,,,,,,,,,,,,,,,,,,,火,,,,,,,金,,,,,,,,,,,,,,,,金,,,,,,,,,,,,
住之江区,西加賀屋,3丁目,4番,北側の通り,,,,,,,,,,月木,,,,,,,,,,,,,,,,,,,,,火,,,,,,,金,,,,,,,,,,,,,,,,金,,,,,,,,,,,,
住之江区,西加賀屋,3丁目,4番,南側の通り,,,,,,,,,,,,,,,,,月木,,,,,,,,,,,,,,火,,,,,,,金,,,,,,,,,,,,,,,,金,,,,,,,,,,,,
住之江区,西加賀屋,3丁目,5番,北側の通り,,,,,,,,,,,,,,,,,月木,,,,,,,,,,,,,,火,,,,,,,金,,,,,,,,,,,,,,,,金,,,,,,,,,,,,
住之江区,西加賀屋,3丁目,5番,南側の通り,,,,,,,,,,月木,,,,,,,,,,,,,,,,,,,,,火,,,,,,,金,,,,,,,,,,,,,,,,金,,,,,,,,,,,,
住之江区,西加賀屋,3丁目,6番,,,,,,,,,,,月木,,,,,,,,,,,,,,,,,,,,,火,,,,,,,金,,,,,,,,,,,,,,,,金,,,,,,,,,,,,
住之江区,西加賀屋,3丁目,7番,,,,,,,,,,,,,,,,,,月木,,,,,,,,,,,,,,火,,,,,,,金,,,,,,,,,,,,,,,,金,,,,,,,,,,,,
住之江区,西加賀屋,3丁目,8番,,,,,,,,,,,,,,,,,,月木,,,,,,,,,,,,,,火,,,,,,,金,,,,,,,,,,,,,,,,金,,,,,,,,,,,,
住之江区,西加賀屋,3丁目,9番,北側の通り,,,,,,,,,,月木,,,,,,,,,,,,,,,,,,,,,火,,,,,,,金,,,,,,,,,,,,,,,,金,,,,,,,,,,,,
住之江区,西加賀屋,3丁目,9番,上記以外,,,,,,,,,,,,,,,,,月木,,,,,,,,,,,,,,火,,,,,,,金,,,,,,,,,,,,,,,,金,,,,,,,,,,,,
住之江区,西加賀屋,3丁目,10番,北側の通り,,,,,,,,,,,,,,,,,月木,,,,,,,,,,,,,,火,,,,,,,金,,,,,,,,,,,,,,,,金,,,,,,,,,,,,
住之江区,西加賀屋,3丁目,10番,南側の通り,,,,,,,,,,月木,,,,,,,,,,,,,,,,,,,,,火,,,,,,,金,,,,,,,,,,,,,,,,金,,,,,,,,,,,,
住之江区,西加賀屋,3丁目,11番,1･2･13~23号,,,,,,,,,,,,,,,,,月木,,,,,火,,,,,,,,,,,,,,,,金,,,,,,,,,,,,,,,,金,,,,,,,,,,,,
住之江区,西加賀屋,3丁目,11番,3~12号,,,,,,,,,,,,,,,,,月木,,,,,,,,,,,,,,火,,,,,,,金,,,,,,,,,,,,,,,,金,,,,,,,,,,,,
住之江区,西加賀屋,3丁目,12番,,,,,,,,,,,,,,,,,,月木,,,,,火,,,,,,,,,,,,,,,,金,,,,,,,,,,,,,,,,金,,,,,,,,,,,,
住之江区,西加賀屋,3丁目,13番,,,,,,,,,,,,,,,,,,月木,,,,,火,,,,,,,,,,,,,,,,,金,,,,,,,,,,,,,,,金,,,,,,,,,,,,
住之江区,西加賀屋,3丁目,14番,1･2･12~21号,,,,,,,,,,,,,,,,,月木,,,,,火,,,,,,,,,,,,,,,,金,,,,,,,,,,,,,,,,金,,,,,,,,,,,,
住之江区,西加賀屋,3丁目,14番,3~11号,,,,,,,,,,,,,,,,,月木,,,,,,,,,,,,,,火,,,,,,,金,,,,,,,,,,,,,,,,金,,,,,,,,,,,,
住之江区,西加賀屋,3丁目,15番,,,,,,,,,,,,,,,,,,月木,,,,,,,,,,,,,,火,,,,,,,,金,,,,,,,,,,,,,,,金,,,,,,,,,,,,
住之江区,西加賀屋,3丁目,16番,,,,,,,,,,,,,,,,,,月木,,,,,,,,,,,,,,火,,,,,,,金,,,,,,,,,,,,,,,,金,,,,,,,,,,,,
住之江区,西加賀屋,3丁目,17番,,,,,,,,,,,,,,,,,,月木,,,,,,,,,,,,,,火,,,,,,,金,,,,,,,,,,,,,,,,金,,,,,,,,,,,,
住之江区,西加賀屋,3丁目,18番,,,,,,,,,,,,,,,,,,月木,,,,,,,,,,,,,,火,,,,,,,金,,,,,,,,,,,,,,,,金,,,,,,,,,,,,
住之江区,西加賀屋,3丁目,19番,,,,,,,,,,,月木,,,,,,,,,,,,,,,,,,,,,火,,,,,,,金,,,,,,,,,,,,,,,,金,,,,,,,,,,,,
住之江区,西加賀屋,3丁目,20番,,,,,,,,,,,,,,,,,月木,,,,,,,,,,,,,,,火,,,,,,,金,,,,,,,,,,,,,,,,金,,,,,,,,,,,,
住之江区,西加賀屋,4丁目,1番,,,,,,,,,,,月木,,,,,,,,,,,,,,,,,,,,,火,,,,,,,金,,,,,,,,,,,,,,,,金,,,,,,,,,,,,
住之江区,西加賀屋,4丁目,2番,,,,,,,,,,,月木,,,,,,,,,,,,,,,,,,,,,火,,,,,,,金,,,,,,,,,,,,,,,,金,,,,,,,,,,,,
住之江区,西加賀屋,4丁目,3番,北側通り沿い,,,,,,,,,,月木,,,,,,,,,,,,,,,,,,,,,火,,,,,,,金,,,,,,,,,,,,,,,,金,,,,,,,,,,,,
住之江区,西加賀屋,4丁目,3番,上記以外,,,,,,,,,,,,,,,,,月木,,,,,,,,,,,,,,火,,,,,,,金,,,,,,,,,,,,,,,,金,,,,,,,,,,,,
住之江区,西加賀屋,4丁目,4番,軽四輪車(小さい車)で収集している地域,,,,,,,,,,月木,,,,,,,,,,,,火,,,,,,,,,,,,,,,,金,,,,,,,,,,,,,,,,金,,,,,,,,,,,,
住之江区,西加賀屋,4丁目,4番,上記以外,,,,,,,,,,月木,,,,,,,,,,,,,,,,,,,,,火,,,,,,,金,,,,,,,,,,,,,,,,金,,,,,,,,,,,,
住之江区,西加賀屋,4丁目,5番,,,,,,,,,,,,,,,,,,月木,,,,,,,,,,,,,,火,,,,,,,金,,,,,,,,,,,,,,,,金,,,,,,,,,,,,
住之江区,西加賀屋,4丁目,6番,,,,,,,,,,,,,,,,,,月木,,,,,,,,,,,,,,火,,,,,,,金,,,,,,,,,,,,,,,,金,,,,,,,,,,,,
住之江区,西加賀屋,4丁目,7番,軽四輪車(小さい車)で収集している地域,,,,,,,,,,月木,,,,,,,,,,,,,,,,,,,,,火,,,,,,,,金,,,,,,,,,,,,,,,金,,,,,,,,,,,,
住之江区,西加賀屋,4丁目,7番,東側筋沿い,,,,,,,,,,月木,,,,,,,,,,,,,,火,,,,,,,,,,,,,,金,,,,,,,,,,,,,,,,金,,,,,,,,,,,,
住之江区,西加賀屋,4丁目,7番,上記以外,,,,,,,,,,,,,,,,,月木,,,,,,,火,,,,,,,,,,,,,,金,,,,,,,,,,,,,,,,金,,,,,,,,,,,,
住之江区,西加賀屋,4丁目,8番,,,,,,,,,,,月木,,,,,,,,,,,,火,,,,,,,,,,,,,,,,金,,,,,,,,,,,,,,,,金,,,,,,,,,,,,
住之江区,西住之江,1丁目,1番,,,,,,,,,火金,,,,,,,,,,,,,,月,,,,,,,,,,,,,,,,,木,,,,,,,,,,,,,,,水,,,,,,,,,,,,
住之江区,西住之江,1丁目,2番,,,,,,,,,火金,,,,,,,,,,,,,,月,,,,,,,,,,,,,,,,,木,,,,,,,,,,,,,,,水,,,,,,,,,,,,
住之江区,西住之江,1丁目,3番,,,,,,,火金,,,,,,,,,,,,,,,,月,,,,,,,,,,,,,,,,,木,,,,,,,,,,,,,,,水,,,,,,,,,,,,
住之江区,西住之江,1丁目,4番,,,,,,,火金,,,,,,,,,,,,,,,,月,,,,,,,,,,,,,,,,,木,,,,,,,,,,,,,,,水,,,,,,,,,,,,
住之江区,西住之江,1丁目,5番,,,,,,,火金,,,,,,,,,,,,,,,,,月,,,,,,,,,,,,,,,,木,,,,,,,,,,,,,,,水,,,,,,,,,,,,
住之江区,西住之江,1丁目,6番,,,,,,,,,火金,,,,,,,,,,,,,,月,,,,,,,,,,,,,,,,,木,,,,,,,,,,,,,,,水,,,,,,,,,,,,
住之江区,西住之江,1丁目,7番,,,,,,,,,火金,,,,,,,,,,,,,,,月,,,,,,,,,,,,,,,,木,,,,,,,,,,,,,,,水,,,,,,,,,,,,
住之江区,西住之江,1丁目,8番,北側の通り,,,,,,,,火金,,,,,,,,,,,,,,,月,,,,,,,,,,,,,,,,木,,,,,,,,,,,,,,,水,,,,,,,,,,,,
住之江区,西住之江,1丁目,8番,上記以外,,,,,,火金,,,,,,,,,,,,,,,,,月,,,,,,,,,,,,,,,,木,,,,,,,,,,,,,,,水,,,,,,,,,,,,
住之江区,西住之江,1丁目,9番,,,,,,,火金,,,,,,,,,,,,,,,,,月,,,,,,,,,,,,,,,,木,,,,,,,,,,,,,,,水,,,,,,,,,,,,
住之江区,西住之江,1丁目,10番,,,,,,,火金,,,,,,,,,,,,,,,,,月,,,,,,,,,,,,,,,,木,,,,,,,,,,,,,,,水,,,,,,,,,,,,
住之江区,西住之江,1丁目,11番,,,,,,,火金,,,,,,,,,,,,,,,,,月,,,,,,,,,,,,,,,,木,,,,,,,,,,,,,,,水,,,,,,,,,,,,
住之江区,西住之江,2丁目,1番,北側の通り,,,,,,火金,,,,,,,,,,,,,,,,月,,,,,,,,,,,,,,,,,木,,,,,,,,,,,,,,,水,,,,,,,,,,,,
住之江区,西住之江,2丁目,1番,上記以外,,,,,,,,火金,,,,,,,,,,,,,,月,,,,,,,,,,,,,,,,,木,,,,,,,,,,,,,,,水,,,,,,,,,,,,
住之江区,西住之江,2丁目,2番,,,,,,,火金,,,,,,,,,,,,,,,,,月,,,,,,,,,,,,,,,,木,,,,,,,,,,,,,,,水,,,,,,,,,,,,
住之江区,西住之江,2丁目,3番,南側の通り,,,,,,,,火金,,,,,,,,,,,,,,月,,,,,,,,,,,,,,,,木,,,,,,,,,,,,,,,,水,,,,,,,,,,,,
住之江区,西住之江,2丁目,3番,上記以外,,,,,,火金,,,,,,,,,,,,,,,,月,,,,,,,,,,,,,,,,木,,,,,,,,,,,,,,,,水,,,,,,,,,,,,
住之江区,西住之江,2丁目,4番,北側の通り,,,,,,火金,,,,,,,,,,,,,,,,,月,,,,,,,,,,,,,,,,木,,,,,,,,,,,,,,,水,,,,,,,,,,,,
住之江区,西住之江,2丁目,4番,上記以外,,,,,,,火金,,,,,,,,,,,,,,,,月,,,,,,,,,,,,,,,,木,,,,,,,,,,,,,,,水,,,,,,,,,,,,
住之江区,西住之江,2丁目,5番,,,,,,,,,火金,,,,,,,,,,,,,,月,,,,,,,,,,,,,,,,,木,,,,,,,,,,,,,,,水,,,,,,,,,,,,
住之江区,西住之江,2丁目,6番,,,,,,,,,火金,,,,,,,,,,,,,,月,,,,,,,,,,,,,,,,木,,,,,,,,,,,,,,,,水,,,,,,,,,,,,
住之江区,西住之江,2丁目,7番,,,,,,,,,火金,,,,,,,,,,,,,,月,,,,,,,,,,,,,,,,木,,,,,,,,,,,,,,,,水,,,,,,,,,,,,
住之江区,西住之江,2丁目,8番,,,,,,,,,火金,,,,,,,,,,,,,,月,,,,,,,,,,,,,,,,木,,,,,,,,,,,,,,,,水,,,,,,,,,,,,
住之江区,西住之江,2丁目,9番,,,,,,,,,火金,,,,,,,,,,,,,,月,,,,,,,,,,,,,,,,木,,,,,,,,,,,,,,,,水,,,,,,,,,,,,
住之江区,西住之江,2丁目,10番,ライオンズマンション住之江,,,,,,火金,,,,,,,,,,,,,,,,月,,,,,,,,,,,,,,,,木,,,,,,,,,,,,,,,,水,,,,,,,,,,,,
住之江区,西住之江,2丁目,10番,上記以外,,,,,,,,火金,,,,,,,,,,,,,,月,,,,,,,,,,,,,,,,木,,,,,,,,,,,,,,,,水,,,,,,,,,,,,
住之江区,西住之江,2丁目,11番,,,,,,,,,火金,,,,,,,,,,,,,,月,,,,,,,,,,,,,,,,木,,,,,,,,,,,,,,,,水,,,,,,,,,,,,
住之江区,西住之江,2丁目,12番,,,,,,,,,火金,,,,,,,,,,,,,,月,,,,,,,,,,,,,,,,,木,,,,,,,,,,,,,,,水,,,,,,,,,,,,
住之江区,西住之江,2丁目,13番,,,,,,,,,火金,,,,,,,,,,,,,,月,,,,,,,,,,,,,,,,木,,,,,,,,,,,,,,,,水,,,,,,,,,,,,
住之江区,西住之江,2丁目,14番,,,,,,,,,火金,,,,,,,,,,,,,,月,,,,,,,,,,,,,,,,木,,,,,,,,,,,,,,,,水,,,,,,,,,,,,
住之江区,西住之江,2丁目,15番,,,,,,,,,火金,,,,,,,,,,,,,,月,,,,,,,,,,,,,,,,木,,,,,,,,,,,,,,,,水,,,,,,,,,,,,
住之江区,西住之江,2丁目,16番,,,,,,,,,火金,,,,,,,,,,,,,,月,,,,,,,,,,,,,,,,木,,,,,,,,,,,,,,,,水,,,,,,,,,,,,
住之江区,西住之江,2丁目,17番,,,,,,,,,火金,,,,,,,,,,,,,,月,,,,,,,,,,,,,,,,木,,,,,,,,,,,,,,,,水,,,,,,,,,,,,
住之江区,西住之江,2丁目,18番,軽四輪車(小さい車)で収集している地域,,,,,,,,火金,,,,,,,,,,,,,,,,,,,,,月,,,,,,,,,,木,,,,,,,,,,,,,,,水,,,,,,,,,,,,
住之江区,西住之江,2丁目,18番,上記以外,,,,,,,,火金,,,,,,,,,,,,,,,,,,,,,月,,,,,,,,,木,,,,,,,,,,,,,,,,水,,,,,,,,,,,,
住之江区,西住之江,3丁目,1番,,,,,,,,,火金,,,,,,,,,,,,,,月,,,,,,,,,,,,,,,,木,,,,,,,,,,,,,,,,月,,,,,,,,,,,,
住之江区,西住之江,3丁目,2番,軽四輪車(小さい車)で収集している地域,,,,,,,,火金,,,,,,,,,,,,,,,,,,,,,,,,月,,,,,,,,木,,,,,,,,,,,,,,月,,,,,,,,,,,,
住之江区,西住之江,3丁目,2番,上記以外,,,,,,,,火金,,,,,,,,,,,,,,,,,,,,,月,,,,,,,,,木,,,,,,,,,,,,,,,,月,,,,,,,,,,,,
住之江区,西住之江,3丁目,3番,,,,,,,,,火金,,,,,,,,,,,,,,,,,,,,,月,,,,,,,,,,木,,,,,,,,,,,,,,,月,,,,,,,,,,,,
住之江区,西住之江,3丁目,4番,,,,,,,,,火金,,,,,,,,,,,,,,,,,,,,,月,,,,,,,,,,木,,,,,,,,,,,,,,,月,,,,,,,,,,,,
住之江区,西住之江,3丁目,5番,,,,,,,,,火金,,,,,,,,,,,,,,,,,,,,,月,,,,,,,,,,木,,,,,,,,,,,,,,,月,,,,,,,,,,,,
住之江区,西住之江,3丁目,6番,,,,,,,,,,火金,,,,,,,,,,,,,,,,,,,,月,,,,,,,,,,木,,,,,,,,,,,,,,,月,,,,,,,,,,,,
住之江区,西住之江,3丁目,7番,,,,,,,,,,火金,,,,,,,,,,,,,,,,,,,,月,,,,,,,,,,木,,,,,,,,,,,,,,,月,,,,,,,,,,,,
住之江区,西住之江,3丁目,8番,,,,,,,,,火金,,,,,,,,,,,,,,,,,,,,,月,,,,,,,,,,木,,,,,,,,,,,,,,,月,,,,,,,,,,,,
住之江区,西住之江,3丁目,9番,西側の筋,,,,,,,,火金,,,,,,,,,,,,,,,,,,,,,月,,,,,,,,,,木,,,,,,,,,,,,,,,月,,,,,,,,,,,,
住之江区,西住之江,3丁目,9番,南側の通り,,,,,,火金,,,,,,,,,,,,,,,,,,,,,,,月,,,,,,,,,,木,,,,,,,,,,,,,,,月,,,,,,,,,,,,
住之江区,西住之江,3丁目,10番,,,,,,,,,火金,,,,,,,,,,,,,,,,,,,,,月,,,,,,,,,,木,,,,,,,,,,,,,,,月,,,,,,,,,,,,
住之江区,西住之江,3丁目,11番,,,,,,,,,火金,,,,,,,,,,,,,,,,,,,,,月,,,,,,,,,,木,,,,,,,,,,,,,,,月,,,,,,,,,,,,
住之江区,西住之江,3丁目,12番,,,,,,,火金,,,,,,,,,,,,,,,,,,,,,,,月,,,,,,,,,,木,,,,,,,,,,,,,,,月,,,,,,,,,,,,
住之江区,西住之江,3丁目,13番,北側の通り,,,,,,火金,,,,,,,,,,,,,,,,,,,,,,,月,,,,,,,,,,木,,,,,,,,,,,,,,,月,,,,,,,,,,,,
住之江区,西住之江,3丁目,13番,上記以外,,,,,,,,火金,,,,,,,,,,,,,,,,,,,,,月,,,,,,,,,,木,,,,,,,,,,,,,,,月,,,,,,,,,,,,
住之江区,西住之江,3丁目,14番,高速高架下沿い,,,,,,火金,,,,,,,,,,,,,,,,,,,,,,,月,,,,,,,,,,木,,,,,,,,,,,,,,,月,,,,,,,,,,,,
住之江区,西住之江,3丁目,14番,上記以外,,,,,,,,火金,,,,,,,,,,,,,,,,,,,,,月,,,,,,,,,,木,,,,,,,,,,,,,,,月,,,,,,,,,,,,
住之江区,西住之江,3丁目,15番,,,,,,,,,火金,,,,,,,,,,,,,,,,,,,,,,月,,,,,,,,,,木,,,,,,,,,,,,,,月,,,,,,,,,,,,
住之江区,西住之江,4丁目,1番,,,,,,,,,火金,,,,,,,,,,,,,,,,,,,,,月,,,,,,,,,,木,,,,,,,,,,,,,,,月,,,,,,,,,,,,
住之江区,西住之江,4丁目,2番,,,,,,,,,火金,,,,,,,,,,,,,,,,,,,,,月,,,,,,,,,,木,,,,,,,,,,,,,,,月,,,,,,,,,,,,
住之江区,西住之江,4丁目,3番,,,,,,,,,火金,,,,,,,,,,,,,,,,,,,,,月,,,,,,,,,,木,,,,,,,,,,,,,,,月,,,,,,,,,,,,
住之江区,西住之江,4丁目,4番,,,,,,,,,火金,,,,,,,,,,,,,,,,,,,,,月,,,,,,,,,,木,,,,,,,,,,,,,,,月,,,,,,,,,,,,
住之江区,西住之江,4丁目,5番,,,,,,,,,火金,,,,,,,,,,,,,,,,,,,,,月,,,,,,,,,,木,,,,,,,,,,,,,,,月,,,,,,,,,,,,
住之江区,西住之江,4丁目,6番,,,,,,,,,火金,,,,,,,,,,,,,,,,,,,,,月,,,,,,,,,,木,,,,,,,,,,,,,,,月,,,,,,,,,,,,
住之江区,西住之江,4丁目,7番,,,,,,,,,火金,,,,,,,,,,,,,,,,,,,,,月,,,,,,,,,,木,,,,,,,,,,,,,,,月,,,,,,,,,,,,
住之江区,西住之江,4丁目,8番,,,,,,,,,火金,,,,,,,,,,,,,,,,,,,,,月,,,,,,,,,,木,,,,,,,,,,,,,,,月,,,,,,,,,,,,
住之江区,西住之江,4丁目,9番,,,,,,,,,火金,,,,,,,,,,,,,,,,,,,,,月,,,,,,,,,,木,,,,,,,,,,,,,,,月,,,,,,,,,,,,
住之江区,西住之江,4丁目,10番,,,,,,,,,火金,,,,,,,,,,,,,,,,,,,,,月,,,,,,,,,,,木,,,,,,,,,,,,,,月,,,,,,,,,,,,
住之江区,西住之江,4丁目,11番,,,,,,,,,火金,,,,,,,,,,,,,,,,,,,,,,月,,,,,,,,木,,,,,,,,,,,,,,,,月,,,,,,,,,,,,
住之江区,浜口西,1丁目,1番,,,,,,,,,月木,,,,,,,,,,,,,,,,,,,,,,,水,,,,,,,土,,,,,,,,,,,,,,,,火,,,,,,,,,,,,
住之江区,浜口西,1丁目,2番,,,,,,,,,月木,,,,,,,,,,,,,,,,,,,,,,水,,,,,,,,,土,,,,,,,,,,,,,,,火,,,,,,,,,,,,
住之江区,浜口西,1丁目,3番,,,,,,,,,月木,,,,,,,,,,,,,,,,,,,,,水,,,,,,,,,,土,,,,,,,,,,,,,,,火,,,,,,,,,,,,
住之江区,浜口西,1丁目,4番,軽四輪車(西側の筋)で収集している地域,,,,,,,,,,,,,,,月木,,,,,,,,,,,,,,水,,,,,,,,,,土,,,,,,,,,,,,,,,火,,,,,,,,,,,,
住之江区,浜口西,1丁目,4番,上記以外,,,,,,,,月木,,,,,,,,,,,,,,,,,,,,,水,,,,,,,,,,土,,,,,,,,,,,,,,,火,,,,,,,,,,,,
住之江区,浜口西,1丁目,5番,軽四輪車(東側の筋)で収集している地域,,,,,,,,,,,,,,,月木,,,,,,,水,,,,,,,,,,,,,,,,,土,,,,,,,,,,,,,,,火,,,,,,,,,,,,
住之江区,浜口西,1丁目,5番,上記以外,,,,,,,,月木,,,,,,,,,,,,,,水,,,,,,,,,,,,,,,,,土,,,,,,,,,,,,,,,火,,,,,,,,,,,,
住之江区,浜口西,1丁目,6番,,,,,,,,,月木,,,,,,,,,,,,,,水,,,,,,,,,,,,,,,,,土,,,,,,,,,,,,,,,火,,,,,,,,,,,,
住之江区,浜口西,1丁目,8番,,,,,,,,,月木,,,,,,,,,,,,,,,水,,,,,,,,,,,,,,,,,土,,,,,,,,,,,,,,火,,,,,,,,,,,,
住之江区,浜口西,1丁目,9番,,,,,,,,,月木,,,,,,,,,,,,,,,,,,,,,,,水,,,,,,,土,,,,,,,,,,,,,,,,火,,,,,,,,,,,,
住之江区,浜口西,1丁目,10番,軽四輪車(小さい車)で収集している地域,,,,,,,,,,月木,,,,,,,,,,,,,,,,,,,,水,,,,,,,,土,,,,,,,,,,,,,,,,火,,,,,,,,,,,,
住之江区,浜口西,1丁目,10番,上記以外,,,,,,,,月木,,,,,,,,,,,,,,,,,,,,,,水,,,,,,,,土,,,,,,,,,,,,,,,,火,,,,,,,,,,,,
住之江区,浜口西,1丁目,11番,軽四輪車(小さい車)で収集している地域,,,,,,,,,,月木,,,,,,,,,,,,,,,,,,,,水,,,,,,,,,土,,,,,,,,,,,,,,,火,,,,,,,,,,,,
住之江区,浜口西,1丁目,11番,上記以外,,,,,,,,月木,,,,,,,,,,,,,,,,,,,,,,水,,,,,,,,,土,,,,,,,,,,,,,,,火,,,,,,,,,,,,
住之江区,浜口西,1丁目,12番,軽四輪車(小さい車)で収集している地域,,,,,,,,,,月木,,,,,,,,,,,,,,,,,,,水,,,,,,,,,土,,,,,,,,,,,,,,,,火,,,,,,,,,,,,
住之江区,浜口西,1丁目,12番,上記以外,,,,,,,,月木,,,,,,,,,,,,,,,,,,,,,水,,,,,,,,,土,,,,,,,,,,,,,,,,火,,,,,,,,,,,,
住之江区,浜口西,1丁目,13番,,,,,,,,,月木,,,,,,,,,,,,,,,,,,,,,水,,,,,,,,,土,,,,,,,,,,,,,,,,火,,,,,,,,,,,,
住之江区,浜口西,1丁目,14番,軽四輪車(小さい車)で収集している地域,,,,,,,,,,月木,,,,,,,,,,,,,,,,,,,水,,,,,,,,,土,,,,,,,,,,,,,,,,火,,,,,,,,,,,,
住之江区,浜口西,1丁目,14番,上記以外,,,,,,,,月木,,,,,,,,,,,,,,,,,,,,,水,,,,,,,,,土,,,,,,,,,,,,,,,,火,,,,,,,,,,,,
住之江区,浜口西,1丁目,15番,軽四輪車(小さい車)で収集している地域,,,,,,,,,,月木,,,,,,,,,,,,,,,,,,,水,,,,,,,,,土,,,,,,,,,,,,,,,,火,,,,,,,,,,,,
住之江区,浜口西,1丁目,15番,上記以外,,,,,,,,月木,,,,,,,,,,,,,,,,,,,,,,水,,,,,,,,土,,,,,,,,,,,,,,,,火,,,,,,,,,,,,
住之江区,浜口西,1丁目,16番,,,,,,,,,月木,,,,,,,,,,,,,,,,,,,,,,,水,,,,,,,土,,,,,,,,,,,,,,,,火,,,,,,,,,,,,
住之江区,浜口西,1丁目,17番,,,,,,,,,月木,,,,,,,,,,,,,,,水,,,,,,,,,,,,,,,土,,,,,,,,,,,,,,,,火,,,,,,,,,,,,
住之江区,浜口西,2丁目,1番,軽四輪車(小さい車)で収集している地域,,,,,,,,,,,,,,,火金,,,,,,,月,,,,,,,,,,,,,,,,,,,,,,,,木,,,,,,,,,,,,,,,,,,,,
住之江区,浜口西,2丁目,1番,上記以外,,,,,,,,,,火金,,,,,,,,,,,,,月,,,,,,,,,,,,,,,,,,,,,,,木,,,,,,,,,,,,,,,,,,,,
住之江区,浜口西,2丁目,2番,軽四輪車(小さい車)で収集している地域,,,,,,,,,,,,,,,火金,,,,,,,月,,,,,,,,,,,,,,,,,,,,,,,,木,,,,,,,,,,,,,,,,,,,,
住之江区,浜口西,2丁目,2番,上記以外,,,,,,,,,,火金,,,,,,,,,,,,,月,,,,,,,,,,,,,,,,,,,,,,,木,,,,,,,,,,,,,,,,,,,,
住之江区,浜口西,2丁目,3番,軽四輪車(小さい車)で収集している地域,,,,,,,,,,,,,,,火金,,,,,,,月,,,,,,,,,,,,,,,,,,,,,,,,木,,,,,,,,,,,,,,,,,,,,
住之江区,浜口西,2丁目,3番,上記以外,,,,,,,,,,火金,,,,,,,,,,,,,月,,,,,,,,,,,,,,,,,,,,,,,木,,,,,,,,,,,,,,,,,,,,
住之江区,浜口西,2丁目,4番,軽四輪車(小さい車)で収集している地域,,,,,,,,,,,,,,,火金,,,,,,,月,,,,,,,,,,,,,,,,,,,,,,,,木,,,,,,,,,,,,,,,,,,,,
住之江区,浜口西,2丁目,4番,上記以外,,,,,,,,,,火金,,,,,,,,,,,,,月,,,,,,,,,,,,,,,,,,,,,,,木,,,,,,,,,,,,,,,,,,,,
住之江区,浜口西,2丁目,5番,,,,,,,,,,,火金,,,,,,,,,,,,月,,,,,,,,,,,,,,,,,,,,,,,,木,,,,,,,,,,,,,,,,,,,,
住之江区,浜口西,2丁目,6番,,,,,,,,,,,火金,,,,,,,,,,,,,月,,,,,,,,,,,,,,,,,,,,,,,木,,,,,,,,,,,,,,,,,,,,
住之江区,浜口西,2丁目,7番,,,,,,,,,,,火金,,,,,,,,,,,,,月,,,,,,,,,,,,,,,,,,,,,,,木,,,,,,,,,,,,,,,,,,,,
住之江区,浜口西,2丁目,8番,,,,,,,,,,,火金,,,,,,,,,,,,,月,,,,,,,,,,,,,,,,,,,,,,木,,,,,,,,,,,,,,,,,,,,,
住之江区,浜口西,2丁目,9番,,,,,,,,,,,火金,,,,,,,,,,,,,月,,,,,,,,,,,,,,,,,,,,,,木,,,,,,,,,,,,,,,,,,,,,
住之江区,浜口西,2丁目,10番,軽四輪車(小さい車)で収集している地域,,,,,,,,,,火金,,,,,,,,,,,,月,,,,,,,,,,,,,,,,,,,,,,,,木,,,,,,,,,,,,,,,,,,,,
住之江区,浜口西,2丁目,10番,上記以外,,,,,,,,,,火金,,,,,,,,,,,,月,,,,,,,,,,,,,,,,,,,,,,,,木,,,,,,,,,,,,,,,,,,,,
住之江区,浜口西,2丁目,11番,軽四輪車(小さい車)で収集している地域,,,,,,,,,,火金,,,,,,,,,,,,,,,,,,,,月,,,,,,,,,,,,,,,,木,,,,,,,,,,,,,,,,,,,,
住之江区,浜口西,2丁目,11番,上記以外,,,,,,,,,,火金,,,,,,,,,,,,月,,,,,,,,,,,,,,,,,,,,,,,,木,,,,,,,,,,,,,,,,,,,,
住之江区,浜口西,2丁目,12番,軽四輪車(小さい車)で収集している地域,,,,,,,,,,火金,,,,,,,,,,,,月,,,,,,,,,,,,,,,,,,,,,,,,木,,,,,,,,,,,,,,,,,,,,
住之江区,浜口西,2丁目,12番,上記以外,,,,,,,,,,火金,,,,,,,,,,,,月,,,,,,,,,,,,,,,,,,,,,,,木,,,,,,,,,,,,,,,,,,,,,
住之江区,浜口西,3丁目,1番,GSハイム住吉公園,,,,,,,,,,火金,,,,,,,,,,,,,,月,,,,,,,,,,,,,,,,,,,,,木,,,,,,,,,,,,,,,,,,,,,
住之江区,浜口西,3丁目,1番,上記以外,,,,,,火金,,,,,,,,,,,,,,,,,,月,,,,,,,,,,,,,,,,,,,,,木,,,,,,,,,,,,,,,,,,,,,
住之江区,浜口西,3丁目,2番,,,,,,,火金,,,,,,,,,,,,,,,,,,月,,,,,,,,,,,,,,,,,,,,,木,,,,,,,,,,,,,,,,,,,,,
住之江区,浜口西,3丁目,3番,,,,,,,火金,,,,,,,,,,,,,,,,,,月,,,,,,,,,,,,,,,,,,,,,木,,,,,,,,,,,,,,,,,,,,,
住之江区,浜口西,3丁目,5番,,,,,,,火金,,,,,,,,,,,,,,,,,,月,,,,,,,,,,,,,,,,,,,,,木,,,,,,,,,,,,,,,,,,,,,
住之江区,浜口西,3丁目,6番,,,,,,,火金,,,,,,,,,,,,,,,,,,月,,,,,,,,,,,,,,,,,,,,,木,,,,,,,,,,,,,,,,,,,,,
住之江区,浜口西,3丁目,7番,,,,,,,火金,,,,,,,,,,,,,,,,,,月,,,,,,,,,,,,,,,,,,,,,木,,,,,,,,,,,,,,,,,,,,,
住之江区,浜口西,3丁目,8番,,,,,,,火金,,,,,,,,,,,,,,,,,,月,,,,,,,,,,,,,,,,,,,,,木,,,,,,,,,,,,,,,,,,,,,
住之江区,浜口西,3丁目,11番,,,,,,,火金,,,,,,,,,,,,,,,,,,月,,,,,,,,,,,,,,,,,,,,,木,,,,,,,,,,,,,,,,,,,,,
住之江区,浜口西,3丁目,12番,,,,,,,火金,,,,,,,,,,,,,,,,,,月,,,,,,,,,,,,,,,,,,,,,木,,,,,,,,,,,,,,,,,,,,,
住之江区,浜口西,3丁目,13番,,,,,,,火金,,,,,,,,,,,,,,,,,,月,,,,,,,,,,,,,,,,,,,,,木,,,,,,,,,,,,,,,,,,,,,
住之江区,浜口東,1丁目,1番,軽四輪車(小さい車)で収集している地域,,,,,,,,,,,,,,,月木,,,,,,,水,,,,,,,,,,,,,,,,土,,,,,,,,,,,,,,,,火,,,,,,,,,,,,
住之江区,浜口東,1丁目,1番,上記以外,,,,,,月木,,,,,,,,,,,,,,,,,,,,,,,,水,,,,,,,,,土,,,,,,,,,,,,,,,火,,,,,,,,,,,,
住之江区,浜口東,2丁目,1番,軽四輪車(小さい車)で収集している地域,,,,,,火金,,,,,,,,,,,,,,,,月,,,,,,,,,,,,,,,,,,,,,,,,木,,,,,,,,水,,,,,,,,,,,,
住之江区,浜口東,2丁目,1番,上記以外,,,,,,,,,,火金,,,,,,,,,,,,月,,,,,,,,,,,,,,,,,,,,,,,,木,,,,,,,,水,,,,,,,,,,,,
住之江区,浜口東,2丁目,2番,軽四輪車(小さい車)で収集している地域,,,,,,火金,,,,,,,,,,,,,,,,月,,,,,,,,,,,,,,,,,,,,,,,,木,,,,,,,,水,,,,,,,,,,,,
住之江区,浜口東,2丁目,2番,上記以外,,,,,,,,,,火金,,,,,,,,,,,,月,,,,,,,,,,,,,,,,,,,,,,,,木,,,,,,,,水,,,,,,,,,,,,
住之江区,浜口東,2丁目,3番,軽四輪車(小さい車)で収集している地域,,,,,,火金,,,,,,,,,,,,,,,,月,,,,,,,,,,,,,,,,,,,,,,,,木,,,,,,,,水,,,,,,,,,,,,
住之江区,浜口東,2丁目,3番,上記以外,,,,,,,,,,火金,,,,,,,,,,,,月,,,,,,,,,,,,,,,,,,,,,,,,木,,,,,,,,水,,,,,,,,,,,,
住之江区,浜口東,2丁目,4番,軽四輪車(小さい車)で収集している地域,,,,,,火金,,,,,,,,,,,,,,,,月,,,,,,,,,,,,,,,,,,,,,,,,木,,,,,,,,水,,,,,,,,,,,,
住之江区,浜口東,2丁目,4番,上記以外,,,,,,,,,,火金,,,,,,,,,,,,月,,,,,,,,,,,,,,,,,,,,,,,,木,,,,,,,,水,,,,,,,,,,,,
住之江区,浜口東,2丁目,5番,軽四輪車(小さい車)で収集している地域,,,,,,火金,,,,,,,,,,,,,,,,月,,,,,,,,,,,,,,,,,,,,,,,,木,,,,,,,,水,,,,,,,,,,,,
住之江区,浜口東,2丁目,5番,上記以外,,,,,,,,,,火金,,,,,,,,,,,,月,,,,,,,,,,,,,,,,,,,,,,,,木,,,,,,,,水,,,,,,,,,,,,
住之江区,浜口東,2丁目,6番,軽四輪車(小さい車)で収集している地域,,,,,,火金,,,,,,,,,,,,,,,,月,,,,,,,,,,,,,,,,,,,,,,,,木,,,,,,,,水,,,,,,,,,,,,
住之江区,浜口東,2丁目,6番,上記以外,,,,,,,,,,火金,,,,,,,,,,,,月,,,,,,,,,,,,,,,,,,,,,,,,木,,,,,,,,水,,,,,,,,,,,,
住之江区,浜口東,2丁目,7番,軽四輪車(小さい車)で収集している地域,,,,,,火金,,,,,,,,,,,,,,,,月,,,,,,,,,,,,,,,,,,,,,,,,木,,,,,,,,水,,,,,,,,,,,,
住之江区,浜口東,2丁目,7番,上記以外,,,,,,,,,,火金,,,,,,,,,,,,月,,,,,,,,,,,,,,,,,,,,,,,,木,,,,,,,,水,,,,,,,,,,,,
住之江区,浜口東,2丁目,8番,,,,,,,,,,,火金,,,,,,,,,,,,月,,,,,,,,,,,,,,,,,,,,,,,木,,,,,,,,,水,,,,,,,,,,,,
住之江区,浜口東,2丁目,9番,軽四輪車(小さい車)で収集している地域,,,,,,火金,,,,,,,,,,,,,,,,月,,,,,,,,,,,,,,,,,,,,,,,,木,,,,,,,,水,,,,,,,,,,,,
住之江区,浜口東,2丁目,9番,上記以外,,,,,,,,,,火金,,,,,,,,,,,,月,,,,,,,,,,,,,,,,,,,,,,,木,,,,,,,,,水,,,,,,,,,,,,
住之江区,浜口東,2丁目,10番,軽四輪車(小さい車)で収集している地域,,,,,,火金,,,,,,,,,,,,,,,,月,,,,,,,,,,,,,,,,,,,,,,,,木,,,,,,,,水,,,,,,,,,,,,
住之江区,浜口東,2丁目,10番,上記以外,,,,,,,,,,火金,,,,,,,,,,,,月,,,,,,,,,,,,,,,,,,,,,,,木,,,,,,,,,水,,,,,,,,,,,,
住之江区,浜口東,2丁目,11番,軽四輪車(小さい車)で収集している地域,,,,,,火金,,,,,,,,,,,,,,,,月,,,,,,,,,,,,,,,,,,,,,,,,,木,,,,,,,水,,,,,,,,,,,,
住之江区,浜口東,2丁目,11番,上記以外,,,,,,,,,,火金,,,,,,,,,,,,月,,,,,,,,,,,,,,,,,,,,,,,木,,,,,,,,,水,,,,,,,,,,,,
住之江区,浜口東,2丁目,12番,軽四輪車(小さい車)で収集している地域,,,,,,,,,,火金,,,,,,,,,,,,月,,,,,,,,,,,,,,,,,,,,,,,,,木,,,,,,,水,,,,,,,,,,,,
住之江区,浜口東,2丁目,12番,上記以外,,,,,,,,,,火金,,,,,,,,,,,,月,,,,,,,,,,,,,,,,,,,,,,,,,木,,,,,,,水,,,,,,,,,,,,
住之江区,浜口東,2丁目,13番,軽四輪車(小さい車)で収集している地域,,,,,,,,,,火金,,,,,,,,,,,,月,,,,,,,,,,,,,,,,,,,,,,,,,,木,,,,,,水,,,,,,,,,,,,
住之江区,浜口東,2丁目,13番,上記以外,,,,,,,,,,火金,,,,,,,,,,,,月,,,,,,,,,,,,,,,,,,,,,,,,木,,,,,,,,水,,,,,,,,,,,,
住之江区,浜口東,3丁目,1番,軽四輪車(小さい車)で収集している地域,,,,,,,火金,,,,,,,,,,,,,,,月,,,,,,,,,,,,,,,,,,,,,,,,,,木,,,,,,水,,,,,,,,,,,,
住之江区,浜口東,3丁目,1番,上記以外,,,,,,,,火金,,,,,,,,,,,,,,月,,,,,,,,,,,,,,,,木,,,,,,,,,,,,,,,,水,,,,,,,,,,,,
住之江区,浜口東,3丁目,2番,軽四輪車(小さい車)で収集している地域,,,,,,,火金,,,,,,,,,,,,,,,月,,,,,,,,,,,,,,,,,木,,,,,,,,,,,,,,,水,,,,,,,,,,,,
住之江区,浜口東,3丁目,2番,上記以外,,,,,,,,火金,,,,,,,,,,,,,,月,,,,,,,,,,,,,,,,木,,,,,,,,,,,,,,,,水,,,,,,,,,,,,
住之江区,浜口東,3丁目,3番,軽四輪車(小さい車)で収集している地域,,,,,,,火金,,,,,,,,,,,,,,,月,,,,,,,,,,,,,,,,,木,,,,,,,,,,,,,,,水,,,,,,,,,,,,
住之江区,浜口東,3丁目,3番,上記以外,,,,,,,,,,火金,,,,,,,,,,,,月,,,,,,,,,,,,,,,,木,,,,,,,,,,,,,,,,水,,,,,,,,,,,,
住之江区,浜口東,3丁目,4番,軽四輪車(小さい車)で収集している地域,,,,,,,火金,,,,,,,,,,,,,,,月,,,,,,,,,,,,,,,,木,,,,,,,,,,,,,,,,水,,,,,,,,,,,,
住之江区,浜口東,3丁目,4番,上記以外,,,,,,,,,,火金,,,,,,,,,,,,月,,,,,,,,,,,,,,,,,木,,,,,,,,,,,,,,,水,,,,,,,,,,,,
住之江区,浜口東,3丁目,5番,軽四輪車(小さい車)で収集している地域,,,,,,,火金,,,,,,,,,,,,,,,月,,,,,,,,,,,,,,,,木,,,,,,,,,,,,,,,,水,,,,,,,,,,,,
住之江区,浜口東,3丁目,5番,上記以外,,,,,,,火金,,,,,,,,,,,,,,,月,,,,,,,,,,,,,,,,,木,,,,,,,,,,,,,,,水,,,,,,,,,,,,
住之江区,浜口東,3丁目,6番,軽四輪車(小さい車)で収集している地域,,,,,,,火金,,,,,,,,,,,,,,,,,,,,,,,,,,,,,,,,,,,,,,,,,,,,,,,,,,,,,,,,,,,
住之江区,浜口東,3丁目,6番,上記以外,,,,,,,火金,,,,,,,,,,,,,,,月,,,,,,,,,,,,,,,,木,,,,,,,,,,,,,,,,水,,,,,,,,,,,,
住之江区,浜口東,3丁目,7番,軽四輪車(小さい車)で収集している地域,,,,,,,火金,,,,,,,,,,,,,,,月,,,,,,,,,,,,,,,,,木,,,,,,,,,,,,,,,水,,,,,,,,,,,,
住之江区,浜口東,3丁目,7番,上記以外,,,,,,,火金,,,,,,,,,,,,,,,月,,,,,,,,,,,,,,,,木,,,,,,,,,,,,,,,,水,,,,,,,,,,,,
住之江区,浜口東,3丁目,8番,,,,,,,,火金,,,,,,,,,,,,,,,,月,,,,,,,,,,,,,,,,木,,,,,,,,,,,,,,,水,,,,,,,,,,,,
住之江区,浜口東,3丁目,9番,,,,,,,,火金,,,,,,,,,,,,,,,,月,,,,,,,,,,,,,,,木,,,,,,,,,,,,,,,,水,,,,,,,,,,,,
住之江区,浜口東,3丁目,10番,,,,,,,,火金,,,,,,,,,,,,,,,,月,,,,,,,,,,,,,,,,木,,,,,,,,,,,,,,,水,,,,,,,,,,,,
住之江区,浜口東,3丁目,11番,,,,,,,,火金,,,,,,,,,,,,,,,月,,,,,,,,,,,,,,,,,木,,,,,,,,,,,,,,,水,,,,,,,,,,,,
住之江区,浜口東,3丁目,12番,,,,,,,,火金,,,,,,,,,,,,,,,月,,,,,,,,,,,,,,,,,木,,,,,,,,,,,,,,,水,,,,,,,,,,,,
住之江区,浜口東,3丁目,13番,,,,,,,,火金,,,,,,,,,,,,,,,月,,,,,,,,,,,,,,,,,木,,,,,,,,,,,,,,,水,,,,,,,,,,,,
住之江区,東加賀屋,1丁目,1番,,,,,,,月木,,,,,,,,,,,,,,,,,,,,,,,水,,,,,,,,,,金,,,,,,,,,,,,,,,金,,,,,,,,,,,,
住之江区,東加賀屋,1丁目,2番,,,,,,,月木,,,,,,,,,,,,,,,,,,,,,,,,,水,,,,,,,,金,,,,,,,,,,,,,,,金,,,,,,,,,,,,
住之江区,東加賀屋,1丁目,3番,16~21号,,,,,,月木,,,,,,,,,,,,,,,,,,,,,,,,水,,,,,,,,,金,,,,,,,,,,,,,,,金,,,,,,,,,,,,
住之江区,東加賀屋,1丁目,3番,上記以外,,,,,,,,月木,,,,,,,,,,,,,,,,,,,,,,水,,,,,,,,,金,,,,,,,,,,,,,,,金,,,,,,,,,,,,
住之江区,東加賀屋,1丁目,4番,,,,,,,,,月木,,,,,,,,,,,,,,,,,,,,,,水,,,,,,,,,金,,,,,,,,,,,,,,,金,,,,,,,,,,,,
住之江区,東加賀屋,1丁目,5番,,,,,,,,,月木,,,,,,,,,,,,,,,,,,,,,,水,,,,,,,,,金,,,,,,,,,,,,,,,金,,,,,,,,,,,,
住之江区,東加賀屋,1丁目,7番,ファミール東加賀屋、ファミール東加賀屋ウィングス,,,,,,,,月木,,,,,,,,,,,,,,,,,,,,,,,水,,,,,,,,金,,,,,,,,,,,,,,,金,,,,,,,,,,,,
住之江区,東加賀屋,1丁目,7番,上記以外,,,,,,月木,,,,,,,,,,,,,,,,,,,,,,,,,水,,,,,,,,金,,,,,,,,,,,,,,,金,,,,,,,,,,,,
住之江区,東加賀屋,1丁目,8番,,,,,,,月木,,,,,,,,,,,,,,,,,,,,,,,,,水,,,,,,,,金,,,,,,,,,,,,,,,金,,,,,,,,,,,,
住之江区,東加賀屋,1丁目,9番,,,,,,,月木,,,,,,,,,,,,,,,,,,,,,,,,,,水,,,,,,,金,,,,,,,,,,,,,,,金,,,,,,,,,,,,
住之江区,東加賀屋,1丁目,10番,,,,,,,月木,,,,,,,,,,,,,,,,,,,,,,,,,,水,,,,,,,金,,,,,,,,,,,,,,,金,,,,,,,,,,,,
住之江区,東加賀屋,1丁目,11番,,,,,,,月木,,,,,,,,,,,,,,,,,,,,,,,,,,水,,,,,,,金,,,,,,,,,,,,,,,金,,,,,,,,,,,,
住之江区,東加賀屋,1丁目,12番,,,,,,,月木,,,,,,,,,,,,,,,,,,,,,,,,,水,,,,,,,,金,,,,,,,,,,,,,,,金,,,,,,,,,,,,
住之江区,東加賀屋,1丁目,13番,,,,,,,月木,,,,,,,,,,,,,,,,,,,,,,,,,水,,,,,,,,金,,,,,,,,,,,,,,,金,,,,,,,,,,,,
住之江区,東加賀屋,1丁目,14番,,,,,,,月木,,,,,,,,,,,,,,,,,,,,,,,,,水,,,,,,,,金,,,,,,,,,,,,,,,金,,,,,,,,,,,,
住之江区,東加賀屋,1丁目,15番,,,,,,,月木,,,,,,,,,,,,,,,,,,,,,,,,,水,,,,,,,,金,,,,,,,,,,,,,,,金,,,,,,,,,,,,
住之江区,東加賀屋,1丁目,16番,,,,,,,,,月木,,,,,,,,,,,,,,,,,,,,,,,水,,,,,,,,金,,,,,,,,,,,,,,,金,,,,,,,,,,,,
住之江区,東加賀屋,1丁目,17番,,,,,,,,,月木,,,,,,,,,,,,,,,,,,,,,,,水,,,,,,,,金,,,,,,,,,,,,,,,金,,,,,,,,,,,,
住之江区,東加賀屋,2丁目,1番,東側の筋,,,,,,月木,,,,,,,,,,,,,,,,,火,,,,,,,,,,,,,,,,金,,,,,,,,,,,,,,,,,,,,,,,,,,,
住之江区,東加賀屋,2丁目,1番,上記以外,,,,,,,,,,月木,,,,,,,,,,,,,火,,,,,,,,,,,,,,,,金,,,,,,,,,,,,,,,火,,,,,,,,,,,,
住之江区,東加賀屋,2丁目,2番,,,,,,,,,,,月木,,,,,,,,,,,,,火,,,,,,,,,,,,,,,,金,,,,,,,,,,,,,,,火,,,,,,,,,,,,
住之江区,東加賀屋,2丁目,3番,軽四輪車(小さい車)で収集している地域,,,,,,,,,,月木,,,,,,,,,,,,火,,,,,,,,,,,,,,,,金,,,,,,,,,,,,,,,,火,,,,,,,,,,,,
住之江区,東加賀屋,2丁目,3番,上記以外,,,,,,,,,,月木,,,,,,,,,,,,火,,,,,,,,,,,,,,,,金,,,,,,,,,,,,,,,,火,,,,,,,,,,,,
住之江区,東加賀屋,2丁目,4番,軽四輪車(小さい車)で収集している地域,,,,,,,,,,月木,,,,,,,,,,,,火,,,,,,,,,,,,,,,,金,,,,,,,,,,,,,,,,火,,,,,,,,,,,,
住之江区,東加賀屋,2丁目,4番,上記以外,,,,,,,,,,月木,,,,,,,,,,,,火,,,,,,,,,,,,,,,,金,,,,,,,,,,,,,,,,火,,,,,,,,,,,,
住之江区,東加賀屋,2丁目,5番,,,,,,,,,,,月木,,,,,,,,,,,,火,,,,,,,,,,,,,,,,金,,,,,,,,,,,,,,,,火,,,,,,,,,,,,
住之江区,東加賀屋,2丁目,6番,,,,,,,,,,,月木,,,,,,,,,,,,,火,,,,,,,,,,,,,,,金,,,,,,,,,,,,,,,,火,,,,,,,,,,,,
住之江区,東加賀屋,2丁目,7番,,,,,,,,,,,月木,,,,,,,,,,,,火,,,,,,,,,,,,,,,,金,,,,,,,,,,,,,,,,火,,,,,,,,,,,,
住之江区,東加賀屋,2丁目,8番,北側の通り,,,,,,,,,,,,,,,月木,,,,,,,火,,,,,,,,,,,,,,,,金,,,,,,,,,,,,,,,,火,,,,,,,,,,,,
住之江区,東加賀屋,2丁目,8番,南側の通り,,,,,,,,,,月木,,,,,,,,,,,,火,,,,,,,,,,,,,,,,金,,,,,,,,,,,,,,,,火,,,,,,,,,,,,
住之江区,東加賀屋,2丁目,9番,,,,,,,,,,,,,,,,月木,,,,,,,,火,,,,,,,,,,,,,,,金,,,,,,,,,,,,,,,,火,,,,,,,,,,,,
住之江区,東加賀屋,2丁目,10番,北側の通り,,,,,,,,月木,,,,,,,,,,,,,,,火,,,,,,,,,,,,,,,金,,,,,,,,,,,,,,,,火,,,,,,,,,,,,
住之江区,東加賀屋,2丁目,10番,上記以外,,,,,,,,,,,,,,,月木,,,,,,,,火,,,,,,,,,,,,,,,金,,,,,,,,,,,,,,,,火,,,,,,,,,,,,
住之江区,東加賀屋,2丁目,12番,,,,,,,,,,,,,,,,月木,,,,,,,,火,,,,,,,,,,,,,,,金,,,,,,,,,,,,,,,,火,,,,,,,,,,,,
住之江区,東加賀屋,2丁目,13番,北側の通り,,,,,,,,,,,,,,,月木,,,,,,,火,,,,,,,,,,,,,,,,金,,,,,,,,,,,,,,,,火,,,,,,,,,,,,
住之江区,東加賀屋,2丁目,13番,南側の通り,,,,,,,,,,月木,,,,,,,,,,,,火,,,,,,,,,,,,,,,,金,,,,,,,,,,,,,,,,火,,,,,,,,,,,,
住之江区,東加賀屋,2丁目,14番,,,,,,,,,,,月木,,,,,,,,,,,,火,,,,,,,,,,,,,,,,金,,,,,,,,,,,,,,,,火,,,,,,,,,,,,
住之江区,東加賀屋,2丁目,15番,,,,,,,,,,,月木,,,,,,,,,,,,火,,,,,,,,,,,,,,,,,,,金,,,,,,,,,,,,,火,,,,,,,,,,,,
住之江区,東加賀屋,2丁目,16番,,,,,,,,,,,月木,,,,,,,,,,,,,火,,,,,,,,,,,,,,,,,,金,,,,,,,,,,,,,火,,,,,,,,,,,,
住之江区,東加賀屋,3丁目,1番,軽四輪車(小さい車)で収集している地域,,,,,,,,,,月木,,,,,,,,,,,,火,,,,,,,,,,,,,,,,金,,,,,,,,,,,,,,,,火,,,,,,,,,,,,
住之江区,東加賀屋,3丁目,1番,上記以外,,,,,,,,,,月木,,,,,,,,,,,,火,,,,,,,,,,,,,,,,金,,,,,,,,,,,,,,,,火,,,,,,,,,,,,
住之江区,東加賀屋,3丁目,2番,,,,,,,,,,,月木,,,,,,,,,,,,火,,,,,,,,,,,,,,,,金,,,,,,,,,,,,,,,,火,,,,,,,,,,,,
住之江区,東加賀屋,3丁目,3番,,,,,,,,,,,月木,,,,,,,,,,,,火,,,,,,,,,,,,,,,,金,,,,,,,,,,,,,,,,火,,,,,,,,,,,,
住之江区,東加賀屋,3丁目,4番,軽四輪車(小さい車)で収集している地域,,,,,,,月木,,,,,,,,,,,,,,,火,,,,,,,,,,,,,,,,金,,,,,,,,,,,,,,,,火,,,,,,,,,,,,
住之江区,東加賀屋,3丁目,4番,上記以外,,,,,,,,,,月木,,,,,,,,,,,,火,,,,,,,,,,,,,,,,金,,,,,,,,,,,,,,,,火,,,,,,,,,,,,
住之江区,東加賀屋,3丁目,5番,軽四輪車(小さい車)で収集している地域,,,,,,,月木,,,,,,,,,,,,,,,火,,,,,,,,,,,,,,,,,,金,,,,,,,,,,,,,,火,,,,,,,,,,,,
住之江区,東加賀屋,3丁目,5番,上記以外,,,,,,,,,,月木,,,,,,,,,,,,火,,,,,,,,,,,,,,,,金,,,,,,,,,,,,,,,,火,,,,,,,,,,,,
住之江区,東加賀屋,3丁目,6番,軽四輪車(小さい車)で収集している地域,,,,,,,,,,月木,,,,,,,,,,,,火,,,,,,,,,,,,,,,,,,金,,,,,,,,,,,,,,火,,,,,,,,,,,,
住之江区,東加賀屋,3丁目,6番,上記以外,,,,,,,,,,月木,,,,,,,,,,,,火,,,,,,,,,,,,,,,,金,,,,,,,,,,,,,,,,火,,,,,,,,,,,,
住之江区,東加賀屋,3丁目,7番,,,,,,,,,,,月木,,,,,,,,,,,,火,,,,,,,,,,,,,,,,金,,,,,,,,,,,,,,,,火,,,,,,,,,,,,
住之江区,東加賀屋,3丁目,8番,,,,,,,,,,,月木,,,,,,,,,,,,火,,,,,,,,,,,,,,,,金,,,,,,,,,,,,,,,,火,,,,,,,,,,,,
住之江区,東加賀屋,3丁目,9番,軽四輪車(小さい車)で収集している地域,,,,,,,月木,,,,,,,,,,,,,,,火,,,,,,,,,,,,,,,,金,,,,,,,,,,,,,,,,火,,,,,,,,,,,,
住之江区,東加賀屋,3丁目,9番,上記以外,,,,,,,,,,月木,,,,,,,,,,,,火,,,,,,,,,,,,,,,,金,,,,,,,,,,,,,,,,火,,,,,,,,,,,,
住之江区,東加賀屋,3丁目,10番,軽四輪車(小さい車)で収集している地域,,,,,,,月木,,,,,,,,,,,,,,,火,,,,,,,,,,,,,,,,金,,,,,,,,,,,,,,,,火,,,,,,,,,,,,
住之江区,東加賀屋,3丁目,10番,上記以外,,,,,,,,,,月木,,,,,,,,,,,,火,,,,,,,,,,,,,,,,金,,,,,,,,,,,,,,,,火,,,,,,,,,,,,
住之江区,東加賀屋,3丁目,11番,,,,,,,,,,,月木,,,,,,,,,,,,火,,,,,,,,,,,,,,,,金,,,,,,,,,,,,,,,,火,,,,,,,,,,,,
住之江区,東加賀屋,3丁目,12番,,,,,,,,,,,月木,,,,,,,,,,,,火,,,,,,,,,,,,,,,,金,,,,,,,,,,,,,,,,火,,,,,,,,,,,,
住之江区,東加賀屋,3丁目,13番,軽四輪車(小さい車)で収集している地域,,,,,,,,,,月木,,,,,,,,,,,,火,,,,,,,,,,,,,,,,金,,,,,,,,,,,,,,,,火,,,,,,,,,,,,
住之江区,東加賀屋,3丁目,13番,上記以外,,,,,,,,,,月木,,,,,,,,,,,,火,,,,,,,,,,,,,,,,金,,,,,,,,,,,,,,,,火,,,,,,,,,,,,
住之江区,東加賀屋,3丁目,14番,軽四輪車(小さい車)で収集している地域,,,,,,,,,,月木,,,,,,,,,,,,,火,,,,,,,,,,,,,,,金,,,,,,,,,,,,,,,,火,,,,,,,,,,,,
住之江区,東加賀屋,3丁目,14番,上記以外,,,,,,,,,,月木,,,,,,,,,,,,火,,,,,,,,,,,,,,,,金,,,,,,,,,,,,,,,,火,,,,,,,,,,,,
住之江区,東加賀屋,3丁目,15番,,,,,,,,,,,月木,,,,,,,,,,,,火,,,,,,,,,,,,,,,,金,,,,,,,,,,,,,,,,火,,,,,,,,,,,,
住之江区,東加賀屋,3丁目,16番,,,,,,,,,,,月木,,,,,,,,,,,,火,,,,,,,,,,,,,,,,金,,,,,,,,,,,,,,,,火,,,,,,,,,,,,
住之江区,東加賀屋,4丁目,1番,軽四輪車(小さい車)で収集している地域,,,,,,,,,,月木,,,,,,,,,,,,火,,,,,,,,,,,,,,,,,,金,,,,,,,,,,,,,,火,,,,,,,,,,,,
住之江区,東加賀屋,4丁目,1番,上記以外,,,,,,,,,,月木,,,,,,,,,,,,火,,,,,,,,,,,,,,,,金,,,,,,,,,,,,,,,,火,,,,,,,,,,,,
住之江区,東加賀屋,4丁目,2番,,,,,,,,,,,月木,,,,,,,,,,,,火,,,,,,,,,,,,,,,,金,,,,,,,,,,,,,,,,火,,,,,,,,,,,,
住之江区,東加賀屋,4丁目,3番,,,,,,,,,,,月木,,,,,,,,,,,,火,,,,,,,,,,,,,,,,金,,,,,,,,,,,,,,,,火,,,,,,,,,,,,
住之江区,東加賀屋,4丁目,4番,,,,,,,,,,,月木,,,,,,,,,,,,火,,,,,,,,,,,,,,,,,金,,,,,,,,,,,,,,,火,,,,,,,,,,,,
住之江区,東加賀屋,4丁目,5番,軽四輪車(小さい車)で収集している地域,,,,,,,月木,,,,,,,,,,,,,,,火,,,,,,,,,,,,,,,,,,金,,,,,,,,,,,,,,火,,,,,,,,,,,,
住之江区,東加賀屋,4丁目,5番,上記以外,,,,,,,,,,月木,,,,,,,,,,,,火,,,,,,,,,,,,,,,,,,金,,,,,,,,,,,,,,火,,,,,,,,,,,,
住之江区,東加賀屋,4丁目,6番,,,,,,,,,,,月木,,,,,,,,,,,,,,,火,,,,,,,,,,,,,金,,,,,,,,,,,,,,,,火,,,,,,,,,,,,
住之江区,東加賀屋,4丁目,7番,,,,,,,,,,,月木,,,,,,,,,,,,,,,火,,,,,,,,,,,,,金,,,,,,,,,,,,,,,,火,,,,,,,,,,,,
住之江区,平林北,1丁目,2番,,,,,,,,,,,,,,,,,,水土,,,,,,火,,,,,,,,,,,,,,,土,,,,,,,,,,,,,,,,木,,,,,,,,,,,,
住之江区,平林北,2丁目,1番,,,,,,,,,,,,,,,,,,水土,,,,,,火,,,,,,,,,,,,,,,土,,,,,,,,,,,,,,,,木,,,,,,,,,,,,
住之江区,平林北,2丁目,2番,,,,,,,,,,,,,,,,,,水土,,,,,,火,,,,,,,,,,,,,,,土,,,,,,,,,,,,,,,,木,,,,,,,,,,,,
住之江区,平林北,2丁目,3番,,,,,,,,,,,,,,,,,,水土,,,,,,火,,,,,,,,,,,,,,,土,,,,,,,,,,,,,,,,木,,,,,,,,,,,,
住之江区,平林北,2丁目,4番,,,,,,,,,,,,,,,,,,水土,,,,,,火,,,,,,,,,,,,,,,土,,,,,,,,,,,,,,,,木,,,,,,,,,,,,
住之江区,平林北,2丁目,5番,,,,,,,,,,,,,,,,,,水土,,,,,,火,,,,,,,,,,,,,,,土,,,,,,,,,,,,,,,,木,,,,,,,,,,,,
住之江区,平林北,2丁目,6番,,,,,,,,,,,,,,,,,,水土,,,,,,火,,,,,,,,,,,,,,,土,,,,,,,,,,,,,,,,木,,,,,,,,,,,,
住之江区,平林北,2丁目,7番,90~99号,,,,,,,水土,,,,,,,,,,,,,,,,火,,,,,,,,,,,,,,,土,,,,,,,,,,,,,,,,木,,,,,,,,,,,,
住之江区,平林北,2丁目,7番,上記以外,,,,,,,,,,,,,,,,,水土,,,,,,火,,,,,,,,,,,,,,,土,,,,,,,,,,,,,,,,木,,,,,,,,,,,,
住之江区,平林北,2丁目,8番,,,,,,,,,,,,,,,,,,水土,,,,,,火,,,,,,,,,,,,,,,土,,,,,,,,,,,,,,,,木,,,,,,,,,,,,
住之江区,平林北,2丁目,9番,,,,,,,,,,,,,,,,,,水土,,,,,,火,,,,,,,,,,,,,,,土,,,,,,,,,,,,,,,,木,,,,,,,,,,,,
住之江区,平林南,1丁目,1番,,,,,,,,,,,,,,,,,,水土,,,,,,,,,,,,,,,,月,,,,,,,,,,木,,,,,,,,,,,木,,,,,,,,,,,,
住之江区,平林南,1丁目,2番,,,,,,,,,,,,,,,,,,水土,,,,,,,,,,,,,,,,月,,,,,,,,,,木,,,,,,,,,,,木,,,,,,,,,,,,
住之江区,平林南,1丁目,3番,,,,,,,,,,,,,,,,,,水土,,,,,,,,,,,,,,,月,,,,,,,,,,,木,,,,,,,,,,,木,,,,,,,,,,,,
住之江区,平林南,1丁目,4番,,,,,,,,,,,,,,,,,,水土,,,,,,,,,,,,,,,月,,,,,,,,,,,木,,,,,,,,,,,木,,,,,,,,,,,,
住之江区,平林南,1丁目,5番,,,,,,,,,,,,,,,,,,水土,,,,,,,,,,,,,,,月,,,,,,,,,,,木,,,,,,,,,,,木,,,,,,,,,,,,
住之江区,平林南,1丁目,6番,,,,,,,,,,,,,,,,,,水土,,,,,,,,,,,,,,,月,,,,,,,,,,,木,,,,,,,,,,,木,,,,,,,,,,,,
住之江区,平林南,1丁目,7番,,,,,,,,,,,,,,,,,,水土,,,,,,,,,,,,,,,月,,,,,,,,,,,木,,,,,,,,,,,木,,,,,,,,,,,,
住之江区,平林南,1丁目,8番,,,,,,,,,,,,,,,,,,水土,,,,,,,,,,,,,,,月,,,,,,,,,,,木,,,,,,,,,,,木,,,,,,,,,,,,
住之江区,平林南,2丁目,1番,,,,,,,水土,,,,,,,,,,,,,,,,,,,,,,,,,,,月,,,,,,,,木,,,,,,,,,,,,,木,,,,,,,,,,,,
住之江区,平林南,2丁目,2番,,,,,,,,,水土,,,,,,,,,,,,,,,,,,,,,,,,月,,,,,,,,,木,,,,,,,,,,,,,木,,,,,,,,,,,,
住之江区,平林南,2丁目,3番,15･16号,,,,,,,,,,,,,,,,,水土,,,,,,,,,,,,,,,,月,,,,,,,,木,,,,,,,,,,,,,木,,,,,,,,,,,,
住之江区,平林南,2丁目,3番,上記以外,,,,,,,,水土,,,,,,,,,,,,,,,,,,,,,,,,,月,,,,,,,,木,,,,,,,,,,,,,木,,,,,,,,,,,,
住之江区,平林南,2丁目,4番,,,,,,,,,,,,,,,,,,水土,,,,,,,,,,,,火,,,,,,,,,,,,,,,,,金,,,,,,,,木,,,,,,,,,,,,
住之江区,平林南,2丁目,5番,,,,,,,,,,,水土,,,,,,,,,,,,,,,,,,,火,,,,,,,,,,,,,,,,,金,,,,,,,,木,,,,,,,,,,,,
住之江区,平林南,2丁目,6番,平林南第2住宅2号棟･14号,,,,,,,,,,,,,,,,,水土,,,,,,,,,,,,,,,,月,,,,,,,木,,,,,,,,,,,,,,木,,,,,,,,,,,,
住之江区,平林南,2丁目,6番,上記以外,,,,,,,,,,水土,,,,,,,,,,,,,,,,,,,,,,,月,,,,,,,木,,,,,,,,,,,,,,木,,,,,,,,,,,,
住之江区,平林南,2丁目,7番,,,,,,,,,,,水土,,,,,,,,,,,,,,,,,,,,,,,月,,,,,,,木,,,,,,,,,,,,,,木,,,,,,,,,,,,
住之江区,平林南,2丁目,8番,,,,,,,,,水土,,,,,,,,,,,,,,,,,,,,,,,,,月,,,,,,,木,,,,,,,,,,,,,,木,,,,,,,,,,,,
住之江区,平林南,2丁目,9番,,,,,,,,,水土,,,,,,,,,,,,,,,,,,,,,,,,,月,,,,,,,木,,,,,,,,,,,,,,木,,,,,,,,,,,,
住之江区,平林南,2丁目,12番,,,,,,,水土,,,,,,,,,,,,,,,,,,,,,,,,,,,月,,,,,,,木,,,,,,,,,,,,,,木,,,,,,,,,,,,
住之江区,御崎,1丁目,1番,1~6･23~32号,,,,,,,,,,火金,,,,,,,,,,,,,,月,,,,,,,,,,,,,,,,,,,,,,木,,,,,,,,,,,,,,,,,,,,
住之江区,御崎,1丁目,1番,18･20･21号,,,,,,,,,,火金,,,,,,,,,,,,,,,,,,,月,,,,,,,,,,,,,,,,,木,,,,,,,,,,,,,,,,,,,,
住之江区,御崎,1丁目,2番,2･5･29号,,,,,,,,,,火金,,,,,,,,,,,,,,,,,,,月,,,,,,,,,,,,,,,,,木,,,,,,,,,,,,,,,,,,,,
住之江区,御崎,1丁目,2番,6~28号,,,,,,,,,,火金,,,,,,,,,,,,,,月,,,,,,,,,,,,,,,,,,,,,,木,,,,,,,,,,,,,,,,,,,,
住之江区,御崎,1丁目,3番,1~3号,,,,,,,,,,火金,,,,,,,,,,,,,,,,,,,月,,,,,,,,,,,,,,,,,木,,,,,,,,,,,,,,,,,,,,
住之江区,御崎,1丁目,3番,4~26号,,,,,,,,,,火金,,,,,,,,,,,,,,月,,,,,,,,,,,,,,,,,,,,,,木,,,,,,,,,,,,,,,,,,,,
住之江区,御崎,1丁目,4番,1~14･23~30号,,,,,,,,,,火金,,,,,,,,,,,,,,月,,,,,,,,,,,,,,,,,,,,,,木,,,,,,,,,,,,,,,,,,,,
住之江区,御崎,1丁目,4番,15~19号,,,,,,,,,,火金,,,,,,,,,,,,,,,,,,,月,,,,,,,,,,,,,,,,,木,,,,,,,,,,,,,,,,,,,,
住之江区,御崎,1丁目,5番,,,,,,,,,,,火金,,,,,,,,,,,,,月,,,,,,,,,,,,,,,,,,,,,,,木,,,,,,,,,,,,,,,,,,,,
住之江区,御崎,1丁目,6番,,,,,,,,,,,火金,,,,,,,,,,,,,月,,,,,,,,,,,,,,,,,,,,,,,木,,,,,,,,,,,,,,,,,,,,
住之江区,御崎,1丁目,7番,1~5号,,,,,,,,,,火金,,,,,,,,,,,,,,,,,,,月,,,,,,,,,,,,,,,,,木,,,,,,,,,,,,,,,,,,,,
住之江区,御崎,1丁目,7番,6~31号,,,,,,,,,,火金,,,,,,,,,,,,,,月,,,,,,,,,,,,,,,,,,,,,,木,,,,,,,,,,,,,,,,,,,,
住之江区,御崎,1丁目,8番,2~18･22･25･28~35号,,,,,,,,,,火金,,,,,,,,,,,,,,月,,,,,,,,,,,,,,,,,,,,,,木,,,,,,,,,,,,,,,,,,,,
住之江区,御崎,1丁目,8番,9･10･32号,,,,,,,,,,火金,,,,,,,,,,,,,,月,,,,,,,,,,,,,,,,,,,,,,木,,,,,,,,,,,,,,,,,,,,
住之江区,御崎,1丁目,8番,19･21･23号,,,,,,,,,,火金,,,,,,,,,,,,,,,,,,,月,,,,,,,,,,,,,,,,,木,,,,,,,,,,,,,,,,,,,,
住之江区,御崎,1丁目,9番,,,,,,,,,,,火金,,,,,,,,,,,,,月,,,,,,,,,,,,,,,,,,,,,,,,,木,,,,,,,,,,,,,,,,,,
住之江区,御崎,1丁目,10番,,,,,,,,,,,火金,,,,,,,,,,,,,月,,,,,,,,,,,,,,,,,,,,,,,,,木,,,,,,,,,,,,,,,,,,
住之江区,御崎,1丁目,11番,,,,,,,,,,,火金,,,,,,,,,,,,,月,,,,,,,,,,,,,,,,,,,,,,,,,木,,,,,,,,,,,,,,,,,,
住之江区,御崎,2丁目,1番,17･20･21号,,,,,,,,火金,,,,,,,,,,,,,,,月,,,,,,,,,,,,,,,,,,,,,,,木,,,,,,,,,,,,,,,,,,,,
住之江区,御崎,2丁目,1番,上記以外,,,,,,,,,,火金,,,,,,,,,,,,,月,,,,,,,,,,,,,,,,,,,,,,,木,,,,,,,,,,,,,,,,,,,,
住之江区,御崎,2丁目,4番,,,,,,,,,,,火金,,,,,,,,,,,,,,月,,,,,,,,,,,,,,,,,,,,,,木,,,,,,,,,,,,,,,,,,,,
住之江区,御崎,2丁目,5番,,,,,,,,,,,火金,,,,,,,,,,,,,,月,,,,,,,,,,,,,,,,,,,,,,木,,,,,,,,,,,,,,,,,,,,
住之江区,御崎,2丁目,6番,北行き一方通行沿い,,,,,,,,,,火金,,,,,,,,,,,,,,月,,,,,,,,,,,,,,,,,,,,,,木,,,,,,,,,,,,,,,,,,,,
住之江区,御崎,2丁目,6番,上記以外,,,,,,,,火金,,,,,,,,,,,,,,,,月,,,,,,,,,,,,,,,,,,,,,,木,,,,,,,,,,,,,,,,,,,,
住之江区,御崎,2丁目,7番,22号,,,,,,,,,,火金,,,,,,,,,,,,,,,,,,月,,,,,,,,,,,,,,,,,,,,木,,,,,,,,,,,,,,,,,,
住之江区,御崎,2丁目,7番,上記以外,,,,,,,,,,火金,,,,,,,,,,,,,,月,,,,,,,,,,,,,,,,,,,,,,木,,,,,,,,,,,,,,,,,,,,
住之江区,御崎,2丁目,8番,,,,,,,,,,,火金,,,,,,,,,,,,,,月,,,,,,,,,,,,,,,,,,,,,,木,,,,,,,,,,,,,,,,,,,,
住之江区,御崎,2丁目,9番,,,,,,,,,,,火金,,,,,,,,,,,,,,月,,,,,,,,,,,,,,,,,,,,,,,木,,,,,,,,,,,,,,,,,,,
住之江区,御崎,2丁目,10番,北側の通り,,,,,,,,火金,,,,,,,,,,,,,,,,月,,,,,,,,,,,,,,,,,,,,,,,木,,,,,,,,,,,,,,,,,,,
住之江区,御崎,2丁目,10番,上記以外,,,,,,,,,,火金,,,,,,,,,,,,,,月,,,,,,,,,,,,,,,,,,,,,,,木,,,,,,,,,,,,,,,,,,,
住之江区,御崎,2丁目,11番,北側の通り,,,,,,,,火金,,,,,,,,,,,,,,,,月,,,,,,,,,,,,,,,,,,,,,,,木,,,,,,,,,,,,,,,,,,,
住之江区,御崎,2丁目,11番,上記以外,,,,,,,,,,火金,,,,,,,,,,,,,,月,,,,,,,,,,,,,,,,,,,,,,,木,,,,,,,,,,,,,,,,,,,
住之江区,御崎,2丁目,12番,,,,,,,,,,,火金,,,,,,,,,,,,,,月,,,,,,,,,,,,,,,,,,,,,,,木,,,,,,,,,,,,,,,,,,,
住之江区,御崎,2丁目,13番,,,,,,,,,,,火金,,,,,,,,,,,,,,月,,,,,,,,,,,,,,,,,,,,,,,木,,,,,,,,,,,,,,,,,,,
住之江区,御崎,2丁目,14番,,,,,,,,,,,火金,,,,,,,,,,,,,,月,,,,,,,,,,,,,,,,,,,,,,,木,,,,,,,,,,,,,,,,,,,
住之江区,御崎,3丁目,1番,,,,,,,,,,,火金,,,,,,,,,,,,,月,,,,,,,,,,,,,,,,,,,,,,木,,,,,,,,,,,,,,,,,,,,,
住之江区,御崎,3丁目,2番,,,,,,,,,,,火金,,,,,,,,,,,,,,,,,,,,月,,,,,,,,,,,,,,,,,,木,,,,,,,,,,,,,,,,,,
住之江区,御崎,3丁目,3番,,,,,,,,,,,火金,,,,,,,,,,,,,月,,,,,,,,,,,,,,,,,,,,,,,,,木,,,,,,,,,,,,,,,,,,
住之江区,御崎,3丁目,4番,,,,,,,,,,,火金,,,,,,,,,,,,,月,,,,,,,,,,,,,,,,,,,,,,,,,木,,,,,,,,,,,,,,,,,,
住之江区,御崎,3丁目,5番,,,,,,,火金,,,,,,,,,,,,,,,,,,,,,,,,,月,,,,,,,,,,,,,,,,,木,,,,,,,,,,,,,,,,,,
住之江区,御崎,3丁目,6番,,,,,,,火金,,,,,,,,,,,,,,,,,月,,,,,,,,,,,,,,,,,,,,,,,,,木,,,,,,,,,,,,,,,,,,
住之江区,御崎,3丁目,7番,,,,,,,火金,,,,,,,,,,,,,,,,,月,,,,,,,,,,,,,,,,木,,,,,,,,,,,,,,,,,,,,,,,,,,,
住之江区,御崎,4丁目,1番,,,,,,,,,,,火金,,,,,,,,,,,,,,月,,,,,,,,,,,,,,,,,,,,,,木,,,,,,,,,,,,,,,,,,,,
住之江区,御崎,4丁目,2番,,,,,,,,,火金,,,,,,,,,,,,,,,,,,,,,月,,,,,,,,,,,,,,,,,,木,,,,,,,,,,,,,,,,,,,
住之江区,御崎,4丁目,3番,,,,,,,,,火金,,,,,,,,,,,,,,,,月,,,,,,,,,,,,,,,,,,,,,,,木,,,,,,,,,,,,,,,,,,,
住之江区,御崎,4丁目,4番,,,,,,,,,,,火金,,,,,,,,,,,,,,月,,,,,,,,,,,,,,,,,,,,,,,木,,,,,,,,,,,,,,,,,,,
住之江区,御崎,4丁目,5番,,,,,,,,,,,火金,,,,,,,,,,,,,月,,,,,,,,,,,,,,,,,,,,,,,,木,,,,,,,,,,,,,,,,,,,
住之江区,御崎,4丁目,6番,,,,,,,,,,,火金,,,,,,,,,,,,,月,,,,,,,,,,,,,,,,,,,,,,,,木,,,,,,,,,,,,,,,,,,,
住之江区,御崎,4丁目,7番,,,,,,,,,,,火金,,,,,,,,,,,,,月,,,,,,,,,,,,,,,,,,,,,,,,木,,,,,,,,,,,,,,,,,,,
住之江区,御崎,4丁目,8番,,,,,,,,,,,火金,,,,,,,,,,,,,月,,,,,,,,,,,,,,,,,,,,,,,,木,,,,,,,,,,,,,,,,,,,
住之江区,御崎,4丁目,9番,,,,,,,,,,,火金,,,,,,,,,,,,,月,,,,,,,,,,,,,,,,,,,,,,,,木,,,,,,,,,,,,,,,,,,,
住之江区,御崎,4丁目,10番,,,,,,,,,,,火金,,,,,,,,,,,,,月,,,,,,,,,,,,,,,,,,,,,,,木,,,,,,,,,,,,,,,,,,,,
住之江区,御崎,4丁目,11番,,,,,,,,,火金,,,,,,,,,,,,,,,月,,,,,,,,,,,,,,,,木,,,,,,,,,,,,,,,,,,,,,,,,,,,
住之江区,御崎,5丁目,1番,,,,,,,,,,,,,,,,,火金,,,,,,,,,,,,,,月,,,,,,,,,,,,,,,,,木,,,,,,,,,,,,,,,,,,,
住之江区,御崎,5丁目,2番,,,,,,,,,,,,,,,,,火金,,,,,,,,,,,,,月,,,,,,,,,,,,,,,,木,,,,,,,,,,,,,,,,,,,,,
住之江区,御崎,5丁目,3番,,,,,,,,,,,,,,,,,火金,,,,,,,,,,,,,月,,,,,,,,,,,,,,,,木,,,,,,,,,,,,,,,,,,,,,
住之江区,御崎,5丁目,4番,,,,,,,,,,,,,,,,,火金,,,,,,,,,,,,,月,,,,,,,,,,,,,,,,木,,,,,,,,,,,,,,,,,,,,,
住之江区,御崎,5丁目,5番,,,,,,,,,,,,,,,,,火金,,,,,,,,,,,,,月,,,,,,,,,,,,,,,,木,,,,,,,,,,,,,,,,,,,,,
住之江区,御崎,5丁目,6番,,,,,,,,,,,,,,,,,火金,,,,,,,,,,,,,月,,,,,,,,,,,,,,,,木,,,,,,,,,,,,,,,,,,,,,
住之江区,御崎,5丁目,7番,,,,,,,,,火金,,,,,,,,,,,,,,,,,,,,,,月,,,,,,,,,,,,,,,木,,,,,,,,,,,,,,,,,,,,,
住之江区,御崎,5丁目,8番,,,,,,,,,,,,,,,,,火金,,,,,,,,,,,,,,月,,,,,,,,,,,,,,,木,,,,,,,,,,,,,,,,,,,,,
住之江区,御崎,5丁目,9番,,,,,,,,,,,,,,,,,火金,,,,,,,,,,,,,,月,,,,,,,,,,,,,,,木,,,,,,,,,,,,,,,,,,,,,
住之江区,御崎,5丁目,10番,,,,,,,,,,,,,,,,,火金,,,,,,,,,,,,,,月,,,,,,,,,,,,,,,木,,,,,,,,,,,,,,,,,,,,,
住之江区,御崎,5丁目,11番,,,,,,,,,,,,,,,,,火金,,,,,,,,,,,,,,月,,,,,,,,,,,,,,,木,,,,,,,,,,,,,,,,,,,,,
住之江区,御崎,5丁目,12番,,,,,,,,,,,,,,,,,火金,,,,,,,,,,,,,,月,,,,,,,,,,,,,,,木,,,,,,,,,,,,,,,,,,,,,
住之江区,御崎,5丁目,13番,,,,,,,,,,,,,,,,,火金,,,,,,,,,,,,,,月,,,,,,,,,,,,,,,木,,,,,,,,,,,,,,,,,,,,,
住之江区,御崎,5丁目,14番,北側の通り沿い,,,,,,,,,,,,,,,,火金,,,,,,,,,,,,,,月,,,,,,,,,,,,,,,,木,,,,,,,,,,,,,,,,,,,,
住之江区,御崎,5丁目,14番,南側の通り沿い,,,,,,,,,,,,,,,,,火金,,,,,,,,,,,,,月,,,,,,,,,,,,,,,,木,,,,,,,,,,,,,,,,,,,,
住之江区,御崎,5丁目,15番,北側の通り沿い,,,,,,,,,,,,,,,,火金,,,,,,,,,,,,,,月,,,,,,,,,,,,,,,,木,,,,,,,,,,,,,,,,,,,,
住之江区,御崎,5丁目,15番,南側の通り沿い,,,,,,,,,,,,,,,,,火金,,,,,,,,,,,,,月,,,,,,,,,,,,,,,,木,,,,,,,,,,,,,,,,,,,,
住之江区,御崎,5丁目,16番,北側の通り沿い,,,,,,,,,,,,,,,,火金,,,,,,,,,,,,,,月,,,,,,,,,,,,,,,,木,,,,,,,,,,,,,,,,,,,,
住之江区,御崎,5丁目,16番,南側の通り沿い,,,,,,,,,,,,,,,,,火金,,,,,,,,,,,,,月,,,,,,,,,,,,,,,,木,,,,,,,,,,,,,,,,,,,,
住之江区,御崎,5丁目,17番,,,,,,,,,,,,,,,,,,火金,,,,,,,,,,,,,月,,,,,,,,,,,,,,,,木,,,,,,,,,,,,,,,,,,,,
住之江区,御崎,5丁目,18番,,,,,,,,,,,,,,,,,,火金,,,,,,,,,,,,,月,,,,,,,,,,,,,,,,木,,,,,,,,,,,,,,,,,,,,
住之江区,御崎,5丁目,19番,,,,,,,,,,,,,,,,,,火金,,,,,,,,,,,,,月,,,,,,,,,,,,,,,,木,,,,,,,,,,,,,,,,,,,,
住之江区,御崎,6丁目,1番,軽四輪車(小さい車)で収集している地域,,,,,,,,,火金,,,,,,,,,,,,,,,,,,,,,月,,,,,,,,,,,,,,,,木,,,,,,,,,,,,,,,,,,,,
住之江区,御崎,6丁目,1番,上記以外,,,,,,,,,,火金,,,,,,,,,,,,,,,,,,,,,月,,,,,,,,,,,,,,木,,,,,,,,,,,,,,,,,,,,,
住之江区,御崎,6丁目,2番,,,,,,,,,,,,,,,,,,火金,,,,,,,,,,,,,,月,,,,,,,,,,,,,,木,,,,,,,,,,,,,,,,,,,,,
住之江区,御崎,6丁目,3番,,,,,,,,,,,,,,,,,,火金,,,,,,,,,,,,,,月,,,,,,,,,,,,,,木,,,,,,,,,,,,,,,,,,,,,
住之江区,御崎,6丁目,4番,,,,,,,,,,,,,,,,,,火金,,,,,,,,,,,,,,月,,,,,,,,,,,,,,木,,,,,,,,,,,,,,,,,,,,,
住之江区,御崎,6丁目,5番,,,,,,,,,,,,,,,,,,火金,,,,,,,,,,,,月,,,,,,,,,,,,,,,,木,,,,,,,,,,,,,,,,,,,,,
住之江区,御崎,6丁目,6番,,,,,,,,,,,,,,,,,,火金,,,,,,,,,,,,月,,,,,,,,,,,,,,,,,木,,,,,,,,,,,,,,,,,,,,
住之江区,御崎,6丁目,7番,軽四輪車(小さい車)で収集している地域,,,,,,,,,火金,,,,,,,,,,,,,,,,,,,,月,,,,,,,,,,,,,,,,木,,,,,,,,,,,,,,,,,,,,,
住之江区,御崎,6丁目,7番,上記以外,,,,,,,,,,,,,,,,,火金,,,,,,,,,,,,,,月,,,,,,,,,,,,,,木,,,,,,,,,,,,,,,,,,,,,
住之江区,御崎,6丁目,8番,,,,,,,,,,,,,,,,,,火金,,,,,,,,,,,,,,月,,,,,,,,,,,,,,木,,,,,,,,,,,,,,,,,,,,,
住之江区,御崎,6丁目,9番,,,,,,,,,,,,,,,,,,火金,,,,,,,,,,,,,,月,,,,,,,,,,,,,,,木,,,,,,,,,,,,,,,,,,,,
住之江区,御崎,6丁目,10番,,,,,,,,,,,,,,,,,,火金,,,,,,,,,,,,,,月,,,,,,,,,,,,,,,木,,,,,,,,,,,,,,,,,,,,
住之江区,御崎,6丁目,11番,,,,,,,,,,,,,,,,,,火金,,,,,,,,,,,,,,月,,,,,,,,,,,,,,,木,,,,,,,,,,,,,,,,,,,,
住之江区,御崎,6丁目,12番,,,,,,,,,,,,,,,,,,火金,,,,,,,,,,,,,,月,,,,,,,,,,,,,,,木,,,,,,,,,,,,,,,,,,,,
住之江区,御崎,6丁目,13番,,,,,,,,,,,,,,,,,,火金,,,,,,,,,,,,,,月,,,,,,,,,,,,,,,木,,,,,,,,,,,,,,,,,,,,
住之江区,御崎,6丁目,14番,,,,,,,,,,,,,,,,,,火金,,,,,,,,,,,,,,月,,,,,,,,,,,,,,,木,,,,,,,,,,,,,,,,,,,,
住之江区,御崎,6丁目,15番,,,,,,,,,,,,,,,,,,火金,,,,,,,,,,,,,,月,,,,,,,,,,,,,,,木,,,,,,,,,,,,,,,,,,,,
住之江区,御崎,6丁目,16番,,,,,,,,,,,,,,,,,火金,,,,,,,,,,,,,,,月,,,,,,,,,,,,,,,木,,,,,,,,,,,,,,,,,,,,
住之江区,御崎,6丁目,17番,,,,,,,,,,,,,,,,,火金,,,,,,,,,,,,,月,,,,,,,,,,,,,,,,,木,,,,,,,,,,,,,,,,,,,,
住之江区,御崎,6丁目,18番,,,,,,,,,,,,,,,,,火金,,,,,,,,,,,,,,,月,,,,,,,,,,,,,,,木,,,,,,,,,,,,,,,,,,,,
住之江区,御崎,7丁目,1番,,,,,,,,,,,,,,,,,火金,,,,,,,,,,,,,,月,,,,,,,,,,,,,,,木,,,,,,,,,月,,,,,,,,,,,,
住之江区,御崎,7丁目,2番,,,,,,,,,,,,,,,,,火金,,,,,,,,,,,,,,月,,,,,,,,,,,,,,,木,,,,,,,,,月,,,,,,,,,,,,
住之江区,御崎,7丁目,3番,,,,,,,,,,,,,,,,,火金,,,,,,,,,,,,,,月,,,,,,,,,,,,,,,木,,,,,,,,,月,,,,,,,,,,,,
住之江区,御崎,7丁目,4番,,,,,,,,,,,,,,,,,,火金,,,,,,,,,,,,,月,,,,,,,,,,,,,,,木,,,,,,,,,月,,,,,,,,,,,,
住之江区,御崎,7丁目,5番,,,,,,,,,,,,,,,,,,火金,,,,,,,,,,,,,月,,,,,,,,,,,,,,,木,,,,,,,,,月,,,,,,,,,,,,
住之江区,御崎,7丁目,6番,,,,,,,,,,,,,,,,,,火金,,,,,,,,,,,,,月,,,,,,,,,,,,,,,木,,,,,,,,,月,,,,,,,,,,,,
住之江区,御崎,7丁目,7番,,,,,,,,,,,,,,,,,,火金,,,,,,,,,,,,,月,,,,,,,,,,,,,,,木,,,,,,,,,月,,,,,,,,,,,,
住之江区,御崎,7丁目,8番,,,,,,,,,,,,,,,,,,火金,,,,,,,,,,,,,,,月,,,,,,,,,,,,,木,,,,,,,,,月,,,,,,,,,,,,
住之江区,御崎,7丁目,9番,,,,,,,,,,,,,,,,,,火金,,,,,,,,,,,,,,,,月,,,,,,,,,,,,木,,,,,,,,,月,,,,,,,,,,,,
住之江区,御崎,7丁目,10番,,,,,,,,,,,,,,,,,,火金,,,,,,,,,,,,,,,月,,,,,,,,,,,,,木,,,,,,,,,月,,,,,,,,,,,,
住之江区,御崎,7丁目,11番,,,,,,,,,,,,,,,,,,火金,,,,,,,,,,,,,,,,月,,,,,,,,,,,,木,,,,,,,,,月,,,,,,,,,,,,
住之江区,御崎,7丁目,12番,,,,,,,,,,,,,,,,,,火金,,,,,,,,,,,,,,,月,,,,,,,,,,,,,木,,,,,,,,,月,,,,,,,,,,,,
住之江区,御崎,7丁目,13番,,,,,,,,,,,,,,,,,,火金,,,,,,,,,,,,,,,,月,,,,,,,,,,,,木,,,,,,,,,月,,,,,,,,,,,,
住之江区,御崎,7丁目,14番,,,,,,,,,,,,,,,,,,火金,,,,,,,,,,,,,,,月,,,,,,,,,,,,,木,,,,,,,,,月,,,,,,,,,,,,
住之江区,御崎,7丁目,15番,軽四輪車(小さい車)で収集している地域,,,,,,,,,火金,,,,,,,,,,,,,,,,,,,,,,,月,,,,,,,,,,,,,木,,,,,,,,,月,,,,,,,,,,,,
住之江区,御崎,7丁目,15番,上記以外,,,,,,,,,,,,,,,,,火金,,,,,,,,,,,,,,,月,,,,,,,,,,,,,木,,,,,,,,,月,,,,,,,,,,,,
住之江区,御崎,8丁目,1番,,,,,,,,,,,,,,,,,,火金,,,,,,,,,,,,月,,,,,,,,,,,,,,,,木,,,,,,,,,月,,,,,,,,,,,,
住之江区,御崎,8丁目,2番,,,,,,,,,,,,,,,,,,火金,,,,,,,,,,,,月,,,,,,,,,,,,,,,,,,,木,,,,,,月,,,,,,,,,,,,
住之江区,御崎,8丁目,3番,,,,,,,,,,,,,,,,,,火金,,,,,,,,,,,,月,,,,,,,,,,,,,,,,,,,木,,,,,,月,,,,,,,,,,,,
住之江区,御崎,8丁目,4番,,,,,,,,,,,,,,,,,,火金,,,,,,,,,,,,月,,,,,,,,,,,,,,,,,,木,,,,,,,月,,,,,,,,,,,,
住之江区,御崎,8丁目,5番,,,,,,,,,,,,,,,,,,火金,,,,,,,,,,,,月,,,,,,,,,,,,,,,,,,,木,,,,,,月,,,,,,,,,,,,
住之江区,御崎,8丁目,6番,,,,,,,,,,,,,,,,,,火金,,,,,,,,,,,,月,,,,,,,,,,,,,,,,,,,木,,,,,,月,,,,,,,,,,,,
住之江区,御崎,8丁目,7番,,,,,,,,,,,,,,,,,,火金,,,,,,,,,,,,月,,,,,,,,,,,,,,,,,木,,,,,,,,月,,,,,,,,,,,,
住之江区,御崎,8丁目,8番,,,,,,,,,,,,,,,,,,火金,,,,,,,,,,,,月,,,,,,,,,,,,,,,,,,,木,,,,,,月,,,,,,,,,,,,
住之江区,御崎,8丁目,9番,,,,,,,,,,,,,,,,,,火金,,,,,,,,,,,,月,,,,,,,,,,,,,,,,,,,木,,,,,,月,,,,,,,,,,,,
住之江区,緑木,1丁目,1番,,,,,,,,,月木,,,,,,,,,,,,,,,,,,,,,,,,火,,,,,,,,,,,,,,,,,金,,,,,金,,,,,,,,,,,,
住之江区,緑木,1丁目,2番,,,,,,,,,,,,,,,,,月木,,,,,,,,,,,,,,,,火,,,,,,,,,,,,,,,,,金,,,,,金,,,,,,,,,,,,
住之江区,緑木,1丁目,3番,,,,,,,,,,,月木,,,,,,,,,,,,,,,,,,,,,,火,,,,,,,,,,,,,,,,,金,,,,,金,,,,,,,,,,,,
住之江区,緑木,2丁目,1番,,,,,,,,,,,月木,,,,,,,,,,,,,,,,,,,,火,,,,,,,,,,,,,,,金,,,,,,,,,金,,,,,,,,,,,,
住之江区,緑木,2丁目,2番,,,,,,,,,,,月木,,,,,,,,,,,,,,,,,,,,,火,,,,,,,金,,,,,,,,,,,,,,,,金,,,,,,,,,,,,
住之江区,緑木,2丁目,3番,,,,,,,,,,,月木,,,,,,,,,,,,,,,,,,,,,火,,,,,,,,,,,,,,金,,,,,,,,,金,,,,,,,,,,,,
住之江区,南加賀屋,1丁目,1番,,,,,,,,,,,火金,,,,,,,,,,,,,月,,,,,,,,,,,,,,,,,,,,,,,,木,,,,,,,,,,,,,,,,,,,
住之江区,南加賀屋,2丁目,1番,,,,,,,,,,,,,,,,,火金,,,,,,,,,,,,,,月,,,,,,,,,木,,,,,,,,,,,,,,,,,,,,,,,,,,,
住之江区,南加賀屋,2丁目,2番,,,,,,,,,,,,,,,,,火金,,,,,,,,,,,,,,月,,,,,,,,,木,,,,,,,,,,,,,,,,,,,,,,,,,,,
住之江区,南加賀屋,2丁目,3番,,,,,,,,,,,,,,,,,,火金,,,,,,,,,,,,,,月,,,,,,,,木,,,,,,,,,,,,,,,,,,,,,,,,,,,
住之江区,南加賀屋,2丁目,5番,,,,,,,,,,,,,,,,,,火金,,,,,,,,,,,,,,月,,,,,,,,,,,,,,,木,,,,,,,,,,,,,,,,,,,,
住之江区,南加賀屋,2丁目,6番,,,,,,,,,,,,,,,,,,火金,,,,,,,,,,,,,,月,,,,,,,,,,,,,,,木,,,,,,,,,,,,,,,,,,,,
住之江区,南加賀屋,2丁目,8番,,,,,,,,,,,,,,,,,火金,,,,,,,,,,,,,,,月,,,,,,,,,,,,,,,木,,,,,,,,,,,,,,,,,,,,
住之江区,南加賀屋,2丁目,9番,,,,,,,,,,,,,,,,,火金,,,,,,,,,,,,,,,月,,,,,,,,,,,,,,,木,,,,,,,,,,,,,,,,,,,,
住之江区,南加賀屋,2丁目,10番,,,,,,,,,,,,,,,,,火金,,,,,,,,,,,,,,,月,,,,,,,,,,,,,,,木,,,,,,,,,,,,,,,,,,,,
住之江区,南加賀屋,2丁目,11番,,,,,,,,,,,,,,,,,火金,,,,,,,,,,,,,,,月,,,,,,,,,,,,,,,木,,,,,,,,,,,,,,,,,,,,
住之江区,南加賀屋,2丁目,12番,,,,,,,,,,,,,,,,,火金,,,,,,,,,,,,,,,月,,,,,,,,,,,,,,,木,,,,,,,,,,,,,,,,,,,,
住之江区,南加賀屋,2丁目,13番,,,,,,,,,,,,,,,,,火金,,,,,,,,,,,,,,,月,,,,,,,,,,,,,,,木,,,,,,,,,,,,,,,,,,,,
住之江区,南加賀屋,2丁目,14番,,,,,,,,,,,,,,,,,火金,,,,,,,,,,,,,,,月,,,,,,,,,,,,,,,,木,,,,,,,,,,,,,,,,,,,
住之江区,南加賀屋,3丁目,1番,,,,,,,,,,,,,,,,,火金,,,,,,,,,,,,,,,月,,,,,,,,,,,,,,,,木,,,,,,,月,,,,,,,,,,,,
住之江区,南加賀屋,3丁目,2番,,,,,,,,,,,,,,,,,火金,,,,,,,,,,,,,,,月,,,,,,,,,,,,,,,,,木,,,,,,月,,,,,,,,,,,,
住之江区,南加賀屋,3丁目,3番,,,,,,,,,,,,,,,,,火金,,,,,,,,,,,,,,,月,,,,,,,,,,,,,,木,,,,,,,,,月,,,,,,,,,,,,
住之江区,南加賀屋,3丁目,4番,,,,,,,,,,,,,,,,,火金,,,,,,,,,,,,,,,月,,,,,,,,,,,,,,,,,木,,,,,,月,,,,,,,,,,,,
住之江区,南加賀屋,3丁目,5番,,,,,,,,,,,,,,,,,火金,,,,,,,,,,,,,,,月,,,,,,,,,,,,,,,,木,,,,,,,月,,,,,,,,,,,,
住之江区,南加賀屋,3丁目,6番,,,,,,,,,,,,,,,,,火金,,,,,,,,,,,,,,,月,,,,,,,,,,,,,,,,木,,,,,,,月,,,,,,,,,,,,
住之江区,南加賀屋,3丁目,7番,,,,,,,,,,,,,,,,,火金,,,,,,,,,,,,,月,,,,,,,,,,,,,,,,,,,木,,,,,,月,,,,,,,,,,,,
住之江区,南加賀屋,3丁目,8番,,,,,,,,,,,,,,,,,火金,,,,,,,,,,,,,月,,,,,,,,,,,,,,,,木,,,,,,,,,月,,,,,,,,,,,,
住之江区,南加賀屋,3丁目,9番,,,,,,,,,,,,,,,,,火金,,,,,,,,,,,,,月,,,,,,,,,,,,,,,,木,,,,,,,,,月,,,,,,,,,,,,
住之江区,南加賀屋,4丁目,1番,,,,,,,,,,,,,,,,,火金,,,,,,,,,,,,,月,,,,,,,,,,,,,,,,,,,木,,,,,,月,,,,,,,,,,,,
住之江区,南加賀屋,4丁目,2番,,,,,,,,,,,,,,,,,火金,,,,,,,,,,,,,月,,,,,,,,,,,,,,,,,,,木,,,,,,月,,,,,,,,,,,,
住之江区,南加賀屋,4丁目,3番,,,,,,,,,,,,,,,,,火金,,,,,,,,,,,,,月,,,,,,,,,,,,,,,,木,,,,,,,,,月,,,,,,,,,,,,
住之江区,南加賀屋,4丁目,4番,軽四輪車(小さい車)で収集している地域,,,,,,,,,,,,,,,,水土,,,,,,,,,,,,,,火,,,,,,,,,,,,,,,,,金,,,,,,,月,,,,,,,,,,,,
住之江区,南加賀屋,4丁目,4番,上記以外,,,,,,,,,,,,,,,,水土,,,,,,,,,,,,,,火,,,,,,,,,,,,,,,,金,,,,,,,,月,,,,,,,,,,,,
住之江区,南加賀屋,4丁目,5番,軽四輪車(小さい車)で収集している地域,,,,,,,,水土,,,,,,,,,,,,,,,,,,,,,,火,,,,,,,,,,,,,,,,金,,,,,,,,月,,,,,,,,,,,,
住之江区,南加賀屋,4丁目,5番,上記以外,,,,,,,,,,,,,,,,水土,,,,,,,,,,,,,,火,,,,,,,,,,,,,,,,金,,,,,,,,月,,,,,,,,,,,,
住之江区,南加賀屋,4丁目,6番,軽四輪車(小さい車)で収集している地域,,,,,,,,水土,,,,,,,,,,,,,,,,,,,,,,火,,,,,,,,,,,,,,,,金,,,,,,,,月,,,,,,,,,,,,
住之江区,南加賀屋,4丁目,6番,上記以外,,,,,,,,,,,,,,,,水土,,,,,,,,,,,,,,火,,,,,,,,,,,,,,,,金,,,,,,,,月,,,,,,,,,,,,
住之江区,南加賀屋,4丁目,7番,軽四輪車(小さい車)で収集している地域,,,,,,,,,,,,,,,,水土,,,,,,,,,,,,,,火,,,,,,,,,,,,,,,,金,,,,,,,,月,,,,,,,,,,,,
住之江区,南加賀屋,4丁目,7番,上記以外,,,,,,,,,,,,,,,,水土,,,,,,,,,,,,,,火,,,,,,,,,,,,,,,,金,,,,,,,,月,,,,,,,,,,,,
住之江区,南加賀屋,4丁目,8番,軽四輪車(小さい車)で収集している地域,,,,,,,,,水土,,,,,,,,,,,,,,,,,,,,,火,,,,,,,,,,,,,,,,金,,,,,,,,月,,,,,,,,,,,,
住之江区,南加賀屋,4丁目,8番,上記以外,,,,,,,,,,,,,,,,水土,,,,,,,,,,,,,,火,,,,,,,,,,,,,,,,金,,,,,,,,月,,,,,,,,,,,,
住之江区,南加賀屋,4丁目,9番,軽四輪車(小さい車)で収集している地域,,,,,,,水土,,,,,,,,,,,,,,,,,,,,,,,火,,,,,,,,,,,,,,,,金,,,,,,,,月,,,,,,,,,,,,
住之江区,南加賀屋,4丁目,9番,上記以外,,,,,,,,,,,,,,,,水土,,,,,,,,,,,,,,火,,,,,,,,,,,,,,,,金,,,,,,,,月,,,,,,,,,,,,
住之江区,南加賀屋,4丁目,10番,軽四輪車(小さい車)で収集している地域,,,,,,,水土,,,,,,,,,,,,,,,,,,,,,,,火,,,,,,,,,,,,,,,,金,,,,,,,,月,,,,,,,,,,,,
住之江区,南加賀屋,4丁目,10番,上記以外,,,,,,,,,,,,,,,,水土,,,,,,,,,,,,,火,,,,,,,,,,,,,,,,,金,,,,,,,,月,,,,,,,,,,,,
住之江区,南加賀屋,4丁目,11番,軽四輪車(小さい車)で収集している地域,,,,,,,水土,,,,,,,,,,,,,,,,,,,,,,,,火,,,,,,,,,,,,,,,金,,,,,,,,月,,,,,,,,,,,,
住之江区,南加賀屋,4丁目,11番,上記以外,,,,,,,,,,,,,,,,水土,,,,,,,,,,,,,火,,,,,,,,,,,,,,,,,金,,,,,,,,月,,,,,,,,,,,,
住之江区,南加賀屋,4丁目,12番,軽四輪車(小さい車)で収集している地域,,,,,,,水土,,,,,,,,,,,,,,,,,,,,,,,,火,,,,,,,,,,,,,,,金,,,,,,,,月,,,,,,,,,,,,
住之江区,南加賀屋,4丁目,12番,上記以外,,,,,,,,,,,,,,,,水土,,,,,,,,,,,,,,火,,,,,,,,,,,,,,,,金,,,,,,,,月,,,,,,,,,,,,
住之江区,南加賀屋,4丁目,13番,軽四輪車(小さい車)で収集している地域,,,,,,,水土,,,,,,,,,,,,,,,,,,,,,,,火,,,,,,,,,,,,,,,,金,,,,,,,,月,,,,,,,,,,,,
住之江区,南加賀屋,4丁目,13番,上記以外,,,,,,,,,,,,,,,,水土,,,,,,,,,,,,,,火,,,,,,,,,,,,,,,,金,,,,,,,,月,,,,,,,,,,,,
住之江区,南加賀屋,4丁目,14番,,,,,,,,水土,,,,,,,,,,,,,,,,,,,,,,,火,,,,,,,,,,,,,,,,金,,,,,,,,月,,,,,,,,,,,,
住之江区,南加賀屋,4丁目,15番,,,,,,,,水土,,,,,,,,,,,,,,,,,,,,,,,火,,,,,,,,,,,,,,,,金,,,,,,,,月,,,,,,,,,,,,
住之江区,南加賀屋,4丁目,16番,軽四輪車(小さい車)で収集している地域,,,,,,,水土,,,,,,,,,,,,,,,,,,,,,,,火,,,,,,,,,,,,,,,,金,,,,,,,,月,,,,,,,,,,,,
住之江区,南加賀屋,4丁目,16番,上記以外,,,,,,,,,,,,,,,,水土,,,,,,,,,,,,,,火,,,,,,,,,,,,,,,,金,,,,,,,,月,,,,,,,,,,,,
住之江区,南加賀屋,4丁目,17番,,,,,,,水土,,,,,,,,,,,,,,,,,,,,,,,,火,,,,,,,,,,,,,,,,金,,,,,,,,月,,,,,,,,,,,,
住之江区,南加賀屋,4丁目,18番,,,,,,,水土,,,,,,,,,,,,,,,,,,,,,,,,火,,,,,,,,,,,,,,,,,金,,,,,,,月,,,,,,,,,,,,
