地区名1,地区名2,地区名3,地区名4,地区名5,備考,雑ごみ,普通ごみ_収集時間要問合せ,普通ごみ_午前,普通ごみ_午後,普通ごみ_8:30~10:30,普通ごみ_9:00~11:00,普通ごみ_9:30~11:30,普通ごみ_10:00~12:00,普通ごみ_10:30~12:30,普通ごみ_11:00~13:00,普通ごみ_11:30~13:30,普通ごみ_12:00~14:00,普通ごみ_12:30~14:30,普通ごみ_13:00~15:00,普通ごみ_13:30~15:30,普通ごみ_14:00~16:00,普通ごみ_14:30~16:30,資源ごみ_収集時間要問合せ,資源ごみ_午前,資源ごみ_午後,資源ごみ_8:30~10:30,資源ごみ_9:00~11:00,資源ごみ_9:30~11:30,資源ごみ_10:00~12:00,資源ごみ_10:30~12:30,資源ごみ_11:00~13:00,資源ごみ_11:30~13:30,資源ごみ_12:00~14:00,資源ごみ_12:30~14:30,資源ごみ_13:00~15:00,資源ごみ_13:30~15:30,資源ごみ_14:00~16:00,資源ごみ_14:30~16:30,プラスチック資源_収集時間要問合せ,プラスチック資源_午前,プラスチック資源_午後,プラスチック資源_8:30~10:30,プラスチック資源_9:00~11:00,プラスチック資源_9:30~11:30,プラスチック資源_10:00~12:00,プラスチック資源_10:30~12:30,プラスチック資源_11:00~13:00,プラスチック資源_11:30~13:30,プラスチック資源_12:00~14:00,プラスチック資源_12:30~14:30,プラスチック資源_13:00~15:00,プラスチック資源_13:30~15:30,プラスチック資源_14:00~16:00,プラスチック資源_14:30~16:30,古紙衣類_収集時間要問合せ,古紙衣類_午前,古紙衣類_午後,古紙衣類_8:30~10:30,古紙衣類_9:00~11:00,古紙衣類_9:30~11:30,古紙衣類_10:00~12:00,古紙衣類_10:30~12:30,古紙衣類_11:00~13:00,古紙衣類_11:30~13:30,古紙衣類_12:00~14:00,古紙衣類_12:30~14:30,古紙衣類_13:00~15:00,古紙衣類_13:30~15:30,古紙衣類_14:00~16:00,古紙衣類_14:30~16:30
住吉区,浅香,1丁目,1番,,,,,,,,,,,,,,,,,,月木,,,,,,,,,,,,金,,,,,,,,,火,,,,,,,,,,,,,,,,,,,火,,,,,,,,,
住吉区,浅香,1丁目,2番,,,,,,,,,,,,,,,,,,月木,,,,,,,,,,,,,金,,,,,,,,火,,,,,,,,,,,,,,,,,,,火,,,,,,,,,
住吉区,浅香,1丁目,3番,,,,,,,,,,,,,,,,,,月木,,,,,,,,,,,,,金,,,,,,,,,火,,,,,,,,,,,,,,,,,,火,,,,,,,,,
住吉区,浅香,1丁目,5番,,,,,,,,,,,,,,,,,,月木,,,,,,,,,,,,,金,,,,,,,,,火,,,,,,,,,,,,,,,,,,火,,,,,,,,,
住吉区,浅香,1丁目,6番,,,,,,,,,,,,,,,,,,月木,,,,,,,,,,,,,金,,,,,,,,,火,,,,,,,,,,,,,,,,,,火,,,,,,,,,
住吉区,浅香,1丁目,7番,,,,,,,,,,,,,,,,,,月木,,,,,,,,,,,,金,,,,,,,,,火,,,,,,,,,,,,,,,,,,,火,,,,,,,,,
住吉区,浅香,1丁目,8番,,,,,,,,,,,,,,,,,,月木,,,,,,,,,,,,,金,,,,,,,,火,,,,,,,,,,,,,,,,,,,火,,,,,,,,,
住吉区,浅香,2丁目,1番,,,,,,,,,,,,,,,,,,月木,,,,,,,,,,,,,金,,,,,,,,,火,,,,,,,,,,,,,,,,,,火,,,,,,,,,
住吉区,浅香,2丁目,2番,34~52号,,,,,,,,,,月木,,,,,,,,,,,,,,,,,,,,金,,,,,,,,,火,,,,,,,,,,,,,,,,,,火,,,,,,,,,
住吉区,浅香,2丁目,2番,上記以外,,,,,,,,,,,,,,,,,月木,,,,,,,,,,,,,金,,,,,,,,,火,,,,,,,,,,,,,,,,,,火,,,,,,,,,
住吉区,浅香,2丁目,3番,,,,,,,,,,,,,,,,,,月木,,,,,,,,,,,,金,,,,,,,,,,火,,,,,,,,,,,,,,,,,,火,,,,,,,,,
住吉区,我孫子,1丁目,1番,,,,,,,,,,,月木,,,,,,,,,,,,,,,,,,,金,,,,,,,,,火,,,,,,,,,,,,,,,,,,,,,,,,,,火,,
住吉区,我孫子,1丁目,2番,,,,,,,,,,,月木,,,,,,,,,,,,,,,,,,,金,,,,,,,,,火,,,,,,,,,,,,,,,,,,,,,,,,,,火,,
住吉区,我孫子,1丁目,3番,,,,,,,,,,,月木,,,,,,,,,,,,,,,,,,,金,,,,,,,,,火,,,,,,,,,,,,,,,,,,,,,,,,,,火,,
住吉区,我孫子,1丁目,4番,,,,,,,,,,,月木,,,,,,,,,,,,,,,,,,,金,,,,,,,,,火,,,,,,,,,,,,,,,,,,,,,,,,,,火,,
住吉区,我孫子,1丁目,5番,,,,,,,,,,,月木,,,,,,,,,,,,,,,,,,,,金,,,,,,,,,火,,,,,,,,,,,,,,,,,,,,,,,,,火,,
住吉区,我孫子,1丁目,6番,,,,,,,,,,,月木,,,,,,,,,,,,,,,,,,,金,,,,,,,,,,火,,,,,,,,,,,,,,,,,,,,,,,,,火,,
住吉区,我孫子,1丁目,7番,,,,,,,,,,,月木,,,,,,,,,,,,,,,,,,,金,,,,,,,,,火,,,,,,,,,,,,,,,,,,,,,,,,,,火,,
住吉区,我孫子,1丁目,8番,,,,,,,,,,,月木,,,,,,,,,,,,,,,,,,,金,,,,,,,,,火,,,,,,,,,,,,,,,,,,,,,,,,,,火,,
住吉区,我孫子,1丁目,9番,,,,,,,,,,,月木,,,,,,,,,,,,,,,,,,,金,,,,,,,,,火,,,,,,,,,,,,,,,,,,,,,,,,,,火,,
住吉区,我孫子,2丁目,1番,,,,,,,,,,,月木,,,,,,,,,,,,,,,,,,,,金,,,,,,,,,火,,,,,,,,,,,,,,,,,,,,,,,,,火,,
住吉区,我孫子,2丁目,2番,,,,,,,,,,,月木,,,,,,,,,,,,,,,,,,,,金,,,,,,,,,火,,,,,,,,,,,,,,,,,,,,,,,,,火,,
住吉区,我孫子,2丁目,3番,,,,,,,,,,,月木,,,,,,,,,,,,,,,,,,,,,,,金,,,,,,火,,,,,,,,,,,,,,,,,,,,,,,,,火,,
住吉区,我孫子,2丁目,4番,,,,,,,,,,,月木,,,,,,,,,,,,,,,,,,,,,,,,金,,,,,,,,,,,,,,,火,,,,,,,,,,,,,,,火,,
住吉区,我孫子,2丁目,5番,,,,,,,,,,,月木,,,,,,,,,,,,,,,,,,,,,,,,金,,,,,,,,,,,,,,,火,,,,,,,,,,,,,,,火,,
住吉区,我孫子,2丁目,6番,,,,,,,,,,,月木,,,,,,,,,,,,,,,,,,,,,,,金,,,,,,火,,,,,,,,,,,,,,,,,,,,,,,,,火,,
住吉区,我孫子,2丁目,7番,,,,,,,,,,,月木,,,,,,,,,,,,,,,,,,,,,,,金,,,,,,,,,,,,,,,火,,,,,,,,,,,,,,,,火,,
住吉区,我孫子,2丁目,8番,,,,,,,,,,,月木,,,,,,,,,,,,,,,,,,,,,,,金,,,,,火,,,,,,,,,,,,,,,,,,,,,,,,,,火,,
住吉区,我孫子,2丁目,9番,,,,,,,,,,,月木,,,,,,,,,,,,,,,,,,,金,,,,,,,,,火,,,,,,,,,,,,,,,,,,,,,,,,,,火,,
住吉区,我孫子,2丁目,10番,,,,,,,,,,,月木,,,,,,,,,,,,,,,,,,,金,,,,,,,,,火,,,,,,,,,,,,,,,,,,,,,,,,,,火,,
住吉区,我孫子,2丁目,11番,,,,,,,,,,,月木,,,,,,,,,,,,,,,,,,,,,,,金,,,,,,,,,,,,,,,火,,,,,,,,,,,,,,,,火,,
住吉区,我孫子,3丁目,1番,,,,,,,,,,,月木,,,,,,,,,,,,,,,,,,,,,,,金,,,,,,,,,,,,,,,火,,,,,,,,,,,,,,,,火,,
住吉区,我孫子,3丁目,2番,,,,,,,,,,,月木,,,,,,,,,,,,,,,,,,,,,,,金,,,,,,,,,,,,,,,火,,,,,,,,,,,,,,,,火,,
住吉区,我孫子,3丁目,3番,軽四輪車(小さい車)で収集している地域,,,,,,,,,,,,,,,,月木,,,,,,,,,,,,,,,,,金,,,,,,,,,,,,火,,,,,,,,,,,,,,,,,,,火,,
住吉区,我孫子,3丁目,3番,上記以外,,,,,,,,,,月木,,,,,,,,,,,,,,,,,,,,,,,金,,,,,,,,,,,,,,,火,,,,,,,,,,,,,,,,火,,
住吉区,我孫子,3丁目,4番,軽四輪車(小さい車)で収集している地域,,,,,,,,,,月木,,,,,,,,,,,,,,,,,,,金,,,,,,,,,,,,,,,,火,,,,,,,,,,,,,,,,,,,火,,
住吉区,我孫子,3丁目,4番,上記以外,,,,,,,,,,月木,,,,,,,,,,,,,,金,,,,,,,,,,,,,,,,,,,,,火,,,,,,,,,,,,,,,,,,,火,,
住吉区,我孫子,3丁目,5番,軽四輪車(小さい車)で収集している地域,,,,,,,,,,,,,,,,月木,,,,,,,,,,,,,金,,,,,,,,,,,,,,,,火,,,,,,,,,,,,,,,,,,,火,,
住吉区,我孫子,3丁目,5番,上記以外,,,,,,,,,,月木,,,,,,,,,,,,,,金,,,,,,,,,,,,,,,,,,,,,,火,,,,,,,,,,,,,,,,,,火,,
住吉区,我孫子,3丁目,6番,,,,,,,,,,,月木,,,,,,,,,,,,,,,,,,,,,,,金,,,,,,,,,,,,,,,火,,,,,,,,,,,,,,,,火,,
住吉区,我孫子,3丁目,7番,,,,,,,,,,,月木,,,,,,,,,,,,,,,,,,,,,,,金,,,,,,,,,,,,,,,火,,,,,,,,,,,,,,,,火,,
住吉区,我孫子,3丁目,8番,,,,,,,,,,,月木,,,,,,,,,,,,,,,,,,,,,,,金,,,,,,,,,,,,,,,火,,,,,,,,,,,,,,,,火,,
住吉区,我孫子,3丁目,9番,軽四輪車(小さい車)で収集している地域,,,,,,,,,,,,,,,,月木,,,,,,,,,,,,,金,,,,,,,,,,,,,,,,火,,,,,,,,,,,,,,,,,,,火,,
住吉区,我孫子,3丁目,9番,上記以外,,,,,,,,,,月木,,,,,,,,,,,,,,,,,,,,,,,金,,,,,,,,,,,,,火,,,,,,,,,,,,,,,,,,火,,
住吉区,我孫子,3丁目,10番,4~10号,,,,,,,,,,,,,,,,,月木,,,,,,,金,,,,,,,,,,,,,,,,,,,,,,火,,,,,,,,,,,,,,,,,,火,,
住吉区,我孫子,3丁目,10番,上記以外,,,,,,,,,,月木,,,,,,,,,,,,,,金,,,,,,,,,,,,,,,,,,,,,,火,,,,,,,,,,,,,,,,,,火,,
住吉区,我孫子,3丁目,11番,,,,,,,,,,,月木,,,,,,,,,,,,,金,,,,,,,,,,,,,,,,,,,,,,,火,,,,,,,,,,,,,,,,,,火,,
住吉区,我孫子,3丁目,12番,,,,,,,,,,,月木,,,,,,,,,,,,,金,,,,,,,,,,,,,,,,,,,,,,,,火,,,,,,,,,,,,,,,,,火,,
住吉区,我孫子,3丁目,13番,,,,,,,,,,,月木,,,,,,,,,,,,,,,,,,,,,,,金,,,,,,,,,,,,,,,火,,,,,,,,,,,,,,,,火,,
住吉区,我孫子,3丁目,14番,,,,,,,,,,,月木,,,,,,,,,,,,,,,,,,,,,,,金,,,,,,,,,,,,,,,火,,,,,,,,,,,,,,,,火,,
住吉区,我孫子,4丁目,1番,,,,,,,,,,,,,,,,,,月木,,,,,,,金,,,,,,,,,,,,,,,,,,,,,,,,火,,,,,,,,,,,,,,,,火,,
住吉区,我孫子,4丁目,2番,,,,,,,,,,,,,,,,,,月木,,,,,金,,,,,,,,,,,,,,,,火,,,,,,,,,,,,,,,,,,,,,,,,,,火,,
住吉区,我孫子,4丁目,3番,,,,,,,,,,,,,,,,,,月木,,,,,,金,,,,,,,,,,,,,,,,火,,,,,,,,,,,,,,,,,,,,,,,,,火,,
住吉区,我孫子,4丁目,4番,,,,,,,,,,,,,,,,,,月木,,,,,,金,,,,,,,,,,,,,,,,火,,,,,,,,,,,,,,,,,,,,,,,,,火,,
住吉区,我孫子,4丁目,5番,軽四輪車(小さい車)で収集している地域,,,,,,,,,,,,,,,,月木,,,,,,,,金,,,,,,,,,,,,,,火,,,,,,,,,,,,,,,,,,,,,,,,,,火,,
住吉区,我孫子,4丁目,5番,上記以外,,,,,,,,,,,,,,,,,月木,,,,,,,,,,,,金,,,,,,,,,,,,,,,,,火,,,,,,,,,,,,,,,,,,火,,
住吉区,我孫子,4丁目,6番,,,,,,,,,,,,,,,,,,月木,,,,,,,金,,,,,,,,,,,,,,,,,,,,,,,火,,,,,,,,,,,,,,,,,火,,
住吉区,我孫子,4丁目,7番,,,,,,,,,,,,,,,,,,月木,,,,,,,金,,,,,,,,,,,,,,,,,,,,,,火,,,,,,,,,,,,,,,,,,火,,
住吉区,我孫子,4丁目,8番,軽四輪車(小さい車)で収集している地域,,,,,,,,,,,,,,,,月木,,,,,,,金,,,,,,,,,,,,,,,,,,,,,,,火,,,,,,,,,,,,,,,,,,火,,
住吉区,我孫子,4丁目,8番,上記以外,,,,,,,,,,,,,,,,,月木,,,,,,金,,,,,,,,,,,,,,,,,,,,,,,火,,,,,,,,,,,,,,,,,,火,,
住吉区,我孫子,4丁目,9番,,,,,,,,,,,,,,,,,,月木,,,,,,,金,,,,,,,,,,,,,,,,,,,,,,,火,,,,,,,,,,,,,,,,,火,,
住吉区,我孫子,4丁目,10番,,,,,,,,,,,,,,,,,,月木,,,,,,金,,,,,,,,,,,,,,,,,,,,,,,火,,,,,,,,,,,,,,,,,,火,,
住吉区,我孫子,4丁目,11番,,,,,,,,,,,,,,,,,,月木,,,,,,金,,,,,,,,,,,,,,,,,,,,,,,火,,,,,,,,,,,,,,,,,,火,,
住吉区,我孫子,4丁目,12番,軽四輪車(小さい車)で収集している地域,,,,,,,,,,,,,,,,月木,,,,,,,金,,,,,,,,,,,,,,,,火,,,,,,,,,,,,,,,,,,,,,,,,,火,,
住吉区,我孫子,4丁目,12番,上記以外,,,,,,,,,,月木,,,,,,,,,,,,,金,,,,,,,,,,,,,,,,,,,,,,,,火,,,,,,,,,,,,,,,,,火,,
住吉区,我孫子,4丁目,13番,軽四輪車(小さい車)で収集している地域,,,,,,,,,,,,,,,,月木,,,,,,,金,,,,,,,,,,,,,,,火,,,,,,,,,,,,,,,,,,,,,,,,,,火,,
住吉区,我孫子,4丁目,13番,上記以外,,,,,,,,,,,,,,,,月木,,,,,,,,金,,,,,,,,,,,,,,,,,,,,,,,火,,,,,,,,,,,,,,,,,火,,
住吉区,我孫子,4丁目,14番,,,,,,,,,,,,,,,,,月木,,,,,,,,,,,,,金,,,,,,,,,,,,,,,,火,,,,,,,,,,,,,,,,,,,火,,
住吉区,我孫子,4丁目,15番,21~25号,,,,,,,,,,月木,,,,,,,,,,,,,,,,,,,金,,,,,,,,,,,,,,,,火,,,,,,,,,,,,,,,,,,,火,,
住吉区,我孫子,4丁目,15番,上記以外,,,,,,,,,,,,,,,,月木,,,,,,,,,,,,,金,,,,,,,,,,,,,,,,火,,,,,,,,,,,,,,,,,,,火,,
住吉区,我孫子,4丁目,16番,22~24号,,,,,,,,,,月木,,,,,,,,,,,,,,,,,,,金,,,,,,,,,,,,,,,,,火,,,,,,,,,,,,,,,,,,火,,
住吉区,我孫子,4丁目,16番,上記以外,,,,,,,,,,,,,,,,月木,,,,,,,,,,,,,金,,,,,,,,,,,,,,,,,火,,,,,,,,,,,,,,,,,,火,,
住吉区,我孫子,4丁目,17番,,,,,,,,,,,,,,,,,月木,,,,,,,金,,,,,,,,,,,,,,,,,,,,,,,,火,,,,,,,,,,,,,,,,,火,,
住吉区,我孫子,5丁目,1番,7~25号,,,,,,,,,,月木,,,,,,,,,,,,,金,,,,,,,,,,,,,,,,,,,,,,,火,,,,,,,,,,,,,,,,,,火,,
住吉区,我孫子,5丁目,1番,上記以外,,,,,,,,,,,,,,,,月木,,,,,,,金,,,,,,,,,,,,,,,,,,,,,,,火,,,,,,,,,,,,,,,,,,火,,
住吉区,我孫子,5丁目,2番,,,,,,,,,,,月木,,,,,,,,,,,,,金,,,,,,,,,,,,,,,,,,,,,,,火,,,,,,,,,,,,,,,,,,火,,
住吉区,我孫子,5丁目,3番,,,,,,,,,,,月木,,,,,,,,,,,,,金,,,,,,,,,,,,,,,,,,,,,,,火,,,,,,,,,,,,,,,,,,火,,
住吉区,我孫子,5丁目,4番,2~33号,,,,,,,,,,,,,,,,月木,,,,,,,金,,,,,,,,,,,,,,,,,,,,,,,火,,,,,,,,,,,,,,,,,,火,,
住吉区,我孫子,5丁目,4番,上記以外,,,,,,,,,,月木,,,,,,,,,,,,,金,,,,,,,,,,,,,,,,,,,,,,,火,,,,,,,,,,,,,,,,,,火,,
住吉区,我孫子,5丁目,5番,7~14号,,,,,,,,,,,,,,,,月木,,,,,,金,,,,,,,,,,,,,,,,,,,,,,,,火,,,,,,,,,,,火,,,,,,,,,
住吉区,我孫子,5丁目,5番,上記以外,,,,,,,,,,月木,,,,,,,,,,,,金,,,,,,,,,,,,,,,,,,,,,,,,火,,,,,,,,,,,火,,,,,,,,,
住吉区,我孫子,5丁目,6番,3~27号,,,,,,,,,,,,,,,,月木,,,,,,,,金,,,,,,,,,,,,,,,,,,,,,,火,,,,,,,,,,,火,,,,,,,,,
住吉区,我孫子,5丁目,6番,上記以外,,,,,,,,,,月木,,,,,,,,,,,,,,金,,,,,,,,,,,,,,,,,,,,,,火,,,,,,,,,,,火,,,,,,,,,
住吉区,我孫子,5丁目,7番,軽四輪車(小さい車)で収集している地域,,,,,,,,,,月木,,,,,,,,,,,,,金,,,,,,,,,,,,,,,,,,,,,,,火,,,,,,,,,,,火,,,,,,,,,
住吉区,我孫子,5丁目,7番,上記以外,,,,,,,,,,月木,,,,,,,,,,,,,金,,,,,,,,,,,,,,,,,,,,,,,火,,,,,,,,,,,火,,,,,,,,,
住吉区,我孫子,5丁目,8番,,,,,,,,,,,月木,,,,,,,,,,,,,金,,,,,,,,,,,,,,,,,,,,,,,火,,,,,,,,,,,,,,,,,,火,,
住吉区,我孫子,5丁目,9番,,,,,,,,,,,月木,,,,,,,,,,,,金,,,,,,,,,,,,,,,,,,,,,,,,火,,,,,,,,,,,,,,,,,,火,,
住吉区,我孫子,5丁目,10番,,,,,,,,,,,月木,,,,,,,,,,,,金,,,,,,,,,,,,,,,,,,,,,,,,火,,,,,,,,,,,,,,,,,,火,,
住吉区,我孫子,5丁目,11番,,,,,,,,,,,月木,,,,,,,,,,,,,金,,,,,,,,,,,,,,,,,,,,,,,火,,,,,,,,,,,,,,,,,,火,,
住吉区,我孫子,5丁目,12番,,,,,,,,,,,月木,,,,,,,,,,,,金,,,,,,,,,,,,,,,,,,,,,,,,火,,,,,,,,,,,,,,,,,,火,,
住吉区,我孫子,5丁目,13番,,,,,,,,,,,月木,,,,,,,,,,,,,金,,,,,,,,,,,,,,,,,,,,,,,火,,,,,,,,,,,,,,,,,,火,,
住吉区,我孫子,5丁目,14番,,,,,,,,,,,月木,,,,,,,,,,,,,金,,,,,,,,,,,,,,,,,,,,,,,火,,,,,,,,,,,,,,,,,,火,,
住吉区,我孫子西,1丁目,1番,,,,,,,,,火金,,,,,,,,,,,,,,,,,,,,,,木,,,,,,,,,,,,,,,,,,,,月,,,,,,,,,,,,,,木,,
住吉区,我孫子西,1丁目,2番,,,,,,,,,火金,,,,,,,,,,,,,,,,,,,,,木,,,,,,,,,,,,,,,,,,,,月,,,,,,,,,,,,,,,木,,
住吉区,我孫子西,1丁目,3番,,,,,,,,,火金,,,,,,,,,,,,,,,,,,,,,木,,,,,,,,,,,,,,,,,,,,月,,,,,,,,,,,,,,,木,,
住吉区,我孫子西,1丁目,4番,,,,,,,,,火金,,,,,,,,,,,,,,,,,,,,,,木,,,,,,,,,,,,,,,,,,,月,,,,,,,,,,,,,,,木,,
住吉区,我孫子西,1丁目,5番,,,,,,,,,火金,,,,,,,,,,,,,,,,,,,,,,木,,,,,,,,,,,,,,,,,,,月,,,,,,,,,,,,,,,木,,
住吉区,我孫子西,1丁目,8番,,,,,,,,,火金,,,,,,,,,,,,,,,,,,,,,,木,,,,,,,,,,,,,,,,,,,,月,,,,,,,,,,,,,,木,,
住吉区,我孫子西,1丁目,9番,,,,,,,,,火金,,,,,,,,,,,,,,,,,,,,,,木,,,,,,,,,,,,,,,,,,,,月,,,,,,,,,,,,,,木,,
住吉区,我孫子西,1丁目,10番,,,,,,,,,火金,,,,,,,,,,,,,,,,,,,,,,木,,,,,,,,,,,,,,,,,,,,月,,,,,,,,,,,,,,木,,
住吉区,我孫子西,1丁目,11番,,,,,,,,,火金,,,,,,,,,,,,,,,,,,,,,,木,,,,,,,,,,,,,,,,,,,,月,,,,,,,,,,,,,,木,,
住吉区,我孫子西,1丁目,12番,,,,,,,,,火金,,,,,,,,,,,,,,,,,,,,,,木,,,,,,,,,,,,,,,,,,,,月,,,,,,,,,,,,,,木,,
住吉区,我孫子西,1丁目,13番,,,,,,,,,火金,,,,,,,,,,,,,,,,,,,,,,木,,,,,,,,,,,,,,,,,,,月,,,,,,,,,,,,,,,木,,
住吉区,我孫子西,1丁目,14番,,,,,,,,,火金,,,,,,,,,,,,,,,,,,,,,木,,,,,,,,,,,,,,,,,,,,月,,,,,,,,,,,,,,,木,,
住吉区,我孫子西,1丁目,15番,,,,,,,,,火金,,,,,,,,,,,,,,,,,,,,,,木,,,,,,,,,,,,,,,,,,,月,,,,,,,,,,,,,,,木,,
住吉区,我孫子西,1丁目,16番,,,,,,,,,火金,,,,,,,,,,,,,,,,,,,,,,木,,,,,,,,,,,,,,,,,,,月,,,,,,,,,,,,,,,木,,
住吉区,我孫子西,1丁目,17番,24号,,,,,,,,,,,,,,,,火金,,,,,,木,,,,,,,,,,,,,,,,月,,,,,,,,,,,,,,,,,,,,,,,,,,木,,
住吉区,我孫子西,1丁目,17番,上記以外,,,,,,,,火金,,,,,,,,,,,,,,,,,,,,,,木,,,,,,,,,,,,,,,,,,,月,,,,,,,,,,,,,,,木,,
住吉区,我孫子西,2丁目,1番,,,,,,,,,火金,,,,,,,,,,,,,,,,,,,,,,木,,,,,,,,,,,,,,,,,,,月,,,,,,,,,,,,,,,木,,
住吉区,我孫子西,2丁目,2番,,,,,,,,,火金,,,,,,,,,,,,,,,,,,,,,木,,,,,,,,,,,,,,,,,,,,月,,,,,,,,,,,,,,,木,,
住吉区,我孫子西,2丁目,3番,,,,,,,,,火金,,,,,,,,,,,,,,木,,,,,,,,,,,,,,,,,,,,,,,,,,,月,,,,,,,,,,,,,,,木,,
住吉区,我孫子西,2丁目,4番,,,,,,,,,火金,,,,,,,,,,,,,,木,,,,,,,,,,,,,,,,,,,,,,,,,,,月,,,,,,,,,,,,,,,木,,
住吉区,我孫子西,2丁目,5番,,,,,,,,,火金,,,,,,,,,,,,,,,,,,,,,木,,,,,,,,,,,,,,,,,,,,月,,,,,,,,,,,,,,,木,,
住吉区,我孫子西,2丁目,6番,,,,,,,,,火金,,,,,,,,,,,,,,,,,,,,,木,,,,,,,,,,,,,,,,,,,,月,,,,,,,,,,,,,,,木,,
住吉区,我孫子西,2丁目,7番,,,,,,,,,火金,,,,,,,,,,,,,,,,,,,,,木,,,,,,,,,,,,,,,,,,,,月,,,,,,,,,,,,,,,木,,
住吉区,我孫子西,2丁目,8番,,,,,,,,,火金,,,,,,,,,,,,,,,,,,,,,木,,,,,,,,,,,,,,,,,,,,月,,,,,,,,,,,,,,,木,,
住吉区,我孫子西,2丁目,9番,,,,,,,,,火金,,,,,,,,,,,,,,,,,,,,,木,,,,,,,,,,,,,,,,,,,,月,,,,,,,,,,,,,,,木,,
住吉区,我孫子西,2丁目,10番,,,,,,,,,火金,,,,,,,,,,,,,,,,,,,,,木,,,,,,,,,,,,,,,,,,,,月,,,,,,,,,,,,,,,木,,
住吉区,我孫子西,2丁目,11番,,,,,,,,,火金,,,,,,,,,,,,,,木,,,,,,,,,,,,,,,,,,,,,,,,,,,月,,,,,,,,,,,,,,,木,,
住吉区,我孫子東,1丁目,1番,,,,,,,,,,,月木,,,,,,,,,,,,,,,,,,,,金,,,,,,,,,火,,,,,,,,,,,,,,,,,,,,,,,,,火,,
住吉区,我孫子東,1丁目,2番,,,,,,,,,,,月木,,,,,,,,,,,,,,,,,,,,金,,,,,,,,,火,,,,,,,,,,,,,,,,,,,,,,,,,火,,
住吉区,我孫子東,1丁目,3番,,,,,,,,,,,月木,,,,,,,,,,,,,,,,,,,,金,,,,,,,,,火,,,,,,,,,,,,,,,,,,,,,,,,,火,,
住吉区,我孫子東,1丁目,4番,,,,,,,,,,,月木,,,,,,,,,,,,,,,,,,,,金,,,,,,,,,火,,,,,,,,,,,,,,,,,,,,,,,,,火,,
住吉区,我孫子東,1丁目,5番,,,,,,,,,,,月木,,,,,,,,,,,,,,,,,,,,,金,,,,,,,,,,,,,,,,,,火,,,,,,,,,,,,,,,火,,
住吉区,我孫子東,1丁目,6番,,,,,,,,,,,月木,,,,,,,,,,,,,,,,,,,,金,,,,,,,,,火,,,,,,,,,,,,,,,,,,,,,,,,,火,,
住吉区,我孫子東,1丁目,7番,,,,,,,,,,,月木,,,,,,,,,,,,,,,,,,,,金,,,,,,,,,火,,,,,,,,,,,,,,,,,,,,,,,,,火,,
住吉区,我孫子東,1丁目,8番,,,,,,,,,,,月木,,,,,,,,,,,,,,,,,,,,金,,,,,,,,,,,,,,,,,,,火,,,,,,,,,,,,,,,火,,
住吉区,我孫子東,1丁目,9番,,,,,,,,,,,月木,,,,,,,,,,,,,,,,,,,,金,,,,,,,,火,,,,,,,,,,,,,,,,,,,,,,,,,,火,,
住吉区,我孫子東,1丁目,10番,,,,,,,,,,,月木,,,,,,,,,,,,,,,,,,,,,,,金,,,,,,,火,,,,,,,,,,,,,,,,,,,,,,,,火,,
住吉区,我孫子東,1丁目,11番,,,,,,,,,,,月木,,,,,,,,,,,,,,,,,,,,,,金,,,,,,,火,,,,,,,,,,,,,,,,,,,,,,,,,火,,
住吉区,我孫子東,1丁目,12番,,,,,,,,,,,月木,,,,,,,,,,,,,,,,,,,,,,金,,,,,,,,,,,,,,,,,火,,,,,,,,,,,,,,,火,,
住吉区,我孫子東,1丁目,13番,,,,,,,,,,,月木,,,,,,,,,,,,,,,,,,,,,,,金,,,,,,,,,,,,,,,,火,,,,,,,,,,,,,,,火,,
住吉区,我孫子東,2丁目,1番,12~20号,,,,,,,,,,,,,,,月木,,,,,,,,,,,,,,,,,金,,,,,,,,,,,,,,,,,火,,,,,,,,,,,,,,,火,,
住吉区,我孫子東,2丁目,1番,上記以外,,,,,,,,,,月木,,,,,,,,,,,,,,,,,,,,,,金,,,,,,,,,,,,,,,,,火,,,,,,,,,,,,,,,火,,
住吉区,我孫子東,2丁目,2番,,,,,,,,,,,月木,,,,,,,,,,,,,,,,,,,,,,,金,,,,,,,,,,,,,,,,火,,,,,,,,,,,,,,,火,,
住吉区,我孫子東,2丁目,3番,4~12号,,,,,,,,,,,,,,,月木,,,,,,,,,,,,,,,,,,金,,,,,,,,,,,,,,,火,,,,,,,,,,,,,,,,火,,
住吉区,我孫子東,2丁目,3番,上記以外,,,,,,,,,,月木,,,,,,,,,,,,,,,,,,,,,,,金,,,,,,,,,,,,,,,火,,,,,,,,,,,,,,,,火,,
住吉区,我孫子東,2丁目,4番,,,,,,,,,,,月木,,,,,,,,,,,,,,,,,,,,,,,金,,,,,,,,,,,,火,,,,,,,,,,,,,,,,,,,火,,
住吉区,我孫子東,2丁目,5番,,,,,,,,,,,月木,,,,,,,,,,,,,,,,,,,,,,,金,,,,,,,,,,,,,,,火,,,,,,,,,,,,,,,,火,,
住吉区,我孫子東,2丁目,6番,,,,,,,,,,,,,,,,,月木,,,,,,,,,,,,,,,,,金,,,,,,,,,,,,,,,,火,,,,,,,,,,,,,,,火,,
住吉区,我孫子東,2丁目,7番,,,,,,,,,,,月木,,,,,,,,,,,,,,,,,,,,金,,,,,,,,,,,,,,,火,,,,,,,,,,,,,,,,,,,火,,
住吉区,我孫子東,2丁目,8番,,,,,,,,,,,月木,,,,,,,,,,,,,,,,,,,,,,,金,,,,,,,,,,,,火,,,,,,,,,,,,,,,,,,,火,,
住吉区,我孫子東,2丁目,9番,,,,,,,,,,,月木,,,,,,,,,,,,,,,,,,,金,,,,,,,,,,,火,,,,,,,,,,,,,,,,,,,,,,,,火,,
住吉区,我孫子東,2丁目,10番,5号,,,,,,,,,,,,,,,,,月木,,,,,,金,,,,,,,,,,,,,,,,,,,,,,,火,,,,,,,,,,,,,,,,,,火,,
住吉区,我孫子東,2丁目,10番,上記以外,,,,,,,,,,月木,,,,,,,,,,,,,金,,,,,,,,,,,,,,,,,,,,,,,火,,,,,,,,,,,,,,,,,,火,,
住吉区,我孫子東,3丁目,1番,軽四輪車(小さい車)で収集している地域,,,,,,,,,,,,,,,,,月木,,,,,,金,,,,,,,,,,,,,,,,,,,,,,,,火,,,,,,,,,,,,,,,,,火,,
住吉区,我孫子東,3丁目,1番,上記以外,,,,,,,,,,,,,,,,,月木,,,,,,金,,,,,,,,,,,,,,,,,,,,,,,,火,,,,,,,,,,,,,,,,,火,,
住吉区,我孫子東,3丁目,2番,,,,,,,,,,,,,,,,,,月木,,,,,,金,,,,,,,,,,,,,,,,,,,,,,,火,,,,,,,,,,,火,,,,,,,,,
住吉区,我孫子東,3丁目,3番,,,,,,,,,,,,,,,,,,月木,,,,,,金,,,,,,,,,,,,,,,,,,,,,,,火,,,,,,,,,,,火,,,,,,,,,
住吉区,我孫子東,3丁目,4番,,,,,,,,,,,,,,,,,,月木,,,,,,金,,,,,,,,,,,,,,,,,,,,,,,火,,,,,,,,,,,火,,,,,,,,,
住吉区,我孫子東,3丁目,5番,,,,,,,,,,,,,,,,,,月木,,,,,,,金,,,,,,,,,,,,,,,,,,,,,,火,,,,,,,,,,,火,,,,,,,,,
住吉区,我孫子東,3丁目,6番,,,,,,,,,,,,,,,,,,月木,,,,,,,金,,,,,,,,,,,,,,,,,,,,,,火,,,,,,,,,,,火,,,,,,,,,
住吉区,我孫子東,3丁目,7番,,,,,,,,,,,,,,,,,,月木,,,,,,金,,,,,,,,,,,,,,,,,,,,,,,火,,,,,,,,,,,火,,,,,,,,,
住吉区,我孫子東,3丁目,8番,,,,,,,,,,,,,,,,,,月木,,,,,,,金,,,,,,,,,,,,,,,,,,,,,,火,,,,,,,,,,,火,,,,,,,,,
住吉区,我孫子東,3丁目,9番,,,,,,,,,,,,,,,,,,月木,,,,,,,金,,,,,,,,,,,,,,,,,,,,,,火,,,,,,,,,,,火,,,,,,,,,
住吉区,我孫子東,3丁目,10番,,,,,,,,,,,,,,,,,,月木,,,,,,,金,,,,,,,,,,,,,,,,,,,,,,火,,,,,,,,,,,火,,,,,,,,,
住吉区,我孫子東,3丁目,11番,,,,,,,,,,,,,,,,,,月木,,,,,,,金,,,,,,,,,,,,,,,,,,,,,,,,火,,,,,,,,,火,,,,,,,,,
住吉区,我孫子東,3丁目,12番,,,,,,,,,,,,,,,,,,月木,,,,,,,金,,,,,,,,,,,,,,,,,,,,,,,,火,,,,,,,,,火,,,,,,,,,
住吉区,我孫子東,3丁目,13番,,,,,,,,,,,,,,,,,,月木,,,,,,,金,,,,,,,,,,,,,,火,,,,,,,,,,,,,,,,,,,火,,,,,,,,,
住吉区,我孫子東,3丁目,14番,,,,,,,,,,,,,,,,,,月木,,,,,,金,,,,,,,,,,,,,,,,,,,,,,,,火,,,,,,,,,,火,,,,,,,,,
住吉区,上住吉,1丁目,1番,3~6号,,,,,,火金,,,,,,,,,,,,,,,,,,,,,,,,,,木,,,,,,,月,,,,,,,,,,,,,,,,,,,,,,,,,木,,
住吉区,上住吉,1丁目,1番,上記以外,,,,,,,,,,火金,,,,,,,,,,,,,,,,,,,,,,木,,,,,,,月,,,,,,,,,,,,,,,,,,,,,,,,,木,,
住吉区,上住吉,1丁目,2番,,,,,,,火金,,,,,,,,,,,,,,,,,,,,,,,,,,木,,,,,,,月,,,,,,,,,,,,,,,,,,,,,,,,,木,,
住吉区,上住吉,1丁目,3番,,,,,,,,,火金,,,,,,,,,,,,,,,,,,,,,木,,,,,,,,,月,,,,,,,,,,,,,,,,,,,,,,,,,,木,,
住吉区,上住吉,1丁目,4番,,,,,,,,,火金,,,,,,,,,,,,,,,,,,,,,木,,,,,,,,,月,,,,,,,,,,,,,,,,,,,,,,,,,,木,,
住吉区,上住吉,1丁目,5番,軽四輪車(小さい車)で収集している地域,,,,,,,火金,,,,,,,,,,,,,,,,,木,,,,,,,,,,,,,,月,,,,,,,,,,,,,,,,,,,,,,,,,,木,,
住吉区,上住吉,1丁目,5番,上記以外,,,,,,,,火金,,,,,,,,,,,,,,,,木,,,,,,,,,,,,,,月,,,,,,,,,,,,,,,,,,,,,,,,,,木,,
住吉区,上住吉,1丁目,6番,軽四輪車(小さい車)で収集している地域,,,,,,,火金,,,,,,,,,,,,,,,,,木,,,,,,,,,,,,,,月,,,,,,,,,,,,,,,,,,,,,,,,,,木,,
住吉区,上住吉,1丁目,6番,9~21号,,,,,,,,火金,,,,,,,,,,,,,,,,,,,,,,,木,,,,,,,月,,,,,,,,,,,,,,,,,,,,,,,,,,木,,
住吉区,上住吉,1丁目,6番,上記以外,,,,,,火金,,,,,,,,,,,,,,,,,,,,,,,,,木,,,,,,,月,,,,,,,,,,,,,,,,,,,,,,,,,,木,,
住吉区,上住吉,1丁目,7番,1~33号,,,,,,火金,,,,,,,,,,,,,,,,,,,,,,,,,木,,,,,,,,月,,,,,,,,,,,,,,,,,,,,,,,,,木,,
住吉区,上住吉,1丁目,7番,上記以外,,,,,,,,,,火金,,,,,,,,,,,,,,,,,,,,,木,,,,,,,,月,,,,,,,,,,,,,,,,,,,,,,,,,木,,
住吉区,上住吉,1丁目,8番,,,,,,,,,,,火金,,,,,,,,,,,,,,,,,,,,,木,,,,,,,,月,,,,,,,,,,,,,,,,,,,,,,,,,木,,
住吉区,上住吉,1丁目,9番,,,,,,,,,,,火金,,,,,,,,,,,,,,,,,,,,,木,,,,,,,,月,,,,,,,,,,,,,,,,,,,,,,,,,木,,
住吉区,上住吉,1丁目,10番,,,,,,,,,,,火金,,,,,,,,,,,,,,木,,,,,,,,,,,,,,月,,,,,,,,,,,,,,,,,,,,,,,,,,木,,
住吉区,上住吉,1丁目,11番,軽四輪車(小さい車)で収集している地域,,,,,,,火金,,,,,,,,,,,,,,,,,木,,,,,,,,,,,,,,月,,,,,,,,,,,,,,,,,,,木,,,,,,,,,
住吉区,上住吉,1丁目,11番,上記以外,,,,,,,,,,火金,,,,,,,,,,,,,,,,,,,,,木,,,,,,,月,,,,,,,,,,,,,,,,,,,木,,,,,,,,,
住吉区,上住吉,1丁目,12番,,,,,,,,,,,火金,,,,,,,,,,,,,,,,,,,,,木,,,,,,,月,,,,,,,,,,,,,,,,,,,木,,,,,,,,,
住吉区,上住吉,2丁目,1番,軽四輪車(小さい車)で収集している地域,,,,,,,,,火金,,,,,,,,,,,,,,,,,,,,木,,,,,,,,,,月,,,,,,,,,,,,,,,,,,木,,,,,,,,,
住吉区,上住吉,2丁目,1番,上記以外,,,,,,,,,,火金,,,,,,,,,,,,,,,,,,,,,,木,,,,,,,月,,,,,,,,,,,,,,,,,,木,,,,,,,,,
住吉区,上住吉,2丁目,2番,,,,,,,,,,,火金,,,,,,,,,,,,,,,,,,,,,木,,,,,,,,,月,,,,,,,,,,,,,,,,,木,,,,,,,,,
住吉区,上住吉,2丁目,3番,軽四輪車(小さい車)で収集している地域,,,,,,火金,,,,,,,,,,,,,,,,,,,,,,,木,,,,,,,,,,,,,,,,月,,,,,,,,,,,,木,,,,,,,,,
住吉区,上住吉,2丁目,3番,1~7･24~33号,,,,,,,,,,火金,,,,,,,,,,,,,,,,,,,,,木,,,,,,,,,月,,,,,,,,,,,,,,,,,木,,,,,,,,,
住吉区,上住吉,2丁目,3番,上記以外,,,,,,火金,,,,,,,,,,,,,,,,,,,,,,,,,木,,,,,,,,,,,,,,月,,,,,,,,,,,,木,,,,,,,,,
住吉区,上住吉,2丁目,4番,軽四輪車(小さい車)で収集している地域,,,,,,,,,火金,,,,,,,,,,,,,,,,,,,,木,,,,,,,,,,,,,,,,月,,,,,,,,,,,,木,,,,,,,,,
住吉区,上住吉,2丁目,4番,上記以外,,,,,,,,,,火金,,,,,,,,,,,,,,,,,,,,,木,,,,,,,月,,,,,,,,,,,,,,,,,,,木,,,,,,,,,
住吉区,上住吉,2丁目,5番,,,,,,,,,,,火金,,,,,,,,,,,,,,,,,,,木,,,,,,,,,月,,,,,,,,,,,,,,,,,,,木,,,,,,,,,
住吉区,上住吉,2丁目,6番,軽四輪車(小さい車)で収集している地域,,,,,,火金,,,,,,,,,,,,,,,,,,,,,,,木,,,,,,,,,月,,,,,,,,,,,,,,,,,,,木,,,,,,,,,
住吉区,上住吉,2丁目,6番,上記以外,,,,,,,,,,火金,,,,,,,,,,,,,,,,,,,木,,,,,,,,,,,,,,,,月,,,,,,,,,,,,木,,,,,,,,,
住吉区,上住吉,2丁目,7番,9~20号,,,,,,,,,,火金,,,,,,,,,,,,,,,,,,,,,木,,,,,,,,,月,,,,,,,,,,,,,,,,,木,,,,,,,,,
住吉区,上住吉,2丁目,7番,上記以外,,,,,,火金,,,,,,,,,,,,,,,,,,,,,,,,,木,,,,,,,,,月,,,,,,,,,,,,,,,,,木,,,,,,,,,
住吉区,上住吉,2丁目,8番,,,,,,,火金,,,,,,,,,,,,,,,,,,,,,,,,,木,,,,,,,,,月,,,,,,,,,,,,,,,,,木,,,,,,,,,
住吉区,上住吉,2丁目,9番,,,,,,,火金,,,,,,,,,,,,,,,,,,,,,,,,,木,,,,,,,,,月,,,,,,,,,,,,,,,,,木,,,,,,,,,
住吉区,上住吉,2丁目,10番,,,,,,,火金,,,,,,,,,,,,,,,,,,,,,,,,,木,,,,,,,,,月,,,,,,,,,,,,,,,,,木,,,,,,,,,
住吉区,上住吉,2丁目,11番,,,,,,,火金,,,,,,,,,,,,,,,,,,,,,,,木,,,,,,,,,,月,,,,,,,,,,,,,,,,,,木,,,,,,,,,
住吉区,上住吉,2丁目,12番,1~13号,,,,,,,,,,火金,,,,,,,,,,,,,,,,,,,,,,,,木,,,,,月,,,,,,,,,,,,,,,,,,木,,,,,,,,,
住吉区,上住吉,2丁目,12番,上記以外,,,,,,,火金,,,,,,,,,,,,,,,,,,,,,,,,,,,木,,,,,月,,,,,,,,,,,,,,,,,,木,,,,,,,,,
住吉区,上住吉,2丁目,13番,12~16号,,,,,,,火金,,,,,,,,,,,,,,,,,,,,,,,,,,木,,,,,,月,,,,,,,,,,,,,,,,,,木,,,,,,,,,
住吉区,上住吉,2丁目,13番,上記以外,,,,,,,,,,火金,,,,,,,,,,,,,,,,,,,,,,,木,,,,,,月,,,,,,,,,,,,,,,,,,木,,,,,,,,,
住吉区,上住吉,2丁目,14番,軽四輪車(小さい車)で収集している地域,,,,,,,,,,火金,,,,,,,,,,,,,,,,,,,,,,,,木,,,,月,,,,,,,,,,,,,,,,,,,木,,,,,,,,,
住吉区,上住吉,2丁目,14番,1~5号,,,,,,火金,,,,,,,,,,,,,,,,,,,,,,,,,,,,木,,,,月,,,,,,,,,,,,,,,,,,,木,,,,,,,,,
住吉区,上住吉,2丁目,14番,上記以外,,,,,,,,,,火金,,,,,,,,,,,,,,,,,,,,,,,,木,,,,,,,,,,,月,,,,,,,,,,,,木,,,,,,,,,
住吉区,上住吉,2丁目,15番,軽四輪車(小さい車)で収集している地域,,,,,,,,,,,火金,,,,,,,,,,,,,,木,,,,,,,,,,,,,月,,,,,,,,,,,,,,,,,,,木,,,,,,,,,
住吉区,上住吉,2丁目,15番,上記以外,,,,,,,,,,火金,,,,,,,,,,,,,,,,,,,,,,,木,,,,,,,,,,,,月,,,,,,,,,,,,木,,,,,,,,,
住吉区,上住吉,2丁目,16番,軽四輪車(小さい車)で収集している地域,,,,,,,火金,,,,,,,,,,,,,,,,,,,,,,,,,,木,,,,,月,,,,,,,,,,,,,,,,,,,木,,,,,,,,,
住吉区,上住吉,2丁目,16番,22~29号,,,,,,火金,,,,,,,,,,,,,,,,,,,,,,,,,,,木,,,,,,,,,,,,月,,,,,,,,,,,,木,,,,,,,,,
住吉区,上住吉,2丁目,16番,上記以外,,,,,,,,,,水土,,,,,,,,,,,,,,,,,,,,,,,木,,,,,,,,,,,,月,,,,,,,,,,,,木,,,,,,,,,
住吉区,遠里小野,1丁目,2番,,,,,,,,,,,水土,,,,,,,,,,,,,,,金,,,,,,,,,,,,,,,,,,,,火,,,,,,,,,,,,,,,,,,,木,,
住吉区,遠里小野,1丁目,3番,,,,,,,,,,,水土,,,,,,,,,,,,金,,,,,,,,,,,,,,,,,,,,,,,火,,,,,,,,,,,,,,,,,,,木,,
住吉区,遠里小野,1丁目,4番,4~16号,,,,,,,,,,水土,,,,,,,,,,,,金,,,,,,,,,,,,,,,,,,,,,,,火,,,,,,,,,,,,,,,,,,,木,,
住吉区,遠里小野,1丁目,4番,上記以外,,,,,,,,水土,,,,,,,,,,,,,,金,,,,,,,,,,,,,,,,,,,,,,,火,,,,,,,,,,,,,,,,,,,木,,
住吉区,遠里小野,1丁目,5番,1~3号,,,,,,,,,,水土,,,,,,,,,,,,金,,,,,,,,,,,,,,,,,,,,,,,火,,,,,,,,,,,,,,,,,,,木,,
住吉区,遠里小野,1丁目,5番,上記以外,,,,,,,,水土,,,,,,,,,,,,,,金,,,,,,,,,,,,,,,,,,,,,,,火,,,,,,,,,,,,,,,,,,,木,,
住吉区,遠里小野,1丁目,6番,,,,,,,,,水土,,,,,,,,,,,,,,金,,,,,,,,,,,,,,,,,,,,,,,火,,,,,,,,,,,,,,,,,,,木,,
住吉区,遠里小野,1丁目,7番,,,,,,,,,水土,,,,,,,,,,,,,,金,,,,,,,,,,,,,,,,,,,,,,,火,,,,,,,,,,,,,,,,,,,木,,
住吉区,遠里小野,1丁目,8番,,,,,,,,,水土,,,,,,,,,,,,,,金,,,,,,,,,,,,,,,,,,,,,,,火,,,,,,,,,,,,,,,,,,,木,,
住吉区,遠里小野,1丁目,9番,22~32号,,,,,,,,,,水土,,,,,,,,,,,,金,,,,,,,,,,,,,,,,,,,,,,,火,,,,,,,,,,,,,,,,,,,木,,
住吉区,遠里小野,1丁目,9番,上記以外,,,,,,,,水土,,,,,,,,,,,,,,金,,,,,,,,,,,,,,,,,,,,,,,火,,,,,,,,,,,,,,,,,,,木,,
住吉区,遠里小野,1丁目,10番,,,,,,,,,,,水土,,,,,,,,,,,,金,,,,,,,,,,,,,,,,,,,,,,,火,,,,,,,,,,,,,,,,,,,木,,
住吉区,遠里小野,1丁目,11番,,,,,,,,,,,水土,,,,,,,,,,,,金,,,,,,,,,,,,,,,,,,,,,,,火,,,,,,,,,,,,,,,,,,,木,,
住吉区,遠里小野,1丁目,12番,,,,,,,,,,,水土,,,,,,,,,,,,金,,,,,,,,,,,,,,,,,,,,,,,火,,,,,,,,,,,,,,,,,,,木,,
住吉区,遠里小野,2丁目,1番,,,,,,,,,,,,,,,,,,月木,,,,,金,,,,,,,,,,,,,,,,,,,,,,,火,,,,,,,,,,,,,,,,,,,,,
住吉区,遠里小野,2丁目,2番,,,,,,,,,,,,,,,,,,月木,,,,,金,,,,,,,,,,,,,,,,,,,,,,,火,,,,,,,,,,,,,,,,,,,,,
住吉区,遠里小野,2丁目,4番,43~45号,,,,,,,,,,,,,,,,,月木,,,,,,金,,,,,,,,,,,,,,,,,,,,,,,火,,,,,,,,,,,,,,,,,,,,
住吉区,遠里小野,2丁目,4番,上記以外,,,,,,,,,,月木,,,,,,,,,,,,,金,,,,,,,,,,,,,,,,,,,,,,,火,,,,,,,,,,,,,,,,,,,,
住吉区,遠里小野,2丁目,5番,,,,,,,,,,,月木,,,,,,,,,,,,,金,,,,,,,,,,,,,,,,,,,,,,,火,,,,,,,,,,,,,,,,,,,,
住吉区,遠里小野,2丁目,6番,,,,,,,,,,,月木,,,,,,,,,,,,,金,,,,,,,,,,,,,,,火,,,,,,,,,,,,,,,,,,,,,,,,,,,,
住吉区,遠里小野,2丁目,7番,24号,,,,,,,,,,,,,,,,,月木,,,,,金,,,,,,,,,,,,,,,,火,,,,,,,,,,,,,,,,,,,,,,,,,,,,
住吉区,遠里小野,2丁目,7番,上記以外,,,,,,,,,,月木,,,,,,,,,,,,金,,,,,,,,,,,,,,,,火,,,,,,,,,,,,,,,,,,,,,,,,,,,,
住吉区,遠里小野,2丁目,9番,16~18号,,,,,,,,,,月木,,,,,,,,,,,,金,,,,,,,,,,,,,,,,,,,,,,,火,,,,,,,,,,,,,,,,,,,,,
住吉区,遠里小野,2丁目,9番,上記以外,,,,,,,,,,,,,,,,,月木,,,,,金,,,,,,,,,,,,,,,,,,,,,,,火,,,,,,,,,,,,,,,,,,,,,
住吉区,遠里小野,2丁目,10番,,,,,,,,,,,,,,,,,,月木,,,,,金,,,,,,,,,,,,,,,,,,,,,,,火,,,,,,,,,,,,,,,,,,,,,
住吉区,遠里小野,2丁目,12番,,,,,,,,,,,,,,,,,,月木,,,,,金,,,,,,,,,,,,,,,,,,,,,,,火,,,,,,,,,,,,,,,,,,,,,
住吉区,遠里小野,2丁目,13番,,,,,,,,,,,,,,,,,,月木,,,,,金,,,,,,,,,,,,,,,,,,,,,,,,火,,,,,,,,,,,,,,,,,,,,
住吉区,遠里小野,2丁目,14番,,,,,,,,,,,,,,,,,,月木,,,,,,金,,,,,,,,,,,,,,,,,,,,,,火,,,,,,,,,,,,,,,,,,,,,
住吉区,遠里小野,2丁目,15番,,,,,,,,,,,月木,,,,,,,,,,,,金,,,,,,,,,,,,,,,,,,,,,,,火,,,,,,,,,,,,,,,,,,,,,
住吉区,遠里小野,3丁目,1番,軽四輪車(小さい車)で収集している地域,,,,,,,,,,,,,,,,月木,,,,,,金,,,,,,,,,,,,,,,,火,,,,,,,,,,,,,,,,,,,,,,,,,,,,
住吉区,遠里小野,3丁目,1番,上記以外,,,,,,,,,,月木,,,,,,,,,,,,,金,,,,,,,,,,,,,,,,,,,,,,火,,,,,,,,,,,,,,,,,,,,,
住吉区,遠里小野,3丁目,2番,軽四輪車(小さい車)で収集している地域,,,,,,,,,,,,,,,,月木,,,,,,金,,,,,,,,,,,,,,,,火,,,,,,,,,,,,,,,,,,,,,,,,,,,,
住吉区,遠里小野,3丁目,2番,上記以外,,,,,,,,,,月木,,,,,,,,,,,,,金,,,,,,,,,,,,,,,,,,,,,,火,,,,,,,,,,,,,,,,,,,,,
住吉区,遠里小野,3丁目,3番,軽四輪車(小さい車)で収集している地域,,,,,,,,,,,,,,,,月木,,,,,,,金,,,,,,,,,,,,,,,,,,,,,,,火,,,,,,,,,,,,,,,,,,,,
住吉区,遠里小野,3丁目,3番,上記以外,,,,,,,,,,月木,,,,,,,,,,,,,金,,,,,,,,,,,,,,,,,,,,,,,火,,,,,,,,,,,,,,,,,,,,
住吉区,遠里小野,3丁目,4番,,,,,,,,,,,月木,,,,,,,,,,,,金,,,,,,,,,,,,,,,,,,,,,,,火,,,,,,,,,,,,,,,,,,,,,
住吉区,遠里小野,3丁目,5番,,,,,,,,,,,月木,,,,,,,,,,,,,金,,,,,,,,,,,,,,,,,,,,,,火,,,,,,,,,,,,,,,,,,,,,
住吉区,遠里小野,3丁目,6番,軽四輪車(小さい車)で収集している地域,,,,,,,,,,,,,,,月木,,,,,,,金,,,,,,,,,,,,,,,,火,,,,,,,,,,,,,,,,,,,,,,,,,,,,
住吉区,遠里小野,3丁目,6番,上記以外,,,,,,,,,,月木,,,,,,,,,,,,,金,,,,,,,,,,,,,,,,,,,,,,,火,,,,,,,,,,,,,,,,,,,,
住吉区,遠里小野,3丁目,7番,,,,,,,,,,,月木,,,,,,,,,,,,金,,,,,,,,,,,,,,,,,,,,,,,火,,,,,,,,,,,,,,,,,,,,,
住吉区,遠里小野,3丁目,8番,,,,,,,,,,,月木,,,,,,,,,,,,金,,,,,,,,,,,,,,,,,,,,,,,,火,,,,,,,,,,,,,,,,,,,,
住吉区,遠里小野,3丁目,9番,軽四輪車(小さい車)で収集している地域,,,,,,,,,,,,,,,月木,,,,,,,,金,,,,,,,,,,,,,,,,火,,,,,,,,,,,,,,,,,,,,,,,,,,,
住吉区,遠里小野,3丁目,9番,上記以外,,,,,,,,,,月木,,,,,,,,,,,,,金,,,,,,,,,,,,,,,,,,,,,,,火,,,,,,,,,,,,,,,,,,,,
住吉区,遠里小野,3丁目,10番,,,,,,,,,,,月木,,,,,,,,,,,,,金,,,,,,,,,,,,,,,,,,,,,,,火,,,,,,,,,,,,,,,,,,,,
住吉区,遠里小野,3丁目,11番,,,,,,,,,,,,,,,,,,月木,,,,,,,金,,,,,,,,,,,,,,,,,,,,,,火,,,,,,,,,,,,,,,,,,,,
住吉区,遠里小野,3丁目,12番,,,,,,,,,,,,,,,,,,月木,,,,,,金,,,,,,,,,,,,,,,,,,,,,,,火,,,,,,,,,,,,,,,,,,,,
住吉区,遠里小野,3丁目,13番,,,,,,,,,,,月木,,,,,,,,,,,,金,,,,,,,,,,,,,,,,,,,,,,,,火,,,,,,,,,,,,,,,,,,,,
住吉区,遠里小野,3丁目,14番,,,,,,,,,,,月木,,,,,,,,,,,,,金,,,,,,,,,,,,,,,,,,,,,,,火,,,,,,,,,,,,,,,,,,,,
住吉区,遠里小野,3丁目,15番,,,,,,,,,,,月木,,,,,,,,,,,,,金,,,,,,,,,,,,,,,,,,,,,,,火,,,,,,,,,,,,,,,,,,,,
住吉区,遠里小野,3丁目,16番,,,,,,,,,,,月木,,,,,,,,,,,,,,金,,,,,,,,,,,,,,,,,,,,,,火,,,,,,,,,,,,,,,,,,,,
住吉区,遠里小野,4丁目,1番,,,,,,,,,,,,,,,,,,水土,,,,,,,木,,,,,,,,,,,,,,,,,月,,,,,,,,,,,,,,,,,,,,,,,金,,
住吉区,遠里小野,4丁目,2番,,,,,,,,,,,,,,,,,,水土,,,,,,木,,,,,,,,,,,,,,,,,,,月,,,,,,,,,,,,,,,,,,,,,,金,,
住吉区,遠里小野,4丁目,3番,,,,,,,,,,,,,,,,,,水土,,,,,,木,,,,,,,,,,,,,,,,,,,,,,,,,,月,,,,,,,,,,,,,,,金,,
住吉区,遠里小野,4丁目,4番,,,,,,,,,,,,,,,,,,水土,,,,,,木,,,,,,,,,,,,,,,,,,,,,,,,月,,,,,,,,,,,,,,,,,金,,
住吉区,遠里小野,4丁目,5番,,,,,,,,,,,,,,,,,,水土,,,,,,木,,,,,,,,,,,,,,,,,,,,,,,,,,月,,,,,,,,,,,,,,,金,,
住吉区,遠里小野,4丁目,6番,,,,,,,,,,,,,,,,,,水土,,,,,,木,,,,,,,,,,,,,,,,,,,,,,,,,,月,,,,,,,,,,,,,,,金,,
住吉区,遠里小野,4丁目,7番,,,,,,,,,,,,,,,,,,水土,,,,,,,木,,,,,,,,,,,,,,,,,,,,,,,,月,,,,,,,,,,,,,,,,金,,
住吉区,遠里小野,4丁目,8番,軽四輪車(小さい車)で収集している地域,,,,,,,,,,,,,,,,,水土,,,,,,木,,,,,,,,,,,,,,,,,,,,,,,,,,月,,,,,,,,,,,,,,,金,,
住吉区,遠里小野,4丁目,8番,上記以外,,,,,,,,,,,,,,,,,水土,,,,,,木,,,,,,,,,,,,,,,,,,,,,,,,,月,,,,,,,,,,,,,,,,金,,
住吉区,遠里小野,4丁目,9番,,,,,,,,,,,,,,,,,,水土,,,,,,木,,,,,,,,,,,,,,,,,,,,,,,,,,月,,,,,,,,,,,,,,,金,,
住吉区,遠里小野,4丁目,10番,,,,,,,,,,,,,,,,,,水土,,,,,,木,,,,,,,,,,,,,,,,,,,,,,,,,月,,,,,,,,,,,,,,,,金,,
住吉区,遠里小野,5丁目,1番,10~13号,,,,,,,,,,,,,,,,水土,,,,,,,木,,,,,,,,,,,,,,,,,,,,,,,,,月,,,,,,,,,,,,,,,,金,,
住吉区,遠里小野,5丁目,1番,上記以外,,,,,,,,水土,,,,,,,,,,,,,,,木,,,,,,,,,,,,,,,,,,,,,,,,,月,,,,,,,,,,,,,,,,金,,
住吉区,遠里小野,5丁目,2番,1･12･14･15号,,,,,,,,,,,,,,,,水土,,,,,,,木,,,,,,,,,,,,,,,,,,,,,,,,,月,,,,,,,,,,,,,,,,金,,
住吉区,遠里小野,5丁目,2番,上記以外,,,,,,,,水土,,,,,,,,,,,,,,,木,,,,,,,,,,,,,,,,,,,,,,,,,月,,,,,,,,,,,,,,,,金,,
住吉区,遠里小野,5丁目,3番,1~11･23~33号,,,,,,,,水土,,,,,,,,,,,,,,,,木,,,,,,,,,,,,,,,,,,,,,,,,月,,,,,,,,,,,,,,,,金,,
住吉区,遠里小野,5丁目,3番,上記以外,,,,,,,,,,,,,,,,水土,,,,,,,,木,,,,,,,,,,,,,,,,,,,,,,,,月,,,,,,,,,,,,,,,,金,,
住吉区,遠里小野,5丁目,4番,1~14･24号,,,,,,,,,,,,,,,,水土,,,,,,木,,,,,,,,,,,,,,,,,,,,,,,,,,月,,,,,,,,,,,,,,,,金,,
住吉区,遠里小野,5丁目,4番,上記以外,,,,,,,,水土,,,,,,,,,,,,,,木,,,,,,,,,,,,,,,,,,,,,,,,,,月,,,,,,,,,,,,,,,,金,,
住吉区,遠里小野,5丁目,5番,3~17･41号,,,,,,,,水土,,,,,,,,,,,,,,木,,,,,,,,,,,,,,,,,,,,,,,,,,月,,,,,,,,,,,,,,,,金,,
住吉区,遠里小野,5丁目,5番,上記以外,,,,,,,,,,,,,,,,水土,,,,,,木,,,,,,,,,,,,,,,,,,,,,,,,,,月,,,,,,,,,,,,,,,,金,,
住吉区,遠里小野,5丁目,6番,,,,,,,,,,,,,,,,,水土,,,,,,木,,,,,,,,,,,,,,,,,,,,,,,,,,月,,,,,,,,,,,,,,,,金,,
住吉区,遠里小野,5丁目,7番,24･25･27･30~33号,,,,,,,,水土,,,,,,,,,,,,,,,木,,,,,,,,,,,,,,,,,,,,,,,,,月,,,,,,,,,,,,,,,,金,,
住吉区,遠里小野,5丁目,7番,上記以外,,,,,,,,,,,,,,,,水土,,,,,,,木,,,,,,,,,,,,,,,,,,,,,,,,,月,,,,,,,,,,,,,,,,金,,
住吉区,遠里小野,5丁目,8番,3~15号,,,,,,,,水土,,,,,,,,,,,,,,木,,,,,,,,,,,,,,,,,,,,,,,,,,月,,,,,,,,,,,,,,,,金,,
住吉区,遠里小野,5丁目,8番,上記以外,,,,,,,,,,,,,,,,水土,,,,,,木,,,,,,,,,,,,,,,,,,,,,,,,,,月,,,,,,,,,,,,,,,,金,,
住吉区,遠里小野,5丁目,9番,1･3･24号,,,,,,,水土,,,,,,,,,,,,,,,木,,,,,,,,,,,,,,,,,,,,,,,,,,,月,,,,,,,,,,,,,,,金,,
住吉区,遠里小野,5丁目,9番,軽四輪車(小さい車)で収集している地域,,,,,,,水土,,,,,,,,,,,,,,,木,,,,,,,,,,,,,,,,,,,,,,,,,,,月,,,,,,,,,,,,,,,金,,
住吉区,遠里小野,5丁目,9番,上記以外,,,,,,,,,,,,,,,,水土,,,,,,木,,,,,,,,,,,,,,,,,,,,,,,,,,,月,,,,,,,,,,,,,,,金,,
住吉区,遠里小野,5丁目,10番,2~21･26号,,,,,,,水土,,,,,,,,,,,,,,,,,木,,,,,,,,,,,,,,,,,,,,,,,,,月,,,,,,,,,,,,,,,金,,
住吉区,遠里小野,5丁目,10番,上記以外,,,,,,,,,,,,,,,,水土,,,,,,,,木,,,,,,,,,,,,,,,,,,,,,,,,,月,,,,,,,,,,,,,,,金,,
住吉区,遠里小野,5丁目,11番,2~6･10･35号,,,,,,,,水土,,,,,,,,,,,,,,,,木,,,,,,,,,,,,,,,,,,,,,,,,月,,,,,,,,,,,,,,,,金,,
住吉区,遠里小野,5丁目,11番,上記以外,,,,,,,,,,,,,,,,水土,,,,,,,,木,,,,,,,,,,,,,,,,,,,,,,,,月,,,,,,,,,,,,,,,,金,,
住吉区,遠里小野,5丁目,12番,1~3号,,,,,,,,水土,,,,,,,,,,,,,,,,木,,,,,,,,,,,,,,,,,,,,,,,,,月,,,,,,,,,,,,,,,金,,
住吉区,遠里小野,5丁目,12番,上記以外,,,,,,,,,,,,,,,,水土,,,,,,,,木,,,,,,,,,,,,,,,,,,,,,,,,,月,,,,,,,,,,,,,,,金,,
住吉区,遠里小野,5丁目,13番,,,,,,,,水土,,,,,,,,,,,,,,,,木,,,,,,,,,,,,,,,,,,,,,,,,,月,,,,,,,,,,,,,,,,金,,
住吉区,遠里小野,5丁目,14番,,,,,,,,水土,,,,,,,,,,,,,,,,木,,,,,,,,,,,,,,,,,,,,,,,,月,,,,,,,,,,,,,,,,,金,,
住吉区,遠里小野,5丁目,15番,18~23号,,,,,,,水土,,,,,,,,,,,,,,,,,木,,,,,,,,,,,,,,,,,,,,,,,,月,,,,,,,,,,,,,,,,金,,
住吉区,遠里小野,5丁目,15番,上記以外,,,,,,,,,,,,,,,,水土,,,,,,,,木,,,,,,,,,,,,,,,,,,,,,,,,月,,,,,,,,,,,,,,,,金,,
住吉区,遠里小野,5丁目,16番,13～26号,,,,,,,水土,,,,,,,,,,,,,,,,,木,,,,,,,,,,,,,,,,,,,,,,,,,月,,,,,,,,,,,,,,,金,,
住吉区,遠里小野,5丁目,16番,上記以外,,,,,,,,,,,,,,,,水土,,,,,,,,木,,,,,,,,,,,,,,,,,,,,,,,,,月,,,,,,,,,,,,,,,金,,
住吉区,遠里小野,5丁目,17番,,,,,,,,,水土,,,,,,,,,,,,,,,,木,,,,,,,,,,,,,,,,,,,,,,,,,月,,,,,,,,,,,,,,,金,,
住吉区,遠里小野,5丁目,18番,20～23号,,,,,,,水土,,,,,,,,,,,,,,,,,木,,,,,,,,,,,,,,,,,,,,,,,,,月,,,,,,,,,,,,,,,金,,
住吉区,遠里小野,5丁目,18番,軽四輪車(小さい車)で収集している地域,,,,,,,水土,,,,,,,,,,,,,,,,,木,,,,,,,,,,,,,,,,,,,,,,,,,月,,,,,,,,,,,,,,,金,,
住吉区,遠里小野,5丁目,18番,上記以外,,,,,,,,,,,,,,,,水土,,,,,,,,木,,,,,,,,,,,,,,,,,,,,,,,,,月,,,,,,,,,,,,,,,金,,
住吉区,遠里小野,5丁目,19番,,,,,,,,,,,,,,,,,水土,,,,,,,木,,,,,,,,,,,,,,,,,,,,,,,,,,月,,,,,,,,,,,,,,,金,,
住吉区,遠里小野,5丁目,20番,,,,,,,,,,,,,,,,,水土,,,,,,,木,,,,,,,,,,,,,,,,,,,,,,,,,,月,,,,,,,,,,,,,,,金,,
住吉区,遠里小野,5丁目,21番,13~16号,,,,,,,,,,,,,,,,水土,,,,,,,,木,,,,,,,,,,,,,,,,,,,,,,,,,月,,,,,,,,,,,,,,,金,,
住吉区,遠里小野,5丁目,21番,上記以外,,,,,,,水土,,,,,,,,,,,,,,,,,木,,,,,,,,,,,,,,,,,,,,,,,,,月,,,,,,,,,,,,,,,金,,
住吉区,遠里小野,5丁目,22番,,,,,,,,,水土,,,,,,,,,,,,,,,,木,,,,,,,,,,,,,,,,,,,,,,,月,,,,,,,,,,,,,,,,,金,,
住吉区,遠里小野,5丁目,23番,21~28号,,,,,,,,水土,,,,,,,,,,,,,,,,木,,,,,,,,,,,,,,,,,,,,,,,,,月,,,,,,,,,,,,,,,金,,
住吉区,遠里小野,5丁目,23番,上記以外,,,,,,,,,,,,,,,,水土,,,,,,,,木,,,,,,,,,,,,,,,,,,,,,,,,,月,,,,,,,,,,,,,,,金,,
住吉区,遠里小野,6丁目,1番,,,,,,,,,水土,,,,,,,,,,,,,,木,,,,,,,,,,,,,,,,,,,,,,,,,,,月,,,,,,,,,,,,,,,金,,
住吉区,遠里小野,6丁目,2番,軽四輪車(小さい車)で収集している地域,,,,,,,,,,,,,,,,,水土,,,,,木,,,,,,,,,,,,,,,,,,,,,,,,,,,月,,,,,,,,金,,,,,,,,,
住吉区,遠里小野,6丁目,2番,上記以外,,,,,,,,水土,,,,,,,,,,,,,,木,,,,,,,,,,,,,,,,,,,,,,,,,,,月,,,,,,,,,,,,,,,金,,
住吉区,遠里小野,6丁目,3番,,,,,,,,,水土,,,,,,,,,,,,,,木,,,,,,,,,,,,,,,,月,,,,,,,,,,,,,,,,,,,,,,,,,,金,,
住吉区,遠里小野,6丁目,4番,軽四輪車(小さい車)で収集している地域,,,,,,,,,,,,,,,,,水土,,,,,木,,,,,,,,,,,,,,,,月,,,,,,,,,,,,,,,,,,,金,,,,,,,,,
住吉区,遠里小野,6丁目,4番,上記以外,,,,,,,,水土,,,,,,,,,,,,,,木,,,,,,,,,,,,,,,,月,,,,,,,,,,,,,,,,,,,,,,,,,,金,,
住吉区,遠里小野,6丁目,5番,,,,,,,,,水土,,,,,,,,,,,,,,木,,,,,,,,,,,,,,,,月,,,,,,,,,,,,,,,,,,,,,,,,,,金,,
住吉区,遠里小野,6丁目,7番,,,,,,,,,水土,,,,,,,,,,,,,,木,,,,,,,,,,,,,,,,,月,,,,,,,,,,,,,,,,,,,,,,,,,金,,
住吉区,遠里小野,6丁目,8番,1~14･19~26号,,,,,,,,水土,,,,,,,,,,,,,,木,,,,,,,,,,,,,,,,月,,,,,,,,,,,,,,,,,,,,,,,,,,金,,
住吉区,遠里小野,6丁目,8番,上記以外,,,,,,,,,,,,,,,,,水土,,,,,木,,,,,,,,,,,,,,,,月,,,,,,,,,,,,,,,,,,,,,,,,,,金,,
住吉区,遠里小野,6丁目,9番,,,,,,,,,水土,,,,,,,,,,,,,,木,,,,,,,,,,,,,,,,月,,,,,,,,,,,,,,,,,,,,,,,,,,金,,
住吉区,遠里小野,6丁目,10番,1.2.29号,,,,,,,,水土,,,,,,,,,,,,,,木,,,,,,,,,,,,,,,,月,,,,,,,,,,,,,,,,,,,,,,,,,,金,,
住吉区,遠里小野,6丁目,10番,上記以外,,,,,,,,,,,,,,,,,水土,,,,,木,,,,,,,,,,,,,,,,月,,,,,,,,,,,,,,,,,,,,,,,,,,金,,
住吉区,遠里小野,6丁目,11番,,,,,,,,,,,,,,,,,,水土,,,,,木,,,,,,,,,,,,,,,,月,,,,,,,,,,,,,,,,,,,,,,,,,,金,,
住吉区,遠里小野,6丁目,12番,2~14号,,,,,,,,,,,,,,,,,水土,,,,,,木,,,,,,,,,,,,,,,,月,,,,,,,,,,,,,,,,,,,,,,,,,金,,
住吉区,遠里小野,6丁目,12番,上記以外,,,,,,,,水土,,,,,,,,,,,,,,,木,,,,,,,,,,,,,,,,月,,,,,,,,,,,,,,,,,,,,,,,,,金,,
住吉区,遠里小野,6丁目,13番,10~14号,,,,,,,,,,,,,,,,,水土,,,,,,木,,,,,,,,,,,,,,,月,,,,,,,,,,,,,,,,,,,,,,,,,,金,,
住吉区,遠里小野,6丁目,13番,上記以外,,,,,,,,水土,,,,,,,,,,,,,,,木,,,,,,,,,,,,,,,月,,,,,,,,,,,,,,,,,,,,,,,,,,金,,
住吉区,遠里小野,6丁目,14番,7~12号,,,,,,,,水土,,,,,,,,,,,,,,,木,,,,,,,,,,,,,,,,,,,,,,,,,,月,,,,,,,,,,,,,,,金,,
住吉区,遠里小野,6丁目,14番,上記以外,,,,,,,,水土,,,,,,,,,,,,,,,木,,,,,,,,,,,,,,,,,,,,,,,,,,月,,,,,,,,,,,,,,,金,,
住吉区,遠里小野,6丁目,15番,1~15号,,,,,,水土,,,,,,,,,,,,,,,,木,,,,,,,,,,,,,,,,,,,,,,,,,,,月,,,,,,,,,,,,,,,金,,
住吉区,遠里小野,6丁目,15番,上記以外,,,,,,,,水土,,,,,,,,,,,,,,木,,,,,,,,,,,,,,,,,,,,,,,,,,,月,,,,,,,,,,,,,,,金,,
住吉区,遠里小野,6丁目,16番,3号,,,,,,水土,,,,,,,,,,,,,,,,木,,,,,,,,,,,,,,,,月,,,,,,,,,,,,,,,,,,,,,,,,,,金,,
住吉区,遠里小野,6丁目,16番,6~14号,,,,,,,,水土,,,,,,,,,,,,,,木,,,,,,,,,,,,,,,,月,,,,,,,,,,,,,,,,,,,,,,,,,,金,,
住吉区,遠里小野,6丁目,16番,上記以外,,,,,,,,,,,,,,,,,水土,,,,,木,,,,,,,,,,,,,,,,月,,,,,,,,,,,,,,,,,,,,,,,,,,金,,
住吉区,遠里小野,6丁目,17番,,,,,,,,,水土,,,,,,,,,,,,,,,木,,,,,,,,,,,,,,,,月,,,,,,,,,,,,,,,,,,,,,,,,,金,,
住吉区,遠里小野,7丁目,1番,軽四輪車(小さい車)で収集している地域,,,,,,,,,,,,,,,,水土,,,,,,,木,,,,,,,,,,,,,,,,,,,,,,,,,,月,,,,,,,,金,,,,,,,,,
住吉区,遠里小野,7丁目,1番,上記以外,,,,,,,,水土,,,,,,,,,,,,,,,木,,,,,,,,,,,,,,,,,,,,,,,,,,月,,,,,,,,,,,,,,,金,,
住吉区,遠里小野,7丁目,2番,4~14号,,,,,,,,,,,,,,,,,水土,,,,,,木,,,,,,,,,,,,,,,,,,,,,,,,,,月,,,,,,,,金,,,,,,,,,
住吉区,遠里小野,7丁目,2番,上記以外,,,,,,,,水土,,,,,,,,,,,,,,,木,,,,,,,,,,,,,,,,,,,,,,,,,,月,,,,,,,,金,,,,,,,,,
住吉区,遠里小野,7丁目,3番,,,,,,,,,,,,,,,,,,水土,,,,,,木,,,,,,,,,,,,,,,月,,,,,,,,,,,,,,,,,,,,,,,,,,金,,
住吉区,遠里小野,7丁目,4番,18~26号,,,,,,,,,,,,,,,,,水土,,,,,,木,,,,,,,,,,,,,,,,月,,,,,,,,,,,,,,,,,,,,,,,,,金,,
住吉区,遠里小野,7丁目,4番,上記以外,,,,,,,,水土,,,,,,,,,,,,,,,木,,,,,,,,,,,,,,,,月,,,,,,,,,,,,,,,,,,,,,,,,,金,,
住吉区,遠里小野,7丁目,6番,,,,,,,,,水土,,,,,,,,,,,,,,木,,,,,,,,,,,,,,,,月,,,,,,,,,,,,,,,,,,,,,,,,,,金,,
住吉区,遠里小野,7丁目,7番,,,,,,,,,水土,,,,,,,,,,,,,,木,,,,,,,,,,,,,,,,月,,,,,,,,,,,,,,,,,,,,,,,,,,金,,
住吉区,遠里小野,7丁目,8番,5~8･23~25号,,,,,,,,,,,,,,,,,水土,,,,,,木,,,,,,,,,,,,,,,月,,,,,,,,,,,,,,,,,,,,,,,,,,金,,
住吉区,遠里小野,7丁目,8番,上記以外,,,,,,,,水土,,,,,,,,,,,,,,,木,,,,,,,,,,,,,,,月,,,,,,,,,,,,,,,,,,,,,,,,,,金,,
住吉区,遠里小野,7丁目,9番,5号,,,,,,,,,,,,,,,,,水土,,,,,,木,,,,,,,,,,,,,,,,,,,,,,,,,,月,,,,,,,,,,,,,,,金,,
住吉区,遠里小野,7丁目,9番,上記以外,,,,,,,,水土,,,,,,,,,,,,,,,木,,,,,,,,,,,,,,,,,,,,,,,,,,月,,,,,,,,,,,,,,,金,,
住吉区,苅田,1丁目,1番,,,,,,,,,月木,,,,,,,,,,,,,,,,,,,,,,,,金,,,,,,,,,,,,,,,,,火,,,,,土,,,,,,,,,,,,
住吉区,苅田,1丁目,2番,,,,,,,,,月木,,,,,,,,,,,,,,,,,,,,,,,,金,,,,,,,,,,,,,,,,,火,,,,,土,,,,,,,,,,,,
住吉区,苅田,1丁目,3番,,,,,,,,,月木,,,,,,,,,,,,,,,,,,,,,,,,金,,,,,,,,,,,,,,,,,火,,,,,土,,,,,,,,,,,,
住吉区,苅田,1丁目,4番,,,,,,,月木,,,,,,,,,,,,,,,,,,,,,,,,,金,,,,,,,火,,,,,,,,,,,,,,,,土,,,,,,,,,,,,
住吉区,苅田,1丁目,5番,19~30号,,,,,,月木,,,,,,,,,,,,,,,,,,,,,,,,,,金,,,,,,火,,,,,,,,,,,,,,,,土,,,,,,,,,,,,
住吉区,苅田,1丁目,5番,上記以外,,,,,,,,月木,,,,,,,,,,,,,,,,,,,,,,,,金,,,,,,火,,,,,,,,,,,,,,,,土,,,,,,,,,,,,
住吉区,苅田,1丁目,6番,5~18号,,,,,,月木,,,,,,,,,,,,,,,,,,,,,,,,,金,,,,,,,火,,,,,,,,,,,,,,,,土,,,,,,,,,,,,
住吉区,苅田,1丁目,6番,上記以外,,,,,,,,月木,,,,,,,,,,,,,,,,,,,,,,,金,,,,,,,火,,,,,,,,,,,,,,,,土,,,,,,,,,,,,
住吉区,苅田,1丁目,7番,,,,,,,月木,,,,,,,,,,,,,,,,,,,,,,,,,金,,,,,,,火,,,,,,,,,,,,,,,,土,,,,,,,,,,,,
住吉区,苅田,1丁目,8番,,,,,,,月木,,,,,,,,,,,,,,,,,,,,,,,,,金,,,,,,,,,火,,,,,,,,,,,,,,土,,,,,,,,,,,,
住吉区,苅田,1丁目,9番,,,,,,,月木,,,,,,,,,,,,,,,,,,,,,,,,金,,,,,,,,,,火,,,,,,,,,,,,,,土,,,,,,,,,,,,
住吉区,苅田,1丁目,10番,,,,,,,月木,,,,,,,,,,,,,,,,,,,,,,,,,,金,,,,,,,,火,,,,,,,,,,,,,,土,,,,,,,,,,,,
住吉区,苅田,1丁目,12番,,,,,,,月木,,,,,,,,,,,,,,,,,,,,,,,,,金,,,,,,,,,火,,,,,,,,,,,,,,土,,,,,,,,,,,,
住吉区,苅田,1丁目,13番,,,,,,,,,月木,,,,,,,,,,,,,,,,,,,,,,金,,,,,,,,,火,,,,,,,,,,,,,,,土,,,,,,,,,,,,
住吉区,苅田,1丁目,14番,,,,,,,月木,,,,,,,,,,,,,,,,,,,,,,,,金,,,,,,,,,火,,,,,,,,,,,,,,,土,,,,,,,,,,,,
住吉区,苅田,1丁目,15番,,,,,,,月木,,,,,,,,,,,,,,,,,,,,,,,,金,,,,,,,,,火,,,,,,,,,,,,,,,土,,,,,,,,,,,,
住吉区,苅田,1丁目,16番,,,,,,,,月木,,,,,,,,,,,,,,,,,,,,,,,,,金,,,,,,,火,,,,,,,,,,,,,,,土,,,,,,,,,,,,
住吉区,苅田,2丁目,1番,,,,,,,月木,,,,,,,,,,,,,,,,,,,,,,,,金,,,,,,,,火,,,,,,,,,,,,,,,,土,,,,,,,,,,,,
住吉区,苅田,2丁目,2番,,,,,,,,月木,,,,,,,,,,,,,,,,,,,,,,,金,,,,,,,,火,,,,,,,,,,,,,,,,土,,,,,,,,,,,,
住吉区,苅田,2丁目,3番,軽四輪車(小さい車)で収集している地域,,,,,,,,月木,,,,,,,,,,,,,,,,,,,,,,金,,,,,,,,,,,,,,,,火,,,,,,,,土,,,,,,,,,,,,
住吉区,苅田,2丁目,3番,上記以外,,,,,,月木,,,,,,,,,,,,,,,,,,,,,,,,金,,,,,,,,,火,,,,,,,,,,,,,,,土,,,,,,,,,,,,
住吉区,苅田,2丁目,4番,軽四輪車(小さい車)で収集している地域,,,,,,,,月木,,,,,,,,,,,,,,,,,,,,,,金,,,,,,,,,,,,,,,,火,,,,,,,,土,,,,,,,,,,,,
住吉区,苅田,2丁目,4番,上記以外,,,,,,月木,,,,,,,,,,,,,,,,,,,,,,,,金,,,,,,,,,火,,,,,,,,,,,,,,,土,,,,,,,,,,,,
住吉区,苅田,2丁目,5番,,,,,,,月木,,,,,,,,,,,,,,,,,,,,,,,,,,金,,,,,,,火,,,,,,,,,,,,,,,土,,,,,,,,,,,,
住吉区,苅田,2丁目,6番,,,,,,,月木,,,,,,,,,,,,,,,,,,,,,,,,,,金,,,,,,,,火,,,,,,,,,,,,,,土,,,,,,,,,,,,
住吉区,苅田,2丁目,7番,,,,,,,月木,,,,,,,,,,,,,,,,,,,,,,,,,金,,,,,,,,火,,,,,,,,,,,,,,,土,,,,,,,,,,,,
住吉区,苅田,2丁目,8番,20~28号,,,,,,,,,,月木,,,,,,,,,,,,,,,,,,,,金,,,,,,,,火,,,,,,,,,,,,,,,,土,,,,,,,,,,,,
住吉区,苅田,2丁目,8番,上記以外,,,,,,月木,,,,,,,,,,,,,,,,,,,,,,,,金,,,,,,,,火,,,,,,,,,,,,,,,,土,,,,,,,,,,,,
住吉区,苅田,2丁目,9番,36~39号,,,,,,,,,,月木,,,,,,,,,,,,,,,,,,,,金,,,,,,,,,,火,,,,,,,,,,,,,,土,,,,,,,,,,,,
住吉区,苅田,2丁目,9番,上記以外,,,,,,月木,,,,,,,,,,,,,,,,,,,,,,,,,,金,,,,,,,,火,,,,,,,,,,,,,,土,,,,,,,,,,,,
住吉区,苅田,2丁目,10番,,,,,,,月木,,,,,,,,,,,,,,,,,,,,,,,,,,金,,,,,,,,火,,,,,,,,,,,,,,土,,,,,,,,,,,,
住吉区,苅田,2丁目,11番,,,,,,,月木,,,,,,,,,,,,,,,,,,,,,,,,,,金,,,,,,,,火,,,,,,,,,,,,,,土,,,,,,,,,,,,
住吉区,苅田,2丁目,12番,,,,,,,月木,,,,,,,,,,,,,,,,,,,,,,,,,金,,,,,,,,,火,,,,,,,,,,,,,,土,,,,,,,,,,,,
住吉区,苅田,2丁目,13番,,,,,,,月木,,,,,,,,,,,,,,,,,,,,,,,,,,金,,,,,,,,火,,,,,,,,,,,,,,土,,,,,,,,,,,,
住吉区,苅田,2丁目,14番,,,,,,,月木,,,,,,,,,,,,,,,,,,,,,,,,,,金,,,,,,,火,,,,,,,,,,,,,,,土,,,,,,,,,,,,
住吉区,苅田,2丁目,15番,,,,,,,月木,,,,,,,,,,,,,,,,,,,,,,,,,金,,,,,,,,火,,,,,,,,,,,,,,,土,,,,,,,,,,,,
住吉区,苅田,2丁目,16番,,,,,,,月木,,,,,,,,,,,,,,,,,,,,,,,,,,金,,,,,,,,火,,,,,,,,,,,,,,土,,,,,,,,,,,,
住吉区,苅田,3丁目,1番,,,,,,,月木,,,,,,,,,,,,,,,,,,,,,,,,金,,,,,,,,火,,,,,,,,,,,,,,,,土,,,,,,,,,,,,
住吉区,苅田,3丁目,2番,,,,,,,月木,,,,,,,,,,,,,,,,,,,,,,,,,金,,,,,,,,火,,,,,,,,,,,,,,,,,土,,,,,,,,,,
住吉区,苅田,3丁目,3番,8~14号,,,,,,,,月木,,,,,,,,,,,,,,,,,,,,,,金,,,,,,,,,火,,,,,,,,,,,,,,,,,土,,,,,,,,,,
住吉区,苅田,3丁目,3番,上記以外,,,,,,月木,,,,,,,,,,,,,,,,,,,,,,,,金,,,,,,,,,火,,,,,,,,,,,,,,,,,土,,,,,,,,,,
住吉区,苅田,3丁目,4番,,,,,,,月木,,,,,,,,,,,,,,,,,,,,,,,,,,金,,,,,,,,,,,,,,,,,火,,,,,,,土,,,,,,,,,,
住吉区,苅田,3丁目,5番,,,,,,,月木,,,,,,,,,,,,,,,,,,,,,,,,金,,,,,,,,,火,,,,,,,,,,,,,,,,,土,,,,,,,,,,
住吉区,苅田,3丁目,6番,,,,,,,月木,,,,,,,,,,,,,,,,,,,,,,,,金,,,,,,,,,,火,,,,,,,,,,,,,,土,,,,,,,,,,,,
住吉区,苅田,3丁目,7番,,,,,,,月木,,,,,,,,,,,,,,,,,,,,,,,,金,,,,,,,,火,,,,,,,,,,,,,,,,土,,,,,,,,,,,,
住吉区,苅田,3丁目,8番,,,,,,,月木,,,,,,,,,,,,,,,,,,,,,,,,金,,,,,,,,,火,,,,,,,,,,,,,,,土,,,,,,,,,,,,
住吉区,苅田,3丁目,9番,,,,,,,月木,,,,,,,,,,,,,,,,,,,,,,,,,金,,,,,,,,火,,,,,,,,,,,,,,,土,,,,,,,,,,,,
住吉区,苅田,3丁目,10番,,,,,,,,,月木,,,,,,,,,,,,,,,,,,,,,,,,金,,,,,,,,火,,,,,,,,,,,,,,,,土,,,,,,,,,,
住吉区,苅田,3丁目,11番,6~14号,,,,,,月木,,,,,,,,,,,,,,,,,,,,,,,,,金,,,,,,,,,火,,,,,,,,,,,,,,,,土,,,,,,,,,,
住吉区,苅田,3丁目,11番,上記以外,,,,,,,,月木,,,,,,,,,,,,,,,,,,,,,,,金,,,,,,,,,火,,,,,,,,,,,,,,,,土,,,,,,,,,,
住吉区,苅田,3丁目,12番,,,,,,,,,月木,,,,,,,,,,,,,,,,,,,,,,,,金,,,,,,,,火,,,,,,,,,,,,,,,,土,,,,,,,,,,
住吉区,苅田,3丁目,13番,10号,,,,,,,,月木,,,,,,,,,,,,,,,,,,,,,,,,金,,,,,,,,火,,,,,,,,,,,,,,,,土,,,,,,,,,,
住吉区,苅田,3丁目,13番,上記以外,,,,,,月木,,,,,,,,,,,,,,,,,,,,,,,,,,金,,,,,,,,火,,,,,,,,,,,,,,,,土,,,,,,,,,,
住吉区,苅田,3丁目,14番,,,,,,,月木,,,,,,,,,,,,,,,,,,,,,,,,,,金,,,,,,,,火,,,,,,,,,,,,,,,,土,,,,,,,,,,
住吉区,苅田,3丁目,15番,,,,,,,月木,,,,,,,,,,,,,,,,,,,,,,,,,,金,,,,,,,,火,,,,,,,,,,,,,,土,,,,,,,,,,,,
住吉区,苅田,3丁目,16番,,,,,,,月木,,,,,,,,,,,,,,,,,,,,,,,,,金,,,,,,,,,火,,,,,,,,,,,,,,土,,,,,,,,,,,,
住吉区,苅田,3丁目,17番,,,,,,,月木,,,,,,,,,,,,,,,,,,,,,,,,,金,,,,,,,,,火,,,,,,,,,,,,,,,,土,,,,,,,,,,
住吉区,苅田,4丁目,1番,,,,,,,,,月木,,,,,,,,,,,,,,,,,,,,,,,,,金,,,,,,,,,,,,,,,,,,,,,,,土,,,,,,,,,,
住吉区,苅田,4丁目,2番,,,,,,,,,月木,,,,,,,,,,,,,,,,,,,,,,,,,金,,,,,,,,,,,,,,,火,,,,,,,,土,,,,,,,,,,
住吉区,苅田,4丁目,3番,1~7号,,,,,,,,月木,,,,,,,,,,,,,,,,,,,,,,,,,金,,,,,,,,,,,,,,,火,,,,,,,,土,,,,,,,,,,
住吉区,苅田,4丁目,3番,上記以外,,,,,,,,月木,,,,,,,,,,,,,,,,,,,,,,,,,金,,,,,,,,,,,,,,,火,,,,,,,,土,,,,,,,,,,
住吉区,苅田,4丁目,4番,,,,,,,,,月木,,,,,,,,,,,,,,,,,,,,,,,,,金,,,,,,,,,,,,,,,,火,,,,,,,土,,,,,,,,,,
住吉区,苅田,4丁目,6番,,,,,,,,,月木,,,,,,,,,,,,,,,,,,,,,,,,,金,,,,,,,,,,,,,,,火,,,,,,,,土,,,,,,,,,,
住吉区,苅田,4丁目,7番,,,,,,,,,月木,,,,,,,,,,,,,,,,,,,,,,,,,金,,,,,,,,,,,,,,,,火,,,,,,,土,,,,,,,,,,
住吉区,苅田,4丁目,8番,,,,,,,,,月木,,,,,,,,,,,,,,,,,,,,,,,,,金,,,,,,,,,,,,,,,火,,,,,,,,土,,,,,,,,,,
住吉区,苅田,4丁目,9番,,,,,,,,,月木,,,,,,,,,,,,,,,,,,,,,,,,,金,,,,,,,,,,,,,,,,火,,,,,,,土,,,,,,,,,,
住吉区,苅田,4丁目,10番,,,,,,,,,月木,,,,,,,,,,,,,,,,,,,,,,,,,金,,,,,,,,,,,,,,,,火,,,,,,,土,,,,,,,,,,
住吉区,苅田,4丁目,11番,20~30号,,,,,,月木,,,,,,,,,,,,,,,,,,,,,,,,,,,,金,,,,,,,,,,,,,,,火,,,,,,土,,,,,,,,,,,
住吉区,苅田,4丁目,11番,上記以外,,,,,,,,月木,,,,,,,,,,,,,,,,,,,,,,,,,,金,,,,,,,,,,,,,,,火,,,,,,土,,,,,,,,,,,
住吉区,苅田,4丁目,12番,,,,,,,月木,,,,,,,,,,,,,,,,,,,,,,,,,,,,金,,,,,,,,,,,,,,,火,,,,,,土,,,,,,,,,,,
住吉区,苅田,4丁目,13番,,,,,,,月木,,,,,,,,,,,,,,,,,,,,,,,,金,,,,,,,,,火,,,,,,,,,,,,,,,,土,,,,,,,,,,,
住吉区,苅田,5丁目,1番,1~3号,,,,,,,,月木,,,,,,,,,,,,,,,,,,,,,,,,,,金,,,,,,,,,,,,,,,火,,,,,,土,,,,,,,,,,,
住吉区,苅田,5丁目,1番,上記以外,,,,,,月木,,,,,,,,,,,,,,,,,,,,,,,,,,,,金,,,,,,,,,,,,,,,火,,,,,,土,,,,,,,,,,,
住吉区,苅田,5丁目,2番,19~29号,,,,,,月木,,,,,,,,,,,,,,,,,,,,,,,,,,,,金,,,,,,,,,,,,,,,火,,,,,,土,,,,,,,,,,,
住吉区,苅田,5丁目,2番,上記以外,,,,,,,,月木,,,,,,,,,,,,,,,,,,,,,,,,,,金,,,,,,,,,,,,,,,火,,,,,,土,,,,,,,,,,,
住吉区,苅田,5丁目,3番,,,,,,,,,月木,,,,,,,,,,,,,,,,,,,,,,,,,金,,,,,,,,,,,,,,,,火,,,,,,土,,,,,,,,,,,
住吉区,苅田,5丁目,4番,,,,,,,,,月木,,,,,,,,,,,,,,,,,,,,,,,,,金,,,,,,,,,,,,,火,,,,,,,,,,,,,,,,,,,,
住吉区,苅田,5丁目,5番,,,,,,,,,月木,,,,,,,,,,,,,,,,,,,,,,金,,,,,,,,,,火,,,,,,,,,,,,,,,,土,,,,,,,,,,
住吉区,苅田,5丁目,6番,,,,,,,,,月木,,,,,,,,,,,,,,,,,,,,,,,,,金,,,,,,,,,,,,,,,火,,,,,,,,土,,,,,,,,,,
住吉区,苅田,5丁目,7番,,,,,,,,,月木,,,,,,,,,,,,,,,,,,,,,,,,,金,,,,,,,,,,,,,,,,火,,,,,,,土,,,,,,,,,,
住吉区,苅田,5丁目,8番,,,,,,,,,月木,,,,,,,,,,,,,,,,,,,,,,,,,金,,,,,,,,,,,,,,,火,,,,,,,,土,,,,,,,,,,
住吉区,苅田,5丁目,9番,5~19号,,,,,,,,月木,,,,,,,,,,,,,,,,,,,,,,,金,,,,,,,,,火,,,,,,,,,,,,,,,,土,,,,,,,,,,
住吉区,苅田,5丁目,9番,上記以外,,,,,,月木,,,,,,,,,,,,,,,,,,,,,,,,,金,,,,,,,,,火,,,,,,,,,,,,,,,,土,,,,,,,,,,
住吉区,苅田,5丁目,10番,2~4号,,,,,,,,月木,,,,,,,,,,,,,,,,,,,,,,,金,,,,,,,,,火,,,,,,,,,,,,,,,,土,,,,,,,,,,
住吉区,苅田,5丁目,10番,上記以外,,,,,,月木,,,,,,,,,,,,,,,,,,,,,,,,,金,,,,,,,,,火,,,,,,,,,,,,,,,,土,,,,,,,,,,
住吉区,苅田,5丁目,11番,,,,,,,月木,,,,,,,,,,,,,,,,,,,,,,,,,金,,,,,,,,,火,,,,,,,,,,,,,,,,土,,,,,,,,,,
住吉区,苅田,5丁目,12番,,,,,,,月木,,,,,,,,,,,,,,,,,,,,,,,,,金,,,,,,,,,火,,,,,,,,,,,,,,,,土,,,,,,,,,,
住吉区,苅田,5丁目,13番,,,,,,,,,月木,,,,,,,,,,,,,,,,,,,,,,,,,金,,,,,,,,,,,,,,,火,,,,,,,,土,,,,,,,,,,
住吉区,苅田,5丁目,14番,,,,,,,月木,,,,,,,,,,,,,,,,,,,,,,,,,金,,,,,,,,,火,,,,,,,,,,,,,,,,土,,,,,,,,,,
住吉区,苅田,5丁目,15番,,,,,,,月木,,,,,,,,,,,,,,,,,,,,,,,,,金,,,,,,,,,火,,,,,,,,,,,,,,,,土,,,,,,,,,,
住吉区,苅田,5丁目,16番,,,,,,,月木,,,,,,,,,,,,,,,,,,,,,,,,,金,,,,,,,,,火,,,,,,,,,,,,,,,,土,,,,,,,,,,
住吉区,苅田,5丁目,17番,,,,,,,月木,,,,,,,,,,,,,,,,,,,,,,,金,,,,,,,,,,,火,,,,,,,,,,,,,,,,土,,,,,,,,,,
住吉区,苅田,5丁目,18番,,,,,,,月木,,,,,,,,,,,,,,,,,,,,,,,金,,,,,,,,,,,火,,,,,,,,,,,,,,,,土,,,,,,,,,,
住吉区,苅田,5丁目,19番,,,,,,,月木,,,,,,,,,,,,,,,,,,,,,,,,,金,,,,,,,,,火,,,,,,,,,,,,,,,,土,,,,,,,,,,
住吉区,苅田,6丁目,1番,19~31号,,,,,,,,月木,,,,,,,,,,,,,,,,,,,,,,,,,,金,,,,,,,,,,,,,火,,,,,,,,,土,,,,,,,,,,
住吉区,苅田,6丁目,1番,上記以外,,,,,,,,月木,,,,,,,,,,,,,,,,,,,,,,,,,,金,,,,,,,,,,,,,火,,,,,,,,,土,,,,,,,,,,
住吉区,苅田,6丁目,2番,16~18号,,,,,,,,月木,,,,,,,,,,,,,,,,,,,,,,,,金,,,,,,,,,,,,,,,火,,,,,,,,,土,,,,,,,,,,
住吉区,苅田,6丁目,2番,上記以外,,,,,,,,月木,,,,,,,,,,,,,,,,,,,,,,,,金,,,,,,,,,,,,,,,火,,,,,,,,,土,,,,,,,,,,
住吉区,苅田,6丁目,3番,11~15号,,,,,,,,月木,,,,,,,,,,,,,,,,,,,,,,,金,,,,,,,,,,,,,,,,火,,,,,,,,,土,,,,,,,,,,
住吉区,苅田,6丁目,3番,上記以外,,,,,,,,月木,,,,,,,,,,,,,,,,,,,,,,,金,,,,,,,,,,,,,,,,火,,,,,,,,,土,,,,,,,,,,
住吉区,苅田,6丁目,4番,1~4･15~18号,,,,,,,,月木,,,,,,,,,,,,,,,,,,,,,,,金,,,,,,,,,,,,,,,,火,,,,,,,,,土,,,,,,,,,,
住吉区,苅田,6丁目,4番,4~8号,,,,,,月木,,,,,,,,,,,,,,,,,,,,,,,,,金,,,,,,,,,,,,,,,,火,,,,,,,,,土,,,,,,,,,,
住吉区,苅田,6丁目,4番,上記以外,,,,,,,,月木,,,,,,,,,,,,,,,,,,,,,,,金,,,,,,,,,,,,,,,,火,,,,,,,,,土,,,,,,,,,,
住吉区,苅田,6丁目,5番,,,,,,,,,月木,,,,,,,,,,,,,,,,,,,,,,,金,,,,,,,,,,,,,,,,火,,,,,,,,,土,,,,,,,,,,
住吉区,苅田,6丁目,6番,3~8･20~26号,,,,,,,,月木,,,,,,,,,,,,,,,,,,,,,,,金,,,,,,,,,,,,,,,,火,,,,,,,,,土,,,,,,,,,,
住吉区,苅田,6丁目,6番,上記以外,,,,,,,,月木,,,,,,,,,,,,,,,,,,,,,,,金,,,,,,,,,,,,,,,,火,,,,,,,,,土,,,,,,,,,,
住吉区,苅田,6丁目,7番,21~32号,,,,,,,,月木,,,,,,,,,,,,,,,,,,,,,,,金,,,,,,,,,,,,,,,火,,,,,,,,,,土,,,,,,,,,,
住吉区,苅田,6丁目,7番,上記以外,,,,,,,,月木,,,,,,,,,,,,,,,,,,,,,,,金,,,,,,,,,,,,,,,火,,,,,,,,,,土,,,,,,,,,,
住吉区,苅田,6丁目,8番,,,,,,,,,月木,,,,,,,,,,,,,,,,,,,,,,,金,,,,,,,,,,,,,,,火,,,,,,,,,,土,,,,,,,,,,
住吉区,苅田,6丁目,9番,3~10号,,,,,,,,月木,,,,,,,,,,,,,,,,,,,,,,,金,,,,,,,,,,,,,,,,火,,,,,,,,,土,,,,,,,,,,
住吉区,苅田,6丁目,9番,上記以外,,,,,,,,月木,,,,,,,,,,,,,,,,,,,,,,,金,,,,,,,,,,,,,,,,火,,,,,,,,,土,,,,,,,,,,
住吉区,苅田,6丁目,10番,5･12号,,,,,,,,月木,,,,,,,,,,,,,,,,,,,,,,,金,,,,,,,,,,,,,,,,火,,,,,,,,,土,,,,,,,,,,
住吉区,苅田,6丁目,10番,上記以外,,,,,,,,月木,,,,,,,,,,,,,,,,,,,,,,,金,,,,,,,,,,,,,,,,火,,,,,,,,,土,,,,,,,,,,
住吉区,苅田,6丁目,11番,10号,,,,,,,,月木,,,,,,,,,,,,,,,,,,,,,,,金,,,,,,,,,,,,,,,火,,,,,,,,,,土,,,,,,,,,,
住吉区,苅田,6丁目,11番,12~21号,,,,,,月木,,,,,,,,,,,,,,,,,,,,,,,,,金,,,,,,,,,,,,,,,火,,,,,,,,,,土,,,,,,,,,,
住吉区,苅田,6丁目,11番,上記以外,,,,,,,,月木,,,,,,,,,,,,,,,,,,,,,,,金,,,,,,,,,,,,,,,火,,,,,,,,,,土,,,,,,,,,,
住吉区,苅田,6丁目,12番,,,,,,,,,月木,,,,,,,,,,,,,,,,,,,,,,,金,,,,,,,,,,,,,,,火,,,,,,,,,,土,,,,,,,,,,
住吉区,苅田,6丁目,13番,23~40号,,,,,,,,月木,,,,,,,,,,,,,,,,,,,,,,金,,,,,,,,,,,,,,,,火,,,,,,,,,,土,,,,,,,,,,
住吉区,苅田,6丁目,13番,上記以外,,,,,,,,月木,,,,,,,,,,,,,,,,,,,,,,金,,,,,,,,,,,,,,,,火,,,,,,,,,,土,,,,,,,,,,
住吉区,苅田,6丁目,14番,,,,,,,,,月木,,,,,,,,,,,,,,,,,,,,,,,金,,,,,,,,,,,,,,,火,,,,,,,,,,土,,,,,,,,,,
住吉区,苅田,6丁目,15番,6･11号,,,,,,,,月木,,,,,,,,,,,,,,,,,,,,,,,,金,,,,,,,,,,,,,,,,火,,,,,,,,土,,,,,,,,,,
住吉区,苅田,6丁目,15番,上記以外,,,,,,,,月木,,,,,,,,,,,,,,,,,,,,,,,,金,,,,,,,,,,,,,,,,火,,,,,,,,土,,,,,,,,,,
住吉区,苅田,6丁目,16番,軽四輪車(小さい車)で収集している地域,,,,,,,,月木,,,,,,,,,,,,,,,,,,,,,,,,,金,,,,,,,,,,,,,,,,火,,,,,,,土,,,,,,,,,,
住吉区,苅田,6丁目,16番,上記以外,,,,,,,,月木,,,,,,,,,,,,,,,,,,,,,,,,,金,,,,,,,,,,,,,,,,火,,,,,,,土,,,,,,,,,,
住吉区,苅田,6丁目,17番,6~17号,,,,,,,,月木,,,,,,,,,,,,,,,,,,,,,,,,,金,,,,,,,,,,,,,,,,火,,,,,,,土,,,,,,,,,,
住吉区,苅田,6丁目,17番,23･28号,,,,,,,,月木,,,,,,,,,,,,,,,,,,,,,,,,,金,,,,,,,,,,,,,,,,火,,,,,,,土,,,,,,,,,,
住吉区,苅田,6丁目,17番,上記以外,,,,,,,,月木,,,,,,,,,,,,,,,,,,,,,,,,,金,,,,,,,,,,,,,,,,火,,,,,,,土,,,,,,,,,,
住吉区,苅田,6丁目,18番,,,,,,,,,月木,,,,,,,,,,,,,,,,,,,,,,,,,金,,,,,,,,,,,,,,,火,,,,,,,,土,,,,,,,,,,
住吉区,苅田,7丁目,1番,,,,,,,,,月木,,,,,,,,,,,,,,,,,,,,,,,,,金,,,,,,,,,,,,,火,,,,,,,,,,土,,,,,,,,,,
住吉区,苅田,7丁目,2番,20~24号,,,,,,,,月木,,,,,,,,,,,,,,,,,,,,,,,,,金,,,,,,,,,,,,,,,,火,,,,,,,土,,,,,,,,,,
住吉区,苅田,7丁目,2番,上記以外,,,,,,月木,,,,,,,,,,,,,,,,,,,,,,,,,,,金,,,,,,,,,,,,,,,,火,,,,,,,土,,,,,,,,,,
住吉区,苅田,7丁目,3番,4~16号,,,,,,,,月木,,,,,,,,,,,,,,,,,,,,,金,,,,,,,,,,,,,,,,,火,,,,,,,,,,土,,,,,,,,,,
住吉区,苅田,7丁目,3番,上記以外,,,,,,月木,,,,,,,,,,,,,,,,,,,,,,,金,,,,,,,,,,,,,,,,,火,,,,,,,,,,土,,,,,,,,,,
住吉区,苅田,7丁目,4番,,,,,,,月木,,,,,,,,,,,,,,,,,,,,,,,金,,,,,,,,,,,,,,,,火,,,,,,,,,,,,土,,,,,,,,,
住吉区,苅田,7丁目,5番,,,,,,,月木,,,,,,,,,,,,,,,,,,,,,,,金,,,,,,,,,,,,,,,,火,,,,,,,,,,,,土,,,,,,,,,
住吉区,苅田,7丁目,6番,,,,,,,月木,,,,,,,,,,,,,,,,,,,,,,,金,,,,,,,,,,,,,,,,火,,,,,,,,,,,,土,,,,,,,,,
住吉区,苅田,7丁目,7番,,,,,,,月木,,,,,,,,,,,,,,,,,,,,,,,金,,,,,,,,,,,,,,,,,,,,火,,,,,,,,土,,,,,,,,,
住吉区,苅田,7丁目,8番,軽四輪車(小さい車)で収集している地域,,,,,,,,月木,,,,,,,,,,,,,,,,,,,,,金,,,,,,,,,,,,,,,,火,,,,,,,,,,,,土,,,,,,,,,
住吉区,苅田,7丁目,8番,上記以外,,,,,,,月木,,,,,,,,,,,,,,,,,,,,,,金,,,,,,,,,,,,,,,,火,,,,,,,,,,,,土,,,,,,,,,
住吉区,苅田,7丁目,9番,,,,,,,,,月木,,,,,,,,,,,,,,,,,,,,,金,,,,,,,,,,,,,,,,火,,,,,,,,,,,,土,,,,,,,,,
住吉区,苅田,7丁目,10番,10~17号,,,,,,月木,,,,,,,,,,,,,,,,,,,,,,,金,,,,,,,,,,,,,,,,火,,,,,,,,,,,,,,土,,,,,,,
住吉区,苅田,7丁目,10番,上記以外,,,,,,月木,,,,,,,,,,,,,,,,,,,,,,,,,,金,,,,,,,,,,,,,,,火,,,,,,,,,,,,土,,,,,,,
住吉区,苅田,7丁目,11番,軽四輪車(小さい車)で収集している地域,,,,,,,,月木,,,,,,,,,,,,,,,,,,,,,,,,金,,,,,,,,,,,,,,,,,火,,,,,,,,土,,,,,,,,,
住吉区,苅田,7丁目,11番,上記以外,,,,,,月木,,,,,,,,,,,,,,,,,,,,,,,,,,金,,,,,,,,,,,,,,,,,火,,,,,,,,土,,,,,,,,,
住吉区,苅田,7丁目,12番,軽四輪車(小さい車)で収集している地域,,,,,,,,月木,,,,,,,,,,,,,,,,,,,,,金,,,,,,,,,,,,,,,,火,,,,,,,,,,,,,,,,,,,土,,
住吉区,苅田,7丁目,12番,上記以外,,,,,,月木,,,,,,,,,,,,,,,,,,,,,,,,,,,,金,,,,,,,,,,,火,,,,,,,,,,,,,,,,,,,土,,
住吉区,苅田,8丁目,1番,,,,,,,,,月木,,,,,,,,,,,,,,,,,,,,,,,,,金,,,,,,,,,,,,,,,火,,,,,,,,,土,,,,,,,,,
住吉区,苅田,8丁目,2番,,,,,,,,,月木,,,,,,,,,,,,,,,,,,,,,,,,,金,,,,,,,,,,,,,,,火,,,,,,,,,土,,,,,,,,,
住吉区,苅田,8丁目,3番,,,,,,,,,月木,,,,,,,,,,,,,,,,,,,,,,,金,,,,,,,,,,,,,,,,火,,,,,,,,,,土,,,,,,,,,
住吉区,苅田,8丁目,4番,,,,,,,,,月木,,,,,,,,,,,,,,,,,,,,,,,金,,,,,,,,,,,,,,,,,火,,,,,,,,,,,,,,,,土,,
住吉区,苅田,8丁目,5番,,,,,,,,,月木,,,,,,,,,,,,,,,,,,,,,,,金,,,,,,,,,,,,,,,,,火,,,,,,,,,土,,,,,,,,,
住吉区,苅田,8丁目,6番,,,,,,,,,月木,,,,,,,,,,,,,,,,,,,,,,,,,金,,,,,,,,,,,,,,,,火,,,,,,,,土,,,,,,,,,
住吉区,苅田,8丁目,7番,,,,,,,,,月木,,,,,,,,,,,,,,,,,,,,,,,金,,,,,,,,,,,,,,,,,,火,,,,,,,,土,,,,,,,,,
住吉区,苅田,8丁目,8番,1~5･17~27号,,,,,,,,月木,,,,,,,,,,,,,,,,,,,,,,,,,金,,,,,,,,,,,,,,,,火,,,,,,,,土,,,,,,,,,
住吉区,苅田,8丁目,8番,上記以外,,,,,,,,月木,,,,,,,,,,,,,,,,,,,,,,,,,金,,,,,,,,,,,,,,,,火,,,,,,,,土,,,,,,,,,
住吉区,苅田,8丁目,9番,,,,,,,月木,,,,,,,,,,,,,,,,,,,,,,,,,,,金,,,,,,,,,,,,,,,,火,,,,,,,,土,,,,,,,,,
住吉区,苅田,8丁目,10番,17~27号,,,,,,,,月木,,,,,,,,,,,,,,,,,,,,,,,金,,,,,,,,,,,,,,,,,,火,,,,,,,,土,,,,,,,,,
住吉区,苅田,8丁目,10番,上記以外,,,,,,,,月木,,,,,,,,,,,,,,,,,,,,,,,金,,,,,,,,,,,,,,,,,,火,,,,,,,,土,,,,,,,,,
住吉区,苅田,8丁目,11番,,,,,,,,,月木,,,,,,,,,,,,,,,,,,,,,,,金,,,,,,,,,,,,,,,,,,火,,,,,,,,土,,,,,,,,,
住吉区,苅田,8丁目,12番,,,,,,,,,月木,,,,,,,,,,,,,,,,,,,,,,,,,金,,,,,,,,,,,,,,火,,,,,,,,,,土,,,,,,,,,
住吉区,苅田,8丁目,13番,3~5号,,,,,,,,月木,,,,,,,,,,,,,,,,,,,,,,,,金,,,,,,,,,,,,,,,,火,,,,,,,,,土,,,,,,,,,
住吉区,苅田,8丁目,13番,上記以外,,,,,,,,月木,,,,,,,,,,,,,,,,,,,,,,,,金,,,,,,,,,,,,,,,,火,,,,,,,,,土,,,,,,,,,
住吉区,苅田,8丁目,14番,,,,,,,,,月木,,,,,,,,,,,,,,,,,,,,,,,,金,,,,,,,,,,,,,,,,火,,,,,,,,,土,,,,,,,,,
住吉区,苅田,8丁目,15番,,,,,,,,,月木,,,,,,,,,,,,,,,,,,,,,,,,金,,,,,,,,,,,,,,,火,,,,,,,,,,土,,,,,,,,,
住吉区,苅田,9丁目,1番,,,,,,,,,月木,,,,,,,,,,,,,,,,,,,,,,,,,金,,,,,,,,,,,,,,,火,,,,,,,,,土,,,,,,,,,
住吉区,苅田,9丁目,2番,,,,,,,,,月木,,,,,,,,,,,,,,,,,,,,,,,,,金,,,,,,,,,,,,火,,,,,,,,,,,,土,,,,,,,,,
住吉区,苅田,9丁目,3番,,,,,,,,,月木,,,,,,,,,,,,,,,,,,,,,,,,,金,,,,,,,,,,,,,,,,火,,,,,,,,土,,,,,,,,,
住吉区,苅田,9丁目,4番,,,,,,,,,月木,,,,,,,,,,,,,,,,,,,,,,,,,金,,,,,,,,,,,,,,,,火,,,,,,,,土,,,,,,,,,
住吉区,苅田,9丁目,5番,,,,,,,,,月木,,,,,,,,,,,,,,,,,,,,,,,,,金,,,,,,,,,,,,,,,,火,,,,,,,,土,,,,,,,,,
住吉区,苅田,9丁目,6番,,,,,,,,,月木,,,,,,,,,,,,,,,,,,,,,,,金,,,,,,,,,,,,,,,,,,火,,,,,,,,土,,,,,,,,,
住吉区,苅田,9丁目,7番,,,,,,,,,月木,,,,,,,,,,,,,,,,,,,,,,,金,,,,,,,,,火,,,,,,,,,,,,,,,,,土,,,,,,,,,
住吉区,苅田,9丁目,8番,,,,,,,,,月木,,,,,,,,,,,,,,,,,,,,,,,金,,,,,,,,,火,,,,,,,,,,,,,,,,,土,,,,,,,,,
住吉区,苅田,9丁目,9番,,,,,,,,,月木,,,,,,,,,,,,,,,,,,,,,,,金,,,,,,,,,火,,,,,,,,,,,,,,,,,土,,,,,,,,,
住吉区,苅田,9丁目,10番,,,,,,,,,月木,,,,,,,,,,,,,,,,,,,,,,,金,,,,,,,,,火,,,,,,,,,,,,,,,,,土,,,,,,,,,
住吉区,苅田,9丁目,11番,,,,,,,,,月木,,,,,,,,,,,,,,,,,,,,,,,,金,,,,,,,,火,,,,,,,,,,,,,,,,,土,,,,,,,,,
住吉区,苅田,9丁目,12番,,,,,,,,,月木,,,,,,,,,,,,,,,,,,,,,,,,,金,,,,,,,,,,,,,,,火,,,,,,,,,土,,,,,,,,,
住吉区,苅田,9丁目,13番,,,,,,,,,月木,,,,,,,,,,,,,,,,,,,,,,,,,金,,,,,,,,,,,,,,,火,,,,,,,,,土,,,,,,,,,
住吉区,苅田,9丁目,14番,,,,,,,,,月木,,,,,,,,,,,,,,,,,,,,,,,,金,,,,,,,火,,,,,,,,,,,,,,,,,,土,,,,,,,,,
住吉区,苅田,9丁目,15番,,,,,,,,,月木,,,,,,,,,,,,,,,,,,,,,,金,,,,,,,,,,,,,,,,,火,,,,,,,,,,土,,,,,,,,,
住吉区,苅田,9丁目,16番,,,,,,,,,月木,,,,,,,,,,,,,,,,,,,,,,,,,金,,,,,,,,,,,,,,火,,,,,,,,,,土,,,,,,,,,
住吉区,苅田,9丁目,17番,,,,,,,,,月木,,,,,,,,,,,,,,,,,,,,,,,,金,,,,,,,,火,,,,,,,,,,,,,,,,,土,,,,,,,,,
住吉区,苅田,10丁目,2番,,,,,,,,,月木,,,,,,,,,,,,,,,,,,,,,,,金,,,,,,,,,火,,,,,,,,,,,,,,,,,土,,,,,,,,,
住吉区,苅田,10丁目,3番,,,,,,,,,月木,,,,,,,,,,,,,,,,,,,,,,,金,,,,,,,,,火,,,,,,,,,,,,,,,,,土,,,,,,,,,
住吉区,苅田,10丁目,4番,,,,,,,,,月木,,,,,,,,,,,,,,,,,,,,,,,金,,,,,,,,,火,,,,,,,,,,,,,,,,,土,,,,,,,,,
住吉区,苅田,10丁目,5番,,,,,,,,,月木,,,,,,,,,,,,,,,,,,,,,,,金,,,,,,,,,火,,,,,,,,,,,,,,,,,土,,,,,,,,,
住吉区,苅田,10丁目,6番,軽四輪車(小さい車)で収集している地域,,,,,,,,月木,,,,,,,,,,,,,,,,,,,,,,,金,,,,,,,,,火,,,,,,,,,,,,,,,,,土,,,,,,,,,
住吉区,苅田,10丁目,6番,上記以外,,,,,,,,月木,,,,,,,,,,,,,,,,,,,,,,,金,,,,,,,,,火,,,,,,,,,,,,,,,,,土,,,,,,,,,
住吉区,苅田,10丁目,7番,,,,,,,,,月木,,,,,,,,,,,,,,,,,,,,,,,金,,,,,,,,火,,,,,,,,,,,,,,,,,,土,,,,,,,,,
住吉区,苅田,10丁目,8番,,,,,,,,,月木,,,,,,,,,,,,,,,,,,,,,,金,,,,,,,,,火,,,,,,,,,,,,,,,,,,土,,,,,,,,,
住吉区,苅田,10丁目,9番,,,,,,,,,月木,,,,,,,,,,,,,,,,,,,,,,,金,,,,,,,,火,,,,,,,,,,,,,,,,,,土,,,,,,,,,
住吉区,苅田,10丁目,10番,,,,,,,,,月木,,,,,,,,,,,,,,,,,,,,,,,金,,,,,,,,,火,,,,,,,,,,,,,,,,,土,,,,,,,,,
住吉区,苅田,10丁目,11番,,,,,,,,,月木,,,,,,,,,,,,,,,,,,,,,,,金,,,,,,,,火,,,,,,,,,,,,,,,,,,土,,,,,,,,,
住吉区,沢之町,1丁目,1番,,,,,,,,,,,水土,,,,,,,,,,,,,,木,,,,,,,,,,,,,,,,,月,,,,,,,,,,,,,,,,木,,,,,,,,,
住吉区,沢之町,1丁目,2番,,,,,,,,,,,水土,,,,,,,,,,,,,,木,,,,,,,,,,,,,,,,,月,,,,,,,,,,,,,,,,木,,,,,,,,,
住吉区,沢之町,1丁目,3番,,,,,,,,,,,水土,,,,,,,,,,,,,,木,,,,,,,,,,,,,,,,,月,,,,,,,,,,,,,,,,木,,,,,,,,,
住吉区,沢之町,1丁目,4番,,,,,,,,,,,水土,,,,,,,,,,,,,,木,,,,,,,,,,,,,,,,,月,,,,,,,,,,,,,,,,木,,,,,,,,,
住吉区,沢之町,1丁目,5番,,,,,,,,,,,水土,,,,,,,,,,,,,,木,,,,,,,,,,,,,,,,,月,,,,,,,,,,,,,,,,木,,,,,,,,,
住吉区,沢之町,1丁目,6番,軽四輪車(小さい車)で収集している地域,,,,,,,,,,,,,,,,,水土,,,,,,,木,,,,,,,,,,,,,,,,,月,,,,,,,,,,,,,,,,木,,,,,,,,,
住吉区,沢之町,1丁目,6番,上記以外,,,,,,,,,,水土,,,,,,,,,,,,,,木,,,,,,,,,,,,,,,,,月,,,,,,,,,,,,,,,,木,,,,,,,,,
住吉区,沢之町,1丁目,7番,軽四輪車(小さい車)で収集している地域,,,,,,,,,,,,,,,,,水土,,,,,,,木,,,,,,,,,,,,,,,,,月,,,,,,,,,,,,,,,,木,,,,,,,,,
住吉区,沢之町,1丁目,7番,上記以外,,,,,,,,,,水土,,,,,,,,,,,,,,木,,,,,,,,,,,,,,,,,月,,,,,,,,,,,,,,,,木,,,,,,,,,
住吉区,沢之町,1丁目,8番,,,,,,,,,,,水土,,,,,,,,,,,,,,木,,,,,,,,,,,,,,,,,月,,,,,,,,,,,,,,,,木,,,,,,,,,
住吉区,沢之町,1丁目,9番,軽四輪車(小さい車)で収集している地域,,,,,,,,,,,,,,,,,水土,,,,,,,木,,,,,,,,,,,,,,,,月,,,,,,,,,,,,,,,,,木,,,,,,,,,
住吉区,沢之町,1丁目,9番,上記以外,,,,,,,,,,水土,,,,,,,,,,,,,,木,,,,,,,,,,,,,,,,月,,,,,,,,,,,,,,,,,木,,,,,,,,,
住吉区,沢之町,1丁目,10番,,,,,,,,,,,,,,,,,,水土,,,,,,,木,,,,,,,,,,,,,,,,,,,,,,,月,,,,,,,,,,,,,,,,,金,,
住吉区,沢之町,1丁目,11番,,,,,,,,,,,水土,,,,,,,,,,,,,,木,,,,,,,,,,,,,,,,月,,,,,,,,,,,,,,,,,,,,,,,,金,,
住吉区,沢之町,2丁目,1番,,,,,,,,,,,水土,,,,,,,,,,,,,,木,,,,,,,,,,,,,,,,,月,,,,,,,,,,,,,,,,木,,,,,,,,,
住吉区,沢之町,2丁目,2番,,,,,,,,,,,水土,,,,,,,,,,,,,,木,,,,,,,,,,,,,,,,,月,,,,,,,,,,,,,,,,,,,,,,,木,,
住吉区,沢之町,2丁目,3番,,,,,,,,,,,水土,,,,,,,,,,,,金,,,,,,,,,,,,,,,,,,,,,,,火,,,,,,,,,,,,,,,,,,,木,,
住吉区,沢之町,2丁目,4番,5~12号,,,,,,,,水土,,,,,,,,,,,,,,金,,,,,,,,,,,,,,,,,,,,,,,火,,,,,,,,,,,,,,,,,,,木,,
住吉区,沢之町,2丁目,4番,上記以外,,,,,,,,,,水土,,,,,,,,,,,,金,,,,,,,,,,,,,,,,,,,,,,,火,,,,,,,,,,,,,,,,,,,木,,
住吉区,沢之町,2丁目,5番,,,,,,,,,,,水土,,,,,,,,,,,,金,,,,,,,,,,,,,,,,,,,,,,,火,,,,,,,,,,,,,,,,,,,木,,
住吉区,沢之町,2丁目,6番,,,,,,,,,,,水土,,,,,,,,,,,,金,,,,,,,,,,,,,,,,,,,,,,,火,,,,,,,,,,,,,,,,,,,木,,
住吉区,沢之町,2丁目,7番,,,,,,,,,,,水土,,,,,,,,,,,,金,,,,,,,,,,,,,,,,,,,,,,,火,,,,,,,,,,,,木,,,,,,,,,
住吉区,沢之町,2丁目,8番,,,,,,,,,,,水土,,,,,,,,,,,,金,,,,,,,,,,,,,,,,,,,,,,,火,,,,,,,,,,,,木,,,,,,,,,
住吉区,沢之町,2丁目,9番,,,,,,,,,,,水土,,,,,,,,,,,,,,木,,,,,,,,,,,,,,,,,,月,,,,,,,,,,,,,,,木,,,,,,,,,
住吉区,沢之町,2丁目,10番,,,,,,,,,,,水土,,,,,,,,,,,,,,木,,,,,,,,,,,,,,,,,月,,,,,,,,,,,,,,,,木,,,,,,,,,
住吉区,清水丘,1丁目,1番,14~16号,,,,,,水土,,,,,,,,,,,,,,,,木,,,,,,,,,,,,,,,,,,,,,,,,月,,,,,,,,,,,金,,,,,,,,,
住吉区,清水丘,1丁目,1番,上記以外,,,,,,水土,,,,,,,,,,,,,,,,木,,,,,,,,,,,,,,,,,,,,,,,,月,,,,,,,,,,,金,,,,,,,,,
住吉区,清水丘,1丁目,2番,1~3･14~16号,,,,,,,,,,水土,,,,,,,,,,,,木,,,,,,,,,,,,,,,,,,,,,,,,月,,,,,,,,,,,金,,,,,,,,,
住吉区,清水丘,1丁目,2番,上記以外,,,,,,水土,,,,,,,,,,,,,,,,木,,,,,,,,,,,,,,,,,,,,,,,,月,,,,,,,,,,,金,,,,,,,,,
住吉区,清水丘,1丁目,3番,19~28号,,,,,,水土,,,,,,,,,,,,,,,,木,,,,,,,,,,,,,,,,,,,,,,,,月,,,,,,,,,,,金,,,,,,,,,
住吉区,清水丘,1丁目,3番,上記以外,,,,,,,,,,水土,,,,,,,,,,,,木,,,,,,,,,,,,,,,,,,,,,,,,月,,,,,,,,,,,金,,,,,,,,,
住吉区,清水丘,1丁目,4番,7~14号,,,,,,,,水土,,,,,,,,,,,,,,木,,,,,,,,,,,,,,,,,,,,,,,,月,,,,,,,,,,,金,,,,,,,,,
住吉区,清水丘,1丁目,4番,上記以外,,,,,,,,,,水土,,,,,,,,,,,,木,,,,,,,,,,,,,,,,,,,,,,,,,月,,,,,,,,,,金,,,,,,,,,
住吉区,清水丘,1丁目,5番,4~14号,,,,,,,,,,,,,,,,,水土,,,,,,,木,,,,,,,,,,,,,,,,,,,,,,,月,,,,,,,,,,金,,,,,,,,,
住吉区,清水丘,1丁目,5番,上記以外,,,,,,水土,,,,,,,,,,,,,,,,,,木,,,,,,,,,,,,,,,,,,,,,,月,,,,,,,,,,,金,,,,,,,,,
住吉区,清水丘,1丁目,6番,33･34号,,,,,,,,水土,,,,,,,,,,,,,,木,,,,,,,,,,,,,,,,,,,,,,,,月,,,,,,,,,,,金,,,,,,,,,
住吉区,清水丘,1丁目,6番,上記以外,,,,,,,,,,,,,,,,,水土,,,,,木,,,,,,,,,,,,,,,,,,,,,,,,月,,,,,,,,,,,金,,,,,,,,,
住吉区,清水丘,1丁目,7番,5~20号,,,,,,,,水土,,,,,,,,,,,,,,木,,,,,,,,,,,,,,,,,,,,,,,,月,,,,,,,,,,,金,,,,,,,,,
住吉区,清水丘,1丁目,7番,上記以外,,,,,,,,,,水土,,,,,,,,,,,,木,,,,,,,,,,,,,,,,,,,,,,,,,月,,,,,,,,,,金,,,,,,,,,
住吉区,清水丘,1丁目,8番,1~15号,,,,,,,,,,水土,,,,,,,,,,,,木,,,,,,,,,,,,,,,,,,,,,,,,,月,,,,,,,,,,金,,,,,,,,,
住吉区,清水丘,1丁目,8番,17~19号,,,,,,,,水土,,,,,,,,,,,,,,木,,,,,,,,,,,,,,,,,,,,,,,,,月,,,,,,,,,,金,,,,,,,,,
住吉区,清水丘,1丁目,8番,24~31号,,,,,,水土,,,,,,,,,,,,,,,,木,,,,,,,,,,,,,,,,,,,,,,,,,月,,,,,,,,,,金,,,,,,,,,
住吉区,清水丘,1丁目,9番,15~17号,,,,,,,水土,,,,,,,,,,,,,,,木,,,,,,,,,,,,,,,,,,,,,,,,月,,,,,,,,,,,金,,,,,,,,,
住吉区,清水丘,1丁目,9番,上記以外,,,,,,水土,,,,,,,,,,,,,,,,木,,,,,,,,,,,,,,,,,,,,,,,,月,,,,,,,,,,,金,,,,,,,,,
住吉区,清水丘,1丁目,10番,13~17号,,,,,,,水土,,,,,,,,,,,,,,,木,,,,,,,,,,,,,,,,,,,,,,,,月,,,,,,,,,,,金,,,,,,,,,
住吉区,清水丘,1丁目,10番,上記以外,,,,,,水土,,,,,,,,,,,,,,,,木,,,,,,,,,,,,,,,,,,,,,,,,月,,,,,,,,,,,金,,,,,,,,,
住吉区,清水丘,1丁目,11番,,,,,,,水土,,,,,,,,,,,,,,,,木,,,,,,,,,,,,,,,,,,,,,,,,,月,,,,,,,,,,金,,,,,,,,,
住吉区,清水丘,1丁目,12番,,,,,,,水土,,,,,,,,,,,,,,,,木,,,,,,,,,,,,,,,,,,,,,,,,,月,,,,,,,,,,金,,,,,,,,,
住吉区,清水丘,1丁目,13番,,,,,,,水土,,,,,,,,,,,,,,,,木,,,,,,,,,,,,,,,,,,,,,,,,,月,,,,,,,,,,金,,,,,,,,,
住吉区,清水丘,1丁目,14番,17~24号,,,,,,,,水土,,,,,,,,,,,,,,木,,,,,,,,,,,,,,,,,,,,,,,,月,,,,,,,,,,,金,,,,,,,,,
住吉区,清水丘,1丁目,14番,上記以外,,,,,,水土,,,,,,,,,,,,,,,,木,,,,,,,,,,,,,,,,,,,,,,,,月,,,,,,,,,,,金,,,,,,,,,
住吉区,清水丘,1丁目,15番,,,,,,,水土,,,,,,,,,,,,,,,,木,,,,,,,,,,,,,,,,,,,,,,,,月,,,,,,,,,,,金,,,,,,,,,
住吉区,清水丘,1丁目,16番,,,,,,,水土,,,,,,,,,,,,,,,,木,,,,,,,,,,,,,,,,,,,,,,,,月,,,,,,,,,,,金,,,,,,,,,
住吉区,清水丘,1丁目,17番,1~5号,,,,,,水土,,,,,,,,,,,,,,,,木,,,,,,,,,,,,,,,,,,,,,,,,月,,,,,,,,,,,金,,,,,,,,,
住吉区,清水丘,1丁目,17番,上記以外,,,,,,,,水土,,,,,,,,,,,,,,木,,,,,,,,,,,,,,,,,,,,,,,,月,,,,,,,,,,,金,,,,,,,,,
住吉区,清水丘,1丁目,18番,軽四輪車(小さい車)で収集している地域,,,,,,,,,水土,,,,,,,,,,,,,,木,,,,,,,,,,,,,,,,,,,,,,,月,,,,,,,,,,,金,,,,,,,,,
住吉区,清水丘,1丁目,18番,上記以外,,,,,,,,水土,,,,,,,,,,,,,,,木,,,,,,,,,,,,,,,,,,,,,,,月,,,,,,,,,,,金,,,,,,,,,
住吉区,清水丘,1丁目,19番,軽四輪車(小さい車)で収集している地域,,,,,,,,,水土,,,,,,,,,,,,,,木,,,,,,,,,,,,,,,,,,,,,,,月,,,,,,,,,,,金,,,,,,,,,
住吉区,清水丘,1丁目,19番,上記以外,,,,,,水土,,,,,,,,,,,,,,,,,木,,,,,,,,,,,,,,,,,,,,,,,月,,,,,,,,,,,金,,,,,,,,,
住吉区,清水丘,1丁目,20番,10~12号,,,,,,,,水土,,,,,,,,,,,,,,木,,,,,,,,,,,,,,,,,,,,,,,,月,,,,,,,,,,,金,,,,,,,,,
住吉区,清水丘,1丁目,20番,上記以外,,,,,,水土,,,,,,,,,,,,,,,,木,,,,,,,,,,,,,,,,,,,,,,,,月,,,,,,,,,,,金,,,,,,,,,
住吉区,清水丘,1丁目,21番,1~3号,,,,,,,,水土,,,,,,,,,,,,,,,木,,,,,,,,,,,,,,,,,,,,,,,,月,,,,,,,,,,金,,,,,,,,,
住吉区,清水丘,1丁目,21番,上記以外,,,,,,水土,,,,,,,,,,,,,,,,,木,,,,,,,,,,,,,,,,,,,,,,,,月,,,,,,,,,,金,,,,,,,,,
住吉区,清水丘,1丁目,22番,1~4号,,,,,,,,水土,,,,,,,,,,,,,,,木,,,,,,,,,,,,,,,,,,,,,,,,月,,,,,,,,,,金,,,,,,,,,
住吉区,清水丘,1丁目,22番,上記以外,,,,,,水土,,,,,,,,,,,,,,,,,木,,,,,,,,,,,,,,,,,,,,,,,,月,,,,,,,,,,金,,,,,,,,,
住吉区,清水丘,1丁目,23番,9~14号,,,,,,,,水土,,,,,,,,,,,,,,木,,,,,,,,,,,,,,,,,,,,,,,,月,,,,,,,,,,,金,,,,,,,,,
住吉区,清水丘,1丁目,23番,上記以外,,,,,,水土,,,,,,,,,,,,,,,,木,,,,,,,,,,,,,,,,,,,,,,,,月,,,,,,,,,,,金,,,,,,,,,
住吉区,清水丘,1丁目,24番,,,,,,,水土,,,,,,,,,,,,,,,,木,,,,,,,,,,,,,,,,,,,,,,,,,月,,,,,,,,,,金,,,,,,,,,
住吉区,清水丘,1丁目,25番,,,,,,,水土,,,,,,,,,,,,,,,,,木,,,,,,,,,,,,,,,,,,,,,,,,月,,,,,,,,,,金,,,,,,,,,
住吉区,清水丘,1丁目,26番,,,,,,,,,水土,,,,,,,,,,,,,,,,木,,,,,,,,,,,,,,,,,,,,,,,月,,,,,,,,,,金,,,,,,,,,
住吉区,清水丘,1丁目,27番,3~7号,,,,,,水土,,,,,,,,,,,,,,,,,,木,,,,,,,,,,,,,,,,,,,,,,,月,,,,,,,,,,金,,,,,,,,,
住吉区,清水丘,1丁目,27番,上記以外,,,,,,水土,,,,,,,,,,,,,,,,,,木,,,,,,,,,,,,,,,,,,,,,,,月,,,,,,,,,,金,,,,,,,,,
住吉区,清水丘,1丁目,28番,23~27号,,,,,,水土,,,,,,,,,,,,,,,,,木,,,,,,,,,,,,,,,,,,,,,,,月,,,,,,,,,,,金,,,,,,,,,
住吉区,清水丘,1丁目,28番,上記以外,,,,,,,,水土,,,,,,,,,,,,,,,木,,,,,,,,,,,,,,,,,,,,,,,月,,,,,,,,,,,金,,,,,,,,,
住吉区,清水丘,1丁目,29番,9~11号,,,,,,水土,,,,,,,,,,,,,,,,,木,,,,,,,,,,,,,,,,,,,,,,,月,,,,,,,,,,,金,,,,,,,,,
住吉区,清水丘,1丁目,29番,上記以外,,,,,,,,水土,,,,,,,,,,,,,,,木,,,,,,,,,,,,,,,,,,,,,,,月,,,,,,,,,,,金,,,,,,,,,
住吉区,清水丘,1丁目,30番,6号,,,,,,水土,,,,,,,,,,,,,,,,,木,,,,,,,,,,,,,,,,,,,,,,,月,,,,,,,,,,,金,,,,,,,,,
住吉区,清水丘,1丁目,30番,上記以外,,,,,,,,水土,,,,,,,,,,,,,,,木,,,,,,,,,,,,,,,,,,,,,,,月,,,,,,,,,,,金,,,,,,,,,
住吉区,清水丘,1丁目,31番,,,,,,,,,水土,,,,,,,,,,,,,,木,,,,,,,,,,,,,,,,,,,,,,,,月,,,,,,,,,,,金,,,,,,,,,
住吉区,清水丘,1丁目,32番,,,,,,,水土,,,,,,,,,,,,,,,,木,,,,,,,,,,,,,,,,,,,,,,,,月,,,,,,,,,,,金,,,,,,,,,
住吉区,清水丘,1丁目,33番,,,,,,,水土,,,,,,,,,,,,,,,,木,,,,,,,,,,,,,,,,月,,,,,,,,,,,,,,,,,,,金,,,,,,,,,
住吉区,清水丘,1丁目,34番,軽四輪車(小さい車)で収集している地域,,,,,,,水土,,,,,,,,,,,,,,,木,,,,,,,,,,,,,,,,月,,,,,,,,,,,,,,,,,,,金,,,,,,,,,
住吉区,清水丘,1丁目,34番,上記以外,,,,,,水土,,,,,,,,,,,,,,,,木,,,,,,,,,,,,,,,,,,,,,,,,月,,,,,,,,,,,金,,,,,,,,,
住吉区,清水丘,1丁目,35番,18号,,,,,,,,水土,,,,,,,,,,,,,,木,,,,,,,,,,,,,,,,,,,,,,,,月,,,,,,,,,,,金,,,,,,,,,
住吉区,清水丘,1丁目,35番,上記以外,,,,,,水土,,,,,,,,,,,,,,,,木,,,,,,,,,,,,,,,,,,,,,,,,月,,,,,,,,,,,金,,,,,,,,,
住吉区,清水丘,2丁目,1番,,,,,,,,,,,,,,,,,,水土,,,,,,木,,,,,,,,,,,,,,,,,,,,,,,,,,月,,,,,,,,金,,,,,,,,,
住吉区,清水丘,2丁目,2番,,,,,,,,,,,,,,,,,,水土,,,,,,,木,,,,,,,,,,,,,,,,,,,,,,,,,月,,,,,,,,金,,,,,,,,,
住吉区,清水丘,2丁目,3番,,,,,,,,,,,,,,,,,,水土,,,,,,木,,,,,,,,,,,,,,,,,,,,,,,,,月,,,,,,,,,金,,,,,,,,,
住吉区,清水丘,2丁目,4番,軽四輪車(小さい車)で収集している地域,,,,,,,,,水土,,,,,,,,,,,,,,木,,,,,,,,,,,,,,,,,,,,,,,,月,,,,,,,,,,金,,,,,,,,,
住吉区,清水丘,2丁目,4番,上記以外,,,,,,,,,,,,,,,,,水土,,,,,,木,,,,,,,,,,,,,,,,,,,,,,,,月,,,,,,,,,,,,,,,,,金,,
住吉区,清水丘,2丁目,5番,,,,,,,,,,,,,,,,,,水土,,,,,,木,,,,,,,,,,,,,,,,,,,,,,,,月,,,,,,,,,,金,,,,,,,,,
住吉区,清水丘,2丁目,6番,,,,,,,,,,,,,,,,,,水土,,,,,木,,,,,,,,,,,,,,,,,,,,,,,,月,,,,,,,,,,,金,,,,,,,,,
住吉区,清水丘,2丁目,7番,軽四輪車(小さい車)で収集している地域,,,,,,,,,水土,,,,,,,,,,,,,木,,,,,,,,,,,,,,,,,,,,,,,,,,,月,,,,,,,,金,,,,,,,,,
住吉区,清水丘,2丁目,7番,上記以外,,,,,,,,,,,,,,,,,水土,,,,,木,,,,,,,,,,,,,,,,,,,,,,,,,月,,,,,,,,,,金,,,,,,,,,
住吉区,清水丘,2丁目,8番,,,,,,,,,,,,,,,,,,水土,,,,,,木,,,,,,,,,,,,,,,,,,,,,,,,月,,,,,,,,,,金,,,,,,,,,
住吉区,清水丘,2丁目,9番,34~37号,,,,,,,,,,,,,,,,,水土,,,,,木,,,,,,,,,,,,,,,,,,,,,,月,,,,,,,,,,,,,金,,,,,,,,,
住吉区,清水丘,2丁目,9番,上記以外,,,,,,,,,,,,,,,,,水土,,,,,木,,,,,,,,,,,,,,,,月,,,,,,,,,,,,,,,,,,,金,,,,,,,,,
住吉区,清水丘,2丁目,10番,軽四輪車(小さい車)で収集している地域,,,,,,,,,,,,,,,,,水土,,,,,木,,,,,,,,,,,,,,,,月,,,,,,,,,,,,,,,,,,,金,,,,,,,,,
住吉区,清水丘,2丁目,10番,上記以外,,,,,,,,,,,,,,,,,水土,,,,,木,,,,,,,,,,,,,,,,,,,,,,,,,月,,,,,,,,,,,,,,,,,金,,
住吉区,清水丘,2丁目,11番,,,,,,,,,,,,,,,,,,水土,,,,,木,,,,,,,,,,,,,,,,月,,,,,,,,,,,,,,,,,,,金,,,,,,,,,
住吉区,清水丘,2丁目,12番,軽四輪車(小さい車)で収集している地域,,,,,,,,,,,,,,,,,水土,,,,,木,,,,,,,,,,,,,,,,月,,,,,,,,,,,,,,,,,,,金,,,,,,,,,
住吉区,清水丘,2丁目,12番,上記以外,,,,,,,,,,,,,,,,,水土,,,,,,木,,,,,,,,,,,,,,,,,,,,,,,,月,,,,,,,,,,金,,,,,,,,,
住吉区,清水丘,2丁目,13番,,,,,,,,,,,,,,,,,,水土,,,,,木,,,,,,,,,,,,,,,,,,,,,,,,,月,,,,,,,,,,,,,,,,,金,,
住吉区,清水丘,2丁目,14番,,,,,,,,,,,,,,,,,,水土,,,,,木,,,,,,,,,,,,,,,,月,,,,,,,,,,,,,,,,,,,,,,,,,,金,,
住吉区,清水丘,2丁目,15番,11~15号,,,,,,,,水土,,,,,,,,,,,,,,木,,,,,,,,,,,,,,,,月,,,,,,,,,,,,,,,,,,,金,,,,,,,,,
住吉区,清水丘,2丁目,15番,上記以外,,,,,,,,,,,,,,,,,水土,,,,,,木,,,,,,,,,,,,,,,,,,,,,,,,月,,,,,,,,,,金,,,,,,,,,
住吉区,清水丘,2丁目,16番,軽四輪車(小さい車)で収集している地域,,,,,,,,,,,,,,,,,水土,,,,,木,,,,,,,,,,,,,,,,月,,,,,,,,,,,,,,,,,,,金,,,,,,,,,
住吉区,清水丘,2丁目,16番,上記以外,,,,,,,,,,,,,,,,,水土,,,,,木,,,,,,,,,,,,,,,,,,,,,,,,,月,,,,,,,,,,,,,,,,,金,,
住吉区,清水丘,2丁目,17番,,,,,,,,,,,,,,,,,,水土,,,,,木,,,,,,,,,,,,,,,,,,,,,,,,月,,,,,,,,,,,金,,,,,,,,,
住吉区,清水丘,2丁目,18番,軽四輪車(小さい車)で収集している地域,,,,,,,,,,水土,,,,,,,,,,,,木,,,,,,,,,,,,,,,,月,,,,,,,,,,,,,,,,,,,金,,,,,,,,,
住吉区,清水丘,2丁目,18番,上記以外,,,,,,,,,,,,,,,,,水土,,,,,木,,,,,,,,,,,,,,,,,,,,,,,,月,,,,,,,,,,,金,,,,,,,,,
住吉区,清水丘,2丁目,19番,軽四輪車(小さい車)で収集している地域,,,,,,,,,,水土,,,,,,,,,,,,木,,,,,,,,,,,,,,,,月,,,,,,,,,,,,,,,,,,,金,,,,,,,,,
住吉区,清水丘,2丁目,19番,上記以外,,,,,,,,,,,,,,,,,水土,,,,,,木,,,,,,,,,,,,,,,,,,,,,,,,月,,,,,,,,,,金,,,,,,,,,
住吉区,清水丘,2丁目,20番,,,,,,,,,,,,,,,,,,水土,,,,,,木,,,,,,,,,,,,,,,,,,,,,,,,月,,,,,,,,,,金,,,,,,,,,
住吉区,清水丘,2丁目,21番,,,,,,,,,,,,,,,,,,水土,,,,,木,,,,,,,,,,,,,,,,,,,,,,,,,月,,,,,,,,,,金,,,,,,,,,
住吉区,清水丘,2丁目,22番,15~17号,,,,,,,,水土,,,,,,,,,,,,,,,,木,,,,,,,,,,,,,,,,,,,,,,,月,,,,,,,,,,金,,,,,,,,,
住吉区,清水丘,2丁目,22番,上記以外,,,,,,,,,,,,,,,,,水土,,,,,,,木,,,,,,,,,,,,,,,,,,,,,,,月,,,,,,,,,,金,,,,,,,,,
住吉区,清水丘,2丁目,23番,16~27号,,,,,,,,水土,,,,,,,,,,,,,,,木,,,,,,,,,,,,,,,,,,,,,,,月,,,,,,,,,,,金,,,,,,,,,
住吉区,清水丘,2丁目,23番,上記以外,,,,,,,,,,,,,,,,,水土,,,,,,木,,,,,,,,,,,,,,,,,,,,,,,月,,,,,,,,,,,金,,,,,,,,,
住吉区,清水丘,2丁目,24番,,,,,,,,,水土,,,,,,,,,,,,,,,木,,,,,,,,,,,,,,,,,,,,,,,月,,,,,,,,,,,金,,,,,,,,,
住吉区,清水丘,2丁目,25番,,,,,,,,,水土,,,,,,,,,,,,,,,,木,,,,,,,,,,,,,,,,,,,,,,,月,,,,,,,,,,金,,,,,,,,,
住吉区,清水丘,2丁目,26番,3･5号,,,,,,,,,,,,,,,,,水土,,,,,,木,,,,,,,,,,,,,,,,,,,,,,,,月,,,,,,,,,,金,,,,,,,,,
住吉区,清水丘,2丁目,26番,上記以外,,,,,,,,水土,,,,,,,,,,,,,,,木,,,,,,,,,,,,,,,,,,,,,,,,月,,,,,,,,,,金,,,,,,,,,
住吉区,清水丘,2丁目,27番,17~26号,,,,,,,,水土,,,,,,,,,,,,,,木,,,,,,,,,,,,,,,,,,,,,,,,,月,,,,,,,,,,金,,,,,,,,,
住吉区,清水丘,2丁目,27番,上記以外,,,,,,,,,,,,,,,,,水土,,,,,木,,,,,,,,,,,,,,,,,,,,,,,,,月,,,,,,,,,,金,,,,,,,,,
住吉区,清水丘,2丁目,28番,,,,,,,,,,,,,,,,,,水土,,,,,,木,,,,,,,,,,,,,,,,,,,,,,,,月,,,,,,,,,,金,,,,,,,,,
住吉区,清水丘,2丁目,29番,軽四輪車(小さい車)で収集している地域,,,,,,水土,,,,,,,,,,,,,,,,木,,,,,,,,,,,,,,,,月,,,,,,,,,,,,,,,,,,,金,,,,,,,,,
住吉区,清水丘,2丁目,29番,上記以外,,,,,,,,,,,,,,,,,水土,,,,,,木,,,,,,,,,,,,,,,,,,,,,,,,月,,,,,,,,,,金,,,,,,,,,
住吉区,清水丘,2丁目,30番,軽四輪車(小さい車)で収集している地域,,,,,,水土,,,,,,,,,,,,,,,,木,,,,,,,,,,,,,,,,月,,,,,,,,,,,,,,,,,,,金,,,,,,,,,
住吉区,清水丘,2丁目,30番,上記以外,,,,,,,,,,,,,,,,,水土,,,,,,木,,,,,,,,,,,,,,,,,,,,,,,,月,,,,,,,,,,金,,,,,,,,,
住吉区,清水丘,2丁目,31番,軽四輪車(小さい車)で収集している地域,,,,,,水土,,,,,,,,,,,,,,,,木,,,,,,,,,,,,,,,,月,,,,,,,,,,,,,,,,,,,金,,,,,,,,,
住吉区,清水丘,2丁目,31番,上記以外,,,,,,,,,,,,,,,,,水土,,,,,木,,,,,,,,,,,,,,,,,,,,,,,,,月,,,,,,,,,,金,,,,,,,,,
住吉区,清水丘,2丁目,32番,軽四輪車(小さい車)で収集している地域,,,,,,水土,,,,,,,,,,,,,,,,木,,,,,,,,,,,,,,,,月,,,,,,,,,,,,,,,,,,,金,,,,,,,,,
住吉区,清水丘,2丁目,32番,上記以外,,,,,,水土,,,,,,,,,,,,,,,,木,,,,,,,,,,,,,,,,,,,,,,,,,,月,,,,,,,,,金,,,,,,,,,
住吉区,清水丘,2丁目,33番,軽四輪車(小さい車)で収集している地域,,,,,,水土,,,,,,,,,,,,,,,,木,,,,,,,,,,,,,,,,月,,,,,,,,,,,,,,,,,,,金,,,,,,,,,
住吉区,清水丘,2丁目,33番,上記以外,,,,,,水土,,,,,,,,,,,,,,,,木,,,,,,,,,,,,,,,,,,,,,,,,,,,,月,,,,,,,金,,,,,,,,,
住吉区,清水丘,3丁目,1番,軽四輪車(小さい車)で収集している地域,,,,,,,,,,,,,,,,,水土,,,,,木,,,,,,,,,,,,,,,,月,,,,,,,,,,,,,,,,,,,金,,,,,,,,,
住吉区,清水丘,3丁目,1番,上記以外,,,,,,,,水土,,,,,,,,,,,,,,,木,,,,,,,,,,,,,,,,,,,,,,,,月,,,,,,,,,,金,,,,,,,,,
住吉区,清水丘,3丁目,2番,,,,,,,,,,,,,,,,,,水土,,,,,木,,,,,,,,,,,,,,,,,,,,,,,,,,月,,,,,,,,,金,,,,,,,,,
住吉区,清水丘,3丁目,3番,,,,,,,,,,,,,,,,,,水土,,,,,木,,,,,,,,,,,,,,,,,,,,,,,,,,,月,,,,,,,,金,,,,,,,,,
住吉区,清水丘,3丁目,4番,2号,,,,,,水土,,,,,,,,,,,,,,,,木,,,,,,,,,,,,,,,,,,,,,,,,,,,月,,,,,,,,,,,,,,,金,,
住吉区,清水丘,3丁目,4番,上記以外,,,,,,,,,,,,,,,,,水土,,,,,木,,,,,,,,,,,,,,,,,,,,,,,,,,,月,,,,,,,,,,,,,,,金,,
住吉区,清水丘,3丁目,5番,1号,,,,,,水土,,,,,,,,,,,,,,,,木,,,,,,,,,,,,,,,,,,,,,,,,,,,,月,,,,,,,,,,,,,,金,,
住吉区,清水丘,3丁目,5番,上記以外,,,,,,,,,,,,,,,,,水土,,,,,木,,,,,,,,,,,,,,,,,,,,,,,,,,,,月,,,,,,,,,,,,,,金,,
住吉区,清水丘,3丁目,6番,,,,,,,水土,,,,,,,,,,,,,,,,木,,,,,,,,,,,,,,,,,,,,,,,,,,,,月,,,,,,,,,,,,,,金,,
住吉区,清水丘,3丁目,7番,20~27号,,,,,,,,水土,,,,,,,,,,,,,,木,,,,,,,,,,,,,,,,,,,,,,,,,,,,月,,,,,,,,,,,,,,金,,
住吉区,清水丘,3丁目,7番,上記以外,,,,,,水土,,,,,,,,,,,,,,,,木,,,,,,,,,,,,,,,,,,,,,,,,,,,,月,,,,,,,,,,,,,,金,,
住吉区,清水丘,3丁目,8番,13~22号,,,,,,水土,,,,,,,,,,,,,,,,木,,,,,,,,,,,,,,,,月,,,,,,,,,,,,,,,,,,,金,,,,,,,,,
住吉区,清水丘,3丁目,8番,上記以外,,,,,,,,水土,,,,,,,,,,,,,,木,,,,,,,,,,,,,,,,月,,,,,,,,,,,,,,,,,,,金,,,,,,,,,
住吉区,清水丘,3丁目,9番,,,,,,,,,水土,,,,,,,,,,,,,,木,,,,,,,,,,,,,,,,,,,,,,,,,,,,月,,,,,,,,,,,,,,金,,
住吉区,清水丘,3丁目,10番,4~16号,,,,,,,,水土,,,,,,,,,,,,,,木,,,,,,,,,,,,,,,,,,,,,,,,,,,月,,,,,,,,,,,,,,,金,,
住吉区,清水丘,3丁目,10番,上記以外,,,,,,,,,,,,,,,,,水土,,,,,木,,,,,,,,,,,,,,,,,,,,,,,,,,,月,,,,,,,,,,,,,,,金,,
住吉区,清水丘,3丁目,11番,3~10号,,,,,,,,,,,,,,,,,水土,,,,,木,,,,,,,,,,,,,,,,,,,,,,,,,,,月,,,,,,,,,,,,,,,金,,
住吉区,清水丘,3丁目,11番,上記以外,,,,,,,,水土,,,,,,,,,,,,,,木,,,,,,,,,,,,,,,,,,,,,,,,,,月,,,,,,,,,,,,,,,,金,,
住吉区,清水丘,3丁目,12番,8~15号,,,,,,,,水土,,,,,,,,,,,,,,木,,,,,,,,,,,,,,,,,,,,,,,,,,月,,,,,,,,,金,,,,,,,,,
住吉区,清水丘,3丁目,12番,上記以外,,,,,,,,,,,,,,,,,水土,,,,,木,,,,,,,,,,,,,,,,,,,,,,,,,,月,,,,,,,,,金,,,,,,,,,
住吉区,清水丘,3丁目,13番,17~24号,,,,,,,,水土,,,,,,,,,,,,,,木,,,,,,,,,,,,,,,,,,,,,,,,,,月,,,,,,,,,金,,,,,,,,,
住吉区,清水丘,3丁目,13番,上記以外,,,,,,,,,,,,,,,,,水土,,,,,木,,,,,,,,,,,,,,,,月,,,,,,,,,,,,,,,,,,,金,,,,,,,,,
住吉区,清水丘,3丁目,14番,26~36号,,,,,,,,水土,,,,,,,,,,,,,,木,,,,,,,,,,,,,,,,月,,,,,,,,,,,,,,,,,,,金,,,,,,,,,
住吉区,清水丘,3丁目,14番,上記以外,,,,,,水土,,,,,,,,,,,,,,,,木,,,,,,,,,,,,,,,,,,,,,,,,,月,,,,,,,,,,金,,,,,,,,,
住吉区,清水丘,3丁目,15番,,,,,,,,,水土,,,,,,,,,,,,,,木,,,,,,,,,,,,,,,,月,,,,,,,,,,,,,,,,,,,金,,,,,,,,,
住吉区,清水丘,3丁目,16番,,,,,,,,,水土,,,,,,,,,,,,,,木,,,,,,,,,,,,,,,,月,,,,,,,,,,,,,,,,,,,,,,,,,,金,,
住吉区,杉本,1丁目,1番,,,,,,,,,,,,,,,,,,月木,,,,,,,金,,,,,,,,,,,,,,,,,,,,,,火,,,,,,,,,,,火,,,,,,,,,
住吉区,杉本,1丁目,2番,,,,,,,,,,,,,,,,,,月木,,,,,,,金,,,,,,,,,,,,,,,,,,,,,,火,,,,,,,,,,,火,,,,,,,,,
住吉区,杉本,1丁目,3番,,,,,,,,,,,,,,,,,,月木,,,,,,,金,,,,,,,,,,,,,,,,,,,,,,火,,,,,,,,,,,火,,,,,,,,,
住吉区,杉本,1丁目,4番,,,,,,,,,,,,,,,,,,月木,,,,,,,金,,,,,,,,,,,,,,,,,,,,,,火,,,,,,,,,,,火,,,,,,,,,
住吉区,杉本,1丁目,5番,,,,,,,,,,,,,,,,,,月木,,,,,,,金,,,,,,,,,,,,,,,,,,,,,,火,,,,,,,,,,,火,,,,,,,,,
住吉区,杉本,1丁目,6番,,,,,,,,,,,,,,,,,,月木,,,,,,金,,,,,,,,,,,,,,,,,,,,,,,,火,,,,,,,,,,火,,,,,,,,,
住吉区,杉本,1丁目,7番,,,,,,,,,,,,,,,,,,月木,,,,,金,,,,,,,,,,,,,,,,,,,,,,,,火,,,,,,,,,,,火,,,,,,,,,
住吉区,杉本,1丁目,8番,軽四輪車(小さい車)で収集している地域,,,,,,,,,,,,,,,,月木,,,,,,,,,金,,,,,,,,,,,,,,,,火,,,,,,,,,,,,,,,,火,,,,,,,,,
住吉区,杉本,1丁目,8番,上記以外,,,,,,,,,,,,,,,,,月木,,,,,,金,,,,,,,,,,,,,,,,,,,,,,,,火,,,,,,,,,,火,,,,,,,,,
住吉区,杉本,1丁目,9番,,,,,,,,,,,,,,,,,,月木,,,,,,金,,,,,,,,,,,,,,,,,,,,,,,,火,,,,,,,,,,火,,,,,,,,,
住吉区,杉本,1丁目,10番,,,,,,,,,,,,,,,,,,月木,,,,,,金,,,,,,,,,,,,,,,,,,,,,,,,火,,,,,,,,,,火,,,,,,,,,
住吉区,杉本,1丁目,11番,,,,,,,,,,,,,,,,,,月木,,,,,,金,,,,,,,,,,,,,,,,,,,,,,,火,,,,,,,,,,,火,,,,,,,,,
住吉区,杉本,1丁目,12番,,,,,,,,,,,,,,,,,,月木,,,,,,金,,,,,,,,,,,,,,,,,,,,,,,火,,,,,,,,,,,火,,,,,,,,,
住吉区,杉本,1丁目,13番,,,,,,,,,,,,,,,,,,月木,,,,,,金,,,,,,,,,,,,,,,,,,,,,,,火,,,,,,,,,,,火,,,,,,,,,
住吉区,杉本,2丁目,1番,37~54号,,,,,,,,,,,,,,,,,月木,,,,,,,金,,,,,,,,,,,,,,,,火,,,,,,,,,,,,,,,,,火,,,,,,,,,
住吉区,杉本,2丁目,1番,上記以外,,,,,,,,,,,,,,,,,,月木,,,,,,金,,,,,,,,,,,,,,,,火,,,,,,,,,,,,,,,,,,,,,,,,火,,
住吉区,杉本,2丁目,2番,,,,,,,,,,,,,,,,,,月木,,,,,,,金,,,,,,,,,,,,,,,,火,,,,,,,,,,,,,,,,,,,,,,,,火,,
住吉区,杉本,2丁目,3番,軽四輪車(小さい車)で収集している地域,,,,,,,,,,,,,,,,,,月木,,,,,,金,,,,,,,,,,,,,,,,火,,,,,,,,,,,,,,,,,火,,,,,,,,,
住吉区,杉本,2丁目,3番,上記以外,,,,,,,,,,,,,,,,,月木,,,,,,金,,,,,,,,,,,,,,,,,,,,,,,火,,,,,,,,,,,火,,,,,,,,,
住吉区,杉本,2丁目,4番,2･11~15号,,,,,,,,,,,,,,,,,月木,,,,,,金,,,,,,,,,,,,,,,,,,,,,,,火,,,,,,,,,,,火,,,,,,,,,
住吉区,杉本,2丁目,4番,3号,,,,,,,,,,,,,,,,,月木,,,,,,金,,,,,,,,,,,,,,,,,,,,,,,火,,,,,火,,,,,,,,,,,,,,,
住吉区,杉本,2丁目,4番,上記以外,,,,,,,,,,,,,,,,,月木,,,,,,金,,,,,,,,,,,,,,,,,,,,,,,火,,,,,,,,,,,,,,,,,,火,,
住吉区,杉本,2丁目,5番,6~12･15~18号,,,,,,,,,,,,,,,,,月木,,,,,,金,,,,,,,,,,,,,,,,,,,,,,,火,,,,,,,,,,,火,,,,,,,,,
住吉区,杉本,2丁目,5番,上記以外,,,,,,,,,,,,,,,,,月木,,,,,,金,,,,,,,,,,,,,,,,,,,,,,,火,,,,,,,,,,,,,,,,,,火,,
住吉区,杉本,2丁目,6番,,,,,,,,,,,,,,,,,,月木,,,,,,金,,,,,,,,,,,,,,,,,,,,,,,火,,,,,,,,,,,火,,,,,,,,,
住吉区,杉本,2丁目,7番,,,,,,,,,,,,,,,,,,月木,,,,,金,,,,,,,,,,,,,,,,,,,,,,,,火,,,,,,,,,,,火,,,,,,,,,
住吉区,杉本,2丁目,8番,軽四輪車(小さい車)で収集している地域,,,,,,,,,,,,,,,,,月木,,,,,金,,,,,,,,,,,,,,,,,,,火,,,,,,,,,,,,,,,,火,,,,,,,,,
住吉区,杉本,2丁目,8番,上記以外,,,,,,,,,,,,,,,,,月木,,,,,金,,,,,,,,,,,,,,,,,,,,,,,火,,,,,,,,,,,,火,,,,,,,,,
住吉区,杉本,2丁目,9番,軽四輪車(小さい車)で収集している地域,,,,,,,,,,,,,,,,,月木,,,,,,金,,,,,,,,,,,,,,,,火,,,,,,,,,,,,,,,,,,火,,,,,,,,,
住吉区,杉本,2丁目,9番,上記以外,,,,,,,,,,,,,,,,,月木,,,,,金,,,,,,,,,,,,,,,,,,,,,,,火,,,,,,,,,,,,火,,,,,,,,,
住吉区,杉本,2丁目,10番,16~30号,,,,,,,,,,月木,,,,,,,,,,,,,金,,,,,,,,,,,,,,,,火,,,,,,,,,,,,,,,,,,火,,,,,,,,,
住吉区,杉本,2丁目,10番,上記以外,,,,,,,,,,,,,,,,,月木,,,,,,金,,,,,,,,,,,,,,,,火,,,,,,,,,,,,,,,,,,火,,,,,,,,,
住吉区,杉本,2丁目,11番,8~10号,,,,,,,,,,月木,,,,,,,,,,,,,金,,,,,,,,,,,,,,,,火,,,,,,,,,,,,,,,,,,火,,,,,,,,,
住吉区,杉本,2丁目,11番,上記以外,,,,,,,,,,,,,,,,,月木,,,,,,金,,,,,,,,,,,,,,,,火,,,,,,,,,,,,,,,,,,火,,,,,,,,,
住吉区,杉本,2丁目,12番,7~9号,,,,,,,,,,,,,,,,,月木,,,,,,金,,,,,,,,,,,,,,,,火,,,,,,,,,,,,,,,,,,火,,,,,,,,,
住吉区,杉本,2丁目,12番,上記以外,,,,,,,,,,,,,,,,月木,,,,,,,金,,,,,,,,,,,,,,,,火,,,,,,,,,,,,,,,,,,火,,,,,,,,,
住吉区,杉本,2丁目,13番,,,,,,,,,,,,,,,,,,月木,,,,,,金,,,,,,,,,,,,,,,,火,,,,,,,,,,,,,,,,,,火,,,,,,,,,
住吉区,杉本,2丁目,14番,8~10号,,,,,,,,,,月木,,,,,,,,,,,,,金,,,,,,,,,,,,,,,,火,,,,,,,,,,,,,,,,,,火,,,,,,,,,
住吉区,杉本,2丁目,14番,上記以外,,,,,,,,,,,,,,,,,月木,,,,,,金,,,,,,,,,,,,,,,,火,,,,,,,,,,,,,,,,,,火,,,,,,,,,
住吉区,杉本,2丁目,15番,,,,,,,,,,,,,,,,,,月木,,,,,,金,,,,,,,,,,,,,,,,火,,,,,,,,,,,,,,,,,,火,,,,,,,,,
住吉区,杉本,2丁目,16番,,,,,,,,,,,,,,,,,,月木,,,,,,金,,,,,,,,,,,,,,,,火,,,,,,,,,,,,,,,,,,火,,,,,,,,,
住吉区,杉本,2丁目,17番,,,,,,,,,,,,,,,,,月木,,,,,,,金,,,,,,,,,,,,,,,,火,,,,,,,,,,,,,,,,,,火,,,,,,,,,
住吉区,杉本,2丁目,18番,,,,,,,,,,,,,,,,,月木,,,,,,,金,,,,,,,,,,,,,,,,火,,,,,,,,,,,,,,,,,,,,,,,,,火,,
住吉区,杉本,2丁目,19番,5~6号,,,,,,,,,,,,,,,,,月木,,,,,,金,,,,,,,,,,,,,,,,火,,,,,,,,,,,,,,,,,,火,,,,,,,,,
住吉区,杉本,2丁目,19番,上記以外,,,,,,,,,,,,,,,,,月木,,,,,,金,,,,,,,,,,,,,,,,火,,,,,,,,,,,,,,,,,,,,,,,,,火,,
住吉区,杉本,2丁目,20番,1~3号,,,,,,,,,,,,,,,,,月木,,,,,,金,,,,,,,,,,,,,,,,,,,,,,火,,,,,,,,,,,,火,,,,,,,,,
住吉区,杉本,2丁目,20番,上記以外,,,,,,,,,,,,,,,,月木,,,,,,,金,,,,,,,,,,,,,,,,火,,,,,,,,,,,,,,,,,,火,,,,,,,,,
住吉区,杉本,2丁目,21番,7~10号,,,,,,,,,,月木,,,,,,,,,,,,,金,,,,,,,,,,,,,,,,火,,,,,,,,,,,,,,,,,,火,,,,,,,,,
住吉区,杉本,2丁目,21番,上記以外,,,,,,,,,,,,,,,,,月木,,,,,,金,,,,,,,,,,,,,,,,火,,,,,,,,,,,,,,,,,,火,,,,,,,,,
住吉区,杉本,2丁目,22番,8~17号,,,,,,,,,,月木,,,,,,,,,,,,,金,,,,,,,,,,,,,,,,火,,,,,,,,,,,,,,,,,,火,,,,,,,,,
住吉区,杉本,2丁目,22番,上記以外,,,,,,,,,,,,,,,,,月木,,,,,,金,,,,,,,,,,,,,,,,火,,,,,,,,,,,,,,,,,,火,,,,,,,,,
住吉区,杉本,2丁目,23番,,,,,,,,,,,月木,,,,,,,,,,,,,金,,,,,,,,,,,,,,,,火,,,,,,,,,,,,,,,,,,火,,,,,,,,,
住吉区,杉本,2丁目,24番,"3~7,10~15号",,,,,,,,,,月木,,,,,,,,,,,,,金,,,,,,,,,,,,,,,,火,,,,,,,,,,,,,,,,,,火,,,,,,,,,
住吉区,杉本,2丁目,24番,上記以外,,,,,,,,,,,,,,,,,月木,,,,,,金,,,,,,,,,,,,,,,,火,,,,,,,,,,,,,,,,,,火,,,,,,,,,
住吉区,杉本,2丁目,25番,7~11号,,,,,,,,,,,,,,,,,月木,,,,,金,,,,,,,,,,,,,,,,,,,,,,,火,,,,,,,,,,,,火,,,,,,,,,
住吉区,杉本,2丁目,25番,12~17号,,,,,,,,,,月木,,,,,,,,,,,,金,,,,,,,,,,,,,,,,,,,,,,,火,,,,,,,,,,,,火,,,,,,,,,
住吉区,杉本,2丁目,25番,上記以外,,,,,,,,,,,,,,,,月木,,,,,,,金,,,,,,,,,,,,,,,,火,,,,,,,,,,,,,,,,,,火,,,,,,,,,
住吉区,杉本,2丁目,26番,"7~17,30~32号",,,,,,,,,,月木,,,,,,,,,,,,,金,,,,,,,,,,,,,,,,火,,,,,,,,,,,,,,,,,,火,,,,,,,,,
住吉区,杉本,2丁目,26番,上記以外,,,,,,,,,,,,,,,,,月木,,,,,,金,,,,,,,,,,,,,,,,火,,,,,,,,,,,,,,,,,,火,,,,,,,,,
住吉区,杉本,2丁目,27番,3~12号,,,,,,,,,,,,,,,,,月木,,,,,金,,,,,,,,,,,,,,,,,,火,,,,,,,,,,,,,,,,,火,,,,,,,,,
住吉区,杉本,2丁目,27番,上記以外,,,,,,,,,,月木,,,,,,,,,,,,,金,,,,,,,,,,,,,,,,火,,,,,,,,,,,,,,,,,,火,,,,,,,,,
住吉区,杉本,2丁目,28番,軽四輪車(小さい車)で収集している地域,,,,,,,,,,,,,,,,,月木,,,,,,金,,,,,,,,,,,,,,,,火,,,,,,,,,,,,,,,,,,火,,,,,,,,,
住吉区,杉本,2丁目,28番,上記以外,,,,,,,,,,,,,,,,,月木,,,,,,金,,,,,,,,,,,,,,,,,,,,,,火,,,,,,,,,,,,火,,,,,,,,,
住吉区,杉本,2丁目,29番,,,,,,,,,,,,,,,,,,月木,,,,,,金,,,,,,,,,,,,,,,火,,,,,,,,,,,,,,,,,,,火,,,,,,,,,
住吉区,杉本,2丁目,30番,軽四輪車(小さい車)で収集している地域,,,,,,,,,,,,,,,,,月木,,,,,,金,,,,,,,,,,,,,,,,火,,,,,,,,,,,,,,,,,,火,,,,,,,,,
住吉区,杉本,2丁目,30番,上記以外,,,,,,,,,,,,,,,,,月木,,,,,金,,,,,,,,,,,,,,,,,,,,,,,火,,,,,,,,,,,,火,,,,,,,,,
住吉区,杉本,2丁目,31番,軽四輪車(小さい車)で収集している地域,,,,,,,,,,,,,,,,,月木,,,,,,金,,,,,,,,,,,,,,,,火,,,,,,,,,,,,,,,,,,火,,,,,,,,,
住吉区,杉本,2丁目,31番,上記以外,,,,,,,,,,,,,,,,,月木,,,,,金,,,,,,,,,,,,,,,,,,,,,,,火,,,,,,,,,,,,火,,,,,,,,,
住吉区,杉本,2丁目,32番,,,,,,,,,,,月木,,,,,,,,,,,,,金,,,,,,,,,,,,,,,,火,,,,,,,,,,,,,,,,,,火,,,,,,,,,
住吉区,墨江,1丁目,1番,,,,,,,火金,,,,,,,,,,,,,,,,,,,,,,,,,木,,,,,,,,,月,,,,,,,,,,,,,,,,,木,,,,,,,,,
住吉区,墨江,1丁目,2番,3~10号,,,,,,,,火金,,,,,,,,,,,,,,,,,木,,,,,,,,,,,,,,,月,,,,,,,,,,,,,,,,,木,,,,,,,,,
住吉区,墨江,1丁目,2番,上記以外,,,,,,火金,,,,,,,,,,,,,,,,,,,,,,,,,木,,,,,,,,,月,,,,,,,,,,,,,,,,,木,,,,,,,,,
住吉区,墨江,1丁目,3番,2~8号,,,,,,火金,,,,,,,,,,,,,,,,,,,,,,,,,木,,,,,,,,,月,,,,,,,,,,,,,,,,,木,,,,,,,,,
住吉区,墨江,1丁目,3番,11~19号,,,,,,火金,,,,,,,,,,,,,,,,,,木,,,,,,,,,,,,,,,,,,,,,月,,,,,,,,,,,,木,,,,,,,,,
住吉区,墨江,1丁目,4番,14･15号,,,,,,火金,,,,,,,,,,,,,,,,,,,,,,,木,,,,,,,,,,,,,,,,月,,,,,,,,,,,,木,,,,,,,,,
住吉区,墨江,1丁目,4番,1~13･16~18号,,,,,,火金,,,,,,,,,,,,,,,,,,,,,,,木,,,,,,,,,,,,,,,,月,,,,,,,,,,,,,,,,,,木,,,
住吉区,墨江,1丁目,5番,2~13号,,,,,,火金,,,,,,,,,,,,,,,,,,,,,,,,木,,,,,,,,,,,,,,,月,,,,,,,,,,,,木,,,,,,,,,
住吉区,墨江,1丁目,5番,上記以外,,,,,,火金,,,,,,,,,,,,,,,,,,,,,,,,,,,木,,,,,,,,,,,,月,,,,,,,,,,,,木,,,,,,,,,
住吉区,墨江,1丁目,6番,軽四輪車(小さい車)で収集している地域,,,,,,,火金,,,,,,,,,,,,,,,,,,,,,,木,,,,,,,,,,,,,,,,月,,,,,,,,,,,,木,,,,,,,,,
住吉区,墨江,1丁目,6番,上記以外,,,,,,火金,,,,,,,,,,,,,,,,,,,,,,,,,,,木,,,,,,,,,,,,月,,,,,,,,,,,,木,,,,,,,,,
住吉区,墨江,1丁目,7番,軽四輪車(小さい車)で収集している地域,,,,,,,,,,火金,,,,,,,,,,,,,,,,,,,,,,,木,,,,,,,,,,,,月,,,,,,,,,,,,木,,,,,,,,,
住吉区,墨江,1丁目,7番,上記以外,,,,,,火金,,,,,,,,,,,,,,,,,,,,,,,,,,,木,,,,,,,,,,,,月,,,,,,,,,,,,木,,,,,,,,,
住吉区,墨江,1丁目,8番,,,,,,,火金,,,,,,,,,,,,,,,,,,,,,,,,,,,木,,,,,,,,,,,,月,,,,,,,,,,,,木,,,,,,,,,
住吉区,墨江,1丁目,9番,軽四輪車(小さい車)で収集している地域,,,,,,,,,火金,,,,,,,,,,,,,,,,,,,,木,,,,,,,,,,,,,,,,月,,,,,,,,,,,,木,,,,,,,,,
住吉区,墨江,1丁目,9番,上記以外,,,,,,火金,,,,,,,,,,,,,,,,,,,,,,,,,,,木,,,,,,,,,,,,月,,,,,,,,,,,,木,,,,,,,,,
住吉区,墨江,1丁目,10番,軽四輪車(小さい車)で収集している地域,,,,,,,,,火金,,,,,,,,,,,,,,,,,,,,木,,,,,,,,,,月,,,,,,,,,,,,,,,,,,木,,,,,,,,,
住吉区,墨江,1丁目,10番,上記以外,,,,,,火金,,,,,,,,,,,,,,,,,,,,,,,,,,,木,,,,,,,,,,,,,月,,,,,,,,,,,木,,,,,,,,,
住吉区,墨江,1丁目,11番,軽四輪車(小さい車)で収集している地域,,,,,,,,,火金,,,,,,,,,,,,,,,,,,,,木,,,,,,,,,,,,,,,,月,,,,,,,,,,,,木,,,,,,,,,
住吉区,墨江,1丁目,11番,上記以外,,,,,,火金,,,,,,,,,,,,,,,,,,,,,,,,,,,木,,,,,,,,,,,,月,,,,,,,,,,,,木,,,,,,,,,
住吉区,墨江,2丁目,1番,,,,,,,水土,,,,,,,,,,,,,,,,,,,,,,,,木,,,,,,,,月,,,,,,,,,,,,,,,,,,,金,,,,,,,,,
住吉区,墨江,2丁目,2番,,,,,,,水土,,,,,,,,,,,,,,,,,,,木,,,,,,,,,,,,,,,,,,,,,,月,,,,,,,,,,金,,,,,,,,,
住吉区,墨江,2丁目,3番,,,,,,,水土,,,,,,,,,,,,,,,,,,木,,,,,,,,,,,,,,月,,,,,,,,,,,,,,,,,,,金,,,,,,,,,
住吉区,墨江,2丁目,4番,39･40号,,,,,,,水土,,,,,,,,,,,,,,,木,,,,,,,,,,,,,,,,,,,,,,,,,月,,,,,,,,,,金,,,,,,,,,
住吉区,墨江,2丁目,4番,上記以外,,,,,,水土,,,,,,,,,,,,,,,,木,,,,,,,,,,,,,,,,,,,,,,,,,月,,,,,,,,,,金,,,,,,,,,
住吉区,墨江,2丁目,5番,28~32号,,,,,,,水土,,,,,,,,,,,,,,,木,,,,,,,,,,,,,,,,,,,,,,,,,,月,,,,,,,,,金,,,,,,,,,
住吉区,墨江,2丁目,5番,上記以外,,,,,,水土,,,,,,,,,,,,,,,,木,,,,,,,,,,,,,,,,,,,,,,,,,,月,,,,,,,,,金,,,,,,,,,
住吉区,墨江,2丁目,6番,11~15号,,,,,,,水土,,,,,,,,,,,,,,,,木,,,,,,,,,,,,,,,,,,,,,,,,,,,月,,,,,,,金,,,,,,,,,
住吉区,墨江,2丁目,6番,上記以外,,,,,,水土,,,,,,,,,,,,,,,,,木,,,,,,,,,,,,,,,,,,,,,,,,,,,月,,,,,,,金,,,,,,,,,
住吉区,墨江,2丁目,7番,,,,,,,水土,,,,,,,,,,,,,,,,,木,,,,,,,,,,,,,,,,,,,,,,,,,,,月,,,,,,,金,,,,,,,,,
住吉区,墨江,2丁目,8番,,,,,,,水土,,,,,,,,,,,,,,,,,木,,,,,,,,,,,,,,,,,,,,,,,,,月,,,,,,,,,金,,,,,,,,,
住吉区,墨江,3丁目,1番,,,,,,,水土,,,,,,,,,,,,,,,,,,,木,,,,,,,,,,,,,,,,,,,,,,,月,,,,,,,,,金,,,,,,,,,
住吉区,墨江,3丁目,2番,2･3･9号,,,,,,,水土,,,,,,,,,,,,,,,,木,,,,,,,,,,,,,,,,,,,,,,,,,,,月,,,,,,,金,,,,,,,,,
住吉区,墨江,3丁目,2番,上記以外,,,,,,水土,,,,,,,,,,,,,,,,,木,,,,,,,,,,,,,,,,,,,,,,,,,,,月,,,,,,,金,,,,,,,,,
住吉区,墨江,3丁目,3番,9･11号,,,,,,,水土,,,,,,,,,,,,,,,,木,,,,,,,,,,,,,,,,,,,,,,,,,,,月,,,,,,,金,,,,,,,,,
住吉区,墨江,3丁目,3番,上記以外,,,,,,水土,,,,,,,,,,,,,,,,,木,,,,,,,,,,,,,,,,,,,,,,,,,,,月,,,,,,,金,,,,,,,,,
住吉区,墨江,3丁目,4番,,,,,,,水土,,,,,,,,,,,,,,,,木,,,,,,,,,,,,,,,,,,,,,,,,,,月,,,,,,,,,金,,,,,,,,,
住吉区,墨江,3丁目,5番,14~20号,,,,,,,,水土,,,,,,,,,,,,,,,,木,,,,,,,,,,,,,,,,,,,,,,月,,,,,,,,,,,金,,,,,,,,,
住吉区,墨江,3丁目,5番,上記以外,,,,,,水土,,,,,,,,,,,,,,,,,,木,,,,,,,,,,,,,,,,,,,,,,月,,,,,,,,,,,金,,,,,,,,,
住吉区,墨江,3丁目,6番,1~7･14~22号,,,,,,,,水土,,,,,,,,,,,,,,,,木,,,,,,,,,,,,,,,,,,,,,,,月,,,,,,,,,,金,,,,,,,,,
住吉区,墨江,3丁目,6番,上記以外,,,,,,水土,,,,,,,,,,,,,,,,木,,,,,,,,,,,,,,,,,,,,,,,,,月,,,,,,,,,,金,,,,,,,,,
住吉区,墨江,3丁目,7番,,,,,,,水土,,,,,,,,,,,,,,,,木,,,,,,,,,,,,,,,,,,,,,,,,月,,,,,,,,,,,金,,,,,,,,,
住吉区,墨江,3丁目,8番,12~15号,,,,,,水土,,,,,,,,,,,,,,,,木,,,,,,,,,,,,,,,,,,,,,,,,月,,,,,,,,,,,金,,,,,,,,,
住吉区,墨江,3丁目,8番,上記以外,,,,,,,,水土,,,,,,,,,,,,,,木,,,,,,,,,,,,,,,,,,,,,,,,月,,,,,,,,,,,金,,,,,,,,,
住吉区,墨江,3丁目,9番,2~9号,,,,,,,,水土,,,,,,,,,,,,,,,木,,,,,,,,,,,,,,,,,,,,,,,月,,,,,,,,,,,金,,,,,,,,,
住吉区,墨江,3丁目,9番,上記以外,,,,,,水土,,,,,,,,,,,,,,,,,木,,,,,,,,,,,,,,,,,,,,,,,月,,,,,,,,,,,金,,,,,,,,,
住吉区,墨江,3丁目,10番,1~3号,,,,,,,水土,,,,,,,,,,,,,,,,木,,,,,,,,,,,,,,,,,,,,,,,月,,,,,,,,,,,金,,,,,,,,,
住吉区,墨江,3丁目,10番,上記以外,,,,,,水土,,,,,,,,,,,,,,,,,木,,,,,,,,,,,,,,,,,,,,,,,月,,,,,,,,,,,金,,,,,,,,,
住吉区,墨江,3丁目,11番,,,,,,,水土,,,,,,,,,,,,,,,,木,,,,,,,,,,,,,,,,,,,,,,,,,月,,,,,,,,,,金,,,,,,,,,
住吉区,墨江,3丁目,12番,,,,,,,水土,,,,,,,,,,,,,,,,木,,,,,,,,,,,,,,,,,,,,,,,,,,月,,,,,,,,,金,,,,,,,,,
住吉区,墨江,3丁目,13番,,,,,,,水土,,,,,,,,,,,,,,,,,木,,,,,,,,,,,,,,,,,,,,,,,,,月,,,,,,,,,金,,,,,,,,,
住吉区,墨江,3丁目,14番,,,,,,,水土,,,,,,,,,,,,,,,,木,,,,,,,,,,,,,,,,,,,,,,,,月,,,,,,,,,,,金,,,,,,,,,
住吉区,墨江,3丁目,15番,,,,,,,水土,,,,,,,,,,,,,,,,木,,,,,,,,,,,,,,,,,,,,,,,,月,,,,,,,,,,,金,,,,,,,,,
住吉区,墨江,3丁目,16番,,,,,,,水土,,,,,,,,,,,,,,,,木,,,,,,,,,,,,,,,,,,,,,,,,月,,,,,,,,,,,金,,,,,,,,,
住吉区,墨江,3丁目,17番,14~22号,,,,,,,,水土,,,,,,,,,,,,,,木,,,,,,,,,,,,,,,,月,,,,,,,,,,,,,,,,,,,金,,,,,,,,,
住吉区,墨江,3丁目,17番,上記以外,,,,,,水土,,,,,,,,,,,,,,,,木,,,,,,,,,,,,,,,,月,,,,,,,,,,,,,,,,,,,金,,,,,,,,,
住吉区,墨江,3丁目,18番,13~16号,,,,,,,,水土,,,,,,,,,,,,,,木,,,,,,,,,,,,,,,,,,,,,,,,,月,,,,,,,,,,金,,,,,,,,,
住吉区,墨江,3丁目,18番,上記以外,,,,,,水土,,,,,,,,,,,,,,,,木,,,,,,,,,,,,,,,,,,,,,,,,,月,,,,,,,,,,金,,,,,,,,,
住吉区,墨江,3丁目,19番,15~19号,,,,,,水土,,,,,,,,,,,,,,,,木,,,,,,,,,,,,,,,,,,,,,,,,月,,,,,,,,,,,金,,,,,,,,,
住吉区,墨江,3丁目,19番,上記以外,,,,,,,,水土,,,,,,,,,,,,,,木,,,,,,,,,,,,,,,,月,,,,,,,,,,,,,,,,,,,金,,,,,,,,,
住吉区,墨江,3丁目,20番,,,,,,,水土,,,,,,,,,,,,,,,,木,,,,,,,,,,,,,,,,月,,,,,,,,,,,,,,,,,,,金,,,,,,,,,
住吉区,墨江,3丁目,21番,軽四輪車(小さい車)で収集している地域,,,,,,水土,,,,,,,,,,,,,,,,木,,,,,,,,,,,,,,,,月,,,,,,,,,,,,,,,,,,,金,,,,,,,,,
住吉区,墨江,3丁目,21番,上記以外,,,,,,水土,,,,,,,,,,,,,,,,木,,,,,,,,,,,,,,,,,,,,,,,,月,,,,,,,,,,,金,,,,,,,,,
住吉区,墨江,3丁目,22番,軽四輪車(小さい車)で収集している地域,,,,,,水土,,,,,,,,,,,,,,,,木,,,,,,,,,,,,,,,,月,,,,,,,,,,,,,,,,,,,金,,,,,,,,,
住吉区,墨江,3丁目,22番,上記以外,,,,,,水土,,,,,,,,,,,,,,,,木,,,,,,,,,,,,,,,,,,,,,,,,月,,,,,,,,,,,金,,,,,,,,,
住吉区,墨江,3丁目,23番,軽四輪車(小さい車)で収集している地域,,,,,,,水土,,,,,,,,,,,,,,,木,,,,,,,,,,,,,,,,月,,,,,,,,,,,,,,,,,,,金,,,,,,,,,
住吉区,墨江,3丁目,23番,上記以外,,,,,,水土,,,,,,,,,,,,,,,,木,,,,,,,,,,,,,,,,,,,,,,,,月,,,,,,,,,,,金,,,,,,,,,
住吉区,墨江,4丁目,1番,29~57号,,,,,,水土,,,,,,,,,,,,,,,,,木,,,,,,,,,,,,,,,,,,,,,,,,月,,,,,,,,,,金,,,,,,,,,
住吉区,墨江,4丁目,1番,上記以外,,,,,,,,,,水土,,,,,,,,,,,,,木,,,,,,,,,,,,,,,,,,,,,,,,月,,,,,,,,,,,,,,,,,金,,
住吉区,墨江,4丁目,2番,,,,,,,,,,,水土,,,,,,,,,,,,,,木,,,,,,,,,,,,,,,,,,,,,,,,,月,,,,,,,,,,,,,,,金,,
住吉区,墨江,4丁目,3番,,,,,,,,,,,水土,,,,,,,,,,,,,,木,,,,,,,,,,,,,,,,,,,,,,,,,月,,,,,,,,,,,,,,,金,,
住吉区,墨江,4丁目,4番,,,,,,,,,,,水土,,,,,,,,,,,,,,木,,,,,,,,,,,,,,,,,,,,,,,,,月,,,,,,,,,,,,,,,金,,
住吉区,墨江,4丁目,5番,,,,,,,,,,,水土,,,,,,,,,,,,,,木,,,,,,,,,,,,,,,,,,,,,,,,月,,,,,,,,,,,,,,,,金,,
住吉区,墨江,4丁目,6番,軽四輪車(小さい車)で収集している地域,,,,,,,,,水土,,,,,,,,,,,,,,木,,,,,,,,,,,,,,,,,月,,,,,,,,,,,,,,,,,,,,,,,,金,,
住吉区,墨江,4丁目,6番,16~21号,,,,,,水土,,,,,,,,,,,,,,,,,,木,,,,,,,,,,,,,,,,,,,,,,,,,月,,,,,,,,,,,,,,,金,,
住吉区,墨江,4丁目,6番,上記以外,,,,,,,,,,水土,,,,,,,,,,,,,,木,,,,,,,,,,,,,,,,,,,,,,,,,月,,,,,,,,,,,,,,,金,,
住吉区,墨江,4丁目,7番,,,,,,,,,,,水土,,,,,,,,,,,,,,木,,,,,,,,,,,,,,,月,,,,,,,,,,,,,,,,,,,,,,,,,金,,
住吉区,墨江,4丁目,8番,軽四輪車(小さい車)で収集している地域,,,,,,,,,水土,,,,,,,,,,,,,,木,,,,,,,,,,,,,,,月,,,,,,,,,,,,,,,,,,,,,,,,,,金,,
住吉区,墨江,4丁目,8番,上記以外,,,,,,,,,,,,,,,,,水土,,,,,,,木,,,,,,,,,,,,,,,,,,,,,,,月,,,,,,,,,,,,,,,,,金,,
住吉区,墨江,4丁目,9番,軽四輪車(小さい車)で収集している地域,,,,,,,,,水土,,,,,,,,,,,,,,木,,,,,,,,,,,,,,,月,,,,,,,,,,,,,,,,,,,,,,,,,,金,,
住吉区,墨江,4丁目,9番,8~15号,,,,,,,,,,,,,,,,,水土,,,,,,,木,,,,,,,,,,,,,,,,,,,,,,,月,,,,,,,,,,,,,,,,,金,,
住吉区,墨江,4丁目,9番,上記以外,,,,,,,,,水土,,,,,,,,,,,,,,,木,,,,,,,,,,,,,,,,,,,,,,,月,,,,,,,,,,,,,,,,,金,,
住吉区,墨江,4丁目,10番,,,,,,,,,,,水土,,,,,,,,,,,,,,木,,,,,,,,,,,,,,,,,,,,,,,月,,,,,,,,,,,,,,,,,金,,
住吉区,墨江,4丁目,11番,,,,,,,,,,,水土,,,,,,,,,,,,,木,,,,,,,,,,,,,,,,,,,,,,,,,,月,,,,,,,,,,,,,,,金,,
住吉区,墨江,4丁目,12番,軽四輪車(小さい車)で収集している地域,,,,,,,,,水土,,,,,,,,,,,,,,木,,,,,,,,,,,,,,,月,,,,,,,,,,,,,,,,,,,,,,,,,,金,,
住吉区,墨江,4丁目,12番,上記以外,,,,,,,,,,水土,,,,,,,,,,,,木,,,,,,,,,,,,,,,,,,,,,,,,月,,,,,,,,,,,金,,,,,,,,,
住吉区,墨江,4丁目,13番,1~15号,,,,,,水土,,,,,,,,,,,,,,,,木,,,,,,,,,,,,,,,,,,,,,,,,月,,,,,,,,,,,金,,,,,,,,,
住吉区,墨江,4丁目,13番,上記以外,,,,,,,,,,水土,,,,,,,,,,,,木,,,,,,,,,,,,,,,,,,,,,,,,,月,,,,,,,,,,金,,,,,,,,,
住吉区,墨江,4丁目,14番,2~4･11~21号,,,,,,水土,,,,,,,,,,,,,,,,,木,,,,,,,,,,,,,,,,,,,,,,,,月,,,,,,,,,,,,,,,,,金,,
住吉区,墨江,4丁目,14番,上記以外,,,,,,,,,,水土,,,,,,,,,,,,,木,,,,,,,,,,,,,,,,,,,,,,,,月,,,,,,,,,,,,,,,,,金,,
住吉区,墨江,4丁目,15番,,,,,,,水土,,,,,,,,,,,,,,,,,,木,,,,,,,,,,,,,,,,,,,,,,,月,,,,,,,,,,,,,,,,,金,,
住吉区,住吉,1丁目,1番,,,,,,,火金,,,,,,,,,,,,,,,,,,,,,,,,,,,木,,,,,,,,,,,,月,,,,,,,,,,,,,,,,,,,,,
住吉区,住吉,1丁目,2番,,,,,,,火金,,,,,,,,,,,,,,,,,,,,,,,,,,,,木,,,,,,,,,,,,月,,,,,,,,,,,,,,,,,,,,
住吉区,住吉,1丁目,3番,,,,,,,火金,,,,,,,,,,,,,,,,,,,,,,,,,,木,,,,,,,,月,,,,,,,,,,,,,,,,,,,,,,,,,,
住吉区,住吉,1丁目,4番,,,,,,,火金,,,,,,,,,,,,,,,,,,,,,,,,,,木,,,,,,,,月,,,,,,,,,,,,,,,,,,,,,,,,,,
住吉区,住吉,1丁目,5番,4~21号,,,,,,,,,,火金,,,,,,,,,,,,,,,,,,,,,木,,,,,,,,,,,,,,月,,,,,,,,,,,,,,,,,,,,,
住吉区,住吉,1丁目,5番,上記以外,,,,,,火金,,,,,,,,,,,,,,,,,,,,,,,,,木,,,,,,,,,,,,,,月,,,,,,,,,,,,,,,,,,,,,
住吉区,住吉,1丁目,6番,,,,,,,,,,,火金,,,,,,,,,,,,,,,,,,,,,,,木,,,,,月,,,,,,,,,,,,,,,,,,,,,,,,,,,,
住吉区,住吉,1丁目,7番,,,,,,,,,,,火金,,,,,,,,,,,,,,,,,,,,,,木,,,,,,月,,,,,,,,,,,,,,,,,,,,,,,,,,,,
住吉区,住吉,1丁目,8番,,,,,,,,,,,火金,,,,,,,,,,,,,,,,,,,,,木,,,,,,,月,,,,,,,,,,,,,,,,,,,,,,,,,,,,
住吉区,住吉,1丁目,9番,,,,,,,,,,,火金,,,,,,,,,,,,,,,,,,,木,,,,,,,,,,,月,,,,,,,,,,,,,,,,,,,,,,,,,,
住吉区,住吉,1丁目,10番,,,,,,,,,,,火金,,,,,,,,,,,,,,,,,,,木,,,,,,,,,月,,,,,,,,,,,,,,,,,,,,,,,,,,,,
住吉区,住吉,1丁目,11番,2~10号,,,,,,火金,,,,,,,,,,,,,,,,,,,,,,,,,,,木,,,,,月,,,,,,,,,,,,,,,,,,,,,,,,,,,,
住吉区,住吉,1丁目,11番,上記以外,,,,,,,,,,火金,,,,,,,,,,,,,,,,,,,,,,,木,,,,,月,,,,,,,,,,,,,,,,,,,,,,,,,,,,
住吉区,住吉,1丁目,12番,,,,,,,火金,,,,,,,,,,,,,,,,,,,,,,,,木,,,,,,,,,,,,,,,月,,,,,,,,,,,,,,,,,,,,,
住吉区,住吉,1丁目,13番,1~12号,,,,,,,,,,火金,,,,,,,,,,,,,,,,,,,木,,,,,,,,,月,,,,,,,,,,,,,,,,,,,,,,,,,,,,
住吉区,住吉,1丁目,13番,上記以外,,,,,,火金,,,,,,,,,,,,,,,,,,,,,,,木,,,,,,,,,月,,,,,,,,,,,,,,,,,,,,,,,,,,,,
住吉区,住吉,1丁目,14番,軽四輪車(小さい車)で収集している地域,,,,,,火金,,,,,,,,,,,,,,,,,,,,,,,,,,木,,,,,,,,月,,,,,,,,,,,,,,,,,,,,,,,,,,
住吉区,住吉,1丁目,14番,上記以外,,,,,,,,,,火金,,,,,,,,,,,,,,,,,,,,,,木,,,,,,,,月,,,,,,,,,,,,,,,,,,,,,,,,,,
住吉区,住吉,2丁目,1番,軽四輪車(小さい車)で収集している地域,,,,,,,火金,,,,,,,,,,,,,,,,,,,,,,,,木,,,,,,,,,,,,,,月,,,,,,,,,,,,,,,,,,,,,
住吉区,住吉,2丁目,1番,上記以外,,,,,,火金,,,,,,,,,,,,,,,,,,,,,,,,,木,,,,,,,,,,,,,,月,,,,,,,,,,,,,,,,,,,,,
住吉区,住吉,2丁目,2番,軽四輪車(小さい車)で収集している地域,,,,,,,火金,,,,,,,,,,,,,,,,,,,,,,,木,,,,,,,,,,,,,,,月,,,,,,,,,,,,,,,,,,,,,
住吉区,住吉,2丁目,2番,上記以外,,,,,,火金,,,,,,,,,,,,,,,,,,,,,,,,木,,,,,,,,,,,,,,,月,,,,,,,,,,,,,,,,,,,,,
住吉区,住吉,2丁目,3番,軽四輪車(小さい車)で収集している地域,,,,,,,火金,,,,,,,,,,,,,,,,,,,,,,,,木,,,,,,,,,,,,,,月,,,,,,,,,,,,,,,,,,,,,
住吉区,住吉,2丁目,3番,上記以外,,,,,,火金,,,,,,,,,,,,,,,,,,,,,,,,,木,,,,,,,,,,,,,,月,,,,,,,,,,,,,,,,,,,,,
住吉区,住吉,2丁目,4番,,,,,,,火金,,,,,,,,,,,,,,,,,,,,,,,,,,木,,,,,,,,月,,,,,,,,,,,,,,,,,,,,,,,,,,
住吉区,住吉,2丁目,5番,軽四輪車(小さい車)で収集している地域,,,,,,,火金,,,,,,,,,,,,,,,,,,,,,,,,,木,,,,,,,,月,,,,,,,,,,,,,,,,,,,,,,,,,,
住吉区,住吉,2丁目,5番,上記以外,,,,,,火金,,,,,,,,,,,,,,,,,,,,,,,,,,木,,,,,,,,月,,,,,,,,,,,,,,,,,,,,,,,,,,
住吉区,住吉,2丁目,6番,,,,,,,火金,,,,,,,,,,,,,,,,,,,,,,,,,木,,,,,,,,,,,,,,月,,,,,,,,,,,,,,,,,,,,,
住吉区,住吉,2丁目,7番,軽四輪車(小さい車)で収集している地域,,,,,,,火金,,,,,,,,,,,,,,,,,,,,,,木,,,,,,,,,,月,,,,,,,,,,,,,,,,,,,,,,,,,,,
住吉区,住吉,2丁目,7番,上記以外,,,,,,火金,,,,,,,,,,,,,,,,,,,,,,,木,,,,,,,,,,月,,,,,,,,,,,,,,,,,,,,,,,,,,,
住吉区,住吉,2丁目,8番,軽四輪車(小さい車)で収集している地域,,,,,,,火金,,,,,,,,,,,,,,,,,,,,,,,,,木,,,,,,月,,,,,,,,,,,,,,,,,,,,,,,,,,,,
住吉区,住吉,2丁目,8番,上記以外,,,,,,火金,,,,,,,,,,,,,,,,,,,,,,,,,,木,,,,,,月,,,,,,,,,,,,,,,,,,,,,,,,,,,,
住吉区,住吉,2丁目,9番,,,,,,,火金,,,,,,,,,,,,,,,,,,,,,,,,木,,,,,,,,,,,,,,,月,,,,,,,,,,,,木,,,,,,,,,
住吉区,住吉,2丁目,10番,,,,,,,火金,,,,,,,,,,,,,,,,,,,,,,,木,,,,,,,,,,,,,,,,月,,,,,,,,,,,,木,,,,,,,,,
住吉区,住吉,2丁目,11番,,,,,,,火金,,,,,,,,,,,,,,,,,,,,,,,,,,,木,,,,,,,,,,,,月,,,,,,,,,,,,木,,,,,,,,,
住吉区,住吉,2丁目,12番,,,,,,,火金,,,,,,,,,,,,,,,,,,,,,,,木,,,,,,,,,,,,,,,,月,,,,,,,,,,,,木,,,,,,,,,
住吉区,住吉,2丁目,13番,,,,,,,火金,,,,,,,,,,,,,,,,,,,,,,,木,,,,,,,,,,,,,,,,月,,,,,,,,,,,,木,,,,,,,,,
住吉区,住吉,2丁目,14番,,,,,,,火金,,,,,,,,,,,,,,,,,,,,,,,,,,,木,,,,,,,,,,,,月,,,,,,,,,,,,木,,,,,,,,,
住吉区,住吉,2丁目,15番,,,,,,,火金,,,,,,,,,,,,,,,,,,,,,,,木,,,,,,,,,,,,,,,,月,,,,,,,,,,,,木,,,,,,,,,
住吉区,住吉,2丁目,16番,,,,,,,火金,,,,,,,,,,,,,,,,,,,,,,,木,,,,,,,,,,,,,,,,月,,,,,,,,,,,,木,,,,,,,,,
住吉区,住吉,2丁目,17番,,,,,,,火金,,,,,,,,,,,,,,,,,,,,,,,木,,,,,,,,,,,,,,,,月,,,,,,,,,,,,木,,,,,,,,,
住吉区,千躰,1丁目,1番,,,,,,,,,火金,,,,,,,,,,,,,,,,,,,,,,,,木,,,,,,,,月,,,,,,,,,,,,,,,,,木,,,,,,,,,
住吉区,千躰,1丁目,2番,18~21号,,,,,,,,,,火金,,,,,,,,,,,,,,,,,,,,,,木,,,,,,,,,月,,,,,,,,,,,,,,,,木,,,,,,,,,
住吉区,千躰,1丁目,2番,上記以外,,,,,,,,火金,,,,,,,,,,,,,,,,,,,,,,,,木,,,,,,,,,月,,,,,,,,,,,,,,,,木,,,,,,,,,
住吉区,千躰,1丁目,3番,,,,,,,,,,,火金,,,,,,,,,,,,,,,,,,,,,,木,,,,,,,,月,,,,,,,,,,,,,,,,,木,,,,,,,,,
住吉区,千躰,1丁目,4番,,,,,,,,,,,火金,,,,,,,,,,,,,,,,,,,,木,,,,,,,,月,,,,,,,,,,,,,,,,,,,木,,,,,,,,,
住吉区,千躰,2丁目,1番,,,,,,,,,,,,,,,,,,水土,,,,,,,,,,,,,,木,,,,,,,,,月,,,,,,,,,,,,,,,,,木,,,,,,,,,
住吉区,千躰,2丁目,2番,,,,,,,,,,,,,,,,,,水土,,,,,,,,,,,,,,木,,,,,,,月,,,,,,,,,,,,,,,,,,,木,,,,,,,,,
住吉区,千躰,2丁目,3番,,,,,,,,,,,,,,,,,,水土,,,,,,,,,,,,,,,木,,,,,,月,,,,,,,,,,,,,,,,,,,木,,,,,,,,,
住吉区,千躰,2丁目,4番,,,,,,,,,,,,,,,,,,水土,,,,,,,,,,,,,,木,,,,,,,月,,,,,,,,,,,,,,,,,,,木,,,,,,,,,
住吉区,千躰,2丁目,5番,,,,,,,,,,,,,,,,,,水土,,,,,,,,,,,,,,木,,,,,,,月,,,,,,,,,,,,,,,,,,,木,,,,,,,,,
住吉区,千躰,2丁目,6番,,,,,,,,,,,,,,,,,,水土,,,,,,,,,,,,,,,木,,,,,,月,,,,,,,,,,,,,,,,,,,木,,,,,,,,,
住吉区,千躰,2丁目,7番,,,,,,,,,,,,,,,,,,水土,,,,,,,,,,,,,木,,,,,,,,,,,,月,,,,,,,,,,,,,,,木,,,,,,,,,
住吉区,千躰,2丁目,8番,,,,,,,,,,,,,,,,,,水土,,,,,,,,,,,,,,木,,,,,,,月,,,,,,,,,,,,,,,,,,,木,,,,,,,,,
住吉区,大領,1丁目,1番,,,,,,,,,,,,,,,,,,火金,,,,,,土,,,,,,,,,,,,,,,水,,,,,,,,,,,,,,,,,,,,,,,,,,,,
住吉区,大領,1丁目,2番,,,,,,,,,,,,,,,,,,火金,,,,,,,土,,,,,,,,,,,,,,水,,,,,,,,,,,,,,,,,,,,,,,,,,,,
住吉区,大領,1丁目,3番,,,,,,,,,,,,,,,,,,火金,,,,,,,土,,,,,,,,,,,,,,水,,,,,,,,,,,,,,,,,,,,,,,,,,,,
住吉区,大領,2丁目,1番,,,,,,,,,,,,,,,,,,火金,,,,,,,,土,,,,,,,,,,,,,,,,,,,,,,,,水,,,,,,,,,,,,,,,,,
住吉区,大領,2丁目,2番,,,,,,,,,,,,,,,,,,火金,,,,,,,土,,,,,,,,,,,,,,,,水,,,,,,,,,,,,,,,,,,,,,,,,,,
住吉区,大領,2丁目,3番,,,,,,,,,,,,,,,,,,火金,,,,,,,土,,,,,,,,,,,,,,,,,,,,,,,,,水,,,,,,,,,,,,,,,,,
住吉区,大領,2丁目,4番,,,,,,,,,,,,,,,,,,火金,,,,,,,土,,,,,,,,,,,,,,,,,,,,,,,,,水,,,,,,,,,,,,,,,,,
住吉区,大領,2丁目,5番,,,,,,,,,,,,,,,,,,火金,,,,,,,土,,,,,,,,,,,,,,,水,,,,,,,,,,,,,,,,,,,,,,,,,,,
住吉区,大領,2丁目,6番,1~10号,,,,,,,,,,,,,,,,,火金,,,,,,,土,,,,,,,,,,,,,,,水,,,,,,,,,,,,,,,,,,,,,,,,,,,
住吉区,大領,2丁目,6番,11~31号,,,,,,,,,,,,,,,,,火金,,,,,,,土,,,,,,,,,,,,,,,,,,,,,,,,,水,,,,,,,,,,,,,,,,,
住吉区,大領,2丁目,7番,,,,,,,,,,,,,,,,,,火金,,,,,,土,,,,,,,,,,,,,,,,水,,,,,,,,,,,,,,,,,,,,,,,,,,,
住吉区,大領,2丁目,8番,,,,,,,,,,,,,,,,,,火金,,,,,,,土,,,,,,,,,,,,,,,,,,,,,,,,水,,,,,,,,,,,,,,,,,,
住吉区,大領,2丁目,9番,,,,,,,,,,,,,,,,,,火金,,,,,,土,,,,,,,,,,,,,,,,,,,,,,,,,水,,,,,,,,,,,,,,,,,,
住吉区,大領,3丁目,1番,,,,,,,,,,,,,,,,,,火金,,,,,,土,,,,,,,,,,,,,,,,,,,,,,,,,水,,,,,,,,,,,,,,,,,,
住吉区,大領,3丁目,2番,,,,,,,,,,,,,,,,,,火金,,,,,,,土,,,,,,,,,,,,,,,,,,,,,,,,水,,,,,,,,,,,,,,,,,,
住吉区,大領,3丁目,3番,,,,,,,,,,,,,,,,,,火金,,,,,,,土,,,,,,,,,,,,,,,,,,,,,,,,,水,,,,,,,,,,,,,,,,,
住吉区,大領,3丁目,4番,,,,,,,,,,,,,,,,,,火金,,,,,,土,,,,,,,,,,,,,,,,,,,,,,,,,,水,,,,,,,,,,,,,,,,,
住吉区,大領,3丁目,5番,,,,,,,,,,,,,,,,,,火金,,,,,,土,,,,,,,,,,,,,,,,,,,,,,,,,,水,,,,,,,,,,,,,,,,,
住吉区,大領,3丁目,6番,,,,,,,,,,,,,,,,,,火金,,,,,,,土,,,,,,,,,,,,,,,,,,,,,,,,,水,,,,,,,,,,,,,,,,,
住吉区,大領,3丁目,7番,,,,,,,,,,,,,,,,,,火金,,,,,土,,,,,,,,,,,,,,,,,,,,,,,,,,,水,,,,,,,,,,,,,,,,,
住吉区,大領,3丁目,8番,,,,,,,,,,,,,,,,,,火金,,,,,,土,,,,,,,,,,,,,,,,,,,,,,,,水,,,,,,,,,,,,,,,,,,,
住吉区,大領,3丁目,9番,,,,,,,,,,,,,,,,,,火金,,,,,,,,,,,,,,土,,,,,,,,,,,,,,,水,,,,,,,,,,,,,,,,,,,,
住吉区,大領,4丁目,1番,,,,,,,,,,,,,,,,,,火金,,,,,土,,,,,,,,,,,,,,,,,,,,,,,,,,,水,,,,,,,,,,,,,,,,,
住吉区,大領,4丁目,2番,,,,,,,,,,,,,,,,,,火金,,,,,,土,,,,,,,,,,,,,,,,,,,,,,,,,水,,,,,,,,,,,,,,,,,,
住吉区,大領,4丁目,3番,,,,,,,,,,,,,,,,,,火金,,,,,,土,,,,,,,,,,,,,,,,,,,,,,,,水,,,,,,,,,,,,,,,,,,,
住吉区,大領,4丁目,4番,,,,,,,,,,,,,,,,,,火金,,,,,,,,,,,,,,土,,,,,,,,,,,,,,,,水,,,,,,,,,,,,,,,,,,,
住吉区,大領,4丁目,5番,,,,,,,,,,,,,,,,,,火金,,,,,,,,,,,,,,土,,,,,,,,,,,,,,,,水,,,,,,,,,,,,,,,,,,,
住吉区,大領,4丁目,6番,,,,,,,,,,,,,,,,,,火金,,,,,,,,,,,,,,土,,,,,,,,,,,,,,,,水,,,,,,,,,,,,,,,,,,,
住吉区,大領,4丁目,7番,,,,,,,,,,,,,,,,,,火金,,,,,,,,,,,,,,土,,,,,,,,,,,,,,,,水,,,,,,,,,,,,,,,,,,,
住吉区,大領,4丁目,8番,,,,,,,,,,,,,,,,,,火金,,,,,,,,,,,,,,土,,,,,,,,,,,,,,,,水,,,,,,,,,,,,,,,,,,,
住吉区,大領,4丁目,9番,,,,,,,,,,,,,,,,,,火金,,,,,,,,,,,,土,,,,,,,,,,,水,,,,,,,,,,,,,,,,,,,,,,,,,,
住吉区,大領,4丁目,10番,,,,,,,,,,,,,,,,,,火金,,,,,,,,,,,,土,,,,,,,,,,,水,,,,,,,,,,,,,,,,,,,,,,,,,,
住吉区,大領,4丁目,11番,,,,,,,,,,,,,,,,,,火金,,,,,,,,,,,,土,,,,,,,,,,,水,,,,,,,,,,,,,,,,,,,,,,,,,,
住吉区,大領,4丁目,12番,,,,,,,,,,,,,,,,,,火金,,,,,,,,,,,,土,,,,,,,,,水,,,,,,,,,,,,,,,,,,,,,,,,,,,,
住吉区,大領,4丁目,13番,,,,,,,,,,,,,,,,,,火金,,,,,,,,,,,,土,,,,,,,,,水,,,,,,,,,,,,,,,,,,,,,,,,,,,,
住吉区,大領,4丁目,14番,,,,,,,,,,,,,,,,,,火金,,,,,,土,,,,,,,,,,,,,,,水,,,,,,,,,,,,,,,,,,,,,,,,,,,,
住吉区,大領,4丁目,15番,,,,,,,,,,,,,,,,,,火金,,,,,土,,,,,,,,,,,,,,,,水,,,,,,,,,,,,,,,,,,,,,,,,,,,,
住吉区,大領,4丁目,16番,2~4号,,,,,,,,,,,,,,,,,火金,,,,,土,,,,,,,,,,,,,,,,,,,,,,,,水,,,,,,,,,,,,,,,,,,,,
住吉区,大領,4丁目,16番,上記以外,,,,,,,,,,,,,,,,,火金,,,,,,土,,,,,,,,,,,,,,,水,,,,,,,,,,,,,,,,,,,,,,,,,,,,
住吉区,大領,5丁目,1番,軽四輪車(小さい車)で収集している地域,,,,,,,,,,,,,,,,火金,,,,,,,土,,,,,,,,,,,,,,,,,水,,,,,,,,,,,,,,,,,,,,,,,,,,
住吉区,大領,5丁目,1番,上記以外,,,,,,,,,,,,,,,,,火金,,,,,土,,,,,,,,,,,,,,,,水,,,,,,,,,,,,,,,,,,,,,,,,,,,,
住吉区,大領,5丁目,2番,,,,,,,,,,,,,,,,,,火金,,,,,,,,,,,,土,,,,,,,,,水,,,,,,,,,,,,,,,,,,,,,,,,,,,,
住吉区,大領,5丁目,3番,,,,,,,,,,,,,,,,,,火金,,,,,,,,,,,,,土,,,,,,,,水,,,,,,,,,,,,,,,,,,,,,,,,,,,,
住吉区,大領,5丁目,4番,,,,,,,,,,,,,,,,,,火金,,,,,,,,,,,,,土,,,,,,,,,,水,,,,,,,,,,,,,,,,,,,,,,,,,,
住吉区,大領,5丁目,5番,,,,,,,,,,,,,,,,,,火金,,,,,,,,,,,,,土,,,,,,,,,,水,,,,,,,,,,,,,,,,,,,,,,,,,,
住吉区,大領,5丁目,6番,,,,,,,,,,,,,,,,,,火金,,,,,,,,,,,,土,,,,,,,,,,,,水,,,,,,,,,,,,,,,,,,,,,,,,,
住吉区,大領,5丁目,7番,3~15号,,,,,,,,,,火金,,,,,,,,,,,,,,,,,,,,土,,,,,,,,,,,水,,,,,,,,,,,,,,,,,,,,,,,,,
住吉区,大領,5丁目,7番,上記以外,,,,,,,,,,,,,,,,,火金,,,,,,,,,,,,,土,,,,,,,,,,,水,,,,,,,,,,,,,,,,,,,,,,,,,
住吉区,大領,5丁目,8番,1~6号,,,,,,,,火金,,,,,,,,,,,,,,,,,,,,,土,,,,,,,,,,,,水,,,,,,,,,,,,,,,,,,,,,,,,,
住吉区,大領,5丁目,8番,上記以外,,,,,,,,,,,,,,,,,火金,,,,,,,,,,,,土,,,,,,,,,,,,水,,,,,,,,,,,,,,,,,,,,,,,,,
住吉区,大領,5丁目,9番,10~11号,,,,,,,,火金,,,,,,,,,,,,,,,,,,,,,土,,,,,,,,,,,,水,,,,,,,,,,,,,,,,,,,,,,,,,
住吉区,大領,5丁目,9番,上記以外,,,,,,,,,,,,,,,,,火金,,,,,,,,,,,,土,,,,,,,,,,,,水,,,,,,,,,,,,,,,,,,,,,,,,,
住吉区,大領,5丁目,10番,,,,,,,,,,,,,,,,,,火金,,,,,,,,,,,,,土,,,,,,,,,水,,,,,,,,,,,,,,,,,,,,,,,,,,,
住吉区,大領,5丁目,11番,,,,,,,,,,,,,,,,,,火金,,,,,,,,,,,,,土,,,,,,,,水,,,,,,,,,,,,,,,,,,,,,,,,,,,,
住吉区,大領,5丁目,12番,軽四輪車(小さい車)で収集している地域,,,,,,,,,,,,,,,,,火金,,,,,,土,,,,,,,,,,,,,,,,,水,,,,,,,,,,,,,,,,,,,,,,,,,,
住吉区,大領,5丁目,12番,上記以外,,,,,,,,,,,,,,,,,火金,,,,,,,,,,,,土,,,,,,,,,水,,,,,,,,,,,,,,,,,,,,,,,,,,,,
住吉区,帝塚山中,1丁目,1番,,,,,,,,,,,火金,,,,,,,,,,,,,,,,,,,,,土,,,,,,,,,,,,,,水,,,,,,,,,,,,,,,,,,,,,
住吉区,帝塚山中,1丁目,2番,,,,,,,,,,,火金,,,,,,,,,,,,,,,,,,,,,土,,,,,,,,,,,,,,,水,,,,,,,,,,,,,,,,,,,,
住吉区,帝塚山中,1丁目,3番,,,,,,,,,,,火金,,,,,,,,,,,,,,,,,,,,,土,,,,,,,,,,,,,,水,,,,,,,,,,,,,,,,,,,,,
住吉区,帝塚山中,1丁目,4番,,,,,,,,,,,火金,,,,,,,,,,,,,,,,,,,,,土,,,,,,,,,,,,,,水,,,,,,,,,,,,,,,,,,,,,
住吉区,帝塚山中,1丁目,5番,,,,,,,火金,,,,,,,,,,,,,,,,,,,,,,,,,土,,,,,,,,,,,,,,,水,,,,,,,,,,,,,,,,,,,,
住吉区,帝塚山中,1丁目,6番,5･6･22~32号,,,,,,,,,,火金,,,,,,,,,,,,,,,,,,,,,土,,,,,,,,,,,,,,,水,,,,,,,,,,,,,,,,,,,,
住吉区,帝塚山中,1丁目,6番,上記以外,,,,,,火金,,,,,,,,,,,,,,,,,,,,,,,,,土,,,,,,,,,,,,,,,水,,,,,,,,,,,,,,,,,,,,
住吉区,帝塚山中,1丁目,7番,6号,,,,,,火金,,,,,,,,,,,,,,,,,,,,,,,土,,,,,,,,,,,,,,,,,水,,,,,,,,,,,,,,,,,,,,
住吉区,帝塚山中,1丁目,7番,上記以外,,,,,,,,,,火金,,,,,,,,,,,,,,,,,,,土,,,,,,,,,,,,,,,,,水,,,,,,,,,,,,,,,,,,,,
住吉区,帝塚山中,1丁目,8番,,,,,,,,,,,火金,,,,,,,,,,,,,,,,,,,,,土,,,,,,,,,,,,,,水,,,,,,,,,,,,,,,,,,,,,
住吉区,帝塚山中,1丁目,9番,,,,,,,火金,,,,,,,,,,,,,,,,,,,,,,,,,土,,,,,,,,,,,,,,,水,,,,,,,,,,,,,,,,,,,,
住吉区,帝塚山中,1丁目,10番,,,,,,,火金,,,,,,,,,,,,,,,,,,,,,,,,,土,,,,,,,,,,,,,,,水,,,,,,,,,,,,,,,,,,,,
住吉区,帝塚山中,2丁目,1番,,,,,,,,,,,火金,,,,,,,,,,,,,,,,,,,土,,,,,,,,,,,,,,,,,水,,,,,,,,,,,,,,,,,,,,
住吉区,帝塚山中,2丁目,2番,,,,,,,,,,,火金,,,,,,,,,,,,,,,,,,,土,,,,,,,,,,,,,,,,,水,,,,,,,,,,,,,,,,,,,,
住吉区,帝塚山中,2丁目,3番,,,,,,,,,,,火金,,,,,,,,,,,,,,,,,,,土,,,,,,,,,,,,,,,,水,,,,,,,,,,,,,,,,,,,,,
住吉区,帝塚山中,2丁目,4番,2号,,,,,,火金,,,,,,,,,,,,,,,,,,,,,,,,,,,土,,,,,,,,,,,,,水,,,,,,,,,,,,,,,,,,,,
住吉区,帝塚山中,2丁目,4番,上記以外,,,,,,,,,,火金,,,,,,,,,,,,,,,,,,,,,,,土,,,,,,,,,,,,,水,,,,,,,,,,,,,,,,,,,,
住吉区,帝塚山中,2丁目,5番,1~7号,,,,,,,,,,火金,,,,,,,,,,,,,,,,,,,,,,,土,,,,,,,,,,,,水,,,,,,,,,,,,,,,,,,,,,
住吉区,帝塚山中,2丁目,5番,上記以外,,,,,,火金,,,,,,,,,,,,,,,,,,,,,,,,,,,土,,,,,,,,,,,,水,,,,,,,,,,,,,,,,,,,,,
住吉区,帝塚山中,2丁目,6番,,,,,,,,,,,火金,,,,,,,,,,,,,,,,,,,,,,,土,,,,,,,,,,,,,水,,,,,,,,,,,,,,,,,,,,
住吉区,帝塚山中,2丁目,7番,,,,,,,,,,,火金,,,,,,,,,,,,,,,,,,,,,,,土,,,,,,,,,,,,,水,,,,,,,,,,,,,,,,,,,,
住吉区,帝塚山中,2丁目,8番,,,,,,,,,,,火金,,,,,,,,,,,,,,,,,,,土,,,,,,,,,,,,,,,,水,,,,,,,,,,,,,,,,,,,,,
住吉区,帝塚山中,2丁目,9番,,,,,,,,,,,火金,,,,,,,,,,,,,,,,,,,,,,,土,,,,,,,,,,,,水,,,,,,,,,,,,,,,,,,,,,
住吉区,帝塚山中,2丁目,10番,,,,,,,,,,,火金,,,,,,,,,,,,,,,,,,,,,,,土,,,,,,,,,,,,水,,,,,,,,,,,,,,,,,,,,,
住吉区,帝塚山中,3丁目,1番,,,,,,,,,,,火金,,,,,,,,,,,,,,,,,,,土,,,,,,,,,,,,,,,,水,,,,,,,,,,,,,,,,,,,,,
住吉区,帝塚山中,3丁目,2番,,,,,,,,,,,火金,,,,,,,,,,,,,,,,,,,土,,,,,,,,,,,,,,,,,,,,,水,,,,,,,,,,,,,,,,
住吉区,帝塚山中,3丁目,3番,,,,,,,,,,,火金,,,,,,,,,,,,,,,,,,,土,,,,,,,,,,,,,,,,,水,,,,,,,,,,,,,,,,,,,,
住吉区,帝塚山中,3丁目,4番,,,,,,,,,,,火金,,,,,,,,,,,,,,,,,,,土,,,,,,,,,,,,,,,,水,,,,,,,,,,,,,,,,,,,,,
住吉区,帝塚山中,3丁目,5番,,,,,,,,,,,火金,,,,,,,,,,,,,,,,,,,,,,,土,,,,,,,,,,,,,水,,,,,,,,,,,,,,,,,,,,
住吉区,帝塚山中,3丁目,6番,,,,,,,,,,,火金,,,,,,,,,,,,,,,,,,,,,,,土,,,,,,,,,,,,水,,,,,,,,,,,,,,,,,,,,,
住吉区,帝塚山中,3丁目,7番,,,,,,,,,,,火金,,,,,,,,,,,,,,,,,,,,,,土,,,,,,,,,,,,,,水,,,,,,,,,,,,,,,,,,,,
住吉区,帝塚山中,3丁目,8番,,,,,,,,,,,火金,,,,,,,,,,,,,,,,,,,,,,土,,,,,,,,,,,,,水,,,,,,,,,,,,,,,,,,,,,
住吉区,帝塚山中,3丁目,9番,,,,,,,,,,,火金,,,,,,,,,,,,,,,,,,,土,,,,,,,,,,,,,,,,水,,,,,,,,,,,,,,,,,,,,,
住吉区,帝塚山中,3丁目,10番,,,,,,,,,,,火金,,,,,,,,,,,,,,,,,,,土,,,,,,,,,,,,,,,,水,,,,,,,,,,,,,,,,,,,,,
住吉区,帝塚山中,4丁目,1番,,,,,,,,,,,火金,,,,,,,,,,,,,,,,,,,土,,,,,,,,,,,,,,,,水,,,,,,,,,,,,,,,,,,,,,
住吉区,帝塚山中,4丁目,2番,,,,,,,,,,,火金,,,,,,,,,,,,,,,,,,,土,,,,,,,,,,,,,,,,水,,,,,,,,,,,,,,,,,,,,,
住吉区,帝塚山中,4丁目,3番,,,,,,,火金,,,,,,,,,,,,,,,,,,,,,,,,,,,土,,,,,,,,,,,,水,,,,,,,,,,,,,,,,,,,,,
住吉区,帝塚山中,4丁目,4番,,,,,,,火金,,,,,,,,,,,,,,,,,,,,,,,,,,,土,,,,,,,,,,,,水,,,,,,,,,,,,,,,,,,,,,
住吉区,帝塚山中,4丁目,5番,16~22号,,,,,,,,,,火金,,,,,,,,,,,,,,,,,,,土,,,,,,,,,,,,,,,,水,,,,,,,,,,,,,,,,,,,,,
住吉区,帝塚山中,4丁目,5番,上記以外,,,,,,火金,,,,,,,,,,,,,,,,,,,,,,,土,,,,,,,,,,,,,,,,水,,,,,,,,,,,,,,,,,,,,,
住吉区,帝塚山中,4丁目,6番,,,,,,,火金,,,,,,,,,,,,,,,,,,,,,,,,,,,土,,,,,,,,,,,,水,,,,,,,,,,,,,,,,,,,,,
住吉区,帝塚山中,4丁目,7番,,,,,,,火金,,,,,,,,,,,,,,,,,,,,,,,,,,,土,,,,,,,,,,,,水,,,,,,,,,,,,,,,,,,,,,
住吉区,帝塚山中,4丁目,8番,,,,,,,火金,,,,,,,,,,,,,,,,,,,,,,,,,,,土,,,,,,,,,,,,水,,,,,,,,,,,,,,,,,,,,,
住吉区,帝塚山中,4丁目,9番,,,,,,,火金,,,,,,,,,,,,,,,,,,,,,,,土,,,,,,,,,,,,,,,,水,,,,,,,,,,,,,,,,,,,,,
住吉区,帝塚山中,4丁目,10番,,,,,,,火金,,,,,,,,,,,,,,,,,,,,,,,土,,,,,,,,,,,,,,,,水,,,,,,,,,,,,,,,,,,,,,
住吉区,帝塚山中,4丁目,11番,,,,,,,火金,,,,,,,,,,,,,,,,,,,,,,,土,,,,,,,,,,,,,,,,水,,,,,,,,,,,,,,,,,,,,,
住吉区,帝塚山中,5丁目,1番,,,,,,,火金,,,,,,,,,,,,,,,,,,,,,,,土,,,,,,,,,,,,,,,,水,,,,,,,,,,,,,,,,,,,,,
住吉区,帝塚山中,5丁目,2番,,,,,,,火金,,,,,,,,,,,,,,,,,,,,,,,土,,,,,,,,,,,,,,,,水,,,,,,,,,,,,,,,,,,,,,
住吉区,帝塚山中,5丁目,3番,,,,,,,火金,,,,,,,,,,,,,,,,,,,,,,,土,,,,,,,,,,,,,,,,水,,,,,,,,,,,,,,,,,,,,,
住吉区,帝塚山中,5丁目,4番,,,,,,,火金,,,,,,,,,,,,,,,,,,,,,,,土,,,,,,,,,,,,,,,,水,,,,,,,,,,,,,,,,,,,,,
住吉区,帝塚山中,5丁目,5番,,,,,,,火金,,,,,,,,,,,,,,,,,,,,,,,土,,,,,,,,,,,,,,,,水,,,,,,,,,,,,,,,,,,,,,
住吉区,帝塚山中,5丁目,6番,,,,,,,火金,,,,,,,,,,,,,,,,,,,,,,,土,,,,,,,,,,,,,,,,水,,,,,,,,,,,,,,,,,,,,,
住吉区,帝塚山中,5丁目,7番,,,,,,,火金,,,,,,,,,,,,,,,,,,,,,,,土,,,,,,,,,,,,,,,,水,,,,,,,,,,,,,,,,,,,,,
住吉区,帝塚山中,5丁目,8番,,,,,,,火金,,,,,,,,,,,,,,,,,,,,,,,土,,,,,,,,,,,,,,,,水,,,,,,,,,,,,,,,,,,,,,
住吉区,帝塚山西,1丁目,1番,南港通り沿い,,,,,,火金,,,,,,,,,,,,,,,,,,,,,,,土,,,,,,,,,,,,,,,,水,,,,,,,,,,,,,,,,,,,,,
住吉区,帝塚山西,1丁目,1番,上記以外,,,,,,火金,,,,,,,,,,,,,,,,,,,,,,,,,,,,木,,,,,,,,,,,,月,,,,,,,,,,,,,,,,,,,,
住吉区,帝塚山西,1丁目,2番,,,,,,,火金,,,,,,,,,,,,,,,,,,,,,,,,,,,木,,,,,,,,,,,,,月,,,,,,,,,,,,,,,,,,,,
住吉区,帝塚山西,1丁目,3番,,,,,,,火金,,,,,,,,,,,,,,,,,,,,,,,,,,,木,,,,,,,,,,,,,月,,,,,,,,,,,,,,,,,,,,
住吉区,帝塚山西,1丁目,4番,,,,,,,火金,,,,,,,,,,,,,,,,,,,,,,,,,,,木,,,,,,,,,,,,,月,,,,,,,,,,,,,,,,,,,,
住吉区,帝塚山西,1丁目,5番,,,,,,,火金,,,,,,,,,,,,,,,,,,,,,,,,,,,木,,,,,,,,,,,,月,,,,,,,,,,,,,,,,,,,,,
住吉区,帝塚山西,1丁目,6番,,,,,,,火金,,,,,,,,,,,,,,,,,,,,,,,,,,木,,,,,,,,,,,,,,月,,,,,,,,,,,,,,,,,,,,
住吉区,帝塚山西,1丁目,7番,,,,,,,火金,,,,,,,,,,,,,,,,,,,,,,,,,,,木,,,,,,,,,,,,月,,,,,,,,,,,,,,,,,,,,,
住吉区,帝塚山西,1丁目,8番,,,,,,,火金,,,,,,,,,,,,,,,,,,,,,,,,,,,木,,,,,,,,,,,,月,,,,,,,,,,,,,,,,,,,,,
住吉区,帝塚山西,1丁目,9番,,,,,,,火金,,,,,,,,,,,,,,,,,,,,,,,,,,,木,,,,,,月,,,,,,,,,,,,,,,,,,,,,,,,,,,
住吉区,帝塚山西,1丁目,10番,,,,,,,火金,,,,,,,,,,,,,,,,,,,,,,,,,,,木,,,,,,,,,,,,月,,,,,,,,,,,,,,,,,,,,,
住吉区,帝塚山西,1丁目,11番,,,,,,,火金,,,,,,,,,,,,,,,,,,,,,,,,,,,木,,,,,,,,,,,,,月,,,,,,,,,,,,,,,,,,,,
住吉区,帝塚山西,1丁目,12番,,,,,,,火金,,,,,,,,,,,,,,,,,,,,,,,,,,,木,,,,,,,月,,,,,,,,,,,,,,,,,,,,,,,,,,
住吉区,帝塚山西,1丁目,13番,,,,,,,火金,,,,,,,,,,,,,,,,,,,,,,,,,,,木,,,,,,,月,,,,,,,,,,,,,,,,,,,,,,,,,,
住吉区,帝塚山西,1丁目,14番,軽四輪車(小さい車)で収集している地域,,,,,,火金,,,,,,,,,,,,,,,,,,,,,,,,,,,木,,,,,,,月,,,,,,,,,,,,,,,,,,,,,,,,,,
住吉区,帝塚山西,1丁目,14番,上記以外,,,,,,火金,,,,,,,,,,,,,,,,,,,,,,,,,,,,木,,,,,,,,,,,月,,,,,,,,,,,,,,,,,,,,,
住吉区,帝塚山西,2丁目,1番,,,,,,,火金,,,,,,,,,,,,,,,,,,,,,,,,,木,,,,,,,,,,,,,,月,,,,,,,,,,,,,,,,,,,,,
住吉区,帝塚山西,2丁目,2番,,,,,,,火金,,,,,,,,,,,,,,,,,,,,,,,,,,,木,,,,,,月,,,,,,,,,,,,,,,,,,,,,,,,,,,
住吉区,帝塚山西,2丁目,3番,,,,,,,火金,,,,,,,,,,,,,,,,,,,,,,,,,,,木,,,,,,月,,,,,,,,,,,,,,,,,,,,,,,,,,,
住吉区,帝塚山西,2丁目,4番,,,,,,,火金,,,,,,,,,,,,,,,,,,,,,,,,,,木,,,,,,,,,,,,,月,,,,,,,,,,,,,,,,,,,,,
住吉区,帝塚山西,2丁目,5番,軽四輪車(小さい車)で収集している地域,,,,,,火金,,,,,,,,,,,,,,,,,,,,,,,,,,,木,,,,,,,,,,,,月,,,,,,,,,,,,,,,,,,,,,
住吉区,帝塚山西,2丁目,5番,上記以外,,,,,,火金,,,,,,,,,,,,,,,,,,,,,,,,,,,,木,,,,,,,,,,,月,,,,,,,,,,,,,,,,,,,,,
住吉区,帝塚山西,2丁目,6番,,,,,,,火金,,,,,,,,,,,,,,,,,,,,,,,,,,,木,,,,,,,月,,,,,,,,,,,,,,,,,,,,,,,,,,
住吉区,帝塚山西,2丁目,7番,,,,,,,火金,,,,,,,,,,,,,,,,,,,,,,,,,,,木,,,,,,,月,,,,,,,,,,,,,,,,,,,,,,,,,,
住吉区,帝塚山西,2丁目,8番,,,,,,,火金,,,,,,,,,,,,,,,,,,,,,,,,,,,,木,,,,,,月,,,,,,,,,,,,,,,,,,,,,,,,,,
住吉区,帝塚山西,2丁目,9番,,,,,,,火金,,,,,,,,,,,,,,,,,,,,,,,,,,,木,,,,,,,月,,,,,,,,,,,,,,,,,,,,,,,,,,
住吉区,帝塚山西,2丁目,10番,,,,,,,火金,,,,,,,,,,,,,,,,,,,,,,,,,,,木,,,,,,,月,,,,,,,,,,,,,,,,,,,,,,,,,,
住吉区,帝塚山西,2丁目,11番,,,,,,,火金,,,,,,,,,,,,,,,,,,,,,,,,,,,木,,,,,,,月,,,,,,,,,,,,,,,,,,,,,,,,,,
住吉区,帝塚山西,2丁目,12番,,,,,,,火金,,,,,,,,,,,,,,,,,,,,,,,,,,,木,,,,,,,月,,,,,,,,,,,,,,,,,,,,,,,,,,
住吉区,帝塚山西,2丁目,13番,,,,,,,火金,,,,,,,,,,,,,,,,,,,,,,,,,,,木,,,,,,,月,,,,,,,,,,,,,,,,,,,,,,,,,,
住吉区,帝塚山西,3丁目,1番,,,,,,,火金,,,,,,,,,,,,,,,,,,,,,,,,,木,,,,,,,,,,,,,,月,,,,,,,,,,,,,,,,,,,,,
住吉区,帝塚山西,3丁目,2番,,,,,,,火金,,,,,,,,,,,,,,,,,,,,,,,,,木,,,,,,,,,,,,,,月,,,,,,,,,,,,,,,,,,,,,
住吉区,帝塚山西,3丁目,3番,,,,,,,火金,,,,,,,,,,,,,,,,,,,,,,,,,木,,,,,,,,,,,,,,月,,,,,,,,,,,,,,,,,,,,,
住吉区,帝塚山西,3丁目,4番,,,,,,,火金,,,,,,,,,,,,,,,,,,,,,,,,,木,,,,,,,,,,,,,,月,,,,,,,,,,,,,,,,,,,,,
住吉区,帝塚山西,3丁目,5番,,,,,,,火金,,,,,,,,,,,,,,,,,,,,,,,,,,木,,,,,,,,,,,,,月,,,,,,,,,,,,,,,,,,,,,
住吉区,帝塚山西,4丁目,1番,,,,,,,火金,,,,,,,,,,,,,,,,,,,,,,,,,,,木,,,,,,,,,,,,月,,,,,,,,,,,,,,,,,,,,,
住吉区,帝塚山西,4丁目,2番,,,,,,,火金,,,,,,,,,,,,,,,,,,,,,,,,,,,,木,,,,,,,,,,,,月,,,,,,,,,,,,,,,,,,,,
住吉区,帝塚山西,4丁目,3番,,,,,,,火金,,,,,,,,,,,,,,,,,,,,,,,,,,,,木,,,,,,,,,,,,月,,,,,,,,,,,,,,,,,,,,
住吉区,帝塚山西,4丁目,4番,,,,,,,火金,,,,,,,,,,,,,,,,,,,,,,,,,木,,,,,,,,,,,,,,,月,,,,,,,,,,,,,,,,,,,,
住吉区,帝塚山西,4丁目,5番,,,,,,,火金,,,,,,,,,,,,,,,,,,,,,,,,,,,,木,,,,,,,,,,,,月,,,,,,,,,,,,,,,,,,,,
住吉区,帝塚山西,4丁目,6番,,,,,,,火金,,,,,,,,,,,,,,,,,,,,,,,,,,,,木,,,,,,,,,,,,月,,,,,,,,,,,,,,,,,,,,
住吉区,帝塚山西,4丁目,7番,,,,,,,火金,,,,,,,,,,,,,,,,,,,,,,,,,,,木,,,,,,,,,,,,,月,,,,,,,,,,,,,,,,,,,,
住吉区,帝塚山西,4丁目,8番,,,,,,,火金,,,,,,,,,,,,,,,,,,,,,,,,,,,木,,,,,,,,,,,,月,,,,,,,,,,,,,,,,,,,,,
住吉区,帝塚山西,4丁目,9番,,,,,,,火金,,,,,,,,,,,,,,,,,,,,,,,,,,,木,,,,,,,,,,,,,月,,,,,,,,,,,,,,,,,,,,
住吉区,帝塚山西,4丁目,10番,,,,,,,火金,,,,,,,,,,,,,,,,,,,,,,,,,,,木,,,,,,,,,,,,,月,,,,,,,,,,,,,,,,,,,,
住吉区,帝塚山西,4丁目,11番,,,,,,,火金,,,,,,,,,,,,,,,,,,,,,,,,,,,,木,,,,,,,,,,,,月,,,,,,,,,,,,,,,,,,,,
住吉区,帝塚山西,4丁目,12番,,,,,,,火金,,,,,,,,,,,,,,,,,,,,,,,,,,,,木,,,,,,,,,,,,月,,,,,,,,,,,,,,,,,,,,
住吉区,帝塚山西,4丁目,13番,軽四輪車(小さい車)で収集している地域,,,,,,,,火金,,,,,,,,,,,,,,,,,,,,,,,木,,,,,,,,,,,,,,月,,,,,,,,,,,,,,,,,,,,,
住吉区,帝塚山西,4丁目,13番,上記以外,,,,,,火金,,,,,,,,,,,,,,,,,,,,,,,,,,,,木,,,,,,,,,,,,月,,,,,,,,,,,,,,,,,,,,
住吉区,帝塚山西,4丁目,14番,軽四輪車(小さい車)で収集している地域,,,,,,,,,火金,,,,,,,,,,,,,,,,,,,,,,木,,,,,,,,,,,,,,,月,,,,,,,,,,,,,,,,,,,,
住吉区,帝塚山西,4丁目,14番,上記以外,,,,,,火金,,,,,,,,,,,,,,,,,,,,,,,,,,,木,,,,,,,,,,,,,月,,,,,,,,,,,,,,,,,,,,
住吉区,帝塚山西,4丁目,15番,,,,,,,,,,,火金,,,,,,,,,,,,,,,,,,,,,木,,,,,,,,,,,,,,,月,,,,,,,,,,,,,,,,,,,,
住吉区,帝塚山西,4丁目,16番,,,,,,,,火金,,,,,,,,,,,,,,,,,,,,,,,,木,,,,,,,,,,,,,,,月,,,,,,,,,,,,,,,,,,,,
住吉区,帝塚山東,1丁目,1番,,,,,,,,,,,火金,,,,,,,,,,,,,,,,,,,,,,,土,,,,,,,,,,,,水,,,,,,,,,,,,,,,,,,,,,
住吉区,帝塚山東,1丁目,2番,,,,,,,,,,,火金,,,,,,,,,,,,,,,,,,,,,,,土,,,,,,,,,,,,水,,,,,,,,,,,,,,,,,,,,,
住吉区,帝塚山東,1丁目,3番,,,,,,,,,,,火金,,,,,,,,,,,,,,,,,,,,,,,土,,,,,,,,,,,,水,,,,,,,,,,,,,,,,,,,,,
住吉区,帝塚山東,1丁目,4番,,,,,,,,,,,火金,,,,,,,,,,,,,,,,,,,,,,,土,,,,,,,,,,,,水,,,,,,,,,,,,,,,,,,,,,
住吉区,帝塚山東,1丁目,5番,,,,,,,,,,,火金,,,,,,,,,,,,,,,,,,,,,,土,,,,,,,,,,,,,水,,,,,,,,,,,,,,,,,,,,,
住吉区,帝塚山東,1丁目,6番,,,,,,,,,,,火金,,,,,,,,,,,,,,,,,,,,,,土,,,,,,,,,,,,,水,,,,,,,,,,,,,,,,,,,,,
住吉区,帝塚山東,1丁目,7番,,,,,,,,,,,火金,,,,,,,,,,,,,,,,,,,,,土,,,,,,,,,,,,,,水,,,,,,,,,,,,,,,,,,,,,
住吉区,帝塚山東,1丁目,8番,,,,,,,,,,,火金,,,,,,,,,,,,,,,,,,,,,土,,,,,,,,,,,,,,,水,,,,,,,,,,,,,,,,,,,,
住吉区,帝塚山東,1丁目,9番,,,,,,,,,,,火金,,,,,,,,,,,,,,,,,,,,,土,,,,,,,,,,,,,,,水,,,,,,,,,,,,,,,,,,,,
住吉区,帝塚山東,1丁目,10番,,,,,,,,,,,火金,,,,,,,,,,,,,,,,,,,,,土,,,,,,,,,,,,,,水,,,,,,,,,,,,,,,,,,,,,
住吉区,帝塚山東,1丁目,11番,,,,,,,,,,,火金,,,,,,,,,,,,,,,,,,,,,,土,,,,,,,,,,,,,水,,,,,,,,,,,,,,,,,,,,,
住吉区,帝塚山東,1丁目,12番,,,,,,,,,,,火金,,,,,,,,,,,,,,,,,,,,,,土,,,,,,,,,,,,,水,,,,,,,,,,,,,,,,,,,,,
住吉区,帝塚山東,2丁目,2番,,,,,,,,,,,火金,,,,,,,,,,,,,,,,,,,,,,土,,,,,,,,,,,,,水,,,,,,,,,,,,,,,,,,,,,
住吉区,帝塚山東,2丁目,3番,,,,,,,,,,,火金,,,,,,,,,,,,,,,,,,,,,,土,,,,,,,,,,,,,水,,,,,,,,,,,,,,,,,,,,,
住吉区,帝塚山東,2丁目,4番,,,,,,,,,,,火金,,,,,,,,,,,,,,,,,,,,,,土,,,,,,,,,,,,,水,,,,,,,,,,,,,,,,,,,,,
住吉区,帝塚山東,2丁目,5番,,,,,,,,,,,火金,,,,,,,,,,,,,,,,,,,,土,,,,,,,,,,,,,,,水,,,,,,,,,,,,,,,,,,,,,
住吉区,帝塚山東,3丁目,1番,,,,,,,,,,,火金,,,,,,,,,,,,,,,,,,,,,,土,,,,,,,,,,,,,水,,,,,,,,,,,,,,,,,,,,,
住吉区,帝塚山東,3丁目,2番,,,,,,,,,,,火金,,,,,,,,,,,,,,,,,,,,,,土,,,,,,,,,,,,,水,,,,,,,,,,,,,,,,,,,,,
住吉区,帝塚山東,3丁目,3番,,,,,,,,,,,火金,,,,,,,,,,,,,,,,,,,土,,,,,,,,,,,,,,,,水,,,,,,,,,,,,,,,,,,,,,
住吉区,帝塚山東,3丁目,4番,,,,,,,,,,,火金,,,,,,,,,,,,,,,,,,,,,土,,,,,,,,,,,,,,水,,,,,,,,,,,,,,,,,,,,,
住吉区,帝塚山東,3丁目,5番,,,,,,,,,,,火金,,,,,,,,,,,,,,,,,,,,,,土,,,,,,,,,,,,,水,,,,,,,,,,,,,,,,,,,,,
住吉区,帝塚山東,3丁目,6番,,,,,,,,,,,火金,,,,,,,,,,,,,,,,,,,,,土,,,,,,,,,,,,,,,水,,,,,,,,,,,,,,,,,,,,
住吉区,帝塚山東,3丁目,7番,,,,,,,,,,,火金,,,,,,,,,,,,,,,,,,,,,,土,,,,,,,,,,,,,,水,,,,,,,,,,,,,,,,,,,,
住吉区,帝塚山東,3丁目,8番,,,,,,,,,,,火金,,,,,,,,,,,,,,,,,,,,土,,,,,,,,,,,,,,,,,,,,水,,,,,,,,,,,,,,,,
住吉区,帝塚山東,3丁目,9番,,,,,,,,,,,火金,,,,,,,,,,,,,,,,,,,,,,土,,,,,,,,,,,,,,水,,,,,,,,,,,,,,,,,,,,
住吉区,帝塚山東,3丁目,10番,,,,,,,,,,,火金,,,,,,,,,,,,,,,,,,,,,,土,,,,,,,,,,,,,,水,,,,,,,,,,,,,,,,,,,,
住吉区,帝塚山東,3丁目,11番,,,,,,,,,,,火金,,,,,,,,,,,,,,,,,,,,,,土,,,,,,,,,,,,,,水,,,,,,,,,,,,,,,,,,,,
住吉区,帝塚山東,3丁目,12番,,,,,,,,,,,火金,,,,,,,,,,,,,,,,,,,,,土,,,,,,,,,,,,,,,水,,,,,,,,,,,,,,,,,,,,
住吉区,帝塚山東,4丁目,1番,,,,,,,火金,,,,,,,,,,,,,,,,,,,,,,,,,,土,,,,,,,,,,,,,,水,,,,,,,,,,,,,,,,,,,,
住吉区,帝塚山東,4丁目,2番,,,,,,,火金,,,,,,,,,,,,,,,,,,,,,,,,,土,,,,,,,,,,,,,,,水,,,,,,,,,,,,,,,,,,,,
住吉区,帝塚山東,4丁目,3番,,,,,,,火金,,,,,,,,,,,,,,,,,,,,,,,,,,土,,,,,,,,,,,,,,水,,,,,,,,,,,,,,,,,,,,
住吉区,帝塚山東,4丁目,4番,,,,,,,火金,,,,,,,,,,,,,,,,,,,,,,,,,,,,土,,,,,,,,,,,,水,,,,,,,,,,,,,,,,,,,,
住吉区,帝塚山東,4丁目,5番,,,,,,,火金,,,,,,,,,,,,,,,,,,,,,,,,,,,土,,,,,,,,,,,,,水,,,,,,,,,,,,,,,,,,,,
住吉区,帝塚山東,4丁目,6番,,,,,,,火金,,,,,,,,,,,,,,,,,,,,,,,,,土,,,,,,,,,,,,,,,水,,,,,,,,,,,,,,,,,,,,
住吉区,帝塚山東,4丁目,7番,,,,,,,火金,,,,,,,,,,,,,,,,,,,,,,,,,,,土,,,,,,,,,,,,,水,,,,,,,,,,,,,,,,,,,,
住吉区,帝塚山東,4丁目,8番,,,,,,,火金,,,,,,,,,,,,,,,,,,,,,,,土,,,,,,,,,,,,,,,,,水,,,,,,,,,,,,,,,,,,,,
住吉区,帝塚山東,4丁目,9番,,,,,,,火金,,,,,,,,,,,,,,,,,,,,,,,,土,,,,,,,,,,,,,,,,水,,,,,,,,,,,,,,,,,,,,
住吉区,帝塚山東,4丁目,10番,,,,,,,火金,,,,,,,,,,,,,,,,,,,,,,,,,,,,土,,,,,,,,,,,,水,,,,,,,,,,,,,,,,,,,,
住吉区,帝塚山東,4丁目,11番,,,,,,,火金,,,,,,,,,,,,,,,,,,,,,,,,,,,,土,,,,,,,,,,,,水,,,,,,,,,,,,,,,,,,,,
住吉区,帝塚山東,5丁目,1番,1~6･9~18号,,,,,,火金,,,,,,,,,,,,,,,,,,,,,,,,,木,,,,,,,月,,,,,,,,,,,,,,,,,,,,,,,,,,,,
住吉区,帝塚山東,5丁目,1番,上記以外,,,,,,,,火金,,,,,,,,,,,,,,,,,,,,,,,木,,,,,,,月,,,,,,,,,,,,,,,,,,,,,,,,,,,,
住吉区,帝塚山東,5丁目,2番,2~6･15~17号,,,,,,火金,,,,,,,,,,,,,,,,,,,,,,,,,,木,,,,,,,,,,,,,,月,,,,,,,,,,,,,,,,,,,,
住吉区,帝塚山東,5丁目,2番,上記以外,,,,,,,,火金,,,,,,,,,,,,,,,,,,,,,,,,木,,,,,,,,,,,,,,月,,,,,,,,,,,,,,,,,,,,
住吉区,帝塚山東,5丁目,3番,,,,,,,,,,,火金,,,,,,,,,,,,,,,,,,,,,,,,木,,,,,,,,,,,,月,,,,,,,,,,,,,,,,,,,,
住吉区,帝塚山東,5丁目,4番,,,,,,,火金,,,,,,,,,,,,,,,,,,,,,,,,,,,,木,,,,,,,,,,,,月,,,,,,,,,,,,,,,,,,,,
住吉区,帝塚山東,5丁目,5番,,,,,,,,,,,火金,,,,,,,,,,,,,,,,,,,,,,木,,,,,,,,,,,,,,月,,,,,,,,,,,,,,,,,,,,
住吉区,帝塚山東,5丁目,6番,,,,,,,,,,,火金,,,,,,,,,,,,,,,,,,,,,,木,,,,,,,,,,,,,,月,,,,,,,,,,,,,,,,,,,,
住吉区,帝塚山東,5丁目,7番,,,,,,,火金,,,,,,,,,,,,,,,,,,,,,,,,,木,,,,,,,,,,,,,,,月,,,,,,,,,,,,,,,,,,,,
住吉区,帝塚山東,5丁目,8番,,,,,,,火金,,,,,,,,,,,,,,,,,,,,,,,,,木,,,,,,,,,,,,,,,月,,,,,,,,,,,,,,,,,,,,
住吉区,帝塚山東,5丁目,9番,,,,,,,,,,,火金,,,,,,,,,,,,,,,,,,,,,,,木,,,,,,,,,,,,,月,,,,,,,,,,,,,,,,,,,,
住吉区,帝塚山東,5丁目,10番,,,,,,,,,,,火金,,,,,,,,,,,,,,,,,,,,,木,,,,,,,月,,,,,,,,,,,,,,,,,,,,,,,,,,,,
住吉区,帝塚山東,5丁目,11番,軽四輪車(小さい車)で収集している地域,,,,,,,火金,,,,,,,,,,,,,,,,,,,,,,,,,木,,,,,,月,,,,,,,,,,,,,,,,,,,,,,,,,,,,
住吉区,帝塚山東,5丁目,11番,上記以外,,,,,,,,,,火金,,,,,,,,,,,,,,,,,,,,,,木,,,,,,月,,,,,,,,,,,,,,,,,,,,,,,,,,,,
住吉区,帝塚山東,5丁目,12番,,,,,,,,,,,火金,,,,,,,,,,,,,,,,,,,,,,木,,,,,,,月,,,,,,,,,,,,,,,,,,,,,,,,,,,
住吉区,帝塚山東,5丁目,13番,,,,,,,,,,,火金,,,,,,,,,,,,,,,,,,,,,木,,,,,,,,月,,,,,,,,,,,,,,,,,,,,,,,,,,,
住吉区,殿辻,1丁目,1番,,,,,,,,,火金,,,,,,,,,,,,,,,,,,,,,,,木,,,,,,,,,月,,,,,,,,,,,,,,,,,木,,,,,,,,,
住吉区,殿辻,1丁目,2番,,,,,,,,,火金,,,,,,,,,,,,,,,,,,,,,,木,,,,,,,,月,,,,,,,,,,,,,,,,,,,木,,,,,,,,,
住吉区,殿辻,1丁目,3番,,,,,,,,,火金,,,,,,,,,,,,,,,,,,,,,木,,,,,,,,,月,,,,,,,,,,,,,,,,,,,木,,,,,,,,,
住吉区,殿辻,1丁目,4番,,,,,,,,,,,火金,,,,,,,,,,,,,,,,,,,木,,,,,,,,,月,,,,,,,,,,,,,,,,,,,木,,,,,,,,,
住吉区,殿辻,1丁目,5番,,,,,,,,,火金,,,,,,,,,,,,,,,,,,,,,木,,,,,,,,,月,,,,,,,,,,,,,,,,,,,木,,,,,,,,,
住吉区,殿辻,1丁目,6番,,,,,,,,,火金,,,,,,,,,,,,,,,,,,,,,木,,,,,,,,,月,,,,,,,,,,,,,,,,,,,木,,,,,,,,,
住吉区,殿辻,1丁目,7番,,,,,,,,,火金,,,,,,,,,,,,,,,,,,,,,木,,,,,,,,,月,,,,,,,,,,,,,,,,,,,木,,,,,,,,,
住吉区,殿辻,1丁目,8番,,,,,,,,,火金,,,,,,,,,,,,,,,,木,,,,,,,,,,,,,,月,,,,,,,,,,,,,,,,,,,木,,,,,,,,,
住吉区,殿辻,1丁目,9番,,,,,,,,,火金,,,,,,,,,,,,,,,,,,,,,木,,,,,,,,,月,,,,,,,,,,,,,,,,,,,木,,,,,,,,,
住吉区,殿辻,2丁目,1番,,,,,,,,,,,,,,,,,,水土,,,,,,,,,,,,,,,木,,,,,,月,,,,,,,,,,,,,,,,,,,木,,,,,,,,,
住吉区,殿辻,2丁目,2番,,,,,,,,,,,,,,,,,,水土,,,,,,,,,,,,木,,,,,,,,,月,,,,,,,,,,,,,,,,,,,木,,,,,,,,,
住吉区,殿辻,2丁目,3番,,,,,,,,,水土,,,,,,,,,,,,,,,,,,,,,,,木,,,,,,,,,月,,,,,,,,,,,,,,,,,木,,,,,,,,,
住吉区,殿辻,2丁目,4番,,,,,,,,,,,水土,,,,,,,,,,,,,,,,,,,,,木,,,,,,,,,月,,,,,,,,,,,,,,,,,木,,,,,,,,,
住吉区,殿辻,2丁目,5番,,,,,,,,,,,,,,,,,,水土,,,,,,,,,,,,,,木,,,,,,,,,月,,,,,,,,,,,,,,,,,木,,,,,,,,,
住吉区,殿辻,2丁目,6番,,,,,,,,,,,,,,,,,,水土,,,,,,,,,,,,,,木,,,,,,,,,月,,,,,,,,,,,,,,,,,木,,,,,,,,,
住吉区,殿辻,2丁目,7番,,,,,,,,,,,,,,,,,,水土,,,,,,,,,,,,,,,木,,,,,,,,月,,,,,,,,,,,,,,,,,木,,,,,,,,,
住吉区,長居,1丁目,2番,,,,,,,,,,,,,,,,,,火金,,,,,,,土,,,,,,,,,,,,,,,,水,,,,,,,,,,,,,,,,,,,,,,,,月,,
住吉区,長居,1丁目,3番,,,,,,,,,,,,,,,,,,火金,,,,,,,土,,,,,,,,,,,,,,,,水,,,,,,,,,,,,,,,,,,,,,,,,月,,
住吉区,長居,1丁目,4番,,,,,,,,,,,,,,,,,,火金,,,,,,,土,,,,,,,,,,,,,,,,水,,,,,,,,,,,,,,,,,,,,,,,,月,,
住吉区,長居,1丁目,5番,,,,,,,,,,,,,,,,,,火金,,,,,,,土,,,,,,,,,,,,,,,,水,,,,,,,,,,,,,,,,,,,,,,,,月,,
住吉区,長居,1丁目,6番,,,,,,,,,,,,,,,,,,火金,,,,,,,土,,,,,,,,,,,,,,,,水,,,,,,,,,,,,,,,,,,,,,,,,月,,
住吉区,長居,1丁目,7番,,,,,,,,,,,,,,,,,,火金,,,,,,,土,,,,,,,,,,,,,,,,水,,,,,,,,,,,,,,,,,,,,,,,,月,,
住吉区,長居,1丁目,8番,,,,,,,,,,,,,,,,,,火金,,,,,,,土,,,,,,,,,,,,,,,,水,,,,,,,,,,,,,,,,,,,,,,,,月,,
住吉区,長居,1丁目,9番,,,,,,,,,,,,,,,,,,火金,,,,,,土,,,,,,,,,,,,,,,,,水,,,,,,,,,,,,,,,,,,,,,,,,月,,
住吉区,長居,1丁目,10番,,,,,,,,,,,,,,,,,,火金,,,,,土,,,,,,,,,,,,,,,,水,,,,,,,,,,,,,,,,,,,,,,,,,,月,,
住吉区,長居,1丁目,11番,,,,,,,,,,,,,,,,,,火金,,,,,土,,,,,,,,,,,,,,,,,水,,,,,,,,,,,,,,,,,,,,,,,,,月,,
住吉区,長居,1丁目,12番,,,,,,,,,,,,,,,,,,火金,,,,,,,土,,,,,,,,,,,,,,,,水,,,,,,,,,,,,,,,,,,,,,,,,月,,
住吉区,長居,1丁目,13番,,,,,,,,,,,,,,,,,,火金,,,,,,,土,,,,,,,,,,,,,,,,水,,,,,,,,,,,,,,,,,,,,,,,,月,,
住吉区,長居,1丁目,14番,,,,,,,,,,,,,,,,,,火金,,,,,,,土,,,,,,,,,,,,,,,,水,,,,,,,,,,,,,,,,,,,,,,,,月,,
住吉区,長居,1丁目,15番,,,,,,,,,,,,,,,,,,火金,,,,,,,土,,,,,,,,,,,,,,,,水,,,,,,,,,,,,,,,,,,,,,,,,月,,
住吉区,長居,2丁目,1番,,,,,,,,,,,,,,,,,,火金,,,,,,土,,,,,,,,,,,,,,,,,水,,,,,,,,,,,,,,,,,,,,,,,,月,,
住吉区,長居,2丁目,2番,,,,,,,,,,,,,,,,,,火金,,,,,土,,,,,,,,,,,,,,,,,,水,,,,,,,,,,,,,,,,,,,,,,,,月,,
住吉区,長居,2丁目,3番,,,,,,,,,,,,,,,,,,火金,,,,,土,,,,,,,,,,,,,,,,,,水,,,,,,,,,,,,,,,,,,,,,,,,月,,
住吉区,長居,2丁目,4番,,,,,,,,,,,,,,,,,,火金,,,,,土,,,,,,,,,,,,,,,,,水,,,,,,,,,,,,,,,,,,,,,,,,,月,,
住吉区,長居,2丁目,5番,,,,,,,,,,,,,,,,,,火金,,,,,土,,,,,,,,,,,,,,,,,水,,,,,,,,,,,,,,,,,,月,,,,,,,,,
住吉区,長居,2丁目,6番,,,,,,,,,,,,,,,,,,火金,,,,,,土,,,,,,,,,,,,,,,,水,,,,,,,,,,,,,,,,,,,,,,,,,月,,
住吉区,長居,2丁目,7番,,,,,,,,,,,,,,,,,,火金,,,,,,土,,,,,,,,,,,,,,,,水,,,,,,,,,,,,,,,,,,月,,,,,,,,,
住吉区,長居,2丁目,8番,,,,,,,,,,,,,,,,,,火金,,,,,,土,,,,,,,,,,,,,,,,水,,,,,,,,,,,,,,,,,,月,,,,,,,,,
住吉区,長居,2丁目,9番,,,,,,,,,,,,,,,,,,火金,,,,,土,,,,,,,,,,,,,,,,,水,,,,,,,,,,,,,,,,,,月,,,,,,,,,
住吉区,長居,2丁目,10番,軽四輪車(小さい車)で収集している地域,,,,,,,,,,,,,,,,火金,,,,,,土,,,,,,,,,,,,,,,,水,,,,,,,,,,,,,,,,,,,月,,,,,,,,,
住吉区,長居,2丁目,10番,上記以外,,,,,,,,,,,,,,,,,火金,,,,,土,,,,,,,,,,,,,,,,水,,,,,,,,,,,,,,,,,,,月,,,,,,,,,
住吉区,長居,2丁目,11番,軽四輪車(小さい車)で収集している地域,,,,,,,,,,,,,,,,火金,,,,,,,土,,,,,,,,,,,,,,,水,,,,,,,,,,,,,,,,,,,月,,,,,,,,,
住吉区,長居,2丁目,11番,上記以外,,,,,,,,,,,,,,,,,火金,,,,,,土,,,,,,,,,,,,,,,水,,,,,,,,,,,,,,,,,,,月,,,,,,,,,
住吉区,長居,2丁目,12番,軽四輪車(小さい車)で収集している地域,,,,,,,,,,,,,,,,火金,,,,,,土,,,,,,,,,,,,,,,,,水,,,,,,,,,,,,,,,,,,月,,,,,,,,,
住吉区,長居,2丁目,12番,上記以外,,,,,,,,,,,,,,,,,火金,,,,,土,,,,,,,,,,,,,,,,,水,,,,,,,,,,,,,,,,,,月,,,,,,,,,
住吉区,長居,2丁目,13番,,,,,,,,,,,,,,,,,,火金,,,,,土,,,,,,,,,,,,,,,,,水,,,,,,,,,,,,,,,,,,月,,,,,,,,,
住吉区,長居,3丁目,1番,軽四輪車(小さい車)で収集している地域,,,,,,,,,,,,,,,,火金,,,,,,土,,,,,,,,,,,,,,,,,,,,,,,,,,水,,,,,,,,,月,,,,,,,,,
住吉区,長居,3丁目,1番,上記以外,,,,,,,,,,,,,,,,,火金,,,,,土,,,,,,,,,,,,,,,,,,,,,,,,,,水,,,,,,,,,月,,,,,,,,,
住吉区,長居,3丁目,2番,軽四輪車(小さい車)で収集している地域,,,,,,,,,,,,,,,,火金,,,,,,土,,,,,,,,,,,,,,,,,水,,,,,,,,,,,,,,,,,,月,,,,,,,,,
住吉区,長居,3丁目,2番,上記以外,,,,,,,,,,,,,,,,,火金,,,,,土,,,,,,,,,,,,,,,,,水,,,,,,,,,,,,,,,,,,月,,,,,,,,,
住吉区,長居,3丁目,3番,軽四輪車(小さい車)で収集している地域,,,,,,,,,,,,,,,,火金,,,,,,,土,,,,,,,,,,,,,,,水,,,,,,,,,,,,,,,,,,,月,,,,,,,,,
住吉区,長居,3丁目,3番,上記以外,,,,,,,,,,,,,,,,,火金,,,,,,土,,,,,,,,,,,,,,,水,,,,,,,,,,,,,,,,,,,月,,,,,,,,,
住吉区,長居,3丁目,4番,,,,,,,,,,,,,,,,,火金,,,,,,土,,,,,,,,,,,,,,,,水,,,,,,,,,,,,,,,,,,,月,,,,,,,,,
住吉区,長居,3丁目,5番,,,,,,,,,,,,,,,,,火金,,,,,,土,,,,,,,,,,,,,,,,水,,,,,,,,,,,,,,,,,,,月,,,,,,,,,
住吉区,長居,3丁目,6番,軽四輪車(小さい車)で収集している地域,,,,,,火金,,,,,,,,,,,,,,,,,土,,,,,,,,,,,,,,,,水,,,,,,,,,,,,,,,,,,月,,,,,,,,,
住吉区,長居,3丁目,6番,上記以外,,,,,,,,,,,,,,,,火金,,,,,,,土,,,,,,,,,,,,,,,,水,,,,,,,,,,,,,,,,,,月,,,,,,,,,
住吉区,長居,3丁目,7番,軽四輪車(小さい車)で収集している地域,,,,,,火金,,,,,,,,,,,,,,,,,土,,,,,,,,,,,,,,,,水,,,,,,,,,,,,,,,,,,月,,,,,,,,,
住吉区,長居,3丁目,7番,上記以外,,,,,,,,,,,,,,,,火金,,,,,,土,,,,,,,,,,,,,,,,,,,,,,,,,,水,,,,,,,,,月,,,,,,,,,
住吉区,長居,3丁目,8番,軽四輪車(小さい車)で収集している地域,,,,,,火金,,,,,,,,,,,,,,,,土,,,,,,,,,,,,,,,,,水,,,,,,,,,,,,,,,,,,月,,,,,,,,,
住吉区,長居,3丁目,8番,上記以外,,,,,,,,,,,,,,,,火金,,,,,,土,,,,,,,,,,,,,,,,,,,,,,,,,,水,,,,,,,,,月,,,,,,,,,
住吉区,長居,3丁目,9番,軽四輪車(小さい車)で収集している地域,,,,,,火金,,,,,,,,,,,,,,,,土,,,,,,,,,,,,,,,,,,,,,,,,,,水,,,,,,,,,月,,,,,,,,,
住吉区,長居,3丁目,9番,上記以外,,,,,,,,,,,,,,,,火金,,,,,,土,,,,,,,,,,,,,,,,,,,,,,,,,,水,,,,,,,,,月,,,,,,,,,
住吉区,長居,3丁目,10番,軽四輪車(小さい車)で収集している地域,,,,,,火金,,,,,,,,,,,,,,,,,土,,,,,,,,,,,,,,,,水,,,,,,,,,,,,,,,,,,月,,,,,,,,,
住吉区,長居,3丁目,10番,上記以外,,,,,,,,,,,,,,,,火金,,,,,,土,,,,,,,,,,,,,,,,,,,,,,,,,,水,,,,,,,,,月,,,,,,,,,
住吉区,長居,3丁目,11番,,,,,,,,,,,,,,,,,火金,,,,,,土,,,,,,,,,,,,,,,,,水,,,,,,,,,,,,,,,,,,月,,,,,,,,,
住吉区,長居,3丁目,12番,,,,,,,,,,,,,,,,,火金,,,,,,土,,,,,,,,,,,,,,,,,水,,,,,,,,,,,,,,,,,,月,,,,,,,,,
住吉区,長居,3丁目,13番,,,,,,,,,,,,,,,,,火金,,,,,,土,,,,,,,,,,,,,,,,,,,,,,,,水,,,,,,,,,,,月,,,,,,,,,
住吉区,長居,3丁目,14番,軽四輪車(小さい車)で収集している地域,,,,,,火金,,,,,,,,,,,,,,,,土,,,,,,,,,,,,,,,,,,,,,,,,,,水,,,,,,,,,月,,,,,,,,,
住吉区,長居,3丁目,14番,上記以外,,,,,,,,,,,,,,,,火金,,,,,,,土,,,,,,,,,,,,,,,,,,,,,,,,,水,,,,,,,,,月,,,,,,,,,
住吉区,長居,4丁目,1番,,,,,,,,,火金,,,,,,,,,,,,,,土,,,,,,,,,,,,,,,,,,,,,,,,,,,水,,,,,,,,,,,,,,,月,,
住吉区,長居,4丁目,2番,,,,,,,,,火金,,,,,,,,,,,,,,土,,,,,,,,,,,,,,,,,,,,,,,,,,,水,,,,,,,,,,,,,,,月,,
住吉区,長居,4丁目,3番,,,,,,,,,火金,,,,,,,,,,,,,,,土,,,,,,,,,,,,,,,,,,,,,,,,,,,水,,,,,,,,,,,,,,月,,
住吉区,長居,4丁目,4番,,,,,,,,,火金,,,,,,,,,,,,,,土,,,,,,,,,,,,,,,,,,,,,,,,,,,水,,,,,,,,,,,,,,,月,,
住吉区,長居,4丁目,5番,,,,,,,,,火金,,,,,,,,,,,,,,,土,,,,,,,,,,,,,,,,,,,,,,,,,,水,,,,,,,,,,,,,,,月,,
住吉区,長居,4丁目,6番,,,,,,,,,火金,,,,,,,,,,,,,,土,,,,,,,,,,,,,,,,,,,,,,,,,,,水,,,,,,,,,,,,,,,月,,
住吉区,長居,4丁目,7番,,,,,,,,,火金,,,,,,,,,,,,,,土,,,,,,,,,,,,,,,,,,,,,,,,,,,水,,,,,,,,,,,,,,,月,,
住吉区,長居,4丁目,8番,,,,,,,,,火金,,,,,,,,,,,,,,土,,,,,,,,,,,,,,,,,,,,,,,,,,,水,,,,,,,,,,,,,,,月,,
住吉区,長居,4丁目,9番,,,,,,,,,火金,,,,,,,,,,,,,,土,,,,,,,,,,,,,,,,,,,,,,,,,,,水,,,,,,,,,,,,,,,月,,
住吉区,長居,4丁目,10番,,,,,,,,,火金,,,,,,,,,,,,,,土,,,,,,,,,,,,,,,,,,,,,,,,,,,水,,,,,,,,,,,,,,,月,,
住吉区,長居,4丁目,11番,,,,,,,,,火金,,,,,,,,,,,,,,土,,,,,,,,,,,,,,,,,,,,,,,,,,,水,,,,,,,,,,,,,,,月,,
住吉区,長居,4丁目,12番,,,,,,,,,火金,,,,,,,,,,,,,,土,,,,,,,,,,,,,,,,,,,,,,,,,,,水,,,,,,,,,,,,,,,月,,
住吉区,長居西,1丁目,1番,,,,,,,,,,,,,,,,,,火金,,,,,,,土,,,,,,,,,,,,,,,,水,,,,,,,,,,,,,,,,,,,,,,,,月,,
住吉区,長居西,1丁目,2番,,,,,,,,,,,,,,,,,,火金,,,,,,土,,,,,,,,,,,,,,,,,,,,,,,,,,水,,,,,,,,,,,,,,,月,,
住吉区,長居西,1丁目,3番,,,,,,,,,,,,,,,,,,火金,,,,,,土,,,,,,,,,,,,,,,,,,,,,,,,,,水,,,,,,,,,,,,,,,月,,
住吉区,長居西,1丁目,4番,,,,,,,,,,,,,,,,,,火金,,,,,,土,,,,,,,,,,,,,,,,,,,,,,,,,,水,,,,,,,,,,,,,,,月,,
住吉区,長居西,1丁目,5番,,,,,,,,,,,,,,,,,,火金,,,,,,,土,,,,,,,,,,,,,,,,水,,,,,,,,,,,,,,,,,,,,,,,,月,,
住吉区,長居西,1丁目,6番,,,,,,,,,,,,,,,,,,火金,,,,,土,,,,,,,,,,,,,,,,,,水,,,,,,,,,,,,,,,,,,,,,,,,月,,
住吉区,長居西,1丁目,7番,,,,,,,,,,,,,,,,,,火金,,,,,土,,,,,,,,,,,,,,,,,,,,,,,,,,,水,,,,,,,,,,,,,,,月,,
住吉区,長居西,1丁目,8番,,,,,,,,,,,,,,,,,,火金,,,,,土,,,,,,,,,,,,,,,,,,,,,,,,,,水,,,,,,,,,,,,,,,,月,,
住吉区,長居西,1丁目,9番,,,,,,,,,,,,,,,,,,火金,,,,,,土,,,,,,,,,,,,,,,,,,,,,,,,,水,,,,,,,,,,,,,,,,月,,
住吉区,長居西,1丁目,10番,,,,,,,,,,,,,,,,,,火金,,,,,,土,,,,,,,,,,,,,,,,,,,,,,,,,水,,,,,,,,,,,,,,,,月,,
住吉区,長居西,1丁目,11番,,,,,,,,,,,,,,,,,,火金,,,,,土,,,,,,,,,,,,,,,,,,,,,,,,,,水,,,,,,,,,,,,,,,,月,,
住吉区,長居西,1丁目,12番,,,,,,,,,,,,,,,,,,火金,,,,,土,,,,,,,,,,,,,,,,,,,,,,,,,,水,,,,,,,,,,,,,,,,月,,
住吉区,長居西,1丁目,13番,,,,,,,,,,,,,,,,,,火金,,,,,土,,,,,,,,,,,,,,,,,,,,,,,,,,水,,,,,,,,,,,,,,,,月,,
住吉区,長居西,1丁目,14番,22～28号,,,,,,,,,,,,,,,,,火金,,,,,土,,,,,,,,,,,,,,,,,,,,,,,,水,,,,,,,,,,,,,,,,,,月,,
住吉区,長居西,1丁目,14番,上記以外,,,,,,,,,,,,,,,,,火金,,,,,土,,,,,,,,,,,,,,,,,,水,,,,,,,,,,,,,,,,,,,,,,,,月,,
住吉区,長居西,2丁目,1番,,,,,,,,,,,,,,,,,火金,,,,,,土,,,,,,,,,,,,,,,,,水,,,,,,,,,,,,,,,,,,月,,,,,,,,,
住吉区,長居西,2丁目,2番,,,,,,,,,,,,,,,,,火金,,,,,,土,,,,,,,,,,,,,,,,水,,,,,,,,,,,,,,,,,,,月,,,,,,,,,
住吉区,長居西,2丁目,3番,,,,,,,,,,,,,,,,,火金,,,,,,土,,,,,,,,,,,,,,,,水,,,,,,,,,,,,,,,,,,,月,,,,,,,,,
住吉区,長居西,2丁目,4番,6~9号,,,,,,火金,,,,,,,,,,,,,,,,土,,,,,,,,,,,,,,,,水,,,,,,,,,,,,,,,,,,,月,,,,,,,,,
住吉区,長居西,2丁目,4番,上記以外,,,,,,,,,,,,,,,,火金,,,,,,土,,,,,,,,,,,,,,,,水,,,,,,,,,,,,,,,,,,,月,,,,,,,,,
住吉区,長居西,2丁目,5番,16~24号,,,,,,火金,,,,,,,,,,,,,,,,土,,,,,,,,,,,,,,,,水,,,,,,,,,,,,,,,,,,,月,,,,,,,,,
住吉区,長居西,2丁目,5番,32~38号,,,,,,,,火金,,,,,,,,,,,,,,土,,,,,,,,,,,,,,,,水,,,,,,,,,,,,,,,,,,,月,,,,,,,,,
住吉区,長居西,2丁目,5番,上記以外,,,,,,,,,,,,,,,,火金,,,,,,土,,,,,,,,,,,,,,,,水,,,,,,,,,,,,,,,,,,,,,,,,,,月,,
住吉区,長居西,2丁目,6番,,,,,,,火金,,,,,,,,,,,,,,,,土,,,,,,,,,,,,,,,,水,,,,,,,,,,,,,,,,,,,月,,,,,,,,,
住吉区,長居西,2丁目,7番,1･17~20号,,,,,,火金,,,,,,,,,,,,,,,,,土,,,,,,,,,,,,,,,水,,,,,,,,,,,,,,,,,,,月,,,,,,,,,
住吉区,長居西,2丁目,7番,上記以外,,,,,,,,,,,,,,,,火金,,,,,,,土,,,,,,,,,,,,,,,水,,,,,,,,,,,,,,,,,,,月,,,,,,,,,
住吉区,長居西,2丁目,8番,,,,,,,,,,,,,,,,,火金,,,,,,,土,,,,,,,,,,,,,,,,水,,,,,,,,,,,,,,,,,,月,,,,,,,,,
住吉区,長居西,2丁目,9番,,,,,,,,,,,,,,,,,火金,,,,,,土,,,,,,,,,,,,,,,,,水,,,,,,,,,,,,,,,,,,月,,,,,,,,,
住吉区,長居西,2丁目,10番,,,,,,,,,,,,,,,,,火金,,,,,,土,,,,,,,,,,,,,,,,水,,,,,,,,,,,,,,,,,,,月,,,,,,,,,
住吉区,長居西,2丁目,11番,23~25号,,,,,,,,火金,,,,,,,,,,,,,,土,,,,,,,,,,,,,,,,水,,,,,,,,,,,,,,,,,,,月,,,,,,,,,
住吉区,長居西,2丁目,11番,上記以外,,,,,,,,,,,,,,,,火金,,,,,,土,,,,,,,,,,,,,,,,水,,,,,,,,,,,,,,,,,,,月,,,,,,,,,
住吉区,長居西,2丁目,12番,1~10号,,,,,,,,火金,,,,,,,,,,,,,,土,,,,,,,,,,,,,,,,水,,,,,,,,,,,,,,,,,,,月,,,,,,,,,
住吉区,長居西,2丁目,12番,上記以外,,,,,,,,,,,,,,,,火金,,,,,,土,,,,,,,,,,,,,,,,水,,,,,,,,,,,,,,,,,,,月,,,,,,,,,
住吉区,長居西,2丁目,13番,1･28･32号,,,,,,,,火金,,,,,,,,,,,,,,土,,,,,,,,,,,,,,,,,,水,,,,,,,,,,,,,,,,,月,,,,,,,,,
住吉区,長居西,2丁目,13番,上記以外,,,,,,,,,,,,,,,,火金,,,,,,土,,,,,,,,,,,,,,,,,,水,,,,,,,,,,,,,,,,,月,,,,,,,,,
住吉区,長居西,2丁目,14番,,,,,,,,,,,,,,,,,火金,,,,,,,土,,,,,,,,,,,,,,,,,水,,,,,,,,,,,,,,,,,月,,,,,,,,,
住吉区,長居西,3丁目,1番,,,,,,,,,火金,,,,,,,,,,,,,,土,,,,,,,,,,,,,,,,,,,,,,,,,,,水,,,,,,,,,,,,,,,月,,
住吉区,長居西,3丁目,2番,,,,,,,,,火金,,,,,,,,,,,,,,土,,,,,,,,,,,,,,,,水,,,,,,,,,,,,,,,,,,,,,,,,,,月,,
住吉区,長居西,3丁目,3番,,,,,,,,,火金,,,,,,,,,,,,,,土,,,,,,,,,,,,,,,,,,,,,,,,,,,水,,,,,,,,,,,,,,,月,,
住吉区,長居西,3丁目,4番,,,,,,,,,火金,,,,,,,,,,,,,,土,,,,,,,,,,,,,,,,,,,,,,,,,,,水,,,,,,,,,,,,,,,月,,
住吉区,長居西,3丁目,5番,,,,,,,,,火金,,,,,,,,,,,,,,土,,,,,,,,,,,,,,,,,,,,,,,,,,,水,,,,,,,,,,,,,,,月,,
住吉区,長居西,3丁目,6番,,,,,,,,,火金,,,,,,,,,,,,,,,土,,,,,,,,,,,,,,,,,,,,,,,,,,水,,,,,,,,,,,,,,,月,,
住吉区,長居西,3丁目,7番,,,,,,,,,火金,,,,,,,,,,,,,,土,,,,,,,,,,,,,,,,,,,,,,,,,,,水,,,,,,,,,,,,,,,月,,
住吉区,長居西,3丁目,8番,,,,,,,,,火金,,,,,,,,,,,,,,,土,,,,,,,,,,,,,,,,,,,,,,,,,,水,,,,,,,,,,,,,,,月,,
住吉区,長居東,1丁目,1番,軽四輪車(小さい車)で収集している地域,,,,,,月木,,,,,,,,,,,,,,,,,,,,,,,金,,,,,,,,,,,,,,,,火,,,,,,,,,,,,水,,,,,,,,,
住吉区,長居東,1丁目,1番,上記以外,,,,,,,,月木,,,,,,,,,,,,,,,,,,,,,,,金,,,,,,,,火,,,,,,,,,,,,,,,,,,水,,,,,,,,,
住吉区,長居東,1丁目,2番,,,,,,,,,月木,,,,,,,,,,,,,,,,,,,,,,,,,金,,,,,,,,,,,,,火,,,,,,,,,,,水,,,,,,,,,
住吉区,長居東,1丁目,3番,,,,,,,月木,,,,,,,,,,,,,,,,,,,,,,,金,,,,,,,,,,,,,,,,火,,,,,,,,,,,,水,,,,,,,,,
住吉区,長居東,1丁目,4番,,,,,,,月木,,,,,,,,,,,,,,,,,,,,,,,金,,,,,,,,,,,,,,,,火,,,,,,,,,,,,水,,,,,,,,,
住吉区,長居東,1丁目,5番,,,,,,,月木,,,,,,,,,,,,,,,,,,,,,,,金,,,,,,,,,,,,,,,,火,,,,,,,,,,,,水,,,,,,,,,
住吉区,長居東,1丁目,6番,軽四輪車(小さい車)で収集している地域,,,,,,月木,,,,,,,,,,,,,,,,,,,,,,,金,,,,,,,,,,,,,,,,火,,,,,,,,,,,,水,,,,,,,,,
住吉区,長居東,1丁目,6番,上記以外,,,,,,,,月木,,,,,,,,,,,,,,,,,,,,,,,金,,,,,,,,,火,,,,,,,,,,,,,,,,,水,,,,,,,,,
住吉区,長居東,1丁目,7番,,,,,,,,,月木,,,,,,,,,,,,,,,,,,,,,,,金,,,,,,,,火,,,,,,,,,,,,,,,,,,水,,,,,,,,,
住吉区,長居東,1丁目,8番,6~16号,,,,,,月木,,,,,,,,,,,,,,,,,,,,,,,,,金,,,,,,,,,火,,,,,,,,,,,,,,,,,水,,,,,,,,,
住吉区,長居東,1丁目,8番,上記以外,,,,,,,,月木,,,,,,,,,,,,,,,,,,,,,,,金,,,,,,,,,火,,,,,,,,,,,,,,,,,水,,,,,,,,,
住吉区,長居東,1丁目,9番,5~15号,,,,,,,,月木,,,,,,,,,,,,,,,,,,,,,,,金,,,,,,,,,火,,,,,,,,,,,,,,,,,水,,,,,,,,,
住吉区,長居東,1丁目,9番,上記以外,,,,,,月木,,,,,,,,,,,,,,,,,,,,,,,,,,金,,,,,,,,火,,,,,,,,,,,,,,,,,水,,,,,,,,,
住吉区,長居東,1丁目,10番,,,,,,,月木,,,,,,,,,,,,,,,,,,,,,,,,,,金,,,,,,,,火,,,,,,,,,,,,,,,,,水,,,,,,,,,
住吉区,長居東,1丁目,11番,2~28号,,,,,,月木,,,,,,,,,,,,,,,,,,,,,,,,,,金,,,,,,,,火,,,,,,,,,,,,,,,,,水,,,,,,,,,
住吉区,長居東,1丁目,11番,上記以外,,,,,,,,月木,,,,,,,,,,,,,,,,,,,,,,,,金,,,,,,,,火,,,,,,,,,,,,,,,,,水,,,,,,,,,
住吉区,長居東,1丁目,12番,,,,,,,月木,,,,,,,,,,,,,,,,,,,,,,,金,,,,,,,,,,,,,,,,火,,,,,,,,,,,,水,,,,,,,,,
住吉区,長居東,1丁目,13番,,,,,,,月木,,,,,,,,,,,,,,,,,,,,,,,金,,,,,,,,,,,,,,,,火,,,,,,,,,,,,水,,,,,,,,,
住吉区,長居東,1丁目,14番,,,,,,,月木,,,,,,,,,,,,,,,,,,,,,,,金,,,,,,,,,,,,,,,,,,,,火,,,,,,,,,,,,,,水,,,
住吉区,長居東,1丁目,15番,,,,,,,月木,,,,,,,,,,,,,,,,,,,,,,,金,,,,,,,,,,,,,,,,火,,,,,,,,,,,,,,,,,,水,,,
住吉区,長居東,1丁目,16番,,,,,,,月木,,,,,,,,,,,,,,,,,,,,,,,金,,,,,,,,,,,,,,,,,火,,,,,,,,,,,,,,,,,水,,,
住吉区,長居東,1丁目,17番,軽四輪車(小さい車)で収集している地域,,,,,,月木,,,,,,,,,,,,,,,,,,,,,,,金,,,,,,,,,,,,,,,,火,,,,,,,,,,,,,,,,,,水,,,
住吉区,長居東,1丁目,17番,上記以外,,,,,,月木,,,,,,,,,,,,,,,,,,,,,,,,,金,,,,,,,,,火,,,,,,,,,,,,,,,,,水,,,,,,,,,
住吉区,長居東,1丁目,18番,軽四輪車(小さい車)で収集している地域,,,,,,月木,,,,,,,,,,,,,,,,,,,,,,,,金,,,,,,,,,,,,,,,,火,,,,,,,,,,,水,,,,,,,,,
住吉区,長居東,1丁目,18番,上記以外,,,,,,月木,,,,,,,,,,,,,,,,,,,,,,,,金,,,,,,,,火,,,,,,,,,,,,,,,,,,,水,,,,,,,,,
住吉区,長居東,1丁目,19番,,,,,,,月木,,,,,,,,,,,,,,,,,,,,,,,,,金,,,,,,,,火,,,,,,,,,,,,,,,,,,水,,,,,,,,,
住吉区,長居東,1丁目,20番,軽四輪車(小さい車)で収集している地域,,,,,,月木,,,,,,,,,,,,,,,,,,,,,,,,金,,,,,,,,,,,,,,,火,,,,,,,,,,,,水,,,,,,,,,
住吉区,長居東,1丁目,20番,上記以外,,,,,,,月木,,,,,,,,,,,,,,,,,,,,,,,金,,,,,,,,,火,,,,,,,,,,,,,,,,,,水,,,,,,,,,
住吉区,長居東,1丁目,21番,,,,,,,月木,,,,,,,,,,,,,,,,,,,,,,,,金,,,,,,,,,,,,,,,火,,,,,,,,,,,,水,,,,,,,,,
住吉区,長居東,1丁目,22番,,,,,,,,月木,,,,,,,,,,,,,,,,,,,,,,,金,,,,,,,,,,,,,,,火,,,,,,,,,,,,水,,,,,,,,,
住吉区,長居東,1丁目,23番,,,,,,,月木,,,,,,,,,,,,,,,,,,,,,,,,金,,,,,,,,,,,,,,,火,,,,,,,,,,,,,,,,,,水,,,
住吉区,長居東,1丁目,24番,,,,,,,月木,,,,,,,,,,,,,,,,,,金,,,,,,,,,,,,,,,,,,,,,,火,,,,,,,,,,,水,,,,,,,,,
住吉区,長居東,1丁目,25番,軽四輪車(小さい車)で収集している地域,,,,,,月木,,,,,,,,,,,,,,,,,,,,,,,,,金,,,,,,,,,,,,,,,火,,,,,,,,,,,水,,,,,,,,,
住吉区,長居東,1丁目,25番,上記以外,,,,,,月木,,,,,,,,,,,,,,,,,,,,,,,,,金,,,,,,,火,,,,,,,,,,,,,,,,,,,,,,,,,水,,,
住吉区,長居東,1丁目,26番,,,,,,,月木,,,,,,,,,,,,,,,,,,,,,,,金,,,,,,,,,火,,,,,,,,,,,,,,,,,,,,,,,,,水,,,
住吉区,長居東,1丁目,27番,,,,,,,月木,,,,,,,,,,,,,,,,,,,,,,,,金,,,,,,,,,火,,,,,,,,,,,,,,,,,,水,,,,,,,,,
住吉区,長居東,2丁目,1番,,,,,,,月木,,,,,,,,,,,,,,,,,,,,,,,,,金,,,,,,,,火,,,,,,,,,,,,,,,,,,水,,,,,,,,,
住吉区,長居東,2丁目,2番,,,,,,,月木,,,,,,,,,,,,,,,,,,,,,,,,,金,,,,,,,,,火,,,,,,,,,,,,,,,,,水,,,,,,,,,
住吉区,長居東,2丁目,3番,,,,,,,月木,,,,,,,,,,,,,,,,,,,,,,,,金,,,,,,,,火,,,,,,,,,,,,,,,,,,,水,,,,,,,,,
住吉区,長居東,2丁目,4番,,,,,,,月木,,,,,,,,,,,,,,,,,,,,,,,,,金,,,,,,,,,火,,,,,,,,,,,,,,,,,水,,,,,,,,,
住吉区,長居東,2丁目,5番,,,,,,,月木,,,,,,,,,,,,,,,,,,,,,,,金,,,,,,,,,,,火,,,,,,,,,,,,,,,,,水,,,,,,,,,
住吉区,長居東,2丁目,6番,1~20号,,,,,,月木,,,,,,,,,,,,,,,,,,,,,,,,,,金,,,,,,,,火,,,,,,,,,,,,,,,,,水,,,,,,,,,
住吉区,長居東,2丁目,6番,上記以外,,,,,,,,月木,,,,,,,,,,,,,,,,,,,,,,,,金,,,,,,,,火,,,,,,,,,,,,,,,,,水,,,,,,,,,
住吉区,長居東,2丁目,7番,,,,,,,月木,,,,,,,,,,,,,,,,,,,,,,,金,,,,,,,,,,火,,,,,,,,,,,,,,,,,,水,,,,,,,,,
住吉区,長居東,2丁目,8番,,,,,,,,,月木,,,,,,,,,,,,,,,,,,,,,金,,,,,,,,,,火,,,,,,,,,,,,,,,,,,水,,,,,,,,,
住吉区,長居東,2丁目,9番,,,,,,,,,月木,,,,,,,,,,,,,,,,,,,,,,金,,,,,,,,,火,,,,,,,,,,,,,,,,,,水,,,,,,,,,
住吉区,長居東,2丁目,10番,,,,,,,,,月木,,,,,,,,,,,,,,,,,,,,,,,,金,,,,,,,火,,,,,,,,,,,,,,,,,,水,,,,,,,,,
住吉区,長居東,2丁目,11番,,,,,,,,,月木,,,,,,,,,,,,,,,,,,,,,,,,金,,,,,,,,火,,,,,,,,,,,,,,,,,水,,,,,,,,,
住吉区,長居東,2丁目,12番,,,,,,,,,月木,,,,,,,,,,,,,,,,,,,,,,金,,,,,,,,,火,,,,,,,,,,,,,,,,,,水,,,,,,,,,
住吉区,長居東,2丁目,13番,2~12号,,,,,,月木,,,,,,,,,,,,,,,,,,,,,,,,金,,,,,,,,火,,,,,,,,,,,,,,,,,,,水,,,,,,,,,
住吉区,長居東,2丁目,13番,上記以外,,,,,,,,月木,,,,,,,,,,,,,,,,,,,,,,金,,,,,,,,火,,,,,,,,,,,,,,,,,,,水,,,,,,,,,
住吉区,長居東,2丁目,14番,,,,,,,月木,,,,,,,,,,,,,,,,,,,,,,,,金,,,,,,,,,火,,,,,,,,,,,,,,,,,,,,,,,,,水,,
住吉区,長居東,2丁目,15番,,,,,,,,,月木,,,,,,,,,,,,,,,,,,,,,,,,金,,,,,,,,火,,,,,,,,,,,,,,,,,水,,,,,,,,,
住吉区,長居東,2丁目,16番,,,,,,,月木,,,,,,,,,,,,,,,,,,,,,,,,金,,,,,,,,,火,,,,,,,,,,,,,,,,,,水,,,,,,,,,
住吉区,長居東,2丁目,17番,10~15号,,,,,,,,月木,,,,,,,,,,,,,,,,,,,,,,金,,,,,,,,,火,,,,,,,,,,,,,,,,,,,,,,,,,水,,
住吉区,長居東,2丁目,17番,上記以外,,,,,,月木,,,,,,,,,,,,,,,,,,,,,,,,金,,,,,,,,,火,,,,,,,,,,,,,,,,,,,,,,,,,水,,
住吉区,長居東,3丁目,1番,,,,,,,月木,,,,,,,,,,,,,,,,,,,,,,,金,,,,,,,,,火,,,,,,,,,,,,,,,,,,,水,,,,,,,,,
住吉区,長居東,3丁目,2番,,,,,,,月木,,,,,,,,,,,,,,,,,,,,,,,金,,,,,,,,,,火,,,,,,,,,,,,,,,,,,水,,,,,,,,,
住吉区,長居東,3丁目,3番,,,,,,,月木,,,,,,,,,,,,,,,,,,,,,,,金,,,,,,,,,火,,,,,,,,,,,,,,,,,,,水,,,,,,,,,
住吉区,長居東,3丁目,4番,,,,,,,月木,,,,,,,,,,,,,,,,,,,,,,,金,,,,,,,,,火,,,,,,,,,,,,,,,,,,,水,,,,,,,,,
住吉区,長居東,3丁目,5番,,,,,,,月木,,,,,,,,,,,,,,,,,,,,,,,,金,,,,,,,,,火,,,,,,,,,,,,,,,,,,水,,,,,,,,,
住吉区,長居東,3丁目,6番,,,,,,,月木,,,,,,,,,,,,,,,,,,,,,,,金,,,,,,,,,火,,,,,,,,,,,,,,,,,,,水,,,,,,,,,
住吉区,長居東,3丁目,7番,,,,,,,月木,,,,,,,,,,,,,,,,,,,,,,,金,,,,,,,,,火,,,,,,,,,,,,,,,,,,,水,,,,,,,,,
住吉区,長居東,3丁目,8番,,,,,,,月木,,,,,,,,,,,,,,,,,,,,,,,金,,,,,,,,,火,,,,,,,,,,,,,,,,,,,水,,,,,,,,,
住吉区,長居東,3丁目,9番,,,,,,,月木,,,,,,,,,,,,,,,,,,,,,,,,金,,,,,,,,,火,,,,,,,,,,,,,,,,,,水,,,,,,,,,
住吉区,長居東,3丁目,10番,,,,,,,月木,,,,,,,,,,,,,,,,,,,,,,,,金,,,,,,,,,火,,,,,,,,,,,,,,,,,,,,,,,,,水,,
住吉区,長居東,3丁目,11番,2~17号,,,,,,,,月木,,,,,,,,,,,,,,,,,,,,,金,,,,,,,,,火,,,,,,,,,,,,,,,,,,,,,,,,,,水,,
住吉区,長居東,3丁目,11番,上記以外,,,,,,月木,,,,,,,,,,,,,,,,,,,,,,,金,,,,,,,,,火,,,,,,,,,,,,,,,,,,,,,,,,,,水,,
住吉区,長居東,3丁目,12番,23~33号,,,,,,月木,,,,,,,,,,,,,,,,,,,,,,,金,,,,,,,,,火,,,,,,,,,,,,,,,,,,,水,,,,,,,,,
住吉区,長居東,3丁目,12番,上記以外,,,,,,月木,,,,,,,,,,,,,,,,,,,,,,,金,,,,,,,,,火,,,,,,,,,,,,,,,,,,,,,,,,,,水,,
住吉区,長居東,3丁目,13番,,,,,,,月木,,,,,,,,,,,,,,,,,,,,,,,,金,,,,,,,,,火,,,,,,,,,,,,,,,,,,水,,,,,,,,,
住吉区,長居東,3丁目,14番,,,,,,,月木,,,,,,,,,,,,,,,,,,,,,,,金,,,,,,,,,火,,,,,,,,,,,,,,,,,,,,,,,,,水,,,
住吉区,長居東,3丁目,15番,,,,,,,,,月木,,,,,,,,,,,,,,,,,,,,,金,,,,,,,,,火,,,,,,,,,,,,,,,,,,,,,,,,,水,,,
住吉区,長居東,3丁目,16番,,,,,,,,,月木,,,,,,,,,,,,,,,,,,,,,,金,,,,,,,,火,,,,,,,,,,,,,,,,,,,,,,,,,水,,,
住吉区,長居東,3丁目,17番,9号,,,,,,,,月木,,,,,,,,,,,,,,,,,,,,,,金,,,,,,,,,火,,,,,,,,,,,,,,,,,,,,,,,,水,,,
住吉区,長居東,3丁目,17番,上記以外,,,,,,月木,,,,,,,,,,,,,,,,,,,,,,,,金,,,,,,,,,火,,,,,,,,,,,,,,,,,,,,,,,,水,,,
住吉区,長居東,3丁目,18番,7~11号,,,,,,月木,,,,,,,,,,,,,,,,,,,,,,,金,,,,,,,,,火,,,,,,,,,,,,,,,,,,,,,,,,,水,,,
住吉区,長居東,3丁目,18番,上記以外,,,,,,,,月木,,,,,,,,,,,,,,,,,,,,,金,,,,,,,,,火,,,,,,,,,,,,,,,,,,,,,,,,,水,,,
住吉区,長居東,3丁目,19番,17~29号,,,,,,,,月木,,,,,,,,,,,,,,,,,,,,,,金,,,,,,,,,火,,,,,,,,,,,,,,,,,,,,,,,,水,,,
住吉区,長居東,3丁目,19番,上記以外,,,,,,月木,,,,,,,,,,,,,,,,,,,,,,,,金,,,,,,,,,火,,,,,,,,,,,,,,,,,,,,,,,,水,,,
住吉区,長居東,3丁目,20番,19~28号,,,,,,,,月木,,,,,,,,,,,,,,,,,,,,,,金,,,,,,,,,火,,,,,,,,,,,,,,,,,,,,,,,,水,,,
住吉区,長居東,3丁目,20番,上記以外,,,,,,月木,,,,,,,,,,,,,,,,,,,,,,,,金,,,,,,,,,火,,,,,,,,,,,,,,,,,,,,,,,,水,,,
住吉区,長居東,3丁目,21番,19~28号,,,,,,,,月木,,,,,,,,,,,,,,,,,,,,,,金,,,,,,,,,火,,,,,,,,,,,,,,,,,,,,,,,,水,,,
住吉区,長居東,3丁目,21番,上記以外,,,,,,月木,,,,,,,,,,,,,,,,,,,,,,,,金,,,,,,,,,火,,,,,,,,,,,,,,,,,,,,,,,,水,,,
住吉区,長居東,4丁目,1番,,,,,,,,,,,,,,,,,,火金,,,,,,土,,,,,,,,,,,,,,,,水,,,,,,,,,,,,,,,,,,,,,,,,月,,,
住吉区,長居東,4丁目,2番,,,,,,,,,,,,,,,,,,火金,,,,,,土,,,,,,,,,,,,,,,,水,,,,,,,,,,,,,,,,,,,,,,,,月,,,
住吉区,長居東,4丁目,3番,,,,,,,,,,,,,,,,,,火金,,,,,,土,,,,,,,,,,,,,,,,水,,,,,,,,,,,,,,,,,,,,,,,,月,,,
住吉区,長居東,4丁目,4番,,,,,,,,,,,,,,,,,,火金,,,,,,土,,,,,,,,,,,,,,,,水,,,,,,,,,,,,,,,,,,,,,,,,月,,,
住吉区,長居東,4丁目,5番,,,,,,,,,,,,,,,,,,火金,,,,,,,,,,,,,,土,,,,,,,,,水,,,,,,,,,,,,,,,,,,,,,,,月,,,
住吉区,長居東,4丁目,6番,,,,,,,,,,,,,,,,,,火金,,,,,,,,,,,,,,土,,,,,,,,,,,,,,,,,水,,,,,,,,,,,,,,,月,,,
住吉区,長居東,4丁目,7番,,,,,,,,,,,,,,,,,,火金,,,,,土,,,,,,,,,,,,,,,,,水,,,,,,,,,,,,,,,,,,,,,,,,月,,,
住吉区,長居東,4丁目,9番,,,,,,,,,,,月木,,,,,,,,,,,,,,,,,,,金,,,,,,,,,火,,,,,,,,,,,,,,,,,,,,,,,,,,火,,
住吉区,長居東,4丁目,10番,,,,,,,,,,,月木,,,,,,,,,,,,,,,,,,,金,,,,,,,,,火,,,,,,,,,,,,,,,,,,,,,,,,,,火,,
住吉区,長居東,4丁目,11番,,,,,,,,,,,月木,,,,,,,,,,,,,,,,,,,金,,,,,,,,,火,,,,,,,,,,,,,,,,,,,,,,,,,,火,,
住吉区,長居東,4丁目,12番,,,,,,,,,,,月木,,,,,,,,,,,,,,,,,,,金,,,,,,,,,火,,,,,,,,,,,,,,,,,,,,,,,,,,火,,
住吉区,長居東,4丁目,13番,,,,,,,,,,,月木,,,,,,,,,,,,,,,,,,,金,,,,,,,,,火,,,,,,,,,,,,,,,,,,,,,,,,,,火,,
住吉区,長居東,4丁目,14番,,,,,,,,,,,月木,,,,,,,,,,,,,,,,,,,金,,,,,,,,,火,,,,,,,,,,,,,,,,,,,,,,,,,,火,,
住吉区,長居東,4丁目,15番,,,,,,,,,,,月木,,,,,,,,,,,,,,,,,,,金,,,,,,,,,火,,,,,,,,,,,,,,,,,,,,,,,,,,火,,
住吉区,長居東,4丁目,16番,,,,,,,,,,,月木,,,,,,,,,,,,,,,,,,,金,,,,,,,,,火,,,,,,,,,,,,,,,,,,,,,,,,,,火,,
住吉区,長居東,4丁目,17番,,,,,,,,,,,月木,,,,,,,,,,,,,,,,,,,金,,,,,,,,,火,,,,,,,,,,,,,,,,,,,,,,,,,,火,,
住吉区,長居東,4丁目,18番,,,,,,,,,,,月木,,,,,,,,,,,,,,,,,,,金,,,,,,,,,火,,,,,,,,,,,,,,,,,,,,,,,,,,火,,
住吉区,長居東,4丁目,19番,,,,,,,,,,,月木,,,,,,,,,,,,,,,,,,,金,,,,,,,,,火,,,,,,,,,,,,,,,,,,,,,,,,,,火,,
住吉区,長居東,4丁目,20番,,,,,,,,,,,月木,,,,,,,,,,,,,,,,,,,金,,,,,,,,,,火,,,,,,,,,,,,,,,,,,,,,,,,,火,,
住吉区,長居東,4丁目,21番,,,,,,,,,,,月木,,,,,,,,,,,,,,,,,,,金,,,,,,,,,,火,,,,,,,,,,,,,,,,,,,,,,,,,火,,
住吉区,長峡町,1番,,,,,,,,火金,,,,,,,,,,,,,,,,,,,,,,,,木,,,,,,,,,,,,,,,月,,,,,,,,,,,,木,,,,,,,,,
住吉区,長峡町,2番,軽四輪車(小さい車)で収集している地域,,,,,,,,,,,,,,,,火金,,,,,,,,,,,,,,,木,,,,,,,,,,,,,,,,月,,,,,,,,,,,木,,,,,,,,,
住吉区,長峡町,2番,上記以外,,,,,,,火金,,,,,,,,,,,,,,,,,,,,,,,,木,,,,,,,,,,,,,,,,月,,,,,,,,,,,木,,,,,,,,,
住吉区,長峡町,3番,軽四輪車(小さい車)で収集している地域,,,,,,,,,,,,,,,,火金,,,,,,,,,,,,,,,木,,,,,,,,,,,,,,,,月,,,,,,,,,,,木,,,,,,,,,
住吉区,長峡町,3番,上記以外,,,,,,,火金,,,,,,,,,,,,,,,,,,,,,,,,木,,,,,,,,,,,,,,,,月,,,,,,,,,,,木,,,,,,,,,
住吉区,長峡町,4番,1~36号,,,,,,,,,,,,,,,,火金,,,,,,,,,,,,,,,,木,,,,,,,,,月,,,,,,,,,,,,,,,,,木,,,,,,,,,
住吉区,長峡町,4番,38~48号,,,,,,,,,,,,,,,,火金,,,,,,,,,,,,,,,,木,,,,,,,,,,,,,,,月,,,,,,,,,,,木,,,,,,,,,
住吉区,長峡町,5番,1~5号,,,,,,,火金,,,,,,,,,,,,,,,,,,,,,,,木,,,,,,,,,,,,,,,,月,,,,,,,,,,,,木,,,,,,,,,
住吉区,長峡町,5番,6~19号,,,,,,,火金,,,,,,,,,,,,,,,,,,,,,,,木,,,,,,,,,,,月,,,,,,,,,,,,,,,,,木,,,,,,,,,
住吉区,長峡町,6番,1~16号,,,,,,,火金,,,,,,,,,,,,,,,,,,,,,,,,,木,,,,,,,,,,,,,,月,,,,,,,,,,,,木,,,,,,,,,
住吉区,長峡町,6番,17~33号,,,,,,,火金,,,,,,,,,,,,,,,,,,,,,,,,,木,,,,,,,,,月,,,,,,,,,,,,,,,,,木,,,,,,,,,
住吉区,長峡町,7番,,,,,,,,火金,,,,,,,,,,,,,,,,,,,,,,,,,木,,,,,,,,月,,,,,,,,,,,,,,,,,,木,,,,,,,,,
住吉区,長峡町,8番,,,,,,,,火金,,,,,,,,,,,,,,,,,,,,,,,木,,,,,,,,,,,月,,,,,,,,,,,,,,,,,木,,,,,,,,,
住吉区,長峡町,9番,西側,,,,,,,,,,,,,,,,火金,,,,,,,,,,,,,,,,木,,,,,,,,,,,,,,月,,,,,,,,,,,,木,,,,,,,,,
住吉区,長峡町,9番,東側,,,,,,,,,,,,,,,,火金,,,,,,,,,,,,,,,,木,,,,,,,,,月,,,,,,,,,,,,,,,,,木,,,,,,,,,
住吉区,庭井,1丁目,1番,14~21号,,,,,,,,月木,,,,,,,,,,,,,,,,,,,,,,,金,,,,,,,,,,,,,,,,火,,,,,,,,,,土,,,,,,,,,
住吉区,庭井,1丁目,1番,上記以外,,,,,,,,月木,,,,,,,,,,,,,,,,,,,,,,,金,,,,,,,,,,,,,,,,火,,,,,,,,,,土,,,,,,,,,
住吉区,庭井,1丁目,2番,12~14号,,,,,,,,月木,,,,,,,,,,,,,,,,,,,,,,,金,,,,,,,,,,,,,,,,火,,,,,,,,,,,,,,,,,土,,
住吉区,庭井,1丁目,2番,上記以外,,,,,,,,月木,,,,,,,,,,,,,,,,,,,,,,,金,,,,,,,,,,,,,,,,火,,,,,,,,,,,,,,,,,土,,
住吉区,庭井,1丁目,3番,,,,,,,,,月木,,,,,,,,,,,,,,,,,,,,,,,金,,,,,,,,,,,,,,,,火,,,,,,,,,,,,,,,,,土,,
住吉区,庭井,1丁目,5番,,,,,,,,,月木,,,,,,,,,,,,,,,,,,,,,,,金,,,,,,,,,,,,,,,,,火,,,,,,,,,,,,,,,,土,,
住吉区,庭井,1丁目,6番,,,,,,,,,月木,,,,,,,,,,,,,,,,,,,,,,,,金,,,,,,,,,,,,,,,火,,,,,,,,,,,,,,,,,土,,
住吉区,庭井,1丁目,7番,,,,,,,,,月木,,,,,,,,,,,,,,,,,,,,,,,金,,,,,,,,,,,,,,,,,火,,,,,,,,,,,,,,,,土,,
住吉区,庭井,1丁目,8番,,,,,,,,,月木,,,,,,,,,,,,,,,,,,,,,,,金,,,,,,,,,,,,,,,,,,火,,,,,,,,,,,,,,,土,,
住吉区,庭井,1丁目,9番,18~21号,,,,,,,,月木,,,,,,,,,,,,,,,,,,,,,,,,金,,,,,,,,,,,,,,,,火,,,,,,,,,土,,,,,,,,,
住吉区,庭井,1丁目,9番,上記以外,,,,,,,,月木,,,,,,,,,,,,,,,,,,,,,,,,金,,,,,,,,,,,,,,,,火,,,,,,,,,土,,,,,,,,,
住吉区,庭井,1丁目,10番,12~16号,,,,,,,,月木,,,,,,,,,,,,,,,,,,,,,,,,金,,,,,,,,,,,,,,,,火,,,,,,,,,土,,,,,,,,,
住吉区,庭井,1丁目,10番,上記以外,,,,,,,,月木,,,,,,,,,,,,,,,,,,,,,,,,金,,,,,,,,,,,,,,,,火,,,,,,,,,土,,,,,,,,,
住吉区,庭井,1丁目,11番,,,,,,,,,月木,,,,,,,,,,,,,,,,,,,,,,,,金,,,,,,,,,,,,,,,,火,,,,,,,,,土,,,,,,,,,
住吉区,庭井,1丁目,12番,8~25号,,,,,,,,月木,,,,,,,,,,,,,,,,,,,,,,,,金,,,,,,,,,,,,,,,,火,,,,,,,,,土,,,,,,,,,
住吉区,庭井,1丁目,12番,上記以外,,,,,,,,月木,,,,,,,,,,,,,,,,,,,,,,,,金,,,,,,,,,,,,,,,,火,,,,,,,,,土,,,,,,,,,
住吉区,庭井,1丁目,13番,1~24号,,,,,,,,月木,,,,,,,,,,,,,,,,,,,,,,,,金,,,,,,,,,,,,,,,,火,,,,,,,,,土,,,,,,,,,
住吉区,庭井,1丁目,13番,上記以外,,,,,,,,月木,,,,,,,,,,,,,,,,,,,,,,,,金,,,,,,,,,,,,,,,,火,,,,,,,,,土,,,,,,,,,
住吉区,庭井,1丁目,14番,,,,,,,,,月木,,,,,,,,,,,,,,,,,,,,,,,,,金,,,,,,,,,,,,,,,,火,,,,,,,,土,,,,,,,,,
住吉区,庭井,2丁目,1番,,,,,,,,,月木,,,,,,,,,,,,,,,,,,,,,,,,金,,,,,,,,,,,,,,,,,火,,,,,,,,土,,,,,,,,,
住吉区,庭井,2丁目,2番,,,,,,,,,月木,,,,,,,,,,,,,,,,,,,,,金,,,,,,,,,,,,,,,,火,,,,,,,,,,,,土,,,,,,,,,
住吉区,庭井,2丁目,3番,,,,,,,,,月木,,,,,,,,,,,,,,,,,,,,,,,,金,,,,,,,,,,,,,火,,,,,,,,,,,,土,,,,,,,,,
住吉区,庭井,2丁目,4番,,,,,,,,,月木,,,,,,,,,,,,,,,,,,,,,,,,金,,,,,,,,,,,,,,,,火,,,,,,,,,土,,,,,,,,,
住吉区,庭井,2丁目,5番,5~20号,,,,,,,,月木,,,,,,,,,,,,,,,,,,,,,,金,,,,,,,,,,,,,,,,火,,,,,,,,,,,土,,,,,,,,,
住吉区,庭井,2丁目,5番,上記以外,,,,,,,,月木,,,,,,,,,,,,,,,,,,,,,,金,,,,,,,,,,,,,,,,火,,,,,,,,,,,土,,,,,,,,,
住吉区,庭井,2丁目,6番,,,,,,,,,月木,,,,,,,,,,,,,,,,,,,,,,金,,,,,,,,,,,,,,,,火,,,,,,,,,,,土,,,,,,,,,
住吉区,庭井,2丁目,7番,5~12号,,,,,,,,月木,,,,,,,,,,,,,,,,,,,,,,金,,,,,,,,,,,,,,,,火,,,,,,,,,,,土,,,,,,,,,
住吉区,庭井,2丁目,7番,上記以外,,,,,,,,月木,,,,,,,,,,,,,,,,,,,,,,金,,,,,,,,,,,,,,,,火,,,,,,,,,,,土,,,,,,,,,
住吉区,庭井,2丁目,8番,,,,,,,,,月木,,,,,,,,,,,,,,,,,,,,,,,,金,,,,,,,,,,,,,,,火,,,,,,,,,,土,,,,,,,,,
住吉区,庭井,2丁目,9番,,,,,,,,,月木,,,,,,,,,,,,,,,,,,,,,,,金,,,,,,,,,,,,,,,,,,火,,,,,,,,土,,,,,,,,,
住吉区,庭井,2丁目,10番,,,,,,,,,月木,,,,,,,,,,,,,,,,,,,,,,,金,,,,,,,,,,,,,,,,,火,,,,,,,,,土,,,,,,,,,
住吉区,庭井,2丁目,11番,,,,,,,,,月木,,,,,,,,,,,,,,,,,,,,,,,金,,,,,,,,,,,,,,,,,火,,,,,,,,,,,,,,,,土,,
住吉区,庭井,2丁目,12番,,,,,,,,,月木,,,,,,,,,,,,,,,,,,,,,,,金,,,,,,,,,,,,,,,,火,,,,,,,,,,,,,,,,,土,,
住吉区,庭井,2丁目,13番,,,,,,,,,月木,,,,,,,,,,,,,,,,,,,,,,,,金,,,,,,,,,,,,,,,,火,,,,,,,,,,,,,,,,土,,
住吉区,庭井,2丁目,14番,,,,,,,,,月木,,,,,,,,,,,,,,,,,,,,,,,,金,,,,,,,,,,,,,,,,火,,,,,,,,,,,,,,,,土,,
住吉区,庭井,2丁目,15番,,,,,,,,,月木,,,,,,,,,,,,,,,,,,,,,,,金,,,,,,,,,,,,,,,,火,,,,,,,,,,,,,,,,,土,,
住吉区,庭井,2丁目,16番,,,,,,,,,月木,,,,,,,,,,,,,,,,,,,,,,,,,金,,,,,,,,,,,,,,,,火,,,,,,,,,,,,,,,土,,
住吉区,庭井,2丁目,17番,,,,,,,,,月木,,,,,,,,,,,,,,,,,,,,,,,,金,,,,,,,,,,,,,,,火,,,,,,,,,,,,,,,,,土,,
住吉区,庭井,2丁目,18番,,,,,,,,,月木,,,,,,,,,,,,,,,,,,,,,,,,金,,,,,,,,,,,,,,,火,,,,,,,,,,土,,,,,,,,,
住吉区,庭井,2丁目,19番,,,,,,,,,月木,,,,,,,,,,,,,,,,,,,,,,,,金,,,,,,,,,,,,,,,火,,,,,,,,,,,,,,,,,土,,
住吉区,庭井,2丁目,20番,軽四輪車(小さい車)で収集している地域,,,,,,,,月木,,,,,,,,,,,,,,,,,,,,,,,,金,,,,,,,,,,,,,,,火,,,,,,,,,,土,,,,,,,,,
住吉区,庭井,2丁目,20番,上記以外,,,,,,,,月木,,,,,,,,,,,,,,,,,,,,,,,,金,,,,,,,火,,,,,,,,,,,,,,,,,,土,,,,,,,,,
住吉区,庭井,2丁目,21番,,,,,,,,,月木,,,,,,,,,,,,,,,,,,,,,,,,金,,,,,,,,,,,,,,,,火,,,,,,,,,,,,,,,,土,,
住吉区,万代,2丁目,1番,,,,,,,,,,,火金,,,,,,,,,,,,,,,,,,,,,,,土,,,,,,,,,,,,,水,,,,,,,,,,,,,,,,,,,,
住吉区,万代,2丁目,2番,,,,,,,,,,,火金,,,,,,,,,,,,,,,,,,,,,,,土,,,,,,,,,,,,,水,,,,,,,,,,,,,,,,,,,,
住吉区,万代,2丁目,3番,,,,,,,,,,,火金,,,,,,,,,,,,,,,,,,,,,,,土,,,,,,,,,,,,,水,,,,,,,,,,,,,,,,,,,,
住吉区,万代,2丁目,4番,,,,,,,,,,,火金,,,,,,,,,,,,,,,,,,,,,,,土,,,,,,,,,,,,,水,,,,,,,,,,,,,,,,,,,,
住吉区,万代,2丁目,5番,,,,,,,,,,,火金,,,,,,,,,,,,,,,,,,,,,,,土,,,,,,,,,,,,,水,,,,,,,,,,,,,,,,,,,,
住吉区,万代,2丁目,6番,,,,,,,,,,,火金,,,,,,,,,,,,,,,,,,,,,,,土,,,,,,,,,,,,,水,,,,,,,,,,,,,,,,,,,,
住吉区,万代,2丁目,7番,,,,,,,,,,,火金,,,,,,,,,,,,,,土,,,,,,,,,,,,,,,,,,,,,,水,,,,,,,,,,,,,,,,,,,,
住吉区,万代,2丁目,8番,軽四輪車(小さい車)で収集している地域,,,,,,,,,,火金,,,,,,,,,,,,,,土,,,,,,,,,,,,,,,,水,,,,,,,,,,,,,,,,,,,,,,,,,,
住吉区,万代,2丁目,8番,上記以外,,,,,,,,,,火金,,,,,,,,,,,,,,,,,,,,,土,,,,,,,,,,,,,,,水,,,,,,,,,,,,,,,,,,,,
住吉区,万代,2丁目,9番,,,,,,,,,,,火金,,,,,,,,,,,,,,,,,,,,,土,,,,,,,,,,,,,,,水,,,,,,,,,,,,,,,,,,,,
住吉区,万代,2丁目,10番,,,,,,,,,,,火金,,,,,,,,,,,,,,,,,,,,,土,,,,,,,,,,,,,,,水,,,,,,,,,,,,,,,,,,,,
住吉区,万代,3丁目,1番,,,,,,,,,,,火金,,,,,,,,,,,,,,土,,,,,,,,,,,,,,,,,,,,,,,水,,,,,,,,,,,,,,,,,,,
住吉区,万代,3丁目,2番,,,,,,,,,,,火金,,,,,,,,,,,,,,,,,,,,,土,,,,,,,,,,,,,,,,水,,,,,,,,,,,,,,,,,,,
住吉区,万代,3丁目,3番,,,,,,,,,,,火金,,,,,,,,,,,,,,,,,,,,,土,,,,,,,,,,,,,,,水,,,,,,,,,,,,,,,,,,,,
住吉区,万代,3丁目,4番,,,,,,,,,,,火金,,,,,,,,,,,,,,,,,,,,,土,,,,,,,,,,,,,,,水,,,,,,,,,,,,,,,,,,,,
住吉区,万代,3丁目,5番,,,,,,,,,,,火金,,,,,,,,,,,,,,,,,,,,,,土,,,,,,,,,,,,,,水,,,,,,,,,,,,,,,,,,,,
住吉区,万代,3丁目,8番,,,,,,,,,,,火金,,,,,,,,,,,,,,,,,,,,,土,,,,,,,,,,,,,,,水,,,,,,,,,,,,,,,,,,,,
住吉区,万代,3丁目,9番,,,,,,,,,,,火金,,,,,,,,,,,,,,,,,,,,,土,,,,,,,,,,,,,,,,,,水,,,,,,,,,,,,,,,,,
住吉区,万代,3丁目,10番,,,,,,,,,,,火金,,,,,,,,,,,,,,土,,,,,,,,,,,,,,,,,,,,,,,,,,水,,,,,,,,,,,,,,,,
住吉区,万代,3丁目,11番,,,,,,,,,,,火金,,,,,,,,,,,,,,,,,,,,,,,土,,,,,,,,,,,,,,水,,,,,,,,,,,,,,,,,,,
住吉区,万代,3丁目,12番,,,,,,,,,,,火金,,,,,,,,,,,,,,,,,,,,,土,,,,,,,,,,,,,,,水,,,,,,,,,,,,,,,,,,,,
住吉区,万代,3丁目,13番,,,,,,,,,,,火金,,,,,,,,,,,,,,,,,,,,,土,,,,,,,,,,,,,,,,水,,,,,,,,,,,,,,,,,,,
住吉区,万代,3丁目,14番,,,,,,,,,,,火金,,,,,,,,,,,,,,,,,,,,,,土,,,,,,,,,,,,,水,,,,,,,,,,,,,,,,,,,,,
住吉区,万代,4丁目,1番,,,,,,,,,,,火金,,,,,,,,,,,,,,,,,,,,,土,,,,,,,,,,,,,,,水,,,,,,,,,,,,,,,,,,,,
住吉区,万代,4丁目,2番,,,,,,,,,,,火金,,,,,,,,,,,,,,,,,,,,,土,,,,,,,,,,,,,,,水,,,,,,,,,,,,,,,,,,,,
住吉区,万代,4丁目,3番,,,,,,,,,,,火金,,,,,,,,,,,,,,,,,,,,,,土,,,,,,,,,,,,,,水,,,,,,,,,,,,,,,,,,,,
住吉区,万代,4丁目,4番,,,,,,,,,,,火金,,,,,,,,,,,,,,,,,,,,,土,,,,,,,,,,,,,,,水,,,,,,,,,,,,,,,,,,,,
住吉区,万代,4丁目,5番,,,,,,,,,,,火金,,,,,,,,,,,,,,,,,,,,,土,,,,,,,,,,,,,,,,水,,,,,,,,,,,,,,,,,,,
住吉区,万代,4丁目,6番,,,,,,,,,,,火金,,,,,,,,,,,,,,,,,,,,,土,,,,,,,,,,,,,,,,水,,,,,,,,,,,,,,,,,,,
住吉区,万代,4丁目,7番,,,,,,,,,,,火金,,,,,,,,,,,,,,,,,,,,,土,,,,,,,,,,,,,,水,,,,,,,,,,,,,,,,,,,,,
住吉区,万代,4丁目,8番,,,,,,,,,,,火金,,,,,,,,,,,,,,,,,,,,,土,,,,,,,,,,,,,,水,,,,,,,,,,,,,,,,,,,,,
住吉区,万代,4丁目,9番,,,,,,,,,,,火金,,,,,,,,,,,,,,,,,,,,,土,,,,,,,,,,,,,,,水,,,,,,,,,,,,,,,,,,,,
住吉区,万代,4丁目,10番,,,,,,,,,,,火金,,,,,,,,,,,,,,,,,,,,,,土,,,,,,,,,,,,,,水,,,,,,,,,,,,,,,,,,,,
住吉区,万代,4丁目,11番,,,,,,,,,,,火金,,,,,,,,,,,,,,,,,,,,,土,,,,,,,,,,,,,,,水,,,,,,,,,,,,,,,,,,,,
住吉区,万代,4丁目,12番,,,,,,,,,,,火金,,,,,,,,,,,,,,,,,,,,,,土,,,,,,,,,,,,,水,,,,,,,,,,,,,,,,,,,,,
住吉区,万代,4丁目,13番,,,,,,,,,,,火金,,,,,,,,,,,,,,,,,,,,,土,,,,,,,,,,,,,,,水,,,,,,,,,,,,,,,,,,,,
住吉区,万代,4丁目,14番,,,,,,,,,,,火金,,,,,,,,,,,,,,,,,,,,,土,,,,,,,,,,,,,,,水,,,,,,,,,,,,,,,,,,,,
住吉区,万代,4丁目,15番,,,,,,,,,,,火金,,,,,,,,,,,,,,,,,,,,,,土,,,,,,,,,,,,,,水,,,,,,,,,,,,,,,,,,,,
住吉区,万代,4丁目,16番,,,,,,,,,,,火金,,,,,,,,,,,,,,,,,,,,,土,,,,,,,,,,,,,,水,,,,,,,,,,,,,,,,,,,,,
住吉区,万代,4丁目,17番,,,,,,,,,,,火金,,,,,,,,,,,,,,,,,,,,,,土,,,,,,,,,,,,,,水,,,,,,,,,,,,,,,,,,,,
住吉区,万代,4丁目,18番,,,,,,,,,,,火金,,,,,,,,,,,,,,,,,,,,,,土,,,,,,,,,,,,,,水,,,,,,,,,,,,,,,,,,,,
住吉区,万代,4丁目,19番,,,,,,,,,,,火金,,,,,,,,,,,,,,,,,,,,,,土,,,,,,,,,,,,,,,水,,,,,,,,,,,,,,,,,,,
住吉区,万代,4丁目,20番,,,,,,,,,,,火金,,,,,,,,,,,,,,,,,,,,,,土,,,,,,,,,,,,,,,水,,,,,,,,,,,,,,,,,,,
住吉区,万代,5丁目,1番,,,,,,,,,,,火金,,,,,,,,,,,,,,,,,,,,,,土,,,,,,,,,,,,,,水,,,,,,,,,,,,,,,,,,,,
住吉区,万代,5丁目,2番,,,,,,,,,,,火金,,,,,,,,,,,,,,,,,,,,,,土,,,,,,,,,,,,,,,水,,,,,,,,,,,,,,,,,,,
住吉区,万代,5丁目,3番,,,,,,,,,,,火金,,,,,,,,,,,,,,,,,,,,,,土,,,,,,,,,,,,,,水,,,,,,,,,,,,,,,,,,,,
住吉区,万代,5丁目,4番,,,,,,,,,,,火金,,,,,,,,,,,,,,,,,,,,,,,,土,,,,,,,,,,,,,水,,,,,,,,,,,,,,,,,,,
住吉区,万代,5丁目,5番,,,,,,,,,,,火金,,,,,,,,,,,,,,,,,,,,,,土,,,,,,,,,,,,,,,水,,,,,,,,,,,,,,,,,,,
住吉区,万代,5丁目,6番,,,,,,,,,,,火金,,,,,,,,,,,,,,,,,,,,,,,,土,,,,,,,,,,,,水,,,,,,,,,,,,,,,,,,,,
住吉区,万代,5丁目,7番,3~9号,,,,,,火金,,,,,,,,,,,,,,,,,,,,,,,,,,,,土,,,,,,,,,,,,,水,,,,,,,,,,,,,,,,,,,
住吉区,万代,5丁目,7番,上記以外,,,,,,,,,,火金,,,,,,,,,,,,,,,,,,,,,,,,土,,,,,,,,,,,,,水,,,,,,,,,,,,,,,,,,,
住吉区,万代,5丁目,8番,,,,,,,火金,,,,,,,,,,,,,,,,,,,,,,,土,,,,,,,,,,,,,,,,,,水,,,,,,,,,,,,,,,,,,,
住吉区,万代,5丁目,9番,,,,,,,,,,,火金,,,,,,,,,,,,,,,,,,,土,,,,,,,,,,,,,,,,,,水,,,,,,,,,,,,,,,,,,,
住吉区,万代,5丁目,10番,,,,,,,,,,,火金,,,,,,,,,,,,,,,,,,,土,,,,,,,,,,,,,,,,,,水,,,,,,,,,,,,,,,,,,,
住吉区,万代,5丁目,11番,,,,,,,,,,,火金,,,,,,,,,,,,,,,,,,,土,,,,,,,,,,,,,,,,,水,,,,,,,,,,,,,,,,,,,,
住吉区,万代,5丁目,12番,,,,,,,,,,,火金,,,,,,,,,,,,,,,,,,,土,,,,,,,,,,,,,,,,,水,,,,,,,,,,,,,,,,,,,,
住吉区,万代,5丁目,13番,,,,,,,,,,,火金,,,,,,,,,,,,,,,,,,,,,,土,,,,,,,,,,,,,,水,,,,,,,,,,,,,,,,,,,,
住吉区,万代,5丁目,14番,,,,,,,火金,,,,,,,,,,,,,,,,,,,,,,,土,,,,,,,,,,,,,,,,,,水,,,,,,,,,,,,,,,,,,,
住吉区,万代,5丁目,15番,4･5号,,,,,,火金,,,,,,,,,,,,,,,,,,,,,,,土,,,,,,,,,,,,,,,,,水,,,,,,,,,,,,,,,,,,,,
住吉区,万代,5丁目,15番,上記以外,,,,,,,,,,火金,,,,,,,,,,,,,,,,,,,土,,,,,,,,,,,,,,,,,水,,,,,,,,,,,,,,,,,,,,
住吉区,万代,5丁目,16番,,,,,,,火金,,,,,,,,,,,,,,,,,,,,,,,土,,,,,,,,,,,,,,,,,水,,,,,,,,,,,,,,,,,,,,
住吉区,万代,5丁目,17番,3~18･34号,,,,,,火金,,,,,,,,,,,,,,,,,,,,,,,土,,,,,,,,,,,,,,,,,,水,,,,,,,,,,,,,,,,,,,
住吉区,万代,5丁目,17番,上記以外,,,,,,,,,,火金,,,,,,,,,,,,,,,,,,,土,,,,,,,,,,,,,,,,,,水,,,,,,,,,,,,,,,,,,,
住吉区,万代,5丁目,18番,7･8号,,,,,,火金,,,,,,,,,,,,,,,,,,,,,,,土,,,,,,,,,,,,,,,,,,水,,,,,,,,,,,,,,,,,,,
住吉区,万代,5丁目,18番,上記以外,,,,,,,,,,火金,,,,,,,,,,,,,,,,,,,土,,,,,,,,,,,,,,,,,,水,,,,,,,,,,,,,,,,,,,
住吉区,万代,5丁目,19番,,,,,,,火金,,,,,,,,,,,,,,,,,,,,,,,土,,,,,,,,,,,,,,,,,,水,,,,,,,,,,,,,,,,,,,
住吉区,万代,6丁目,1番,,,,,,,火金,,,,,,,,,,,,,,,,,,,,,,,,,木,,,,,,,月,,,,,,,,,,,,,,,,,,,,,,,,,,,,
住吉区,万代,6丁目,2番,,,,,,,火金,,,,,,,,,,,,,,,,,,,,,,,,,木,,,,,,,月,,,,,,,,,,,,,,,,,,,,,,,,,,,,
住吉区,万代,6丁目,3番,,,,,,,火金,,,,,,,,,,,,,,,,,,,,,,,,,木,,,,,,,月,,,,,,,,,,,,,,,,,,,,,,,,,,,,
住吉区,万代,6丁目,4番,,,,,,,火金,,,,,,,,,,,,,,,,,,,,,,,,,木,,,,,,,月,,,,,,,,,,,,,,,,,,,,,,,,,,,,
住吉区,万代,6丁目,5番,16~18号,,,,,,火金,,,,,,,,,,,,,,,,,,,,,,,,,,木,,,,,,月,,,,,,,,,,,,,,,,,,,,,,,,,,,,
住吉区,万代,6丁目,5番,上記以外,,,,,,,,,,火金,,,,,,,,,,,,,,,,,,,,,,木,,,,,,月,,,,,,,,,,,,,,,,,,,,,,,,,,,,
住吉区,万代,6丁目,6番,5~10号,,,,,,火金,,,,,,,,,,,,,,,,,,,,,,,,,,木,,,,,,月,,,,,,,,,,,,,,,,,,,,,,,,,,,,
住吉区,万代,6丁目,6番,上記以外,,,,,,,,,,火金,,,,,,,,,,,,,,,,,,,,,木,,,,,,,月,,,,,,,,,,,,,,,,,,,,,,,,,,,,
住吉区,万代,6丁目,7番,,,,,,,火金,,,,,,,,,,,,,,,,,,,,,,,,,木,,,,,,,月,,,,,,,,,,,,,,,,,,,,,,,,,,,,
住吉区,万代,6丁目,8番,1~6･25･28･30･33号,,,,,,火金,,,,,,,,,,,,,,,,,,,,,,,,,,木,,,,,,月,,,,,,,,,,,,,,,,,,,,,,,,,,,,
住吉区,万代,6丁目,8番,上記以外,,,,,,,,,,火金,,,,,,,,,,,,,,,,,,,,,,木,,,,,,月,,,,,,,,,,,,,,,,,,,,,,,,,,,,
住吉区,万代,6丁目,9番,,,,,,,火金,,,,,,,,,,,,,,,,,,,,,,,,,,木,,,,,,,月,,,,,,,,,,,,,,,,,,,,,,,,,,,
住吉区,万代,6丁目,10番,6~19号,,,,,,火金,,,,,,,,,,,,,,,,,,,,,,,,,木,,,,,,,,月,,,,,,,,,,,,,,,,,,,,,,,,,,,
住吉区,万代,6丁目,10番,上記以外,,,,,,,,,,火金,,,,,,,,,,,,,,,,,,,,,木,,,,,,,,月,,,,,,,,,,,,,,,,,,,,,,,,,,,
住吉区,万代,6丁目,11番,4~16号,,,,,,火金,,,,,,,,,,,,,,,,,,,,,,,,,,木,,,,,,,月,,,,,,,,,,,,,,,,,,,,,,,,,,,
住吉区,万代,6丁目,11番,上記以外,,,,,,,,,,火金,,,,,,,,,,,,,,,,,,,,,,木,,,,,,,月,,,,,,,,,,,,,,,,,,,,,,,,,,,
住吉区,万代,6丁目,12番,1~6･15~20号,,,,,,火金,,,,,,,,,,,,,,,,,,,,,,,,,,木,,,,,,,月,,,,,,,,,,,,,,,,,,,,,,,,,,,
住吉区,万代,6丁目,12番,上記以外,,,,,,,,,,火金,,,,,,,,,,,,,,,,,,,,,,木,,,,,,,月,,,,,,,,,,,,,,,,,,,,,,,,,,,
住吉区,万代,6丁目,13番,1･2･23~29号,,,,,,火金,,,,,,,,,,,,,,,,,,,,,,,,,,木,,,,,,,月,,,,,,,,,,,,,,,,,,,,,,,,,,,
住吉区,万代,6丁目,13番,上記以外,,,,,,,,,,火金,,,,,,,,,,,,,,,,,,,,,,木,,,,,,,月,,,,,,,,,,,,,,,,,,,,,,,,,,,
住吉区,万代,6丁目,14番,,,,,,,,,,,火金,,,,,,,,,,,,,,,,,,,,,,木,,,,,,月,,,,,,,,,,,,,,,,,,,,,,,,,,,,
住吉区,万代,6丁目,15番,,,,,,,,,,,火金,,,,,,,,,,,,,,,,,,,,,木,,,,,,,月,,,,,,,,,,,,,,,,,,,,,,,,,,,,
住吉区,万代,6丁目,16番,4号,,,,,,火金,,,,,,,,,,,,,,,,,,,,,,,,,,木,,,,,,月,,,,,,,,,,,,,,,,,,,,,,,,,,,,
住吉区,万代,6丁目,16番,上記以外,,,,,,,,,,火金,,,,,,,,,,,,,,,,,,,,,,木,,,,,,月,,,,,,,,,,,,,,,,,,,,,,,,,,,,
住吉区,万代,6丁目,17番,1･14~24号,,,,,,火金,,,,,,,,,,,,,,,,,,木,,,,,,,,,,,,,,,,月,,,,,,,,,,,,,,,,,,,,,,,,,,
住吉区,万代,6丁目,17番,上記以外,,,,,,,火金,,,,,,,,,,,,,,,,,木,,,,,,,,,,,,,,,,月,,,,,,,,,,,,,,,,,,,,,,,,,,
住吉区,万代,6丁目,18番,17~24号,,,,,,火金,,,,,,,,,,,,,,,,,,木,,,,,,,,,,,,,,,,月,,,,,,,,,,,,,,,,,,,,,,,,,,
住吉区,万代,6丁目,18番,上記以外,,,,,,,火金,,,,,,,,,,,,,,,,,木,,,,,,,,,,,,,,,,月,,,,,,,,,,,,,,,,,,,,,,,,,,
住吉区,万代,6丁目,19番,21~27号,,,,,,火金,,,,,,,,,,,,,,,,,,,,,,,,,木,,,,,,,月,,,,,,,,,,,,,,,,,,,,,,,,,,,,
住吉区,万代,6丁目,19番,上記以外,,,,,,,,,,火金,,,,,,,,,,,,,,,,,,,,,木,,,,,,,月,,,,,,,,,,,,,,,,,,,,,,,,,,,,
住吉区,万代,6丁目,20番,軽四輪車(小さい車)で収集している地域,,,,,,,火金,,,,,,,,,,,,,,,,,,,,,,,,木,,,,,,,月,,,,,,,,,,,,,,,,,,,,,,,,,,,,
住吉区,万代,6丁目,20番,上記以外,,,,,,,,,,火金,,,,,,,,,,,,,,,,,,,,,木,,,,,,,月,,,,,,,,,,,,,,,,,,,,,,,,,,,,
住吉区,万代東,1丁目,1番,,,,,,,,,,,,,,,,,,火金,,,,,,土,,,,,,,,,,,,,,,水,,,,,,,,,,,,,,,,,,,,,,,,,,,,
住吉区,万代東,1丁目,2番,,,,,,,,,,,,,,,,,,火金,,,,,,土,,,,,,,,,,,,,,,水,,,,,,,,,,,,,,,,,,,,,,,,,,,,
住吉区,万代東,1丁目,3番,,,,,,,,,,,,,,,,,,火金,,,,,,,土,,,,,,,,,,,,,,水,,,,,,,,,,,,,,,,,,,,,,,,,,,,
住吉区,万代東,1丁目,4番,,,,,,,,,,,,,,,,,,火金,,,,,,,土,,,,,,,,,,,,,,水,,,,,,,,,,,,,,,,,,,,,,,,,,,,
住吉区,万代東,1丁目,5番,,,,,,,,,,,,,,,,,,火金,,,,,,,土,,,,,,,,,,,,,,水,,,,,,,,,,,,,,,,,,,,,,,,,,,,
住吉区,万代東,1丁目,6番,,,,,,,,,,,,,,,,,,火金,,,,,,,土,,,,,,,,,,,,,,水,,,,,,,,,,,,,,,,,,,,,,,,,,,,
住吉区,万代東,2丁目,1番,,,,,,,,,,,,,,,,,,火金,,,,,,,土,,,,,,,,,,,,,,水,,,,,,,,,,,,,,,,,,,,,,,,,,,,
住吉区,万代東,2丁目,2番,,,,,,,,,,,,,,,,,,火金,,,,,,土,,,,,,,,,,,,,,,,水,,,,,,,,,,,,,,,,,,,,,,,,,,,
住吉区,万代東,2丁目,3番,27・29・32・34・39号,,,,,,,,,,,,,,,,,火金,,,,,,,土,,,,,,,,,,,,,,,水,,,,,,,,,,,,,,,,,,,,,,,,,,,
住吉区,万代東,2丁目,3番,上記以外,,,,,,,,,,,,,,,,,火金,,,,,,,土,,,,,,,,,,,,,,,,,,,,,,,水,,,,,,,,,,,,,,,,,,,
住吉区,万代東,2丁目,4番,,,,,,,,,,,,,,,,,,火金,,,,,,,土,,,,,,,,,,,,,,,,,,,,,,,水,,,,,,,,,,,,,,,,,,,
住吉区,万代東,3丁目,1番,,,,,,,,,,,,,,,,,,火金,,,,,,,土,,,,,,,,,,,,,,,,,,,,,,,水,,,,,,,,,,,,,,,,,,,
住吉区,万代東,3丁目,2番,,,,,,,,,,,,,,,,,,火金,,,,,,,土,,,,,,,,,,,,,,,,,,,,,,,水,,,,,,,,,,,,,,,,,,,
住吉区,万代東,3丁目,3番,,,,,,,,,,,,,,,,,,火金,,,,,,,土,,,,,,,,,,,,,,,,,,,,,,水,,,,,,,,,,,,,,,,,,,,
住吉区,万代東,3丁目,4番,,,,,,,,,,,,,,,,,,火金,,,,,,土,,,,,,,,,,,,,,,,,,,,,,,,水,,,,,,,,,,,,,,,,,,,
住吉区,万代東,4丁目,1番,,,,,,,,,,,,,,,,,,火金,,,,,,,,,,,,土,,,,,,,,,,,水,,,,,,,,,,,,,,,,,,,,,,,,,,
住吉区,万代東,4丁目,2番,,,,,,,,,,,,,,,,,,火金,,,,,,,,,,,,,土,,,,,,,,,,水,,,,,,,,,,,,,,,,,,,,,,,,,,
住吉区,万代東,4丁目,3番,,,,,,,,,,,火金,,,,,,,,,,,,,,,,,,,,土,,,,,,,,,,水,,,,,,,,,,,,,,,,,,,,,,,,,,
住吉区,万代東,4丁目,4番,,,,,,,,,,,火金,,,,,,,,,,,,,,,,,,,,土,,,,,,,,,,水,,,,,,,,,,,,,,,,,,,,,,,,,,
住吉区,東粉浜,1丁目,1番,,,,,,,火金,,,,,,,,,,,,,,,,,,,,,,,,,,,,木,,,,,,,,,,,,月,,,,,,,,,,,,,,,,,,,,
住吉区,東粉浜,1丁目,2番,軽四輪車(小さい車)で収集している地域,,,,,,火金,,,,,,,,,,,,,,,,,,,,,,,,,,,,木,,,,,,月,,,,,,,,,,,,,,,,,,,,,,,,,,
住吉区,東粉浜,1丁目,2番,上記以外,,,,,,火金,,,,,,,,,,,,,,,,,,,,,,,,,,,,木,,,,,,,,,,,,月,,,,,,,,,,,,,,,,,,,,
住吉区,東粉浜,1丁目,3番,,,,,,,火金,,,,,,,,,,,,,,,,,,,,,,,,,,,,木,,,,,,,,,,,,月,,,,,,,,,,,,,,,,,,,,
住吉区,東粉浜,1丁目,4番,,,,,,,火金,,,,,,,,,,,,,,,,,,,,,,,,,,,木,,,,,,,,,,,,月,,,,,,,,,,,,,,,,,,,,,
住吉区,東粉浜,1丁目,5番,,,,,,,火金,,,,,,,,,,,,,,,,,,,,,,,,,,,,木,,,,,,,,,,,月,,,,,,,,,,,,,,,,,,,,,
住吉区,東粉浜,1丁目,6番,,,,,,,火金,,,,,,,,,,,,,,,,,,,,,,,,,,,木,,,,,,,,,,,,月,,,,,,,,,,,,,,,,,,,,,
住吉区,東粉浜,1丁目,7番,,,,,,,火金,,,,,,,,,,,,,,,,,,,,,,,,,,木,,,,,,,,,,,,,月,,,,,,,,,,,,,,,,,,,,,
住吉区,東粉浜,1丁目,8番,,,,,,,火金,,,,,,,,,,,,,,,,,,,,,,,,,,木,,,,,,,,,,,,,,月,,,,,,,,,,,,,,,,,,,,
住吉区,東粉浜,1丁目,9番,軽四輪車(小さい車)で収集している地域,,,,,,,火金,,,,,,,,,,,,,,,,,,,,,,,,,木,,,,,,,,,月,,,,,,,,,,,,,,,,,,,,,,,,,
住吉区,東粉浜,1丁目,9番,上記以外,,,,,,火金,,,,,,,,,,,,,,,,,,,,,,,,,,,木,,,,,,,,,,,,月,,,,,,,,,,,,,,,,,,,,,
住吉区,東粉浜,1丁目,10番,軽四輪車(小さい車)で収集している地域,,,,,,,火金,,,,,,,,,,,,,,,,,,,,,,,,,,,木,,,,,,,月,,,,,,,,,,,,,,,,,,,,,,,,,
住吉区,東粉浜,1丁目,10番,上記以外,,,,,,火金,,,,,,,,,,,,,,,,,,,,,,,,,,,,木,,,,,,,,,,,,月,,,,,,,,,,,,,,,,,,,,
住吉区,東粉浜,1丁目,11番,軽四輪車(小さい車)で収集している地域,,,,,,,火金,,,,,,,,,,,,,,,,,,,,,,,,,,木,,,,,,,月,,,,,,,,,,,,,,,,,,,,,,,,,,
住吉区,東粉浜,1丁目,11番,上記以外,,,,,,火金,,,,,,,,,,,,,,,,,,,,,,,,,,,木,,,,,,,,,,,,,月,,,,,,,,,,,,,,,,,,,,
住吉区,東粉浜,1丁目,12番,軽四輪車(小さい車)で収集している地域,,,,,,,火金,,,,,,,,,,,,,,,,,,,,,,,,,,木,,,,,,,月,,,,,,,,,,,,,,,,,,,,,,,,,,
住吉区,東粉浜,1丁目,12番,上記以外,,,,,,火金,,,,,,,,,,,,,,,,,,,,,,,,,,,木,,,,,,,,,,,,月,,,,,,,,,,,,,,,,,,,,,
住吉区,東粉浜,1丁目,13番,軽四輪車(小さい車)で収集している地域,,,,,,,火金,,,,,,,,,,,,,,,,,,,,,,,,,木,,,,,,,,,月,,,,,,,,,,,,,,,,,,,,,,,,,
住吉区,東粉浜,1丁目,13番,上記以外,,,,,,火金,,,,,,,,,,,,,,,,,,,,,,,,,,木,,,,,,,,,,,,,,月,,,,,,,,,,,,,,,,,,,,
住吉区,東粉浜,1丁目,14番,軽四輪車(小さい車)で収集している地域,,,,,,,火金,,,,,,,,,,,,,,,,,,,,,,,,,,木,,,,,,,月,,,,,,,,,,,,,,,,,,,,,,,,,,
住吉区,東粉浜,1丁目,14番,上記以外,,,,,,火金,,,,,,,,,,,,,,,,,,,,,,,,,,,木,,,,,,,,,,,,,月,,,,,,,,,,,,,,,,,,,,
住吉区,東粉浜,2丁目,1番,,,,,,,火金,,,,,,,,,,,,,,,,,,,,,,,,,,,,木,,,,,,,,,,,月,,,,,,,,,,,,,,,,,,,,,
住吉区,東粉浜,2丁目,2番,,,,,,,火金,,,,,,,,,,,,,,,,,,,,,,,,,,,木,,,,,,,,,,,,月,,,,,,,,,,,,,,,,,,,,,
住吉区,東粉浜,2丁目,3番,,,,,,,火金,,,,,,,,,,,,,,,,,,,,,,,,,,,木,,,,,,,,,,,,月,,,,,,,,,,,,,,,,,,,,,
住吉区,東粉浜,2丁目,4番,,,,,,,火金,,,,,,,,,,,,,,,,,,,,,,,,,,,木,,,,,,,,,,,,月,,,,,,,,,,,,,,,,,,,,,
住吉区,東粉浜,2丁目,5番,,,,,,,火金,,,,,,,,,,,,,,,,,,,,,,,,,,,木,,,,,,,,,,,,,月,,,,,,,,,,,,,,,,,,,,
住吉区,東粉浜,2丁目,6番,軽四輪車(小さい車)で収集している地域,,,,,,,,,,火金,,,,,,,,,,,,,,,,,,,,,,,木,,,,,,,,,,,,,月,,,,,,,,,,,,,,,,,,,,
住吉区,東粉浜,2丁目,6番,上記以外,,,,,,火金,,,,,,,,,,,,,,,,,,,,,,,,,,,木,,,,,,,,,,,,,月,,,,,,,,,,,,,,,,,,,,
住吉区,東粉浜,2丁目,7番,軽四輪車(小さい車)で収集している地域,,,,,,,,,,火金,,,,,,,,,,,,,,,,,,,,,,,木,,,,,,,,,,,,,月,,,,,,,,,,,,,,,,,,,,
住吉区,東粉浜,2丁目,7番,上記以外,,,,,,火金,,,,,,,,,,,,,,,,,,,,,,,,,,,木,,,,,,,,,,,,,月,,,,,,,,,,,,,,,,,,,,
住吉区,東粉浜,2丁目,8番,,,,,,,火金,,,,,,,,,,,,,,,,,,,,,,,,,,,,木,,,,,,,,,,,,月,,,,,,,,,,,,,,,,,,,,
住吉区,東粉浜,2丁目,9番,,,,,,,火金,,,,,,,,,,,,,,,,,,,,,,,,,,,木,,,,,,,,,,,,月,,,,,,,,,,,,,,,,,,,,,
住吉区,東粉浜,2丁目,10番,,,,,,,火金,,,,,,,,,,,,,,,,,,,,,,,,,木,,,,,,,,,,,,,,月,,,,,,,,,,,,,,,,,,,,,
住吉区,東粉浜,2丁目,11番,,,,,,,火金,,,,,,,,,,,,,,,,,,,,,,,,,,,木,,,,,,,,,,,,月,,,,,,,,,,,,,,,,,,,,,
住吉区,東粉浜,2丁目,12番,,,,,,,火金,,,,,,,,,,,,,,,,,,,,,,,,,,,,木,,,,,,,,,,,月,,,,,,,,,,,,,,,,,,,,,
住吉区,東粉浜,2丁目,13番,,,,,,,火金,,,,,,,,,,,,,,,,,,,,,,,,,,,木,,,,,,,,,,,,月,,,,,,,,,,,,,,,,,,,,,
住吉区,東粉浜,2丁目,14番,,,,,,,火金,,,,,,,,,,,,,,,,,,,,,,,,,,,木,,,,,,,,,,,,月,,,,,,,,,,,,,,,,,,,,,
住吉区,東粉浜,2丁目,15番,,,,,,,火金,,,,,,,,,,,,,,,,,,,,,,,,,,,木,,,,,,,,,,,,月,,,,,,,,,,,,,,,,,,,,,
住吉区,東粉浜,2丁目,16番,軽四輪車(小さい車)で収集している地域,,,,,,,火金,,,,,,,,,,,,,,,,,,,,,,,,,,木,,,,,,,月,,,,,,,,,,,,,,,,,,,,,,,,,,
住吉区,東粉浜,2丁目,16番,上記以外,,,,,,火金,,,,,,,,,,,,,,,,,,,,,,,,,,,木,,,,,,,,,,,,月,,,,,,,,,,,,,,,,,,,,,
住吉区,東粉浜,2丁目,17番,,,,,,,火金,,,,,,,,,,,,,,,,,,,,,,,,,,,木,,,,,,,,月,,,,,,,,,,,,,,,,,,,,,,,,,
住吉区,東粉浜,2丁目,18番,,,,,,,火金,,,,,,,,,,,,,,,,,,,,,,,,,,,木,,,,,,,,月,,,,,,,,,,,,,,,,,,,,,,,,,
住吉区,東粉浜,2丁目,19番,,,,,,,火金,,,,,,,,,,,,,,,,,,,,,,,,,,,木,,,,,,,,,,,,月,,,,,,,,,,,,,,,,,,,,,
住吉区,東粉浜,2丁目,20番,軽四輪車(小さい車)で収集している地域,,,,,,,火金,,,,,,,,,,,,,,,,,,,,,,,,木,,,,,,,,,,,,,,月,,,,,,,,,,,,,,,,,,,,,
住吉区,東粉浜,2丁目,20番,上記以外,,,,,,火金,,,,,,,,,,,,,,,,,,,,,,,,,,,,木,,,,,,月,,,,,,,,,,,,,,,,,,,,,,,,,,
住吉区,東粉浜,2丁目,21番,,,,,,,火金,,,,,,,,,,,,,,,,,,,,,,,,,,,,木,,,,,,,,,,,月,,,,,,,,,,,,,,,,,,,,,
住吉区,東粉浜,2丁目,22番,,,,,,,火金,,,,,,,,,,,,,,,,,,,,,,,,,,木,,,,,,,,,,,,,月,,,,,,,,,,,,,,,,,,,,,
住吉区,東粉浜,2丁目,23番,,,,,,,火金,,,,,,,,,,,,,,,,,,,,,,,,,,,,木,,,,,,,,,,,月,,,,,,,,,,,,,,,,,,,,,
住吉区,東粉浜,2丁目,24番,,,,,,,火金,,,,,,,,,,,,,,,,,,,,,,,,,,,,木,,,,,,,,,,,月,,,,,,,,,,,,,,,,,,,,,
住吉区,東粉浜,3丁目,1番,,,,,,,火金,,,,,,,,,,,,,,,,,,,,,,,,,,,,木,,,,,,,,,,,月,,,,,,,,,,,,,,,,,,,,,
住吉区,東粉浜,3丁目,2番,,,,,,,火金,,,,,,,,,,,,,,,,,,,,,,,,,,,,木,,,,,,,,,,,月,,,,,,,,,,,,,,,,,,,,,
住吉区,東粉浜,3丁目,3番,,,,,,,火金,,,,,,,,,,,,,,,,,,,,,,,,,,,,木,,,,,,,,,,,,月,,,,,,,,,,,,,,,,,,,,
住吉区,東粉浜,3丁目,4番,,,,,,,火金,,,,,,,,,,,,,,,,,,,,,,,,,,,,木,,,,,,,,,,,,月,,,,,,,,,,,,,,,,,,,,
住吉区,東粉浜,3丁目,5番,,,,,,,火金,,,,,,,,,,,,,,,,,,,,,,,,木,,,,,,,,,,,,,,,,月,,,,,,,,,,,,,,,,,,,,
住吉区,東粉浜,3丁目,6番,,,,,,,,,,火金,,,,,,,,,,,,,,,,,,,,,木,,,,,,,,,,,,,,,月,,,,,,,,,,,,,,,,,,,,,
住吉区,東粉浜,3丁目,7番,,,,,,,,,,火金,,,,,,,,,,,,,,,,,,,,木,,,,,,,,,,,,,,,,,月,,,,,,,,,,,,,,,,,,,,
住吉区,東粉浜,3丁目,8番,,,,,,,火金,,,,,,,,,,,,,,,,,,,,,,,,,,木,,,,,,,,月,,,,,,,,,,,,,,,,,,,,,,,,,,
住吉区,東粉浜,3丁目,9番,軽四輪車(小さい車)で収集している地域,,,,,,,火金,,,,,,,,,,,,,,,,,,,,,,,,,木,,,,,,,,,,,,,月,,,,,,,,,,,,,,,,,,,,,
住吉区,東粉浜,3丁目,9番,上記以外,,,,,,火金,,,,,,,,,,,,,,,,,,,,,,,,,,木,,,,,,,,月,,,,,,,,,,,,,,,,,,,,,,,,,,
住吉区,東粉浜,3丁目,10番,,,,,,,火金,,,,,,,,,,,,,,,,,,,,,,,,,木,,,,,,,,,,,,,,,月,,,,,,,,,,,,,,,,,,,,
住吉区,東粉浜,3丁目,11番,,,,,,,火金,,,,,,,,,,,,,,,,,,,,,,,,,木,,,,,,,,,,,,,,,月,,,,,,,,,,,,,,,,,,,,
住吉区,東粉浜,3丁目,12番,,,,,,,火金,,,,,,,,,,,,,,,,,,,,,,,,,,木,,,,,,,,,,,,,月,,,,,,,,,,,,,,,,,,,,,
住吉区,東粉浜,3丁目,13番,軽四輪車(小さい車)で収集している地域,,,,,,,,火金,,,,,,,,,,,,,,,,,,,,,,,木,,,,,,,,,,,,,,,月,,,,,,,,,,,,,,,,,,,,
住吉区,東粉浜,3丁目,13番,上記以外,,,,,,火金,,,,,,,,,,,,,,,,,,,,,,,,,,木,,,,,,,,月,,,,,,,,,,,,,,,,,,,,,,,,,,
住吉区,東粉浜,3丁目,14番,,,,,,,,,,,火金,,,,,,,,,,,,,,,,,,,,,木,,,,,,,,,,,,,,月,,,,,,,,,,,,,,,,,,,,,
住吉区,東粉浜,3丁目,15番,,,,,,,火金,,,,,,,,,,,,,,,,,,,,,,,,,木,,,,,,,,,,,,,,月,,,,,,,,,,,,,,,,,,,,,
住吉区,東粉浜,3丁目,16番,,,,,,,火金,,,,,,,,,,,,,,,,,,,,,,,,,木,,,,,,,,,,,,,,月,,,,,,,,,,,,,,,,,,,,,
住吉区,東粉浜,3丁目,17番,,,,,,,火金,,,,,,,,,,,,,,,,,,,,,,,,木,,,,,,,,,,,,,,,,月,,,,,,,,,,,,,,,,,,,,
住吉区,東粉浜,3丁目,18番,,,,,,,火金,,,,,,,,,,,,,,,,,,,,,,,,,,,,木,,,,,,,,,,,,月,,,,,,,,,,,,,,,,,,,,
住吉区,東粉浜,3丁目,19番,,,,,,,火金,,,,,,,,,,,,,,,,,,,,,,,,,,,木,,,,,,,,,,,,,月,,,,,,,,,,,,,,,,,,,,
住吉区,東粉浜,3丁目,20番,,,,,,,火金,,,,,,,,,,,,,,,,,,,,,,,,,木,,,,,,,,,,,,,,月,,,,,,,,,,,,,,,,,,,,,
住吉区,東粉浜,3丁目,21番,,,,,,,火金,,,,,,,,,,,,,,,,,,,,,,,,,木,,,,,,,,,,,,,,月,,,,,,,,,,,,,,,,,,,,,
住吉区,東粉浜,3丁目,22番,,,,,,,火金,,,,,,,,,,,,,,,,,,,,,,,,,木,,,,,,,,,,,,,,月,,,,,,,,,,,,,,,,,,,,,
住吉区,東粉浜,3丁目,23番,,,,,,,火金,,,,,,,,,,,,,,,,,,,,,,,,,木,,,,,,,,,,,,,,月,,,,,,,,,,,,,,,,,,,,,
住吉区,東粉浜,3丁目,24番,,,,,,,火金,,,,,,,,,,,,,,,,,,,,,,,,,木,,,,,,,,,,,,,,月,,,,,,,,,,,,,,,,,,,,,
住吉区,東粉浜,3丁目,25番,,,,,,,火金,,,,,,,,,,,,,,,,,,,,,,,,,,,,木,,,,,,,,,,,月,,,,,,,,,,,,,,,,,,,,,
住吉区,東粉浜,3丁目,26番,,,,,,,火金,,,,,,,,,,,,,,,,,,,,,,,,,,,,木,,,,,,,,,,,月,,,,,,,,,,,,,,,,,,,,,
住吉区,東粉浜,3丁目,27番,,,,,,,火金,,,,,,,,,,,,,,,,,,,,,,,,木,,,,,,,,,,,,,,,月,,,,,,,,,,,,,,,,,,,,,
住吉区,東粉浜,3丁目,28番,,,,,,,火金,,,,,,,,,,,,,,,,,,,,,,,,,,,,木,,,,,,,,,,,,月,,,,,,,,,,,,,,,,,,,,
住吉区,東粉浜,3丁目,29番,,,,,,,火金,,,,,,,,,,,,,,,,,,,,,,,,,,,,木,,,,,,,,,,,月,,,,,,,,,,,,,,,,,,,,,
住吉区,東粉浜,3丁目,30番,,,,,,,火金,,,,,,,,,,,,,,,,,,,,,,,,木,,,,,,,,,,,,,,,月,,,,,,,,,,,,,,,,,,,,,
住吉区,東粉浜,3丁目,31番,,,,,,,火金,,,,,,,,,,,,,,,,,,,,,,,,木,,,,,,,,,,,,,,,月,,,,,,,,,,,,,,,,,,,,,
住吉区,南住吉,1丁目,1番,6~12号,,,,,,,,火金,,,,,,,,,,,,,,,,,,,,,土,,,,,,,,,水,,,,,,,,,,,,,,,,,,,月,,,,,,,,,
住吉区,南住吉,1丁目,1番,上記以外,,,,,,,,,,,,,,,,,火金,,,,,,,,,,,,土,,,,,,,,,水,,,,,,,,,,,,,,,,,,,月,,,,,,,,,
住吉区,南住吉,1丁目,2番,,,,,,,,,火金,,,,,,,,,,,,,,,,,,,,,土,,,,,,,,,水,,,,,,,,,,,,,,,,,,,月,,,,,,,,,
住吉区,南住吉,1丁目,3番,,,,,,,,,火金,,,,,,,,,,,,,,土,,,,,,,,,,,,,,,,水,,,,,,,,,,,,,,,,,,,月,,,,,,,,,
住吉区,南住吉,1丁目,4番,,,,,,,,,火金,,,,,,,,,,,,,,,,,,,,,土,,,,,,,,,水,,,,,,,,,,,,,,,,,,,月,,,,,,,,,
住吉区,南住吉,1丁目,5番,,,,,,,,,火金,,,,,,,,,,,,,,,,,,,,,土,,,,,,,,,水,,,,,,,,,,,,,,,,,,,月,,,,,,,,,
住吉区,南住吉,1丁目,6番,4～23号,,,,,,,,火金,,,,,,,,,,,,,,,,,,,,,,土,,,,,,,,,水,,,,,,,,,,,,,,,,,,月,,,,,,,,,
住吉区,南住吉,1丁目,6番,上記以外,,,,,,,,,,,,,,,,,火金,,,,,,,,,,,,,土,,,,,,,,,水,,,,,,,,,,,,,,,,,,月,,,,,,,,,
住吉区,南住吉,1丁目,7番,17~18号,,,,,,,,火金,,,,,,,,,,,,,,,,,,,,,土,,,,,,,,,,水,,,,,,,,,,,,,,,,,,月,,,,,,,,,
住吉区,南住吉,1丁目,7番,上記以外,,,,,,,,,,,,,,,,,火金,,,,,,,,,,,,土,,,,,,,,,,水,,,,,,,,,,,,,,,,,,月,,,,,,,,,
住吉区,南住吉,1丁目,8番,,,,,,,,,火金,,,,,,,,,,,,,,,,,,,,,土,,,,,,,,,,水,,,,,,,,,,,,,,,,,,月,,,,,,,,,
住吉区,南住吉,1丁目,9番,1~3･21~28号,,,,,,,,火金,,,,,,,,,,,,,,,,,,,,,土,,,,,,,,,,,,水,,,,,,,,,,,,,,,,月,,,,,,,,,
住吉区,南住吉,1丁目,9番,上記以外,,,,,,,,,,火金,,,,,,,,,,,,,,,,,,,土,,,,,,,,,,,,水,,,,,,,,,,,,,,,,月,,,,,,,,,
住吉区,南住吉,1丁目,10番,1~6号,,,,,,,,火金,,,,,,,,,,,,,,,,,,,,,土,,,,,,,,,,水,,,,,,,,,,,,,,,,,,月,,,,,,,,,
住吉区,南住吉,1丁目,10番,上記以外,,,,,,,,,,火金,,,,,,,,,,,,,,,,,,,土,,,,,,,,,,水,,,,,,,,,,,,,,,,,,月,,,,,,,,,
住吉区,南住吉,1丁目,11番,,,,,,,,,,,火金,,,,,,,,,,,,,,,,,,,土,,,,,,,,,水,,,,,,,,,,,,,,,,,,,月,,,,,,,,,
住吉区,南住吉,1丁目,12番,,,,,,,,,,,火金,,,,,,,,,,,,,,,,,,,土,,,,,,,,,水,,,,,,,,,,,,,,,,,,,月,,,,,,,,,
住吉区,南住吉,1丁目,13番,,,,,,,,,,,火金,,,,,,,,,,,,,,,,,,,土,,,,,,,,,水,,,,,,,,,,,,,,,,,,,月,,,,,,,,,
住吉区,南住吉,1丁目,14番,,,,,,,,,,,火金,,,,,,,,,,,,,,,,,,,土,,,,,,,,,水,,,,,,,,,,,,,,,,,,,月,,,,,,,,,
住吉区,南住吉,1丁目,15番,,,,,,,,,,,火金,,,,,,,,,,,,,,,,,,,土,,,,,,,,,水,,,,,,,,,,,,,,,,,,,月,,,,,,,,,
住吉区,南住吉,1丁目,16番,,,,,,,,,,,火金,,,,,,,,,,,,,,,,,,,土,,,,,,,,,水,,,,,,,,,,,,,,,,,,,月,,,,,,,,,
住吉区,南住吉,1丁目,17番,9~17号,,,,,,,,,,火金,,,,,,,,,,,,,,,,,,,土,,,,,,,,,水,,,,,,,,,,,,,,,,,,,月,,,,,,,,,
住吉区,南住吉,1丁目,17番,上記以外,,,,,,,,,,火金,,,,,,,,,,,,,,,,,,,土,,,,,,,,,水,,,,,,,,,,,,,,,,,,,月,,,,,,,,,
住吉区,南住吉,1丁目,18番,,,,,,,,,,,火金,,,,,,,,,,,,,,,,,,,,土,,,,,,,,水,,,,,,,,,,,,,,,,,,,月,,,,,,,,,
住吉区,南住吉,1丁目,19番,,,,,,,,,,,火金,,,,,,,,,,,,,,,,,,,土,,,,,,,,,水,,,,,,,,,,,,,,,,,,,月,,,,,,,,,
住吉区,南住吉,1丁目,20番,8~14号,,,,,,,,火金,,,,,,,,,,,,,,,,,,,,,土,,,,,,,,,水,,,,,,,,,,,,,,,,,,,月,,,,,,,,,
住吉区,南住吉,1丁目,20番,上記以外,,,,,,,,,,火金,,,,,,,,,,,,,,,,,,,土,,,,,,,,,水,,,,,,,,,,,,,,,,,,,月,,,,,,,,,
住吉区,南住吉,1丁目,21番,,,,,,,,,火金,,,,,,,,,,,,,,,,,,,,,土,,,,,,,,,水,,,,,,,,,,,,,,,,,,,月,,,,,,,,,
住吉区,南住吉,1丁目,22番,,,,,,,,,,,火金,,,,,,,,,,,,,,,,,,,土,,,,,,,,,水,,,,,,,,,,,,,,,,,,,月,,,,,,,,,
住吉区,南住吉,1丁目,23番,,,,,,,,,,,火金,,,,,,,,,,,,,,,,,,,土,,,,,,,,,,水,,,,,,,,,,,,,,,,,,月,,,,,,,,,
住吉区,南住吉,1丁目,24番,,,,,,,,,,,火金,,,,,,,,,,,,,,,,,,,,土,,,,,,,,,水,,,,,,,,,,,,,,,,,,月,,,,,,,,,
住吉区,南住吉,1丁目,25番,,,,,,,,,,,火金,,,,,,,,,,,,,,,,,,,土,,,,,,,,,,水,,,,,,,,,,,,,,,,,,月,,,,,,,,,
住吉区,南住吉,2丁目,1番,,,,,,,,,火金,,,,,,,,,,,,,,,,,,,,,木,,,,,,,,,,,月,,,,,,,,,,,,,,,,,月,,,,,,,,,
住吉区,南住吉,2丁目,2番,,,,,,,,,火金,,,,,,,,,,,,,,,,,,,,,,木,,,,,,,,,,,月,,,,,,,,,,,,,,,,月,,,,,,,,,
住吉区,南住吉,2丁目,3番,,,,,,,,,火金,,,,,,,,,,,,,,,,,,,,,木,,,,,,,,,,月,,,,,,,,,,,,,,,,,,月,,,,,,,,,
住吉区,南住吉,2丁目,4番,,,,,,,,,火金,,,,,,,,,,,,,,,,,,,,,,木,,,,,,,,,月,,,,,,,,,,,,,,,,,,月,,,,,,,,,
住吉区,南住吉,2丁目,5番,,,,,,,,,火金,,,,,,,,,,,,,,,,,,,,,,木,,,,,,,,,,,月,,,,,,,,,,,,,,,,月,,,,,,,,,
住吉区,南住吉,2丁目,6番,,,,,,,,,火金,,,,,,,,,,,,,,,,,,,,,,木,,,,,,,,,,,月,,,,,,,,,,,,,,,,月,,,,,,,,,
住吉区,南住吉,2丁目,7番,,,,,,,,,火金,,,,,,,,,,,,,,,,,,,,,木,,,,,,,,,,,,月,,,,,,,,,,,,,,,,月,,,,,,,,,
住吉区,南住吉,2丁目,8番,,,,,,,,,火金,,,,,,,,,,,,,,,,,,,,,木,,,,,,,,,,,月,,,,,,,,,,,,,,,,,月,,,,,,,,,
住吉区,南住吉,2丁目,9番,,,,,,,,,火金,,,,,,,,,,,,,,,,,,,,,,木,,,,,,,,,,月,,,,,,,,,,,,,,,,,月,,,,,,,,,
住吉区,南住吉,2丁目,10番,,,,,,,,,火金,,,,,,,,,,,,,,,,,,,,,木,,,,,,,,,,,,月,,,,,,,,,,,,,,,,月,,,,,,,,,
住吉区,南住吉,2丁目,11番,,,,,,,,,火金,,,,,,,,,,,,,,,,,,,,,,木,,,,,,,,,,,月,,,,,,,,,,,,,,,,月,,,,,,,,,
住吉区,南住吉,2丁目,12番,,,,,,,,,,,火金,,,,,,,,,,,,,,,,,,,,木,,,,,,,,,,,月,,,,,,,,,,,,,,,,月,,,,,,,,,
住吉区,南住吉,2丁目,13番,,,,,,,,,,,火金,,,,,,,,,,,,,,,,,,,木,,,,,,,,,,月,,,,,,,,,,,,,,,,,,月,,,,,,,,,
住吉区,南住吉,2丁目,14番,,,,,,,,,火金,,,,,,,,,,,,,,,,,,,,,木,,,,,,,,,,,月,,,,,,,,,,,,,,,,,月,,,,,,,,,
住吉区,南住吉,2丁目,15番,,,,,,,,,火金,,,,,,,,,,,,,,,,,,,,,木,,,,,,,,,,,月,,,,,,,,,,,,,,,,,月,,,,,,,,,
住吉区,南住吉,2丁目,16番,,,,,,,,,火金,,,,,,,,,,,,,,,,,,,,,木,,,,,,,,,,,月,,,,,,,,,,,,,,,,,月,,,,,,,,,
住吉区,南住吉,2丁目,17番,,,,,,,,,火金,,,,,,,,,,,,,,,,,,,,,,木,,,,,,,,,,月,,,,,,,,,,,,,,,,,月,,,,,,,,,
住吉区,南住吉,2丁目,18番,21号,,,,,,,,,,火金,,,,,,,,,,,,,,,,,,,,木,,,,,,,,,,,,月,,,,,,,,,,,,,,,月,,,,,,,,,
住吉区,南住吉,2丁目,18番,上記以外,,,,,,,,火金,,,,,,,,,,,,,,,,,,,,,,木,,,,,,,,,,,,月,,,,,,,,,,,,,,,月,,,,,,,,,
住吉区,南住吉,2丁目,19番,,,,,,,,,,,火金,,,,,,,,,,,,,,,,,,,,,,木,,,,,,,,月,,,,,,,,,,,,,,,,,月,,,,,,,,,
住吉区,南住吉,2丁目,20番,,,,,,,,,,,火金,,,,,,,,,,,,,,,,,,,,,,木,,,,,,,,月,,,,,,,,,,,,,,,,,月,,,,,,,,,
住吉区,南住吉,2丁目,21番,,,,,,,,,火金,,,,,,,,,,,,,,,,,,,,,,,,木,,,,,,,,月,,,,,,,,,,,,,,,,,月,,,,,,,,,
住吉区,南住吉,2丁目,22番,,,,,,,,,火金,,,,,,,,,,,,,,,,,,,,,,,,木,,,,,,,,月,,,,,,,,,,,,,,,,,月,,,,,,,,,
住吉区,南住吉,2丁目,23番,,,,,,,,,火金,,,,,,,,,,,,,,,,,,,,,,,,木,,,,,,月,,,,,,,,,,,,,,,,,,,月,,,,,,,,,
住吉区,南住吉,3丁目,1番,,,,,,,,,火金,,,,,,,,,,,,,,,,,,,,,,木,,,,,,,,,月,,,,,,,,,,,,,,,,,,,,,,,,,,,
住吉区,南住吉,3丁目,2番,,,,,,,,,火金,,,,,,,,,,,,,,,,,,,,,,木,,,,,,,,,月,,,,,,,,,,,,,,,,,,月,,,,,,,,,
住吉区,南住吉,3丁目,3番,,,,,,,,,火金,,,,,,,,,,,,,,,,,,,,,木,,,,,,,,,月,,,,,,,,,,,,,,,,,,,月,,,,,,,,,
住吉区,南住吉,3丁目,4番,,,,,,,,,火金,,,,,,,,,,,,,,,,,,,,,木,,,,,,,,,月,,,,,,,,,,,,,,,,,,,月,,,,,,,,,
住吉区,南住吉,3丁目,6番,,,,,,,,,火金,,,,,,,,,,,,,,,,,,,,,木,,,,,,,,,月,,,,,,,,,,,,,,,,,,,月,,,,,,,,,
住吉区,南住吉,3丁目,7番,,,,,,,,,火金,,,,,,,,,,,,,,,,,,,,,木,,,,,,,,,月,,,,,,,,,,,,,,,,,,,月,,,,,,,,,
住吉区,南住吉,3丁目,8番,,,,,,,,,火金,,,,,,,,,,,,,,,,,,,,,,木,,,,,,,,,月,,,,,,,,,,,,,,,,,,月,,,,,,,,,
住吉区,南住吉,3丁目,9番,,,,,,,,,火金,,,,,,,,,,,,,,,,,,,,,,木,,,,,,,,,月,,,,,,,,,,,,,,,,,,月,,,,,,,,,
住吉区,南住吉,3丁目,10番,,,,,,,,,火金,,,,,,,,,,,,,,,,,,,,,,木,,,,,,,,,月,,,,,,,,,,,,,,,,,,月,,,,,,,,,
住吉区,南住吉,3丁目,11番,,,,,,,,,火金,,,,,,,,,,,,,,,,,,,,,,木,,,,,,,,,月,,,,,,,,,,,,,,,,,,月,,,,,,,,,
住吉区,南住吉,3丁目,12番,,,,,,,,,火金,,,,,,,,,,,,,,,,,,,,,,木,,,,,,,,,月,,,,,,,,,,,,,,,,,,月,,,,,,,,,
住吉区,南住吉,3丁目,13番,,,,,,,,,火金,,,,,,,,,,,,,,,,,,,,,木,,,,,,,,,,月,,,,,,,,,,,,,,,,,,月,,,,,,,,,
住吉区,南住吉,3丁目,14番,,,,,,,,,火金,,,,,,,,,,,,,,,,,,,,,木,,,,,,,,,,月,,,,,,,,,,,,,,,,,,月,,,,,,,,,
住吉区,南住吉,3丁目,15番,,,,,,,,,火金,,,,,,,,,,,,,,,,,,,,,木,,,,,,,,,月,,,,,,,,,,,,,,,,,,,月,,,,,,,,,
住吉区,南住吉,3丁目,16番,,,,,,,,,火金,,,,,,,,,,,,,,,,,,,,,木,,,,,,,,,月,,,,,,,,,,,,,,,,,,,月,,,,,,,,,
住吉区,南住吉,3丁目,17番,,,,,,,,,火金,,,,,,,,,,,,,,,,,,,,,木,,,,,,,,,月,,,,,,,,,,,,,,,,,,,月,,,,,,,,,
住吉区,南住吉,3丁目,18番,,,,,,,,,火金,,,,,,,,,,,,,,,,,,,,,,木,,,,,,,,月,,,,,,,,,,,,,,,,,,,月,,,,,,,,,
住吉区,南住吉,3丁目,19番,,,,,,,,,火金,,,,,,,,,,,,,,,,,,,,,,木,,,,,,,,月,,,,,,,,,,,,,,,,,,,月,,,,,,,,,
住吉区,南住吉,4丁目,1番,,,,,,,,,水土,,,,,,,,,,,,,,,,,,,,,木,,,,,,,,,月,,,,,,,,,,,,,,,,,,,,,,,,,,木,,
住吉区,南住吉,4丁目,2番,,,,,,,,,水土,,,,,,,,,,,,,,,,,,,,,,木,,,,,,,,月,,,,,,,,,,,,,,,,,,,,,,,,,,木,,
住吉区,南住吉,4丁目,3番,,,,,,,,,水土,,,,,,,,,,,,,,,,,,,,,,木,,,,,,,,,月,,,,,,,,,,,,,,,,,,,,,,,,,木,,
住吉区,南住吉,4丁目,4番,,,,,,,,,,,水土,,,,,,,,,,,,,,,,,,,,木,,,,,,,,,月,,,,,,,,,,,,,,,,,,,,,,,,,木,,
住吉区,南住吉,4丁目,5番,,,,,,,,,,,水土,,,,,,,,,,,,,,,,,,,,木,,,,,,,,,月,,,,,,,,,,,,,,,,,,,,,,,,,木,,
住吉区,南住吉,4丁目,6番,,,,,,,,,,,水土,,,,,,,,,,,,,,,,,,,木,,,,,,,,,月,,,,,,,,,,,,,,,,,,,,,,,,,,木,,
住吉区,南住吉,4丁目,7番,,,,,,,,,,,水土,,,,,,,,,,,,,,,,,,,木,,,,,,,,,月,,,,,,,,,,,,,,,,,,,,,,,,,,木,,
住吉区,南住吉,4丁目,8番,,,,,,,,,,,水土,,,,,,,,,,,,,,,,,,,木,,,,,,,,,,月,,,,,,,,,,,,,,,,,,,,,,,,,木,,
住吉区,南住吉,4丁目,9番,,,,,,,,,,,水土,,,,,,,,,,,,,,,,,,,木,,,,,,,,,,月,,,,,,,,,,,,,,,,,,,,,,,,,木,,
住吉区,南住吉,4丁目,10番,,,,,,,,,,,水土,,,,,,,,,,,,,,,,,,,,木,,,,,,,,,月,,,,,,,,,,,,,,,,,,,,,,,,,木,,
住吉区,南住吉,4丁目,11番,,,,,,,,,,,水土,,,,,,,,,,,,,,,,,,,,木,,,,,,,,,月,,,,,,,,,,,,,,,,,,,,,,,,,木,,
住吉区,南住吉,4丁目,12番,,,,,,,,,,,水土,,,,,,,,,,,,,,,,,,,,木,,,,,,,,,月,,,,,,,,,,,,,,,,,,,,,,,,,木,,
住吉区,南住吉,4丁目,13番,,,,,,,,,,,水土,,,,,,,,,,,,,,,,,,,,木,,,,,,,,,月,,,,,,,,,,,,,,,,,,,,,,,,,木,,
住吉区,南住吉,4丁目,14番,,,,,,,,,,,水土,,,,,,,,,,,,,,,,,,,,木,,,,,,,,,,月,,,,,,,,,,,,,,,,,,,,,,,,木,,
住吉区,南住吉,4丁目,15番,31号,,,,,,,,,,水土,,,,,,,,,,,,,,,,,,,,木,,,,,,,,,,月,,,,,,,,,,,,,,,,,,,,,,,,木,,
住吉区,南住吉,4丁目,15番,上記以外,,,,,,,,水土,,,,,,,,,,,,,,,,,,,,,,木,,,,,,,,,,月,,,,,,,,,,,,,,,,,,,,,,,,木,,
住吉区,南住吉,4丁目,16番,,,,,,,,,,,水土,,,,,,,,,,,,,,,,,,,,木,,,,,,,,,,,月,,,,,,,,,,,,,,,,,,,,,,,木,,
住吉区,山之内,1丁目,1番,,,,,,,,,火金,,,,,,,,,,,,,,木,,,,,,,,,,,,,,,,,,,,,,,,,,,月,,,,,,,,,,,,,,,,,
住吉区,山之内,1丁目,2番,,,,,,,,,火金,,,,,,,,,,,,,,木,,,,,,,,,,,,,,,,,,,,,,,,,,,月,,,,,,,,,,,,,,,,,
住吉区,山之内,1丁目,3番,,,,,,,,,火金,,,,,,,,,,,,,,木,,,,,,,,,,,,,,,,,,,,,,,,,,,月,,,,,,,,,,,,,,,,,
住吉区,山之内,1丁目,4番,,,,,,,,,火金,,,,,,,,,,,,,,木,,,,,,,,,,,,,,,,,,,,,,,,,,,月,,,,,,,,,,,,,,,,,
住吉区,山之内,1丁目,5番,,,,,,,,,火金,,,,,,,,,,,,,,木,,,,,,,,,,,,,,,,,,,,,,,,,,,,月,,,,,,,,,,,,,,,,
住吉区,山之内,1丁目,6番,,,,,,,,,火金,,,,,,,,,,,,,,,木,,,,,,,,,,,,,,,,,,,,,,,,,,,月,,,,,,,,,,,,,,,,
住吉区,山之内,1丁目,7番,,,,,,,,,火金,,,,,,,,,,,,,,,木,,,,,,,,,,,,,,,,,,,,,,,,,,月,,,,,,,,,,,,,,,,,
住吉区,山之内,1丁目,8番,,,,,,,,,火金,,,,,,,,,,,,,,,木,,,,,,,,,,,,,,,,,,,,,,,,,,,月,,,,,,,,,,,,,,,,
住吉区,山之内,1丁目,9番,,,,,,,,,火金,,,,,,,,,,,,,,,木,,,,,,,,,,,,,,,,,,,,,,,,,,,月,,,,,,,,,,,,,,,,
住吉区,山之内,1丁目,10番,リバーガーデン我孫子前,,,,,,,,火金,,,,,,,,,,,,,,木,,,,,,,,,,,,,,,,,,,,,,,,,,,月,,,,,,,,,,,,,,,,,
住吉区,山之内,1丁目,10番,上記以外,,,,,,,,火金,,,,,,,,,,,,,,,木,,,,,,,,,,,,,,,,,,,,,,,,,,,月,,,,,,,,,,,,,,,,
住吉区,山之内,1丁目,11番,,,,,,,,,火金,,,,,,,,,,,,,,,木,,,,,,,,,,,,,,,,,,,,,,,,,,,月,,,,,,,,,,,,,,,,
住吉区,山之内,1丁目,12番,,,,,,,,,火金,,,,,,,,,,,,,,,木,,,,,,,,,,,,,,,,,,,,,,,,,,,月,,,,,,,,,,,,,,,,
住吉区,山之内,1丁目,13番,,,,,,,,,火金,,,,,,,,,,,,,,,木,,,,,,,,,,,,,,,,,,,,,,,,,,,月,,,,,,,,,,,,,,,,
住吉区,山之内,1丁目,14番,,,,,,,,,火金,,,,,,,,,,,,,,木,,,,,,,,,,,,,,,,,,,,,,,,,,,,月,,,,,,,,,,,,,,,,
住吉区,山之内,1丁目,15番,,,,,,,,,火金,,,,,,,,,,,,,,木,,,,,,,,,,,,,,,,,,,,,,,,,,,,月,,,,,,,,,,,,,,,,
住吉区,山之内,1丁目,16番,,,,,,,,,,,,,,,,,,月木,,,,,金,,,,,,,,,,,,,,,,,,,,,,,火,,,,,,,,,,,,,,,,,,,,,
住吉区,山之内,1丁目,17番,,,,,,,,,,,,,,,,,,月木,,,,,金,,,,,,,,,,,,,,,,,,,,,,,火,,,,,,,,,,,,,,,,,,,,,
住吉区,山之内,1丁目,18番,,,,,,,,,,,,,,,,,,月木,,,,,金,,,,,,,,,,,,,,,,,,,,,,,火,,,,,,,,,,,,,,,,,,,,,
住吉区,山之内,1丁目,19番,,,,,,,,,,,,,,,,,,月木,,,,,,金,,,,,,,,,,,,,,,,,,,,,,火,,,,,,,,,,,,,,,,,,,,,
住吉区,山之内,1丁目,20番,,,,,,,,,,,,,,,,,,月木,,,,,,金,,,,,,,,,,,,,,,,,,,,,,,火,,,,,,,,,,,,,,,,,,,,
住吉区,山之内,1丁目,21番,,,,,,,,,水土,,,,,,,,,,,,,,,金,,,,,,,,,,,,,,,,,,,,,,,火,,,,,,,,,,,,,,,,,,,,
住吉区,山之内,1丁目,22番,,,,,,,,,水土,,,,,,,,,,,,,,,金,,,,,,,,,,,,,,,,,,,,,,,火,,,,,,,,,,,,,,,,,,,,
住吉区,山之内,1丁目,23番,,,,,,,,,,,,,,,,,,月木,,,,,,金,,,,,,,,,,,,,,,,,,,,,,,火,,,,,,,,,,,,,,,,,,,,
住吉区,山之内,1丁目,24番,,,,,,,,,,,,,,,,,,月木,,,,,,金,,,,,,,,,,,,,,,,,,,,,,火,,,,,,,,,,,,,,,,,,,,,
住吉区,山之内,1丁目,25番,,,,,,,,,,,,,,,,,,月木,,,,,金,,,,,,,,,,,,,,,,,,,,,,,火,,,,,,,,,,,,,,,,,,,,,
住吉区,山之内,1丁目,26番,,,,,,,,,,,,,,,,,,月木,,,,,金,,,,,,,,,,,,,,,,,,,,,,,火,,,,,,,,,,,,,,,,,,,,,
住吉区,山之内,1丁目,27番,,,,,,,,,,,,,,,,,,月木,,,,,金,,,,,,,,,,,,,,,,,,,,,,,火,,,,,,,,,,,,,,,,,,,,,
住吉区,山之内,2丁目,1番,,,,,,,,,,,,,,,,,,月木,,,,,,金,,,,,,,,,,,,,,,,,,,,,,,火,,,,,,,,,,,,,,,,,,,,
住吉区,山之内,2丁目,2番,,,,,,,,,,,,,,,,,,月木,,,,,,金,,,,,,,,,,,,,,,,,,,,,,火,,,,,,,,,,,,,,,,,,,,,
住吉区,山之内,2丁目,3番,,,,,,,,,,,,,,,,,,月木,,,,,,,金,,,,,,,,,,,,,,,,,,,,,火,,,,,,,,,,,,,,,,,,,,,
住吉区,山之内,2丁目,4番,,,,,,,,,,,,,,,,,,月木,,,,,,,金,,,,,,,,,,,,,,,,,,,,,火,,,,,,,,,,,,,,,,,,,,,
住吉区,山之内,2丁目,5番,,,,,,,,,,,,,,,,,,月木,,,,,,,金,,,,,,,,,,,,,,,,,,,,,火,,,,,,,,,,,,,,,,,,,,,
住吉区,山之内,2丁目,6番,,,,,,,,,,,,,,,,,,月木,,,,,,,金,,,,,,,,,,,,,,,,,,,,,,火,,,,,,,,,,,,,,,,,,,,
住吉区,山之内,2丁目,7番,,,,,,,,,,,,,,,,,,月木,,,,,,,金,,,,,,,,,,,,,,,,,,,,,,火,,,,,,,,,,,,,,,,,,,,
住吉区,山之内,2丁目,8番,,,,,,,,,,,,,,,,,,月木,,,,,,,金,,,,,,,,,,,,,,,,,,,,,,火,,,,,,,,,,,,,,,,,,,,
住吉区,山之内,2丁目,9番,,,,,,,,,,,,,,,,,,月木,,,,,,,金,,,,,,,,,,,,,,,,,,,,,,火,,,,,,,,,,,,,,,,,,,,
住吉区,山之内,2丁目,10番,,,,,,,,,,,,,,,,,,月木,,,,,,,金,,,,,,,,,,,,,,,,,,,,,,火,,,,,,,,,,,,,,,,,,,,
住吉区,山之内,2丁目,11番,,,,,,,,,,,,,,,,,,月木,,,,,,金,,,,,,,,,,,,,,,,,,,,,,火,,,,,,,,,,,,,,,,,,,,,
住吉区,山之内,2丁目,12番,,,,,,,,,,,,,,,,,,月木,,,,,金,,,,,,,,,,,,,,,,,,,,,,,火,,,,,,,,,,,,,,,,,,,,,
住吉区,山之内,2丁目,13番,,,,,,,,,,,,,,,,,,月木,,,,,金,,,,,,,,,,,,,,,,,,,,,,,火,,,,,,,,,,,,,,,,,,,,,
住吉区,山之内,2丁目,14番,軽四輪車(小さい車)で収集している地域,,,,,,,,,,,,,,,,,月木,,,,,金,,,,,,,,,,,,,,,,火,,,,,,,,,,,,,,,,,,,,,,,,,,,,
住吉区,山之内,2丁目,14番,上記以外,,,,,,,,,,,,,,,,,月木,,,,,金,,,,,,,,,,,,,,,,,,,,,,,,火,,,,,,,,,,,,,,,,,,,,
住吉区,山之内,2丁目,15番,,,,,,,,,,,,,,,,,,月木,,,,,金,,,,,,,,,,,,,,,,,,,,,,,火,,,,,,,,,,,,,,,,,,,,,
住吉区,山之内,2丁目,16番,,,,,,,,,,,,,,,,,,月木,,,,,金,,,,,,,,,,,,,,,,,,,,,,,,火,,,,,,,,,,,,,,,,,,,,
住吉区,山之内,3丁目,1番,,,,,,,,,,,,,,,,,,月木,,,,,金,,,,,,,,,,,,,,,,,,,,,,,,火,,,,,,,,,,,,,,,,,,,,
住吉区,山之内,3丁目,2番,,,,,,,,,,,,,,,,,,月木,,,,,金,,,,,,,,,,,,,,,,,,,,,,,,火,,,,,,,,,,,,,,,,,,,,
住吉区,山之内,3丁目,3番,軽四輪車(小さい車)で収集している地域,,,,,,,,,,,,,,,,,月木,,,,,,金,,,,,,,,,,,,,,,,火,,,,,,,,,,,,,,,,,,,,,,,,,,,
住吉区,山之内,3丁目,3番,上記以外,,,,,,,,,,,,,,,,,月木,,,,,,金,,,,,,,,,,,,,,,,,,,,,,,火,,,,,,,,,,,,,,,,,,,,
住吉区,山之内,3丁目,4番,1~4号,,,,,,,,,,,,,,,,,月木,,,,,金,,,,,,,,,,,,,,,,,,,,,,,,火,,,,,,,,,,,,,,,,,,,,
住吉区,山之内,3丁目,4番,上記以外,,,,,,,,,,月木,,,,,,,,,,,,金,,,,,,,,,,,,,,,,,,,,,,,,火,,,,,,,,,,,,,,,,,,,,
住吉区,山之内,3丁目,5番,2･3号,,,,,,,,,,,,,,,,,月木,,,,,,金,,,,,,,,,,,,,,,,,,,,,,,火,,,,,,,,,,,,,,,,,,,,
住吉区,山之内,3丁目,5番,上記以外,,,,,,,,,,月木,,,,,,,,,,,,,金,,,,,,,,,,,,,,,,,,,,,,,火,,,,,,,,,,,,,,,,,,,,
住吉区,山之内,3丁目,6番,1~5号,,,,,,,,,,,,,,,,,月木,,,,,,金,,,,,,,,,,,,,,,,,,,,,,,火,,,,,,,,,,,,,,,,,,,,
住吉区,山之内,3丁目,6番,上記以外,,,,,,,,,,月木,,,,,,,,,,,,,金,,,,,,,,,,,,,,,,,,,,,,,火,,,,,,,,,,,,,,,,,,,,
住吉区,山之内,3丁目,7番,18~28号,,,,,,,,,,,,,,,,,月木,,,,,,金,,,,,,,,,,,,,,,,,,,,,,,火,,,,,,,,,,,,,,,,,,,,
住吉区,山之内,3丁目,7番,上記以外,,,,,,,,,,月木,,,,,,,,,,,,,金,,,,,,,,,,,,,,,,,,,,,,,火,,,,,,,,,,,,,,,,,,,,
住吉区,山之内,3丁目,8番,,,,,,,,,,,,,,,,,,月木,,,,,,金,,,,,,,,,,,,,,,,,,,,,,,火,,,,,,,,,,,,,,,,,,,,
住吉区,山之内,3丁目,9番,,,,,,,,,,,,,,,,,,月木,,,,,,金,,,,,,,,,,,,,,,,,,,,,,,火,,,,,,,,,,,,,,,,,,,,
住吉区,山之内,3丁目,10番,,,,,,,,,,,,,,,,,,月木,,,,,金,,,,,,,,,,,,,,,,,,,,,,,,火,,,,,,,,,,,,,,,,,,,,
住吉区,山之内,3丁目,11番,,,,,,,,,,,,,,,,,,月木,,,,,金,,,,,,,,,,,,,,,,,,,,,,,,火,,,,,,,,,,,,,,,,,,,,
住吉区,山之内,3丁目,12番,,,,,,,,,,,,,,,,,,月木,,,,,金,,,,,,,,,,,,,,,,,,,,,,,,火,,,,,,,,,,,,,,,,,,,,
住吉区,山之内,3丁目,13番,,,,,,,,,,,,,,,,,,月木,,,,,,金,,,,,,,,,,,,,,,,,,,,,,,火,,,,,,,,,,,,,,,,,,,,
住吉区,山之内,3丁目,14番,,,,,,,,,,,,,,,,,,月木,,,,,,金,,,,,,,,,,,,,,,,,,,,,,,火,,,,,,,,,,,,,,,,,,,,
住吉区,山之内,3丁目,15番,,,,,,,,,,,,,,,,,,月木,,,,,,金,,,,,,,,,,,,,,,,,,,,,,,火,,,,,,,,,,,,,,,,,,,,
住吉区,山之内,3丁目,16番,14~20号,,,,,,,,,,,,,,,,,月木,,,,,,金,,,,,,,,,,,,,,,,,,,,,,,火,,,,,,,,,,,,,,,,,,,,
住吉区,山之内,3丁目,16番,上記以外,,,,,,,,,,月木,,,,,,,,,,,,,金,,,,,,,,,,,,,,,,,,,,,,,火,,,,,,,,,,,,,,,,,,,,
住吉区,山之内,3丁目,17番,,,,,,,,,,,月木,,,,,,,,,,,,,金,,,,,,,,,,,,,,,,,,,,,,,火,,,,,,,,,,,,,,,,,,,,
住吉区,山之内,3丁目,18番,,,,,,,,,,,月木,,,,,,,,,,,,,金,,,,,,,,,,,,,,,,,,,,,,,火,,,,,,,,,,,,,,,,,,,,
住吉区,山之内,3丁目,19番,,,,,,,,,,,月木,,,,,,,,,,,,金,,,,,,,,,,,,,,,,,,,,,,,,火,,,,,,,,,,,,,,,,,,,,
住吉区,山之内,4丁目,1番,,,,,,,,,,,,,,,,,,月木,,,,,金,,,,,,,,,,,,,,,,,,,,,,,,火,,,,,,,,,,,,,,,,,,,,
住吉区,山之内,4丁目,2番,,,,,,,,,,,,,,,,,,月木,,,,,金,,,,,,,,,,,,,,,,,火,,,,,,,,,,,,,,,,,,,,,,,,,,,
住吉区,山之内,4丁目,3番,,,,,,,,,,,,,,,,,,月木,,,,,金,,,,,,,,,,,,,,,,,火,,,,,,,,,,,,,,,,,,,,,,,,,,,
住吉区,山之内,4丁目,4番,,,,,,,,,,,,,,,,,,月木,,,,,,,金,,,,,,,,,,,,,,,火,,,,,,,,,,,,,,,,,,,,,,,,,,,
住吉区,山之内,4丁目,5番,,,,,,,,,,,,,,,,,,月木,,,,,,金,,,,,,,,,,,,,,,,,,,,,,火,,,,,,,,,,,,,,,,,,,,,
住吉区,山之内,4丁目,6番,8号,,,,,,,,,,月木,,,,,,,,,,,,,金,,,,,,,,,,,,,,,,,,,,,,火,,,,,,,,,,,,,,,,,,,,,
住吉区,山之内,4丁目,6番,上記以外,,,,,,,,,,,,,,,,,月木,,,,,,金,,,,,,,,,,,,,,,,,,,,,,火,,,,,,,,,,,,,,,,,,,,,
住吉区,山之内,4丁目,7番,,,,,,,,,,,月木,,,,,,,,,,,,,金,,,,,,,,,,,,,,,,,,,,,,火,,,,,,,,,,,,,,,,,,,,,
住吉区,山之内,4丁目,8番,,,,,,,,,,,月木,,,,,,,,,,,,,金,,,,,,,,,,,,,,,,,,,,,,火,,,,,,,,,,,,,,,,,,,,,
住吉区,山之内,4丁目,9番,,,,,,,,,,,月木,,,,,,,,,,,,,金,,,,,,,,,,,,,,,,,,,,,,火,,,,,,,,,,,,,,,,,,,,,
住吉区,山之内,4丁目,10番,,,,,,,,,,,月木,,,,,,,,,,,,金,,,,,,,,,,,,,,,,,,,,,,,火,,,,,,,,,,,,,,,,,,,,,
住吉区,山之内,4丁目,11番,2~7号,,,,,,,,,,月木,,,,,,,,,,,,,,金,,,,,,,,,,,,,,,,,,,,,火,,,,,,,,,,,,,,,,,,,,,
住吉区,山之内,4丁目,11番,上記以外,,,,,,,,,,,,,,,,,月木,,,,,,,金,,,,,,,,,,,,,,,,,,,,,火,,,,,,,,,,,,,,,,,,,,,
住吉区,山之内,4丁目,12番,17~20号,,,,,,,,,,月木,,,,,,,,,,,,,金,,,,,,,,,,,,,,,,,,,,,,火,,,,,,,,,,,,,,,,,,,,,
住吉区,山之内,4丁目,12番,上記以外,,,,,,,,,,,,,,,,,月木,,,,,,金,,,,,,,,,,,,,,,,,,,,,,火,,,,,,,,,,,,,,,,,,,,,
住吉区,山之内,4丁目,13番,,,,,,,,,,,月木,,,,,,,,,,,,,金,,,,,,,,,,,,,,,,,,,,,,火,,,,,,,,,,,,,,,,,,,,,
住吉区,山之内,4丁目,14番,14~18号,,,,,,,,,,,,,,,,,月木,,,,,,金,,,,,,,,,,,,,,,,,,,,,,,火,,,,,,,,,,,,,,,,,,,,
住吉区,山之内,4丁目,14番,上記以外,,,,,,,,,,月木,,,,,,,,,,,,,金,,,,,,,,,,,,,,,,,,,,,,,火,,,,,,,,,,,,,,,,,,,,
住吉区,山之内,4丁目,15番,14~20号,,,,,,,,,,月木,,,,,,,,,,,,金,,,,,,,,,,,,,,,,,,,,,,,,火,,,,,,,,,,,,,,,,,,,,
住吉区,山之内,4丁目,15番,上記以外,,,,,,,,,,,,,,,,,月木,,,,,金,,,,,,,,,,,,,,,,,,,,,,,,火,,,,,,,,,,,,,,,,,,,,
住吉区,山之内,4丁目,16番,16~19号,,,,,,,,,,月木,,,,,,,,,,,,金,,,,,,,,,,,,,,,,,,,,,,,,火,,,,,,,,,,,,,,,,,,,,
住吉区,山之内,4丁目,16番,上記以外,,,,,,,,,,,,,,,,,月木,,,,,金,,,,,,,,,,,,,,,,,,,,,,,,火,,,,,,,,,,,,,,,,,,,,
住吉区,山之内,4丁目,17番,,,,,,,,,,,,,,,,,,月木,,,,,金,,,,,,,,,,,,,,,,,,,,,,,,火,,,,,,,,,,,,,,,,,,,,
住吉区,山之内,5丁目,1番,,,,,,,,,,,,,,,,,,月木,,,,,,金,,,,,,,,,,,,,,,火,,,,,,,,,,,,,,,,,,,,,,,,,,,,
住吉区,山之内,5丁目,2番,,,,,,,,,,,,,,,,,,月木,,,,,,,金,,,,,,,,,,,,,,火,,,,,,,,,,,,,,,,,,,,,,,,,,,,
住吉区,山之内,5丁目,3番,17~94号,,,,,,,,,,,,,,,,,月木,,,,,金,,,,,,,,,,,,,,,,火,,,,,,,,,,,,,,,,,,,,,,,,,,,,
住吉区,山之内,5丁目,3番,上記以外,,,,,,,,,,,,,,,,月木,,,,,,金,,,,,,,,,,,,,,,,火,,,,,,,,,,,,,,,,,,,,,,,,,,,,
住吉区,山之内,5丁目,4番,,,,,,,,,,,月木,,,,,,,,,,,,,金,,,,,,,,,,,,,,,,火,,,,,,,,,,,,,,,,,,,,,,,,,,,
住吉区,山之内,5丁目,5番,,,,,,,,,,,月木,,,,,,,,,,,,,金,,,,,,,,,,,,,,,,火,,,,,,,,,,,,,,,,,,,,,,,,,,,
住吉区,山之内,5丁目,6番,,,,,,,,,,,月木,,,,,,,,,,,,,金,,,,,,,,,,,,,,,,火,,,,,,,,,,,,,,,,,,,,,,,,,,,
住吉区,山之内元町,1番,軽四輪車(小さい車)で収集している地域,,,,,,,,,,,,,,,,月木,,,,,,,金,,,,,,,,,,,,,,,,火,,,,,,,,,,,,,,,,,,,火,,,,,,,,,
住吉区,山之内元町,1番,上記以外,,,,,,,,,,,,,,,,,,月木,,,,,金,,,,,,,,,,,,,,,,,,,,,,,,火,,,,,,,,,,,火,,,,,,,,,
住吉区,山之内元町,2番,,,,,,,,,,,,,,,,,月木,,,,,,,金,,,,,,,,,,,,,,,,火,,,,,,,,,,,,,,,,,,,火,,,,,,,,,
住吉区,山之内元町,3番,軽四輪車(小さい車)で収集している地域,,,,,,,,,,,,,,,,,月木,,,,,,,金,,,,,,,,,,,,,,,火,,,,,,,,,,,,,,,,,,,火,,,,,,,,,
住吉区,山之内元町,3番,上記以外,,,,,,,,,,,月木,,,,,,,,,,,,,金,,,,,,,,,,,,,,,,,,,,火,,,,,,,,,,,,,,火,,,,,,,,,
住吉区,山之内元町,4番,,,,,,,,,,,,,,,,,月木,,,,,,,,金,,,,,,,,,,,,,,,火,,,,,,,,,,,,,,,,,,,火,,,,,,,,,
住吉区,山之内元町,5番,,,,,,,,,,,,,,,,,月木,,,,,,,金,,,,,,,,,,,,,,,,火,,,,,,,,,,,,,,,,,,,火,,,,,,,,,
住吉区,山之内元町,6番,,,,,,,,,,,,,,,,,,月木,,,,,,金,,,,,,,,,,,,,,,,,,火,,,,,,,,,,,,,,,,,火,,,,,,,,,
住吉区,山之内元町,7番,,,,,,,,,,,,,,,,,月木,,,,,,,,金,,,,,,,,,,,,,,,,,火,,,,,,,,,,,,,,,,,火,,,,,,,,,
住吉区,山之内元町,8番,,,,,,,,,,,,,,,,,,月木,,,,,,,金,,,,,,,,,,,,,,,,火,,,,,,,,,,,,,,,,,,火,,,,,,,,,
住吉区,山之内元町,9番,7~8号,,,,,,,,,,,月木,,,,,,,,,,,,,金,,,,,,,,,,,,,,,火,,,,,,,,,,,,,,,,,,,火,,,,,,,,,
住吉区,山之内元町,9番,上記以外,,,,,,,,,,,,,,,,,,月木,,,,,,金,,,,,,,,,,,,,,,火,,,,,,,,,,,,,,,,,,,火,,,,,,,,,
住吉区,山之内元町,10番,,,,,,,,,,,,,,,,,,月木,,,,,,,金,,,,,,,,,,,,,,,火,,,,,,,,,,,,,,,,,,,火,,,,,,,,,
住吉区,山之内元町,11番,5~8号,,,,,,,,,,,月木,,,,,,,,,,,,,金,,,,,,,,,,,,,,,,火,,,,,,,,,,,,,,,,,,火,,,,,,,,,
住吉区,山之内元町,11番,上記以外,,,,,,,,,,,,,,,,,,月木,,,,,,金,,,,,,,,,,,,,,,,火,,,,,,,,,,,,,,,,,,火,,,,,,,,,
住吉区,山之内元町,12番,4~5号,,,,,,,,,,,月木,,,,,,,,,,,,,金,,,,,,,,,,,,,,,,火,,,,,,,,,,,,,,,,,,火,,,,,,,,,
住吉区,山之内元町,12番,上記以外,,,,,,,,,,,,,,,,,月木,,,,,,,金,,,,,,,,,,,,,,,,火,,,,,,,,,,,,,,,,,,火,,,,,,,,,
住吉区,山之内元町,13番,,,,,,,,,,,,,,,,,,,月木,,,,,,金,,,,,,,,,,,,,,,火,,,,,,,,,,,,,,,,,,,火,,,,,,,,,
住吉区,山之内元町,14番,,,,,,,,,,,,,,,,,,,月木,,,,,,,金,,,,,,,,,,,,,,,,火,,,,,,,,,,,,,,,,,火,,,,,,,,,
住吉区,山之内元町,15番,11~15号,,,,,,,,,,,月木,,,,,,,,,,,,,金,,,,,,,,,,,,,,,,,火,,,,,,,,,,,,,,,,,火,,,,,,,,,
住吉区,山之内元町,15番,上記以外,,,,,,,,,,,,,,,,,月木,,,,,,,金,,,,,,,,,,,,,,,,,火,,,,,,,,,,,,,,,,,火,,,,,,,,,
住吉区,山之内元町,16番,1~7号,,,,,,,,,,,月木,,,,,,,,,,,,,金,,,,,,,,,,,,,,,,火,,,,,,,,,,,,,,,,,,火,,,,,,,,,
住吉区,山之内元町,16番,上記以外,,,,,,,,,,,,,,,,,,月木,,,,,,金,,,,,,,,,,,,,,,,火,,,,,,,,,,,,,,,,,,火,,,,,,,,,
住吉区,山之内元町,17番,1~4号,,,,,,,,,,,月木,,,,,,,,,,,,,金,,,,,,,,,,,,,,,,火,,,,,,,,,,,,,,,,,,火,,,,,,,,,
住吉区,山之内元町,17番,上記以外,,,,,,,,,,,,,,,,,,月木,,,,,,金,,,,,,,,,,,,,,,,火,,,,,,,,,,,,,,,,,,火,,,,,,,,,
住吉区,山之内元町,18番,1~7号,,,,,,,,,,,月木,,,,,,,,,,,,,金,,,,,,,,,,,,,,,,,火,,,,,,,,,,,,,,,,,火,,,,,,,,,
住吉区,山之内元町,18番,上記以外,,,,,,,,,,,,,,,,,,月木,,,,,,金,,,,,,,,,,,,,,,,,火,,,,,,,,,,,,,,,,,火,,,,,,,,,
