地区名1,地区名2,地区名3,地区名4,地区名5,備考,雑ごみ,普通ごみ_収集時間要問合せ,普通ごみ_午前,普通ごみ_午後,普通ごみ_8:30~10:30,普通ごみ_9:00~11:00,普通ごみ_9:30~11:30,普通ごみ_10:00~12:00,普通ごみ_10:30~12:30,普通ごみ_11:00~13:00,普通ごみ_11:30~13:30,普通ごみ_12:00~14:00,普通ごみ_12:30~14:30,普通ごみ_13:00~15:00,普通ごみ_13:30~15:30,普通ごみ_14:00~16:00,普通ごみ_14:30~16:30,資源ごみ_収集時間要問合せ,資源ごみ_午前,資源ごみ_午後,資源ごみ_8:30~10:30,資源ごみ_9:00~11:00,資源ごみ_9:30~11:30,資源ごみ_10:00~12:00,資源ごみ_10:30~12:30,資源ごみ_11:00~13:00,資源ごみ_11:30~13:30,資源ごみ_12:00~14:00,資源ごみ_12:30~14:30,資源ごみ_13:00~15:00,資源ごみ_13:30~15:30,資源ごみ_14:00~16:00,資源ごみ_14:30~16:30,プラスチック資源_収集時間要問合せ,プラスチック資源_午前,プラスチック資源_午後,プラスチック資源_8:30~10:30,プラスチック資源_9:00~11:00,プラスチック資源_9:30~11:30,プラスチック資源_10:00~12:00,プラスチック資源_10:30~12:30,プラスチック資源_11:00~13:00,プラスチック資源_11:30~13:30,プラスチック資源_12:00~14:00,プラスチック資源_12:30~14:30,プラスチック資源_13:00~15:00,プラスチック資源_13:30~15:30,プラスチック資源_14:00~16:00,プラスチック資源_14:30~16:30,古紙衣類_収集時間要問合せ,古紙衣類_午前,古紙衣類_午後,古紙衣類_8:30~10:30,古紙衣類_9:00~11:00,古紙衣類_9:30~11:30,古紙衣類_10:00~12:00,古紙衣類_10:30~12:30,古紙衣類_11:00~13:00,古紙衣類_11:30~13:30,古紙衣類_12:00~14:00,古紙衣類_12:30~14:30,古紙衣類_13:00~15:00,古紙衣類_13:30~15:30,古紙衣類_14:00~16:00,古紙衣類_14:30~16:30
淀川区,加島,1丁目,1番,,,,,,,水土,,,,,,,,,,,,,,,,,,,,,,,,,月,,,,,,,,,,,,,,,,木,,,,,,,金,,,,,,,,,,,,
淀川区,加島,1丁目,2番,市営加島南第2住宅,,,,,,水土,,,,,,,,,,,,,,,,,,,,,,,,,月,,,,,,,,,,,,,,,,木,,,,,,,金,,,,,,,,,,,,
淀川区,加島,1丁目,2番,上記以外,,,,,,水土,,,,,,,,,,,,,,,,,,,,,,,,,月,,,,,,,,,,,,,,,,木,,,,,,,金,,,,,,,,,,,,
淀川区,加島,1丁目,11番,,,,,,,水土,,,,,,,,,,,,,,,,,,,,,,,,,月,,,,,,,,,,,,,,,,木,,,,,,,金,,,,,,,,,,,,
淀川区,加島,1丁目,18番,,,,,,,水土,,,,,,,,,,,,,,,,,,,,,,,,,月,,,,,,,,,,,,,,,,木,,,,,,,金,,,,,,,,,,,,
淀川区,加島,1丁目,19番,,,,,,,水土,,,,,,,,,,,,,,,,,,,,,,,,,月,,,,,,,,,,,,,,,,木,,,,,,,金,,,,,,,,,,,,
淀川区,加島,1丁目,20番,,,,,,,水土,,,,,,,,,,,,,,,,,,,,,,,,,月,,,,,,,,,,,,,,,,木,,,,,,,金,,,,,,,,,,,,
淀川区,加島,1丁目,21番,軽四輪車(小さい車)で収集している地域,,,,,,,水土,,,,,,,,,,,,,,,,,,,,,,,,月,,,,,,,,,,,,,,,,木,,,,,,,金,,,,,,,,,,,,
淀川区,加島,1丁目,21番,上記以外,,,,,,水土,,,,,,,,,,,,,,,,,,,,,,,,,月,,,,,,,,,,,,,,,,木,,,,,,,金,,,,,,,,,,,,
淀川区,加島,1丁目,22番,軽四輪車(小さい車)で収集している地域,,,,,,,水土,,,,,,,,,,,,,,,,,,,,,,,,月,,,,,,,,,,,,,,,,木,,,,,,,金,,,,,,,,,,,,
淀川区,加島,1丁目,22番,上記以外,,,,,,水土,,,,,,,,,,,,,,,,,,,,,,,,,月,,,,,,,,,,,,,,,,木,,,,,,,金,,,,,,,,,,,,
淀川区,加島,1丁目,23番,軽四輪車(小さい車)で収集している地域,,,,,,,水土,,,,,,,,,,,,,,,,,,,,,,,,月,,,,,,,,,,,,,,,,木,,,,,,,金,,,,,,,,,,,,
淀川区,加島,1丁目,23番,上記以外,,,,,,水土,,,,,,,,,,,,,,,,,,,,,,,,,,月,,,,,,,,,,,,,,,,木,,,,,,金,,,,,,,,,,,,
淀川区,加島,1丁目,30番,1号(市営加島南第4住宅1号館),,,,,,水土,,,,,,,,,,,,,,,,,,,,,,,,,,月,,,,,,,,,,,,,,,,木,,,,,,金,,,,,,,,,,,,
淀川区,加島,1丁目,30番,上記以外,,,,,,水土,,,,,,,,,,,,,,,,,,,,,,,,,,月,,,,,,,,,,,,,,,,木,,,,,,金,,,,,,,,,,,,
淀川区,加島,1丁目,31番,,,,,,,水土,,,,,,,,,,,,,,,,,,,,,,,,,,月,,,,,,,,,,,,,,,,木,,,,,,金,,,,,,,,,,,,
淀川区,加島,1丁目,32番,,,,,,,水土,,,,,,,,,,,,,,,,,,,,,,,,,,月,,,,,,,,,,,,,,,,木,,,,,,金,,,,,,,,,,,,
淀川区,加島,1丁目,33番,,,,,,,水土,,,,,,,,,,,,,,,,,,,,,,,,,,月,,,,,,,,,,,,,,,,木,,,,,,金,,,,,,,,,,,,
淀川区,加島,1丁目,36番,,,,,,,水土,,,,,,,,,,,,,,,,,,,,,,,,,,月,,,,,,,,,,,,,,,,木,,,,,,金,,,,,,,,,,,,
淀川区,加島,1丁目,37番,,,,,,,水土,,,,,,,,,,,,,,,,,,,,,,,,,,月,,,,,,,,,,,,,,,,木,,,,,,金,,,,,,,,,,,,
淀川区,加島,1丁目,38番,,,,,,,水土,,,,,,,,,,,,,,,,,,,,,,,,,,月,,,,,,,,,,,,,,,,木,,,,,,金,,,,,,,,,,,,
淀川区,加島,1丁目,39番,,,,,,,水土,,,,,,,,,,,,,,,,,,,,,,,,,,月,,,,,,,,,,,,,,,,木,,,,,,金,,,,,,,,,,,,
淀川区,加島,1丁目,40番,,,,,,,水土,,,,,,,,,,,,,,,,,,,,,,,,,,月,,,,,,,,,,,,,,,,木,,,,,,金,,,,,,,,,,,,
淀川区,加島,1丁目,41番,,,,,,,水土,,,,,,,,,,,,,,,,,,,,,,,,,,月,,,,,,,,,,,,,,,,木,,,,,,金,,,,,,,,,,,,
淀川区,加島,1丁目,43番,,,,,,,水土,,,,,,,,,,,,,,,,,,,,,,,,,,月,,,,,,,,,,,,,,,,木,,,,,,金,,,,,,,,,,,,
淀川区,加島,1丁目,44番,,,,,,,水土,,,,,,,,,,,,,,,,,,,,,,,,,,月,,,,,,,,,,,,,,,,木,,,,,,金,,,,,,,,,,,,
淀川区,加島,1丁目,45番,,,,,,,水土,,,,,,,,,,,,,,,,,,,,,,,,,,月,,,,,,,,,,,,,,,,木,,,,,,金,,,,,,,,,,,,
淀川区,加島,1丁目,46番,市営加島12号館,,,,,,水土,,,,,,,,,,,,,,,,,,,,,,,,,,月,,,,,,,,,,,,,,,,木,,,,,,金,,,,,,,,,,,,
淀川区,加島,1丁目,46番,上記以外,,,,,,水土,,,,,,,,,,,,,,,,,,,,,,,,,,月,,,,,,,,,,,,,,,,木,,,,,,金,,,,,,,,,,,,
淀川区,加島,1丁目,47番,軽四輪車(小さい車)で収集している地域,,,,,,,水土,,,,,,,,,,,,,,,,,,,,,,,,,月,,,,,,,,,,,,,,,,木,,,,,,金,,,,,,,,,,,,
淀川区,加島,1丁目,47番,上記以外,,,,,,水土,,,,,,,,,,,,,,,,,,,,,,,,,,月,,,,,,,,,,,,,,,,木,,,,,,金,,,,,,,,,,,,
淀川区,加島,1丁目,48番,,,,,,,水土,,,,,,,,,,,,,,,,,,,,,,,,,,月,,,,,,,,,,,,,,,,木,,,,,,金,,,,,,,,,,,,
淀川区,加島,1丁目,49番,,,,,,,水土,,,,,,,,,,,,,,,,,,,,,,,,,,月,,,,,,,,,,,,,,,,木,,,,,,金,,,,,,,,,,,,
淀川区,加島,1丁目,50番,軽四輪車(小さい車)で収集している地域,,,,,,,水土,,,,,,,,,,,,,,,,,,,,,,,,,月,,,,,,,,,,,,,,,,木,,,,,,金,,,,,,,,,,,,
淀川区,加島,1丁目,50番,上記以外,,,,,,水土,,,,,,,,,,,,,,,,,,,,,,,,,,月,,,,,,,,,,,,,,,,木,,,,,,金,,,,,,,,,,,,
淀川区,加島,1丁目,51番,軽四輪車(小さい車)で収集している地域,,,,,,,水土,,,,,,,,,,,,,,,,,,,,,,,,,月,,,,,,,,,,,,,,,,木,,,,,,金,,,,,,,,,,,,
淀川区,加島,1丁目,51番,上記以外,,,,,,水土,,,,,,,,,,,,,,,,,,,,,,,,,,月,,,,,,,,,,,,,,,,木,,,,,,金,,,,,,,,,,,,
淀川区,加島,1丁目,52番,,,,,,,水土,,,,,,,,,,,,,,,,,,,,,,,,,,月,,,,,,,,,,,,,,,,木,,,,,,金,,,,,,,,,,,,
淀川区,加島,1丁目,53番,1号,,,,,,水土,,,,,,,,,,,,,,,,,,,,,,,,,,月,,,,,,,,,,,,,,,,木,,,,,,金,,,,,,,,,,,,
淀川区,加島,1丁目,53番,上記以外,,,,,,水土,,,,,,,,,,,,,,,,,,,,,,,,,,月,,,,,,,,,,,,,,,,木,,,,,,金,,,,,,,,,,,,
淀川区,加島,1丁目,55番,,,,,,,水土,,,,,,,,,,,,,,,,,,,,,,,,,,月,,,,,,,,,,,,,,,,木,,,,,,金,,,,,,,,,,,,
淀川区,加島,1丁目,56番,,,,,,,水土,,,,,,,,,,,,,,,,,,,,,,,,,,月,,,,,,,,,,,,,,,,木,,,,,,金,,,,,,,,,,,,
淀川区,加島,1丁目,57番,UR加島団地,,,,,,水土,,,,,,,,,,,,,,,,,,,,,,,,,,月,,,,,,,,,,,,,,,,木,,,,,,金,,,,,,,,,,,,
淀川区,加島,1丁目,57番,上記以外,,,,,,水土,,,,,,,,,,,,,,,,,,,,,,,,,,月,,,,,,,,,,,,,,,,木,,,,,,金,,,,,,,,,,,,
淀川区,加島,1丁目,58番,コンフォール,,,,,,水土,,,,,,,,,,,,,,,,,,,,,,,,,,月,,,,,,,,,,,,,,,,木,,,,,,金,,,,,,,,,,,,
淀川区,加島,1丁目,58番,上記以外,,,,,,水土,,,,,,,,,,,,,,,,,,,,,,,,,,月,,,,,,,,,,,,,,,,木,,,,,,金,,,,,,,,,,,,
淀川区,加島,1丁目,59番,,,,,,,水土,,,,,,,,,,,,,,,,,,,,,,,,,,月,,,,,,,,,,,,,,,,木,,,,,,金,,,,,,,,,,,,
淀川区,加島,1丁目,60番,,,,,,,水土,,,,,,,,,,,,,,,,,,,,,,,,,,月,,,,,,,,,,,,,,,,木,,,,,,金,,,,,,,,,,,,
淀川区,加島,1丁目,61番,,,,,,,水土,,,,,,,,,,,,,,,,,,,,,,,,,,月,,,,,,,,,,,,,,,,木,,,,,,金,,,,,,,,,,,,
淀川区,加島,1丁目,62番,,,,,,,水土,,,,,,,,,,,,,,,,,,,,,,,,,,月,,,,,,,,,,,,,,,,木,,,,,,金,,,,,,,,,,,,
淀川区,加島,1丁目,63番,,,,,,,水土,,,,,,,,,,,,,,,,,,,,,,,,,,月,,,,,,,,,,,,,,,,木,,,,,,金,,,,,,,,,,,,
淀川区,加島,1丁目,64番,,,,,,,水土,,,,,,,,,,,,,,,,,,,,,,,,,,月,,,,,,,,,,,,,,,,木,,,,,,金,,,,,,,,,,,,
淀川区,加島,2丁目,2番,,,,,,,水土,,,,,,,,,,,,,,,,,,,,,,,,,,月,,,,,,,,,,,,,,,,木,,,,,,金,,,,,,,,,,,,
淀川区,加島,2丁目,3番,,,,,,,水土,,,,,,,,,,,,,,,,,,,,,,,,,,月,,,,,,,,,,,,,,,,木,,,,,,金,,,,,,,,,,,,
淀川区,加島,2丁目,4番,軽四輪車(小さい車)で収集している地域,,,,,,,水土,,,,,,,,,,,,,,,,,,,,,,,,,月,,,,,,,,,,,,,,,,木,,,,,,金,,,,,,,,,,,,
淀川区,加島,2丁目,4番,上記以外,,,,,,水土,,,,,,,,,,,,,,,,,,,,,,,,,,月,,,,,,,,,,,,,,,,木,,,,,,金,,,,,,,,,,,,
淀川区,加島,2丁目,5番,軽四輪車(小さい車)で収集している地域,,,,,,,水土,,,,,,,,,,,,,,,,,,,,,,,,,月,,,,,,,,,,,,,,,,木,,,,,,金,,,,,,,,,,,,
淀川区,加島,2丁目,5番,上記以外,,,,,,水土,,,,,,,,,,,,,,,,,,,,,,,,,,月,,,,,,,,,,,,,,,,木,,,,,,金,,,,,,,,,,,,
淀川区,加島,2丁目,6番,軽四輪車(小さい車)で収集している地域,,,,,,,水土,,,,,,,,,,,,,,,,,,,,,,,,,月,,,,,,,,,,,,,,,,木,,,,,,金,,,,,,,,,,,,
淀川区,加島,2丁目,6番,上記以外,,,,,,水土,,,,,,,,,,,,,,,,,,,,,,,,,,月,,,,,,,,,,,,,,,,木,,,,,,金,,,,,,,,,,,,
淀川区,加島,2丁目,7番,,,,,,,水土,,,,,,,,,,,,,,,,,,,,,,,,,,月,,,,,,,,,,,,,,,,木,,,,,,金,,,,,,,,,,,,
淀川区,加島,2丁目,8番,軽四輪車(小さい車)で収集している地域,,,,,,,水土,,,,,,,,,,,,,,,,,,,,,,,,,月,,,,,,,,,,,,,,,,木,,,,,,金,,,,,,,,,,,,
淀川区,加島,2丁目,8番,上記以外,,,,,,水土,,,,,,,,,,,,,,,,,,,,,,,,,,月,,,,,,,,,,,,,,,,木,,,,,,金,,,,,,,,,,,,
淀川区,加島,2丁目,9番,軽四輪車(小さい車)で収集している地域,,,,,,,水土,,,,,,,,,,,,,,,,,,,,,,,,,月,,,,,,,,,,,,,,,,木,,,,,,金,,,,,,,,,,,,
淀川区,加島,2丁目,9番,上記以外,,,,,,水土,,,,,,,,,,,,,,,,,,,,,,,,,,月,,,,,,,,,,,,,,,,木,,,,,,金,,,,,,,,,,,,
淀川区,加島,3丁目,1番,7号(モンセーヌ加島ヴェルコート),,,,,,水土,,,,,,,,,,,,,,,,,,,,,,,,,,月,,,,,,,,,,,,,,,,木,,,,,,金,,,,,,,,,,,,
淀川区,加島,3丁目,1番,上記以外,,,,,,水土,,,,,,,,,,,,,,,,,,,,,,,,,,月,,,,,,,,,,,,,,,,木,,,,,,金,,,,,,,,,,,,
淀川区,加島,3丁目,2番,10号(リバーガーデン加島),,,,,,水土,,,,,,,,,,,,,,,,,,,,,,,,,,月,,,,,,,,,,,,,,,,木,,,,,,金,,,,,,,,,,,,
淀川区,加島,3丁目,2番,上記以外,,,,,,水土,,,,,,,,,,,,,,,,,,,,,,,,,,月,,,,,,,,,,,,,,,,木,,,,,,金,,,,,,,,,,,,
淀川区,加島,3丁目,3番,軽四輪車(小さい車)で収集している地域,,,,,,,水土,,,,,,,,,,,,,,,,,,,,,,,,,月,,,,,,,,,,,,,,,,木,,,,,,金,,,,,,,,,,,,
淀川区,加島,3丁目,3番,上記以外,,,,,,水土,,,,,,,,,,,,,,,,,,,,,,,,,,月,,,,,,,,,,,,,,,,木,,,,,,金,,,,,,,,,,,,
淀川区,加島,3丁目,4番,軽四輪車(小さい車)で収集している地域,,,,,,,水土,,,,,,,,,,,,,,,,,,,,,,,,,月,,,,,,,,,,,,,,,,木,,,,,,金,,,,,,,,,,,,
淀川区,加島,3丁目,4番,上記以外,,,,,,水土,,,,,,,,,,,,,,,,,,,,,,,,,,月,,,,,,,,,,,,,,,,木,,,,,,金,,,,,,,,,,,,
淀川区,加島,3丁目,5番,軽四輪車(小さい車)で収集している地域,,,,,,,水土,,,,,,,,,,,,,,,,,,,,,,,,,月,,,,,,,,,,,,,,,,木,,,,,,金,,,,,,,,,,,,
淀川区,加島,3丁目,5番,4号(加島駅前アーバンコンフォートⅠ),,,,,,水土,,,,,,,,,,,,,,,,,,,,,,,,,,月,,,,,,,,,,,,,,,,木,,,,,,金,,,,,,,,,,,,
淀川区,加島,3丁目,5番,19号(ペルル加島２),,,,,,水土,,,,,,,,,,,,,,,,,,,,,,,,,,月,,,,,,,,,,,,,,,,木,,,,,,金,,,,,,,,,,,,
淀川区,加島,3丁目,5番,上記以外,,,,,,水土,,,,,,,,,,,,,,,,,,,,,,,,,,月,,,,,,,,,,,,,,,,木,,,,,,金,,,,,,,,,,,,
淀川区,加島,3丁目,6番,,,,,,,水土,,,,,,,,,,,,,,,,,,,,,,,,,,月,,,,,,,,,,,,,,,,木,,,,,,金,,,,,,,,,,,,
淀川区,加島,3丁目,7番,,,,,,,水土,,,,,,,,,,,,,,,,,,,,,,,,,,月,,,,,,,,,,,,,,,,木,,,,,,金,,,,,,,,,,,,
淀川区,加島,3丁目,8番,,,,,,,水土,,,,,,,,,,,,,,,,,,,,,,,,,,月,,,,,,,,,,,,,,,,木,,,,,,金,,,,,,,,,,,,
淀川区,加島,3丁目,9番,,,,,,,水土,,,,,,,,,,,,,,,,,,,,,,,,,,月,,,,,,,,,,,,,,,,木,,,,,,金,,,,,,,,,,,,
淀川区,加島,3丁目,10番,,,,,,,水土,,,,,,,,,,,,,,,,,,,,,,,,,,月,,,,,,,,,,,,,,,,木,,,,,,金,,,,,,,,,,,,
淀川区,加島,3丁目,11番,軽四輪車(小さい車)で収集している地域,,,,,,,水土,,,,,,,,,,,,,,,,,,,,,,,,,月,,,,,,,,,,,,,,,,木,,,,,,金,,,,,,,,,,,,
淀川区,加島,3丁目,11番,53号(ペルル加島),,,,,,水土,,,,,,,,,,,,,,,,,,,,,,,,,,月,,,,,,,,,,,,,,,,木,,,,,,金,,,,,,,,,,,,
淀川区,加島,3丁目,11番,上記以外,,,,,,水土,,,,,,,,,,,,,,,,,,,,,,,,,,月,,,,,,,,,,,,,,,,木,,,,,,金,,,,,,,,,,,,
淀川区,加島,3丁目,12番,,,,,,,水土,,,,,,,,,,,,,,,,,,,,,,,,,,月,,,,,,,,,,,,,,,,木,,,,,,金,,,,,,,,,,,,
淀川区,加島,3丁目,13番,軽四輪車(小さい車)で収集している地域,,,,,,,水土,,,,,,,,,,,,,,,,,,,,,,,,,月,,,,,,,,,,,,,,,,木,,,,,,金,,,,,,,,,,,,
淀川区,加島,3丁目,13番,上記以外,,,,,,水土,,,,,,,,,,,,,,,,,,,,,,,,,,月,,,,,,,,,,,,,,,,木,,,,,,金,,,,,,,,,,,,
淀川区,加島,3丁目,14番,軽四輪車(小さい車)で収集している地域,,,,,,,水土,,,,,,,,,,,,,,,,,,,,,,,,,月,,,,,,,,,,,,,,,,木,,,,,,金,,,,,,,,,,,,
淀川区,加島,3丁目,14番,上記以外,,,,,,水土,,,,,,,,,,,,,,,,,,,,,,,,,,月,,,,,,,,,,,,,,,,木,,,,,,金,,,,,,,,,,,,
淀川区,加島,3丁目,15番,軽四輪車(小さい車)で収集している地域,,,,,,,水土,,,,,,,,,,,,,,,,,,,,,,,,,月,,,,,,,,,,,,,,,,木,,,,,,金,,,,,,,,,,,,
淀川区,加島,3丁目,15番,上記以外,,,,,,水土,,,,,,,,,,,,,,,,,,,,,,,,,,月,,,,,,,,,,,,,,,,木,,,,,,金,,,,,,,,,,,,
淀川区,加島,3丁目,16番,,,,,,,水土,,,,,,,,,,,,,,,,,,,,,,,,,,月,,,,,,,,,,,,,,,,木,,,,,,金,,,,,,,,,,,,
淀川区,加島,3丁目,中1番,,,,,,,水土,,,,,,,,,,,,,,,,,,,,,,,,,,月,,,,,,,,,,,,,,,,木,,,,,,金,,,,,,,,,,,,
淀川区,加島,3丁目,中2番,,,,,,,水土,,,,,,,,,,,,,,,,,,,,,,,,,,月,,,,,,,,,,,,,,,,木,,,,,,金,,,,,,,,,,,,
淀川区,加島,3丁目,中3番,,,,,,,水土,,,,,,,,,,,,,,,,,,,,,,,,,,月,,,,,,,,,,,,,,,,木,,,,,,金,,,,,,,,,,,,
淀川区,加島,3丁目,中4番,,,,,,,水土,,,,,,,,,,,,,,,,,,,,,,,,,,月,,,,,,,,,,,,,,,,木,,,,,,金,,,,,,,,,,,,
淀川区,加島,3丁目,中5番,ファミール加島駅前,,,,,,水土,,,,,,,,,,,,,,,,,,,,,,,,,,月,,,,,,,,,,,,,,,,木,,,,,,金,,,,,,,,,,,,
淀川区,加島,3丁目,中5番,上記以外,,,,,,水土,,,,,,,,,,,,,,,,,,,,,,,,,,月,,,,,,,,,,,,,,,,木,,,,,,金,,,,,,,,,,,,
淀川区,加島,3丁目,中6番,,,,,,,水土,,,,,,,,,,,,,,,,,,,,,,,,,,月,,,,,,,,,,,,,,,,木,,,,,,金,,,,,,,,,,,,
淀川区,加島,3丁目,中7番,,,,,,,水土,,,,,,,,,,,,,,,,,,,,,,,,,,月,,,,,,,,,,,,,,,,木,,,,,,金,,,,,,,,,,,,
淀川区,加島,3丁目,中8番,14　軽四輪車(小さい車)で収集している地域,,,,,,,水土,,,,,,,,,,,,,,,,,,,,,,,,,月,,,,,,,,,,,,,,,,木,,,,,,金,,,,,,,,,,,,
淀川区,加島,3丁目,中8番,ベルウッド加島Ⅲ,,,,,,水土,,,,,,,,,,,,,,,,,,,,,,,,,,月,,,,,,,,,,,,,,,,木,,,,,,金,,,,,,,,,,,,
淀川区,加島,3丁目,中8番,上記以外,,,,,,水土,,,,,,,,,,,,,,,,,,,,,,,,,,月,,,,,,,,,,,,,,,,木,,,,,,金,,,,,,,,,,,,
淀川区,加島,4丁目,1番,,,,,,,水土,,,,,,,,,,,,,,,,,,,,,,,,,,月,,,,,,,,,,,,,,,,木,,,,,,金,,,,,,,,,,,,
淀川区,加島,4丁目,2番,,,,,,,水土,,,,,,,,,,,,,,,,,,,,,,,,,,月,,,,,,,,,,,,,,,,木,,,,,,金,,,,,,,,,,,,
淀川区,加島,4丁目,3番,,,,,,,水土,,,,,,,,,,,,,,,,,,,,,,,,,,月,,,,,,,,,,,,,,,,木,,,,,,金,,,,,,,,,,,,
淀川区,加島,4丁目,4番,,,,,,,水土,,,,,,,,,,,,,,,,,,,,,,,,,,月,,,,,,,,,,,,,,,,木,,,,,,金,,,,,,,,,,,,
淀川区,加島,4丁目,5番,3号(レックスシティーウィング大阪),,,,,,水土,,,,,,,,,,,,,,,,,,,,,,,,,,月,,,,,,,,,,,,,,,,木,,,,,,金,,,,,,,,,,,,
淀川区,加島,4丁目,5番,上記以外,,,,,,水土,,,,,,,,,,,,,,,,,,,,,,,,,,月,,,,,,,,,,,,,,,,木,,,,,,金,,,,,,,,,,,,
淀川区,加島,4丁目,6番,,,,,,,水土,,,,,,,,,,,,,,,,,,,,,,,,,,月,,,,,,,,,,,,,,,,木,,,,,,金,,,,,,,,,,,,
淀川区,加島,4丁目,7番,軽四輪車(小さい車)で収集している地域,,,,,,,水土,,,,,,,,,,,,,,,,,,,,,,,,,月,,,,,,,,,,,,,,,,木,,,,,,金,,,,,,,,,,,,
淀川区,加島,4丁目,7番,上記以外,,,,,,水土,,,,,,,,,,,,,,,,,,,,,,,,,,月,,,,,,,,,,,,,,,,木,,,,,,金,,,,,,,,,,,,
淀川区,加島,4丁目,8番,軽四輪車(小さい車)で収集している地域,,,,,,,水土,,,,,,,,,,,,,,,,,,,,,,,,,月,,,,,,,,,,,,,,,,木,,,,,,金,,,,,,,,,,,,
淀川区,加島,4丁目,8番,上記以外,,,,,,水土,,,,,,,,,,,,,,,,,,,,,,,,,,月,,,,,,,,,,,,,,,,木,,,,,,金,,,,,,,,,,,,
淀川区,加島,4丁目,9番,軽四輪車(小さい車)で収集している地域,,,,,,,水土,,,,,,,,,,,,,,,,,,,,,,,,,月,,,,,,,,,,,,,,,,木,,,,,,金,,,,,,,,,,,,
淀川区,加島,4丁目,9番,上記以外,,,,,,水土,,,,,,,,,,,,,,,,,,,,,,,,,,月,,,,,,,,,,,,,,,,木,,,,,,金,,,,,,,,,,,,
淀川区,加島,4丁目,10番,,,,,,,水土,,,,,,,,,,,,,,,,,,,,,,,,,,月,,,,,,,,,,,,,,,,木,,,,,,金,,,,,,,,,,,,
淀川区,加島,4丁目,11番,,,,,,,水土,,,,,,,,,,,,,,,,,,,,,,,,,,月,,,,,,,,,,,,,,,,木,,,,,,金,,,,,,,,,,,,
淀川区,加島,4丁目,12番,軽四輪車(小さい車)で収集している地域,,,,,,,水土,,,,,,,,,,,,,,,,,,,,,,,,,月,,,,,,,,,,,,,,,,木,,,,,,金,,,,,,,,,,,,
淀川区,加島,4丁目,12番,上記以外,,,,,,水土,,,,,,,,,,,,,,,,,,,,,,,,,,月,,,,,,,,,,,,,,,,木,,,,,,金,,,,,,,,,,,,
淀川区,加島,4丁目,13番,軽四輪車(小さい車)で収集している地域,,,,,,,水土,,,,,,,,,,,,,,,,,,,,,,,,,月,,,,,,,,,,,,,,,,木,,,,,,金,,,,,,,,,,,,
淀川区,加島,4丁目,13番,上記以外,,,,,,水土,,,,,,,,,,,,,,,,,,,,,,,,,,月,,,,,,,,,,,,,,,,木,,,,,,金,,,,,,,,,,,,
淀川区,加島,4丁目,14番,,,,,,,水土,,,,,,,,,,,,,,,,,,,,,,,,,,月,,,,,,,,,,,,,,,,木,,,,,,金,,,,,,,,,,,,
淀川区,加島,4丁目,15番,,,,,,,水土,,,,,,,,,,,,,,,,,,,,,,,,,,月,,,,,,,,,,,,,,,,木,,,,,,金,,,,,,,,,,,,
淀川区,加島,4丁目,16番,,,,,,,水土,,,,,,,,,,,,,,,,,,,,,,,,,,月,,,,,,,,,,,,,,,,木,,,,,,金,,,,,,,,,,,,
淀川区,加島,4丁目,17番,,,,,,,水土,,,,,,,,,,,,,,,,,,,,,,,,,,月,,,,,,,,,,,,,,,,木,,,,,,金,,,,,,,,,,,,
淀川区,加島,4丁目,18番,,,,,,,水土,,,,,,,,,,,,,,,,,,,,,,,,,,月,,,,,,,,,,,,,,,,木,,,,,,金,,,,,,,,,,,,
淀川区,加島,4丁目,19番,市営神崎橋住宅,,,,,,水土,,,,,,,,,,,,,,,,,,,,,,,,,,月,,,,,,,,,,,,,,,,木,,,,,,金,,,,,,,,,,,,
淀川区,加島,4丁目,19番,パラティーナダンディムタウン,,,,,,水土,,,,,,,,,,,,,,,,,,,,,,,,,,月,,,,,,,,,,,,,,,,木,,,,,,金,,,,,,,,,,,,
淀川区,加島,4丁目,19番,加島グリーンマンション,,,,,,水土,,,,,,,,,,,,,,,,,,,,,,,,,,月,,,,,,,,,,,,,,,,木,,,,,,金,,,,,,,,,,,,
淀川区,加島,4丁目,19番,上記以外,,,,,,水土,,,,,,,,,,,,,,,,,,,,,,,,,,月,,,,,,,,,,,,,,,,木,,,,,,金,,,,,,,,,,,,
淀川区,木川西,1丁目,1番,,,,,,,,,,,,,,,,火金,,,,,,,,,,,,,,,土,,,,,,,,,,,,,,,,水,,,,,,,,,,,,,,,,,,,,
淀川区,木川西,1丁目,2番,,,,,,,,,,,,,,,,火金,,,,,,,,,,,,,,,土,,,,,,,,,,,,,,,,水,,,,,,,,,,,,,,,,,,,,
淀川区,木川西,1丁目,3番,,,,,,,,,,,,,,,,火金,,,,,,,,,,,,,,,土,,,,,,,,,,,,,,,,水,,,,,,,,,,,,,,,,,,,,
淀川区,木川西,1丁目,4番,15･17･19･20号,,,,,,,,,,,,,,,火金,,,,,,,,,,,,,,,土,,,,,,,,,,,,,,,,水,,,,,,,,,,,,,,,,,,,,
淀川区,木川西,1丁目,4番,上記以外,,,,,,,,,,,,,,,火金,,,,,,,,,,,,,,,土,,,,,,,,,,,,,,,,水,,,,,,,,,,,,,,,,,,,,
淀川区,木川西,1丁目,5番,,,,,,,,,,,,,,,,火金,,,,,,,,,,,,,,,土,,,,,,,,,,,,,,,,水,,,,,,,,,,,,,,,,,,,,
淀川区,木川西,1丁目,6番,軽四輪車(小さい車)で収集している地域,,,,,,,,,,,,,,,火金,,,,,,,,,,,,,土,,,,,,,,,,,,,,,,水,,,,,,,,,,,,,,,,,,,,,,
淀川区,木川西,1丁目,6番,上記以外,,,,,,,,,,,,,,,火金,,,,,,,,,,,,,土,,,,,,,,,,,,,,,,水,,,,,,,,,,,,,,,,,,,,,,
淀川区,木川西,1丁目,7番,,,,,,,,,,,,,,,,火金,,,,,,,,,,,,,,,土,,,,,,,,,,,,,,,,水,,,,,,,,,,,,,,,,,,,,
淀川区,木川西,1丁目,8番,,,,,,,,,,,,,,,,火金,,,,,,,,,,,,,,,土,,,,,,,,,,,,,,,,水,,,,,,,,,,,,,,,,,,,,
淀川区,木川西,1丁目,9番,軽四輪車(小さい車)で収集している地域,,,,,,,,,,,,,,,火金,,,,,,,,,土,,,,,,,,,,,,,,,,水,,,,,,,,,,,,,,,,,,,,,,,,,,
淀川区,木川西,1丁目,9番,上記以外,,,,,,,,,,,,,,,火金,,,,,,,,,,,,,,,土,,,,,,,,,,,,,,,,水,,,,,,,,,,,,,,,,,,,,
淀川区,木川西,1丁目,10番,軽四輪車(小さい車)で収集している地域,,,,,,,,,,,,,,,火金,,,,,,,,,,,,,,,土,,,,,,,,,,,,,,,,水,,,,,,,,,,,,,,,,,,,,
淀川区,木川西,1丁目,10番,上記以外,,,,,,,,,,,,,,,火金,,,,,,,,,,,,,,,土,,,,,,,,,,,,,,,,水,,,,,,,,,,,,,,,,,,,,
淀川区,木川西,1丁目,11番,軽四輪車(小さい車)で収集している地域,,,,,,,,,,,,,,,火金,,,,,,,,,土,,,,,,,,,,,,,,,,水,,,,,,,,,,,,,,,,,,,,,,,,,,
淀川区,木川西,1丁目,11番,上記以外,,,,,,,,,,,,,,,火金,,,,,,,,,土,,,,,,,,,,,,,,,,水,,,,,,,,,,,,,,,,,,,,,,,,,,
淀川区,木川西,1丁目,12番,軽四輪車(小さい車)で収集している地域,,,,,,,,,,,,,,,火金,,,,,,,,,土,,,,,,,,,,,,,,,,水,,,,,,,,,,,,,,,,,,,,,,,,,,
淀川区,木川西,1丁目,12番,上記以外,,,,,,,,,,,,,,,火金,,,,,,,,,土,,,,,,,,,,,,,,,,水,,,,,,,,,,,,,,,,,,,,,,,,,,
淀川区,木川西,1丁目,13番,7号(クレシア木川),,,,,,火金,,,,,,,,,,,,,,,,,,土,,,,,,,,,,,,,,,,水,,,,,,,,,,,,,,,,,,,,,,,,,,
淀川区,木川西,1丁目,13番,18号(プレステージ淀川グラットシェル),,,,,,火金,,,,,,,,,,,,,,,,,,土,,,,,,,,,,,,,,,,水,,,,,,,,,,,,,,,,,,,,,,,,,,
淀川区,木川西,1丁目,13番,軽四輪車(小さい車)で収集している地域,,,,,,,,,,,,,,,火金,,,,,,,,,土,,,,,,,,,,,,,,,,水,,,,,,,,,,,,,,,,,,,,,,,,,,
淀川区,木川西,1丁目,13番,上記以外,,,,,,,,,,,,,,,火金,,,,,,,,,土,,,,,,,,,,,,,,,,水,,,,,,,,,,,,,,,,,,,,,,,,,,
淀川区,木川西,2丁目,1番,,,,,,,火金,,,,,,,,,,,,,,,,土,,,,,,,,,,,,,,,,水,,,,,,,,,,,,,,,,,,,,,,,,,,,,
淀川区,木川西,2丁目,2番,,,,,,,火金,,,,,,,,,,,,,,,,土,,,,,,,,,,,,,,,,水,,,,,,,,,,,,,,,,,,,,,,,,,,,,
淀川区,木川西,2丁目,3番,3･18~27号,,,,,,火金,,,,,,,,,,,,,,,,土,,,,,,,,,,,,,,,,水,,,,,,,,,,,,,,,,,,,,,,,,,,,,
淀川区,木川西,2丁目,3番,4~17号,,,,,,火金,,,,,,,,,,,,,,,,,,,,,,,,,,土,,,,,,,,,,,,,,,,水,,,,,,,,,,,,,,,,,,
淀川区,木川西,2丁目,4番,3~12号,,,,,,火金,,,,,,,,,,,,,,,,土,,,,,,,,,,,,,,,,水,,,,,,,,,,,,,,,,,,,,,,,,,,,,
淀川区,木川西,2丁目,4番,上記以外,,,,,,火金,,,,,,,,,,,,,,,,,,,,,,,,,,土,,,,,,,,,,,,,,,,水,,,,,,,,,,,,,,,,,,
淀川区,木川西,2丁目,5番,,,,,,,火金,,,,,,,,,,,,,,,,,,,,,,,,,,土,,,,,,,,,,,,,,,,水,,,,,,,,,,,,,,,,,,
淀川区,木川西,2丁目,6番,,,,,,,火金,,,,,,,,,,,,,,,,,,,,,,,,,,土,,,,,,,,,,,,,,,,水,,,,,,,,,,,,,,,,,,
淀川区,木川西,2丁目,7番,,,,,,,火金,,,,,,,,,,,,,,,,,,,,,,,,,,土,,,,,,,,,,,,,,,,水,,,,,,,,,,,,,,,,,,
淀川区,木川西,2丁目,8番,,,,,,,火金,,,,,,,,,,,,,,,,,,,,,,,,,土,,,,,,,,,,,,,,,水,,,,,,,,,,,,,,,,,,,,
淀川区,木川西,2丁目,9番,,,,,,,,,,火金,,,,,,,,,,,,,,,,,,,,,,土,,,,,,,,,,,,,,,,水,,,,,,,,,,,,,,,,,,,
淀川区,木川西,2丁目,10番,,,,,,,,,,火金,,,,,,,,,,,,,,,,,,,,,,,土,,,,,,,,,,,,,,,,水,,,,,,,,,,,,,,,,,,
淀川区,木川西,2丁目,11番,,,,,,,,,,火金,,,,,,,,,,,,,,,,,,,,,,,土,,,,,,,,,,,,,,,,水,,,,,,,,,,,,,,,,,,
淀川区,木川西,2丁目,12番,軽四輪車(小さい車)で収集している地域,,,,,,,,,火金,,,,,,,,,,,,,,,,,,,,,,土,,,,,,,,,,,,,,,,,水,,,,,,,,,,,,,,,,,,
淀川区,木川西,2丁目,12番,上記以外,,,,,,,,,火金,,,,,,,,,,,,,,,,,,,,,,土,,,,,,,,,,,,,,,,,水,,,,,,,,,,,,,,,,,,
淀川区,木川西,2丁目,13番,軽四輪車(小さい車)で収集している地域,,,,,,,,,火金,,,,,,,,,,,,,,,,,,,,,,土,,,,,,,,,,,,,,,,,水,,,,,,,,,,,,,,,,,,
淀川区,木川西,2丁目,13番,上記以外,,,,,,,,,火金,,,,,,,,,,,,,,,,,,,,,,土,,,,,,,,,,,,,,,,,水,,,,,,,,,,,,,,,,,,
淀川区,木川西,2丁目,14番,,,,,,,,,,火金,,,,,,,,,,,,,,,,,,,,,,土,,,,,,,,,,,,,,,,,水,,,,,,,,,,,,,,,,,,
淀川区,木川西,2丁目,15番,,,,,,,,,,火金,,,,,,,,,,,,,,,,,,,,,,,土,,,,,,,,,,,,,,,,水,,,,,,,,,,,,,,,,,,
淀川区,木川西,2丁目,16番,,,,,,,,,,火金,,,,,,,,,,,,,,,,,,,,,,,土,,,,,,,,,,,,,,,,水,,,,,,,,,,,,,,,,,,
淀川区,木川西,2丁目,17番,軽四輪車(小さい車)で収集している地域,,,,,,,,,火金,,,,,,,,,,,,,,,,,,,,,,土,,,,,,,,,,,,,,,,,水,,,,,,,,,,,,,,,,,,
淀川区,木川西,2丁目,17番,上記以外,,,,,,,,,火金,,,,,,,,,,,,,,,,,,,,,,土,,,,,,,,,,,,,,,,,水,,,,,,,,,,,,,,,,,,
淀川区,木川西,2丁目,18番,軽四輪車(小さい車)で収集している地域,,,,,,,,,火金,,,,,,,,,,,,,,,,,,,,,,,土,,,,,,,,,,,,,,,,水,,,,,,,,,,,,,,,,,,
淀川区,木川西,2丁目,18番,上記以外,,,,,,,,,火金,,,,,,,,,,,,,,,,,,,,,,,土,,,,,,,,,,,,,,,,水,,,,,,,,,,,,,,,,,,
淀川区,木川西,2丁目,19番,軽四輪車(小さい車)で収集している地域,,,,,,,,,火金,,,,,,,,,,,,,,,,,,,,,,,土,,,,,,,,,,,,,,,,水,,,,,,,,,,,,,,,,,,
淀川区,木川西,2丁目,19番,上記以外,,,,,,,,,火金,,,,,,,,,,,,,,,,,,,,,,,土,,,,,,,,,,,,,,,,水,,,,,,,,,,,,,,,,,,
淀川区,木川西,2丁目,20番,軽四輪車(小さい車)で収集している地域,,,,,,,,,火金,,,,,,,,,,,,,土,,,,,,,,,,,,,,,,水,,,,,,,,,,,,,,,,,,,,,,,,,,,,
淀川区,木川西,2丁目,20番,上記以外,,,,,,,,,火金,,,,,,,,,,,,,土,,,,,,,,,,,,,,,,水,,,,,,,,,,,,,,,,,,,,,,,,,,,,
淀川区,木川西,2丁目,21番,軽四輪車(小さい車)で収集している地域,,,,,,火金,,,,,,,,,,,,,,,,土,,,,,,,,,,,,,,,,水,,,,,,,,,,,,,,,,,,,,,,,,,,,,
淀川区,木川西,2丁目,21番,上記以外,,,,,,,,,火金,,,,,,,,,,,,,土,,,,,,,,,,,,,,,,水,,,,,,,,,,,,,,,,,,,,,,,,,,,,
淀川区,木川西,2丁目,22番,軽四輪車(小さい車)で収集している地域,,,,,,,,,火金,,,,,,,,,,,,,土,,,,,,,,,,,,,,,,水,,,,,,,,,,,,,,,,,,,,,,,,,,,,
淀川区,木川西,2丁目,22番,上記以外,,,,,,,,,火金,,,,,,,,,,,,,土,,,,,,,,,,,,,,,,水,,,,,,,,,,,,,,,,,,,,,,,,,,,,
淀川区,木川西,2丁目,23番,,,,,,,,,,火金,,,,,,,,,,,,,,,,,,,,,土,,,,,,,,,,,,,,,,水,,,,,,,,,,,,,,,,,,,,
淀川区,木川西,2丁目,24番,,,,,,,,,,火金,,,,,,,,,,,,,,,,,,,,,,,土,,,,,,,,,,,,,,,,水,,,,,,,,,,,,,,,,,,
淀川区,木川西,2丁目,25番,,,,,,,,,,火金,,,,,,,,,,,,,,,,,,,,,,,土,,,,,,,,,,,,,,,,水,,,,,,,,,,,,,,,,,,
淀川区,木川西,2丁目,26番,,,,,,,,,,火金,,,,,,,,,,,,,,,,,,,,,,,土,,,,,,,,,,,,,,,,水,,,,,,,,,,,,,,,,,,
淀川区,木川西,3丁目,1番,4号(寿マンション),,,,,,,,,,,,,,,,,火金,,,,,,,,,,,,,,,土,,,,,,,,,,,,,,,,水,,,,,,,,,,,,,,,,,,
淀川区,木川西,3丁目,1番,5号(プランドール新大阪パークレジデンス),,,,,,,,,,,,,,,,,火金,,,,,,,,,,,,,,,土,,,,,,,,,,,,,,,,水,,,,,,,,,,,,,,,,,,
淀川区,木川西,3丁目,1番,16号(ほづみマンション),,,,,,,,,,,,,,,,,火金,,,,,,,,,,,,,,,土,,,,,,,,,,,,,,,,水,,,,,,,,,,,,,,,,,,
淀川区,木川西,3丁目,1番,21号 (寿ハイツ),,,,,,,,,,,,,,,,,火金,,,,,,,,,,,,,,,土,,,,,,,,,,,,,,,,水,,,,,,,,,,,,,,,,,,
淀川区,木川西,3丁目,1番,上記以外,,,,,,,,,,,,,,,,,火金,,,,,,,,,,,,,,,土,,,,,,,,,,,,,,,,水,,,,,,,,,,,,,,,,,,
淀川区,木川西,3丁目,2番,12号(フルーヴトレーズ),,,,,,,,,,,,,,,,,火金,,,,,,,,,,,,,,,土,,,,,,,,,,,,,,,,水,,,,,,,,,,,,,,,,,,
淀川区,木川西,3丁目,2番,22号(ブロッサムコート),,,,,,,,,,,,,,,,,火金,,,,,,,,,,,,,,,土,,,,,,,,,,,,,,,,水,,,,,,,,,,,,,,,,,,
淀川区,木川西,3丁目,2番,上記以外,,,,,,,,,,,,,,,,,火金,,,,,,,,,,,,,,,土,,,,,,,,,,,,,,,,水,,,,,,,,,,,,,,,,,,
淀川区,木川西,3丁目,3番,1号(市営木川西第1住宅),,,,,,,,,,,,,,,,,火金,,,,,,,,,,,,,,,土,,,,,,,,,,,,,,,,水,,,,,,,,,,,,,,,,,,
淀川区,木川西,3丁目,3番,18号(ヌーベルハイツ),,,,,,,,,,,,,,,,,火金,,,,,,,,,,,,,,,土,,,,,,,,,,,,,,,,水,,,,,,,,,,,,,,,,,,
淀川区,木川西,3丁目,3番,軽四輪車(小さい車)で収集している地域,,,,,,,,,,,,,,,,,火金,,,,,,,土,,,,,,,,,,,,,,,,水,,,,,,,,,,,,,,,,,,,,,,,,,,
淀川区,木川西,3丁目,3番,市営木川西第1住宅,,,,,,,,,,,,,,,,,火金,,,,,,,,,,,,,,,土,,,,,,,,,,,,,,,,水,,,,,,,,,,,,,,,,,,
淀川区,木川西,3丁目,3番,上記以外,,,,,,,,,,,,,,,,,火金,,,,,,,,,,,,,,,土,,,,,,,,,,,,,,,,水,,,,,,,,,,,,,,,,,,
淀川区,木川西,3丁目,4番,,,,,,,,,,,,,,,,,,火金,,,,,,,,,,,,,,土,,,,,,,,,,,,,,,,水,,,,,,,,,,,,,,,,,,,
淀川区,木川西,3丁目,5番,,,,,,,,,,,,,,,,,,火金,,,,,,,,,,,,,,土,,,,,,,,,,,,,,,,水,,,,,,,,,,,,,,,,,,,
淀川区,木川西,3丁目,6番,1号(市営木川西第2住宅),,,,,,,,,,,,,,,火金,,,,,,,,,,,,,,,,,土,,,,,,,,,,,,,,,,水,,,,,,,,,,,,,,,,,,
淀川区,木川西,3丁目,6番,9号(シエスタ),,,,,,,,,,,,,,,火金,,,,,,,,,,,,,,,,,土,,,,,,,,,,,,,,,,水,,,,,,,,,,,,,,,,,,
淀川区,木川西,3丁目,6番,10号(ライブガーデン新大阪),,,,,,,,,,,,,,,火金,,,,,,,,,,,,,,,,,土,,,,,,,,,,,,,,,,水,,,,,,,,,,,,,,,,,,
淀川区,木川西,3丁目,6番,上記以外,,,,,,,,,,,,,,,火金,,,,,,,,,,,,,,,,,土,,,,,,,,,,,,,,,,水,,,,,,,,,,,,,,,,,,
淀川区,木川西,3丁目,7番,,,,,,,,,,,,,,,,火金,,,,,,,,,,,,,,,,,土,,,,,,,,,,,,,,,,水,,,,,,,,,,,,,,,,,,
淀川区,木川西,4丁目,1番,７～13号,,,,,,,,,,,,,,,火金,,,,,,,,,,,,,,,土,,,,,,,,,,,,,,,,水,,,,,,,,,,,,,,,,,,,,
淀川区,木川西,4丁目,1番,14号(ユニアルス新大阪WEST),,,,,,,,,,,,,,,火金,,,,,,,,,,,,,,,土,,,,,,,,,,,,,,,,水,,,,,,,,,,,,,,,,,,,,
淀川区,木川西,4丁目,1番,32号(木川グランドハイツ),,,,,,,,,,,,,,,火金,,,,,,,,,,,,,,,,,土,,,,,,,,,,,,,,,,水,,,,,,,,,,,,,,,,,,
淀川区,木川西,4丁目,1番,37号(CRUM-1),,,,,,,,,,,,,,,火金,,,,,,,,,,,,,,,,,土,,,,,,,,,,,,,,,,水,,,,,,,,,,,,,,,,,,
淀川区,木川西,4丁目,1番,38号(グリーンコーポ西中島),,,,,,,,,,,,,,,火金,,,,,,,,,,,,,,,土,,,,,,,,,,,,,,,,水,,,,,,,,,,,,,,,,,,,,
淀川区,木川西,4丁目,1番,上記以外,,,,,,,,,,,,,,,火金,,,,,,,,,,,,,,,土,,,,,,,,,,,,,,,,水,,,,,,,,,,,,,,,,,,,,
淀川区,木川西,4丁目,2番,16号(朝日プラザ梅田北),,,,,,,,,,,,,,,火金,,,,,,,,,,,,,,,土,,,,,,,,,,,,,,,,水,,,,,,,,,,,,,,,,,,,,
淀川区,木川西,4丁目,2番,35号(ブランドール･サンユ),,,,,,,,,,,,,,,火金,,,,,,,,,,,,,,,土,,,,,,,,,,,,,,,,水,,,,,,,,,,,,,,,,,,,,
淀川区,木川西,4丁目,2番,37号(アミティエ･サンユ･キガワ),,,,,,,,,,,,,,,火金,,,,,,,,,,,,,,,土,,,,,,,,,,,,,,,,水,,,,,,,,,,,,,,,,,,,,
淀川区,木川西,4丁目,2番,上記以外,,,,,,,,,,,,,,,火金,,,,,,,,,,,,,,,土,,,,,,,,,,,,,,,,水,,,,,,,,,,,,,,,,,,,,
淀川区,木川西,4丁目,3番,4号(ザ･コウト新大阪),,,,,,,,,,,,,,,火金,,,,,,,,,,,,,,,土,,,,,,,,,,,,,,,,水,,,,,,,,,,,,,,,,,,,,
淀川区,木川西,4丁目,3番,19号(マンションチェリーヒル),,,,,,,,,,,,,,,火金,,,,,,,,,,,,,,,土,,,,,,,,,,,,,,,,水,,,,,,,,,,,,,,,,,,,,
淀川区,木川西,4丁目,3番,31号(ヴィラミラノ1),,,,,,,,,,,,,,,火金,,,,,,,,,,,,,,,土,,,,,,,,,,,,,,,,水,,,,,,,,,,,,,,,,,,,,
淀川区,木川西,4丁目,3番,上記以外,,,,,,,,,,,,,,,火金,,,,,,,,,,,,,,,土,,,,,,,,,,,,,,,,水,,,,,,,,,,,,,,,,,,,,
淀川区,木川西,4丁目,4番,1号(市営木川第4住宅1号棟),,,,,,,,,,,,,,,火金,,,,,,,土,,,,,,,,,,,,,,,,水,,,,,,,,,,,,,,,,,,,,,,,,,,,,
淀川区,木川西,4丁目,4番,2号(市営木川第4住宅2号棟),,,,,,,,,,,,,,,火金,,,,,,,土,,,,,,,,,,,,,,,,水,,,,,,,,,,,,,,,,,,,,,,,,,,,,
淀川区,木川西,4丁目,4番,3号(市営木川第4住宅3号棟),,,,,,,,,,,,,,,火金,,,,,,,土,,,,,,,,,,,,,,,,水,,,,,,,,,,,,,,,,,,,,,,,,,,,,
淀川区,木川西,4丁目,4番,上記以外,,,,,,,,,,,,,,,火金,,,,,,,土,,,,,,,,,,,,,,,,水,,,,,,,,,,,,,,,,,,,,,,,,,,,,
淀川区,木川西,4丁目,5番,,,,,,,,,,,,,,,,火金,,,,,,,,,,,,,,,土,,,,,,,,,,,,,,,,水,,,,,,,,,,,,,,,,,,,,
淀川区,木川西,4丁目,6番,,,,,,,,,,,,,,,,火金,,,,,,,,,,,,,,,土,,,,,,,,,,,,,,,,水,,,,,,,,,,,,,,,,,,,,
淀川区,木川東,1丁目,1番,軽四輪車(小さい車)で収集している地域,,,,,,,,,,,,,,,,火金,,,,,,土,,,,,,,,,,,,,,,,水,,,,,,,,,,,,,,,,,,,,,,,,,,,,
淀川区,木川東,1丁目,1番,上記以外,,,,,,,,,,,,,,,火金,,,,,,,土,,,,,,,,,,,,,,,,水,,,,,,,,,,,,,,,,,,,,,,,,,,,,
淀川区,木川東,1丁目,2番,軽四輪車(小さい車)で収集している地域,,,,,,,,,,,,,,,,火金,,,,,,土,,,,,,,,,,,,,,,,水,,,,,,,,,,,,,,,,,,,,,,,,,,,,
淀川区,木川東,1丁目,2番,上記以外,,,,,,,,,,,,,,,火金,,,,,,,土,,,,,,,,,,,,,,,,水,,,,,,,,,,,,,,,,,,,,,,,,,,,,
淀川区,木川東,1丁目,3番,,,,,,,,,,,,,,,,火金,,,,,,,,,,,,,,,土,,,,,,,,,,,,,,,,水,,,,,,,,,,,,,,,,,,,,
淀川区,木川東,1丁目,4番,軽四輪車(小さい車)で収集している地域,,,,,,,,,,,,,,,,火金,,,,,,,,,,,,,,土,,,,,,,,,,,,,,,,水,,,,,,,,,,,,,,,,,,,,
淀川区,木川東,1丁目,4番,上記以外,,,,,,,,,,,,,,,火金,,,,,,,,,,,,,,,土,,,,,,,,,,,,,,,,水,,,,,,,,,,,,,,,,,,,,
淀川区,木川東,1丁目,5番,軽四輪車(小さい車)で収集している地域,,,,,,,,,,,,,,,,火金,,,,,,,,,,,,,,土,,,,,,,,,,,,,,,,水,,,,,,,,,,,,,,,,,,,,
淀川区,木川東,1丁目,5番,上記以外,,,,,,,,,,,,,,,火金,,,,,,,,,,,,,,,土,,,,,,,,,,,,,,,,水,,,,,,,,,,,,,,,,,,,,
淀川区,木川東,1丁目,6番,軽四輪車(小さい車)で収集している地域,,,,,,,,,,,,,,,,火金,,,,,,土,,,,,,,,,,,,,,,,水,,,,,,,,,,,,,,,,,,,,,,,,,,,,
淀川区,木川東,1丁目,6番,上記以外,,,,,,,,,,,,,,,火金,,,,,,,土,,,,,,,,,,,,,,,,水,,,,,,,,,,,,,,,,,,,,,,,,,,,,
淀川区,木川東,1丁目,7番,軽四輪車(小さい車)で収集している地域,,,火金,,,,,,,,,,,,,,,,,,,土,,,,,,,,,,,,,,,,水,,,,,,,,,,,,,,,,,,,,,,,,,,,,
淀川区,木川東,1丁目,7番,上記以外,,,,,,,,,,,,,,,火金,,,,,,,,,,,,,,,土,,,,,,,,,,,,,,,,水,,,,,,,,,,,,,,,,,,,,
淀川区,木川東,1丁目,8番,軽四輪車(小さい車)で収集している地域,,,,,,,,,,,,,,,,火金,,,,,,土,,,,,,,,,,,,,,,,水,,,,,,,,,,,,,,,,,,,,,,,,,,,,
淀川区,木川東,1丁目,8番,上記以外,,,,,,,,,,,,,,,火金,,,,,,,土,,,,,,,,,,,,,,,,水,,,,,,,,,,,,,,,,,,,,,,,,,,,,
淀川区,木川東,1丁目,9番,軽四輪車(小さい車)で収集している地域,,,,,,,,,,,,,,,,火金,,,,,,土,,,,,,,,,,,,,,,,水,,,,,,,,,,,,,,,,,,,,,,,,,,,,
淀川区,木川東,1丁目,9番,上記以外,,,,,,,,,,,,,,,火金,,,,,,,,,,,,,,,土,,,,,,,,,,,,,,,,水,,,,,,,,,,,,,,,,,,,,
淀川区,木川東,1丁目,10番,軽四輪車(小さい車)で収集している地域,,,,,,,,,,,,,,,,火金,,,,,,,,,,,,,,土,,,,,,,,,,,,,,,,水,,,,,,,,,,,,,,,,,,,,
淀川区,木川東,1丁目,10番,上記以外,,,,,,,,,,,,,,,火金,,,,,,,,,,,,,,,土,,,,,,,,,,,,,,,,水,,,,,,,,,,,,,,,,,,,,
淀川区,木川東,1丁目,11番,,,,,,,,,,,,,,,,火金,,,,,,,土,,,,,,,,,,,,,,,,水,,,,,,,,,,,,,,,,,,,,,,,,,,,,
淀川区,木川東,2丁目,1番,,,,,,,,,,,,,,,,火金,,,,,,,,,,,,,,,土,,,,,,,,,,,,,,,,水,,,,,,,,,,,,,,,,,,,,
淀川区,木川東,2丁目,2番,,,,,,,,,,,,,,,,火金,,,,,,,,,,,,,,,土,,,,,,,,,,,,,,,,水,,,,,,,,,,,,,,,,,,,,
淀川区,木川東,2丁目,3番,,,,,,,,,,,,,,,,火金,,,,,,,,,,,,,,,土,,,,,,,,,,,,,,,,水,,,,,,,,,,,,,,,,,,,,
淀川区,木川東,2丁目,4番,,,,,,,,,,,,,,,,火金,,,,,,,,,,,,,,,土,,,,,,,,,,,,,,,,水,,,,,,,,,,,,,,,,,,,,
淀川区,木川東,2丁目,5番,,,,,,,,,,,,,,,,火金,,,,,,,,,,,,,,,土,,,,,,,,,,,,,,,,水,,,,,,,,,,,,,,,,,,,,
淀川区,木川東,2丁目,6番,6号･9号,,,,,,,,,,,,,,,火金,,,,,,,,,,,,,,,土,,,,,,,,,,,,,,,,水,,,,,,,,,,,,,,,,,,,,
淀川区,木川東,2丁目,6番,上記以外,,,,,,,,,火金,,,,,,,,,,,,,,,,,,,,,土,,,,,,,,,,,,,,,,水,,,,,,,,,,,,,,,,,,,,
淀川区,木川東,2丁目,7番,1号～１０号,,,,,,,,,,,,,,,火金,,,,,,,,,,,,,,,土,,,,,,,,,,,,,,,,水,,,,,,,,,,,,,,,,,,,,
淀川区,木川東,2丁目,7番,15号~22号,,,,,,,,,,,,,,,火金,,,,,,,,,,,,,,,土,,,,,,,,,,,,,,,,水,,,,,,,,,,,,,,,,,,,,
淀川区,木川東,2丁目,7番,上記以外,,,,,,,,,火金,,,,,,,,,,,,,,,,,,,,,土,,,,,,,,,,,,,,,,水,,,,,,,,,,,,,,,,,,,,
淀川区,木川東,2丁目,8番,５号,,,火金,,,,,,,,,,,,,,,,,,,,,,,,,,,土,,,,,,,,,,,,,,,,水,,,,,,,,,,,,,,,,,,,,
淀川区,木川東,2丁目,8番,11号,,,火金,,,,,,,,,,,,,,,,,,,,,,,,,,,土,,,,,,,,,,,,,,,,水,,,,,,,,,,,,,,,,,,,,
淀川区,木川東,2丁目,8番,17号~29号,,,,,,,,,,,,,,,火金,,,,,,,,,,,,,,,土,,,,,,,,,,,,,,,,水,,,,,,,,,,,,,,,,,,,,
淀川区,木川東,2丁目,8番,上記以外,,,,,,,,,火金,,,,,,,,,,,,,,,,,,,,,土,,,,,,,,,,,,,,,,水,,,,,,,,,,,,,,,,,,,,
淀川区,木川東,2丁目,9番,25号･26号,,,,,,,,,,,,,,,火金,,,,,,,,,,,,,,,土,,,,,,,,,,,,,,,,水,,,,,,,,,,,,,,,,,,,,
淀川区,木川東,2丁目,9番,上記以外,,,,,,,,,火金,,,,,,,,,,,,,,,,,,,,,土,,,,,,,,,,,,,,,,水,,,,,,,,,,,,,,,,,,,,
淀川区,木川東,2丁目,10番,,,,,,,,,,火金,,,,,,,,,,,,,,,,,,,,,土,,,,,,,,,,,,,,,,水,,,,,,,,,,,,,,,,,,,,
淀川区,木川東,2丁目,11番,,,,,,,,,,火金,,,,,,,,,,,,,,,,,,,,,土,,,,,,,,,,,,,,,,水,,,,,,,,,,,,,,,,,,,,
淀川区,木川東,2丁目,12番,軽四輪車(小さい車)で収集している地域,,,,,,火金,,,,,,,,,,,,,,,,,,土,,,,,,,,,,,,,,,,水,,,,,,,,,,,,,,,,,,,,,,,,,,
淀川区,木川東,2丁目,12番,上記以外,,,,,,,,,火金,,,,,,,,,,,,,,,,,,,,,土,,,,,,,,,,,,,,,,水,,,,,,,,,,,,,,,,,,,,
淀川区,木川東,2丁目,13番,軽四輪車(小さい車)で収集している地域,,,,,,火金,,,,,,,,,,,,,,,,,,土,,,,,,,,,,,,,,,,水,,,,,,,,,,,,,,,,,,,,,,,,,,
淀川区,木川東,2丁目,13番,上記以外,,,,,,,,,火金,,,,,,,,,,,,,,,,,,,,,,,土,,,,,,,,,,,,,,,,水,,,,,,,,,,,,,,,,,,
淀川区,木川東,2丁目,14番,,,,,,,,,,火金,,,,,,,,,,,,,,,,,,,,,,,土,,,,,,,,,,,,,,,,水,,,,,,,,,,,,,,,,,,
淀川区,木川東,2丁目,15番,,,,,,,,,,火金,,,,,,,,,,,,,,,,,,,,,,,土,,,,,,,,,,,,,,,,水,,,,,,,,,,,,,,,,,,
淀川区,木川東,2丁目,16番,,,,,,,,,,火金,,,,,,,,,,,,,,,,,,,,,,,土,,,,,,,,,,,,,,,,水,,,,,,,,,,,,,,,,,,
淀川区,木川東,2丁目,17番,,,,,,,,,,火金,,,,,,,,,,,,,,,,,,,,,,,土,,,,,,,,,,,,,,,,水,,,,,,,,,,,,,,,,,,
淀川区,木川東,2丁目,18番,,,,,,,,,,火金,,,,,,,,,,,,,,,,,,,,,,,土,,,,,,,,,,,,,,,,水,,,,,,,,,,,,,,,,,,
淀川区,木川東,2丁目,19番,,,,,,,,,,火金,,,,,,,,,,,,,,,,,,,,,,,土,,,,,,,,,,,,,,,,水,,,,,,,,,,,,,,,,,,
淀川区,木川東,2丁目,20番,,,,,,,,,,火金,,,,,,,,,,,,,,,,,,,,,,,土,,,,,,,,,,,,,,,,水,,,,,,,,,,,,,,,,,,
淀川区,木川東,2丁目,21番,,,,,,,,,,火金,,,,,,,,,,,,,,,,,,,,,,,土,,,,,,,,,,,,,,,,水,,,,,,,,,,,,,,,,,,
淀川区,木川東,3丁目,1番,,,,,,,,,,,,,,,,火金,,,,,,,,,,,,,,,土,,,,,,,,,,,,,,,水,,,,,,,,,,,,,,,,,,,,,
淀川区,木川東,3丁目,2番,,,,,,,,,,,,,,,,火金,,,,,,,,,,,,,,,土,,,,,,,,,,,,,,,,水,,,,,,,,,,,,,,,,,,,,
淀川区,木川東,3丁目,3番,,,,,,,,,,,,,,,,火金,,,,,,,,,,,,,,,土,,,,,,,,,,,,,,,,水,,,,,,,,,,,,,,,,,,,,
淀川区,木川東,3丁目,4番,,,,,,,,,,,,,,,,火金,,,,,,,,,,,,,,,,,土,,,,,,,,,,,,,,,水,,,,,,,,,,,,,,,,,,,
淀川区,木川東,3丁目,5番,,,,,,,,,,,,,,,,火金,,,,,,,,,,,,,,,土,,,,,,,,,,,,,,,,水,,,,,,,,,,,,,,,,,,,,
淀川区,木川東,3丁目,6番,,,,,,,,,,,,,,,,火金,,,,,,,,,,,,,,,土,,,,,,,,,,,,,,,,,水,,,,,,,,,,,,,,,,,,,
淀川区,木川東,3丁目,7番,,,,,,,,,,,,,,,,火金,,,,,,,,,,,,,,,土,,,,,,,,,,,,,,,,,水,,,,,,,,,,,,,,,,,,,
淀川区,木川東,3丁目,8番,,,,,,,,,,,,,,,,火金,,,,,,,,,,,,,,,,土,,,,,,,,,,,,,,,,水,,,,,,,,,,,,,,,,,,,
淀川区,木川東,3丁目,9番,,,,,,,,,,,,,,,,火金,,,,,,,,,,,,,,,,土,,,,,,,,,,,,,,,,,水,,,,,,,,,,,,,,,,,,
淀川区,木川東,3丁目,10番,,,,,,,,,,,,,,,,火金,,,,,,,,,,,,,,,土,,,,,,,,,,,,,,,,水,,,,,,,,,,,,,,,,,,,,
淀川区,木川東,4丁目,1番,,,,,,,,,,,,,,,,火金,,,,,,,,,,,,,,,土,,,,,,,,,,,,,,,,水,,,,,,,,,,,,,,,,,,,,
淀川区,木川東,4丁目,2番,,,,,,,,,,,,,,,,火金,,,,,,,,,,,,,,,土,,,,,,,,,,,,,,,,水,,,,,,,,,,,,,,,,,,,,
淀川区,木川東,4丁目,3番,グリーンエクセル新大阪,,,,,,,,,,,,,,,火金,,,,,,,,,,,,,,,土,,,,,,,,,,,,,,,,水,,,,,,,,,,,,,,,,,,,,
淀川区,木川東,4丁目,3番,上記以外,,,,,,,,,,,,,,,火金,,,,,,,,,,,,,,,土,,,,,,,,,,,,,,,,水,,,,,,,,,,,,,,,,,,,,
淀川区,木川東,4丁目,4番,新大阪ロイヤルハイツ,,,,,,,,,,,,,,,火金,,,,,,,,,,,,,,,土,,,,,,,,,,,,,,,,水,,,,,,,,,,,,,,,,,,,,
淀川区,木川東,4丁目,4番,上記以外,,,,,,,,,,,,,,,火金,,,,,,,,,,,,,,,土,,,,,,,,,,,,,,,,水,,,,,,,,,,,,,,,,,,,,
淀川区,木川東,4丁目,5番,ゆたかコーポ,,,,,,,,,,,,,,,,,火金,,,,,,,,,,,,,土,,,,,,,,,,,,,,,,水,,,,,,,,,,,,,,,,,,,,
淀川区,木川東,4丁目,5番,グリーンハイツ十三新大阪,,,,,,,,,,,,,,,,,火金,,,,,,,,,,,,,土,,,,,,,,,,,,,,,,水,,,,,,,,,,,,,,,,,,,,
淀川区,木川東,4丁目,5番,上記以外,,,,,,,,,,,,,,,,,火金,,,,,,,,,,,,,土,,,,,,,,,,,,,,,,水,,,,,,,,,,,,,,,,,,,,
淀川区,木川東,4丁目,6番,,,,,,,,,,,,,,,,火金,,,,,,,,,,,,,,,土,,,,,,,,,,,,,,,,水,,,,,,,,,,,,,,,,,,,,
淀川区,木川東,4丁目,7番,4号(コスモハイツ),,,,,,,,,,,,,,,火金,,,,,,,,,,,,,,,土,,,,,,,,,,,,,,,,水,,,,,,,,,,,,,,,,,,,,
淀川区,木川東,4丁目,7番,9号(ライオンズマンション新大阪第6),,,,,,,,,,,,,,,火金,,,,,,,,,,,,,,,土,,,,,,,,,,,,,,,,水,,,,,,,,,,,,,,,,,,,,
淀川区,木川東,4丁目,7番,23号(サンマンション新大阪),,,,,,,,,,,,,,,,,火金,,,,,,,,,,,,,土,,,,,,,,,,,,,,,,水,,,,,,,,,,,,,,,,,,,,
淀川区,木川東,4丁目,7番,上記以外,,,,,,,,,,,,,,,火金,,,,,,,,,,,,,,,土,,,,,,,,,,,,,,,,水,,,,,,,,,,,,,,,,,,,,
淀川区,木川東,4丁目,8番,,,,,,,,,,,,,,,,火金,,,,,,,,,,,,,,,,,土,,,,,,,,,,,,,,,,水,,,,,,,,,,,,,,,,,,
淀川区,木川東,4丁目,9番,,,,,,,,,,,,,,,,火金,,,,,,,,,,,,,,,土,,,,,,,,,,,,,,,,水,,,,,,,,,,,,,,,,,,,,
淀川区,木川東,4丁目,10番,,,,,,,,,,,,,,,,火金,,,,,,,,,,,,,,,土,,,,,,,,,,,,,,,,水,,,,,,,,,,,,,,,,,,,,
淀川区,木川東,4丁目,11番,,,,,,,,,,,,,,,,火金,,,,,,,,,,,,,,,土,,,,,,,,,,,,,,,,水,,,,,,,,,,,,,,,,,,,,
淀川区,木川東,4丁目,12番,,,,,,,,,,,,,,,,火金,,,,,,,,,,,,,,,,,土,,,,,,,,,,,,,,,,水,,,,,,,,,,,,,,,,,,
淀川区,木川東,4丁目,13番,,,,,,,,,,,,,,,,火金,,,,,,,,,,,,,,,,,土,,,,,,,,,,,,,,,,水,,,,,,,,,,,,,,,,,,
淀川区,木川東,4丁目,14番,3号（シティカレント新大阪）,,,,,,,,,,,,,,,,,火金,,,,,,,,,,,,,,,土,,,,,,,,,,,,,,,,水,,,,,,,,,,,,,,,,,,
淀川区,木川東,4丁目,14番,上記以外,,,,,,,,,,,,,,,,,火金,,,,,,,,,,,,,,,土,,,,,,,,,,,,,,,,水,,,,,,,,,,,,,,,,,,
淀川区,木川東,4丁目,15番,シティカレント新大阪,,,,,,,,,,,,,,,,,火金,,,,,,,,,,,,,,,土,,,,,,,,,,,,,,,,水,,,,,,,,,,,,,,,,,,
淀川区,木川東,4丁目,15番,上記以外,,,,,,,,,,,,,,,,,火金,,,,,,,,,,,,,,,土,,,,,,,,,,,,,,,,水,,,,,,,,,,,,,,,,,,
淀川区,木川東,4丁目,16番,,,,,,,,,,,,,,,,,,火金,,,,,,,,,,,,,,,土,,,,,,,,,,,,,,,,水,,,,,,,,,,,,,,,,,,
淀川区,木川東,4丁目,17番,5号(ピア土江)･9･37号,,,,,,,,,,,,,,,火金,,,,,,,,,,,,,,,土,,,,,,,,,,,,,,,,水,,,,,,,,,,,,,,,,,,,,
淀川区,木川東,4丁目,17番,上記以外,,,,,,,,,,,,,,,火金,,,,,,,,,,,,,,,,,土,,,,,,,,,,,,,,,,水,,,,,,,,,,,,,,,,,,
淀川区,木川東,4丁目,18番,,,,,,,,,,,,,,,,火金,,,,,,,,,,,,,,,,,土,,,,,,,,,,,,,,,,水,,,,,,,,,,,,,,,,,,
淀川区,十三東,1丁目,1番,,,,,,,,,,,,,,,,火金,,,,,,,土,,,,,,,,,,,,,,,,水,,,,,,,,,,,,,,,,,,,,,,,,,,,,
淀川区,十三東,1丁目,2番,,,,,,,,,,,,,,,,火金,,,,,,,土,,,,,,,,,,,,,,,,水,,,,,,,,,,,,,,,,,,,,,,,,,,,,
淀川区,十三東,1丁目,3番,,,,,,,,,,,,,,,,火金,,,,,,,土,,,,,,,,,,,,,,,,水,,,,,,,,,,,,,,,,,,,,,,,,,,,,
淀川区,十三東,1丁目,4番,,,,,,,,,,,,,,,,火金,,,,,,,土,,,,,,,,,,,,,,,,水,,,,,,,,,,,,,,,,,,,,,,,,,,,,
淀川区,十三東,1丁目,5番,,,,,,,,,,,,,,,,火金,,,,,,,土,,,,,,,,,,,,,,,,水,,,,,,,,,,,,,,,,,,,,,,,,,,,,
淀川区,十三東,1丁目,6番,,,,,,,,,,,,,,,,火金,,,,,,,土,,,,,,,,,,,,,,,,水,,,,,,,,,,,,,,,,,,,,,,,,,,,,
淀川区,十三東,1丁目,7番,,,,,,,,,,,,,,,,火金,,,,,,,土,,,,,,,,,,,,,,,,水,,,,,,,,,,,,,,,,,,,,,,,,,,,,
淀川区,十三東,1丁目,8番,,,,,,,,,,,,,,,,火金,,,,,,,土,,,,,,,,,,,,,,,,水,,,,,,,,,,,,,,,,,,,,,,,,,,,,
淀川区,十三東,1丁目,9番,,,,,,,,,,,,,,,,火金,,,,,,,土,,,,,,,,,,,,,,,,水,,,,,,,,,,,,,,,,,,,,,,,,,,,,
淀川区,十三東,1丁目,10番,CITY SPIRE十三東,,,,,,,,,,,,,,,火金,,,,,,,土,,,,,,,,,,,,,,,,水,,,,,,,,,,,,,,,,,,,,,,,,,,,,
淀川区,十三東,1丁目,10番,上記以外,,,,,,,,,,,,,,,火金,,,,,,,土,,,,,,,,,,,,,,,,水,,,,,,,,,,,,,,,,,,,,,,,,,,,,
淀川区,十三東,1丁目,11番,,,,,,,,,,,,,,,,火金,,,,,,,土,,,,,,,,,,,,,,,,水,,,,,,,,,,,,,,,,,,,,,,,,,,,,
淀川区,十三東,1丁目,12番,,,,,,,,,,,,,,,,火金,,,,,,,土,,,,,,,,,,,,,,,,水,,,,,,,,,,,,,,,,,,,,,,,,,,,,
淀川区,十三東,1丁目,13番,,,,,,,,,,,,,,,,火金,,,,,,,土,,,,,,,,,,,,,,,,水,,,,,,,,,,,,,,,,,,,,,,,,,,,,
淀川区,十三東,1丁目,14番,,,,,,,,,,,,,,,,火金,,,,,,,土,,,,,,,,,,,,,,,,水,,,,,,,,,,,,,,,,,,,,,,,,,,,,
淀川区,十三東,1丁目,15番,,,,,,,,,,,,,,,,火金,,,,,,,土,,,,,,,,,,,,,,,,水,,,,,,,,,,,,,,,,,,,,,,,,,,,,
淀川区,十三東,1丁目,16番,,,,,,,,,,,,,,,,火金,,,,,,,土,,,,,,,,,,,,,,,,水,,,,,,,,,,,,,,,,,,,,,,,,,,,,
淀川区,十三東,1丁目,17番,,,,,,,,,,,,,,,,火金,,,,,,,土,,,,,,,,,,,,,,,,水,,,,,,,,,,,,,,,,,,,,,,,,,,,,
淀川区,十三東,1丁目,18番,,,,,,,,,,,,,,,,火金,,,,,,,土,,,,,,,,,,,,,,,,水,,,,,,,,,,,,,,,,,,,,,,,,,,,,
淀川区,十三東,1丁目,19番,グランパークリーオ,,,,,,,,,,,,,,,火金,,,,,,,土,,,,,,,,,,,,,,,,水,,,,,,,,,,,,,,,,,,,,,,,,,,,,
淀川区,十三東,1丁目,19番,上記以外,,,,,,,,,,,,,,,火金,,,,,,,土,,,,,,,,,,,,,,,,水,,,,,,,,,,,,,,,,,,,,,,,,,,,,
淀川区,十三東,1丁目,20番,11号(セレッソコートリバーサイドOSAKA),,,,,,火金,,,,,,,,,,,,,,,,土,,,,,,,,,,,,,,,,水,,,,,,,,,,,,,,,,,,,,,,,,,,,,
淀川区,十三東,1丁目,20番,18号(ネオハイツ新淀川),,,,,,,,,,,,,,,火金,,,,,,,土,,,,,,,,,,,,,,,,水,,,,,,,,,,,,,,,,,,,,,,,,,,,,
淀川区,十三東,1丁目,20番,上記以外,,,,,,,,,,,,,,,火金,,,,,,,土,,,,,,,,,,,,,,,,水,,,,,,,,,,,,,,,,,,,,,,,,,,,,
淀川区,十三東,2丁目,1番,,,,,,,火金,,,,,,,,,,,,,,,,土,,,,,,,,,,,,,,,,水,,,,,,,,,,,,,,,,,,,,,,,,,,,,
淀川区,十三東,2丁目,2番,,,,,,,火金,,,,,,,,,,,,,,,,土,,,,,,,,,,,,,,,,水,,,,,,,,,,,,,,,,,,,,,,,,,,,,
淀川区,十三東,2丁目,3番,,,,,,,火金,,,,,,,,,,,,,,,,土,,,,,,,,,,,,,,,,水,,,,,,,,,,,,,,,,,,,,,,,,,,,,
淀川区,十三東,2丁目,4番,,,,,,,火金,,,,,,,,,,,,,,,,土,,,,,,,,,,,,,,,,水,,,,,,,,,,,,,,,,,,,,,,,,,,,,
淀川区,十三東,2丁目,5番,,,,,,,火金,,,,,,,,,,,,,,,,土,,,,,,,,,,,,,,,,水,,,,,,,,,,,,,,,,,,,,,,,,,,,,
淀川区,十三東,2丁目,6番,,,,,,,火金,,,,,,,,,,,,,,,,土,,,,,,,,,,,,,,,,水,,,,,,,,,,,,,,,,,,,,,,,,,,,,
淀川区,十三東,2丁目,7番,,,,,,,火金,,,,,,,,,,,,,,,,土,,,,,,,,,,,,,,,,水,,,,,,,,,,,,,,,,,,,,,,,,,,,,
淀川区,十三東,2丁目,8番,,,,,,,火金,,,,,,,,,,,,,,,,土,,,,,,,,,,,,,,,,水,,,,,,,,,,,,,,,,,,,,,,,,,,,,
淀川区,十三東,2丁目,9番,,,,,,,火金,,,,,,,,,,,,,,,,土,,,,,,,,,,,,,,,,水,,,,,,,,,,,,,,,,,,,,,,,,,,,,
淀川区,十三東,2丁目,10番,,,,,,,火金,,,,,,,,,,,,,,,,土,,,,,,,,,,,,,,,,水,,,,,,,,,,,,,,,,,,,,,,,,,,,,
淀川区,十三東,2丁目,11番,,,,,,,火金,,,,,,,,,,,,,,,,土,,,,,,,,,,,,,,,,水,,,,,,,,,,,,,,,,,,,,,,,,,,,,
淀川区,十三東,2丁目,12番,,,,,,,火金,,,,,,,,,,,,,,,,土,,,,,,,,,,,,,,,,水,,,,,,,,,,,,,,,,,,,,,,,,,,,,
淀川区,十三東,3丁目,1番,軽四輪車(小さい車)で収集している地域,,,,,,火金,,,,,,,,,,,,,,,,土,,,,,,,,,,,,,,,,水,,,,,,,,,,,,,,,,,,,,,,,,,,,,
淀川区,十三東,3丁目,1番,上記以外,,,,,,火金,,,,,,,,,,,,,,,,土,,,,,,,,,,,,,,,,水,,,,,,,,,,,,,,,,,,,,,,,,,,,,
淀川区,十三東,3丁目,2番,軽四輪車(小さい車)で収集している地域,,,,,,火金,,,,,,,,,,,,,,,,土,,,,,,,,,,,,,,,,水,,,,,,,,,,,,,,,,,,,,,,,,,,,,
淀川区,十三東,3丁目,2番,上記以外,,,,,,火金,,,,,,,,,,,,,,,,土,,,,,,,,,,,,,,,,水,,,,,,,,,,,,,,,,,,,,,,,,,,,,
淀川区,十三東,3丁目,3番,,,,,,,火金,,,,,,,,,,,,,,,,土,,,,,,,,,,,,,,,,水,,,,,,,,,,,,,,,,,,,,,,,,,,,,
淀川区,十三東,3丁目,4番,軽四輪車(小さい車)で収集している地域,,,,,,火金,,,,,,,,,,,,,,,,土,,,,,,,,,,,,,,,,水,,,,,,,,,,,,,,,,,,,,,,,,,,,,
淀川区,十三東,3丁目,4番,上記以外,,,,,,火金,,,,,,,,,,,,,,,,土,,,,,,,,,,,,,,,,水,,,,,,,,,,,,,,,,,,,,,,,,,,,,
淀川区,十三東,3丁目,5番,,,,,,,火金,,,,,,,,,,,,,,,,土,,,,,,,,,,,,,,,,水,,,,,,,,,,,,,,,,,,,,,,,,,,,,
淀川区,十三東,3丁目,6番,,,,,,,火金,,,,,,,,,,,,,,,,土,,,,,,,,,,,,,,,,水,,,,,,,,,,,,,,,,,,,,,,,,,,,,
淀川区,十三東,3丁目,7番,軽四輪車(小さい車)で収集している地域,,,,,,火金,,,,,,,,,,,,,,,,土,,,,,,,,,,,,,,,,水,,,,,,,,,,,,,,,,,,,,,,,,,,,,
淀川区,十三東,3丁目,7番,上記以外,,,,,,火金,,,,,,,,,,,,,,,,土,,,,,,,,,,,,,,,,水,,,,,,,,,,,,,,,,,,,,,,,,,,,,
淀川区,十三東,3丁目,8番,軽四輪車(小さい車)で収集している地域,,,,,,火金,,,,,,,,,,,,,,,,土,,,,,,,,,,,,,,,,水,,,,,,,,,,,,,,,,,,,,,,,,,,,,
淀川区,十三東,3丁目,8番,上記以外,,,,,,火金,,,,,,,,,,,,,,,,土,,,,,,,,,,,,,,,,水,,,,,,,,,,,,,,,,,,,,,,,,,,,,
淀川区,十三東,3丁目,9番,軽四輪車(小さい車)で収集している地域,,,,,,火金,,,,,,,,,,,,,,,,土,,,,,,,,,,,,,,,,水,,,,,,,,,,,,,,,,,,,,,,,,,,,,
淀川区,十三東,3丁目,9番,上記以外,,,,,,火金,,,,,,,,,,,,,,,,土,,,,,,,,,,,,,,,,水,,,,,,,,,,,,,,,,,,,,,,,,,,,,
淀川区,十三東,3丁目,10番,,,,,,,火金,,,,,,,,,,,,,,,,土,,,,,,,,,,,,,,,,水,,,,,,,,,,,,,,,,,,,,,,,,,,,,
淀川区,十三東,3丁目,11番,軽四輪車(小さい車)で収集している地域,,,,,,火金,,,,,,,,,,,,,,,,土,,,,,,,,,,,,,,,,水,,,,,,,,,,,,,,,,,,,,,,,,,,,,
淀川区,十三東,3丁目,11番,上記以外,,,,,,火金,,,,,,,,,,,,,,,,土,,,,,,,,,,,,,,,,水,,,,,,,,,,,,,,,,,,,,,,,,,,,,
淀川区,十三東,3丁目,12番,,,,,,,火金,,,,,,,,,,,,,,,,土,,,,,,,,,,,,,,,,水,,,,,,,,,,,,,,,,,,,,,,,,,,,,
淀川区,十三東,3丁目,13番,,,,,,,火金,,,,,,,,,,,,,,,,土,,,,,,,,,,,,,,,,水,,,,,,,,,,,,,,,,,,,,,,,,,,,,
淀川区,十三東,3丁目,14番,,,,,,,火金,,,,,,,,,,,,,,,,土,,,,,,,,,,,,,,,,水,,,,,,,,,,,,,,,,,,,,,,,,,,,,
淀川区,十三東,3丁目,15番,,,,,,,火金,,,,,,,,,,,,,,,,土,,,,,,,,,,,,,,,,水,,,,,,,,,,,,,,,,,,,,,,,,,,,,
淀川区,十三東,3丁目,16番,,,,,,,火金,,,,,,,,,,,,,,,,土,,,,,,,,,,,,,,,,水,,,,,,,,,,,,,,,,,,,,,,,,,,,,
淀川区,十三東,3丁目,17番,,,,,,,火金,,,,,,,,,,,,,,,,土,,,,,,,,,,,,,,,,水,,,,,,,,,,,,,,,,,,,,,,,,,,,,
淀川区,十三東,3丁目,18番,,,,,,,火金,,,,,,,,,,,,,,,,土,,,,,,,,,,,,,,,,水,,,,,,,,,,,,,,,,,,,,,,,,,,,,
淀川区,十三東,3丁目,19番,,,,,,,火金,,,,,,,,,,,,,,,,土,,,,,,,,,,,,,,,,水,,,,,,,,,,,,,,,,,,,,,,,,,,,,
淀川区,十三東,3丁目,20番,軽四輪車(小さい車)で収集している地域,,,,,,,,,火金,,,,,,,,,,,,,土,,,,,,,,,,,,,,,,水,,,,,,,,,,,,,,,,,,,,,,,,,,,,
淀川区,十三東,3丁目,20番,上記以外,,,,,,火金,,,,,,,,,,,,,,,,土,,,,,,,,,,,,,,,,水,,,,,,,,,,,,,,,,,,,,,,,,,,,,
淀川区,十三東,3丁目,21番,,,,,,,火金,,,,,,,,,,,,,,,,土,,,,,,,,,,,,,,,,水,,,,,,,,,,,,,,,,,,,,,,,,,,,,
淀川区,十三東,3丁目,22番,,,,,,,火金,,,,,,,,,,,,,,,,土,,,,,,,,,,,,,,,,水,,,,,,,,,,,,,,,,,,,,,,,,,,,,
淀川区,十三東,3丁目,23番,,,,,,,火金,,,,,,,,,,,,,,,,土,,,,,,,,,,,,,,,,水,,,,,,,,,,,,,,,,,,,,,,,,,,,,
淀川区,十三東,3丁目,24番,,,,,,,火金,,,,,,,,,,,,,,,,土,,,,,,,,,,,,,,,,水,,,,,,,,,,,,,,,,,,,,,,,,,,,,
淀川区,十三東,3丁目,25番,,,,,,,火金,,,,,,,,,,,,,,,,土,,,,,,,,,,,,,,,,水,,,,,,,,,,,,,,,,,,,,,,,,,,,,
淀川区,十三東,3丁目,26番,,,,,,,火金,,,,,,,,,,,,,,,,土,,,,,,,,,,,,,,,,水,,,,,,,,,,,,,,,,,,,,,,,,,,,,
淀川区,十三東,3丁目,27番,,,,,,,火金,,,,,,,,,,,,,,,,土,,,,,,,,,,,,,,,,水,,,,,,,,,,,,,,,,,,,,,,,,,,,,
淀川区,十三東,3丁目,28番,,,,,,,火金,,,,,,,,,,,,,,,,土,,,,,,,,,,,,,,,,水,,,,,,,,,,,,,,,,,,,,,,,,,,,,
淀川区,十三東,4丁目,1番,軽四輪車(小さい車)で収集している地域,,,,,,火金,,,,,,,,,,,,,,,,土,,,,,,,,,,,,,,,,水,,,,,,,,,,,,,,,,,,,,,,,,,,,,
淀川区,十三東,4丁目,1番,上記以外,,,,,,火金,,,,,,,,,,,,,,,,土,,,,,,,,,,,,,,,,水,,,,,,,,,,,,,,,,,,,,,,,,,,,,
淀川区,十三東,4丁目,2番,軽四輪車(小さい車)で収集している地域,,,,,,,,,火金,,,,,,,,,,,,,土,,,,,,,,,,,,,,,,水,,,,,,,,,,,,,,,,,,,,,,,,,,,,
淀川区,十三東,4丁目,2番,上記以外,,,,,,火金,,,,,,,,,,,,,,,,土,,,,,,,,,,,,,,,,水,,,,,,,,,,,,,,,,,,,,,,,,,,,,
淀川区,十三東,4丁目,3番,軽四輪車(小さい車)で収集している地域,,,,,,,,,火金,,,,,,,,,,,,,土,,,,,,,,,,,,,,,,水,,,,,,,,,,,,,,,,,,,,,,,,,,,,
淀川区,十三東,4丁目,3番,上記以外,,,,,,火金,,,,,,,,,,,,,,,,土,,,,,,,,,,,,,,,,水,,,,,,,,,,,,,,,,,,,,,,,,,,,,
淀川区,十三東,4丁目,4番,,,,,,,火金,,,,,,,,,,,,,,,,土,,,,,,,,,,,,,,,,水,,,,,,,,,,,,,,,,,,,,,,,,,,,,
淀川区,十三東,4丁目,5番,,,,,,,火金,,,,,,,,,,,,,,,,土,,,,,,,,,,,,,,,,水,,,,,,,,,,,,,,,,,,,,,,,,,,,,
淀川区,十三東,4丁目,6番,,,,,,,火金,,,,,,,,,,,,,,,,土,,,,,,,,,,,,,,,,水,,,,,,,,,,,,,,,,,,,,,,,,,,,,
淀川区,十三東,4丁目,7番,,,,,,,火金,,,,,,,,,,,,,,,,土,,,,,,,,,,,,,,,,水,,,,,,,,,,,,,,,,,,,,,,,,,,,,
淀川区,十三東,4丁目,8番,,,,,,,火金,,,,,,,,,,,,,,,,土,,,,,,,,,,,,,,,,水,,,,,,,,,,,,,,,,,,,,,,,,,,,,
淀川区,十三東,4丁目,9番,,,,,,,火金,,,,,,,,,,,,,,,,土,,,,,,,,,,,,,,,,水,,,,,,,,,,,,,,,,,,,,,,,,,,,,
淀川区,十三東,4丁目,10番,,,,,,,火金,,,,,,,,,,,,,,,,土,,,,,,,,,,,,,,,,水,,,,,,,,,,,,,,,,,,,,,,,,,,,,
淀川区,十三東,4丁目,11番,,,,,,,火金,,,,,,,,,,,,,,,,土,,,,,,,,,,,,,,,,水,,,,,,,,,,,,,,,,,,,,,,,,,,,,
淀川区,十三東,5丁目,1番,,,,,,,火金,,,,,,,,,,,,,,,,土,,,,,,,,,,,,,,,,水,,,,,,,,,,,,,,,,,,,,,,,,,,,,
淀川区,十三東,5丁目,2番,オリエントハイツ,,,,,,火金,,,,,,,,,,,,,,,,土,,,,,,,,,,,,,,,,水,,,,,,,,,,,,,,,,,,,,,,,,,,,,
淀川区,十三東,5丁目,2番,上記以外,,,,,,火金,,,,,,,,,,,,,,,,土,,,,,,,,,,,,,,,,水,,,,,,,,,,,,,,,,,,,,,,,,,,,,
淀川区,十三東,5丁目,3番,淀川老人施設ハートフル,,,,,,火金,,,,,,,,,,,,,,,,土,,,,,,,,,,,,,,,,水,,,,,,,,,,,,,,,,,,,,,,,,,,,,
淀川区,十三東,5丁目,3番,上記以外,,,,,,火金,,,,,,,,,,,,,,,,土,,,,,,,,,,,,,,,,水,,,,,,,,,,,,,,,,,,,,,,,,,,,,
淀川区,十三東,5丁目,4番,,,,,,,火金,,,,,,,,,,,,,,,,土,,,,,,,,,,,,,,,,水,,,,,,,,,,,,,,,,,,,,,,,,,,,,
淀川区,十三東,5丁目,5番,,,,,,,火金,,,,,,,,,,,,,,,,土,,,,,,,,,,,,,,,,水,,,,,,,,,,,,,,,,,,,,,,,,,,,,
淀川区,十三本町,1丁目,6番,,,,,,,火金,,,,,,,,,,,,,,,,月,,,,,,,,,,,,,,,,木,,,,,,,,,,,,,,,,,,,,,,,,,,,,
淀川区,十三本町,1丁目,7番,,,,,,,火金,,,,,,,,,,,,,,,,月,,,,,,,,,,,,,,,,木,,,,,,,,,,,,,,,,,,,,,,,,,,,,
淀川区,十三本町,1丁目,9番,,,,,,,火金,,,,,,,,,,,,,,,,月,,,,,,,,,,,,,,,,木,,,,,,,,,,,,,,,,,,,,,,,,,,,,
淀川区,十三本町,1丁目,10番,,,,,,,火金,,,,,,,,,,,,,,,,月,,,,,,,,,,,,,,,,木,,,,,,,,,,,,,,,,,,,,,,,,,,,,
淀川区,十三本町,1丁目,11番,,,,,,,火金,,,,,,,,,,,,,,,,月,,,,,,,,,,,,,,,,木,,,,,,,,,,,,,,,,,,,,,,,,,,,,
淀川区,十三本町,1丁目,12番,軽四輪車(小さい車)で収集している地域,,,,,,火金,,,,,,,,,,,,,,,,月,,,,,,,,,,,,,,,,木,,,,,,,,,,,,,,,,,,,,,,,,,,,,
淀川区,十三本町,1丁目,12番,上記以外,,,,,,火金,,,,,,,,,,,,,,,,月,,,,,,,,,,,,,,,,木,,,,,,,,,,,,,,,,,,,,,,,,,,,,
淀川区,十三本町,1丁目,13番,,,,,,,火金,,,,,,,,,,,,,,,,月,,,,,,,,,,,,,,,,木,,,,,,,,,,,,,,,,,,,,,,,,,,,,
淀川区,十三本町,1丁目,14番,,,,,,,火金,,,,,,,,,,,,,,,,月,,,,,,,,,,,,,,,,木,,,,,,,,,,,,,,,,,,,,,,,,,,,,
淀川区,十三本町,1丁目,15番,,,,,,,火金,,,,,,,,,,,,,,,,月,,,,,,,,,,,,,,,,木,,,,,,,,,,,,,,,,,,,,,,,,,,,,
淀川区,十三本町,1丁目,16番,,,,,,,火金,,,,,,,,,,,,,,,,月,,,,,,,,,,,,,,,,木,,,,,,,,,,,,,,,,,,,,,,,,,,,,
淀川区,十三本町,1丁目,17番,,,,,,,火金,,,,,,,,,,,,,,,,月,,,,,,,,,,,,,,,,木,,,,,,,,,,,,,,,,,,,,,,,,,,,,
淀川区,十三本町,1丁目,18番,,,,,,,火金,,,,,,,,,,,,,,,,月,,,,,,,,,,,,,,,,木,,,,,,,,,,,,,,,,,,,,,,,,,,,,
淀川区,十三本町,1丁目,19番,,,,,,,火金,,,,,,,,,,,,,,,,月,,,,,,,,,,,,,,,,木,,,,,,,,,,,,,,,,,,,,,,,,,,,,
淀川区,十三本町,1丁目,20番,,,,,,,火金,,,,,,,,,,,,,,,,月,,,,,,,,,,,,,,,,木,,,,,,,,,,,,,,,,,,,,,,,,,,,,
淀川区,十三本町,1丁目,21番,,,,,,,火金,,,,,,,,,,,,,,,,月,,,,,,,,,,,,,,,,木,,,,,,,,,,,,,,,,,,,,,,,,,,,,
淀川区,十三本町,1丁目,22番,,,,,,,火金,,,,,,,,,,,,,,,,月,,,,,,,,,,,,,,,,木,,,,,,,,,,,,,,,,,,,,,,,,,,,,
淀川区,十三本町,1丁目,23番,,,,,,,火金,,,,,,,,,,,,,,,,月,,,,,,,,,,,,,,,,木,,,,,,,,,,,,,,,,,,,,,,,,,,,,
淀川区,十三本町,1丁目,24番,,,,,,,火金,,,,,,,,,,,,,,,,月,,,,,,,,,,,,,,,,木,,,,,,,,,,,,,,,,,,,,,,,,,,,,
淀川区,十三本町,2丁目,1番,,,,,,,火金,,,,,,,,,,,,,,,,月,,,,,,,,,,,,,,,,木,,,,,,,,,,,,,,,,,,,,,,,,,,,,
淀川区,十三本町,2丁目,2番,,,,,,,火金,,,,,,,,,,,,,,,,月,,,,,,,,,,,,,,,,木,,,,,,,,,,,,,,,,,,,,,,,,,,,,
淀川区,十三本町,2丁目,3番,,,,,,,火金,,,,,,,,,,,,,,,,月,,,,,,,,,,,,,,,,木,,,,,,,,,,,,,,,,,,,,,,,,,,,,
淀川区,十三本町,2丁目,4番,軽四輪車(小さい車)で収集している地域,,,,,,火金,,,,,,,,,,,,,,,,月,,,,,,,,,,,,,,,,木,,,,,,,,,,,,,,,,,,,,,,,,,,,,
淀川区,十三本町,2丁目,4番,上記以外,,,,,,火金,,,,,,,,,,,,,,,,月,,,,,,,,,,,,,,,,木,,,,,,,,,,,,,,,,,,,,,,,,,,,,
淀川区,十三本町,2丁目,5番,軽四輪車(小さい車)で収集している地域,,,,,,火金,,,,,,,,,,,,,,,,月,,,,,,,,,,,,,,,,木,,,,,,,,,,,,,,,,,,,,,,,,,,,,
淀川区,十三本町,2丁目,5番,上記以外,,,,,,火金,,,,,,,,,,,,,,,,月,,,,,,,,,,,,,,,,木,,,,,,,,,,,,,,,,,,,,,,,,,,,,
淀川区,十三本町,2丁目,6番,,,,,,,火金,,,,,,,,,,,,,,,,月,,,,,,,,,,,,,,,,木,,,,,,,,,,,,,,,,,,,,,,,,,,,,
淀川区,十三本町,2丁目,7番,,,,,,,火金,,,,,,,,,,,,,,,,月,,,,,,,,,,,,,,,,木,,,,,,,,,,,,,,,,,,,,,,,,,,,,
淀川区,十三本町,2丁目,8番,,,,,,,火金,,,,,,,,,,,,,,,,月,,,,,,,,,,,,,,,,木,,,,,,,,,,,,,,,,,,,,,,,,,,,,
淀川区,十三本町,2丁目,9番,軽四輪車(小さい車)で収集している地域,,,,,,,,火金,,,,,,,,,,,,,,月,,,,,,,,,,,,,,,,木,,,,,,,,,,,,,,,,,,,,,,,,,,,,
淀川区,十三本町,2丁目,9番,上記以外,,,,,,火金,,,,,,,,,,,,,,,,月,,,,,,,,,,,,,,,,木,,,,,,,,,,,,,,,,,,,,,,,,,,,,
淀川区,十三本町,2丁目,10番,軽四輪車(小さい車)で収集している地域,,,,,,,,火金,,,,,,,,,,,,,,月,,,,,,,,,,,,,,,,木,,,,,,,,,,,,,,,,,,,,,,,,,,,,
淀川区,十三本町,2丁目,10番,上記以外,,,,,,火金,,,,,,,,,,,,,,,,月,,,,,,,,,,,,,,,,木,,,,,,,,,,,,,,,,,,,,,,,,,,,,
淀川区,十三本町,2丁目,11番,,,,,,,火金,,,,,,,,,,,,,,,,月,,,,,,,,,,,,,,,,木,,,,,,,,,,,,,,,,,,,,,,,,,,,,
淀川区,十三本町,2丁目,12番,,,,,,,火金,,,,,,,,,,,,,,,,月,,,,,,,,,,,,,,,,木,,,,,,,,,,,,,,,,,,,,,,,,,,,,
淀川区,十三本町,2丁目,13番,軽四輪車(小さい車)で収集している地域,,,,,,,,火金,,,,,,,,,,,,,,月,,,,,,,,,,,,,,,,木,,,,,,,,,,,,,,,,,,,,,,,,,,,,
淀川区,十三本町,2丁目,13番,上記以外,,,,,,火金,,,,,,,,,,,,,,,,月,,,,,,,,,,,,,,,,木,,,,,,,,,,,,,,,,,,,,,,,,,,,,
淀川区,十三本町,2丁目,14番,軽四輪車(小さい車)で収集している地域,,,,,,,,火金,,,,,,,,,,,,,,月,,,,,,,,,,,,,,,,木,,,,,,,,,,,,,,,,,,,,,,,,,,,,
淀川区,十三本町,2丁目,14番,上記以外,,,,,,火金,,,,,,,,,,,,,,,,月,,,,,,,,,,,,,,,,木,,,,,,,,,,,,,,,,,,,,,,,,,,,,
淀川区,十三本町,2丁目,15番,,,,,,,火金,,,,,,,,,,,,,,,,月,,,,,,,,,,,,,,,,木,,,,,,,,,,,,,,,,,,,,,,,,,,,,
淀川区,十三本町,2丁目,16番,,,,,,,火金,,,,,,,,,,,,,,,,月,,,,,,,,,,,,,,,,木,,,,,,,,,,,,,,,,,,,,,,,,,,,,
淀川区,十三本町,2丁目,17番,,,,,,,火金,,,,,,,,,,,,,,,,月,,,,,,,,,,,,,,,,木,,,,,,,,,,,,,,,,,,,,,,,,,,,,
淀川区,十三本町,3丁目,2番,,,,,,,火金,,,,,,,,,,,,,,,,月,,,,,,,,,,,,,,,,木,,,,,,,,,,,,,,,,,,,,,,,,,,,,
淀川区,十三本町,3丁目,3番,,,,,,,火金,,,,,,,,,,,,,,,,月,,,,,,,,,,,,,,,,木,,,,,,,,,,,,,,,,,,,,,,,,,,,,
淀川区,十三本町,3丁目,4番,24号(パルハセトン十三),,,,,,,,,,,,,,,火金,,,,,,,月,,,,,,,,,,,,,,,,木,,,,,,,,,,,,,,,,,,,,,,,,,,,,
淀川区,十三本町,3丁目,4番,UUR　COURT大阪十三本町,,,,,,火金,,,,,,,,,,,,,,,,月,,,,,,,,,,,,,,,,木,,,,,,,,,,,,,,,,,,,,,,,,,,,,
淀川区,十三本町,3丁目,4番,上記以外,,,,,,火金,,,,,,,,,,,,,,,,月,,,,,,,,,,,,,,,,木,,,,,,,,,,,,,,,,,,,,,,,,,,,,
淀川区,十三本町,3丁目,5番,アービング北大阪アルブレッサ,,,,,,火金,,,,,,,,,,,,,,,,月,,,,,,,,,,,,,,,,木,,,,,,,,,,,,,,,,,,,,,,,,,,,,
淀川区,十三本町,3丁目,5番,十三本町ユニハウス,,,,,,火金,,,,,,,,,,,,,,,,月,,,,,,,,,,,,,,,,木,,,,,,,,,,,,,,,,,,,,,,,,,,,,
淀川区,十三本町,3丁目,5番,十三セブンハウス,,,,,,火金,,,,,,,,,,,,,,,,月,,,,,,,,,,,,,,,,木,,,,,,,,,,,,,,,,,,,,,,,,,,,,
淀川区,十三本町,3丁目,5番,上記以外,,,,,,火金,,,,,,,,,,,,,,,,月,,,,,,,,,,,,,,,,木,,,,,,,,,,,,,,,,,,,,,,,,,,,,
淀川区,十三本町,3丁目,6番,レック淀川,,,,,,火金,,,,,,,,,,,,,,,,月,,,,,,,,,,,,,,,,木,,,,,,,,,,,,,,,,,,,,,,,,,,,,
淀川区,十三本町,3丁目,6番,グリーンハイツ十三,,,,,,火金,,,,,,,,,,,,,,,,月,,,,,,,,,,,,,,,,木,,,,,,,,,,,,,,,,,,,,,,,,,,,,
淀川区,十三本町,3丁目,6番,上記以外,,,,,,火金,,,,,,,,,,,,,,,,月,,,,,,,,,,,,,,,,木,,,,,,,,,,,,,,,,,,,,,,,,,,,,
淀川区,十三本町,3丁目,7番,ターミナルルーエ,,,,,,火金,,,,,,,,,,,,,,,,月,,,,,,,,,,,,,,,,木,,,,,,,,,,,,,,,,,,,,,,,,,,,,
淀川区,十三本町,3丁目,7番,上記以外,,,,,,火金,,,,,,,,,,,,,,,,月,,,,,,,,,,,,,,,,木,,,,,,,,,,,,,,,,,,,,,,,,,,,,
淀川区,十三本町,3丁目,8番,,,,,,,火金,,,,,,,,,,,,,,,,月,,,,,,,,,,,,,,,,木,,,,,,,,,,,,,,,,,,,,,,,,,,,,
淀川区,十三本町,3丁目,9番,グランパーク,,,,,,火金,,,,,,,,,,,,,,,,月,,,,,,,,,,,,,,,,木,,,,,,,,,,,,,,,,,,,,,,,,,,,,
淀川区,十三本町,3丁目,9番,上記以外,,,,,,火金,,,,,,,,,,,,,,,,月,,,,,,,,,,,,,,,,木,,,,,,,,,,,,,,,,,,,,,,,,,,,,
淀川区,十三元今里,1丁目,1番,,,,,,,,,,,,,,,,火金,,,,,,,月,,,,,,,,,,,,,,,,木,,,,,,,,,,,,,,,,,,,,,,,,,,,,
淀川区,十三元今里,1丁目,2番,,,,,,,,,,,,,,,,火金,,,,,,,月,,,,,,,,,,,,,,,,木,,,,,,,,,,,,,,,,,,,,,,,,,,,,
淀川区,十三元今里,1丁目,3番,,,,,,,,,,,,,,,,火金,,,,,,,月,,,,,,,,,,,,,,,,木,,,,,,,,,,,,,,,,,,,,,,,,,,,,
淀川区,十三元今里,1丁目,4番,,,,,,,,,,,,,,,,火金,,,,,,,月,,,,,,,,,,,,,,,,木,,,,,,,,,,,,,,,,,,,,,,,,,,,,
淀川区,十三元今里,1丁目,5番,,,,,,,,,,,,,,,,火金,,,,,,,月,,,,,,,,,,,,,,,,木,,,,,,,,,,,,,,,,,,,,,,,,,,,,
淀川区,十三元今里,1丁目,6番,,,,,,,,,,,,,,,,火金,,,,,,,,月,,,,,,,,,,,,,,,,木,,,,,,,,,,,,,,,,,,,,,,,,,,,
淀川区,十三元今里,1丁目,7番,,,,,,,,,,,,,,,,火金,,,,,,,,月,,,,,,,,,,,,,,,,木,,,,,,,,,,,,,,,,,,,,,,,,,,,
淀川区,十三元今里,1丁目,8番,,,,,,,,,,,,,,,,火金,,,,,,,,月,,,,,,,,,,,,,,,,木,,,,,,,,,,,,,,,,,,,,,,,,,,,
淀川区,十三元今里,1丁目,9番,,,,,,,,,,,,,,,,火金,,,,,,,,月,,,,,,,,,,,,,,,,木,,,,,,,,,,,,,,,,,,,,,,,,,,,
淀川区,十三元今里,1丁目,10番,,,,,,,,,,,,,,,,火金,,,,,,,,月,,,,,,,,,,,,,,,,木,,,,,,,,,,,,,,,,,,,,,,,,,,,
淀川区,十三元今里,1丁目,11番,,,,,,,,,,,,,,,,火金,,,,,,,,月,,,,,,,,,,,,,,,,木,,,,,,,,,,,,,,,,,,,,,,,,,,,
淀川区,十三元今里,1丁目,12番,,,,,,,,,,,,,,,,火金,,,,,,,,月,,,,,,,,,,,,,,,,木,,,,,,,,,,,,,,,,,,,,,,,,,,,
淀川区,十三元今里,1丁目,13番,,,,,,,,,,,,,,,,火金,,,,,,,,月,,,,,,,,,,,,,,,,木,,,,,,,,,,,,,,,,,,,,,,,,,,,
淀川区,十三元今里,1丁目,14番,,,,,,,,,,,,,,,,火金,,,,,,,,月,,,,,,,,,,,,,,,,木,,,,,,,,,,,,,,,,,,,,,,,,,,,
淀川区,十三元今里,1丁目,15番,,,,,,,,,,,,,,,,火金,,,,,,,,月,,,,,,,,,,,,,,,,木,,,,,,,,,,,,,,,,,,,,,,,,,,,
淀川区,十三元今里,2丁目,1番,,,,,,,,,,,,,,,,火金,,,,,,,,,,月,,,,,,,,,,,,,,,,木,,,,,,,,,,,,,,,,,,,,,,,,,
淀川区,十三元今里,2丁目,2番,,,,,,,,,,,,,,,,火金,,,,,,,,,,,月,,,,,,,,,,,,,,,,木,,,,,,,,,,,,,,,,,,,,,,,,
淀川区,十三元今里,2丁目,3番,,,,,,,,,,,,,,,,火金,,,,,,,,,,月,,,,,,,,,,,,,,,,木,,,,,,,,,,,,,,,,,,,,,,,,,
淀川区,十三元今里,2丁目,4番,,,,,,,,,,,,,,,,火金,,,,,,,,月,,,,,,,,,,,,,,,,木,,,,,,,,,,,,,,,,,,,,,,,,,,,
淀川区,十三元今里,2丁目,5番,軽四輪車(小さい車)で収集している地域,,,,,,火金,,,,,,,,,,,,,,,,月,,,,,,,,,,,,,,,,木,,,,,,,,,,,,,,,,,,,,,,,,,,,,
淀川区,十三元今里,2丁目,5番,上記以外,,,,,,,,,,,,,,,火金,,,,,,,,月,,,,,,,,,,,,,,,,木,,,,,,,,,,,,,,,,,,,,,,,,,,,
淀川区,十三元今里,2丁目,6番,軽四輪車(小さい車)で収集している地域,,,,,,火金,,,,,,,,,,,,,,,,月,,,,,,,,,,,,,,,,木,,,,,,,,,,,,,,,,,,,,,,,,,,,,
淀川区,十三元今里,2丁目,6番,上記以外,,,,,,,,,,,,,,,火金,,,,,,,,,,月,,,,,,,,,,,,,,,,木,,,,,,,,,,,,,,,,,,,,,,,,,
淀川区,十三元今里,2丁目,7番,軽四輪車(小さい車)で収集している地域,,,,,,火金,,,,,,,,,,,,,,,,月,,,,,,,,,,,,,,,,木,,,,,,,,,,,,,,,,,,,,,,,,,,,,
淀川区,十三元今里,2丁目,7番,上記以外,,,,,,,,,,,,,,,火金,,,,,,,月,,,,,,,,,,,,,,,,木,,,,,,,,,,,,,,,,,,,,,,,,,,,,
淀川区,十三元今里,2丁目,8番,軽四輪車(小さい車)で収集している地域,,,,,,火金,,,,,,,,,,,,,,,,月,,,,,,,,,,,,,,,,木,,,,,,,,,,,,,,,,,,,,,,,,,,,,
淀川区,十三元今里,2丁目,8番,上記以外,,,,,,,,,,,,,,,火金,,,,,,,月,,,,,,,,,,,,,,,,木,,,,,,,,,,,,,,,,,,,,,,,,,,,,
淀川区,十三元今里,2丁目,9番,,,,,,,,,,,,,,,,火金,,,,,,,月,,,,,,,,,,,,,,,,木,,,,,,,,,,,,,,,,,,,,,,,,,,,,
淀川区,十三元今里,2丁目,10番,軽四輪車(小さい車)で収集している地域,,,,,,火金,,,,,,,,,,,,,,,,,,,月,,,,,,,,,,,,,,,,木,,,,,,,,,,,,,,,,,,,,,,,,,
淀川区,十三元今里,2丁目,10番,上記以外,,,,,,,,,,,,,,,火金,,,,,,,,,,月,,,,,,,,,,,,,,,,木,,,,,,,,,,,,,,,,,,,,,,,,,
淀川区,十三元今里,2丁目,11番,軽四輪車(小さい車)で収集している地域,,,,,,火金,,,,,,,,,,,,,,,,,,,月,,,,,,,,,,,,,,,,木,,,,,,,,,,,,,,,,,,,,,,,,,
淀川区,十三元今里,2丁目,11番,上記以外,,,,,,,,,,,,,,,火金,,,,,,,,,,月,,,,,,,,,,,,,,,,木,,,,,,,,,,,,,,,,,,,,,,,,,
淀川区,十三元今里,2丁目,12番,,,,,,,,,,,,,,,,火金,,,,,,,,月,,,,,,,,,,,,,,,,木,,,,,,,,,,,,,,,,,,,,,,,,,,,
淀川区,十三元今里,2丁目,13番,,,,,,,,,,,,,,,,火金,,,,,,,,月,,,,,,,,,,,,,,,,木,,,,,,,,,,,,,,,,,,,,,,,,,,,
淀川区,十三元今里,2丁目,14番,,,,,,,,,,,,,,,,火金,,,,,,,月,,,,,,,,,,,,,,,,木,,,,,,,,,,,,,,,,,,,,,,,,,,,,
淀川区,十三元今里,2丁目,15番,,,,,,,,,,,,,,,,火金,,,,,,,月,,,,,,,,,,,,,,,,木,,,,,,,,,,,,,,,,,,,,,,,,,,,,
淀川区,十三元今里,2丁目,16番,,,,,,,,,,,,,,,,火金,,,,,,,月,,,,,,,,,,,,,,,,木,,,,,,,,,,,,,,,,,,,,,,,,,,,,
淀川区,十三元今里,2丁目,17番,,,,,,,,,,,,,,,,火金,,,,,,,月,,,,,,,,,,,,,,,,木,,,,,,,,,,,,,,,,,,,,,,,,,,,,
淀川区,十三元今里,2丁目,18番,,,,,,,,,,,,,,,,火金,,,,,,,月,,,,,,,,,,,,,,,,木,,,,,,,,,,,,,,,,,,,,,,,,,,,,
淀川区,十三元今里,2丁目,19番,,,,,,,,,,,,,,,,火金,,,,,,,月,,,,,,,,,,,,,,,,木,,,,,,,,,,,,,,,,,,,,,,,,,,,,
淀川区,十三元今里,2丁目,20番,軽四輪車(小さい車)で収集している地域,,,,,,火金,,,,,,,,,,,,,,,,月,,,,,,,,,,,,,,,,木,,,,,,,,,,,,,,,,,,,,,,,,,,,,
淀川区,十三元今里,2丁目,20番,上記以外,,,,,,,,,,,,,,,火金,,,,,,,月,,,,,,,,,,,,,,,,木,,,,,,,,,,,,,,,,,,,,,,,,,,,,
淀川区,十三元今里,2丁目,21番,軽四輪車(小さい車)で収集している地域,,,,,,火金,,,,,,,,,,,,,,,,月,,,,,,,,,,,,,,,,木,,,,,,,,,,,,,,,,,,,,,,,,,,,,
淀川区,十三元今里,2丁目,21番,上記以外,,,,,,,,,,,,,,,火金,,,,,,,月,,,,,,,,,,,,,,,,木,,,,,,,,,,,,,,,,,,,,,,,,,,,,
淀川区,十三元今里,3丁目,1番,,,,,,,,,,,,,,,,火金,,,,,,,,,,,,,,,,月,,,,,,,,,,,,,,,,木,,,,,,,,,,,,,,,,,,,
淀川区,十三元今里,3丁目,2番,,,,,,,,,,,,,,,,火金,,,,,,,,,,,,,,,,月,,,,,,,,,,,,,,,,木,,,,,,,,,,,,,,,,,,,
淀川区,十三元今里,3丁目,3番,,,,,,,,,,,,,,,,火金,,,,,,,,,,,,,,,,,月,,,,,,,,,,,,,,,,木,,,,,,,,,,,,,,,,,,
淀川区,十三元今里,3丁目,4番,,,,,,,,,,,,,,,,火金,,,,,,,,,,,,,,,,,月,,,,,,,,,,,,,,,,木,,,,,,,,,,,,,,,,,,
淀川区,十八条,1丁目,1番,,,,,,,,,,月木,,,,,,,,,,,,,,,,金,,,,,,,,,,,,,,,,火,,,,,,,,,,,,,,,,,,,,,,,,,
淀川区,十八条,1丁目,2番,,,,,,,,,,月木,,,,,,,,,,,,,,,,金,,,,,,,,,,,,,,,,火,,,,,,,,,,,,,,,,,,,,,,,,,
淀川区,十八条,1丁目,3番,2号(ザ・レジデンス東三国),,,,,,,,,月木,,,,,,,,,,,,,,,,金,,,,,,,,,,,,,,,,火,,,,,,,,,,,,,,,,,,,,,,,,,
淀川区,十八条,1丁目,3番,軽四輪車(小さい車)で収集している地域,,,,,,,,,,,,,,,,月木,,,,,,,,,,,,,,,金,,,,,,,,,,,,,,,,火,,,,,,,,,,,,,,,,,,,
淀川区,十八条,1丁目,3番,11号,,,,月木,,,,,,,,,,,,,,,,,,,,,,,,,,,金,,,,,,,,,,,,,,,,火,,,,,,,,,,,,,,,,,,,
淀川区,十八条,1丁目,3番,上記以外,,,,,,,,,月木,,,,,,,,,,,,,,,,金,,,,,,,,,,,,,,,,火,,,,,,,,,,,,,,,,,,,,,,,,,
淀川区,十八条,1丁目,4番,,,,,,,,,,月木,,,,,,,,,,,,,,,,金,,,,,,,,,,,,,,,,火,,,,,,,,,,,,,,,,,,,,,,,,,
淀川区,十八条,1丁目,5番,軽四輪車(小さい車)で収集している地域,,,,,,,,,,,,,,,,月木,,,,,,,,,,,,,金,,,,,,,,,,,,,,,,,火,,,,,,,,,,,,,,,,,,,,
淀川区,十八条,1丁目,5番,3号,,,,月木,,,,,,,,,,,,,,,,,,,,,,,,,金,,,,,,,,,,,,,,,,,火,,,,,,,,,,,,,,,,,,,,
淀川区,十八条,1丁目,5番,上記以外,,,,,,,,,月木,,,,,,,,,,,,,,,,金,,,,,,,,,,,,,,,,火,,,,,,,,,,,,,,,,,,,,,,,,,
淀川区,十八条,1丁目,6番,軽四輪車(小さい車)で収集している地域,,,,,,,,,,,,,,,,月木,,,,,,,,,,,,,,,金,,,,,,,,,,,,,,,,火,,,,,,,,,,,,,,,,,,,
淀川区,十八条,1丁目,6番,29～35.37.39号,,,,月木,,,,,,,,,,,,,,,,,,,,,,,,,,,金,,,,,,,,,,,,,,,,火,,,,,,,,,,,,,,,,,,,
淀川区,十八条,1丁目,6番,上記以外,,,,,,,,,月木,,,,,,,,,,,,,,,,金,,,,,,,,,,,,,,,,火,,,,,,,,,,,,,,,,,,,,,,,,,
淀川区,十八条,1丁目,7番,軽四輪車(小さい車)で収集している地域,,,,,,,,,,,,,,,,月木,,,,,,,,,金,,,,,,,,,,,,,,,,火,,,,,,,,,,,,,,,,,,,,,,,,,
淀川区,十八条,1丁目,7番,上記以外,,,,,,,,,月木,,,,,,,,,,,,,,,,金,,,,,,,,,,,,,,,,火,,,,,,,,,,,,,,,,,,,,,,,,,
淀川区,十八条,1丁目,8番,,,,,,,,,,月木,,,,,,,,,,,,,金,,,,,,,,,,,,,,,,,火,,,,,,,,,,,,,,,,,,,,,,,,,,,
淀川区,十八条,1丁目,9番,,,,,,,,,,月木,,,,,,,,,,,,,,金,,,,,,,,,,,,,,,,火,,,,,,,,,,,,,,,,,,,,,,,,,,,
淀川区,十八条,1丁目,10番,,,,,,,,,,月木,,,,,,,,,,,,,,金,,,,,,,,,,,,,,,,火,,,,,,,,,,,,,,,,,,,,,,,,,,,
淀川区,十八条,1丁目,11番,,,,,,,,,,月木,,,,,,,,,,,,,,金,,,,,,,,,,,,,,,,火,,,,,,,,,,,,,,,,,,,,,,,,,,,
淀川区,十八条,1丁目,12番,,,,,,,,,,月木,,,,,,,,,,,,,,金,,,,,,,,,,,,,,,,火,,,,,,,,,,,,,,,,,,,,,,,,,,,
淀川区,十八条,1丁目,13番,,,,,,,,,,月木,,,,,,,,,,,,,,金,,,,,,,,,,,,,,,,火,,,,,,,,,,,,,,,,,,,,,,,,,,,
淀川区,十八条,1丁目,14番,,,,,,,,,,月木,,,,,,,,,,,,,,,金,,,,,,,,,,,,,,,火,,,,,,,,,,,,,,,,,,,,,,,,,,,
淀川区,十八条,2丁目,1番,,,,,,,,,,月木,,,,,,,,,,,,,,金,,,,,,,,,,,,,,,,,火,,,,,,,,,,,,,,木,,,,,,,,,,,,
淀川区,十八条,2丁目,2番,,,,,,,,,,月木,,,,,,,,,,,,,,,,金,,,,,,,,,,,,,,,,火,,,,,,,,,,,,,木,,,,,,,,,,,,
淀川区,十八条,2丁目,3番,,,,,,,,,,月木,,,,,,,,,,,,,,,,金,,,,,,,,,,,,,,,,火,,,,,,,,,,,,,木,,,,,,,,,,,,
淀川区,十八条,2丁目,4番,,,,,,,,,,月木,,,,,,,,,,,,,,,,金,,,,,,,,,,,,,,,,火,,,,,,,,,,,,,木,,,,,,,,,,,,
淀川区,十八条,2丁目,5番,,,,,,,,,,月木,,,,,,,,,,,,,,,金,,,,,,,,,,,,,,,,火,,,,,,,,,,,,,,木,,,,,,,,,,,,
淀川区,十八条,2丁目,6番,,,,,,,,,,月木,,,,,,,,,,,,,,金,,,,,,,,,,,,,,,,火,,,,,,,,,,,,,,,木,,,,,,,,,,,,
淀川区,十八条,2丁目,7番,,,,,,,,,,月木,,,,,,,,,,,,,,金,,,,,,,,,,,,,,,,火,,,,,,,,,,,,,,,木,,,,,,,,,,,,
淀川区,十八条,2丁目,8番,軽四輪車(小さい車)で収集している地域,,,月木,,,,,,,,,,,,,,,,,,,,,,,,,,,,金,,,,,,,,,,,,,,,,火,,,,,,,木,,,,,,,,,,,,
淀川区,十八条,2丁目,8番,12.13.15.18.19.21.22.25号,,,,月木,,,,,,,,,,,,,,,,,,,,,,,,,,,金,,,,,,,,,,,,,,,,火,,,,,,,木,,,,,,,,,,,,
淀川区,十八条,2丁目,8番,上記以外,,,,,,,,,月木,,,,,,,,,,,,,,,,金,,,,,,,,,,,,,,,,火,,,,,,,,,,,,,木,,,,,,,,,,,,
淀川区,十八条,2丁目,9番,軽四輪車(小さい車)で収集している地域,,,月木,,,,,,,,,,,,,,,,,,,,,,,,,,,,金,,,,,,,,,,,,,,,,火,,,,,,,木,,,,,,,,,,,,
淀川区,十八条,2丁目,9番,1.2.４～８号,,,,月木,,,,,,,,,,,,,,,,,,,,,,,,,,,金,,,,,,,,,,,,,,,,火,,,,,,,木,,,,,,,,,,,,
淀川区,十八条,2丁目,9番,上記以外,,,,,,,,,月木,,,,,,,,,,,,,,,,金,,,,,,,,,,,,,,,,火,,,,,,,,,,,,,木,,,,,,,,,,,,
淀川区,十八条,2丁目,10番,,,,,,,,,,月木,,,,,,,,,,,,,,金,,,,,,,,,,,,,,,,,火,,,,,,,,,,,,,,木,,,,,,,,,,,,
淀川区,十八条,2丁目,11番,,,,,,,,,,月木,,,,,,,,,,,,,,,,金,,,,,,,,,,,,,,,,火,,,,,,,,,,,,,木,,,,,,,,,,,,
淀川区,十八条,2丁目,12番,,,,,,,,,,月木,,,,,,,,,,,,,,,,金,,,,,,,,,,,,,,,,火,,,,,,,,,,,,,木,,,,,,,,,,,,
淀川区,十八条,2丁目,13番,,,,,,,,,,月木,,,,,,,,,,,,,,,,金,,,,,,,,,,,,,,,,火,,,,,,,,,,,,,木,,,,,,,,,,,,
淀川区,十八条,2丁目,14番,,,,,,,,,,月木,,,,,,,,,,,,,,,,金,,,,,,,,,,,,,,,,火,,,,,,,,,,,,,木,,,,,,,,,,,,
淀川区,十八条,2丁目,15番,軽四輪車(小さい車)で収集している地域,,,,,,,,,,,,,,,,月木,,,,,,,,,,,,,,,金,,,,,,,,,,,,,,,,火,,,,,,,木,,,,,,,,,,,,
淀川区,十八条,2丁目,15番,上記以外,,,,,,,,,月木,,,,,,,,,,,,,,,,金,,,,,,,,,,,,,,,,火,,,,,,,,,,,,,木,,,,,,,,,,,,
淀川区,十八条,2丁目,16番,46号(シティーオアシス東三国),,,,,,月木,,,,,,,,,,,,,,,,,金,,,,,,,,,,,,,,,,火,,,,,,,,,,,,,,,木,,,,,,,,,,,,
淀川区,十八条,2丁目,16番,上記以外,,,,,,,,,月木,,,,,,,,,,,,,,金,,,,,,,,,,,,,,,,火,,,,,,,,,,,,,,,木,,,,,,,,,,,,
淀川区,十八条,2丁目,17番,,,,,,,,,,月木,,,,,,,,,,,,,,,,金,,,,,,,,,,,,,,,,火,,,,,,,,,,,,,木,,,,,,,,,,,,
淀川区,十八条,2丁目,18番,軽四輪車(小さい車)で収集している地域,,,,,,,,,,,,,,,,月木,,,,,,,金,,,,,,,,,,,,,,,,火,,,,,,,,,,,,,,,木,,,,,,,,,,,,
淀川区,十八条,2丁目,18番,110号,,,,月木,,,,,,,,,,,,,,,,,,,金,,,,,,,,,,,,,,,,火,,,,,,,,,,,,,,,木,,,,,,,,,,,,
淀川区,十八条,2丁目,18番,上記以外,,,,,,,,,月木,,,,,,,,,,,,,,金,,,,,,,,,,,,,,,,火,,,,,,,,,,,,,,,木,,,,,,,,,,,,
淀川区,十八条,3丁目,1番,軽四輪車(小さい車)で収集している地域,,,,,,,,,,,,,,,月木,,,,,,,,,,,,,,,,,,金,,,,,,,,,,,,,,,,火,,,,,木,,,,,,,,,,,,
淀川区,十八条,3丁目,1番,上記以外,,,,,,,,,月木,,,,,,,,,,,,,,,,金,,,,,,,,,,,,,,,,火,,,,,,,,,,,,,木,,,,,,,,,,,,
淀川区,十八条,3丁目,2番,軽四輪車(小さい車)で収集している地域,,,,,,,,,,,,,,,月木,,,,,,,,,,,,,,,,,,金,,,,,,,,,,,,,,,,火,,,,,木,,,,,,,,,,,,
淀川区,十八条,3丁目,2番,上記以外,,,,,,,,,月木,,,,,,,,,,,,,,,,金,,,,,,,,,,,,,,,火,,,,,,,,,,,,,,木,,,,,,,,,,,,
淀川区,十八条,3丁目,3番,軽四輪車(小さい車)で収集している地域,,,,,,,,,,,,,,,月木,,,,,,,,,,,,,,,,,,金,,,,,,,,,,,,,,,,火,,,,,木,,,,,,,,,,,,
淀川区,十八条,3丁目,3番,上記以外,,,,,,,,,月木,,,,,,,,,,,,,,,,金,,,,,,,,,,,,,,,,火,,,,,,,,,,,,,木,,,,,,,,,,,,
淀川区,十八条,3丁目,4番,軽四輪車(小さい車)で収集している地域,,,,,,,,,,,,,,,月木,,,,,,,,,,,,,,,,,,金,,,,,,,,,,,,,,,,火,,,,,木,,,,,,,,,,,,
淀川区,十八条,3丁目,4番,上記以外,,,,,,,,,月木,,,,,,,,,,,,,,,,金,,,,,,,,,,,,,,,,火,,,,,,,,,,,,,木,,,,,,,,,,,,
淀川区,十八条,3丁目,5番,軽四輪車(小さい車)で収集している地域,,,,,,,,,,,,,,,月木,,,,,,,,,,金,,,,,,,,,,,,,,,,火,,,,,,,,,,,,,木,,,,,,,,,,,,
淀川区,十八条,3丁目,5番,上記以外,,,,,,,,,月木,,,,,,,,,,,,,,,,金,,,,,,,,,,,,,,,,火,,,,,,,,,,,,,木,,,,,,,,,,,,
淀川区,十八条,3丁目,6番,軽四輪車(小さい車)で収集している地域,,,,,,,,,,,,,,,月木,,,,,,,,,,,,,,,,,,金,,,,,,,,,,,,,,,,火,,,,,木,,,,,,,,,,,,
淀川区,十八条,3丁目,6番,上記以外,,,,,,,,,月木,,,,,,,,,,,,,,,,金,,,,,,,,,,,,,,,,火,,,,,,,,,,,,,木,,,,,,,,,,,,
淀川区,十八条,3丁目,7番,軽四輪車(小さい車)で収集している地域,,,,,,,,,,,,,,,月木,,,,,,,,,,,,,,,,,,金,,,,,,,,,,,,,,,,火,,,,,木,,,,,,,,,,,,
淀川区,十八条,3丁目,7番,上記以外,,,,,,,,,月木,,,,,,,,,,,,,,,,金,,,,,,,,,,,,,,,,火,,,,,,,,,,,,,木,,,,,,,,,,,,
淀川区,十八条,3丁目,8番,軽四輪車(小さい車)で収集している地域,,,,,,,,,,,,,,,,月木,,,,,,,,,,,,,,,,,金,,,,,,,,,,,,,,,,火,,,,,木,,,,,,,,,,,,
淀川区,十八条,3丁目,8番,41号,,,,月木,,,,,,,,,,,,,,,,,,,,,金,,,,,,,,,,,,,,,,火,,,,,,,,,,,,,木,,,,,,,,,,,,
淀川区,十八条,3丁目,8番,上記以外,,,,,,,,,月木,,,,,,,,,,,,,,,,金,,,,,,,,,,,,,,,,火,,,,,,,,,,,,,木,,,,,,,,,,,,
淀川区,十八条,3丁目,9番,,,,,,,,,,月木,,,,,,,,,,,,,,,,金,,,,,,,,,,,,,,,,火,,,,,,,,,,,,,木,,,,,,,,,,,,
淀川区,十八条,3丁目,10番,,,,,,,,,,月木,,,,,,,,,,,,,,,金,,,,,,,,,,,,,,,,火,,,,,,,,,,,,,,木,,,,,,,,,,,,
淀川区,十八条,3丁目,11番,,,,,,,,,,月木,,,,,,,,,,,,,,,金,,,,,,,,,,,,,,,,火,,,,,,,,,,,,,,木,,,,,,,,,,,,
淀川区,十八条,3丁目,12番,,,,,,,,,,月木,,,,,,,,,,,,,,,金,,,,,,,,,,,,,,,,火,,,,,,,,,,,,,,木,,,,,,,,,,,,
淀川区,十八条,3丁目,13番,,,,,,,,,,月木,,,,,,,,,,,,,,,金,,,,,,,,,,,,,,,,火,,,,,,,,,,,,,,木,,,,,,,,,,,,
淀川区,十八条,3丁目,14番,10号(リバーガーデン川辺の森),,,,,,月木,,,,,,,,,,,,,,,,,,金,,,,,,,,,,,,,,,,火,,,,,,,,,,,,,,,,,,,,,,,,,,
淀川区,十八条,3丁目,14番,上記以外,,,,,,,,,月木,,,,,,,,,,,,,,,金,,,,,,,,,,,,,,,,火,,,,,,,,,,,,,,,,,,,,,,,,,,
淀川区,十八条,3丁目,16番,,,,,,,,,,月木,,,,,,,,,,,,,,,,金,,,,,,,,,,,,,,,,火,,,,,,,,,,,,,木,,,,,,,,,,,,
淀川区,十八条,3丁目,17番,,,,,,,,,,月木,,,,,,,,,,,,,,,,金,,,,,,,,,,,,,,,,火,,,,,,,,,,,,,木,,,,,,,,,,,,
淀川区,十八条,3丁目,18番,,,,,,,,,,月木,,,,,,,,,,,,,,,,金,,,,,,,,,,,,,,,,火,,,,,,,,,,,,,木,,,,,,,,,,,,
淀川区,十八条,3丁目,19番,,,,,,,,,,月木,,,,,,,,,,,,,,,,金,,,,,,,,,,,,,,,,火,,,,,,,,,,,,,木,,,,,,,,,,,,
淀川区,新北野,1丁目,1番,,,,,,,,,火金,,,,,,,,,,,,,,月,,,,,,,,,,,,,,,,木,,,,,,,,,,,,,,,,土,,,,,,,,,,,,
淀川区,新北野,1丁目,3番,4号(近鉄淀川リバーサイドマンション),,,,,,火金,,,,,,,,,,,,,,,,月,,,,,,,,,,,,,,,,木,,,,,,,,,,,,,,,,土,,,,,,,,,,,,
淀川区,新北野,1丁目,3番,上記以外,,,,,,,,火金,,,,,,,,,,,,,,月,,,,,,,,,,,,,,,,木,,,,,,,,,,,,,,,,土,,,,,,,,,,,,
淀川区,新北野,1丁目,4番,,,,,,,,,火金,,,,,,,,,,,,,,,,,,,月,,,,,,,,,,,,,,,,木,,,,,,,,,,,土,,,,,,,,,,,,
淀川区,新北野,1丁目,6番,,,,,,,,,火金,,,,,,,,,,,,,,月,,,,,,,,,,,,,,,,木,,,,,,,,,,,,,,,,土,,,,,,,,,,,,
淀川区,新北野,1丁目,7番,,,,,,,,,火金,,,,,,,,,,,,,,,月,,,,,,,,,,,,,,,,木,,,,,,,,,,,,,,,土,,,,,,,,,,,,
淀川区,新北野,1丁目,8番,,,,,,,,,火金,,,,,,,,,,,,,,,,,,月,,,,,,,,,,,,,,,,木,,,,,,,,,,,,土,,,,,,,,,,,,
淀川区,新北野,1丁目,9番,,,,,,,,,火金,,,,,,,,,,,,,,月,,,,,,,,,,,,,,,,木,,,,,,,,,,,,,,,,土,,,,,,,,,,,,
淀川区,新北野,1丁目,10番,3号(新北野第3コーポ),,,,,,火金,,,,,,,,,,,,,,,,,月,,,,,,,,,,,,,,,,木,,,,,,,,,,,,,,,土,,,,,,,,,,,,
淀川区,新北野,1丁目,10番,21号 (新北野ローズハイツ),,,,,,火金,,,,,,,,,,,,,,,,,月,,,,,,,,,,,,,,,,木,,,,,,,,,,,,,,,土,,,,,,,,,,,,
淀川区,新北野,1丁目,10番,上記以外,,,,,,,,火金,,,,,,,,,,,,,,,月,,,,,,,,,,,,,,,,木,,,,,,,,,,,,,,,土,,,,,,,,,,,,
淀川区,新北野,1丁目,11番,23号(ハイム北野),,,,,,火金,,,,,,,,,,,,,,,,月,,,,,,,,,,,,,,,,木,,,,,,,,,,,,,,,,土,,,,,,,,,,,,
淀川区,新北野,1丁目,11番,上記以外,,,,,,,,火金,,,,,,,,,,,,,,月,,,,,,,,,,,,,,,,木,,,,,,,,,,,,,,,,土,,,,,,,,,,,,
淀川区,新北野,1丁目,12番,,,,,,,火金,,,,,,,,,,,,,,,,月,,,,,,,,,,,,,,,,木,,,,,,,,,,,,,,,,土,,,,,,,,,,,,
淀川区,新北野,1丁目,13番,,,,,,,火金,,,,,,,,,,,,,,,,月,,,,,,,,,,,,,,,,木,,,,,,,,,,,,,,,,土,,,,,,,,,,,,
淀川区,新北野,1丁目,14番,,,,,,,火金,,,,,,,,,,,,,,,,月,,,,,,,,,,,,,,,,木,,,,,,,,,,,,,,,,土,,,,,,,,,,,,
淀川区,新北野,2丁目,1番,,,,,,,,,火金,,,,,,,,,,,,,,月,,,,,,,,,,,,,,,,木,,,,,,,,,,,,,,,,土,,,,,,,,,,,,
淀川区,新北野,2丁目,2番,,,,,,,,,火金,,,,,,,,,,,,,,月,,,,,,,,,,,,,,,,木,,,,,,,,,,,,,,,,土,,,,,,,,,,,,
淀川区,新北野,2丁目,3番,,,,,,,,,火金,,,,,,,,,,,,,,月,,,,,,,,,,,,,,,,木,,,,,,,,,,,,,,,,土,,,,,,,,,,,,
淀川区,新北野,2丁目,4番,新北野第2コーポ,,,,,,,,火金,,,,,,,,,,,,,,月,,,,,,,,,,,,,,,,木,,,,,,,,,,,,,,,,土,,,,,,,,,,,,
淀川区,新北野,2丁目,4番,上記以外,,,,,,,,火金,,,,,,,,,,,,,,月,,,,,,,,,,,,,,,,木,,,,,,,,,,,,,,,,土,,,,,,,,,,,,
淀川区,新北野,2丁目,6番,,,,,,,,,火金,,,,,,,,,,,,,,月,,,,,,,,,,,,,,,,木,,,,,,,,,,,,,,,,土,,,,,,,,,,,,
淀川区,新北野,2丁目,7番,,,,,,,,,火金,,,,,,,,,,,,,,月,,,,,,,,,,,,,,,,木,,,,,,,,,,,,,,,,土,,,,,,,,,,,,
淀川区,新北野,2丁目,8番,,,,,,,,,火金,,,,,,,,,,,,,,月,,,,,,,,,,,,,,,,木,,,,,,,,,,,,,,,,土,,,,,,,,,,,,
淀川区,新北野,2丁目,9番,,,,,,,,,火金,,,,,,,,,,,,,,月,,,,,,,,,,,,,,,,木,,,,,,,,,,,,,,,,土,,,,,,,,,,,,
淀川区,新北野,2丁目,10番,,,,,,,,,火金,,,,,,,,,,,,,,月,,,,,,,,,,,,,,,,木,,,,,,,,,,,,,,,,土,,,,,,,,,,,,
淀川区,新北野,2丁目,11番,,,,,,,,,火金,,,,,,,,,,,,,,月,,,,,,,,,,,,,,,,木,,,,,,,,,,,,,,,,土,,,,,,,,,,,,
淀川区,新北野,2丁目,12番,,,,,,,,,火金,,,,,,,,,,,,,,月,,,,,,,,,,,,,,,,木,,,,,,,,,,,,,,,,土,,,,,,,,,,,,
淀川区,新北野,2丁目,13番,,,,,,,,,火金,,,,,,,,,,,,,,月,,,,,,,,,,,,,,,,木,,,,,,,,,,,,,,,,土,,,,,,,,,,,,
淀川区,新北野,3丁目,1番,,,,,,,,,火金,,,,,,,,,,,,,,月,,,,,,,,,,,,,,,,木,,,,,,,,,,,,,,,,土,,,,,,,,,,,,
淀川区,新北野,3丁目,2番,新北野コーポ,,,,,,,,火金,,,,,,,,,,,,,,月,,,,,,,,,,,,,,,,木,,,,,,,,,,,,,,,,土,,,,,,,,,,,,
淀川区,新北野,3丁目,2番,上記以外,,,,,,,,火金,,,,,,,,,,,,,,月,,,,,,,,,,,,,,,,木,,,,,,,,,,,,,,,,土,,,,,,,,,,,,
淀川区,新北野,3丁目,3番,,,,,,,,,火金,,,,,,,,,,,,,,月,,,,,,,,,,,,,,,,木,,,,,,,,,,,,,,,,土,,,,,,,,,,,,
淀川区,新北野,3丁目,4番,,,,,,,,,火金,,,,,,,,,,,,,,月,,,,,,,,,,,,,,,,木,,,,,,,,,,,,,,,,土,,,,,,,,,,,,
淀川区,新北野,3丁目,5番,,,,,,,,,火金,,,,,,,,,,,,,,月,,,,,,,,,,,,,,,,木,,,,,,,,,,,,,,,,土,,,,,,,,,,,,
淀川区,新北野,3丁目,6番,,,,,,,,,火金,,,,,,,,,,,,,,月,,,,,,,,,,,,,,,,木,,,,,,,,,,,,,,,,土,,,,,,,,,,,,
淀川区,新北野,3丁目,7番,,,,,,,,,火金,,,,,,,,,,,,,,月,,,,,,,,,,,,,,,,木,,,,,,,,,,,,,,,,土,,,,,,,,,,,,
淀川区,新北野,3丁目,8番,,,,,,,,,火金,,,,,,,,,,,,,,,月,,,,,,,,,,,,,,,,木,,,,,,,,,,,,,,,土,,,,,,,,,,,,
淀川区,新北野,3丁目,9番,,,,,,,,,火金,,,,,,,,,,,,,,,月,,,,,,,,,,,,,,,,木,,,,,,,,,,,,,,,土,,,,,,,,,,,,
淀川区,新北野,3丁目,10番,,,,,,,,,火金,,,,,,,,,,,,,,,月,,,,,,,,,,,,,,,,木,,,,,,,,,,,,,,,土,,,,,,,,,,,,
淀川区,新北野,3丁目,11番,,,,,,,,,火金,,,,,,,,,,,,,,,月,,,,,,,,,,,,,,,,木,,,,,,,,,,,,,,,土,,,,,,,,,,,,
淀川区,新北野,3丁目,12番,,,,,,,,,火金,,,,,,,,,,,,,,,月,,,,,,,,,,,,,,,,木,,,,,,,,,,,,,,,土,,,,,,,,,,,,
淀川区,新北野,3丁目,13番,18号メゾンドサンセール,,,,,,,,火金,,,,,,,,,,,,,,,月,,,,,,,,,,,,,,,,木,,,,,,,,,,,,,,,土,,,,,,,,,,,,
淀川区,新北野,3丁目,13番,21～27号,,,,,,火金,,,,,,,,,,,,,,,,,月,,,,,,,,,,,,,,,,木,,,,,,,,,,,,,,,土,,,,,,,,,,,,
淀川区,新北野,3丁目,13番,上記以外,,,,,,,,火金,,,,,,,,,,,,,,,月,,,,,,,,,,,,,,,,木,,,,,,,,,,,,,,,土,,,,,,,,,,,,
淀川区,新北野,3丁目,15番,,,,,,,,,火金,,,,,,,,,,,,,,月,,,,,,,,,,,,,,,,木,,,,,,,,,,,,,,,,土,,,,,,,,,,,,
淀川区,新北野,3丁目,16番,軽四輪車(小さい車)で収集している地域,,,,,,,,火金,,,,,,,,,,,,,,月,,,,,,,,,,,,,,,,木,,,,,,,,,,,,,,,,土,,,,,,,,,,,,
淀川区,新北野,3丁目,16番,2~4･6~12･14~17号,,,,,火金,,,,,,,,,,,,,,,,,月,,,,,,,,,,,,,,,,木,,,,,,,,,,,,,,,,土,,,,,,,,,,,,
淀川区,新北野,3丁目,16番,上記以外,,,,,,,,火金,,,,,,,,,,,,,,月,,,,,,,,,,,,,,,,木,,,,,,,,,,,,,,,,土,,,,,,,,,,,,
淀川区,新北野,3丁目,17番,軽四輪車(小さい車)で収集している地域,,,,,,,,火金,,,,,,,,,,,,,,,月,,,,,,,,,,,,,,,,木,,,,,,,,,,,,,,,土,,,,,,,,,,,,
淀川区,新北野,3丁目,17番,14~16･18･19･21･22･24号,,,,,火金,,,,,,,,,,,,,,,,,,月,,,,,,,,,,,,,,,,木,,,,,,,,,,,,,,,土,,,,,,,,,,,,
淀川区,新北野,3丁目,17番,上記以外,,,,,,,,火金,,,,,,,,,,,,,,,月,,,,,,,,,,,,,,,,木,,,,,,,,,,,,,,,土,,,,,,,,,,,,
淀川区,田川,1丁目,1番,,,,,,,,,,,,,,,,火金,,,,,,,,,月,,,,,,,,,,,,,,,,木,,,,,,,,,,,,,,,,,,,,,,,,,,
淀川区,田川,1丁目,2番,,,,,,,,,,,,,,,,火金,,,,,,,,月,,,,,,,,,,,,,,,,木,,,,,,,,,,,,,,,,,,,,,,,,,,,
淀川区,田川,1丁目,3番,,,,,,,,,,,,,,,,火金,,,,,,,,月,,,,,,,,,,,,,,,,木,,,,,,,,,,,,,,,,,,,,,,,,,,,
淀川区,田川,1丁目,4番,,,,,,,,,,,,,,,,火金,,,,,,,,月,,,,,,,,,,,,,,,,木,,,,,,,,,,,,,,,,,,,,,,,,,,,
淀川区,田川,1丁目,5番,,,,,,,,,,,,,,,,火金,,,,,,,,,月,,,,,,,,,,,,,,,,木,,,,,,,,,,,,,,,,,,,,,,,,,,
淀川区,田川,1丁目,6番,,,,,,,,,,,,,,,,火金,,,,,,,,月,,,,,,,,,,,,,,,,木,,,,,,,,,,,,,,,,,,,,,,,,,,,
淀川区,田川,1丁目,7番,,,,,,,,,,,,,,,,火金,,,,,,,,月,,,,,,,,,,,,,,,,木,,,,,,,,,,,,,,,,,,,,,,,,,,,
淀川区,田川,1丁目,8番,,,,,,,,,,,,,,,,火金,,,,,,,,月,,,,,,,,,,,,,,,,木,,,,,,,,,,,,,,,,,,,,,,,,,,,
淀川区,田川,1丁目,9番,,,,,,,,,,,,,,,,火金,,,,,,,,月,,,,,,,,,,,,,,,,木,,,,,,,,,,,,,,,,,,,,,,,,,,,
淀川区,田川,1丁目,10番,,,,,,,,,,,,,,,,火金,,,,,,,,,月,,,,,,,,,,,,,,,,木,,,,,,,,,,,,,,,,,,,,,,,,,,
淀川区,田川,1丁目,11番,,,,,,,,,,,,,,,,火金,,,,,,,月,,,,,,,,,,,,,,,,木,,,,,,,,,,,,,,,,,,,,,,,,,,,,
淀川区,田川,1丁目,12番,,,,,,,,,,,,,,,,火金,,,,,,,月,,,,,,,,,,,,,,,,木,,,,,,,,,,,,,,,,,,,,,,,,,,,,
淀川区,田川,1丁目,13番,軽四輪車(小さい車)で収集している地域,,,,,,火金,,,,,,,,,,,,,,,,月,,,,,,,,,,,,,,,,木,,,,,,,,,,,,,,,,,,,,,,,,,,,,
淀川区,田川,1丁目,13番,上記以外,,,,,,,,,,,,,,,火金,,,,,,,月,,,,,,,,,,,,,,,,木,,,,,,,,,,,,,,,,,,,,,,,,,,,,
淀川区,田川,1丁目,14番,,,,,,,,,,,,,,,,火金,,,,,,,月,,,,,,,,,,,,,,,,木,,,,,,,,,,,,,,,,,,,,,,,,,,,,
淀川区,田川,1丁目,15番,,,,,,,,,,,,,,,,火金,,,,,,,,,月,,,,,,,,,,,,,,,,木,,,,,,,,,,,,,,,,,,,,,,,,,,
淀川区,田川,2丁目,1番,軽四輪車(小さい車)で収集している地域,,,,,,火金,,,,,,,,,,,,,,,,,月,,,,,,,,,,,,,,,,木,,,,,,,,,,,,,,,,,,,,,,,,,,,
淀川区,田川,2丁目,1番,上記以外,,,,,火金,,,,,,,,,,,,,,,,,,月,,,,,,,,,,,,,,,,木,,,,,,,,,,,,,,,,,,,,,,,,,,,
淀川区,田川,2丁目,2番,軽四輪車(小さい車)で収集している地域,,,,,,火金,,,,,,,,,,,,,,,,月,,,,,,,,,,,,,,,,木,,,,,,,,,,,,,,,,,,,,,,,,,,,,
淀川区,田川,2丁目,2番,上記以外,,,,,火金,,,,,,,,,,,,,,,,,月,,,,,,,,,,,,,,,,木,,,,,,,,,,,,,,,,,,,,,,,,,,,,
淀川区,田川,2丁目,3番,ネクストシティーメイツ北野,,,,,,,,火金,,,,,,,,,,,,,,月,,,,,,,,,,,,,,,,木,,,,,,,,,,,,,,,,,,,,,,,,,,,,
淀川区,田川,2丁目,3番,上記以外,,,,,,,,火金,,,,,,,,,,,,,,月,,,,,,,,,,,,,,,,木,,,,,,,,,,,,,,,,,,,,,,,,,,,,
淀川区,田川,2丁目,4番,クレアガーデン北大阪,,,,,,,,火金,,,,,,,,,,,,,,,月,,,,,,,,,,,,,,,,木,,,,,,,,,,,,,,,,,,,,,,,,,,,
淀川区,田川,2丁目,4番,上記以外,,,,,火金,,,,,,,,,,,,,,,,,,月,,,,,,,,,,,,,,,,木,,,,,,,,,,,,,,,,,,,,,,,,,,,
淀川区,田川,2丁目,5番,,,,,,,,,火金,,,,,,,,,,,,,,月,,,,,,,,,,,,,,,,木,,,,,,,,,,,,,,,,,,,,,,,,,,,,
淀川区,田川,2丁目,6番,軽四輪車(小さい車)で収集している地域,,,,,,火金,,,,,,,,,,,,,,,,,月,,,,,,,,,,,,,,,,木,,,,,,,,,,,,,,,,,,,,,,,,,,,
淀川区,田川,2丁目,6番,1号~36号,,,,,火金,,,,,,,,,,,,,,,,,,月,,,,,,,,,,,,,,,,木,,,,,,,,,,,,,,,,,,,,,,,,,,,
淀川区,田川,2丁目,6番,上記以外,,,,,,,,火金,,,,,,,,,,,,,,,月,,,,,,,,,,,,,,,,木,,,,,,,,,,,,,,,,,,,,,,,,,,,
淀川区,田川,2丁目,7番,軽四輪車(小さい車)で収集している地域,,,,,,火金,,,,,,,,,,,,,,,,,月,,,,,,,,,,,,,,,,木,,,,,,,,,,,,,,,,,,,,,,,,,,,
淀川区,田川,2丁目,7番,上記以外,,,,,火金,,,,,,,,,,,,,,,,,,月,,,,,,,,,,,,,,,,木,,,,,,,,,,,,,,,,,,,,,,,,,,,
淀川区,田川,2丁目,8番,軽四輪車(小さい車)で収集している地域,,,,,,火金,,,,,,,,,,,,,,,,月,,,,,,,,,,,,,,,,木,,,,,,,,,,,,,,,,,,,,,,,,,,,,
淀川区,田川,2丁目,8番,上記以外,,,,,火金,,,,,,,,,,,,,,,,,,月,,,,,,,,,,,,,,,,木,,,,,,,,,,,,,,,,,,,,,,,,,,,
淀川区,田川,2丁目,9番,軽四輪車(小さい車)で収集している地域,,,,,火金,,,,,,,,,,,,,,,,,月,,,,,,,,,,,,,,,,木,,,,,,,,,,,,,,,,,,,,,,,,,,,,
淀川区,田川,2丁目,9番,上記以外,,,,,火金,,,,,,,,,,,,,,,,,,月,,,,,,,,,,,,,,,,木,,,,,,,,,,,,,,,,,,,,,,,,,,,
淀川区,田川,3丁目,1番,軽四輪車(小さい車)で収集している地域,,,,,,,,,,,,,,,火金,,,,,,,,,月,,,,,,,,,,,,,,,,木,,,,,,,,,,,,,,,,,,,,,,,,,,
淀川区,田川,3丁目,1番,25～28号,,,,,火金,,,,,,,,,,,,,,,,,,,月,,,,,,,,,,,,,,,,木,,,,,,,,,,,,,,,,,,,,,,,,,,
淀川区,田川,3丁目,1番,39号(小さい車),,,,,火金,,,,,,,,,,,,,,,,,,,月,,,,,,,,,,,,,,,,木,,,,,,,,,,,,,,,,,,,,,,,,,,
淀川区,田川,3丁目,1番,上記以外,,,,,火金,,,,,,,,,,,,,,,,,,,月,,,,,,,,,,,,,,,,木,,,,,,,,,,,,,,,,,,,,,,,,,,
淀川区,田川,3丁目,2番,軽四輪車(小さい車)で収集している地域,,,火金,,,,,,,,,,,,,,,,,,,月,,,,,,,,,,,,,,,,木,,,,,,,,,,,,,,,,,,,,,,,,,,,,
淀川区,田川,3丁目,2番,4~7号（小さい車）,,,火金,,,,,,,,,,,,,,,,,,,月,,,,,,,,,,,,,,,,木,,,,,,,,,,,,,,,,,,,,,,,,,,,,
淀川区,田川,3丁目,2番,上記以外,,,,,火金,,,,,,,,,,,,,,,,,月,,,,,,,,,,,,,,,,木,,,,,,,,,,,,,,,,,,,,,,,,,,,,
淀川区,田川,3丁目,3番,軽四輪車(小さい車)で収集している地域,,,,,火金,,,,,,,,,,,,,,,,,月,,,,,,,,,,,,,,,,木,,,,,,,,,,,,,,,,,,,,,,,,,,,,
淀川区,田川,3丁目,3番,3･25～28号（小さい車）,,,,,火金,,,,,,,,,,,,,,,,,月,,,,,,,,,,,,,,,,木,,,,,,,,,,,,,,,,,,,,,,,,,,,,
淀川区,田川,3丁目,3番,上記以外,,,,,火金,,,,,,,,,,,,,,,,,月,,,,,,,,,,,,,,,,木,,,,,,,,,,,,,,,,,,,,,,,,,,,,
淀川区,田川,3丁目,4番,,,,,,火金,,,,,,,,,,,,,,,,,,,,月,,,,,,,,,,,,,,,,木,,,,,,,,,,,,,,,,,,,,,,,,,
淀川区,田川,3丁目,5番,軽四輪車(小さい車)で収集している地域,,,,,,,,火金,,,,,,,,,,,,,,,,月,,,,,,,,,,,,,,,,木,,,,,,,,,,,,,,,,,,,,,,,,,,
淀川区,田川,3丁目,5番,28号~32号,,,,,火金,,,,,,,,,,,,,,,,,,,月,,,,,,,,,,,,,,,,木,,,,,,,,,,,,,,,,,,,,,,,,,,
淀川区,田川,3丁目,5番,上記以外,,,,,,,,火金,,,,,,,,,,,,,,,,月,,,,,,,,,,,,,,,,木,,,,,,,,,,,,,,,,,,,,,,,,,,
淀川区,田川,3丁目,6番,,,,,,,,,,,,,,,,火金,,,,,,,月,,,,,,,,,,,,,,,,木,,,,,,,,,,,,,,,,,,,,,,,,,,,,
淀川区,田川,3丁目,7番,,,,,,,,,,,,,,,,火金,,,,,,,,月,,,,,,,,,,,,,,,,木,,,,,,,,,,,,,,,,,,,,,,,,,,,
淀川区,田川,3丁目,8番,,,,,,,,,火金,,,,,,,,,,,,,,,,,月,,,,,,,,,,,,,,,,木,,,,,,,,,,,,,,,,,,,,,,,,,
淀川区,田川,3丁目,9番,,,,,,,,,,,,,,,,火金,,,,,,,,,,月,,,,,,,,,,,,,,,,木,,,,,,,,,,,,,,,,,,,,,,,,,
淀川区,田川,3丁目,10番,軽四輪車(小さい車)で収集している地域,,,,,,,,火金,,,,,,,,,,,,,,,,,月,,,,,,,,,,,,,,,,木,,,,,,,,,,,,,,,,,,,,,,,,,
淀川区,田川,3丁目,10番,上記以外,,,,,,,,火金,,,,,,,,,,,,,,,,,月,,,,,,,,,,,,,,,,木,,,,,,,,,,,,,,,,,,,,,,,,,
淀川区,田川,3丁目,12番,,,,,,,,,火金,,,,,,,,,,,,,,,月,,,,,,,,,,,,,,,,木,,,,,,,,,,,,,,,,,,,,,,,,,,,
淀川区,田川北,1丁目,1番,,,,,,火金,,,,,,,,,,,,,,,,,,,,,,,,,,,月,,,,,,,,,,,,,,,,木,,,,,,,,,,,,,,,,,,
淀川区,田川北,1丁目,2番,,,,,,火金,,,,,,,,,,,,,,,,,,,,,,,,,月,,,,,,,,,,,,,,,,木,,,,,,,,,,,,,,,,,,,,
淀川区,田川北,1丁目,3番,,,,,,火金,,,,,,,,,,,,,,,,,,,,,,,,,月,,,,,,,,,,,,,,,,木,,,,,,,,,,,,,,,,,,,,
淀川区,田川北,1丁目,4番,,,,,,火金,,,,,,,,,,,,,,,,,,,,,,,,,,,月,,,,,,,,,,,,,,,,木,,,,,,,,,,,,,,,,,,
淀川区,田川北,1丁目,5番,,,,,,火金,,,,,,,,,,,,,,,,,,,,,,,,,,月,,,,,,,,,,,,,,,,木,,,,,,,,,,,,,,,,,,,
淀川区,田川北,1丁目,6番,,,,,,火金,,,,,,,,,,,,,,,,,,,,,,,,,,,月,,,,,,,,,,,,,,,,木,,,,,,,,,,,,,,,,,,
淀川区,田川北,1丁目,7番,,,,,,火金,,,,,,,,,,,,,,,,,,,,,,,,,,,月,,,,,,,,,,,,,,,,木,,,,,,,,,,,,,,,,,,
淀川区,田川北,1丁目,8番,,,,,,火金,,,,,,,,,,,,,,,,,,,,,,,,,月,,,,,,,,,,,,,,,,木,,,,,,,,,,,,,,,,,,,,
淀川区,田川北,1丁目,9番,,,,,,火金,,,,,,,,,,,,,,,,,,,,,,,,,,月,,,,,,,,,,,,,,,,木,,,,,,,,,,,,,,,,,,,
淀川区,田川北,1丁目,10番,,,,,,火金,,,,,,,,,,,,,,,,,,,,,,,,,,,月,,,,,,,,,,,,,,,,木,,,,,,,,,,,,,,,,,,
淀川区,田川北,1丁目,11番,軽四輪車(小さい車)で収集している地域,,,,,,,,,,火金,,,,,,,,,,,,,,,,,,,,,月,,,,,,,,,,,,,,,,木,,,,,,,,,,,,,,,,,,,
淀川区,田川北,1丁目,11番,上記以外,,,,,火金,,,,,,,,,,,,,,,,,,,,,,,,,,月,,,,,,,,,,,,,,,,木,,,,,,,,,,,,,,,,,,,
淀川区,田川北,1丁目,12番,軽四輪車(小さい車)で収集している地域,,,,,,,,,,火金,,,,,,,,,,,,,,,,,,,,,,月,,,,,,,,,,,,,,,,木,,,,,,,,,,,,,,,,,,
淀川区,田川北,1丁目,12番,上記以外,,,,,火金,,,,,,,,,,,,,,,,,,,,,,,,,,,月,,,,,,,,,,,,,,,,木,,,,,,,,,,,,,,,,,,
淀川区,田川北,1丁目,13番,,,,,,火金,,,,,,,,,,,,,,,,,,,,,,,,,,,月,,,,,,,,,,,,,,,,木,,,,,,,,,,,,,,,,,,
淀川区,田川北,1丁目,14番,,,,,,火金,,,,,,,,,,,,,,,,,,,,,,,,,,,月,,,,,,,,,,,,,,,,木,,,,,,,,,,,,,,,,,,
淀川区,田川北,2丁目,1番,,,,,,火金,,,,,,,,,,,,,,,,,,,,月,,,,,,,,,,,,,,,,木,,,,,,,,,,,,,,,,,,,,,,,,,
淀川区,田川北,2丁目,2番,軽四輪車(小さい車)で収集している地域,,,,,,,,,,火金,,,,,,,,,,,,,,,月,,,,,,,,,,,,,,,,木,,,,,,,,,,,,,,,,,,,,,,,,,
淀川区,田川北,2丁目,2番,上記以外,,,,,火金,,,,,,,,,,,,,,,,,,,,月,,,,,,,,,,,,,,,,木,,,,,,,,,,,,,,,,,,,,,,,,,
淀川区,田川北,2丁目,3番,軽四輪車(小さい車)で収集している地域,,,,,,,,,,火金,,,,,,,,,,,,,,,月,,,,,,,,,,,,,,,,木,,,,,,,,,,,,,,,,,,,,,,,,,
淀川区,田川北,2丁目,3番,6号~8号,,,,,火金,,,,,,,,,,,,,,,,,,,,月,,,,,,,,,,,,,,,,木,,,,,,,,,,,,,,,,,,,,,,,,,
淀川区,田川北,2丁目,3番,28号~35号,,,,,火金,,,,,,,,,,,,,,,,,,,,月,,,,,,,,,,,,,,,,木,,,,,,,,,,,,,,,,,,,,,,,,,
淀川区,田川北,2丁目,3番,44号,,,,,火金,,,,,,,,,,,,,,,,,,,,月,,,,,,,,,,,,,,,,木,,,,,,,,,,,,,,,,,,,,,,,,,
淀川区,田川北,2丁目,3番,46号~50号,,,火金,,,,,,,,,,,,,,,,,,,,,,月,,,,,,,,,,,,,,,,木,,,,,,,,,,,,,,,,,,,,,,,,,
淀川区,田川北,2丁目,3番,上記以外,,,,,,,,火金,,,,,,,,,,,,,,,,,月,,,,,,,,,,,,,,,,木,,,,,,,,,,,,,,,,,,,,,,,,,
淀川区,田川北,2丁目,4番,2号(クレアシティー田川ソルシオ),,,,,,,,火金,,,,,,,,,,,,,,,,,月,,,,,,,,,,,,,,,,木,,,,,,,,,,,,,,,,,,,,,,,,,
淀川区,田川北,2丁目,4番,上記以外,,,,,火金,,,,,,,,,,,,,,,,,,,,月,,,,,,,,,,,,,,,,木,,,,,,,,,,,,,,,,,,,,,,,,,
淀川区,田川北,2丁目,5番,軽四輪車(小さい車)で収集している地域,,,,,,,,,,火金,,,,,,,,,,,,,,,,月,,,,,,,,,,,,,,,,木,,,,,,,,,,,,,,,,,,,,,,,,
淀川区,田川北,2丁目,5番,13号･15号,,,,,,,,火金,,,,,,,,,,,,,,,,,,月,,,,,,,,,,,,,,,,木,,,,,,,,,,,,,,,,,,,,,,,,
淀川区,田川北,2丁目,5番,13号(パセオアンビエンテ),,,,,,,,火金,,,,,,,,,,,,,,,,,,月,,,,,,,,,,,,,,,,木,,,,,,,,,,,,,,,,,,,,,,,,
淀川区,田川北,2丁目,5番,上記以外,,,,,火金,,,,,,,,,,,,,,,,,,,,,月,,,,,,,,,,,,,,,,木,,,,,,,,,,,,,,,,,,,,,,,,
淀川区,田川北,2丁目,6番,,,,,,火金,,,,,,,,,,,,,,,,,,,,月,,,,,,,,,,,,,,,,木,,,,,,,,,,,,,,,,,,,,,,,,,
淀川区,田川北,3丁目,1番,軽四輪車(小さい車)で収集している地域,,,,,,,,,,火金,,,,,,,,,,,,月,,,,,,,,,,,,,,,,木,,,,,,,,,,,,,,,,,,,,,,,,,,,,
淀川区,田川北,3丁目,1番,上記以外,,,,,火金,,,,,,,,,,,,,,,,,,,月,,,,,,,,,,,,,,,,木,,,,,,,,,,,,,,,,,,,,,,,,,,
淀川区,田川北,3丁目,2番,軽四輪車(小さい車)で収集している地域,,,,,,,,火金,,,,,,,,,,,,,,,,,月,,,,,,,,,,,,,,,,木,,,,,,,,,,,,,,,,,,,,,,,,,
淀川区,田川北,3丁目,2番,28号~44号,,,,,火金,,,,,,,,,,,,,,,,,,,,月,,,,,,,,,,,,,,,,木,,,,,,,,,,,,,,,,,,,,,,,,,
淀川区,田川北,3丁目,2番,上記以外,,,,,,,,火金,,,,,,,,,,,,,,,,,月,,,,,,,,,,,,,,,,木,,,,,,,,,,,,,,,,,,,,,,,,,
淀川区,田川北,3丁目,3番,,,,,,火金,,,,,,,,,,,,,,,,,,,月,,,,,,,,,,,,,,,,木,,,,,,,,,,,,,,,,,,,,,,,,,,
淀川区,田川北,3丁目,4番,軽四輪車(小さい車)で収集している地域,,,,,,,,,,火金,,,,,,,,,,,,,,月,,,,,,,,,,,,,,,,木,,,,,,,,,,,,,,,,,,,,,,,,,,
淀川区,田川北,3丁目,4番,上記以外,,,,,,,,火金,,,,,,,,,,,,,,,,月,,,,,,,,,,,,,,,,木,,,,,,,,,,,,,,,,,,,,,,,,,,
淀川区,田川北,3丁目,5番,44号~48号,,,,,火金,,,,,,,,,,,,,,,,,,,月,,,,,,,,,,,,,,,,木,,,,,,,,,,,,,,,,,,,,,,,,,,
淀川区,田川北,3丁目,5番,上記以外,,,,,,,,火金,,,,,,,,,,,,,,,,月,,,,,,,,,,,,,,,,木,,,,,,,,,,,,,,,,,,,,,,,,,,
淀川区,田川北,3丁目,6番,,,,,,火金,,,,,,,,,,,,,,,,,,,月,,,,,,,,,,,,,,,,木,,,,,,,,,,,,,,,,,,,,,,,,,,
淀川区,田川北,3丁目,7番,軽四輪車(小さい車)で収集している地域,,,,,,,,火金,,,,,,,,,,,,,,,月,,,,,,,,,,,,,,,,木,,,,,,,,,,,,,,,,,,,,,,,,,,,
淀川区,田川北,3丁目,7番,上記以外,,,,,,,,火金,,,,,,,,,,,,,,,月,,,,,,,,,,,,,,,,木,,,,,,,,,,,,,,,,,,,,,,,,,,,
淀川区,田川北,3丁目,8番,,,,,,,,,火金,,,,,,,,,,,,,,,月,,,,,,,,,,,,,,,,木,,,,,,,,,,,,,,,,,,,,,,,,,,,
淀川区,田川北,3丁目,9番,,,,,,,,,火金,,,,,,,,,,,,,,,月,,,,,,,,,,,,,,,,木,,,,,,,,,,,,,,,,,,,,,,,,,,,
淀川区,塚本,1丁目,1番,,,,,,,,,火金,,,,,,,,,,,,,,月,,,,,,,,,,,,,,,,木,,,,,,,,,,,,,,,,,,,,,,,,,,,,
淀川区,塚本,1丁目,2番,,,,,,,,,火金,,,,,,,,,,,,,,,,月,,,,,,,,,,,,,,,,木,,,,,,,,,,,,,,,,,,,,,,,,,,
淀川区,塚本,1丁目,3番,軽四輪車(小さい車)で収集している地域,,,,,,,,火金,,,,,,,,,,,,,,,月,,,,,,,,,,,,,,,,木,,,,,,,,,,,,,,,,,,,,,,,,,,,
淀川区,塚本,1丁目,3番,2･12号,,,,,火金,,,,,,,,,,,,,,,,,,月,,,,,,,,,,,,,,,,木,,,,,,,,,,,,,,,,,,,,,,,,,,,
淀川区,塚本,1丁目,3番,上記以外,,,,,,,,火金,,,,,,,,,,,,,,,月,,,,,,,,,,,,,,,,木,,,,,,,,,,,,,,,,,,,,,,,,,,,
淀川区,塚本,1丁目,4番,,,,,,,,,火金,,,,,,,,,,,,,,月,,,,,,,,,,,,,,,,木,,,,,,,,,,,,,,,,,,,,,,,,,,,,
淀川区,塚本,1丁目,5番,,,,,,,,,火金,,,,,,,,,,,,,,月,,,,,,,,,,,,,,,,木,,,,,,,,,,,,,,,,,,,,,,,,,,,,
淀川区,塚本,1丁目,6番,,,,,,,火金,,,,,,,,,,,,,,,,,月,,,,,,,,,,,,,,,,木,,,,,,,,,,,,,,,,,,,,,,,,,,,
淀川区,塚本,1丁目,7番,,,,,,,火金,,,,,,,,,,,,,,,,月,,,,,,,,,,,,,,,,木,,,,,,,,,,,,,,,,,,,,,,,,,,,,
淀川区,塚本,1丁目,8番,,,,,,,火金,,,,,,,,,,,,,,,,,月,,,,,,,,,,,,,,,,木,,,,,,,,,,,,,,,,,,,,,,,,,,,
淀川区,塚本,1丁目,9番,,,,,,,火金,,,,,,,,,,,,,,,,,,月,,,,,,,,,,,,,,,,木,,,,,,,,,,,,,,,,,,,,,,,,,,
淀川区,塚本,1丁目,10番,13~18号,,,,,,火金,,,,,,,,,,,,,,,,,,月,,,,,,,,,,,,,,,,木,,,,,,,,,,,,,,,,,,,,,,,,,,
淀川区,塚本,1丁目,10番,上記以外,,,,,,,,火金,,,,,,,,,,,,,,,,月,,,,,,,,,,,,,,,,木,,,,,,,,,,,,,,,,,,,,,,,,,,
淀川区,塚本,1丁目,11番,,,,,,,,,,火金,,,,,,,,,,,,,,,月,,,,,,,,,,,,,,,,木,,,,,,,,,,,,,,,,,,,,,,,,,,
淀川区,塚本,1丁目,12番,,,,,,,,,,火金,,,,,,,,,,,,,,,月,,,,,,,,,,,,,,,,木,,,,,,,,,,,,,,,,,,,,,,,,,,
淀川区,塚本,1丁目,13番,,,,,,,,,,火金,,,,,,,,,,,,,,,月,,,,,,,,,,,,,,,,木,,,,,,,,,,,,,,,,,,,,,,,,,,
淀川区,塚本,1丁目,14番,,,,,,,,,,火金,,,,,,,,,,,,,,,月,,,,,,,,,,,,,,,,木,,,,,,,,,,,,,,,,,,,,,,,,,,
淀川区,塚本,1丁目,15番,軽四輪車(小さい車)で収集している地域,,,,,,,,火金,,,,,,,,,,,,,,,,月,,,,,,,,,,,,,,,,木,,,,,,,,,,,,,,,,,,,,,,,,,,
淀川区,塚本,1丁目,15番,上記以外,,,,,,,,,火金,,,,,,,,,,,,,,,月,,,,,,,,,,,,,,,,木,,,,,,,,,,,,,,,,,,,,,,,,,,
淀川区,塚本,1丁目,16番,,,,,,,,,,火金,,,,,,,,,,,,,,,月,,,,,,,,,,,,,,,,木,,,,,,,,,,,,,,,,,,,,,,,,,,
淀川区,塚本,1丁目,17番,,,,,,,,,,火金,,,,,,,,,,,,,,,月,,,,,,,,,,,,,,,,木,,,,,,,,,,,,,,,,,,,,,,,,,,
淀川区,塚本,1丁目,18番,,,,,,,,,,火金,,,,,,,,,,,,,,,月,,,,,,,,,,,,,,,,木,,,,,,,,,,,,,,,,,,,,,,,,,,
淀川区,塚本,1丁目,19番,,,,,,,,,,火金,,,,,,,,,,,,,,月,,,,,,,,,,,,,,,,木,,,,,,,,,,,,,,,,,,,,,,,,,,,
淀川区,塚本,2丁目,1番,,,,,,,,,火金,,,,,,,,,,,,,,,,月,,,,,,,,,,,,,,,,木,,,,,,,,,,,,,,,,,,,,,,,,,,
淀川区,塚本,2丁目,2番,,,,,,,,,火金,,,,,,,,,,,,,,,,月,,,,,,,,,,,,,,,,木,,,,,,,,,,,,,,,,,,,,,,,,,,
淀川区,塚本,2丁目,3番,プラウド近本,,,,,,,,火金,,,,,,,,,,,,,,月,,,,,,,,,,,,,,,,木,,,,,,,,,,,,,,,,,,,,,,,,,,,,
淀川区,塚本,2丁目,3番,上記以外,,,,,,,,火金,,,,,,,,,,,,,,月,,,,,,,,,,,,,,,,木,,,,,,,,,,,,,,,,,,,,,,,,,,,,
淀川区,塚本,2丁目,4番,,,,,,,,,火金,,,,,,,,,,,,,,,,月,,,,,,,,,,,,,,,,木,,,,,,,,,,,,,,,,,,,,,,,,,,
淀川区,塚本,2丁目,5番,,,,,,,,,火金,,,,,,,,,,,,,,,,月,,,,,,,,,,,,,,,,木,,,,,,,,,,,,,,,,,,,,,,,,,,
淀川区,塚本,2丁目,6番,,,,,,,,,火金,,,,,,,,,,,,,,月,,,,,,,,,,,,,,,,木,,,,,,,,,,,,,,,,,,,,,,,,,,,,
淀川区,塚本,2丁目,7番,,,,,,,,,火金,,,,,,,,,,,,,,月,,,,,,,,,,,,,,,,木,,,,,,,,,,,,,,,,,,,,,,,,,,,,
淀川区,塚本,2丁目,8番,リーガル塚本,,,,,,,,火金,,,,,,,,,,,,,,月,,,,,,,,,,,,,,,,木,,,,,,,,,,,,,,,,,,,,,,,,,,,,
淀川区,塚本,2丁目,8番,上記以外,,,,,,,,火金,,,,,,,,,,,,,,月,,,,,,,,,,,,,,,,木,,,,,,,,,,,,,,,,,,,,,,,,,,,,
淀川区,塚本,2丁目,9番,,,,,,,,,火金,,,,,,,,,,,,,,月,,,,,,,,,,,,,,,,木,,,,,,,,,,,,,,,,,,,,,,,,,,,,
淀川区,塚本,2丁目,10番,,,,,,,,,火金,,,,,,,,,,,,,,月,,,,,,,,,,,,,,,,木,,,,,,,,,,,,,,,,,,,,,,,,,,,,
淀川区,塚本,2丁目,11番,,,,,,,,,火金,,,,,,,,,,,,,,月,,,,,,,,,,,,,,,,木,,,,,,,,,,,,,,,,,,,,,,,,,,,,
淀川区,塚本,2丁目,12番,プレサンス塚本アバンポート,,,,,,,,火金,,,,,,,,,,,,,,月,,,,,,,,,,,,,,,,木,,,,,,,,,,,,,,,,,,,,,,,,,,,,
淀川区,塚本,2丁目,12番,上記以外,,,,,,,,火金,,,,,,,,,,,,,,月,,,,,,,,,,,,,,,,木,,,,,,,,,,,,,,,,,,,,,,,,,,,,
淀川区,塚本,2丁目,13番,ヴェーヌ塚本,,,,,,,,火金,,,,,,,,,,,,,,月,,,,,,,,,,,,,,,,木,,,,,,,,,,,,,,,,,,,,,,,,,,,,
淀川区,塚本,2丁目,13番,エスティメゾン塚本,,,,,,,,火金,,,,,,,,,,,,,,月,,,,,,,,,,,,,,,,木,,,,,,,,,,,,,,,,,,,,,,,,,,,,
淀川区,塚本,2丁目,13番,上記以外,,,,,,,,火金,,,,,,,,,,,,,,月,,,,,,,,,,,,,,,,木,,,,,,,,,,,,,,,,,,,,,,,,,,,,
淀川区,塚本,2丁目,14番,,,,,,,,,火金,,,,,,,,,,,,,,月,,,,,,,,,,,,,,,,木,,,,,,,,,,,,,,,,,,,,,,,,,,,,
淀川区,塚本,2丁目,15番,,,,,,,,,火金,,,,,,,,,,,,,,月,,,,,,,,,,,,,,,,木,,,,,,,,,,,,,,,,,,,,,,,,,,,,
淀川区,塚本,2丁目,16番,,,,,,,,,火金,,,,,,,,,,,,,,月,,,,,,,,,,,,,,,,木,,,,,,,,,,,,,,,,,,,,,,,,,,,,
淀川区,塚本,2丁目,17番,,,,,,,火金,,,,,,,,,,,,,,,,月,,,,,,,,,,,,,,,,木,,,,,,,,,,,,,,,,,,,,,,,,,,,,
淀川区,塚本,2丁目,18番,,,,,,,火金,,,,,,,,,,,,,,,,月,,,,,,,,,,,,,,,,木,,,,,,,,,,,,,,,,,,,,,,,,,,,,
淀川区,塚本,2丁目,19番,,,,,,,,,火金,,,,,,,,,,,,,,,月,,,,,,,,,,,,,,,,木,,,,,,,,,,,,,,,,,,,,,,,,,,,
淀川区,塚本,2丁目,20番,ブリリア塚本,,,,,,,,火金,,,,,,,,,,,,,,,月,,,,,,,,,,,,,,,,木,,,,,,,,,,,,,,,,,,,,,,,,,,,
淀川区,塚本,2丁目,20番,ルイシャトレ塚本駅前,,,,,,,,火金,,,,,,,,,,,,,,,月,,,,,,,,,,,,,,,,木,,,,,,,,,,,,,,,,,,,,,,,,,,,
淀川区,塚本,2丁目,20番,上記以外,,,,,,,,火金,,,,,,,,,,,,,,,月,,,,,,,,,,,,,,,,木,,,,,,,,,,,,,,,,,,,,,,,,,,,
淀川区,塚本,2丁目,21番,,,,,,,火金,,,,,,,,,,,,,,,,,月,,,,,,,,,,,,,,,,木,,,,,,,,,,,,,,,,,,,,,,,,,,,
淀川区,塚本,2丁目,22番,,,,,,,火金,,,,,,,,,,,,,,,,,月,,,,,,,,,,,,,,,,木,,,,,,,,,,,,,,,,,,,,,,,,,,,
淀川区,塚本,2丁目,23番,,,,,,,火金,,,,,,,,,,,,,,,,,月,,,,,,,,,,,,,,,,木,,,,,,,,,,,,,,,,,,,,,,,,,,,
淀川区,塚本,2丁目,24番,,,,,,,火金,,,,,,,,,,,,,,,,,月,,,,,,,,,,,,,,,,木,,,,,,,,,,,,,,,,,,,,,,,,,,,
淀川区,塚本,2丁目,25番,,,,,,,火金,,,,,,,,,,,,,,,,,月,,,,,,,,,,,,,,,,木,,,,,,,,,,,,,,,,,,,,,,,,,,,
淀川区,塚本,2丁目,26番,,,,,,,火金,,,,,,,,,,,,,,,,月,,,,,,,,,,,,,,,,木,,,,,,,,,,,,,,,,,,,,,,,,,,,,
淀川区,塚本,2丁目,27番,,,,,,,火金,,,,,,,,,,,,,,,,月,,,,,,,,,,,,,,,,木,,,,,,,,,,,,,,,,,,,,,,,,,,,,
淀川区,塚本,2丁目,28番,軽四輪車(小さい車)で収集している地域,,,,,,,,火金,,,,,,,,,,,,,,,月,,,,,,,,,,,,,,,,木,,,,,,,,,,,,,,,,,,,,,,,,,,,
淀川区,塚本,2丁目,28番,9号,,,,,火金,,,,,,,,,,,,,,,,,,月,,,,,,,,,,,,,,,,木,,,,,,,,,,,,,,,,,,,,,,,,,,,
淀川区,塚本,2丁目,28番,上記以外,,,,,,,,火金,,,,,,,,,,,,,,,月,,,,,,,,,,,,,,,,木,,,,,,,,,,,,,,,,,,,,,,,,,,,
淀川区,塚本,2丁目,29番,軽四輪車(小さい車)で収集している地域,,,,,,,,火金,,,,,,,,,,,,,,,月,,,,,,,,,,,,,,,,木,,,,,,,,,,,,,,,,,,,,,,,,,,,
淀川区,塚本,2丁目,29番,上記以外,,,,,,,,火金,,,,,,,,,,,,,,,月,,,,,,,,,,,,,,,,木,,,,,,,,,,,,,,,,,,,,,,,,,,,
淀川区,塚本,3丁目,1番,,,,,,,,,,,,,,,,火金,,,,,,,,月,,,,,,,,,,,,,,,,木,,,,,,,,,,,,,,,,,,,,,,,,,,,
淀川区,塚本,3丁目,2番,エスリード塚本グランセント,,,,,,,,火金,,,,,,,,,,,,,,,月,,,,,,,,,,,,,,,,木,,,,,,,,,,,,,,,,,,,,,,,,,,,
淀川区,塚本,3丁目,2番,上記以外,,,,,,,,,,,,,,,火金,,,,,,,,月,,,,,,,,,,,,,,,,木,,,,,,,,,,,,,,,,,,,,,,,,,,,
淀川区,塚本,3丁目,3番,,,,,,,,,,,,,,,,火金,,,,,,,,月,,,,,,,,,,,,,,,,木,,,,,,,,,,,,,,,,,,,,,,,,,,,
淀川区,塚本,3丁目,4番,,,,,,,,,,,,,,,,火金,,,,,,,,月,,,,,,,,,,,,,,,,木,,,,,,,,,,,,,,,,,,,,,,,,,,,
淀川区,塚本,3丁目,5番,,,,,,,,,,,,,,,,火金,,,,,,,,月,,,,,,,,,,,,,,,,木,,,,,,,,,,,,,,,,,,,,,,,,,,,
淀川区,塚本,3丁目,6番,,,,,,,,,,,,,,,,火金,,,,,,,,月,,,,,,,,,,,,,,,,木,,,,,,,,,,,,,,,,,,,,,,,,,,,
淀川区,塚本,3丁目,7番,,,,,,,,,,,,,,,,火金,,,,,,,,月,,,,,,,,,,,,,,,,木,,,,,,,,,,,,,,,,,,,,,,,,,,,
淀川区,塚本,3丁目,8番,,,,,,,,,,,,,,,,火金,,,,,,,,月,,,,,,,,,,,,,,,,木,,,,,,,,,,,,,,,,,,,,,,,,,,,
淀川区,塚本,3丁目,9番,,,,,,,,,,,,,,,,火金,,,,,,,,,月,,,,,,,,,,,,,,,,木,,,,,,,,,,,,,,,,,,,,,,,,,,
淀川区,塚本,3丁目,10番,,,,,,,,,,,,,,,,火金,,,,,,,,,月,,,,,,,,,,,,,,,,木,,,,,,,,,,,,,,,,,,,,,,,,,,
淀川区,塚本,3丁目,11番,,,,,,,,,,,,,,,,火金,,,,,,,,,月,,,,,,,,,,,,,,,,木,,,,,,,,,,,,,,,,,,,,,,,,,,
淀川区,塚本,3丁目,12番,,,,,,,,,,,,,,,,火金,,,,,,,,,月,,,,,,,,,,,,,,,,木,,,,,,,,,,,,,,,,,,,,,,,,,,
淀川区,塚本,3丁目,13番,,,,,,,,,,,,,,,,火金,,,,,,,,,月,,,,,,,,,,,,,,,,木,,,,,,,,,,,,,,,,,,,,,,,,,,
淀川区,塚本,3丁目,14番,,,,,,,,,,,,,,,,火金,,,,,,,,,月,,,,,,,,,,,,,,,,木,,,,,,,,,,,,,,,,,,,,,,,,,,
淀川区,塚本,3丁目,15番,,,,,,,,,,,,,,,,火金,,,,,,,,,月,,,,,,,,,,,,,,,,木,,,,,,,,,,,,,,,,,,,,,,,,,,
淀川区,塚本,3丁目,16番,,,,,,,,,,,,,,,,火金,,,,,,,,,月,,,,,,,,,,,,,,,,木,,,,,,,,,,,,,,,,,,,,,,,,,,
淀川区,塚本,4丁目,1番,,,,,,,,,,,,,,,,火金,,,,,,,月,,,,,,,,,,,,,,,,木,,,,,,,,,,,,,,,,,,,,,,,,,,,,
淀川区,塚本,4丁目,2番,軽四輪車(小さい車)で収集している地域,,,,,,火金,,,,,,,,,,,,,,,,,,月,,,,,,,,,,,,,,,,木,,,,,,,,,,,,,,,,,,,,,,,,,,
淀川区,塚本,4丁目,2番,1号,,,,,火金,,,,,,,,,,,,,,,,,,,月,,,,,,,,,,,,,,,,木,,,,,,,,,,,,,,,,,,,,,,,,,,
淀川区,塚本,4丁目,2番,上記以外,,,,,,,,,,,,,,,火金,,,,,,,,,月,,,,,,,,,,,,,,,,木,,,,,,,,,,,,,,,,,,,,,,,,,,
淀川区,塚本,4丁目,3番,,,,,,,,,,,,,,,,火金,,,,,,,月,,,,,,,,,,,,,,,,木,,,,,,,,,,,,,,,,,,,,,,,,,,,,
淀川区,塚本,4丁目,4番,,,,,,,,,,,,,,,,火金,,,,,,,,,月,,,,,,,,,,,,,,,,木,,,,,,,,,,,,,,,,,,,,,,,,,,
淀川区,塚本,4丁目,5番,,,,,,,,,,,,,,,,火金,,,,,,,,,月,,,,,,,,,,,,,,,,木,,,,,,,,,,,,,,,,,,,,,,,,,,
淀川区,塚本,4丁目,6番,,,,,,,,,,,,,,,,火金,,,,,,,,,月,,,,,,,,,,,,,,,,木,,,,,,,,,,,,,,,,,,,,,,,,,,
淀川区,塚本,4丁目,7番,軽四輪車(小さい車)で収集している地域,,,,,,火金,,,,,,,,,,,,,,,,,,月,,,,,,,,,,,,,,,,木,,,,,,,,,,,,,,,,,,,,,,,,,,
淀川区,塚本,4丁目,7番,14･22~24号,,,,,火金,,,,,,,,,,,,,,,,,,,月,,,,,,,,,,,,,,,,木,,,,,,,,,,,,,,,,,,,,,,,,,,
淀川区,塚本,4丁目,7番,上記以外,,,,,,,,,,,,,,,火金,,,,,,,,,月,,,,,,,,,,,,,,,,木,,,,,,,,,,,,,,,,,,,,,,,,,,
淀川区,塚本,4丁目,8番,軽四輪車(小さい車)で収集している地域,,,,,,火金,,,,,,,,,,,,,,,,,月,,,,,,,,,,,,,,,,木,,,,,,,,,,,,,,,,,,,,,,,,,,,
淀川区,塚本,4丁目,8番,17･18･20号,,,,,火金,,,,,,,,,,,,,,,,,,月,,,,,,,,,,,,,,,,木,,,,,,,,,,,,,,,,,,,,,,,,,,,
淀川区,塚本,4丁目,8番,15号,,,,,火金,,,,,,,,,,,,,,,,,,月,,,,,,,,,,,,,,,,木,,,,,,,,,,,,,,,,,,,,,,,,,,,
淀川区,塚本,4丁目,8番,上記以外,,,,,,,,,,,,,,,火金,,,,,,,,月,,,,,,,,,,,,,,,,木,,,,,,,,,,,,,,,,,,,,,,,,,,,
淀川区,塚本,4丁目,9番,軽四輪車(小さい車)で収集している地域,,,,,,火金,,,,,,,,,,,,,,,,,月,,,,,,,,,,,,,,,,木,,,,,,,,,,,,,,,,,,,,,,,,,,,
淀川区,塚本,4丁目,9番,15･16号,,,,,火金,,,,,,,,,,,,,,,,,,月,,,,,,,,,,,,,,,,木,,,,,,,,,,,,,,,,,,,,,,,,,,,
淀川区,塚本,4丁目,9番,２~6･8･10･11･17号,,,,,火金,,,,,,,,,,,,,,,,,,月,,,,,,,,,,,,,,,,木,,,,,,,,,,,,,,,,,,,,,,,,,,,
淀川区,塚本,4丁目,9番,上記以外,,,,,,,,,,,,,,,火金,,,,,,,,月,,,,,,,,,,,,,,,,木,,,,,,,,,,,,,,,,,,,,,,,,,,,
淀川区,塚本,4丁目,10番,軽四輪車(小さい車)で収集している地域,,,,,,火金,,,,,,,,,,,,,,,,,月,,,,,,,,,,,,,,,,木,,,,,,,,,,,,,,,,,,,,,,,,,,,
淀川区,塚本,4丁目,10番,8･10･11･16･18~23号,,,,,火金,,,,,,,,,,,,,,,,,,月,,,,,,,,,,,,,,,,木,,,,,,,,,,,,,,,,,,,,,,,,,,,
淀川区,塚本,4丁目,10番,2～6号,,,,,火金,,,,,,,,,,,,,,,,,,月,,,,,,,,,,,,,,,,木,,,,,,,,,,,,,,,,,,,,,,,,,,,
淀川区,塚本,4丁目,10番,上記以外,,,,,,,,,,,,,,,火金,,,,,,,,月,,,,,,,,,,,,,,,,木,,,,,,,,,,,,,,,,,,,,,,,,,,,
淀川区,塚本,4丁目,11番,軽四輪車(小さい車)で収集している地域,,,,,,火金,,,,,,,,,,,,,,,,,月,,,,,,,,,,,,,,,,木,,,,,,,,,,,,,,,,,,,,,,,,,,,
淀川区,塚本,4丁目,11番,19･21号,,,,,火金,,,,,,,,,,,,,,,,,,月,,,,,,,,,,,,,,,,木,,,,,,,,,,,,,,,,,,,,,,,,,,,
淀川区,塚本,4丁目,11番,2･3～7･11･14･15･17･19号,,,,,火金,,,,,,,,,,,,,,,,,,月,,,,,,,,,,,,,,,,木,,,,,,,,,,,,,,,,,,,,,,,,,,,
淀川区,塚本,4丁目,11番,上記以外,,,,,,,,,,,,,,,火金,,,,,,,,月,,,,,,,,,,,,,,,,木,,,,,,,,,,,,,,,,,,,,,,,,,,,
淀川区,塚本,4丁目,12番,,,,,,,,,,,,,,,,火金,,,,,,,,月,,,,,,,,,,,,,,,,木,,,,,,,,,,,,,,,,,,,,,,,,,,,
淀川区,塚本,4丁目,13番,,,,,,,,,,,,,,,,火金,,,,,,,,月,,,,,,,,,,,,,,,,木,,,,,,,,,,,,,,,,,,,,,,,,,,,
淀川区,塚本,4丁目,14番,,,,,,,,,,,,,,,,火金,,,,,,,,月,,,,,,,,,,,,,,,,木,,,,,,,,,,,,,,,,,,,,,,,,,,,
淀川区,塚本,4丁目,15番,,,,,,,,,,,,,,,,火金,,,,,,,,月,,,,,,,,,,,,,,,,木,,,,,,,,,,,,,,,,,,,,,,,,,,,
淀川区,塚本,4丁目,16番,軽四輪車(小さい車)で収集している地域,,,,,,火金,,,,,,,,,,,,,,,,,月,,,,,,,,,,,,,,,,木,,,,,,,,,,,,,,,,,,,,,,,,,,,
淀川区,塚本,4丁目,16番,1~3･5~8･10~21･20-6･20-8号,,,,,火金,,,,,,,,,,,,,,,,,,月,,,,,,,,,,,,,,,,木,,,,,,,,,,,,,,,,,,,,,,,,,,,
淀川区,塚本,4丁目,16番,22･24･25･28号,,,,,火金,,,,,,,,,,,,,,,,,,月,,,,,,,,,,,,,,,,木,,,,,,,,,,,,,,,,,,,,,,,,,,,
淀川区,塚本,4丁目,16番,上記以外,,,,,,,,,,,,,,,火金,,,,,,,,月,,,,,,,,,,,,,,,,木,,,,,,,,,,,,,,,,,,,,,,,,,,,
淀川区,塚本,4丁目,17番,,,,,,,,,,,,,,,,火金,,,,,,,,,月,,,,,,,,,,,,,,,,木,,,,,,,,,,,,,,,,,,,,,,,,,,
淀川区,塚本,5丁目,1番,,,,,,,,,,,,,,,,火金,,,,,,,,,月,,,,,,,,,,,,,,,,木,,,,,,,,,,,,,,,,,,,,,,,,,,
淀川区,塚本,5丁目,2番,,,,,,,,,,,,,,,,火金,,,,,,,,,月,,,,,,,,,,,,,,,,木,,,,,,,,,,,,,,,,,,,,,,,,,,
淀川区,塚本,5丁目,3番,22号(サンクタス塚本),,,,,,,,,,,,,,,火金,,,,,,,,,月,,,,,,,,,,,,,,,,木,,,,,,,,,,,,,,,,,,,,,,,,,,
淀川区,塚本,5丁目,3番,25号(デ・リード塚本),,,,,,,,,,,,,,,火金,,,,,,,,,月,,,,,,,,,,,,,,,,木,,,,,,,,,,,,,,,,,,,,,,,,,,
淀川区,塚本,5丁目,3番,上記以外,,,,,,,,,,,,,,,火金,,,,,,,,,月,,,,,,,,,,,,,,,,木,,,,,,,,,,,,,,,,,,,,,,,,,,
淀川区,塚本,5丁目,4番,,,,,,,,,,,,,,,,火金,,,,,,,,,月,,,,,,,,,,,,,,,,木,,,,,,,,,,,,,,,,,,,,,,,,,,
淀川区,塚本,5丁目,5番,13号ギャラリーコート塚本,,,,,,,,,,,,,,,火金,,,,,,,,,月,,,,,,,,,,,,,,,,木,,,,,,,,,,,,,,,,,,,,,,,,,,
淀川区,塚本,5丁目,5番,上記以外,,,,,,,,,,,,,,,火金,,,,,,,,,月,,,,,,,,,,,,,,,,木,,,,,,,,,,,,,,,,,,,,,,,,,,
淀川区,塚本,5丁目,6番,軽四輪車(小さい車)で収集している地域,,,,,,火金,,,,,,,,,,,,,,,,,,月,,,,,,,,,,,,,,,,木,,,,,,,,,,,,,,,,,,,,,,,,,,
淀川区,塚本,5丁目,6番,21～23･26号,,,,,火金,,,,,,,,,,,,,,,,,,,月,,,,,,,,,,,,,,,,木,,,,,,,,,,,,,,,,,,,,,,,,,,
淀川区,塚本,5丁目,6番,上記以外,,,,,,,,,,,,,,,火金,,,,,,,,,月,,,,,,,,,,,,,,,,木,,,,,,,,,,,,,,,,,,,,,,,,,,
淀川区,塚本,5丁目,7番,,,,,,,,,,,,,,,,火金,,,,,,,,,月,,,,,,,,,,,,,,,,木,,,,,,,,,,,,,,,,,,,,,,,,,,
淀川区,塚本,5丁目,8番,,,,,,,,,,,,,,,,火金,,,,,,,,,月,,,,,,,,,,,,,,,,木,,,,,,,,,,,,,,,,,,,,,,,,,,
淀川区,塚本,5丁目,9番,,,,,,,,,,,,,,,,火金,,,,,,,,,月,,,,,,,,,,,,,,,,木,,,,,,,,,,,,,,,,,,,,,,,,,,
淀川区,塚本,5丁目,10番,,,,,,,,,,,,,,,,火金,,,,,,,,,月,,,,,,,,,,,,,,,,木,,,,,,,,,,,,,,,,,,,,,,,,,,
淀川区,塚本,5丁目,11番,14号(シティーハウス塚本),,,,,,火金,,,,,,,,,,,,,,,,,,月,,,,,,,,,,,,,,,,木,,,,,,,,,,,,,,,,,,,,,,,,,,
淀川区,塚本,5丁目,11番,上記以外,,,,,,,,,,,,,,,火金,,,,,,,,,月,,,,,,,,,,,,,,,,木,,,,,,,,,,,,,,,,,,,,,,,,,,
淀川区,塚本,5丁目,12番,1~5･13号,,,,,,,,,,,,,,,火金,,,,,,,,,月,,,,,,,,,,,,,,,,木,,,,,,,,,,,,,,,,,,,,,,,,,,
淀川区,塚本,5丁目,12番,上記以外,,,,,,,,,,,,,,,火金,,,,,,,,,月,,,,,,,,,,,,,,,,木,,,,,,,,,,,,,,,,,,,,,,,,,,
淀川区,塚本,6丁目,1番,,,,,,,,,,,,,,,,火金,,,,,,,,,月,,,,,,,,,,,,,,,,木,,,,,,,,,,,,,,,,,,,,,,,,,,
淀川区,塚本,6丁目,2番,,,,,,,,,,,,,,,,火金,,,,,,,,,月,,,,,,,,,,,,,,,,木,,,,,,,,,,,,,,,,,,,,,,,,,,
淀川区,塚本,6丁目,3番,1号(ジェイグランシティー塚本),,,,,,,,,,,,,,,火金,,,,,,,,,月,,,,,,,,,,,,,,,,木,,,,,,,,,,,,,,,,,,,,,,,,,,
淀川区,塚本,6丁目,3番,33号(ジェイグラン塚本),,,,,,,,,,,,,,,火金,,,,,,,,,月,,,,,,,,,,,,,,,,木,,,,,,,,,,,,,,,,,,,,,,,,,,
淀川区,塚本,6丁目,3番,上記以外,,,,,,,,,,,,,,,火金,,,,,,,,,月,,,,,,,,,,,,,,,,木,,,,,,,,,,,,,,,,,,,,,,,,,,
淀川区,塚本,6丁目,4番,,,,,,,,,,,,,,,,火金,,,,,,,,,月,,,,,,,,,,,,,,,,木,,,,,,,,,,,,,,,,,,,,,,,,,,
淀川区,塚本,6丁目,5番,3号(愛和マンション),,,,,,,,,,,,,,,火金,,,,,,,,,月,,,,,,,,,,,,,,,,木,,,,,,,,,,,,,,,,,,,,,,,,,,
淀川区,塚本,6丁目,5番,13号(ギャラリーコート塚本),,,,,,,,,,,,,,,火金,,,,,,,,,月,,,,,,,,,,,,,,,,木,,,,,,,,,,,,,,,,,,,,,,,,,,
淀川区,塚本,6丁目,5番,3･19~29号,,,,,,,,,,,,,,,火金,,,,,,,,,月,,,,,,,,,,,,,,,,木,,,,,,,,,,,,,,,,,,,,,,,,,,
淀川区,塚本,6丁目,5番,上記以外,,,,,,,,,,,,,,,火金,,,,,,,,,月,,,,,,,,,,,,,,,,木,,,,,,,,,,,,,,,,,,,,,,,,,,
淀川区,塚本,6丁目,6番,1~10号,,,,,,,,,,,,,,,火金,,,,,,,,,月,,,,,,,,,,,,,,,,木,,,,,,,,,,,,,,,,,,,,,,,,,,
淀川区,塚本,6丁目,6番,上記以外,,,,,,,,,,,,,,,火金,,,,,,,,,月,,,,,,,,,,,,,,,,木,,,,,,,,,,,,,,,,,,,,,,,,,,
淀川区,塚本,6丁目,7番,,,,,,,,,,,,,,,,火金,,,,,,,,,月,,,,,,,,,,,,,,,,木,,,,,,,,,,,,,,,,,,,,,,,,,,
淀川区,塚本,6丁目,8番,,,,,,,,,,,,,,,,火金,,,,,,,,,月,,,,,,,,,,,,,,,,木,,,,,,,,,,,,,,,,,,,,,,,,,,
淀川区,塚本,6丁目,9番,,,,,,,,,,,,,,,,火金,,,,,,,,,月,,,,,,,,,,,,,,,,木,,,,,,,,,,,,,,,,,,,,,,,,,,
淀川区,塚本,6丁目,10番,1号(パレスフォー塚本Ⅱ),,,,,,,,,,,,,,,火金,,,,,,,,,月,,,,,,,,,,,,,,,,木,,,,,,,,,,,,,,,,,,,,,,,,,,
淀川区,塚本,6丁目,10番,上記以外,,,,,,,,,,,,,,,火金,,,,,,,,,月,,,,,,,,,,,,,,,,木,,,,,,,,,,,,,,,,,,,,,,,,,,
淀川区,塚本,6丁目,11番,軽四輪車(小さい車)で収集している地域,,,,,,,,火金,,,,,,,,,,,,,,,,月,,,,,,,,,,,,,,,,木,,,,,,,,,,,,,,,,,,,,,,,,,,
淀川区,塚本,6丁目,11番,8･10･12~15号,,,,,火金,,,,,,,,,,,,,,,,,,,月,,,,,,,,,,,,,,,,木,,,,,,,,,,,,,,,,,,,,,,,,,,
淀川区,塚本,6丁目,11番,上記以外,,,,,,,,,,,,,,,火金,,,,,,,,,月,,,,,,,,,,,,,,,,木,,,,,,,,,,,,,,,,,,,,,,,,,,
淀川区,新高,1丁目,1番,エクセレント21,,,,,,,,火金,,,,,,,,,,,,,,,,,,,,月,,,,,,,,,,,,,,,,木,,,,,,,,,,,,木,,,,,,,,,,
淀川区,新高,1丁目,1番,上記以外,,,,,,,,火金,,,,,,,,,,,,,,,,,,,,月,,,,,,,,,,,,,,,,木,,,,,,,,,,,,木,,,,,,,,,,
淀川区,新高,1丁目,2番,明日香壱番館,,,,,,,,火金,,,,,,,,,,,,,,,,,,,月,,,,,,,,,,,,,,,,木,,,,,,,,,,,,,木,,,,,,,,,,
淀川区,新高,1丁目,2番,シャトレ谷山,,,,,,,,火金,,,,,,,,,,,,,,,,,,,月,,,,,,,,,,,,,,,,木,,,,,,,,,,,,,木,,,,,,,,,,
淀川区,新高,1丁目,2番,上記以外,,,,,,,,火金,,,,,,,,,,,,,,,,,,,月,,,,,,,,,,,,,,,,木,,,,,,,,,,,,,木,,,,,,,,,,
淀川区,新高,1丁目,3番,ルイシャトレ三国,,,,,,,,火金,,,,,,,,,,,,,,,,,,,,月,,,,,,,,,,,,,,,,木,,,,,,,,,,,,木,,,,,,,,,,
淀川区,新高,1丁目,3番,上記以外,,,,,,,,火金,,,,,,,,,,,,,,,,,,,,月,,,,,,,,,,,,,,,,木,,,,,,,,,,,,木,,,,,,,,,,
淀川区,新高,1丁目,4番,,,,,,,,,火金,,,,,,,,,,,,,,,,,,,,月,,,,,,,,,,,,,,,,木,,,,,,,,,,,,木,,,,,,,,,,
淀川区,新高,1丁目,5番,,,,,,,,,火金,,,,,,,,,,,,,,,,,,,,月,,,,,,,,,,,,,,,,木,,,,,,,,,,,,,,,,,,,木,,,
淀川区,新高,1丁目,6番,,,,,,,,,火金,,,,,,,,,,,,,,,,,,,,月,,,,,,,,,,,,,,,,木,,,,,,,,,,,,,,,,,,,木,,,
淀川区,新高,1丁目,7番,,,,,,,,,火金,,,,,,,,,,,,,,,,,,,,月,,,,,,,,,,,,,,,,木,,,,,,,,,,,,,,,,,,,木,,,
淀川区,新高,1丁目,8番,,,,,,,,,火金,,,,,,,,,,,,,,,,,,,,月,,,,,,,,,,,,,,,,木,,,,,,,,,,,,,,木,,,,,,,,
淀川区,新高,1丁目,9番,,,,,,,,,火金,,,,,,,,,,,,,,,,,,,,月,,,,,,,,,,,,,,,,木,,,,,,,,,,,,,,,,,,,木,,,
淀川区,新高,1丁目,10番,13号(ライオンズ三国),,,,,,,,火金,,,,,,,,,,,,,,,,,月,,,,,,,,,,,,,,,,木,,,,,,,,,,,,,,,,,,,,,,木,,,
淀川区,新高,1丁目,10番,上記以外,,,,,,,,火金,,,,,,,,,,,,,,,,,,月,,,,,,,,,,,,,,,,木,,,,,,,,,,,,,,,,,,,,,木,,,
淀川区,新高,1丁目,11番,,,,,,,,,火金,,,,,,,,,,,,,,,,,,,,,月,,,,,,,,,,,,,,,,木,,,,,,,,,,,,,,,,,,木,,,
淀川区,新高,1丁目,12番,レックスタウンし新高1号館＆2号館,,,,,,火金,,,,,,,,,,,,,,,,,,,,,,,月,,,,,,,,,,,,,,,,木,,,,,,,,,,,,,,,,,,,木,,
淀川区,新高,1丁目,12番,上記以外,,,,,,,,火金,,,,,,,,,,,,,,,,,,,,,月,,,,,,,,,,,,,,,,木,,,,,,,,,,,,,,,,,,,木,,
淀川区,新高,1丁目,13番,新高レックスマンション,,,,,,火金,,,,,,,,,,,,,,,,,,,,,,,月,,,,,,,,,,,,,,,,木,,,,,,,,,,,,,,,,,,木,,,
淀川区,新高,1丁目,13番,上記以外,,,,,,,,火金,,,,,,,,,,,,,,,,,,,,,月,,,,,,,,,,,,,,,,木,,,,,,,,,,,,,,,,,,木,,,
淀川区,新高,1丁目,14番,,,,,,,,,火金,,,,,,,,,,,,,,,,,,,,,月,,,,,,,,,,,,,,,,木,,,,,,,,,,,,,,,,,,木,,,
淀川区,新高,1丁目,15番,34号(ファミール北大阪マークス),,,,,,,,火金,,,,,,,,,,,,,,,,,,,,,月,,,,,,,,,,,,,,,,木,,,,,,,,,,,,,,,,,,木,,,
淀川区,新高,1丁目,15番,39号(ブランズ三国サウスレジデンス),,,,,,,,火金,,,,,,,,,,,,,,,,,,,,,月,,,,,,,,,,,,,,,,木,,,,,,,,,,,,,,,,,,木,,,
淀川区,新高,1丁目,15番,上記以外,,,,,,,,火金,,,,,,,,,,,,,,,,,,,,,月,,,,,,,,,,,,,,,,木,,,,,,,,,,,,,,,,,,木,,,
淀川区,新高,1丁目,16番,,,,,,,,,火金,,,,,,,,,,,,,,,,,,,,,月,,,,,,,,,,,,,,,,木,,,,,,,,,,,,,,,,,,,木,,
淀川区,新高,2丁目,1番,,,,,,,,,火金,,,,,,,,,,,,,,,,,,,,,月,,,,,,,,,,,,,,,,木,,,,,,,,,,,,,,,,,,木,,,
淀川区,新高,2丁目,2番,27号(ユアサハイム新高),,,,,,,,火金,,,,,,,,,,,,,,,,,,,,,月,,,,,,,,,,,,,,,,木,,,,,,,,,,,,,,,,,,,木,,
淀川区,新高,2丁目,2番,上記以外,,,,,,,,火金,,,,,,,,,,,,,,,,,,,,,月,,,,,,,,,,,,,,,,木,,,,,,,,,,,,,,,,,,,木,,
淀川区,新高,2丁目,3番,,,,,,,,,火金,,,,,,,,,,,,,,,,,,,,,月,,,,,,,,,,,,,,,,木,,,,,,,,,,,,,,,,,,木,,,
淀川区,新高,2丁目,4番,,,,,,,,,火金,,,,,,,,,,,,,,,,,,,,,月,,,,,,,,,,,,,,,,木,,,,,,,,,,,,,,,,,,木,,,
淀川区,新高,2丁目,5番,,,,,,,,,火金,,,,,,,,,,,,,,月,,,,,,,,,,,,,,,,木,,,,,,,,,,,,,,,,,,,,,,,,,,木,,
淀川区,新高,2丁目,6番,28号（ファミールライトコート北大阪）,,,,,,火金,,,,,,,,,,,,,,,,,,,,,,,月,,,,,,,,,,,,,,,,木,,,,,,,,,,,,,,,,,,,木,,
淀川区,新高,2丁目,6番,上記以外,,,,,,,,火金,,,,,,,,,,,,,,,,,,,,,月,,,,,,,,,,,,,,,,木,,,,,,,,,,,,,,,,,,,木,,
淀川区,新高,2丁目,7番,,,,,,,,,火金,,,,,,,,,,,,,,,,,,,,,月,,,,,,,,,,,,,,,,木,,,,,,,,,,,,,,,,,,木,,,
淀川区,新高,2丁目,8番,,,,,,,,,火金,,,,,,,,,,,,,,,,,,,,,月,,,,,,,,,,,,,,,,木,,,,,,,,,,,,,,,,,,木,,,
淀川区,新高,2丁目,9番,,,,,,,,,火金,,,,,,,,,,,,,,,,,,,,,月,,,,,,,,,,,,,,,,木,,,,,,,,,,,,,,,,,,木,,,
淀川区,新高,2丁目,10番,,,,,,,,,火金,,,,,,,,,,,,,,,,,,,,,月,,,,,,,,,,,,,,,,木,,,,,,,,,,,,,,,,,,,木,,
淀川区,新高,2丁目,11番,,,,,,,,,火金,,,,,,,,,,,,,,,,,,,,,月,,,,,,,,,,,,,,,,木,,,,,,,,,,,,,,,,,,,木,,
淀川区,新高,2丁目,12番,,,,,,,,,火金,,,,,,,,,,,,,,,,,,,,,月,,,,,,,,,,,,,,,,木,,,,,,,,,,,,,,,,,,,木,,
淀川区,新高,2丁目,13番,,,,,,,,,火金,,,,,,,,,,,,,,,,,,,,,月,,,,,,,,,,,,,,,,木,,,,,,,,,,,,,,,,,,,木,,
淀川区,新高,2丁目,14番,,,,,,,,,火金,,,,,,,,,,,,,,,,,,,,,月,,,,,,,,,,,,,,,,木,,,,,,,,,,,,,,,,,,,木,,
淀川区,新高,2丁目,15番,3号(パークスクウェア北大阪),,,,,,火金,,,,,,,,,,,,,,,,,,,,,,,月,,,,,,,,,,,,,,,,木,,,,,,,,,,,,,,,,,,,木,,
淀川区,新高,2丁目,15番,上記以外,,,,,,,,火金,,,,,,,,,,,,,,,,,,,,,月,,,,,,,,,,,,,,,,木,,,,,,,,,,,,,,,,,,,木,,
淀川区,新高,2丁目,16番,,,,,,,,,火金,,,,,,,,,,,,,,,,,,,,,月,,,,,,,,,,,,,,,,木,,,,,,,,,,,,,,,,,,,木,,
淀川区,新高,2丁目,17番,,,,,,,,,,火金,,,,,,,,,,,,,,,,,,,,月,,,,,,,,,,,,,,,,木,,,,,,,,,,,,,,,,,,,木,,
淀川区,新高,2丁目,18番,,,,,,,,,,火金,,,,,,,,,,,,,,,,,,,,月,,,,,,,,,,,,,,,,木,,,,,,,,,,,,,,,,,,,木,,
淀川区,新高,2丁目,19番,,,,,,,,,,火金,,,,,,,,,,,,,,,,,,,,月,,,,,,,,,,,,,,,,木,,,,,,,,,,,,,,,,,,,木,,
淀川区,新高,3丁目,1番,8号(ブランズ三国ステーションレジデンス),,,,,,,,,,,,,,,,,火金,,,,,,,,,,,,月,,,,,,,,,,,,,,,,木,,,,,,,,,,,木,,,,,,,,,,
淀川区,新高,3丁目,1番,上記以外,,,,,,火金,,,,,,,,,,,,,,,,,,,,,,,月,,,,,,,,,,,,,,,,木,,,,,,,,,,,,木,,,,,,,,,
淀川区,新高,3丁目,2番,,,,,,,火金,,,,,,,,,,,,,,,,,,,,,,,月,,,,,,,,,,,,,,,,木,,,,,,,,,,,,,,,,,,木,,,
淀川区,新高,3丁目,3番,,,,,,,火金,,,,,,,,,,,,,,,,,,,,,,,月,,,,,,,,,,,,,,,,木,,,,,,,,,,,,木,,,,,,,,,
淀川区,新高,3丁目,4番,ダイアパレス三国,,,,,,火金,,,,,,,,,,,,,,,,月,,,,,,,,,,,,,,,,木,,,,,,,,,,,,,,,,,,木,,,,,,,,,,
淀川区,新高,3丁目,4番,上記以外,,,,,,火金,,,,,,,,,,,,,,,,月,,,,,,,,,,,,,,,,木,,,,,,,,,,,,,,,,,,木,,,,,,,,,,
淀川区,新高,3丁目,5番,,,,,,,火金,,,,,,,,,,,,,,,,月,,,,,,,,,,,,,,,,木,,,,,,,,,,,,,,,,,,木,,,,,,,,,,
淀川区,新高,3丁目,6番,,,,,,,火金,,,,,,,,,,,,,,,,月,,,,,,,,,,,,,,,,木,,,,,,,,,,,,,,,,,,木,,,,,,,,,,
淀川区,新高,3丁目,7番,,,,,,,火金,,,,,,,,,,,,,,,,月,,,,,,,,,,,,,,,,木,,,,,,,,,,,,,,,,,,木,,,,,,,,,,
淀川区,新高,3丁目,8番,,,,,,,火金,,,,,,,,,,,,,,,,月,,,,,,,,,,,,,,,,木,,,,,,,,,,,,,,,,,,木,,,,,,,,,,
淀川区,新高,3丁目,9番,,,,,,,火金,,,,,,,,,,,,,,,,月,,,,,,,,,,,,,,,,木,,,,,,,,,,,,,,,,,,木,,,,,,,,,,
淀川区,新高,3丁目,10番,,,,,,,火金,,,,,,,,,,,,,,,,月,,,,,,,,,,,,,,,,木,,,,,,,,,,,,,,,,,,木,,,,,,,,,,
淀川区,新高,3丁目,11番,3号(リーザス大阪),,,,,,,,,,,,,,,,,火金,,,,,月,,,,,,,,,,,,,,,,木,,,,,,,,,,,,,,,,,,木,,,,,,,,,,
淀川区,新高,3丁目,11番,上記以外,,,,,,火金,,,,,,,,,,,,,,,,,,,,,,月,,,,,,,,,,,,,,,,木,,,,,,,,,,,,木,,,,,,,,,,
淀川区,新高,4丁目,1番,FEEL三国,,,,,,火金,,,,,,,,,,,,,,,,月,,,,,,,,,,,,,,,,木,,,,,,,,,,,,,,,,,,木,,,,,,,,,,
淀川区,新高,4丁目,1番,エスポアール三国,,,,,,火金,,,,,,,,,,,,,,,,月,,,,,,,,,,,,,,,,木,,,,,,,,,,,,,,,,,,木,,,,,,,,,,
淀川区,新高,4丁目,1番,アルチコンテント新高,,,,,,火金,,,,,,,,,,,,,,,,月,,,,,,,,,,,,,,,,木,,,,,,,,,,,,,,,,,,木,,,,,,,,,,
淀川区,新高,4丁目,1番,KDA大阪45,,,,,,火金,,,,,,,,,,,,,,,,月,,,,,,,,,,,,,,,,木,,,,,,,,,,,,,,,,,,木,,,,,,,,,,
淀川区,新高,4丁目,1番,三国ハイツ,,,,,,火金,,,,,,,,,,,,,,,,月,,,,,,,,,,,,,,,,木,,,,,,,,,,,,,,,,,,木,,,,,,,,,,
淀川区,新高,4丁目,1番,上記以外,,,,,,,,,火金,,,,,,,,,,,,,月,,,,,,,,,,,,,,,,木,,,,,,,,,,,,,,,,,,木,,,,,,,,,,
淀川区,新高,4丁目,2番,,,,,,,,,,火金,,,,,,,,,,,,,,,,,,,,月,,,,,,,,,,,,,,,,木,,,,,,,,,,,,,,,,,,木,,,
淀川区,新高,4丁目,3番,,,,,,,,,,火金,,,,,,,,,,,,,月,,,,,,,,,,,,,,,,木,,,,,,,,,,,,,,,,,,,,,,,,,木,,,
淀川区,新高,4丁目,4番,,,,,,,,,,火金,,,,,,,,,,,,,月,,,,,,,,,,,,,,,,木,,,,,,,,,,,,,,,,,,,,,,,,,木,,,
淀川区,新高,4丁目,5番,,,,,,,,,,火金,,,,,,,,,,,,,月,,,,,,,,,,,,,,,,木,,,,,,,,,,,,,,,,,,,,,,,,,木,,,
淀川区,新高,4丁目,6番,,,,,,,,,,火金,,,,,,,,,,,,,,,,,,,,月,,,,,,,,,,,,,,,,木,,,,,,,,,,,,,,,,,,木,,,
淀川区,新高,4丁目,7番,,,,,,,,,,火金,,,,,,,,,,,,,月,,,,,,,,,,,,,,,,木,,,,,,,,,,,,,,,,,,,,,,,,,木,,,
淀川区,新高,4丁目,8番,,,,,,,,,,火金,,,,,,,,,,,,,月,,,,,,,,,,,,,,,,木,,,,,,,,,,,,,,,,,,,,,,,,,木,,,
淀川区,新高,4丁目,9番,,,,,,,,,,火金,,,,,,,,,,,,,月,,,,,,,,,,,,,,,,木,,,,,,,,,,,,,,,,,,,,,,,,,木,,,
淀川区,新高,4丁目,10番,,,,,,,,,,火金,,,,,,,,,,,,,月,,,,,,,,,,,,,,,,木,,,,,,,,,,,,,,,,,,,,,,,,,木,,,
淀川区,新高,4丁目,11番,市営新高住宅,,,,,,,,,火金,,,,,,,,,,,,,月,,,,,,,,,,,,,,,,木,,,,,,,,,,,,,,,,,,,,,,,,,木,,,
淀川区,新高,4丁目,11番,上記以外,,,,,,,,,火金,,,,,,,,,,,,,月,,,,,,,,,,,,,,,,木,,,,,,,,,,,,,,,,,,,,,,,,,木,,,
淀川区,新高,4丁目,12番,,,,,,,,,,火金,,,,,,,,,,,,,月,,,,,,,,,,,,,,,,木,,,,,,,,,,,,,,,,,,,,,,,,,木,,,
淀川区,新高,4丁目,13番,,,,,,,,,,火金,,,,,,,,,,,,,月,,,,,,,,,,,,,,,,木,,,,,,,,,,,,,,,,,,,,,,,,,木,,,
淀川区,新高,4丁目,14番,,,,,,,,,,火金,,,,,,,,,,,,,月,,,,,,,,,,,,,,,,木,,,,,,,,,,,,,,,,,,,,,,,,,,木,,
淀川区,新高,4丁目,15番,21号 (キングスクウェア北大阪),,,,,,火金,,,,,,,,,,,,,,,,月,,,,,,,,,,,,,,,,木,,,,,,,,,,,,,,,,,,,,,,,,,,木,,
淀川区,新高,4丁目,15番,上記以外,,,,,,,,,火金,,,,,,,,,,,,,月,,,,,,,,,,,,,,,,木,,,,,,,,,,,,,,,,,,,,,,,,,,木,,
淀川区,新高,5丁目,1番,,,,,,,,,,火金,,,,,,,,,,,,,月,,,,,,,,,,,,,,,,木,,,,,,,,,,,,,,,,,,,,,,,,,,木,,
淀川区,新高,5丁目,2番,,,,,,,,,,火金,,,,,,,,,,,,,月,,,,,,,,,,,,,,,,木,,,,,,,,,,,,,,,,,,,,,,,,,,木,,
淀川区,新高,5丁目,3番,,,,,,,,,,火金,,,,,,,,,,,,,月,,,,,,,,,,,,,,,,木,,,,,,,,,,,,,,,,,,,,,,,,,,木,,
淀川区,新高,5丁目,4番,軽四輪車(小さい車)で収集している地域,,,,,,火金,,,,,,,,,,,,,,,,月,,,,,,,,,,,,,,,,木,,,,,,,,,,,,,,,,,,,,,,,,,,木,,
淀川区,新高,5丁目,4番,上記以外,,,,,,,,,火金,,,,,,,,,,,,,月,,,,,,,,,,,,,,,,木,,,,,,,,,,,,,,,,,,,,,,,,,,木,,
淀川区,新高,5丁目,5番,,,,,,,,,,火金,,,,,,,,,,,,,月,,,,,,,,,,,,,,,,木,,,,,,,,,,,,,,,,,,,,,,,,,,木,,
淀川区,新高,5丁目,6番,,,,,,,,,,火金,,,,,,,,,,,,,月,,,,,,,,,,,,,,,,木,,,,,,,,,,,,,,,,,,,,,,,,,,木,,
淀川区,新高,5丁目,7番,,,,,,,,,,火金,,,,,,,,,,,,,月,,,,,,,,,,,,,,,,木,,,,,,,,,,,,,,,,,,,,,,,,,,木,,
淀川区,新高,5丁目,8番,,,,,,,,,,火金,,,,,,,,,,,,,月,,,,,,,,,,,,,,,,木,,,,,,,,,,,,,,,,,,,,,,,,,木,,,
淀川区,新高,5丁目,9番,,,,,,,,,,火金,,,,,,,,,,,,,月,,,,,,,,,,,,,,,,木,,,,,,,,,,,,,,,,,,,,,,,,,木,,,
淀川区,新高,5丁目,10番,,,,,,,,,,火金,,,,,,,,,,,,,月,,,,,,,,,,,,,,,,木,,,,,,,,,,,,,,,,,,,,,,,,,,木,,
淀川区,新高,5丁目,11番,,,,,,,,,,火金,,,,,,,,,,,,,月,,,,,,,,,,,,,,,,木,,,,,,,,,,,,,,,,,,,,,,,,,,木,,
淀川区,新高,5丁目,12番,,,,,,,,,,火金,,,,,,,,,,,,,月,,,,,,,,,,,,,,,,木,,,,,,,,,,,,,,,,,,,,,,,,,,木,,
淀川区,新高,5丁目,13番,軽四輪車(小さい車)で収集している地域,,,,,,火金,,,,,,,,,,,,,,,,月,,,,,,,,,,,,,,,,木,,,,,,,,,,,,,,,,,,,,,,,,,,木,,
淀川区,新高,5丁目,13番,上記以外,,,,,,,,,火金,,,,,,,,,,,,,月,,,,,,,,,,,,,,,,木,,,,,,,,,,,,,,,,,,,,,,,,,,木,,
淀川区,新高,5丁目,14番,軽四輪車(小さい車)で収集している地域,,,,,,火金,,,,,,,,,,,,,,,,,,月,,,,,,,,,,,,,,,,木,,,,,,,,,,,,,,,,,,,,,,,木,,,
淀川区,新高,5丁目,14番,上記以外,,,,,,,,,火金,,,,,,,,,,,,,,,,,,,,,,,,,月,,,,,,,,,,,,,,,,木,,,,,,,,,,,,,,木,,
淀川区,新高,5丁目,15番,軽四輪車(小さい車)で収集している地域,,,,,,火金,,,,,,,,,,,,,,,,,,月,,,,,,,,,,,,,,,,木,,,,,,,,,,,,,,,,,,,,,,,木,,,
淀川区,新高,5丁目,15番,上記以外,,,,,,,,,火金,,,,,,,,,,,,,,,,,,,,,,,,,月,,,,,,,,,,,,,,,,木,,,,,,,,,,,,,,木,,
淀川区,新高,5丁目,16番,,,,,,,,,,火金,,,,,,,,,,,,,,,月,,,,,,,,,,,,,,,,木,,,,,,,,,,,,,,,,,,,,,,,,木,,
淀川区,新高,5丁目,18番,警察新寮,,,,,,火金,,,,,,,,,,,,,,,,,,月,,,,,,,,,,,,,,,,木,,,,,,,,,,,,,,,,,,,,,,,,木,,
淀川区,新高,6丁目,1番,軽四輪車(小さい車)で収集している地域,,,,,,火金,,,,,,,,,,,,,,,,,,,,,,,,月,,,,,,,,,,,,,,,,木,,,,,,,,,,,,,,,,,,木,,
淀川区,新高,6丁目,1番,上記以外,,,,,,,,,火金,,,,,,,,,,,,,,,,,,,,,月,,,,,,,,,,,,,,,,木,,,,,,,,,,,,,,,,,,木,,
淀川区,新高,6丁目,2番,,,,,,,,,,火金,,,,,,,,,,,,,,,,,,,,,月,,,,,,,,,,,,,,,,木,,,,,,,,,,,,,,,,,,木,,
淀川区,新高,6丁目,3番,,,,,,,,,,火金,,,,,,,,,,,,,,,,,,,,,月,,,,,,,,,,,,,,,,木,,,,,,,,,,,,,,,,,,木,,
淀川区,新高,6丁目,4番,,,,,,,,,,火金,,,,,,,,,,,,,,,,,,,,,月,,,,,,,,,,,,,,,,木,,,,,,,,,,,,,,,,,,木,,
淀川区,新高,6丁目,5番,軽四輪車(小さい車)で収集している地域,,,,,,火金,,,,,,,,,,,,,,,,,,,,,,,,月,,,,,,,,,,,,,,,,木,,,,,,,,,,,,,,,,,,木,,
淀川区,新高,6丁目,5番,上記以外,,,,,,,,,火金,,,,,,,,,,,,,,,,,,,,,月,,,,,,,,,,,,,,,,木,,,,,,,,,,,,,,,,,,木,,
淀川区,新高,6丁目,6番,,,,,,,,,,火金,,,,,,,,,,,,,,,,,,,,,月,,,,,,,,,,,,,,,,木,,,,,,,,,,,,,,,,,,木,,
淀川区,新高,6丁目,7番,,,,,,,,,,火金,,,,,,,,,,,,,,,,,,,,,月,,,,,,,,,,,,,,,,木,,,,,,,,,,,,,,,,,,木,,
淀川区,新高,6丁目,8番,,,,,,,,,,火金,,,,,,,,,,,,,,,,,,,,,月,,,,,,,,,,,,,,,,木,,,,,,,,,,,,,,,,,,木,,
淀川区,新高,6丁目,9番,,,,,,,,,,火金,,,,,,,,,,,,,,,,,,,,,,月,,,,,,,,,,,,,,,,木,,,,,,,,,,,,,,,,,木,,
淀川区,新高,6丁目,10番,,,,,,,,,,火金,,,,,,,,,,,,,,,,,,,,,,月,,,,,,,,,,,,,,,,木,,,,,,,,,,,,,,,,,木,,
淀川区,新高,6丁目,11番,軽四輪車(小さい車)で収集している地域,,,,,,火金,,,,,,,,,,,,,,,,,,月,,,,,,,,,,,,,,,,木,,,,,,,,,,,,,,,,,,,,,,,,木,,
淀川区,新高,6丁目,11番,上記以外,,,,,,,,,火金,,,,,,,,,,,,,,,,,,,,,月,,,,,,,,,,,,,,,,木,,,,,,,,,,,,,,,,,,木,,
淀川区,新高,6丁目,12番,,,,,,,火金,,,,,,,,,,,,,,,,,,,,,,,,,月,,,,,,,,,,,,,,,,木,,,,,,,,,,,,,,,,,木,,
淀川区,新高,6丁目,13番,,,,,,,火金,,,,,,,,,,,,,,,,,,,,,,,,,月,,,,,,,,,,,,,,,,木,,,,,,,,,,,,,,,,,木,,
淀川区,新高,6丁目,14番,,,,,,,,,,火金,,,,,,,,,,,,,,,,,,,,,,,,月,,,,,,,,,,,,,,,,木,,,,,,,,,,,,,,,木,,
淀川区,新高,6丁目,15番,,,,,,,,,,火金,,,,,,,,,,,,,,,,,,,,,,,,月,,,,,,,,,,,,,,,,木,,,,,,,,,,,,,,,木,,
淀川区,新高,6丁目,16番,軽四輪車(小さい車)で収集している地域,,,,,,火金,,,,,,,,,,,,,,,,,,,,,,,,,,,月,,,,,,,,,,,,,,,,木,,,,,,,,,,,,,,,木,,
淀川区,新高,6丁目,16番,16号（ファミール北大阪リバーサイド）,,,,,,火金,,,,,,,,,,,,,,,,,,,,,,,,,,,月,,,,,,,,,,,,,,,,木,,,,,,,,,,,,,,,木,,
淀川区,新高,6丁目,16番,上記以外,,,,,,,,,火金,,,,,,,,,,,,,,,,,,,,,,,,月,,,,,,,,,,,,,,,,木,,,,,,,,,,,,,,,木,,
淀川区,西中島,1丁目,1番,軽四輪車(小さい車)で収集している地域,,,,,,,,,,,,,,,,,月木,,,,,,,,,,,,,,,土,,,,,,,,,,,,,,,,水,,,,,,,,,,,,,,,,,,
淀川区,西中島,1丁目,1番,上記以外,,,,,,,,,,,,,,,,,月木,,,,,土,,,,,,,,,,,,,,,,水,,,,,,,,,,,,,,,,,,,,,,,,,,,,
淀川区,西中島,1丁目,2番,軽四輪車(小さい車)で収集している地域,,,,,,,,,,,,,,,,,月木,,,,,,,,,,,,,,,土,,,,,,,,,,,,,,,,水,,,,,,,,,,,,,,,,,,
淀川区,西中島,1丁目,2番,上記以外,,,,,,,,,,,,,,,,,月木,,,,,土,,,,,,,,,,,,,,,,水,,,,,,,,,,,,,,,,,,,,,,,,,,,,
淀川区,西中島,1丁目,3番,軽四輪車(小さい車)で収集している地域,,,,,,,,,,,,,,,,,月木,,,,,,,,,,,,,,,土,,,,,,,,,,,,,,,,水,,,,,,,,,,,,,,,,,,
淀川区,西中島,1丁目,3番,上記以外,,,,,,月木,,,,,,,,,,,,,,,,土,,,,,,,,,,,,,,,,水,,,,,,,,,,,,,,,,,,,,,,,,,,,,
淀川区,西中島,1丁目,4番,軽四輪車(小さい車)で収集している地域,,,,,,,,,,,,,,,,,月木,,,,,,,,,,,,,,,土,,,,,,,,,,,,,,,,水,,,,,,,,,,,,,,,,,,
淀川区,西中島,1丁目,4番,上記以外,,,,,,月木,,,,,,,,,,,,,,,,土,,,,,,,,,,,,,,,,水,,,,,,,,,,,,,,,,,,,,,,,,,,,,
淀川区,西中島,1丁目,5番,軽四輪車(小さい車)で収集している地域,,,,,,,,,,,,,,,,,月木,,,,,,,,,,,,,,,,土,,,,,,,,,,,,,,,,水,,,,,,,,,,,,,,,,,
淀川区,西中島,1丁目,5番,上記以外,,,,,,月木,,,,,,,,,,,,,,,,土,,,,,,,,,,,,,,,,水,,,,,,,,,,,,,,,,,,,,,,,,,,,,
淀川区,西中島,1丁目,6番,,,,,,,,,,,,,,,,,,月木,,,,,,,,,,,,,,,土,,,,,,,,,,,,,,,,,水,,,,,,,,,,,,,,,,,
淀川区,西中島,1丁目,7番,,,,,,,,,,,,,,,,,,月木,,,,,,,,,,,,,,,土,,,,,,,,,,,,,,,,,水,,,,,,,,,,,,,,,,,
淀川区,西中島,1丁目,8番,,,,,,,,,,,,,,,,,,月木,,,,,,,,,,,,,,,,土,,,,,,,,,,,,,,,,水,,,,,,,,,,,,,,,,,
淀川区,西中島,1丁目,9番,,,,,,,,,,,,,,,,,,月木,,,,,,,,,,,,,,,土,,,,,,,,,,,,,,,,,水,,,,,,,,,,,,,,,,,
淀川区,西中島,1丁目,10番,,,,,,,,,,,,,,,,,,月木,,,,,,,,,,,,,,,土,,,,,,,,,,,,,,,,,水,,,,,,,,,,,,,,,,,
淀川区,西中島,1丁目,11番,軽四輪車(小さい車)で収集している地域,,,,,,,,,,,,,,,,,月木,,,,,,,,,,,,,,,土,,,,,,,,,,,,,,,,,水,,,,,,,,,,,,,,,,,
淀川区,西中島,1丁目,11番,上記以外,,,,,,月木,,,,,,,,,,,,,,,,土,,,,,,,,,,,,,,,,水,,,,,,,,,,,,,,,,,,,,,,,,,,,,
淀川区,西中島,1丁目,12番,,,,,,,月木,,,,,,,,,,,,,,,,,,,,,,,,,,土,,,,,,,,,,,,,,,,水,,,,,,,,,,,,,,,,,,
淀川区,西中島,1丁目,13番,,,,,,,月木,,,,,,,,,,,,,,,,,,,,,,,,,土,,,,,,,,,,,,,,,,水,,,,,,,,,,,,,,,,,,,
淀川区,西中島,1丁目,14番,,,,,,,月木,,,,,,,,,,,,,,,,,,,土,,,,,,,,,,,,,,,,水,,,,,,,,,,,,,,,,,,,,,,,,,
淀川区,西中島,1丁目,15番,,,,,,,月木,,,,,,,,,,,,,,,,,,,土,,,,,,,,,,,,,,,,水,,,,,,,,,,,,,,,,,,,,,,,,,
淀川区,西中島,2丁目,1番,軽四輪車(小さい車)で収集している地域,,,,,,,,,,,,,,,,,月木,,,,,,,,,,,,,,土,,,,,,,,,,,,,,,,水,,,,,,,,,,,,,,,,,,,
淀川区,西中島,2丁目,1番,上記以外,,,,,,月木,,,,,,,,,,,,,,,,,,,,,,,,,土,,,,,,,水,,,,,,,,,,,,,,,,,,,,,,,,,,,,
淀川区,西中島,2丁目,2番,,,,,,,月木,,,,,,,,,,,,,,,,土,,,,,,,,,,,,,,,,水,,,,,,,,,,,,,,,,,,,,,,,,,,,,
淀川区,西中島,2丁目,3番,,,,,,,月木,,,,,,,,,,,,,,,,土,,,,,,,,,,,,,,,,水,,,,,,,,,,,,,,,,,,,,,,,,,,,,
淀川区,西中島,2丁目,4番,,,,,,,,,,,,,,,,,,月木,,,,,,,,,,,,,,土,,,,,,,,,,,,,,,,水,,,,,,,,,,,,,,,,,,,
淀川区,西中島,2丁目,5番,軽四輪車(小さい車)で収集している地域,,,,,,,,,,,,,,,,,月木,,,,,,,,,,,,,,土,,,,,,,,,,,,,,,,水,,,,,,,,,,,,,,,,,,,
淀川区,西中島,2丁目,5番,上記以外,,,,,,月木,,,,,,,,,,,,,,,,,,,,,,,,,土,,,,,,,,,,,,,,,,水,,,,,,,,,,,,,,,,,,,
淀川区,西中島,2丁目,6番,軽四輪車(小さい車)で収集している地域,,,,,,,,,,,,,,,,,月木,,,,,,,,,,,,,,土,,,,,,,,,,,,,,,,水,,,,,,,,,,,,,,,,,,,
淀川区,西中島,2丁目,6番,上記以外,,,,,,月木,,,,,,,,,,,,,,,,,,,,,,,,土,,,,,,,,,,,,,,,,,水,,,,,,,,,,,,,,,,,,,
淀川区,西中島,2丁目,7番,軽四輪車(小さい車)で収集している地域,,,,,,,,,,,,,,,,,月木,,,,,,,,,,,,,,土,,,,,,,,,,,,,,,,水,,,,,,,,,,,,,,,,,,,
淀川区,西中島,2丁目,7番,上記以外,,,,,,月木,,,,,,,,,,,,,,,,,,,,,,,,,土,,,,,,,,,,,,,,,,水,,,,,,,,,,,,,,,,,,,
淀川区,西中島,2丁目,8番,,,,,,,月木,,,,,,,,,,,,,,,,,,,,,,,,,土,,,,,,,,,,,,,,,,水,,,,,,,,,,,,,,,,,,,
淀川区,西中島,2丁目,9番,1~20･24~28号,,,,,,,,,,,,,,,,,月木,,,,,,,,,,,,,,土,,,,,,,,,,,,,,,水,,,,,,,,,,,,,,,,,,,,
淀川区,西中島,2丁目,9番,21~23号,,,,,,,,,,,,,,,,,月木,,,,,土,,,,,,,,,,,,,,,,水,,,,,,,,,,,,,,,,,,,,,,,,,,,,
淀川区,西中島,2丁目,9番,軽四輪車(小さい車)で収集している地域,,,,,,,,,,,,,,,,,月木,,,,,,,,,,,,,,土,,,,,,,,,,,,,,,水,,,,,,,,,,,,,,,,,,,,
淀川区,西中島,2丁目,9番,上記以外,,,,,,月木,,,,,,,,,,,,,,,,土,,,,,,,,,,,,,,,,水,,,,,,,,,,,,,,,,,,,,,,,,,,,,
淀川区,西中島,2丁目,10番,軽四輪車(小さい車)で収集している地域,,,,,,,,,,,,,,,,,月木,,,,,,,,,,,,,,土,,,,,,,,,,,,,,,,水,,,,,,,,,,,,,,,,,,,
淀川区,西中島,2丁目,10番,上記以外,,,,,,月木,,,,,,,,,,,,,,,,土,,,,,,,,,,,,,,,,水,,,,,,,,,,,,,,,,,,,,,,,,,,,,
淀川区,西中島,2丁目,11番,,,,,,,月木,,,,,,,,,,,,,,,,土,,,,,,,,,,,,,,,,水,,,,,,,,,,,,,,,,,,,,,,,,,,,,
淀川区,西中島,2丁目,12番,,,,,,,月木,,,,,,,,,,,,,,,,,,土,,,,,,,,,,,,,,,,,,,,,水,,,,,,,,,,,,,,,,,,,,,
淀川区,西中島,2丁目,13番,,,,,,,月木,,,,,,,,,,,,,,,,,,,,,,,土,,,,,,,,,,,,,,,,水,,,,,,,,,,,,,,,,,,,,,
淀川区,西中島,2丁目,14番,,,,,,,月木,,,,,,,,,,,,,,,,,,,,,,,,土,,,,,,,,,,,,,,,水,,,,,,,,,,,,,,,,,,,,,
淀川区,西中島,2丁目,15番,,,,,,,月木,,,,,,,,,,,,,,,,,,,,,,,,土,,,,,,,,,,,,,,,,水,,,,,,,,,,,,,,,,,,,,
淀川区,西中島,3丁目,1番,,,,,,,月木,,,,,,,,,,,,,,,,,,,土,,,,,,,,,,,,,,,,水,,,,,,,,,,,,,,,,,,,,,,,,,
淀川区,西中島,3丁目,2番,,,,,,,月木,,,,,,,,,,,,,,,,,,,,,,,土,,,,,,,,,,,,,,,,水,,,,,,,,,,,,,,,,,,,,,
淀川区,西中島,3丁目,3番,,,,,,,月木,,,,,,,,,,,,,,,,,,,,,,,,,土,,,,,,,,,,,,,,,,水,,,,,,,,,,,,,,,,,,,
淀川区,西中島,3丁目,4番,,,,,,,月木,,,,,,,,,,,,,,,,,,,,,,,土,,,,,,,,,,,,,,,,水,,,,,,,,,,,,,,,,,,,,,
淀川区,西中島,3丁目,5番,,,,,,,月木,,,,,,,,,,,,,,,,,,,,,,,,土,,,,,,,,,,,,,,,,水,,,,,,,,,,,,,,,,,,,,
淀川区,西中島,3丁目,6番,,,,,,,月木,,,,,,,,,,,,,,,,,,,,,,,,,土,,,,,,,,,,,,,,,,水,,,,,,,,,,,,,,,,,,,
淀川区,西中島,3丁目,7番,,,,,,,月木,,,,,,,,,,,,,,,,,,,,,,,,土,,,,,,,,,,,,,,,,水,,,,,,,,,,,,,,,,,,,,
淀川区,西中島,3丁目,8番,,,,,,,月木,,,,,,,,,,,,,,,,,,,,,,,土,,,,,,,,,,,,,,,,水,,,,,,,,,,,,,,,,,,,,,
淀川区,西中島,3丁目,9番,,,,,,,月木,,,,,,,,,,,,,,,,,,,,,,,,土,,,,,,,,,,,,,,,,水,,,,,,,,,,,,,,,,,,,,
淀川区,西中島,3丁目,10番,,,,,,,月木,,,,,,,,,,,,,,,,,,,,,,,,土,,,,,,,,,,,,,,,,水,,,,,,,,,,,,,,,,,,,,
淀川区,西中島,3丁目,11番,,,,,,,月木,,,,,,,,,,,,,,,,,,,,,,,,土,,,,,,,,,,,,,,,,水,,,,,,,,,,,,,,,,,,,,
淀川区,西中島,3丁目,12番,,,,,,,月木,,,,,,,,,,,,,,,,,,,,,,,,土,,,,,,,,,,,,,,,,水,,,,,,,,,,,,,,,,,,,,
淀川区,西中島,3丁目,13番,,,,,,,月木,,,,,,,,,,,,,,,,,,,,,,,,土,,,,,,,,,,,,,,,,水,,,,,,,,,,,,,,,,,,,,
淀川区,西中島,3丁目,14番,,,,,,,月木,,,,,,,,,,,,,,,,,,,,,,,,,土,,,,,,,,,,,,,,,,水,,,,,,,,,,,,,,,,,,,
淀川区,西中島,3丁目,15番,,,,,,,月木,,,,,,,,,,,,,,,,,,,土,,,,,,,,,,,,,,,,水,,,,,,,,,,,,,,,,,,,,,,,,,
淀川区,西中島,3丁目,16番,,,,,,,月木,,,,,,,,,,,,,,,,,,,,,,,土,,,,,,,,,,,,,,,,水,,,,,,,,,,,,,,,,,,,,,
淀川区,西中島,3丁目,18番,,,,,,,月木,,,,,,,,,,,,,,,,,,,,,,,土,,,,,,,,,,,,,,,,水,,,,,,,,,,,,,,,,,,,,,
淀川区,西中島,3丁目,19番,,,,,,,月木,,,,,,,,,,,,,,,,,,,,,,,土,,,,,,,,,,,,,,,,水,,,,,,,,,,,,,,,,,,,,,
淀川区,西中島,3丁目,20番,,,,,,,月木,,,,,,,,,,,,,,,,,,,,,,,土,,,,,,,,,,,,,,,,水,,,,,,,,,,,,,,,,,,,,,
淀川区,西中島,3丁目,21番,,,,,,,月木,,,,,,,,,,,,,,,,,,,,,,,土,,,,,,,,,,,,,,,,水,,,,,,,,,,,,,,,,,,,,,
淀川区,西中島,3丁目,22番,,,,,,,月木,,,,,,,,,,,,,,,,,,,,,,,,,土,,,,,,,,,,,,,,,,水,,,,,,,,,,,,,,,,,,,
淀川区,西中島,3丁目,23番,,,,,,,月木,,,,,,,,,,,,,,,,,,,,,,,,土,,,,,,,,,,,,,,水,,,,,,,,,,,,,,,,,,,,,,
淀川区,西中島,4丁目,1番,,,,,,,月木,,,,,,,,,,,,,,,,,,,,,,,,土,,,,,,,,,,,,,,,水,,,,,,,,,,,,,,,,,,,,,
淀川区,西中島,4丁目,2番,,,,,,,月木,,,,,,,,,,,,,,,,,,,,,,,,土,,,,,,,,,,,,,,,水,,,,,,,,,,,,,,,,,,,,,
淀川区,西中島,4丁目,3番,,,,,,,月木,,,,,,,,,,,,,,,,,,,,,,,,土,,,,,,,,,,,,,,,,水,,,,,,,,,,,,,,,,,,,,
淀川区,西中島,4丁目,4番,,,,,,,月木,,,,,,,,,,,,,,,,,,,,,土,,,,,,,,,,,,,,,,水,,,,,,,,,,,,,,,,,,,,,,,
淀川区,西中島,4丁目,5番,,,,,,,月木,,,,,,,,,,,,,,,,,,,,,土,,,,,,,,,,,,,,,,,,,水,,,,,,,,,,,,,,,,,,,,
淀川区,西中島,4丁目,6番,,,,,,,月木,,,,,,,,,,,,,,,,,,,,,,,,土,,,,,,,,,,,,,,,水,,,,,,,,,,,,,,,,,,,,,
淀川区,西中島,4丁目,7番,,,,,,,月木,,,,,,,,,,,,,,,,,,,,,,土,,,,,,,,,,,,,,,,,,水,,,,,,,,,,,,,,,,,,,,
淀川区,西中島,4丁目,8番,,,,,,,月木,,,,,,,,,,,,,,,,,,,,,,土,,,,,,,,,,,,,,,,,水,,,,,,,,,,,,,,,,,,,,,
淀川区,西中島,4丁目,9番,,,,,,,月木,,,,,,,,,,,,,,,,,,,,,,,,土,,,,,,,,,,,,,,,水,,,,,,,,,,,,,,,,,,,,,
淀川区,西中島,4丁目,10番,,,,,,,月木,,,,,,,,,,,,,,,,,,,,,土,,,,,,,,,,,,,,,,,,水,,,,,,,,,,,,,,,,,,,,,
淀川区,西中島,4丁目,11番,,,,,,,月木,,,,,,,,,,,,,,,,,,,,,,土,,,,,,,,,,,,,,,,,,水,,,,,,,,,,,,,,,,,,,,
淀川区,西中島,4丁目,12番,,,,,,,月木,,,,,,,,,,,,,,,,,,,,,,,,土,,,,,,,,,,,,,,,水,,,,,,,,,,,,,,,,,,,,,
淀川区,西中島,4丁目,13番,,,,,,,月木,,,,,,,,,,,,,,,,,,,,,,,,土,,,,,,,,,,,,,,,,水,,,,,,,,,,,,,,,,,,,,
淀川区,西中島,5丁目,1番,,,,,,,月木,,,,,,,,,,,,,,,,,,,,,,,,土,,,,,,,,,,,,,,,,,,水,,,,,,,,,,,,,,,,,,
淀川区,西中島,5丁目,2番,,,,,,,月木,,,,,,,,,,,,,,,,,,,,,,,,土,,,,,,,,,,,,,,,,水,,,,,,,,,,,,,,,,,,,,
淀川区,西中島,5丁目,6番,,,,,,,月木,,,,,,,,,,,,,,,,,,,,,,,,土,,,,,,,,,,,,,,,,水,,,,,,,,,,,,,,,,,,,,
淀川区,西中島,5丁目,7番,,,,,,,月木,,,,,,,,,,,,,,,,,,,,,,,土,,,,,,,,,,,,,,,,,水,,,,,,,,,,,,,,,,,,,,
淀川区,西中島,5丁目,8番,,,,,,,月木,,,,,,,,,,,,,,,,,,,,,,,,,土,,,,,,,,,,,,,,,,水,,,,,,,,,,,,,,,,,,,
淀川区,西中島,5丁目,9番,,,,,,,月木,,,,,,,,,,,,,,,,,,,,,,,,土,,,,,,,,,,,,,,,,水,,,,,,,,,,,,,,,,,,,,
淀川区,西中島,5丁目,10番,,,,,,,月木,,,,,,,,,,,,,,,,,,,,,,,,土,,,,,,,,,,,,,,,,,水,,,,,,,,,,,,,,,,,,,
淀川区,西中島,5丁目,11番,,,,,,,月木,,,,,,,,,,,,,,,,,,,,,,,土,,,,,,,,,,,,,,,水,,,,,,,,,,,,,,,,,,,,,,
淀川区,西中島,5丁目,12番,,,,,,,月木,,,,,,,,,,,,,,,,,,,,,,,,土,,,,,,,,,,,,,,,,,水,,,,,,,,,,,,,,,,,,,
淀川区,西中島,5丁目,13番,,,,,,,月木,,,,,,,,,,,,,,,,,,,,,,,,土,,,,,,,,,,,,,,,,水,,,,,,,,,,,,,,,,,,,,
淀川区,西中島,6丁目,1番,,,,,,,月木,,,,,,,,,,,,,,,,,,,,,,,,土,,,,,,,,,,,,,,,,水,,,,,,,,,,,,,,,,,,,,
淀川区,西中島,6丁目,2番,,,,,,,月木,,,,,,,,,,,,,,,,,,,,,,,,,土,,,,,,,,,,,,,,,,,水,,,,,,,,,,,,,,,,,,
淀川区,西中島,6丁目,3番,,,,,,,月木,,,,,,,,,,,,,,,,,,,,,,,,土,,,,,,,,,,,,,,,,,,水,,,,,,,,,,,,,,,,,,
淀川区,西中島,6丁目,4番,,,,,,,月木,,,,,,,,,,,,,,,,,,,,,,,,,,土,,,,,,,,,,,,,,,水,,,,,,,,,,,,,,,,,,,
淀川区,西中島,6丁目,5番,,,,,,,月木,,,,,,,,,,,,,,,,,,,,,,,,土,,,,,,,,,,,,,,,,水,,,,,,,,,,,,,,,,,,,,
淀川区,西中島,6丁目,6番,,,,,,,月木,,,,,,,,,,,,,,,,,,,,,,,,土,,,,,,,,,,,,,,,,水,,,,,,,,,,,,,,,,,,,,
淀川区,西中島,6丁目,7番,,,,,,,月木,,,,,,,,,,,,,,,,,,,,,,,,土,,,,,,,,,,,,,,,,水,,,,,,,,,,,,,,,,,,,,
淀川区,西中島,6丁目,8番,,,,,,,月木,,,,,,,,,,,,,,,,,,,,,,,,土,,,,,,,,,,,,,,,,水,,,,,,,,,,,,,,,,,,,,
淀川区,西中島,6丁目,9番,,,,,,,月木,,,,,,,,,,,,,,,,,,,,,,,,土,,,,,,,,,,,,,,,,水,,,,,,,,,,,,,,,,,,,,
淀川区,西中島,6丁目,10番,,,,,,,月木,,,,,,,,,,,,,,,,,,,,,,,,土,,,,,,,,,,,,,,,,水,,,,,,,,,,,,,,,,,,,,
淀川区,西中島,6丁目,11番,,,,,,,月木,,,,,,,,,,,,,,,,,,,,,,,,土,,,,,,,,,,,,,,,,水,,,,,,,,,,,,,,,,,,,,
淀川区,西中島,7丁目,1番,,,,,,,月木,,,,,,,,,,,,,,,,,,,,,,,,,土,,,,,,,,,,,,,,,,水,,,,,,,,,,,,,,,,,,,
淀川区,西中島,7丁目,2番,,,,,,,月木,,,,,,,,,,,,,,,,,,,,,,,,土,,,,,,,,,,,,,,,,,,水,,,,,,,,,,,,,,,,,,
淀川区,西中島,7丁目,3番,,,,,,,月木,,,,,,,,,,,,,,,,,,,,,,,,土,,,,,,,,,,,,,,,,,,水,,,,,,,,,,,,,,,,,,
淀川区,西中島,7丁目,4番,,,,,,,月木,,,,,,,,,,,,,,,,,,,,,,,,,,土,,,,,,,,,,,,,,,,水,,,,,,,,,,,,,,,,,,
淀川区,西中島,7丁目,6番,,,,,,,月木,,,,,,,,,,,,,,,,,,,,,,,,,,土,,,,,,,,,,,,,,,,水,,,,,,,,,,,,,,,,,,
淀川区,西中島,7丁目,7番,,,,,,,月木,,,,,,,,,,,,,,,,,,,,,,,,,,土,,,,,,,,,,,,,,,,水,,,,,,,,,,,,,,,,,,
淀川区,西中島,7丁目,8番,,,,,,,月木,,,,,,,,,,,,,,,,,,,,,,,,,,土,,,,,,,,,,,,,,,,水,,,,,,,,,,,,,,,,,,
淀川区,西中島,7丁目,9番,,,,,,,月木,,,,,,,,,,,,,,,,,,,,,,,,,,土,,,,,,,,,,,,,,,,水,,,,,,,,,,,,,,,,,,
淀川区,西中島,7丁目,10番,,,,,,,月木,,,,,,,,,,,,,,,,,,,,,,,,,,土,,,,,,,,,,,,,,,,水,,,,,,,,,,,,,,,,,,
淀川区,西中島,7丁目,11番,,,,,,,月木,,,,,,,,,,,,,,,,,,,,,,,,,,土,,,,,,,,,,,,,,,,水,,,,,,,,,,,,,,,,,,
淀川区,西中島,7丁目,12番,,,,,,,月木,,,,,,,,,,,,,,,,,,,,,,,,,,土,,,,,,,,,,,,,,,水,,,,,,,,,,,,,,,,,,,
淀川区,西中島,7丁目,13番,,,,,,,月木,,,,,,,,,,,,,,,,,,,,,,,,,土,,,,,,,,,,,,,,,,水,,,,,,,,,,,,,,,,,,,
淀川区,西中島,7丁目,14番,,,,,,,月木,,,,,,,,,,,,,,,,,,,,,,,,,土,,,,,,,,,,,,,,,,水,,,,,,,,,,,,,,,,,,,
淀川区,西三国,1丁目,1番,,,,,,月木,,,,,,,,,,,,,,,,,,,,,,,,金,,,,,,,,,,,,,,,,火,,,,,,,,,,,,,,,,,,,,,
淀川区,西三国,1丁目,2番,16号･21号･41号~45号,,,,,月木,,,,,,,,,,,,,,,,,,,,,,,,金,,,,,,,,,,,,,,,,,火,,,,,,,,,,,,,,,,,,,,
淀川区,西三国,1丁目,2番,上記以外,,,,,,,,,月木,,,,,,,,,,,,,,,,,,,,金,,,,,,,,,,,,,,,,,火,,,,,,,,,,,,,,,,,,,,
淀川区,西三国,1丁目,3番,4号･45号,,,,,月木,,,,,,,,,,,,,,,,,,,,,,,,,金,,,,,,,,,,,,,,,,火,,,,,,,,,,,,,,,,,,,,
淀川区,西三国,1丁目,3番,上記以外,,,,,,,,,月木,,,,,,,,,,,,,,,,,,,,,金,,,,,,,,,,,,,,,,火,,,,,,,,,,,,,,,,,,,,
淀川区,西三国,1丁目,4番,軽四輪車(小さい車)で収集している地域,,,,,,,,,,,,,,,月木,,,,,,,金,,,,,,,,,,,,,,,,火,,,,,,,,,,,,,,,,,,,,,,,,,,,,
淀川区,西三国,1丁目,4番,上記以外,,,,,,,,,月木,,,,,,,,,,,,,,,,,,,,,金,,,,,,,,,,,,,,,,火,,,,,,,,,,,,,,,,,,,,
淀川区,西三国,1丁目,5番,,,,,,,,,,月木,,,,,,,,,,,,,,,,,,,,,,,金,,,,,,,,,,,,,,,,火,,,,,,,,,,,,,,,,,,
淀川区,西三国,1丁目,6番,,,,,,,,,,月木,,,,,,,,,,,,,,,,,,,,,金,,,,,,,,,,,,,,,,火,,,,,,,,,,,,,,,,,,,,
淀川区,西三国,1丁目,7番,,,,,,月木,,,,,,,,,,,,,,,,,,,,,,,,,,,金,,,,,,,,,,,,,,,,火,,,,,,,木,,,,,,,,,,,
淀川区,西三国,1丁目,8番,44号,,,,,月木,,,,,,,,,,,,,,,,,,,,,,,,,,,金,,,,,,,,,,,,,,,,火,,,,,,,,,,,,,,,,,,
淀川区,西三国,1丁目,8番,上記以外,,,,,,,,,月木,,,,,,,,,,,,,,,,,,,,,,,金,,,,,,,,,,,,,,,,火,,,,,,,,,,,,,,,,,,
淀川区,西三国,1丁目,9番,軽四輪車(小さい車)で収集している地域,,,,,,,,,,,,,,,月木,,,,,,,,,,,,,,,,,金,,,,,,,,,,,,,,,,火,,,,,,,木,,,,,,,,,,,
淀川区,西三国,1丁目,9番,21･23･25･27~29･40号,,,,,月木,,,,,,,,,,,,,,,,,,,,,,,,,,,金,,,,,,,,,,,,,,,,火,,,,,,,木,,,,,,,,,,,
淀川区,西三国,1丁目,9番,上記以外,,,,,,,,,月木,,,,,,,,,,,,,,,,,,,,,,,金,,,,,,,,,,,,,,,,火,,,,,,,木,,,,,,,,,,,
淀川区,西三国,1丁目,10番,軽四輪車(小さい車)で収集している地域,,,,,,,,,,,,,,,月木,,,,,,,,,,,,,,,,,金,,,,,,,,,,,,,,,,火,,,,,,,木,,,,,,,,,,,
淀川区,西三国,1丁目,10番,11･16･17号,,,,,月木,,,,,,,,,,,,,,,,,,,,,,,,,,,金,,,,,,,,,,,,,,,,火,,,,,,,木,,,,,,,,,,,
淀川区,西三国,1丁目,10番,上記以外,,,,,,,,,月木,,,,,,,,,,,,,,,,,,,,,,,金,,,,,,,,,,,,,,,,火,,,,,,,木,,,,,,,,,,,
淀川区,西三国,1丁目,11番,軽四輪車(小さい車)で収集している地域,,,,,,,,,,,,,,,月木,,,,,,,,,,,,,,,金,,,,,,,,,,,,,,,,火,,,,,,,,,木,,,,,,,,,,,
淀川区,西三国,1丁目,11番,2~7号,,,,,月木,,,,,,,,,,,,,,,,,,,,,,,,,金,,,,,,,,,,,,,,,,火,,,,,,,,,木,,,,,,,,,,,
淀川区,西三国,1丁目,11番,上記以外,,,,,,,,,月木,,,,,,,,,,,,,,,,,,,,,金,,,,,,,,,,,,,,,,火,,,,,,,,,木,,,,,,,,,,,
淀川区,西三国,1丁目,12番,,,,,,月木,,,,,,,,,,,,,,,,,,,,,,,,,金,,,,,,,,,,,,,,,,火,,,,,,,,,木,,,,,,,,,,,
淀川区,西三国,1丁目,13番,,,,,,月木,,,,,,,,,,,,,,,,,,,,,,,,,,,金,,,,,,,,,,,,,,,,火,,,,,,,木,,,,,,,,,,,
淀川区,西三国,1丁目,14番,,,,,,月木,,,,,,,,,,,,,,,,,,,,,,,,,,,金,,,,,,,,,,,,,,,,火,,,,,,,木,,,,,,,,,,,
淀川区,西三国,1丁目,15番,8号~14号,,,,,月木,,,,,,,,,,,,,,,,,,,,,,,,,,,金,,,,,,,,,,,,,,,,火,,,,,,,木,,,,,,,,,,,
淀川区,西三国,1丁目,15番,上記以外,,,,,,,,,月木,,,,,,,,,,,,,,,,,,,,,,,金,,,,,,,,,,,,,,,,火,,,,,,,木,,,,,,,,,,,
淀川区,西三国,1丁目,16番,,,,,,月木,,,,,,,,,,,,,,,,,,,,,,,,,,,金,,,,,,,,,,,,,,,,火,,,,,,,木,,,,,,,,,,,
淀川区,西三国,1丁目,17番,4~7号,,,,,月木,,,,,,,,,,,,,,,,,,,,,,,,,,,金,,,,,,,,,,,,,,,,火,,,,,,,木,,,,,,,,,,,
淀川区,西三国,1丁目,17番,上記以外,,,,,,,,,月木,,,,,,,,,,,,,,,,,,,,,,,金,,,,,,,,,,,,,,,,火,,,,,,,木,,,,,,,,,,,
淀川区,西三国,1丁目,18番,5･12･21~23号,,,,,月木,,,,,,,,,,,,,,,,,,,,,,,,,,金,,,,,,,,,,,,,,,,火,,,,,,,,木,,,,,,,,,,,
淀川区,西三国,1丁目,18番,上記以外,,,,,,,,,月木,,,,,,,,,,,,,,,,,,,,,,金,,,,,,,,,,,,,,,,火,,,,,,,,木,,,,,,,,,,,
淀川区,西三国,1丁目,19番,,,,,,月木,,,,,,,,,,,,,,,,,,,,,,,,,,金,,,,,,,,,,,,,,,,火,,,,,,,,木,,,,,,,,,,,
淀川区,西三国,1丁目,20番,6号,,,,,月木,,,,,,,,,,,,,,,,,,金,,,,,,,,,,,,,,,,火,,,,,,,,,,,,,,,木,,,,,,,,,,,,
淀川区,西三国,1丁目,20番,上記以外,,,,,,,,,月木,,,,,,,,,,,,,,金,,,,,,,,,,,,,,,,火,,,,,,,,,,,,,,,木,,,,,,,,,,,,
淀川区,西三国,1丁目,21番,1~5･30･31号,,,,,月木,,,,,,,,,,,,,,,,,,,金,,,,,,,,,,,,,,,,火,,,,,,,,,,,,,,木,,,,,,,,,,,,
淀川区,西三国,1丁目,21番,上記以外,,,,,,,,,月木,,,,,,,,,,,,,,,金,,,,,,,,,,,,,,,,火,,,,,,,,,,,,,,木,,,,,,,,,,,,
淀川区,西三国,1丁目,22番,19･20号,,,,,月木,,,,,,,,,,,,,,,,,,,,,,,,,金,,,,,,,,,,,,,,,,火,,,,,,,,木,,,,,,,,,,,,
淀川区,西三国,1丁目,22番,上記以外,,,,,,,,,月木,,,,,,,,,,,,,,,,,,,,,金,,,,,,,,,,,,,,,,火,,,,,,,,木,,,,,,,,,,,,
淀川区,西三国,1丁目,23番,,,,,,月木,,,,,,,,,,,,,,,,,,,,,,,,,金,,,,,,,,,,,,,,,,火,,,,,,,,木,,,,,,,,,,,,
淀川区,西三国,1丁目,24番,軽四輪車(小さい車)で収集している地域,,,,,,,,,,,,,,,月木,,,,,,,,,,,,,,,,金,,,,,,,,,,,,,,,,火,,,,,,,木,,,,,,,,,,,,
淀川区,西三国,1丁目,24番,上記以外,,,,,月木,,,,,,,,,,,,,,,,,,,,金,,,,,,,,,,,,,,,,火,,,,,,,,,,,,,木,,,,,,,,,,,,
淀川区,西三国,1丁目,25番,軽四輪車(小さい車)で収集している地域,,,,,,,,,,,,,,,月木,,,,,,,,,,,,,,,,,金,,,,,,,,,,,,,,,,火,,,,,,木,,,,,,,,,,,,
淀川区,西三国,1丁目,25番,上記以外,,,,,月木,,,,,,,,,,,,,,,,,,,,金,,,,,,,,,,,,,,,,火,,,,,,,,,,,,,木,,,,,,,,,,,,
淀川区,西三国,1丁目,26番,軽四輪車(小さい車)で収集している地域,,,,,,,,,,,,,,,月木,,,,,,,,,,,,,,,,金,,,,,,,,,,,,,,,,火,,,,,,,木,,,,,,,,,,,,
淀川区,西三国,1丁目,26番,上記以外,,,,,月木,,,,,,,,,,,,,,,,,,,,金,,,,,,,,,,,,,,,,火,,,,,,,,,,,,,木,,,,,,,,,,,,
淀川区,西三国,1丁目,27番,,,,,,月木,,,,,,,,,,,,,,,,,,,,,,,,,,金,,,,,,,,,,,,,,,,火,,,,,,,木,,,,,,,,,,,,
淀川区,西三国,1丁目,28番,軽四輪車(小さい車)で収集している地域,,,,,,,,,,,,,,,月木,,,,,,,,,,,,,,,,金,,,,,,,,,,,,,,,,火,,,,,,,木,,,,,,,,,,,,
淀川区,西三国,1丁目,28番,3･5･8･9号,,,,,月木,,,,,,,,,,,,,,,,,,,,,,,,,,金,,,,,,,,,,,,,,,,火,,,,,,,木,,,,,,,,,,,,
淀川区,西三国,1丁目,28番,16~24号,,,,,月木,,,,,,,,,,,,,,,,,,,,,,,,,,金,,,,,,,,,,,,,,,,火,,,,,,,木,,,,,,,,,,,,
淀川区,西三国,1丁目,28番,上記以外,,,,,,,,,月木,,,,,,,,,,,,,,,,,,,,,,金,,,,,,,,,,,,,,,,火,,,,,,,木,,,,,,,,,,,,
淀川区,西三国,1丁目,29番,,,,,,,,,,月木,,,,,,,,,,,,,,,,,,,,,金,,,,,,,,,,,,,,,,火,,,,,,,,木,,,,,,,,,,,,
淀川区,西三国,1丁目,30番,軽四輪車(小さい車)で収集している地域,,,,,,,,,,,,,,,月木,,,,,,,,,,,,,,,金,,,,,,,,,,,,,,,,火,,,,,,,,木,,,,,,,,,,,,
淀川区,西三国,1丁目,30番,1･2･3･6･7号,,,,,月木,,,,,,,,,,,,,,,,,,,,,,,,,金,,,,,,,,,,,,,,,,火,,,,,,,,木,,,,,,,,,,,,
淀川区,西三国,1丁目,30番,上記以外,,,,,,,,,月木,,,,,,,,,,,,,,,,,,,,,金,,,,,,,,,,,,,,,,火,,,,,,,,木,,,,,,,,,,,,
淀川区,西三国,1丁目,31番,軽四輪車(小さい車)で収集している地域,,,,,,,,,,,,,,,月木,,,,,,,,,,,,,,,,,金,,,,,,,,,,,,,火,,,,,,,,,木,,,,,,,,,,,,
淀川区,西三国,1丁目,31番,上記以外,,,,,,,,,月木,,,,,,,,,,,,,,,,,,,,,,,金,,,,,,,,,,,,,,,,火,,,,,,木,,,,,,,,,,,,
淀川区,西三国,1丁目,32番,軽四輪車(小さい車)で収集している地域,,,,,,,,,,,,,,,月木,,,,,,,,,,,,,,,,金,,,,,,,,,,,,,,,,火,,,,,,,木,,,,,,,,,,,,
淀川区,西三国,1丁目,32番,1･9~11･19号,,,,,月木,,,,,,,,,,,,,,,,,,,,,,,,,,金,,,,,,,,,,,,,,,,火,,,,,,,木,,,,,,,,,,,,
淀川区,西三国,1丁目,32番,上記以外,,,,,,,,,月木,,,,,,,,,,,,,,,,,,,,,,金,,,,,,,,,,,,,,,,火,,,,,,,木,,,,,,,,,,,,
淀川区,西三国,1丁目,33番,軽四輪車(小さい車)で収集している地域,,,,,,,,,,,,,,,月木,,,,,,,,,,,,,,,,金,,,,,,,,,,,,,,,,火,,,,,,,木,,,,,,,,,,,,
淀川区,西三国,1丁目,33番,7･8･16号,,,,,月木,,,,,,,,,,,,,,,,,,,,,,,,,,金,,,,,,,,,,,,,,,,火,,,,,,,木,,,,,,,,,,,,
淀川区,西三国,1丁目,33番,上記以外,,,,,,,,,月木,,,,,,,,,,,,,,,,,,,,,,金,,,,,,,,,,,,,,,,火,,,,,,,木,,,,,,,,,,,,
淀川区,西三国,1丁目,34番,,,,,,月木,,,,,,,,,,,,,,,,,,,,,,,,,,金,,,,,,,,,,,,,,,,火,,,,,,,木,,,,,,,,,,,,
淀川区,西三国,1丁目,35番,軽四輪車(小さい車)で収集している地域,,,,,,,,,,,,,,,月木,,,,,,,,,,,,,,,,金,,,,,,,,,,,,,,,,火,,,,,,,木,,,,,,,,,,,,
淀川区,西三国,1丁目,35番,上記以外,,,,,月木,,,,,,,,,,,,,,,,,,,,,,,,,,金,,,,,,,,,,,,,,,,火,,,,,,,木,,,,,,,,,,,,
淀川区,西三国,1丁目,36番,軽四輪車(小さい車)で収集している地域,,,,,,,,,,,,,,,月木,,,,,,,,,,,,,,,,金,,,,,,,,,,,,,,,,火,,,,,,,木,,,,,,,,,,,,
淀川区,西三国,1丁目,36番,1･29･30･33･35~37号,,,,,月木,,,,,,,,,,,,,,,,,,,,金,,,,,,,,,,,,,,,,火,,,,,,,,,,,,,木,,,,,,,,,,,,
淀川区,西三国,1丁目,36番,上記以外,,,,,,,,,月木,,,,,,,,,,,,,,,,金,,,,,,,,,,,,,,,,火,,,,,,,,,,,,,木,,,,,,,,,,,,
淀川区,西三国,2丁目,1番,,,,,,,,,,月木,,,,,,,,,,,,,,,,,,,,,金,,,,,,,,,,,,,,,,火,,,,,,,,,,,,,,,,,,,,
淀川区,西三国,2丁目,2番,軽四輪車(小さい車)で収集している地域,,,,,,月木,,,,,,,,,,,,,,,,金,,,,,,,,,,,,,,,,火,,,,,,,,,,,,,,,,,,,,,,,,,,,,
淀川区,西三国,2丁目,2番,18号（グランドール北大阪）,,,,,月木,,,,,,,,,,,,,,,,,,,,,,,,,金,,,,,,,,,,,,,,,,火,,,,,,,,,,,,,,,,,,,,
淀川区,西三国,2丁目,2番,上記以外,,,,,,,,月木,,,,,,,,,,,,,,,,,,,,,,金,,,,,,,,,,,,,,,,火,,,,,,,,,,,,,,,,,,,,
淀川区,西三国,2丁目,3番,軽四輪車(小さい車)で収集している地域,,,,,,月木,,,,,,,,,,,,,,,,金,,,,,,,,,,,,,,,,火,,,,,,,,,,,,,,,,,,,,,,,,,,,,
淀川区,西三国,2丁目,3番,上記以外,,,,,,,,月木,,,,,,,,,,,,,,,,,,,,,,金,,,,,,,,,,,,,,,,火,,,,,,,,,,,,,,,,,,,,
淀川区,西三国,2丁目,4番,,,,,,,,,月木,,,,,,,,,,,,,,,,,,,,,,金,,,,,,,,,,,,,,,,火,,,,,,,,,,,,,,,,,,,,
淀川区,西三国,2丁目,6番,軽四輪車(小さい車)で収集している地域,,,,,,月木,,,,,,,,,,,,,,,,金,,,,,,,,,,,,,,,,火,,,,,,,,,,,,,,,,,,,,,,,,,,,,
淀川区,西三国,2丁目,6番,上記以外,,,,,,,,,月木,,,,,,,,,,,,,,,,,,,,,金,,,,,,,,,,,,,,,,火,,,,,,,,,,,,,,,,,,,,
淀川区,西三国,2丁目,7番,軽四輪車(小さい車)で収集している地域,,,,,,月木,,,,,,,,,,,,,,,,金,,,,,,,,,,,,,,,,火,,,,,,,,,,,,,,,,,,,,,,,,,,,,
淀川区,西三国,2丁目,7番,上記以外,,,,,,,,,月木,,,,,,,,,,,,,,,,,,,,,,,金,,,,,,,,,,,,,,,火,,,,,,,,,,,,,,,,,,,
淀川区,西三国,2丁目,8番,軽四輪車(小さい車)で収集している地域,,,,,,月木,,,,,,,,,,,,,,,,金,,,,,,,,,,,,,,,,火,,,,,,,,,,,,,,,,,,,,,,,,,,,,
淀川区,西三国,2丁目,8番,上記以外,,,,,,,,,月木,,,,,,,,,,,,,,,,,,,,,,,金,,,,,,,,,,,,,,,,火,,,,,,,,,,,,,,,,,,
淀川区,西三国,2丁目,9番,,,,,,,,,,月木,,,,,,,,,,,,,,,,,,,,,,,金,,,,,,,,,,,,,,,,火,,,,,,,,,,,,,,,,,,
淀川区,西三国,2丁目,10番,,,,,,,,,,月木,,,,,,,,,,,,,,,,,,,,,,,金,,,,,,,,,,,,,,,,火,,,,,,,,,,,,,,,,,,
淀川区,西三国,2丁目,11番,,,,,,,,,,月木,,,,,,,,,,,,,,,,,,,,,,,金,,,,,,,,,,,,,,,,火,,,,,,木,,,,,,,,,,,,
淀川区,西三国,2丁目,12番,,,,,,,,,,月木,,,,,,,,,,,,,,,,,,,,,,,金,,,,,,,,,,,,,,,,火,,,,,,木,,,,,,,,,,,,
淀川区,西三国,2丁目,13番,軽四輪車(小さい車)で収集している地域,,,,,,,,月木,,,,,,,,,,,,,,,,,,,,,,,,金,,,,,,,,,,,,,,,,火,,,,,,木,,,,,,,,,,,,
淀川区,西三国,2丁目,13番,上記以外,,,,,,,,,月木,,,,,,,,,,,,,,,,,,,,,,,金,,,,,,,,,,,,,,,,火,,,,,,木,,,,,,,,,,,,
淀川区,西三国,2丁目,14番,,,,,,,,,月木,,,,,,,,,,,,,,,,,,,,,,金,,,,,,,,,,,,,,,,火,,,,,,,,木,,,,,,,,,,,,
淀川区,西三国,2丁目,15番,軽四輪車(小さい車)で収集している地域,,,,,,,,月木,,,,,,,,,,,,,,,,,,,,,,金,,,,,,,,,,,,,,,,火,,,,,,,,木,,,,,,,,,,,,
淀川区,西三国,2丁目,15番,上記以外,,,,,,,,,月木,,,,,,,,,,,,,,,,,,,,,金,,,,,,,,,,,,,,,,火,,,,,,,,木,,,,,,,,,,,,
淀川区,西三国,2丁目,16番,軽四輪車(小さい車)で収集している地域,,,,,,,,月木,,,,,,,,,,,,,,,,,,,,,,金,,,,,,,,,,,,,,,,火,,,,,,,,木,,,,,,,,,,,,
淀川区,西三国,2丁目,16番,上記以外,,,,,,,,,月木,,,,,,,,,,,,,,,,,,,,,金,,,,,,,,,,,,,,,,火,,,,,,,,木,,,,,,,,,,,,
淀川区,西三国,2丁目,17番,軽四輪車(小さい車)で収集している地域,,,,,,,,月木,,,,,,,,,,,,,,,,,,,,,金,,,,,,,,,,,,,,,,火,,,,,,,,,木,,,,,,,,,,,,
淀川区,西三国,2丁目,17番,上記以外,,,,,,,,,月木,,,,,,,,,,,,,,,,,,,,金,,,,,,,,,,,,,,,,火,,,,,,,,,木,,,,,,,,,,,,
淀川区,西三国,2丁目,18番,,,,,,,,,,月木,,,,,,,,,,,,,,,,,,,,金,,,,,,,,,,,,,,,,火,,,,,,,,,木,,,,,,,,,,,,
淀川区,西三国,2丁目,19番,,,,月木,,,,,,,,,,,,,,,,,,,,,,,,,,金,,,,,,,,,,,,,,,,火,,,,,,,,,木,,,,,,,,,,,,
淀川区,西三国,3丁目,1番,軽四輪車(小さい車)で収集している地域,,,月木,,,,,,,,,,,,,,,,,,,金,,,,,,,,,,,,,,,,火,,,,,,,,,,,,,,,,,,,,,,,,,,,,
淀川区,西三国,3丁目,1番,1･3･5･6･7号(小さい車),,,,月木,,,,,,,,,,,,,,,,,,金,,,,,,,,,,,,,,,,火,,,,,,,,,,,,,,,,,,,,,,,,,,,,
淀川区,西三国,3丁目,1番,上記以外,,,,,,,,月木,,,,,,,,,,,,,,,,,,,,,,金,,,,,,,,,,,,,,,,火,,,,,,,,,,,,,,,,,,,,
淀川区,西三国,3丁目,2番,軽四輪車(小さい車)で収集している地域,,,月木,,,,,,,,,,,,,,,,,,,金,,,,,,,,,,,,,,,,火,,,,,,,,,,,,,,,,,,,,,,,,,,,,
淀川区,西三国,3丁目,2番,1～3号(小さい車),,,,月木,,,,,,,,,,,,,,,,,,金,,,,,,,,,,,,,,,,火,,,,,,,,,,,,,,,,,,,,,,,,,,,,
淀川区,西三国,3丁目,2番,上記以外,,,,,,,,月木,,,,,,,,,,,,,,金,,,,,,,,,,,,,,,,火,,,,,,,,,,,,,,,,,,,,,,,,,,,,
淀川区,西三国,3丁目,3番,軽四輪車(小さい車)で収集している地域,,,月木,,,,,,,,,,,,,,,,,,,金,,,,,,,,,,,,,,,,火,,,,,,,,,,,,,,,,,,,,,,,,,,,,
淀川区,西三国,3丁目,3番,5･6号(小さい車),,,,月木,,,,,,,,,,,,,,,,,,金,,,,,,,,,,,,,,,,火,,,,,,,,,,,,,,,,,,,,,,,,,,,,
淀川区,西三国,3丁目,3番,5号(ファミール北大阪5号棟),,,,,,,,,,,,,,,月木,,,,,,,金,,,,,,,,,,,,,,,,火,,,,,,,,,,,,,,,,,,,,,,,,,,,,
淀川区,西三国,3丁目,3番,上記以外,,,,,,,,月木,,,,,,,,,,,,,,金,,,,,,,,,,,,,,,,火,,,,,,,,,,,,,,,,,,,,,,,,,,,,
淀川区,西三国,3丁目,4番,軽四輪車(小さい車)で収集している地域,,,,,,,,,,,,,,,月木,,,,,,,金,,,,,,,,,,,,,,,,火,,,,,,,,,,,,,,,,,,,,,,,,,,,,
淀川区,西三国,3丁目,4番,3号(小さい車),,,,月木,,,,,,,,,,,,,,,,,,金,,,,,,,,,,,,,,,,火,,,,,,,,,,,,,,,,,,,,,,,,,,,,
淀川区,西三国,3丁目,4番,上記以外,,,,,,月木,,,,,,,,,,,,,,,,金,,,,,,,,,,,,,,,,火,,,,,,,,,,,,,,,,,,,,,,,,,,,,
淀川区,西三国,3丁目,5番,,,,,,,月木,,,,,,,,,,,,,,,,金,,,,,,,,,,,,,,,,火,,,,,,,,,,,,,,,,,,,,,,,,,,,,
淀川区,西三国,3丁目,6番,,,,,,,月木,,,,,,,,,,,,,,,,金,,,,,,,,,,,,,,,,火,,,,,,,,,,,,,,,,,,,,,,,,,,,,
淀川区,西三国,3丁目,7番,,,,,,,月木,,,,,,,,,,,,,,,,金,,,,,,,,,,,,,,,,火,,,,,,,,,,,,,,,,,,,,,,,,,,,,
淀川区,西三国,3丁目,8番,,,,月木,,,,,,,,,,,,,,,,,,,,,,,,金,,,,,,,,,,,,,,,,火,,,,,,,,,,,,,,,,,,,,,,,
淀川区,西三国,3丁目,9番,,,,,,,月木,,,,,,,,,,,,,,,,,,,,,,,金,,,,,,,,,,,,,,,,火,,,,,,,,,,,,,,,,,,,,,
淀川区,西三国,3丁目,10番,,,,,,,月木,,,,,,,,,,,,,,,,,,,,,,,金,,,,,,,,,,,,,,,,火,,,,,,,,,,,,,,,,,,,,,
淀川区,西三国,3丁目,11番,,,,,,,,,,月木,,,,,,,,,,,,,,,金,,,,,,,,,,,,,,,,火,,,,,,,,,,,,,,,,,,,,,,,,,,
淀川区,西三国,3丁目,12番,軽四輪車(小さい車)で収集している地域,,,,,,月木,,,,,,,,,,,,,,,,,,,,,,,,金,,,,,,,,,,,,,,,,火,,,,,,,,,,,,,,,,,,,,
淀川区,西三国,3丁目,12番,上記以外,,,,,,,,,月木,,,,,,,,,,,,,,,,,,,,,金,,,,,,,,,,,,,,,,火,,,,,,,,,,,,,,,,,,,,
淀川区,西三国,3丁目,13番,軽四輪車(小さい車)で収集している地域,,,,,,月木,,,,,,,,,,,,,,,,,,,,,金,,,,,,,,,,,,,,,,火,,,,,,,,,,,,,,,,,,,,,,,
淀川区,西三国,3丁目,13番,上記以外,,,,,,,,,月木,,,,,,,,,,,,,,,,,,金,,,,,,,,,,,,,,,,火,,,,,,,,,,,,,,,,,,,,,,,
淀川区,西三国,3丁目,14番,,,,,,,月木,,,,,,,,,,,,,,,,,,,,,,,金,,,,,,,,,,,,,,,,火,,,,,,,,,,,,,,,,,,,,,
淀川区,西三国,3丁目,15番,,,,,,,月木,,,,,,,,,,,,,,,,,,,,,,,金,,,,,,,,,,,,,,,,火,,,,,,,,,,,,,,,,,,,,,
淀川区,西三国,3丁目,16番,,,,,,,月木,,,,,,,,,,,,,,,,,,,,,,,金,,,,,,,,,,,,,,,,火,,,,,,,,,,,,,,,,,,,,,
淀川区,西三国,3丁目,17番,,,,,,,月木,,,,,,,,,,,,,,,,,,,,,,,金,,,,,,,,,,,,,,,,火,,,,,,,,,,,,,,,,,,,,,
淀川区,西三国,3丁目,18番,,,,,,,月木,,,,,,,,,,,,,,,,,,,,,,,金,,,,,,,,,,,,,,,,火,,,,,,,,,,,,,,,,,,,,,
淀川区,西三国,3丁目,19番,,,,,,,月木,,,,,,,,,,,,,,,,,,,,,,,,金,,,,,,,,,,,,,,,,火,,,,,,,,,,,,,,,,,,,,
淀川区,西三国,3丁目,20番,軽四輪車(小さい車)で収集している地域,,,,,,月木,,,,,,,,,,,,,,,,,,,,,,,,,金,,,,,,,,,,,,,,,,火,,,,,,,,,,,,,,,,,,,
淀川区,西三国,3丁目,20番,上記以外,,,,,,,,月木,,,,,,,,,,,,,,,,,,,,,,,金,,,,,,,,,,,,,,,,火,,,,,,,,,,,,,,,,,,,
淀川区,西三国,3丁目,21番,軽四輪車(小さい車)で収集している地域,,,,,,月木,,,,,,,,,,,,,,,,,,,,,,,,金,,,,,,,,,,,,,,,火,,,,,,,,,,,,,,,,,,,,,
淀川区,西三国,3丁目,21番,上記以外,,,,,,,,月木,,,,,,,,,,,,,,,,,,,,,,金,,,,,,,,,,,,,,,火,,,,,,,,,,,,,,,,,,,,,
淀川区,西三国,3丁目,22番,軽四輪車(小さい車)で収集している地域,,,,,,月木,,,,,,,,,,,,,,,,,,,,,,,,金,,,,,,,,,,,,,,,,火,,,,,,,,,,,,,,,,,,,,
淀川区,西三国,3丁目,22番,上記以外,,,,,,,,月木,,,,,,,,,,,,,,,,,,,,,,金,,,,,,,,,,,,,,,,火,,,,,,,,,,,,,,,,,,,,
淀川区,西三国,3丁目,23番,軽四輪車(小さい車)で収集している地域,,,,,,月木,,,,,,,,,,,,,,,,,,,,,,,,金,,,,,,,,,,,,,,,,火,,,,,,,,,,,,,,,,,,,,
淀川区,西三国,3丁目,23番,上記以外,,,,,,,,月木,,,,,,,,,,,,,,,,,,,,,,金,,,,,,,,,,,,,,,,火,,,,,,,,,,,,,,,,,,,,
淀川区,西三国,3丁目,24番,,,,,,,月木,,,,,,,,,,,,,,,,,,,,,,,金,,,,,,,,,,,,,,,,火,,,,,,,,,,,,,,,,,,,,,
淀川区,西三国,3丁目,25番,,,,,,,月木,,,,,,,,,,,,,,,,,,,,,,,,金,,,,,,,,,,,,,,,,火,,,,,,,,,,,,,,,,,,,,
淀川区,西三国,3丁目,26番,,,,,,,月木,,,,,,,,,,,,,,,,,,,,,,金,,,,,,,,,,,,,,,,,火,,,,,,,,,,,,,,,,,,,,,
淀川区,西三国,3丁目,27番,,,,,,,,,,月木,,,,,,,,,,,,,,,,,,,,,金,,,,,,,,,,,,,,,,火,,,,,,,,,,,,,,,,,,,,
淀川区,西三国,4丁目,1番,,,,,,,,,,月木,,,,,,,,,,,,,,,金,,,,,,,,,,,,,,,,火,,,,,,,,,,,,,,,木,,,,,,,,,,,
淀川区,西三国,4丁目,2番,,,,,,,,,,月木,,,,,,,,,,,,,,,,金,,,,,,,,,,,,,,,,火,,,,,,,,,,,,,,木,,,,,,,,,,,
淀川区,西三国,4丁目,3番,,,,,,,,,,月木,,,,,,,,,,,,,,,,金,,,,,,,,,,,,,,,,火,,,,,,,,,,,,,,,,,,,,,,,,,
淀川区,西三国,4丁目,4番,,,,,,,,,,月木,,,,,,,,,,,,,,,金,,,,,,,,,,,,,,,,火,,,,,,,,,,,,,,,,,,,,,,,,,,
淀川区,西三国,4丁目,5番,,,,,,,,,,月木,,,,,,,,,,,,,,,,金,,,,,,,,,,,,,,,,火,,,,,,,,,,,,,,,,,,,,,,,,,
淀川区,西三国,4丁目,6番,,,,,,,,,,月木,,,,,,,,,,,,,,,金,,,,,,,,,,,,,,,,火,,,,,,,,,,,,,,,,,,,,,,,,,,
淀川区,西三国,4丁目,7番,,,,,,,,,,月木,,,,,,,,,,,,,,,金,,,,,,,,,,,,,,,,火,,,,,,,,,,,,,,,,,,,,,,,,,,
淀川区,西三国,4丁目,8番,9号,,,,,月木,,,,,,,,,,,,,,,,,,,金,,,,,,,,,,,,,,,,火,,,,,,,,,,,,,,,,,,,,,,,,,,
淀川区,西三国,4丁目,8番,上記以外,,,,,,,,,月木,,,,,,,,,,,,,,,金,,,,,,,,,,,,,,,,火,,,,,,,,,,,,,,,,,,,,,,,,,,
淀川区,西三国,4丁目,9番,,,,,,,,,,月木,,,,,,,,,,,,,,,金,,,,,,,,,,,,,,,,,火,,,,,,,,,,,,,,,,,,,,,,,,,
淀川区,西三国,4丁目,10番,8号,,,,,月木,,,,,,,,,,,,,,,,,,,金,,,,,,,,,,,,,,,,火,,,,,,,,,,,,,,,,,,,,,,,,,,
淀川区,西三国,4丁目,10番,上記以外,,,,,,,,,月木,,,,,,,,,,,,,,,金,,,,,,,,,,,,,,,,火,,,,,,,,,,,,,,,,,,,,,,,,,,
淀川区,西三国,4丁目,11番,,,,,,,,,,月木,,,,,,,,,,,,,金,,,,,,,,,,,,,,,,火,,,,,,,,,,,,,,,,,,,,,,,,,,,,
淀川区,西三国,4丁目,12番,,,,,,,,,,月木,,,,,,,,,,,,,金,,,,,,,,,,,,,,,,火,,,,,,,,,,,,,,,,,,,,,,,,,,,,
淀川区,西三国,4丁目,13番,,,,,,,,,,月木,,,,,,,,,,,,,金,,,,,,,,,,,,,,,,火,,,,,,,,,,,,,,,,,,,,,,,,,,,,
淀川区,西宮原,1丁目,3番,市営木川第2住宅,,,,,,,,,,,,,,,月木,,,,,,,,,,,,,,,金,,,,,,,,,,,,,,,,火,,,,,,,,,,,,,,,,,,,,
淀川区,西宮原,1丁目,3番,56号(イーバイユー新大阪),,,,,,,,,,,,,,,月木,,,,,,,,,,,,,,,金,,,,,,,,,,,,,,,,火,,,,,,,,,,,,,,,,,,,,
淀川区,西宮原,1丁目,3番,新大阪アーバンビル,,,,,,,,,,,,,,,月木,,,,,,,,,,,,,,,金,,,,,,,,,,,,,,,,火,,,,,,,,,,,,,,,,,,,,
淀川区,西宮原,1丁目,3番,ドイマンション,,,,,,,,,,,,,,,月木,,,,,,,,,,,,,,,金,,,,,,,,,,,,,,,,火,,,,,,,,,,,,,,,,,,,,
淀川区,西宮原,1丁目,3番,上記以外,,,,,,,,,,,,,,,月木,,,,,,,,,,,,,,,金,,,,,,,,,,,,,,,,火,,,,,,,,,,,,,,,,,,,,
淀川区,西宮原,1丁目,4番,15号(ファミール新大阪ネクスト都グランバリュー),,,,,,,,,,,,,,,月木,,,,,,,,,,,,,,,金,,,,,,,,,,,,,,,,火,,,,,,,,,,,,,,,,,,,,
淀川区,西宮原,1丁目,4番,丸重グランンドハイツ,,,,,,,,,,,,,,,月木,,,,,,,,,,,,,,,金,,,,,,,,,,,,,,,,火,,,,,,,,,,,,,,,,,,,,
淀川区,西宮原,1丁目,4番,上記以外,,,,,,,,,,,,,,,月木,,,,,,,,,,,,,,,金,,,,,,,,,,,,,,,,火,,,,,,,,,,,木,,,,,,,,,
淀川区,西宮原,1丁目,5番,アミティエ新大阪,,,,,,,,,,,,,,,月木,,,,,,,,,,,,,,,金,,,,,,,,,,,,,,,,火,,,,,,,,,,,木,,,,,,,,,
淀川区,西宮原,1丁目,5番,ハイツ芳,,,,,,,,,,,,,,,月木,,,,,,,,,,,,,,,金,,,,,,,,,,,,,,,,火,,,,,,,,,,,木,,,,,,,,,
淀川区,西宮原,1丁目,5番,上記以外,,,,,,,,,,,,,,,月木,,,,,,,,,,,,,,,金,,,,,,,,,,,,,,,,火,,,,,,,,,,,木,,,,,,,,,
淀川区,西宮原,1丁目,6番,7号(市営木川第3住宅),,,,,,,,,,,,,,,月木,,,,,,,,,,,,,,,金,,,,,,,,,,,,,,,,火,,,,,,,,,,,,,,,,,,,,
淀川区,西宮原,1丁目,6番,上記以外,,,,,,,,,,,,,,,月木,,,,,,,,,,,,,,,金,,,,,,,,,,,,,,,,火,,,,,,,,,,,木,,,,,,,,,
淀川区,西宮原,1丁目,7番,1号(市営西宮原住宅1号館),,,,,,,,,,,,,,,月木,,,,,,,,,,,,,,,金,,,,,,,,,,,,,,,,火,,,,,,,,,,,,,,,,,,,,
淀川区,西宮原,1丁目,7番,6号(大阪市営西宮原住宅1号館),,,,,,,,,,,,,,,月木,,,,,,,,,,,,,,,金,,,,,,,,,,,,,,,,火,,,,,,,,,,,木,,,,,,,,,
淀川区,西宮原,1丁目,7番,8号(ディアコート新大阪),,,,,,,,月木,,,,,,,,,,,,,,,,,,,,,,金,,,,,,,,,,,,,,,,火,,,,,,,,,,,木,,,,,,,,,
淀川区,西宮原,1丁目,7番,9号(ラグーン新大阪シティライフ2),,,,,,,,月木,,,,,,,,,,,,,,,,,,,,,,金,,,,,,,,,,,,,,,,火,,,,,,,,,,,木,,,,,,,,,
淀川区,西宮原,1丁目,7番,15号(ネオハイツイ第3新大阪）,,,,,,,,,,,,,,,月木,,,,,,,,,,,,,,,金,,,,,,,,,,,,,,,,火,,,,,,,,,,,,,,,,,,,,
淀川区,西宮原,1丁目,7番,20号(新大阪ホワイトハイツ),,,,,,,,,,,,,,,月木,,,,,,,,,,,,,,,金,,,,,,,,,,,,,,,,火,,,,,,,,,,,木,,,,,,,,,
淀川区,西宮原,1丁目,7番,36号(新大阪スカイハイツ),,,,,,,,,,,,,,,月木,,,,,,,,,,,,,,,金,,,,,,,,,,,,,,,,火,,,,,,,,,,,木,,,,,,,,,
淀川区,西宮原,1丁目,7番,39号(メゾン第2新大阪),,,,,,,,,,,,,,,月木,,,,,,,,,,,,,,,金,,,,,,,,,,,,,,,,火,,,,,,,,,,,木,,,,,,,,,
淀川区,西宮原,1丁目,7番,45号(ラグーン新大阪シティライフ1),,,,,,,,,,,,,,,月木,,,,,,,,,,,,,,,金,,,,,,,,,,,,,,,,火,,,,,,,,,,,木,,,,,,,,,
淀川区,西宮原,1丁目,7番,46号(エステムコート新大阪Ⅵエキスプレス),,,,,,,,,,,,,,,月木,,,,,,,,,,,,,,,金,,,,,,,,,,,,,,,,火,,,,,,,,,,,木,,,,,,,,,
淀川区,西宮原,1丁目,7番,47号(ネオハイツ第2新大阪),,,,,,,,,,,,,,,月木,,,,,,,,,,,,,,,金,,,,,,,,,,,,,,,,火,,,,,,,,,,,木,,,,,,,,,
淀川区,西宮原,1丁目,7番,50号(ローズコーポ新大阪5),,,,,,,,,,,,,,,月木,,,,,,,,,,,,,,,金,,,,,,,,,,,,,,,,火,,,,,,,,,,,木,,,,,,,,,
淀川区,西宮原,1丁目,7番,上記以外,,,,,,,,,,,,,,,月木,,,,,,,,,,,,,,,金,,,,,,,,,,,,,,,,火,,,,,,,,,,,木,,,,,,,,,
淀川区,西宮原,1丁目,8番,1号(ロイヤルハイツ新大阪),,,,,,,,,,,,,,,月木,,,,,,,,,,,,,,,金,,,,,,,,,,,,,,,,火,,,,,,,,,,木,,,,,,,,,,
淀川区,西宮原,1丁目,8番,6号(スターハイツ西宮原),,,,,,,,,,,,,,,月木,,,,,,,,,,,,,,,金,,,,,,,,,,,,,,,,火,,,,,,,,,,木,,,,,,,,,,
淀川区,西宮原,1丁目,8番,31号(グランドマンションニュー大阪),,,,,,,,,,,,,,,月木,,,,,,,,,,,,,,,金,,,,,,,,,,,,,,,,火,,,,,,,,,,木,,,,,,,,,,
淀川区,西宮原,1丁目,8番,38号(ハイマート第二新大阪),,,,,,,,,,,,,,,月木,,,,,,,,,,,,,,,金,,,,,,,,,,,,,,,,火,,,,,,,,,木,,,,,,,,,,,
淀川区,西宮原,1丁目,8番,ホワイトハイデンス新大阪,,,,,,,,,,,,,,,月木,,,,,,,,,,,,,,,金,,,,,,,,,,,,,,,,火,,,,,,,,,木,,,,,,,,,,,
淀川区,西宮原,1丁目,8番,上記以外,,,,,,,,,,,,,,,月木,,,,,,,,,,,,,,,金,,,,,,,,,,,,,,,,火,,,,,,,,,,木,,,,,,,,,,
淀川区,西宮原,2丁目,3番,35号(ドルミ新大阪),,,,,,月木,,,,,,,,,,,,,,,,,,,,,,,,金,,,,,,,,,,,,,,,,火,,,,,,,,,,木,,,,,,,,,,
淀川区,西宮原,2丁目,3番,上記以外,,,,,,,,,,,,,,,月木,,,,,,,,,,,,,,,金,,,,,,,,,,,,,,,,火,,,,,,,,,,木,,,,,,,,,,
淀川区,西宮原,2丁目,4番,,,,,,,,,,,,,,,,月木,,,,,,,,,,,,,,,金,,,,,,,,,,,,,,,,火,,,,,,,,,,木,,,,,,,,,,
淀川区,西宮原,2丁目,5番,46号(アッドパープレイス),,,,,,,,,,,,,,,月木,,,,,,,,,,,,,,,金,,,,,,,,,,,,,,,,火,,,,,,,,,,,,,,,,,,木,,
淀川区,西宮原,2丁目,5番,上記以外,,,,,,,,,,,,,,,月木,,,,,,,,,,,,,,,金,,,,,,,,,,,,,,,,火,,,,,,,,,,木,,,,,,,,,,
淀川区,西宮原,2丁目,6番,8号(プラウドシティ新大阪),,,,,,,,,,,,,,,月木,,,,,,,,,,,,,,,金,,,,,,,,,,,,,,,,火,,,,,,,,,,,,,,,,,,,,
淀川区,西宮原,2丁目,6番,18号(グラントピア新大阪),,,,,,,,,,,,,,,月木,,,,,,,,,,,,,,,金,,,,,,,,,,,,,,,,火,,,,,,,,,,,,,,,,,,,,
淀川区,西宮原,2丁目,6番,20号(新大阪シティコーポ),,,,,,,,,,,,,,,月木,,,,,,,,,,,,,,,金,,,,,,,,,,,,,,,,火,,,,,,,,,,,,木,,,,,,,,
淀川区,西宮原,2丁目,6番,41号(ザ･パークハウス新大阪),,,,,,,,,,,,,,,月木,,,,,,,,,,,,,,,金,,,,,,,,,,,,,,,,火,,,,,,,,,,,,,,,,,,,,
淀川区,西宮原,2丁目,6番,37~38号,,,,,月木,,,,,,,,,,,,,,,,,,,,,,,,,金,,,,,,,,,,,,,,,,火,,,,,,,,,,,,,,,,,,,,
淀川区,西宮原,2丁目,6番,上記以外,,,,,,,,,,,,,,,月木,,,,,,,,,,,,,,,金,,,,,,,,,,,,,,,,火,,,,,,,,,,,木,,,,,,,,,
淀川区,西宮原,2丁目,7番,17号(北大阪ハイツ),,,,,,,,,,,,,,,月木,,,,,,,,,,,,,,,金,,,,,,,,,,,,,,,,火,,,,,,,,,,,,,,,,,,,,
淀川区,西宮原,2丁目,7番,18号(北大阪ハイツ),,,,,,,,,,,,,,,月木,,,,,,,,,,,,,,,金,,,,,,,,,,,,,,,,火,,,,,,,,,,,,,,,,,,,,
淀川区,西宮原,2丁目,7番,24号(新大阪ウエストハイツ),,,,,,,,,,,,,,,月木,,,,,,,,,,,,,,,金,,,,,,,,,,,,,,,,火,,,,,,,,,,,,,,,,,,,,
淀川区,西宮原,2丁目,7番,41号(ワダビル),,,,,,,,,,,,,,,月木,,,,,,,,,,,,,,,金,,,,,,,,,,,,,,,,火,,,,,,,,,,,,木,,,,,,,,
淀川区,西宮原,2丁目,7番,45号(フルーレ第2新大阪),,,,,,,,,,,,,,,月木,,,,,,,,,,,,,,,金,,,,,,,,,,,,,,,,火,,,,,,,,,,,,,,,,,,,,
淀川区,西宮原,2丁目,7番,59号(ユニライフ新大阪),,,,,,,,,,,,,,,月木,,,,,,,,,,,,,,,金,,,,,,,,,,,,,,,,火,,,,,,,,,,,,木,,,,,,,,
淀川区,西宮原,2丁目,7番,上記以外,,,,,,,,,,,,,,,月木,,,,,,,,,,,,,,,金,,,,,,,,,,,,,,,,火,,,,,,,,,,,木,,,,,,,,,
淀川区,西宮原,3丁目,1番,3号(マンション西宮原),,,,,,月木,,,,,,,,,,,,,,,,,,,,,,,,金,,,,,,,,,,,,,,,,火,,,,,,,,,,,,,,,,,,,,
淀川区,西宮原,3丁目,1番,上記以外,,,,,,,,,,,,,,,月木,,,,,,,,,,,,,,,金,,,,,,,,,,,,,,,,火,,,,,,,,,,,,,,,,,,,,
淀川区,西宮原,3丁目,2番,,,,,,,,,,,,,,,,月木,,,,,,,,,,,,,,,金,,,,,,,,,,,,,,,,火,,,,,,,,,,,,,,,,,,,,
淀川区,西宮原,3丁目,3番,1号~３号(ファミールハイツ北大阪1号棟～3号棟),,,,,,月木,,,,,,,,,,,,,,,,,,,,,,,,,,金,,,,,,,,,,,,,,,,火,,,,,,,,,,,,,,,,,,
淀川区,西宮原,3丁目,3番,新大阪シティハイツ,,,,,月木,,,,,,,,,,,,,,,,,,,,,,,,,,,金,,,,,,,,,,,,,,,,火,,,,,,,,,,,,,,,,,,
淀川区,西宮原,3丁目,3番,上記以外,,,,,,,,,,,,,,,月木,,,,,,,,,,,,,,,金,,,,,,,,,,,,,,,,,火,,,,,,,,,,,,,,,,,,,
淀川区,野中北,1丁目,1番,シャーメゾンタウンコート新大阪,,,,,,,,火金,,,,,,,,,,,,,,,,土,,,,,,,,,,,,,,,,水,,,,,,,,,,,,,,,,,,,,,,,,,,
淀川区,野中北,1丁目,1番,上記以外,,,,,,,,火金,,,,,,,,,,,,,,,,土,,,,,,,,,,,,,,,,水,,,,,,,,,,,,,,,,,,,,,,,,,,
淀川区,野中北,1丁目,2番,,,,,,,,,火金,,,,,,,,,,,,,,,,,,,,,,土,,,,,,,,,,,,,,,,水,,,,,,,,,,,,,,,,,,,,
淀川区,野中北,1丁目,3番,,,,,,,,,火金,,,,,,,,,,,,,,,,,,,,,,土,,,,,,,,,,,,,,,,水,,,,,,,,,,,,,,,,,,,,
淀川区,野中北,1丁目,4番,シンセリティ野中,,,,,,,,火金,,,,,,,,,,,,,,,,,,,,,,土,,,,,,,,,,,,,,,,水,,,,,,,,,,,,,,,,,,,,
淀川区,野中北,1丁目,4番,ベストレジデンス十三,,,,,,,,火金,,,,,,,,,,,,,,,,,,,,,,土,,,,,,,,,,,,,,,,水,,,,,,,,,,,,,,,,,,,,
淀川区,野中北,1丁目,4番,上記以外,,,,,,,,火金,,,,,,,,,,,,,,,,,,,,,,土,,,,,,,,,,,,,,,,水,,,,,,,,,,,,,,,,,,,,
淀川区,野中北,1丁目,5番,,,,,,,,,火金,,,,,,,,,,,,,,,,土,,,,,,,,,,,,,,,,水,,,,,,,,,,,,,,,,,,,,,,,,,,
淀川区,野中北,1丁目,6番,ネバーランド北大阪,,,,,,火金,,,,,,,,,,,,,,,,,,,,,,,,土,,,,,,,,,,,,,,,,水,,,,,,,,,,,,,,,,,,,,
淀川区,野中北,1丁目,6番,ルイシャトレ三国北大阪,,,,,,火金,,,,,,,,,,,,,,,,,,,,,,,,土,,,,,,,,,,,,,,,,水,,,,,,,,,,,,,,,,,,,,
淀川区,野中北,1丁目,6番,上記以外,,,,,,,,火金,,,,,,,,,,,,,,,,,,,,,,土,,,,,,,,,,,,,,,,水,,,,,,,,,,,,,,,,,,,,
淀川区,野中北,1丁目,7番,アンビエント野中,,,,,,,,火金,,,,,,,,,,,,,,,,,,,,,,土,,,,,,,,,,,,,,,,水,,,,,,,,,,,,,,,,,,,,
淀川区,野中北,1丁目,7番,上記以外,,,,,,,,火金,,,,,,,,,,,,,,,,,,,,,,土,,,,,,,,,,,,,,,,水,,,,,,,,,,,,,,,,,,,,
淀川区,野中北,1丁目,8番,,,,,,,,,火金,,,,,,,,,,,,,,,,,,,,,,土,,,,,,,,,,,,,,,,水,,,,,,,,,,,,,,,,,,,,
淀川区,野中北,1丁目,9番,,,,,,,,,火金,,,,,,,,,,,,,,,,,,,,,,土,,,,,,,,,,,,,,,,水,,,,,,,,,,,,,,,,,,,,
淀川区,野中北,1丁目,10番,,,,,,,,,火金,,,,,,,,,,,,,,,,,,,,,,土,,,,,,,,,,,,,,,,水,,,,,,,,,,,,,,,,,,,,
淀川区,野中北,1丁目,11番,,,,,,,,,火金,,,,,,,,,,,,,,,,,,,,,,土,,,,,,,,,,,,,,,,水,,,,,,,,,,,,,,,,,,,,
淀川区,野中北,1丁目,12番,野中北パークマンション,,,,,,,,火金,,,,,,,,,,,,,,,,,,,,,,土,,,,,,,,,,,,,,,,水,,,,,,,,,,,,,,,,,,,,
淀川区,野中北,1丁目,12番,上記以外,,,,,,,,火金,,,,,,,,,,,,,,,,,,,,,,土,,,,,,,,,,,,,,,,水,,,,,,,,,,,,,,,,,,,,
淀川区,野中北,1丁目,13番,アパガーデンコート北大阪,,,,,,火金,,,,,,,,,,,,,,,,,,,,,,,,土,,,,,,,,,,,,,,,,水,,,,,,,,,,,,,,,,,,,,
淀川区,野中北,1丁目,13番,上記以外,,,,,,火金,,,,,,,,,,,,,,,,,,,,,,,,土,,,,,,,,,,,,,,,,水,,,,,,,,,,,,,,,,,,,,
淀川区,野中北,1丁目,14番,市営野中住宅2号館,,,,,,,,火金,,,,,,,,,,,,,,,,,,,,,,土,,,,,,,,,,,,,,,,水,,,,,,,,,,,,,,,,,,,,
淀川区,野中北,1丁目,14番,上記以外,,,,,,,,火金,,,,,,,,,,,,,,,,,,,,,,土,,,,,,,,,,,,,,,,水,,,,,,,,,,,,,,,,,,,,
淀川区,野中北,1丁目,15番,,,,,,,,,火金,,,,,,,,,,,,,,,,,,,,,,土,,,,,,,,,,,,,,,,水,,,,,,,,,,,,,,,,,,,,
淀川区,野中北,1丁目,16番,,,,,,,,,火金,,,,,,,,,,,,,,,,,,,,,,土,,,,,,,,,,,,,,,,水,,,,,,,,,,,,,,,,,,,,
淀川区,野中北,1丁目,17番,,,,,,,,,火金,,,,,,,,,,,,,,,,,土,,,,,,,,,,,,,,,,水,,,,,,,,,,,,,,,,,,,,,,,,,
淀川区,野中北,2丁目,1番,,,,,,,,,火金,,,,,,,,,,,,,,,,,土,,,,,,,,,,,,,,,,水,,,,,,,,,,,,,,,,,,,,,,,,,
淀川区,野中北,2丁目,2番,,,,,,,,,火金,,,,,,,,,,,,,,,,,土,,,,,,,,,,,,,,,,水,,,,,,,,,,,,,,,,,,,,,,,,,
淀川区,野中北,2丁目,3番,野中北スカイハイツ,,,,,,,,火金,,,,,,,,,,,,,,,土,,,,,,,,,,,,,,,,水,,,,,,,,,,,,,,,,,,,,,,,,,,,
淀川区,野中北,2丁目,3番,上記以外,,,,,,,,火金,,,,,,,,,,,,,,,土,,,,,,,,,,,,,,,,水,,,,,,,,,,,,,,,,,,,,,,,,,,,
淀川区,野中北,2丁目,4番,市営野中第1号棟,,,,,,,,火金,,,,,,,,,,,,,,,土,,,,,,,,,,,,,,,,水,,,,,,,,,,,,,,,,,,,,,,,,,,,
淀川区,野中北,2丁目,4番,上記以外,,,,,,,,火金,,,,,,,,,,,,,,,土,,,,,,,,,,,,,,,,水,,,,,,,,,,,,,,,,,,,,,,,,,,,
淀川区,野中北,2丁目,5番,,,,,,,,,火金,,,,,,,,,,,,,,,土,,,,,,,,,,,,,,,,水,,,,,,,,,,,,,,,,,,,,,,,,,,,
淀川区,野中北,2丁目,6番,,,,,,,,,火金,,,,,,,,,,,,,,,土,,,,,,,,,,,,,,,,水,,,,,,,,,,,,,,,,,,,,,,,,,,,
淀川区,野中北,2丁目,7番,神崎川エアリー,,,,,,,,火金,,,,,,,,,,,,,,,土,,,,,,,,,,,,,,,,水,,,,,,,,,,,,,,,,,,,,,,,,,,,
淀川区,野中北,2丁目,7番,上記以外,,,,,,,,火金,,,,,,,,,,,,,,,土,,,,,,,,,,,,,,,,水,,,,,,,,,,,,,,,,,,,,,,,,,,,
淀川区,野中北,2丁目,8番,,,,,,,,,火金,,,,,,,,,,,,,,土,,,,,,,,,,,,,,,,水,,,,,,,,,,,,,,,,,,,,,,,,,,,,
淀川区,野中北,2丁目,9番,野中北パークハウス,,,,,,,,火金,,,,,,,,,,,,,,,土,,,,,,,,,,,,,,,,水,,,,,,,,,,,,,,,,,,,,,,,,,,,
淀川区,野中北,2丁目,9番,上記以外,,,,,,,,火金,,,,,,,,,,,,,,,土,,,,,,,,,,,,,,,,水,,,,,,,,,,,,,,,,,,,,,,,,,,,
淀川区,野中北,2丁目,10番,,,,,,,,,火金,,,,,,,,,,,,,,土,,,,,,,,,,,,,,,,,水,,,,,,,,,,,,,,,,,,,,,,,,,,,
淀川区,野中北,2丁目,11番,,,,,,,,,火金,,,,,,,,,,,,,,土,,,,,,,,,,,,,,,,水,,,,,,,,,,,,,,,,,,,,,,,,,,,,
淀川区,野中北,2丁目,12番,,,,,,,,,火金,,,,,,,,,,,,,,土,,,,,,,,,,,,,,,,,水,,,,,,,,,,,,,,,,,,,,,,,,,,,
淀川区,野中南,1丁目,1番,,,,,,,,,火金,,,,,,,,,,,,,,,土,,,,,,,,,,,,,,,,水,,,,,,,,,,,,,,,,,,,,,,,,,,,
淀川区,野中南,1丁目,2番,,,,,,,,,火金,,,,,,,,,,,,,,土,,,,,,,,,,,,,,,,水,,,,,,,,,,,,,,,,,,,,,,,,,,,,
淀川区,野中南,1丁目,3番,,,,,,,,,火金,,,,,,,,,,,,,,,土,,,,,,,,,,,,,,,,水,,,,,,,,,,,,,,,,,,,,,,,,,,,
淀川区,野中南,1丁目,4番,パナソニック淀川寮,,,,,,,,火金,,,,,,,,,,,,,,土,,,,,,,,,,,,,,,,水,,,,,,,,,,,,,,,,,,,,,,,,,,,,
淀川区,野中南,1丁目,4番,上記以外,,,,,,,,火金,,,,,,,,,,,,,,土,,,,,,,,,,,,,,,,水,,,,,,,,,,,,,,,,,,,,,,,,,,,,
淀川区,野中南,1丁目,5番,,,,,,,,,火金,,,,,,,,,,,,,,,土,,,,,,,,,,,,,,,,水,,,,,,,,,,,,,,,,,,,,,,,,,,,
淀川区,野中南,1丁目,6番,軽四輪車(小さい車)で収集している地域,,,,,,,,火金,,,,,,,,,,,,,,,,土,,,,,,,,,,,,,,,,水,,,,,,,,,,,,,,,,,,,,,,,,,,
淀川区,野中南,1丁目,6番,上記以外,,,,,,,,火金,,,,,,,,,,,,,,,,土,,,,,,,,,,,,,,,,水,,,,,,,,,,,,,,,,,,,,,,,,,,
淀川区,野中南,1丁目,7番,軽四輪車(小さい車)で収集している地域,,,,,,,,火金,,,,,,,,,,,,,,,土,,,,,,,,,,,,,,,,水,,,,,,,,,,,,,,,,,,,,,,,,,,,
淀川区,野中南,1丁目,7番,上記以外,,,,,,,,火金,,,,,,,,,,,,,,,土,,,,,,,,,,,,,,,,水,,,,,,,,,,,,,,,,,,,,,,,,,,,
淀川区,野中南,1丁目,8番,軽四輪車(小さい車)で収集している地域,,,,,,,,火金,,,,,,,,,,,,,,,土,,,,,,,,,,,,,,,,水,,,,,,,,,,,,,,,,,,,,,,,,,,,
淀川区,野中南,1丁目,8番,上記以外,,,,,,,,火金,,,,,,,,,,,,,,,土,,,,,,,,,,,,,,,,水,,,,,,,,,,,,,,,,,,,,,,,,,,,
淀川区,野中南,1丁目,9番,軽四輪車(小さい車)で収集している地域,,,,,,,,火金,,,,,,,,,,,,,,,土,,,,,,,,,,,,,,,,水,,,,,,,,,,,,,,,,,,,,,,,,,,,
淀川区,野中南,1丁目,9番,上記以外,,,,,,,,火金,,,,,,,,,,,,,,,土,,,,,,,,,,,,,,,,水,,,,,,,,,,,,,,,,,,,,,,,,,,,
淀川区,野中南,1丁目,10番,,,,,,,,,火金,,,,,,,,,,,,,,,土,,,,,,,,,,,,,,,,,水,,,,,,,,,,,,,,,,,,,,,,,,,,
淀川区,野中南,1丁目,11番,,,,,,,,,火金,,,,,,,,,,,,,,,土,,,,,,,,,,,,,,,,水,,,,,,,,,,,,,,,,,,,,,,,,,,,
淀川区,野中南,1丁目,12番,,,,,,,,,火金,,,,,,,,,,,,,,,土,,,,,,,,,,,,,,,,,水,,,,,,,,,,,,,,,,,,,,,,,,,,
淀川区,野中南,2丁目,2番,シャルム野中南公園,,,,,,,,火金,,,,,,,,,,,,,,土,,,,,,,,,,,,,,,,水,,,,,,,,,,,,,,,,,,,,,,,,,,,,
淀川区,野中南,2丁目,2番,上記以外,,,,,,,,火金,,,,,,,,,,,,,,土,,,,,,,,,,,,,,,,水,,,,,,,,,,,,,,,,,,,,,,,,,,,,
淀川区,野中南,2丁目,3番,ニューカントリーハイム　パート5,,,,,,,,火金,,,,,,,,,,,,,,土,,,,,,,,,,,,,,,,,,水,,,,,,,,,,,,,,,,,,,,,,,,,,
淀川区,野中南,2丁目,3番,11号(ユニハイム十三野中),,,,,,,,火金,,,,,,,,,,,,,,土,,,,,,,,,,,,,,,,,,水,,,,,,,,,,,,,,,,,,,,,,,,,,
淀川区,野中南,2丁目,3番,上記以外,,,,,,,,火金,,,,,,,,,,,,,,土,,,,,,,,,,,,,,,,,,水,,,,,,,,,,,,,,,,,,,,,,,,,,
淀川区,野中南,2丁目,4番,,,,,,,,,火金,,,,,,,,,,,,,,土,,,,,,,,,,,,,,,,水,,,,,,,,,,,,,,,,,,,,,,,,,,,,
淀川区,野中南,2丁目,5番,GLYCINE JUSO,,,,,,,,火金,,,,,,,,,,,,,,,,土,,,,,,,,,,,,,,,,水,,,,,,,,,,,,,,,,,,,,,,,,,,
淀川区,野中南,2丁目,5番,上記以外,,,,,,,,火金,,,,,,,,,,,,,,,,土,,,,,,,,,,,,,,,,水,,,,,,,,,,,,,,,,,,,,,,,,,,
淀川区,野中南,2丁目,6番,ロイヤル輝,,,,,,,,火金,,,,,,,,,,,,,,,,土,,,,,,,,,,,,,,,,水,,,,,,,,,,,,,,,,,,,,,,,,,,
淀川区,野中南,2丁目,6番,上記以外,,,,,,,,火金,,,,,,,,,,,,,,,,土,,,,,,,,,,,,,,,,水,,,,,,,,,,,,,,,,,,,,,,,,,,
淀川区,野中南,2丁目,7番,,,,,,,,,火金,,,,,,,,,,,,,,,土,,,,,,,,,,,,,,,,,水,,,,,,,,,,,,,,,,,,,,,,,,,,
淀川区,野中南,2丁目,8番,,,,,,,,,火金,,,,,,,,,,,,,,,土,,,,,,,,,,,,,,,,水,,,,,,,,,,,,,,,,,,,,,,,,,,,
淀川区,野中南,2丁目,9番,,,,,,,,,火金,,,,,,,,,,,,,,,土,,,,,,,,,,,,,,,,水,,,,,,,,,,,,,,,,,,,,,,,,,,,
淀川区,野中南,2丁目,10番,,,,,,,,,火金,,,,,,,,,,,,,,,土,,,,,,,,,,,,,,,,,水,,,,,,,,,,,,,,,,,,,,,,,,,,
淀川区,野中南,2丁目,11番,,,,,,,,,火金,,,,,,,,,,,,,,,土,,,,,,,,,,,,,,,,,水,,,,,,,,,,,,,,,,,,,,,,,,,,
淀川区,野中南,2丁目,12番,,,,,,,,,火金,,,,,,,,,,,,,,,,土,,,,,,,,,,,,,,,,水,,,,,,,,,,,,,,,,,,,,,,,,,,
淀川区,東三国,1丁目,1番,,,,,,,月木,,,,,,,,,,,,,,,,金,,,,,,,,,,,,,,,,火,,,,,,,,,,,,,,,,,,,,,,,,,,,,
淀川区,東三国,1丁目,2番,,,,,,,月木,,,,,,,,,,,,,,,,金,,,,,,,,,,,,,,,,火,,,,,,,,,,,,,,,,,,,,,,,,,,,,
淀川区,東三国,1丁目,3番,,,,,,,月木,,,,,,,,,,,,,,,,金,,,,,,,,,,,,,,,,火,,,,,,,,,,,,,,,,,,,,,,,,,,,,
淀川区,東三国,1丁目,4番,,,,,,,月木,,,,,,,,,,,,,,,,金,,,,,,,,,,,,,,,,火,,,,,,,,,,,,,,,,,,,,,,,,,,,,
淀川区,東三国,1丁目,5番,,,,,,,月木,,,,,,,,,,,,,,,,金,,,,,,,,,,,,,,,,火,,,,,,,,,,,,,,,,,,,,,,,,,,,,
淀川区,東三国,1丁目,6番,,,,,,,月木,,,,,,,,,,,,,,,,金,,,,,,,,,,,,,,,,火,,,,,,,,,,,,,,,,,,,,,,,,,,,,
淀川区,東三国,1丁目,7番,,,,,,,月木,,,,,,,,,,,,,,,,金,,,,,,,,,,,,,,,,火,,,,,,,,,,,,,,,,,,,,,,,,,,,,
淀川区,東三国,1丁目,8番,,,,,,,月木,,,,,,,,,,,,,,,,金,,,,,,,,,,,,,,,,火,,,,,,,,,,,,,,,,,,,,,,,,,,,,
淀川区,東三国,1丁目,9番,,,,,,,月木,,,,,,,,,,,,,,,,金,,,,,,,,,,,,,,,,火,,,,,,,,,,,,,,,,,,,,,,,,,,,,
淀川区,東三国,1丁目,10番,,,,,,,月木,,,,,,,,,,,,,,,,金,,,,,,,,,,,,,,,,火,,,,,,,,,,,,,,,,,,,,,,,,,,,,
淀川区,東三国,1丁目,11番,,,,,,,月木,,,,,,,,,,,,,,,,金,,,,,,,,,,,,,,,,火,,,,,,,,,,,,,,,,,,,,,,,,,,,,
淀川区,東三国,1丁目,12番,,,,,,,月木,,,,,,,,,,,,,,,,金,,,,,,,,,,,,,,,,火,,,,,,,,,,,,,,,,,,,,,,,,,,,,
淀川区,東三国,1丁目,13番,,,,,,,月木,,,,,,,,,,,,,,,,金,,,,,,,,,,,,,,,,火,,,,,,,,,,,,,,,,,,,,,,,,,,,,
淀川区,東三国,1丁目,14番,,,,,,,月木,,,,,,,,,,,,,,,,金,,,,,,,,,,,,,,,,火,,,,,,,,,,,,,,,,,,,,,,,,,,,,
淀川区,東三国,1丁目,15番,,,,,,,月木,,,,,,,,,,,,,,,,金,,,,,,,,,,,,,,,,火,,,,,,,,,,,,,,,,,,,,,,,,,,,,
淀川区,東三国,1丁目,16番,,,,,,,月木,,,,,,,,,,,,,,,,,金,,,,,,,,,,,,,,,,火,,,,,,,,,,,,,,,,,,,,,,,,,,,
淀川区,東三国,1丁目,17番,,,,,,,月木,,,,,,,,,,,,,,,,金,,,,,,,,,,,,,,,,火,,,,,,,,,,,,,,,,,,,,,,,,,,,,
淀川区,東三国,1丁目,18番,,,,,,,月木,,,,,,,,,,,,,,,,金,,,,,,,,,,,,,,,,火,,,,,,,,,,,,,,,,,,,,,,,,,,,,
淀川区,東三国,1丁目,19番,,,,,,,月木,,,,,,,,,,,,,,,,金,,,,,,,,,,,,,,,,火,,,,,,,,,,,,,,,,,,,,,,,,,,,,
淀川区,東三国,1丁目,20番,,,,,,,月木,,,,,,,,,,,,,,,,,金,,,,,,,,,,,,,,,火,,,,,,,,,,,,,,,,,,,,,,,,,,,,
淀川区,東三国,1丁目,21番,,,,,,,月木,,,,,,,,,,,,,,,,,金,,,,,,,,,,,,,,,火,,,,,,,,,,,,,,,,,,,,,,,,,,,,
淀川区,東三国,1丁目,22番,,,,,,,月木,,,,,,,,,,,,,,,,,金,,,,,,,,,,,,,,,,火,,,,,,,,,,,,,,,,,,,,,,,,,,,
淀川区,東三国,1丁目,23番,,,,,,,月木,,,,,,,,,,,,,,,,,金,,,,,,,,,,,,,,,,火,,,,,,,,,,,,,,,,,,,,,,,,,,,
淀川区,東三国,1丁目,24番,,,,,,,月木,,,,,,,,,,,,,,,,,金,,,,,,,,,,,,,,,火,,,,,,,,,,,,,,,,,,,,,,,,,,,,
淀川区,東三国,1丁目,25番,,,,,,,月木,,,,,,,,,,,,,,,,,金,,,,,,,,,,,,,,,火,,,,,,,,,,,,,,,,,,,,,,,,,,,,
淀川区,東三国,1丁目,26番,,,,,,,月木,,,,,,,,,,,,,,,,,金,,,,,,,,,,,,,,,,火,,,,,,,,,,,,,,,,,,,,,,,,,,,
淀川区,東三国,1丁目,27番,,,,,,,月木,,,,,,,,,,,,,,,,金,,,,,,,,,,,,,,,,,火,,,,,,,,,,,,,,,,,,,,,,,,,,,
淀川区,東三国,1丁目,28番,,,,,,,月木,,,,,,,,,,,,,,,,,金,,,,,,,,,,,,,,,火,,,,,,,,,,,,,,,,,,,,,,,,,,,,
淀川区,東三国,1丁目,29番,,,,,,,月木,,,,,,,,,,,,,,,,,金,,,,,,,,,,,,,,,,火,,,,,,,,,,,,,,,,,,,,,,,,,,,
淀川区,東三国,1丁目,30番,,,,,,,月木,,,,,,,,,,,,,,,,,金,,,,,,,,,,,,,,,,火,,,,,,,,,,,,,,,,,,,,,,,,,,,
淀川区,東三国,1丁目,31番,,,,,,,月木,,,,,,,,,,,,,,,,,金,,,,,,,,,,,,,,,火,,,,,,,,,,,,,,,,,,,,,,,,,,,,
淀川区,東三国,1丁目,32番,軽四輪車(小さい車)で収集している地域,,,,,,,,,,,,,,,,,月木,,,,,,,,,,,,,,,金,,,,,,,,,,,,,,,火,,,,,,,,,,,,,,,,,,,
淀川区,東三国,1丁目,32番,上記以外,,,,,,月木,,,,,,,,,,,,,,,,金,,,,,,,,,,,,,,,,火,,,,,,,,,,,,,,,,,,,,,,,,,,,,
淀川区,東三国,1丁目,33番,軽四輪車(小さい車)で収集している地域,,,,,,,,,,,,,,,,,月木,,,,,,,,,,,,,,,金,,,,,,,,,,,,,,,,,火,,,,,,,,,,,,,,,,,
淀川区,東三国,1丁目,33番,14･15号,,,,月木,,,,,,,,,,,,,,,,,,金,,,,,,,,,,,,,,,,火,,,,,,,,,,,,,,,,,,,,,,,,,,,,
淀川区,東三国,1丁目,33番,上記以外,,,,,,月木,,,,,,,,,,,,,,,,金,,,,,,,,,,,,,,,,火,,,,,,,,,,,,,,,,,,,,,,,,,,,,
淀川区,東三国,2丁目,1番,,,,,,,,,月木,,,,,,,,,,,,,,金,,,,,,,,,,,,,,,,火,,,,,,,,,,,,,,,,,,,,,,,,,,,,
淀川区,東三国,2丁目,2番,,,,,,,,,月木,,,,,,,,,,,,,,金,,,,,,,,,,,,,,,,火,,,,,,,,,,,,,,,,,,,,,,,,,,,,
淀川区,東三国,2丁目,3番,,,,,,,,,月木,,,,,,,,,,,,,,金,,,,,,,,,,,,,,,,火,,,,,,,,,,,,,,,,,,,,,,,,,,,,
淀川区,東三国,2丁目,4番,,,,,,,,,月木,,,,,,,,,,,,,,金,,,,,,,,,,,,,,,,火,,,,,,,,,,,,,,,,,,,,,,,,,,,,
淀川区,東三国,2丁目,5番,,,,,,,,,月木,,,,,,,,,,,,,,金,,,,,,,,,,,,,,,,火,,,,,,,,,,,,,,,,,,,,,,,,,,,,
淀川区,東三国,2丁目,6番,,,,,,,,,月木,,,,,,,,,,,,,,金,,,,,,,,,,,,,,,,火,,,,,,,,,,,,,,,,,,,,,,,,,,,,
淀川区,東三国,2丁目,7番,,,,,,,,,,,,,,,,月木,,,,,,,金,,,,,,,,,,,,,,,,火,,,,,,,,,,,,,,,,,,,,,,,,,,,,
淀川区,東三国,2丁目,8番,,,,,,,,,,,,,,,,月木,,,,,,,金,,,,,,,,,,,,,,,,火,,,,,,,,,,,,,,,,,,,,,,,,,,,,
淀川区,東三国,2丁目,9番,1号(アーベイン東三国1号棟),,,,,,,,月木,,,,,,,,,,,,,,金,,,,,,,,,,,,,,,,火,,,,,,,,,,,,,,,,,,,,,,,,,,,,
淀川区,東三国,2丁目,9番,2号(アーベイン東三国2号棟),,,,,,,,月木,,,,,,,,,,,,,,金,,,,,,,,,,,,,,,,火,,,,,,,,,,,,,,,,,,,,,,,,,,,,
淀川区,東三国,2丁目,9番,3号(アーベイン東三国3号棟),,,,,,,,月木,,,,,,,,,,,,,,金,,,,,,,,,,,,,,,,火,,,,,,,,,,,,,,,,,,,,,,,,,,,,
淀川区,東三国,2丁目,9番,5号(アーベイン東三国5号棟),,,,,,,,月木,,,,,,,,,,,,,,金,,,,,,,,,,,,,,,,火,,,,,,,,,,,,,,,,,,,,,,,,,,,,
淀川区,東三国,2丁目,9番,21号(アーベイン東三国21号棟）,,,,,,,,月木,,,,,,,,,,,,,,金,,,,,,,,,,,,,,,,火,,,,,,,,,,,,,,,,,,,,,,,,,,,,
淀川区,東三国,2丁目,9番,21号(さつき荘）,,,,,,,,月木,,,,,,,,,,,,,,金,,,,,,,,,,,,,,,,火,,,,,,,,,,,,,,,,,,,,,,,,,,,,
淀川区,東三国,2丁目,9番,上記以外,,,,,,,,,,,,,,,月木,,,,,,,金,,,,,,,,,,,,,,,,火,,,,,,,,,,,,,,,,,,,,,,,,,,,,
淀川区,東三国,2丁目,10番,セントポリア東三国,,,,,,,,月木,,,,,,,,,,,,,,金,,,,,,,,,,,,,,,,火,,,,,,,,,,,,,,,,,,,,,,,,,,,,
淀川区,東三国,2丁目,10番,19号(アーベイン東三国19号棟),,,,,,,,月木,,,,,,,,,,,,,,金,,,,,,,,,,,,,,,,火,,,,,,,,,,,,,,,,,,,,,,,,,,,,
淀川区,東三国,2丁目,10番,10号(アーベイン東三国10号棟),,,,,,,,月木,,,,,,,,,,,,,,金,,,,,,,,,,,,,,,,火,,,,,,,,,,,,,,,,,,,,,,,,,,,,
淀川区,東三国,2丁目,10番,4号(アーベイン東三国4号棟),,,,,,,,月木,,,,,,,,,,,,,,金,,,,,,,,,,,,,,,,火,,,,,,,,,,,,,,,,,,,,,,,,,,,,
淀川区,東三国,2丁目,10番,7号(アーベイン東三国7号棟),,,,,,,,月木,,,,,,,,,,,,,,金,,,,,,,,,,,,,,,,火,,,,,,,,,,,,,,,,,,,,,,,,,,,,
淀川区,東三国,2丁目,10番,11号(アーベイン東三国11号棟),,,,,,,,月木,,,,,,,,,,,,,,金,,,,,,,,,,,,,,,,火,,,,,,,,,,,,,,,,,,,,,,,,,,,,
淀川区,東三国,2丁目,10番,6号(アーベイン東三国6号棟),,,,,,,,月木,,,,,,,,,,,,,,金,,,,,,,,,,,,,,,,火,,,,,,,,,,,,,,,,,,,,,,,,,,,,
淀川区,東三国,2丁目,10番,9号(アーベイン東三国9号棟),,,,,,,,月木,,,,,,,,,,,,,,金,,,,,,,,,,,,,,,,火,,,,,,,,,,,,,,,,,,,,,,,,,,,,
淀川区,東三国,2丁目,11番,14号(アーベイン東三国14号棟),,,,,,,,月木,,,,,,,,,,,,,,金,,,,,,,,,,,,,,,,火,,,,,,,,,,,,,,,,,,,,,,,,,,,,
淀川区,東三国,2丁目,11番,15号(アーベイン東三国15号棟),,,,,,,,月木,,,,,,,,,,,,,,金,,,,,,,,,,,,,,,,火,,,,,,,,,,,,,,,,,,,,,,,,,,,,
淀川区,東三国,2丁目,11番,上記以外,,,,,,,,,,,,,,,月木,,,,,,,金,,,,,,,,,,,,,,,,火,,,,,,,,,,,,,,,,,,,,,,,,,,,,
淀川区,東三国,2丁目,12番,22・24号(アーベイン東三国22号棟・24号棟),,,,,,,,月木,,,,,,,,,,,,,,金,,,,,,,,,,,,,,,,火,,,,,,,,,,,,,,,,,,,,,,,,,,,,
淀川区,東三国,2丁目,12番,,,,,,,,,,,,,,,,月木,,,,,,,金,,,,,,,,,,,,,,,,火,,,,,,,,,,,,,,,,,,,,,,,,,,,,
淀川区,東三国,2丁目,13番,,,,,,,,,,,,,,,,月木,,,,,,,金,,,,,,,,,,,,,,,,火,,,,,,,,,,,,,,,,,,,,,,,,,,,,
淀川区,東三国,2丁目,14番,,,,,,,,,,,,,,,,月木,,,,,,,金,,,,,,,,,,,,,,,,火,,,,,,,,,,,,,,,,,,,,,,,,,,,,
淀川区,東三国,2丁目,15番,,,,,,,,,,,,,,,,月木,,,,,,,金,,,,,,,,,,,,,,,,火,,,,,,,,,,,,,,,,,,,,,,,,,,,,
淀川区,東三国,2丁目,16番,,,,,,,,,,,,,,,,月木,,,,,,,金,,,,,,,,,,,,,,,,火,,,,,,,,,,,,,,,,,,,,,,,,,,,,
淀川区,東三国,2丁目,17番,,,,,,,,,,,,,,,,月木,,,,,,,金,,,,,,,,,,,,,,,,火,,,,,,,,,,,,,,,,,,,,,,,,,,,,
淀川区,東三国,2丁目,18番,,,,,,,,,,,,,,,,月木,,,,,,,金,,,,,,,,,,,,,,,,,火,,,,,,,,,,,,,,,,,,,,,,,,,,,
淀川区,東三国,2丁目,19番,,,,,,,,,,,,,,,,月木,,,,,,,金,,,,,,,,,,,,,,,,火,,,,,,,,,,,,,,,,,,,,,,,,,,,,
淀川区,東三国,2丁目,20番,,,,,,,,,,,,,,,,月木,,,,,,,金,,,,,,,,,,,,,,,,火,,,,,,,,,,,,,,,,,,,,,,,,,,,,
淀川区,東三国,2丁目,21番,,,,,,,,,,,,,,,,月木,,,,,,,金,,,,,,,,,,,,,,,,火,,,,,,,,,,,,,,,,,,,,,,,,,,,,
淀川区,東三国,2丁目,22番,,,,,,,,,,,,,,,,月木,,,,,,,,金,,,,,,,,,,,,,,,,火,,,,,,,,,,,,,,,,,,,,,,,,,,,
淀川区,東三国,2丁目,23番,,,,,,,,,,,,,,,,月木,,,,,,,金,,,,,,,,,,,,,,,,火,,,,,,,,,,,,,,,,,,,,,,,,,,,,
淀川区,東三国,2丁目,24番,,,,,,,,,,,,,,,,月木,,,,,,,金,,,,,,,,,,,,,,,,火,,,,,,,,,,,,,,,,,,,,,,,,,,,,
淀川区,東三国,2丁目,25番,,,,,,,,,,,,,,,,月木,,,,,,,金,,,,,,,,,,,,,,,,火,,,,,,,,,,,,,,,,,,,,,,,,,,,,
淀川区,東三国,2丁目,26番,,,,,,,,,,,,,,,,月木,,,,,,,金,,,,,,,,,,,,,,,,,火,,,,,,,,,,,,,,,,,,,,,,,,,,,
淀川区,東三国,2丁目,27番,,,,,,,,,,,,,,,,月木,,,,,,,金,,,,,,,,,,,,,,,,火,,,,,,,,,,,,,,,,,,,,,,,,,,,,
淀川区,東三国,2丁目,28番,,,,,,,,,,,,,,,,月木,,,,,,,金,,,,,,,,,,,,,,,,火,,,,,,,,,,,,,,,,,,,,,,,,,,,,
淀川区,東三国,2丁目,29番,北側道路沿い,,,,,,,,,月木,,,,,,,,,,,,,金,,,,,,,,,,,,,,,,火,,,,,,,,,,,,,,,,,,,,,,,,,,,,
淀川区,東三国,2丁目,29番,上記以外,,,,,,,,,,,,,,,月木,,,,,,,金,,,,,,,,,,,,,,,,火,,,,,,,,,,,,,,,,,,,,,,,,,,,,
淀川区,東三国,2丁目,30番,,,,,,,,,,,,,,,,月木,,,,,,,金,,,,,,,,,,,,,,,,火,,,,,,,,,,,,,,,,,,,,,,,,,,,,
淀川区,東三国,2丁目,31番,,,,,,,,,,,,,,,,月木,,,,,,,金,,,,,,,,,,,,,,,,火,,,,,,,,,,,,,,,,,,,,,,,,,,,,
淀川区,東三国,2丁目,32番,,,,,,,,,,,,,,,,月木,,,,,,,金,,,,,,,,,,,,,,,,火,,,,,,,,,,,,,,,,,,,,,,,,,,,,
淀川区,東三国,2丁目,33番,,,,,,,,,,,,,,,,月木,,,,,,,金,,,,,,,,,,,,,,,,火,,,,,,,,,,,,,,,,,,,,,,,,,,,,
淀川区,東三国,2丁目,37番,,,,,,,,,,,,,,,,月木,,,,,,,金,,,,,,,,,,,,,,,,火,,,,,,,,,,,,,,,,,,,,,,,,,,,,
淀川区,東三国,2丁目,38番,,,,,,,,,,,,,,,,月木,,,,,,,金,,,,,,,,,,,,,,,,火,,,,,,,,,,,,,,,,,,,,,,,,,,,,
淀川区,東三国,3丁目,1番,1号(市営三国住宅1号館)21号(マンションサクラ７期),,,,,,,,月木,,,,,,,,,,,,,,,金,,,,,,,,,,,,,,,,火,,,,,,,,,,,,,,,,,,,,,,,,,,,
淀川区,東三国,3丁目,2番,15　クレール東三国,,,,,,,,月木,,,,,,,,,,,,,,,金,,,,,,,,,,,,,,,,火,,,,,,,,,,,,,,,,,,,,,,,,,,,
淀川区,東三国,3丁目,5番,7　クレアシティー東三国,,,,,,,,月木,,,,,,,,,,,,,,,金,,,,,,,,,,,,,,,,火,,,,,,,,,,,,,,,,,,,,,,,,,,,
淀川区,東三国,3丁目,7番,17　市営三国住宅2号館,,,,,,,,月木,,,,,,,,,,,,,,,金,,,,,,,,,,,,,,,,火,,,,,,,,,,,,,,,,,,,,,,,,,,,
淀川区,東三国,3丁目,9番,21号(ソシエ北大阪・月曜手前・木曜奥側）,,,,,,,,,月木,,,,,,,,,,,,,,金,,,,,,,,,,,,,,,,火,,,,,,,,,,,,,,,,,,,,,,,,,,,
淀川区,東三国,3丁目,9番,11号(ユニライフ北大阪),,,,,,,,,月木,,,,,,,,,,,,,,金,,,,,,,,,,,,,,,,火,,,,,,,,,,,,,,,,,,,,,,,,,,,
淀川区,東三国,3丁目,9番,13号(ユニライフ北大阪　奥側),,,,,,,,,月木,,,,,,,,,,,,,,金,,,,,,,,,,,,,,,,火,,,,,,,,,,,,,,,,,,,,,,,,,,,
淀川区,東三国,3丁目,10番,,,,,,,,,,月木,,,,,,,,,,,,,金,,,,,,,,,,,,,,,,火,,,,,,,,,,,,,,,,,,,,,,,,,,,,
淀川区,東三国,3丁目,11番,,,,,,,,,,月木,,,,,,,,,,,,,金,,,,,,,,,,,,,,,,火,,,,,,,,,,,,,,,,,,,,,,,,,,,,
淀川区,東三国,3丁目,12番,,,,,,,,,,月木,,,,,,,,,,,,,,,,,金,,,,,,,,,,,,,,,火,,,,,,,,,,,,,,,,,,,,,,,,,
淀川区,東三国,4丁目,1番,軽四輪車(小さい車)で収集している地域,,,月木,,,,,,,,,,,,,,,,,,,,,,,,,,,金,,,,,,,,,,,,,,,,火,,,,,,,,,,,,,,,,,,,,
淀川区,東三国,4丁目,1番,2･3号,,,,月木,,,,,,,,,,,,,,,,,,,,,,,金,,,,,,,,,,,,,,,,,火,,,,,,,,,,,,,,,,,,,,,,
淀川区,東三国,4丁目,1番,上記以外,,,,,,,,,,,,,,,月木,,,,,,,,,,,,金,,,,,,,,,,,,,,,,,火,,,,,,,,,,,,,,,,,,,,,,
淀川区,東三国,4丁目,2番,軽四輪車(小さい車)で収集している地域,,,月木,,,,,,,,,,,,,,,,,,,,,,,,,,,,,金,,,,,,,,,,,,,,,,火,,,,,,,,,,,,,,,,,,
淀川区,東三国,4丁目,2番,7号,,,,月木,,,,,,,,,,,,,,,,,,,,,,,,,,,,金,,,,,,,,,,,,,,,,火,,,,,,,,,,,,,,,,,,
淀川区,東三国,4丁目,2番,上記以外,,,,,,,,,,,,,,,月木,,,,,,,,,,,,,,,,,金,,,,,,,,,,,,,,,,火,,,,,,,,,,,,,,,,,,
淀川区,東三国,4丁目,3番,軽四輪車(小さい車)で収集している地域,,,月木,,,,,,,,,,,,,,,,,,,,,,,,,,金,,,,,,,,,,,,,,,,火,,,,,,,,,,,,,,,,,,,,,
淀川区,東三国,4丁目,3番,19号,,,,月木,,,,,,,,,,,,,,,,,,,,,,,,,金,,,,,,,,,,,,,,,,火,,,,,,,,,,,,,,,,,,,,,
淀川区,東三国,4丁目,3番,上記以外,,,,,,,,,,,,,,,月木,,,,,,,,,,,,,,金,,,,,,,,,,,,,,,,火,,,,,,,,,,,,,,,,,,,,,
淀川区,東三国,4丁目,4番,9号,,,,月木,,,,,,,,,,,,,,,,,,,,,,,,,,,金,,,,,,,,,,,,,,,火,,,,,,,,,,,,,,,,,,,,
淀川区,東三国,4丁目,4番,上記以外,,,,,,,,,,,,,,,月木,,,,,,,,,,,,,,,,金,,,,,,,,,,,,,,,火,,,,,,,,,,,,,,,,,,,,
淀川区,東三国,4丁目,5番,,,,,,,,,,,,,,,,月木,,,,,,,,,,,,,,,金,,,,,,,,,,,,,,,,火,,,,,,,,,,,,,,,,,,,,
淀川区,東三国,4丁目,6番,,,,,,,,,,,,,,,,月木,,,,,,,,,,,,,,,金,,,,,,,,,,,,,,,,火,,,,,,,,,,,,,,,,,,,,
淀川区,東三国,4丁目,7番,18･19号,,,,月木,,,,,,,,,,,,,,,,,,,,,,,,,,金,,,,,,,,,,,,,,,,火,,,,,,,,,,,,,,,,,,,,
淀川区,東三国,4丁目,7番,上記以外,,,,,,,,,,,,,,,月木,,,,,,,,,,,,,,,金,,,,,,,,,,,,,,,,火,,,,,,,,,,,,,,,,,,,,
淀川区,東三国,4丁目,8番,,,,,,,,,,,,,,,,月木,,,,,,,,,,,,,,,金,,,,,,,,,,,,,,,,火,,,,,,,,,,,,,,,,,,,,
淀川区,東三国,4丁目,9番,,,,,,,,,,,,,,,,月木,,,,,,,,,,,,,,,金,,,,,,,,,,,,,,,,火,,,,,,,,,,,,,,,,,,,,
淀川区,東三国,4丁目,10番,,,,,,,,,,,,,,,,月木,,,,,,,,,,,,,,,金,,,,,,,,,,,,,,,,火,,,,,,,,,,,,,,,,,,,,
淀川区,東三国,4丁目,11番,,,,,,,,,,,,,,,,月木,,,,,,,,,,,,,金,,,,,,,,,,,,,,,,火,,,,,,,,,,,,,,,,,,,,,,
淀川区,東三国,4丁目,12番,,,,,,,,,,,,,,,,月木,,,,,,,,,,,,,,,金,,,,,,,,,,,,,,,,火,,,,,,,,,,,,,,,,,,,,
淀川区,東三国,4丁目,13番,,,,,,,,,,,,,,,,月木,,,,,,,,,,,,,金,,,,,,,,,,,,,,,,火,,,,,,,,,,,,,,,,,,,,,,
淀川区,東三国,4丁目,14番,,,,,,,,,,,,,,,,月木,,,,,,,,,,,,,,金,,,,,,,,,,,,,,,,火,,,,,,,,,,,,,,,,,,,,,
淀川区,東三国,4丁目,15番,軽四輪車(小さい車)で収集している地域,,,月木,,,,,,,,,,,,,,,,,,,,,,,,,,,金,,,,,,,,,,,,,,,,火,,,,,,,,,,,,,,,,,,,,
淀川区,東三国,4丁目,15番,6号,,,,月木,,,,,,,,,,,,,,,,,,,,,,,,,,金,,,,,,,,,,,,,,,,火,,,,,,,,,,,,,,,,,,,,
淀川区,東三国,4丁目,15番,上記以外,,,,,,,,,,,,,,,月木,,,,,,,,,,,,,,,金,,,,,,,,,,,,,,,,火,,,,,,,,,,,,,,,,,,,,
淀川区,東三国,4丁目,16番,軽四輪車(小さい車)で収集している地域,,,,,,,,,,,,,,,,,月木,,,,,,,,,,,,金,,,,,,,,,,,,,,,,火,,,,,,,,,,,,,,,,,,,,,
淀川区,東三国,4丁目,16番,上記以外,,,,,,,,,,,,,,,月木,,,,,,,,,,,,,,金,,,,,,,,,,,,,,,,火,,,,,,,,,,,,,,,,,,,,,
淀川区,東三国,4丁目,17番,,,,,,,,,,,,,,,,月木,,,,,,,,,,,,,,金,,,,,,,,,,,,,,,,火,,,,,,,,,,,,,,,,,,,,,
淀川区,東三国,4丁目,18番,,,,,,,,,,,,,,,,月木,,,,,,,,,,,,,,金,,,,,,,,,,,,,,,,火,,,,,,,,,,,,,,,,,,,,,
淀川区,東三国,4丁目,19番,,,,,,,,,,,,,,,,月木,,,,,,,,,,,,,金,,,,,,,,,,,,,,,,,火,,,,,,,,,,,,,,,,,,,,,
淀川区,東三国,4丁目,20番,,,,,,,,,,,,,,,,月木,,,,,,,,,,,,,金,,,,,,,,,,,,,,,,,火,,,,,,,,,,,,,,,,,,,,,
淀川区,東三国,4丁目,21番,,,,,,,,,,,,,,,,月木,,,,,,,,,,,,,,金,,,,,,,,,,,,,,,,火,,,,,,,,,,,,,,,,,,,,,
淀川区,東三国,4丁目,22番,,,,,,,,,,,,,,,,月木,,,,,,,,,,,,,金,,,,,,,,,,,,,,,,,火,,,,,,,,,,,,,,,,,,,,,
淀川区,東三国,4丁目,23番,,,,,,,,,,,,,,,,月木,,,,,,,,,,,,,,金,,,,,,,,,,,,,,,,火,,,,,,,,,,,,,,,,,,,,,
淀川区,東三国,4丁目,24番,,,,,,,,,,,,,,,,月木,,,,,,,,,,,,,,金,,,,,,,,,,,,,,,,火,,,,,,,,,,,,,,,,,,,,,
淀川区,東三国,4丁目,25番,,,,,,,,,,,,,,,,月木,,,,,,,,,,,,,,金,,,,,,,,,,,,,,,火,,,,,,,,,,,,,,,,,,,,,,
淀川区,東三国,5丁目,1番,,,,,,,,,,,,,,,,月木,,,,,,,,金,,,,,,,,,,,,,,,,火,,,,,,,,,,,,,,,,,,,,,,,,,,,
淀川区,東三国,5丁目,2番,,,,,,,,,,,,,,,,月木,,,,,,,,金,,,,,,,,,,,,,,,,火,,,,,,,,,,,,,,,,,,,,,,,,,,,
淀川区,東三国,5丁目,3番,,,,,,,,,,,,,,,,月木,,,,,,,,金,,,,,,,,,,,,,,,,火,,,,,,,,,,,,,,,,,,,,,,,,,,,
淀川区,東三国,5丁目,4番,,,,,,,,,,,,,,,,月木,,,,,,,,金,,,,,,,,,,,,,,,,火,,,,,,,,,,,,,,,,,,,,,,,,,,,
淀川区,東三国,5丁目,5番,,,,,,,,,,,,,,,,月木,,,,,,,,金,,,,,,,,,,,,,,,,火,,,,,,,,,,,,,,,,,,,,,,,,,,,
淀川区,東三国,5丁目,6番,,,,,,,,,,,,,,,,月木,,,,,,,,金,,,,,,,,,,,,,,,,火,,,,,,,,,,,,,,,,,,,,,,,,,,,
淀川区,東三国,5丁目,7番,,,,,,,,,,,,,,,,月木,,,,,,,,,,,,,,金,,,,,,,,,,,,,,火,,,,,,,,,,,,,,,,,,,,,,,
淀川区,東三国,5丁目,8番,,,,,,,,,,,,,,,,月木,,,,,,,,金,,,,,,,,,,,,,,,,,火,,,,,,,,,,,,,,,,,,,,,,,,,,
淀川区,東三国,5丁目,9番,,,,,,,,,,,,,,,,月木,,,,,,,,金,,,,,,,,,,,,,,,,火,,,,,,,,,,,,,,,,,,,,,,,,,,,
淀川区,東三国,5丁目,10番,,,,,,,,,,,,,,,,月木,,,,,,,,金,,,,,,,,,,,,,,,,,火,,,,,,,,,,,,,,,,,,,,,,,,,,
淀川区,東三国,5丁目,11番,,,,,,,,,,,,,,,,月木,,,,,,,,,金,,,,,,,,,,,,,,,火,,,,,,,,,,,,,,,,,,,,,,,,,,,
淀川区,東三国,5丁目,12番,,,,,,,,,,,,,,,,月木,,,,,,,,,金,,,,,,,,,,,,,,,火,,,,,,,,,,,,,,,,,,,,,,,,,,,
淀川区,東三国,5丁目,13番,軽四輪車(小さい車)で収集している地域,,,月木,,,,,,,,,,,,,,,,,,,,,,,,,,,,,金,,,,,,,,,,,,,,,,火,,,,,,,,,,,,,,,,,,
淀川区,東三国,5丁目,13番,29･20･32号,,,,月木,,,,,,,,,,,,,,,,,,,,金,,,,,,,,,,,,,,,火,,,,,,,,,,,,,,,,,,,,,,,,,,,
淀川区,東三国,5丁目,13番,上記以外,,,,,,,,,,,,,,,月木,,,,,,,,,金,,,,,,,,,,,,,,,火,,,,,,,,,,,,,,,,,,,,,,,,,,,
淀川区,東三国,5丁目,14番,,,,,,,,,,,,,,,,月木,,,,,,,,,,金,,,,,,,,,,,,,,,火,,,,,,,,,,,,,,,,,,,,,,,,,,
淀川区,東三国,5丁目,15番,,,,,,,,,,,,,,,,月木,,,,,,,,,金,,,,,,,,,,,,,,,,火,,,,,,,,,,,,,,,,,,,,,,,,,,
淀川区,東三国,6丁目,1番,,,,,,,,,,,,,,,,月木,,,,,,,金,,,,,,,,,,,,,,,,火,,,,,,,,,,,,,,,,,,,,,,,,,,,,
淀川区,東三国,6丁目,2番,,,,,,,,,,,,,,,,月木,,,,,,,金,,,,,,,,,,,,,,,,火,,,,,,,,,,,,,,,,,,,,,,,,,,,,
淀川区,東三国,6丁目,3番,,,,,,,,,,,,,,,,月木,,,,,,,,,金,,,,,,,,,,,,,,,,火,,,,,,,,,,,,,,,,,,,,,,,,,,
淀川区,東三国,6丁目,4番,,,,,,,,,,,,,,,,月木,,,,,,,,,金,,,,,,,,,,,,,,,,火,,,,,,,,,,,,,,,,,,,,,,,,,,
淀川区,東三国,6丁目,5番,,,,,,,,,,,,,,,,月木,,,,,,,,,金,,,,,,,,,,,,,,,,火,,,,,,,,,,,,,,,,,,,,,,,,,,
淀川区,東三国,6丁目,6番,,,,,,,,,,,,,,,,月木,,,,,,,,,金,,,,,,,,,,,,,,,,火,,,,,,,,,,,,,,,,,,,,,,,,,,
淀川区,東三国,6丁目,7番,,,,,,,,,,,,,,,,月木,,,,,,,,,金,,,,,,,,,,,,,,,,火,,,,,,,,,,,,,,,,,,,,,,,,,,
淀川区,東三国,6丁目,8番,,,,,,,,,,,,,,,,月木,,,,,,,,金,,,,,,,,,,,,,,,,,火,,,,,,,,,,,,,,,,,,,,,,,,,,
淀川区,東三国,6丁目,9番,,,,,,,,,,,,,,,,月木,,,,,,,,,金,,,,,,,,,,,,,,,,火,,,,,,,,,,,,,,,,,,,,,,,,,,
淀川区,東三国,6丁目,10番,,,,,,,,,,,,,,,,月木,,,,,,,,,金,,,,,,,,,,,,,,,,火,,,,,,,,,,,,,,,,,,,,,,,,,,
淀川区,東三国,6丁目,11番,,,,,,,,,,,,,,,,月木,,,,,,,,,,,金,,,,,,,,,,,,,,,,,火,,,,,,,,,,,,,,,,,,,,,,,
淀川区,東三国,6丁目,12番,,,,,,,,,,,,,,,,月木,,,,,,,,,,,金,,,,,,,,,,,,,,,,火,,,,,,,,,,,,,,,,,,,,,,,,
淀川区,東三国,6丁目,13番,,,,,,,,,,,,,,,,月木,,,,,,,,,金,,,,,,,,,,,,,,,,,,火,,,,,,,,,,,,,,,,,,,,,,,,
淀川区,東三国,6丁目,14番,,,,,,,,,,,,,,,,月木,,,,,,,,,,金,,,,,,,,,,,,,,,,火,,,,,,,,,,,,,,,,,,,,,,,,,
淀川区,東三国,6丁目,15番,,,,,,,,,,,,,,,,月木,,,,,,,,,,金,,,,,,,,,,,,,,,,火,,,,,,,,,,,,,,,,,,,,,,,,,
淀川区,東三国,6丁目,16番,,,,,,,,,,,,,,,,月木,,,,,,,,,,金,,,,,,,,,,,,,,,,火,,,,,,,,,,,,,,,,,,,,,,,,,
淀川区,東三国,6丁目,17番,,,,,,,,,,,,,,,,月木,,,,,,,,,,金,,,,,,,,,,,,,,,火,,,,,,,,,,,,,,,,,,,,,,,,,,
淀川区,東三国,6丁目,18番,,,,,,,,,,,,,,,,月木,,,,,,,,,金,,,,,,,,,,,,,,,,火,,,,,,,,,,,,,,,,,,,,,,,,,,
淀川区,東三国,6丁目,19番,,,,,,,,,,,,,,,,月木,,,,,,,,,金,,,,,,,,,,,,,,,,火,,,,,,,,,,,,,,,,,,,,,,,,,,
淀川区,東三国,6丁目,20番,,,,,,,,,,,,,,,,月木,,,,,,,,,金,,,,,,,,,,,,,,,,火,,,,,,,,,,,,,,,,,,,,,,,,,,
淀川区,東三国,6丁目,21番,,,,,,,,,,,,,,,,月木,,,,,,,,,金,,,,,,,,,,,,,,,,火,,,,,,,,,,,,,,,,,,,,,,,,,,
淀川区,東三国,6丁目,22番,,,,,,,,,,,,,,,,月木,,,,,,,,,金,,,,,,,,,,,,,,,,火,,,,,,,,,,,,,,,,,,,,,,,,,,
淀川区,東三国,6丁目,23番,,,,,,,,,,,,,,,,月木,,,,,,,,,金,,,,,,,,,,,,,,,,火,,,,,,,,,,,,,,,,,,,,,,,,,,
淀川区,東三国,6丁目,24番,,,,,,,,,,,,,,,,月木,,,,,,,,,金,,,,,,,,,,,,,,,,火,,,,,,,,,,,,,,,,,,,,,,,,,,
淀川区,東三国,6丁目,25番,,,,,,,,,,,,,,,,月木,,,,,,,,,金,,,,,,,,,,,,,,,,火,,,,,,,,,,,,,,,,,,,,,,,,,,
淀川区,三国本町,1丁目,3番,,,,,,,,,,,,,,,,月木,,,,,,,,,,,,,,金,,,,,,,,,,,,,,,,火,,,,,,,,,,,,木,,,,,,,,,
淀川区,三国本町,1丁目,4番,ブランズ新大阪,,,,,,,,,,,,,,,月木,,,,,,,,,,,,,,,,,,金,,,,,,,,,,,,,,,火,,,,,,,,,木,,,,,,,,,
淀川区,三国本町,1丁目,4番,上記以外,,,,,,,,,,,,,,,月木,,,,,,,,,,,,,,,,,,金,,,,,,,,,,,,,,,火,,,,,,,,,木,,,,,,,,,
淀川区,三国本町,1丁目,5番,和の森,,,,,,,,,,,,,,,月木,,,,,,,,,,,,,,,,,,金,,,,,,,,,,,,,,,,火,,,,,,,,木,,,,,,,,,
淀川区,三国本町,1丁目,5番,ハイネスト新大阪,,,,,,,,,,,,,,,月木,,,,,,,,,,,,,,,,,,金,,,,,,,,,,,,,,,,火,,,,,,,,木,,,,,,,,,
淀川区,三国本町,1丁目,5番,上記以外,,,,,,,,,,,,,,,月木,,,,,,,,,,,,,,,,,,金,,,,,,,,,,,,,,,,火,,,,,,,,木,,,,,,,,,
淀川区,三国本町,1丁目,6番,,,,,,,,,,,,,,,,月木,,,,,,,,,,,,,,,,,金,,,,,,,,,,,,,,火,,,,,,,,,,,木,,,,,,,,,
淀川区,三国本町,1丁目,8番,1号(市営木川第5住宅1号館),,,,,,,,,,,,,,,月木,,,,,,,,,,,,,金,,,,,,,,,,,,,,,,火,,,,,,,,,,,,,木,,,,,,,,,
淀川区,三国本町,1丁目,8番,上記以外,,,,,,,,,,,,,,,月木,,,,,,,,,,,,,金,,,,,,,,,,,,,,,,火,,,,,,,,,,,,,木,,,,,,,,,
淀川区,三国本町,1丁目,9番,,,,,,,,,,,,,,,,月木,,,,,,,,,,,,,,,金,,,,,,,,,,,,,,,,,,火,,,,,,,,,木,,,,,,,,,
淀川区,三国本町,1丁目,10番,,,,,,,,,,,,,,,,月木,,,,,,,,,,,,,,金,,,,,,,,,,,,,,,,,火,,,,,,,,,,,木,,,,,,,,,
淀川区,三国本町,1丁目,11番,グランコート三国パークアヴェニュー,,,,,,,,,,,,,,,月木,,,,,,,,,,,,,,金,,,,,,,,,,,,,,,,火,,,,,,,,,,,,木,,,,,,,,,
淀川区,三国本町,1丁目,11番,上記以外,,,,,,,,,,,,,,,月木,,,,,,,,,,,,,,金,,,,,,,,,,,,,,,,火,,,,,,,,,,,,木,,,,,,,,,
淀川区,三国本町,1丁目,12番,,,,,,,,,,,,,,,,月木,,,,,,,,,,,,,,,,,金,,,,,,,,,,,,,,,,,火,,,,,,,,木,,,,,,,,,
淀川区,三国本町,1丁目,13番,ファミール北大阪パークステージ,,,,,,月木,,,,,,,,,,,,,,,,,,,,,,,,,,金,,,,,,,,,,,,,,,,,火,,,,,,,,木,,,,,,,,,
淀川区,三国本町,1丁目,13番,木川第一住宅,,,,,月木,,,,,,,,,,,,,,,,,,,,,,,,,,,金,,,,,,,,,,,,,,,,,火,,,,,,,,木,,,,,,,,,
淀川区,三国本町,1丁目,13番,上記以外,,,,,月木,,,,,,,,,,,,,,,,,,,,,,,,,,,金,,,,,,,,,,,,,,,,,火,,,,,,,,木,,,,,,,,,
淀川区,三国本町,1丁目,14番,32号(新大阪ウィスト),,,,,,,,,,,,,,,月木,,,,,,,,,,,,,,,,,金,,,,,,,,,,,,,,,,火,,,,,,,,,,,,,,,,,,
淀川区,三国本町,1丁目,14番,上記以外,,,,,,,,,,,,,,,月木,,,,,,,,,,,,,,,,,金,,,,,,,,,,,,,,,,火,,,,,,,,,木,,,,,,,,,
淀川区,三国本町,1丁目,15番,4号(新大阪ファイナンス),,,,,,,,,,,,,,,月木,,,,,,,,,,,,,金,,,,,,,,,,,,,,,,火,,,,,,,,,,,,,,,,,,,,,,
淀川区,三国本町,1丁目,15番,25~35号,,,,,月木,,,,,,,,,,,,,,,,,,,,,,,金,,,,,,,,,,,,,,,,火,,,,,,,,,,,,,,,,,,,,,,
淀川区,三国本町,1丁目,15番,上記以外,,,,,,月木,,,,,,,,,,,,,,,,,,,,,,金,,,,,,,,,,,,,,,,火,,,,,,,,,,,,,木,,,,,,,,,
淀川区,三国本町,1丁目,16番,1~3･48･50号,,,,,月木,,,,,,,,,,,,,,,,,,,,,,,金,,,,,,,,,,,,,,,,火,,,,,,,,,,,,,,,,,,,,,,
淀川区,三国本町,1丁目,16番,27号(ファミール北大阪パークサイド),,,,,,,,,,,,,,,月木,,,,,,,,,,,,,金,,,,,,,,,,,,,,,,火,,,,,,,,,,,,,,,,,,,,,,
淀川区,三国本町,1丁目,16番,上記以外,,,,,,月木,,,,,,,,,,,,,,,,,,,,,,金,,,,,,,,,,,,,,,,火,,,,,,,,,,,,,木,,,,,,,,,
淀川区,三国本町,1丁目,17番,,,,,,,,,,,,,,,,月木,,,,,,,,,,,,,金,,,,,,,,,,,,,,,,,火,,,,,,,,,,,,木,,,,,,,,,
淀川区,三国本町,2丁目,1番,37号(シャンポール第2新大阪),,,,,月木,,,,,,,,,,,,,,,,,,,,,,,,,,,金,,,,,,,,,,,,,,,,火,,,,,,,,,,,,,,,,,,
淀川区,三国本町,2丁目,1番,12～21号,,,,,月木,,,,,,,,,,,,,,,,,,,,,,,,,,,金,,,,,,,,,,,,,,,,火,,,,,,,,,,,,,,,,,,
淀川区,三国本町,2丁目,1番,上記以外,,,,,月木,,,,,,,,,,,,,,,,,,,,,,,,,,,金,,,,,,,,,,,,,,,,火,,,,,,,,,,,,,,,,,,
淀川区,三国本町,2丁目,2番,10号(ライオンズマンション三国本町),,,,,月木,,,,,,,,,,,,,,,,,,,,,,,,,,,金,,,,,,,,,,,,,,,,火,,,,,,,,,,,,,,,,,,
淀川区,三国本町,2丁目,2番,16~18号,,,,,月木,,,,,,,,,,,,,,,,,,,,,,,,,,,金,,,,,,,,,,,,,,,,火,,,,,,,,,,,,,,,,,,
淀川区,三国本町,2丁目,2番,上記以外,,,,,月木,,,,,,,,,,,,,,,,,,,,,,,,,,,金,,,,,,,,,,,,,,,,火,,,,,,,,,,,,,,,,,,
淀川区,三国本町,2丁目,3番,1.26.27号,,,,月木,,,,,,,,,,,,,,,,,,,,,,,,,,金,,,,,,,,,,,,,,,,火,,,,,,,,,,,,,,,,,,,,
淀川区,三国本町,2丁目,3番,10～20.27（一部）号,,,,,月木,,,,,,,,,,,,,,,,,,,,,,,,,金,,,,,,,,,,,,,,,,火,,,,,,,,,,,,,,,,,,,,
淀川区,三国本町,2丁目,3番,上記以外,,,,,月木,,,,,,,,,,,,,,,,,,,,,,,,,金,,,,,,,,,,,,,,,,火,,,,,,,,,,,,,,,,,,,,
淀川区,三国本町,2丁目,4番,2･3･4･28号,,,,月木,,,,,,,,,,,,,,,,,,,,,,,,,,,,金,,,,,,,,,,,,,,,,火,,,,,,,,,,,,,,,,,,
淀川区,三国本町,2丁目,4番,２~４･6号,,,,月木,,,,,,,,,,,,,,,,,,,,,,,,,,,,金,,,,,,,,,,,,,,,,火,,,,,,,,,,,,,,,,,,
淀川区,三国本町,2丁目,4番,上記以外,,,,,月木,,,,,,,,,,,,,,,,,,,,,,,,,,,金,,,,,,,,,,,,,,,,火,,,,,,,,,,,,,,,,,,
淀川区,三国本町,2丁目,5番,26号,,,,月木,,,,,,,,,,,,,,,,,,,,,,,,,,,,金,,,,,,,,,,,,,,,,火,,,,,,,,,,,,,,,,,,
淀川区,三国本町,2丁目,5番,上記以外,,,,,月木,,,,,,,,,,,,,,,,,,,,,,,,,,,金,,,,,,,,,,,,,,,,火,,,,,,,,,,,,,,,,,,
淀川区,三国本町,2丁目,6番,軽四輪車(小さい車)で収集している地域,,,,月木,,,,,,,,,,,,,,,,,,,,金,,,,,,,,,,,,,,,,火,,,,,,,,,,,,,,,,,,,,,,,,,,
淀川区,三国本町,2丁目,6番,6･8･9･10･12･13号,,,,月木,,,,,,,,,,,,,,,,,,,,,,,,,,,,金,,,,,,,,,,,,,,,,火,,,,,,,,,,,,,,,,,,
淀川区,三国本町,2丁目,6番,2･3･14~29号,,,,,月木,,,,,,,,,,,,,,,,,,,,,,,,,,,金,,,,,,,,,,,,,,,,火,,,,,,,,,,,,,,,,,,
淀川区,三国本町,2丁目,6番,上記以外,,,,,,月木,,,,,,,,,,,,,,,,,,,,,,,,,,金,,,,,,,,,,,,,,,,火,,,,,,,,,,,,,,,,,,
淀川区,三国本町,2丁目,7番,軽四輪車(小さい車)で収集している地域,,,,月木,,,,,,,,,,,,,,,,,,,,金,,,,,,,,,,,,,,,,火,,,,,,,,,,,,,,,,,,,,,,,,,,
淀川区,三国本町,2丁目,7番,5･7～12･21･23~28号,,,,月木,,,,,,,,,,,,,,,,,,,,,,,,,,,,金,,,,,,,,,,,,,,,,火,,,,,,,,,,,,,,,,,,
淀川区,三国本町,2丁目,7番,1･5･15･19号,,,,,月木,,,,,,,,,,,,,,,,,,,,,,,,,,,金,,,,,,,,,,,,,,,,火,,,,,,,,,,,,,,,,,,
淀川区,三国本町,2丁目,7番,上記以外,,,,,,月木,,,,,,,,,,,,,,,,,,,,,,,,,,金,,,,,,,,,,,,,,,,火,,,,,,,,,,,,,,,,,,
淀川区,三国本町,2丁目,8番,軽四輪車(小さい車)で収集している地域,,,,月木,,,,,,,,,,,,,,,,,,,,金,,,,,,,,,,,,,,,,火,,,,,,,,,,,,,,,,,,,,,,,,,,
淀川区,三国本町,2丁目,8番,上記以外,,,,,月木,,,,,,,,,,,,,,,,,,,,,,,,,,,金,,,,,,,,,,,,,,,,火,,,,,,,,,,,,,,,,,,
淀川区,三国本町,2丁目,9番,,,,,,月木,,,,,,,,,,,,,,,,,,,,,,,,,,,金,,,,,,,,,,,,,,,,,火,,,,,,,,,,,,,,,,,
淀川区,三国本町,2丁目,10番,,,,,,月木,,,,,,,,,,,,,,,,,,,,,,,,,,,金,,,,,,,,,,,,,,,火,,,,,,,,,,,,,,,,,,,
淀川区,三国本町,2丁目,11番,,,,,,月木,,,,,,,,,,,,,,,,,,,,,,,,,金,,,,,,,,,,,,,,,火,,,,,,,,,,,,,,,,,,,,,
淀川区,三国本町,2丁目,12番,1･23～27号,,,,,月木,,,,,,,,,,,,,,,,,,,,,,,,,金,,,,,,,,,,,,,,,火,,,,,,,,,,,,,,,,,,,,,
淀川区,三国本町,2丁目,12番,上記以外,,,,,,月木,,,,,,,,,,,,,,,,,,,,,,,,金,,,,,,,,,,,,,,,火,,,,,,,,,,,,,,,,,,,,,
淀川区,三国本町,2丁目,13番,,,,,,月木,,,,,,,,,,,,,,,,,,,,,,,,,,金,,,,,,,,,,,,,,,,,火,,,,,,,,,,,,,,,,,,
淀川区,三国本町,2丁目,14番,7~16号,,,,,月木,,,,,,,,,,,,,,,,,,,,,,,,,,金,,,,,,,,,,,,,,,,,火,,,,,,,,,,,,,,,,,,
淀川区,三国本町,2丁目,14番,上記以外,,,,,,月木,,,,,,,,,,,,,,,,,,,,,,,,,金,,,,,,,,,,,,,,,,,火,,,,,,,,,,,,,,,,,,
淀川区,三国本町,2丁目,15番,,,,,,月木,,,,,,,,,,,,,,,,,,,,,,,,,,金,,,,,,,,,,,,,,,,,火,,,,,,,,,,,,,,,,,,
淀川区,三国本町,2丁目,16番,軽四輪車(小さい車)で収集している地域,,,,月木,,,,,,,,,,,,,,,,,,,,,,,,金,,,,,,,,,,,,,,,,火,,,,,,,,,,,,,,,,,,,,,,
淀川区,三国本町,2丁目,16番,6･40･41･43号,,,,月木,,,,,,,,,,,,,,,,,,,,,,,,金,,,,,,,,,,,,,,,,火,,,,,,,,,,,,,,,,,,,,,,
淀川区,三国本町,2丁目,16番,上記以外,,,,,月木,,,,,,,,,,,,,,,,,,,,,,,金,,,,,,,,,,,,,,,,火,,,,,,,,,,,,,,,,,,,,,,
淀川区,三国本町,2丁目,17番,3･7･9･19~21号,,,,,月木,,,,,,,,,,,,,,,,,,,,,,,,,,金,,,,,,,,,,,,,,,,火,,,,,,,,,,,,,,,,,,,
淀川区,三国本町,2丁目,17番,上記以外,,,,,,月木,,,,,,,,,,,,,,,,,,,,,,,,,金,,,,,,,,,,,,,,,,火,,,,,,,,,,,,,,,,,,,
淀川区,三国本町,2丁目,18番,30~41号,,,,,月木,,,,,,,,,,,,,,,,,,,,,,,,,,金,,,,,,,,,,,,,,,,火,,,,,,,,,,,,,,,,,,,
淀川区,三国本町,2丁目,18番,上記以外,,,,,,月木,,,,,,,,,,,,,,,,,,,,,,,,,金,,,,,,,,,,,,,,,,火,,,,,,,,,,,,,,,,,,,
淀川区,三国本町,2丁目,19番,14~20号,,,,,月木,,,,,,,,,,,,,,,,,,,,,,,金,,,,,,,,,,,,,,,,,火,,,,,,,,,,,,,,,,,,,,,
淀川区,三国本町,2丁目,19番,上記以外,,,,,,月木,,,,,,,,,,,,,,,,,,,,,,金,,,,,,,,,,,,,,,,,火,,,,,,,,,,,,,,,,,,,,,
淀川区,三国本町,3丁目,1番,,,,,,,月木,,,,,,,,,,,,,,,,,,,,,,,,金,,,,,,,,,,,,,,,,,火,,,,,,,,,,,,,,,,,,,
淀川区,三国本町,3丁目,2番,,,,,,,月木,,,,,,,,,,,,,,,,,,,,,,,,金,,,,,,,,,,,,,,,火,,,,,,,,,,,,,,,,,,,,,
淀川区,三国本町,3丁目,3番,,,,,,,月木,,,,,,,,,,,,,,,,,,,,,,,金,,,,,,,,,,,,,,,,火,,,,,,,,,,,,,,,,,,,,,
淀川区,三国本町,3丁目,4番,,,,,,,月木,,,,,,,,,,,,,,,,,,,,,,,,金,,,,,,,,,,,,,,,,火,,,,,,,,,,,,,,,,,,,,
淀川区,三国本町,3丁目,6番,,,,,,,月木,,,,,,,,,,,,,,,,,,,,,,,,金,,,,,,,,,,,,,,,,火,,,,,,,,,,,,,,,,,,,,
淀川区,三国本町,3丁目,7番,20号(メゾンデール新大阪),,,,,月木,,,,,,,,,,,,,,,,,,,,,,,,金,,,,,,,,,,,,,,,,火,,,,,,,,,,,,,,,,,,,,,
淀川区,三国本町,3丁目,7番,上記以外,,,,,,月木,,,,,,,,,,,,,,,,,,,,,,,金,,,,,,,,,,,,,,,,火,,,,,,,,,,,,,,,,,,,,,
淀川区,三国本町,3丁目,8番,5号(ライトハイツ),,,,,月木,,,,,,,,,,,,,,,,,,,,,,,,,金,,,,,,,,,,,,,,,,火,,,,,,,,,,,,,,,,,,,,
淀川区,三国本町,3丁目,8番,上記以外,,,,,,月木,,,,,,,,,,,,,,,,,,,,,,,,金,,,,,,,,,,,,,,,,火,,,,,,,,,,,,,,,,,,,,
淀川区,三国本町,3丁目,9番,,,,,,,,,月木,,,,,,,,,,,,,,,,,,,,,,金,,,,,,,,火,,,,,,,,,,,,,,,,,,,,,,,,,,,,
淀川区,三国本町,3丁目,10番,軽四輪車(小さい車)で収集している地域,,,,月木,,,,,,,,,,,,,,,,,,金,,,,,,,,,,,,,,,,火,,,,,,,,,,,,,,,,,,,,,,,,,,,,
淀川区,三国本町,3丁目,10番,2.8～10号,,,,月木,,,,,,,,,,,,,,,,,,,,,,,,,,金,,,,,,,,,,,,,,,,火,,,,,,,,,,,,,,,,,,,,
淀川区,三国本町,3丁目,10番,2.11号,,,,月木,,,,,,,,,,,,,,,,,,,,,,,,,,金,,,,,,,,,,,,,,,,火,,,,,,,,,,,,,,,,,,,,
淀川区,三国本町,3丁目,10番,上記以外,,,月木,,,,,,,,,,,,,,,,,,,,,,,,,,,金,,,,,,,,,,,,,,,,火,,,,,,,,,,,,,,,,,,,,
淀川区,三国本町,3丁目,11番,軽四輪車(小さい車)で収集している地域,,,,月木,,,,,,,,,,,,,,,,,,金,,,,,,,,,,,,,,,,火,,,,,,,,,,,,,,,,,,,,,,,,,,,,
淀川区,三国本町,3丁目,11番,2～4･6～10･12号,,,,月木,,,,,,,,,,,,,,,,,,金,,,,,,,,,,,,,,,,火,,,,,,,,,,,,,,,,,,,,,,,,,,,,
淀川区,三国本町,3丁目,11番,16～22･24･26号,,,,月木,,,,,,,,,,,,,,,,,,金,,,,,,,,,,,,,,,,火,,,,,,,,,,,,,,,,,,,,,,,,,,,,
淀川区,三国本町,3丁目,11番,上記以外,,,,,,,,月木,,,,,,,,,,,,,,金,,,,,,,,,,,,,,,,火,,,,,,,,,,,,,,,,,,,,,,,,,,,,
淀川区,三国本町,3丁目,12番,1~12･14~17･20~22･26号,,,,月木,,,,,,,,,,,,,,,,,,金,,,,,,,,,,,,,,,,火,,,,,,,,,,,,,,,,,,,,,,,,,,,,
淀川区,三国本町,3丁目,12番,上記以外,,,,,,,,,,,,,,,月木,,,,,,,金,,,,,,,,,,,,,,,,火,,,,,,,,,,,,,,,,,,,,,,,,,,,,
淀川区,三国本町,3丁目,13番,軽四輪車(小さい車)で収集している地域,,,,月木,,,,,,,,,,,,,,,,,,金,,,,,,,,,,,,,,,,火,,,,,,,,,,,,,,,,,,,,,,,,,,,,
淀川区,三国本町,3丁目,13番,10･11･13･16~22･25~27号,,,,月木,,,,,,,,,,,,,,,,,,,,,,,,,,,,金,,,,,,,,,,,,,,,,火,,,,,,,,,,,,,,,,,,
淀川区,三国本町,3丁目,13番,上記以外,,,,,,,,月木,,,,,,,,,,,,,,,,,,,,,,,,金,,,,,,,,,,,,,,,,火,,,,,,,,,,,,,,,,,,
淀川区,三国本町,3丁目,14番,軽四輪車(小さい車)で収集している地域,,,,月木,,,,,,,,,,,,,,,,,,金,,,,,,,,,,,,,,,,火,,,,,,,,,,,,,,,,,,,,,,,,,,,,
淀川区,三国本町,3丁目,14番,8.9.11～14号,,,,月木,,,,,,,,,,,,,,,,,,,,,,,,,,,,金,,,,,,,,,,,,,,,,火,,,,,,,,,,,,,,,,,,
淀川区,三国本町,3丁目,14番,14～18号,,,,,月木,,,,,,,,,,,,,,,,,,,,,,,,,,,金,,,,,,,,,,,,,,,,火,,,,,,,,,,,,,,,,,,
淀川区,三国本町,3丁目,14番,上記以外,,,,,,月木,,,,,,,,,,,,,,,,,,,,,,,,,,金,,,,,,,,,,,,,,,,火,,,,,,,,,,,,,,,,,,
淀川区,三国本町,3丁目,15番,軽四輪車(小さい車)で収集している地域,,,,月木,,,,,,,,,,,,,,,,,,,,金,,,,,,,,,,,,,,,,火,,,,,,,,,,,,,,,,,,,,,,,,,,
淀川区,三国本町,3丁目,15番,11･12号,,,,月木,,,,,,,,,,,,,,,,,,,,,,,,,,金,,,,,,,,,,,,,,,,,火,,,,,,,,,,,,,,,,,,,
淀川区,三国本町,3丁目,15番,上記以外,,,,,,月木,,,,,,,,,,,,,,,,,,,,,,,,金,,,,,,,,,,,,,,,,,火,,,,,,,,,,,,,,,,,,,
淀川区,三国本町,3丁目,16番,軽四輪車(小さい車)で収集している地域,,,,月木,,,,,,,,,,,,,,,,,,,金,,,,,,,,,,,,,,,,,火,,,,,,,,,,,,,,,,,,,,,,,,,,
淀川区,三国本町,3丁目,16番,2･3･5~10･15~19号,,,,月木,,,,,,,,,,,,,,,,,,,,,,,,,,,,金,,,,,,,,,,,,,,,,火,,,,,,,,,,,,,,,,,,
淀川区,三国本町,3丁目,16番,上記以外,,,,,,,,月木,,,,,,,,,,,,,,,,,,,,,,,,金,,,,,,,,,,,,,,,,火,,,,,,,,,,,,,,,,,,
淀川区,三国本町,3丁目,17番,軽四輪車(小さい車)で収集している地域,,,,月木,,,,,,,,,,,,,,,,,,,金,,,,,,,,,,,,,,,,,火,,,,,,,,,,,,,,,,,,,,,,,,,,
淀川区,三国本町,3丁目,17番,1～3.6.7.10～13.19～22号,,,,月木,,,,,,,,,,,,,,,,,,,,,,,,,,,,金,,,,,,,,,,,,,,,,火,,,,,,,,,,,,,,,,,,
淀川区,三国本町,3丁目,17番,上記以外,,,,,,月木,,,,,,,,,,,,,,,,,,,,,,,,,,金,,,,,,,,,,,,,,,,火,,,,,,,,,,,,,,,,,,
淀川区,三国本町,3丁目,18番,軽四輪車(小さい車)で収集している地域,,,,月木,,,,,,,,,,,,,,,,,,,金,,,,,,,,,,,,,,,,,火,,,,,,,,,,,,,,,,,,,,,,,,,,
淀川区,三国本町,3丁目,18番,3～11号,,,,,月木,,,,,,,,,,,,,,,,,,,,,,,,,,,金,,,,,,,,,,,,,,,,火,,,,,,,,,,,,,,,,,,
淀川区,三国本町,3丁目,18番,11～14.16.17.19号,,,,月木,,,,,,,,,,,,,,,,,,,,,,,,,,,,金,,,,,,,,,,,,,,,,火,,,,,,,,,,,,,,,,,,
淀川区,三国本町,3丁目,18番,上記以外,,,,,,月木,,,,,,,,,,,,,,,,,,,,,,,,,,金,,,,,,,,,,,,,,,,火,,,,,,,,,,,,,,,,,,
淀川区,三国本町,3丁目,19番,軽四輪車(小さい車)で収集している地域,,,,月木,,,,,,,,,,,,,,,,,,,金,,,,,,,,,,,,,,,,火,,,,,,,,,,,,,,,,,,,,,,,,,,,
淀川区,三国本町,3丁目,19番,2～11号,,,,,月木,,,,,,,,,,,,,,,,,,,,,,,,,,,金,,,,,,,,,,,,,,,,火,,,,,,,,,,,,,,,,,,
淀川区,三国本町,3丁目,19番,20･23･24･26･27･28･30号,,,,月木,,,,,,,,,,,,,,,,,,,,,,,,,,,,金,,,,,,,,,,,,,,,,火,,,,,,,,,,,,,,,,,,
淀川区,三国本町,3丁目,19番,上記以外,,,,,,月木,,,,,,,,,,,,,,,,,,,,,,,,,,金,,,,,,,,,,,,,,,,火,,,,,,,,,,,,,,,,,,
淀川区,三国本町,3丁目,20番,軽四輪車(小さい車)で収集している地域,,,月木,,,,,,,,,,,,,,,,,,,金,,,,,,,,,,,,,,,,火,,,,,,,,,,,,,,,,,,,,,,,,,,,,
淀川区,三国本町,3丁目,20番,上記以外,,,,,,,,月木,,,,,,,,,,,,,,,,,,,,,,,,金,,,,,,,,,,,,,,,,火,,,,,,,,,,,,,,,,,,
淀川区,三国本町,3丁目,21番,軽四輪車(小さい車)で収集している地域,,,,月木,,,,,,,,,,,,,,,,,,金,,,,,,,,,,,,,,,,火,,,,,,,,,,,,,,,,,,,,,,,,,,,,
淀川区,三国本町,3丁目,21番,15号,,,,月木,,,,,,,,,,,,,,,,,,,,,,,,,,,,金,,,,,,,,,,,,,,,,火,,,,,,,,,,,,,,,,,,
淀川区,三国本町,3丁目,21番,上記以外,,,,,,,,月木,,,,,,,,,,,,,,,,,,,,,,,,金,,,,,,,,,,,,,,,,火,,,,,,,,,,,,,,,,,,
淀川区,三国本町,3丁目,22番,軽四輪車(小さい車)で収集している地域,,,,月木,,,,,,,,,,,,,,,,,,,金,,,,,,,,,,,,,,,,,火,,,,,,,,,,,,,,,,,,,,,,,,,,
淀川区,三国本町,3丁目,22番,上記以外,,,,,,,,月木,,,,,,,,,,,,,,,,,,,,,,,,金,,,,,,,,,,,,,,,,火,,,,,,,,,,,,,,,,,,
淀川区,三国本町,3丁目,23番,軽四輪車(小さい車)で収集している地域,,,,月木,,,,,,,,,,,,,,,,,,金,,,,,,,,,,,,,,,,火,,,,,,,,,,,,,,,,,,,,,,,,,,,,
淀川区,三国本町,3丁目,23番,上記以外,,,,,,,,月木,,,,,,,,,,,,,,,,,,,,,,,,金,,,,,,,,,,,,,,,,火,,,,,,,,,,,,,,,,,,
淀川区,三国本町,3丁目,24番,軽四輪車(小さい車)で収集している地域,,,,月木,,,,,,,,,,,,,,,,,,金,,,,,,,,,,,,,,,,火,,,,,,,,,,,,,,,,,,,,,,,,,,,,
淀川区,三国本町,3丁目,24番,10･11号,,,,月木,,,,,,,,,,,,,,,,,,金,,,,,,,,,,,,,,,,火,,,,,,,,,,,,,,,,,,,,,,,,,,,,
淀川区,三国本町,3丁目,24番,上記以外,,,,,,,,月木,,,,,,,,,,,,,,金,,,,,,,,,,,,,,,,火,,,,,,,,,,,,,,,,,,,,,,,,,,,,
淀川区,三国本町,3丁目,25番,軽四輪車(小さい車)で収集している地域,,,,月木,,,,,,,,,,,,,,,,,,金,,,,,,,,,,,,,,,,火,,,,,,,,,,,,,,,,,,,,,,,,,,,,
淀川区,三国本町,3丁目,25番,13~16･18･19号,,,,月木,,,,,,,,,,,,,,,,,,,,,,,,,,,,金,,,,,,,,,,,,,,,,火,,,,,,,,,,,,,,,,,,
淀川区,三国本町,3丁目,25番,上記以外,,,,,,,,月木,,,,,,,,,,,,,,,,,,,,,,,,金,,,,,,,,,,,,,,,,火,,,,,,,,,,,,,,,,,,
淀川区,三国本町,3丁目,26番,１･2･4~6･17号,,,,月木,,,,,,,,,,,,,,,,,,金,,,,,,,,,,,,,,,,火,,,,,,,,,,,,,,,,,,,,,,,,,,,,
淀川区,三国本町,3丁目,26番,7~9･11~15号,,,,月木,,,,,,,,,,,,,,,,,,金,,,,,,,,,,,,,,,,火,,,,,,,,,,,,,,,,,,,,,,,,,,,,
淀川区,三国本町,3丁目,26番,上記以外,,,,,,,,月木,,,,,,,,,,,,,,金,,,,,,,,,,,,,,,,火,,,,,,,,,,,,,,,,,,,,,,,,,,,,
淀川区,三国本町,3丁目,27番,軽四輪車(小さい車)で収集している地域,,,,月木,,,,,,,,,,,,,,,,,,金,,,,,,,,,,,,,,,,火,,,,,,,,,,,,,,,,,,,,,,,,,,,,
淀川区,三国本町,3丁目,27番,10~13･16号,,,,月木,,,,,,,,,,,,,,,,,,,,,,,,,,,,金,,,,,,,,,,,,,,,,火,,,,,,,,,,,,,,,,,,
淀川区,三国本町,3丁目,27番,上記以外,,,,,,,,月木,,,,,,,,,,,,,,,,,,,,,,,,金,,,,,,,,,,,,,,,,火,,,,,,,,,,,,,,,,,,
淀川区,三国本町,3丁目,28番,軽四輪車(小さい車)で収集している地域,,,,月木,,,,,,,,,,,,,,,,,,金,,,,,,,,,,,,,,,,火,,,,,,,,,,,,,,,,,,,,,,,,,,,,
淀川区,三国本町,3丁目,28番,8~10号,,,,月木,,,,,,,,,,,,,,,,,,金,,,,,,,,,,,,,,,,火,,,,,,,,,,,,,,,,,,,,,,,,,,,,
淀川区,三国本町,3丁目,28番,上記以外,,,,,,,,月木,,,,,,,,,,,,,,金,,,,,,,,,,,,,,,,火,,,,,,,,,,,,,,,,,,,,,,,,,,,,
淀川区,三国本町,3丁目,29番,軽四輪車(小さい車)で収集している地域,,,,月木,,,,,,,,,,,,,,,,,,,金,,,,,,,,,,,,,,,火,,,,,,,,,,,,,,,,,,,,,,,,,,,,
淀川区,三国本町,3丁目,29番,1･5･6号,,,,月木,,,,,,,,,,,,,,,,,,,,,,,,,,,,金,,,,,,,,,,,,,,,,,火,,,,,,,,,,,,,,,,,
淀川区,三国本町,3丁目,29番,12･13号,,,,,月木,,,,,,,,,,,,,,,,,,,,,,,,,,,金,,,,,,,,,,,,,,,,,火,,,,,,,,,,,,,,,,,
淀川区,三国本町,3丁目,29番,上記以外,,,,,,月木,,,,,,,,,,,,,,,,,,,,,,,,,,金,,,,,,,,,,,,,,,,,火,,,,,,,,,,,,,,,,,
淀川区,三国本町,3丁目,30番,軽四輪車(小さい車)で収集している地域,,,,月木,,,,,,,,,,,,,,,,,,,金,,,,,,,,,,,,,,,,火,,,,,,,,,,,,,,,,,,,,,,,,,,,
淀川区,三国本町,3丁目,30番,13～17号,,,,月木,,,,,,,,,,,,,,,,,,,,金,,,,,,,,,,,,,,,,火,,,,,,,,,,,,,,,,,,,,,,,,,,
淀川区,三国本町,3丁目,30番,10～13号,,,,,月木,,,,,,,,,,,,,,,,,,,金,,,,,,,,,,,,,,,,火,,,,,,,,,,,,,,,,,,,,,,,,,,
淀川区,三国本町,3丁目,30番,上記以外,,,,,,月木,,,,,,,,,,,,,,,,,,金,,,,,,,,,,,,,,,,火,,,,,,,,,,,,,,,,,,,,,,,,,,
淀川区,三国本町,3丁目,31番,軽四輪車(小さい車)で収集している地域,,,,月木,,,,,,,,,,,,,,,,,,,金,,,,,,,,,,,,,,,,火,,,,,,,,,,,,,,,,,,,,,,,,,,,
淀川区,三国本町,3丁目,31番,3･7･9号,,,,月木,,,,,,,,,,,,,,,,,,,,,,,,,,,,金,,,,,,,,,,,,,,,,火,,,,,,,,,,,,,,,,,,
淀川区,三国本町,3丁目,31番,上記以外,,,,,,月木,,,,,,,,,,,,,,,,,,,,,,,,,,金,,,,,,,,,,,,,,,,火,,,,,,,,,,,,,,,,,,
淀川区,三国本町,3丁目,32番,,,,,,,月木,,,,,,,,,,,,,,,,,金,,,,,,,,,,,,,,,,,火,,,,,,,,,,,,,,,,,,,,,,,,,,
淀川区,三国本町,3丁目,33番,3~6号,,,月木,,,,,,,,,,,,,,,,,,,,,,,,,,,,,金,,,,,,,,,,,,,,火,,,,,,,,,,,,,,,,,,,,
淀川区,三国本町,3丁目,33番,上記以外,,,,,,月木,,,,,,,,,,,,,,,,,,,,,,,,,,金,,,,,,,,,,,,,,火,,,,,,,,,,,,,,,,,,,,
淀川区,三国本町,3丁目,34番,,,,,,,月木,,,,,,,,,,,,,,,,,,,,,,,,,,金,,,,,,,,,,,,,,火,,,,,,,,,,,,,,,,,,,,
淀川区,三国本町,3丁目,35番,11～17号,,,,,月木,,,,,,,,,,,,,,,,,,,,,,,,,,,金,,,,,,,,,,,,,,,,火,,,,,,,,,,,,,,,,,,
淀川区,三国本町,3丁目,35番,上記以外,,,,,,月木,,,,,,,,,,,,,,,,,,,,,,,,,,金,,,,,,,,,,,,,,,,火,,,,,,,,,,,,,,,,,,
淀川区,三国本町,3丁目,36番,15～18号,,,,,月木,,,,,,,,,,,,,,,,,,,,,,,,,,金,,,,,,,,,,,,,,,,火,,,,,,,,,,,,,,,,,,,
淀川区,三国本町,3丁目,36番,上記以外,,,,,,,,月木,,,,,,,,,,,,,,,,,,,,,,,金,,,,,,,,,,,,,,,,火,,,,,,,,,,,,,,,,,,,
淀川区,三国本町,3丁目,37番,,,,,,,月木,,,,,,,,,,,,,,,,,,金,,,,,,,,,,,,,,,,火,,,,,,,,,,,,,,,,,,,,,,,,,,
淀川区,三津屋北,1丁目,1番,,,,,,,,,,,,,,,,水土,,,,,,,,,,,,,,月,,,,,,,,,,,,,,,,木,,,,,,,,,,,,,,,,,,,,,
淀川区,三津屋北,1丁目,2番,,,,,,,,,,,,,,,,水土,,,,,,,,,,,,,,月,,,,,,,,,,,,,,,,木,,,,,,,,,,,,,,,,,,,,,
淀川区,三津屋北,1丁目,3番,,,,,,,,,,,,,,,,水土,,,,,,,,,,,,,,月,,,,,,,,,,,,,,,,木,,,,,,,,,,,,,,,,,,,,,
淀川区,三津屋北,1丁目,4番,,,,,,,,,,,,,,,,水土,,,,,,,,,,,,,,月,,,,,,,,,,,,,,,,木,,,,,,,,,,,,,,,,,,,,,
淀川区,三津屋北,1丁目,5番,,,,,,,,,,,,,,,,水土,,,,,,,,,,,,,,月,,,,,,,,,,,,,,,,木,,,,,,,,,,,,,,,,,,,,,
淀川区,三津屋北,1丁目,6番,軽四輪車(小さい車)で収集している地域,,,,,,水土,,,,,,,,,,,,,,,,月,,,,,,,,,,,,,,,,木,,,,,,,,,,,,,,,,,,,,,,,,,,,,
淀川区,三津屋北,1丁目,6番,上記以外,,,,,,,,,,,,,,,水土,,,,,,,,,,,,,,月,,,,,,,,,,,,,,,,木,,,,,,,,,,,,,,,,,,,,,
淀川区,三津屋北,1丁目,7番,軽四輪車(小さい車)で収集している地域,,,,,,,,,,,,,,,水土,,,,,,,月,,,,,,,,,,,,,,,,木,,,,,,,,,,,,,,,,,,,,,,,,,,,,
淀川区,三津屋北,1丁目,7番,上記以外,,,,,,,,,,,,,,,水土,,,,,,,,,,,,,,月,,,,,,,,,,,,,,,,木,,,,,,,,,,,,,,,,,,,,,
淀川区,三津屋北,1丁目,8番,軽四輪車(小さい車)で収集している地域,,,,,,水土,,,,,,,,,,,,,,,,月,,,,,,,,,,,,,,,,木,,,,,,,,,,,,,,,,,,,,,,,,,,,,
淀川区,三津屋北,1丁目,8番,上記以外,,,,,,,,,,,,,,,水土,,,,,,,,,,,,,,月,,,,,,,,,,,,,,,,木,,,,,,,,,,,,,,,,,,,,,
淀川区,三津屋北,1丁目,9番,軽四輪車(小さい車)で収集している地域,,,,,,,,,,,,,,,水土,,,,,,,月,,,,,,,,,,,,,,,,木,,,,,,,,,,,,,,,,,,,,,,,,,,,,
淀川区,三津屋北,1丁目,9番,上記以外,,,,,,,,,,,,,,,水土,,,,,,,,,,,,,,月,,,,,,,,,,,,,,,,木,,,,,,,,,,,,,,,,,,,,,
淀川区,三津屋北,1丁目,10番,軽四輪車(小さい車)で収集している地域,,,,,,水土,,,,,,,,,,,,,,,,月,,,,,,,,,,,,,,,,木,,,,,,,,,,,,,,,,,,,,,,,,,,,,
淀川区,三津屋北,1丁目,10番,上記以外,,,,,,,,,,,,,,,水土,,,,,,,,,,,,,,月,,,,,,,,,,,,,,,,木,,,,,,,,,,,,,,,,,,,,,
淀川区,三津屋北,1丁目,11番,軽四輪車(小さい車)で収集している地域,,,,,,水土,,,,,,,,,,,,,,,,月,,,,,,,,,,,,,,,,木,,,,,,,,,,,,,,,,,,,,,,,,,,,,
淀川区,三津屋北,1丁目,11番,上記以外,,,,,,,,,,,,,,,水土,,,,,,,,,,,,,,月,,,,,,,,,,,,,,,,木,,,,,,,,,,,,,,,,,,,,,
淀川区,三津屋北,1丁目,12番,軽四輪車(小さい車)で収集している地域,,,,,,水土,,,,,,,,,,,,,,,,,月,,,,,,,,,,,,,,,,木,,,,,,,,,,,,,,,,,,,,,,,,,,,
淀川区,三津屋北,1丁目,12番,上記以外,,,,,,,,,,,,,,,水土,,,,,,,,,,,,,,月,,,,,,,,,,,,,,,,木,,,,,,,,,,,,,,,,,,,,,
淀川区,三津屋北,1丁目,13番,軽四輪車(小さい車)で収集している地域,,,,,,水土,,,,,,,,,,,,,,,,,月,,,,,,,,,,,,,,,,木,,,,,,,,,,,,,,,,,,,,,,,,,,,
淀川区,三津屋北,1丁目,13番,上記以外,,,,,,,,,,,,,,,水土,,,,,,,,,,,,,,月,,,,,,,,,,,,,,,,木,,,,,,,,,,,,,,,,,,,,,
淀川区,三津屋北,1丁目,14番,軽四輪車(小さい車)で収集している地域,,,,,,水土,,,,,,,,,,,,,,,,月,,,,,,,,,,,,,,,,木,,,,,,,,,,,,,,,,,,,,,,,,,,,,
淀川区,三津屋北,1丁目,14番,上記以外,,,,,,,,,,,,,,,水土,,,,,,,月,,,,,,,,,,,,,,,,木,,,,,,,,,,,,,,,,,,,,,,,,,,,,
淀川区,三津屋北,1丁目,15番,軽四輪車(小さい車)で収集している地域,,,,,,水土,,,,,,,,,,,,,,,,,,,月,,,,,,,,,,,,,,,,木,,,,,,,,,,,,,,,,,,,,,,,,,
淀川区,三津屋北,1丁目,15番,上記以外,,,,,,,,,,,,,,,水土,,,,,,,,,,月,,,,,,,,,,,,,,,,木,,,,,,,,,,,,,,,,,,,,,,,,,
淀川区,三津屋北,1丁目,16番,軽四輪車(小さい車)で収集している地域,,,,,,水土,,,,,,,,,,,,,,,,,,,,,,,月,,,,,,,,,,,,,,,,木,,,,,,,,,,,,,,,,,,,,,
淀川区,三津屋北,1丁目,16番,上記以外,,,,,,,,,,,,,,,水土,,,,,,,,,,,,,,月,,,,,,,,,,,,,,,,木,,,,,,,,,,,,,,,,,,,,,
淀川区,三津屋北,1丁目,17番,軽四輪車(小さい車)で収集している地域,,,,,,水土,,,,,,,,,,,,,,,,,,,,,,,月,,,,,,,,,,,,,,,,木,,,,,,,,,,,,,,,,,,,,,
淀川区,三津屋北,1丁目,17番,上記以外,,,,,,,,,,,,,,,水土,,,,,,,,,,,,,,月,,,,,,,,,,,,,,,,木,,,,,,,,,,,,,,,,,,,,,
淀川区,三津屋北,1丁目,18番,軽四輪車(小さい車)で収集している地域,,,,,,水土,,,,,,,,,,,,,,,,,,,,,,,月,,,,,,,,,,,,,,,,木,,,,,,,,,,,,,,,,,,,,,
淀川区,三津屋北,1丁目,18番,上記以外,,,,,,,,,,,,,,,水土,,,,,,,,,,,,,,月,,,,,,,,,,,,,,,,木,,,,,,,,,,,,,,,,,,,,,
淀川区,三津屋北,1丁目,19番,,,,,,,,,,,,,,,,水土,,,,,,,,,,,,,,,月,,,,,,,,,,,,,,,,木,,,,,,,,,,,,,,,,,,,,
淀川区,三津屋北,1丁目,20番,軽四輪車(小さい車)で収集している地域,,,,水土,,,,,,,,,,,,,,,,,,,,,,,,,,月,,,,,,,,,,,,,,,,木,,,,,,,,,,,,,,,,,,,,
淀川区,三津屋北,1丁目,20番,6･7号,,,,水土,,,,,,,,,,,,,,,,,,,,,,,,,,月,,,,,,,,,,,,,,,,木,,,,,,,,,,,,,,,,,,,,
淀川区,三津屋北,1丁目,20番,上記以外,,,,,,,,,,,,,,,水土,,,,,,,,,,,,,,,月,,,,,,,,,,,,,,,,木,,,,,,,,,,,,,,,,,,,,
淀川区,三津屋北,1丁目,21番,軽四輪車(小さい車)で収集している地域,,,水土,,,,,,,,,,,,,,,,,,,月,,,,,,,,,,,,,,,,木,,,,,,,,,,,,,,,,,,,,,,,,,,,,
淀川区,三津屋北,1丁目,21番,7･8号,,,,水土,,,,,,,,,,,,,,,,,,,,,,,,,,月,,,,,,,,,,,,,,,,木,,,,,,,,,,,,,,,,,,,,
淀川区,三津屋北,1丁目,21番,上記以外,,,,,,,,,,,,,,,水土,,,,,,,,,,,,,,,月,,,,,,,,,,,,,,,,木,,,,,,,,,,,,,,,,,,,,
淀川区,三津屋北,1丁目,22番,軽四輪車(小さい車)で収集している地域,,,,水土,,,,,,,,,,,,,,,,,,月,,,,,,,,,,,,,,,,木,,,,,,,,,,,,,,,,,,,,,,,,,,,,
淀川区,三津屋北,1丁目,22番,上記以外,,,,,,,,,,,,,,,水土,,,,,,,月,,,,,,,,,,,,,,,,木,,,,,,,,,,,,,,,,,,,,,,,,,,,,
淀川区,三津屋北,1丁目,23番,軽四輪車(小さい車)で収集している地域,,,,,,水土,,,,,,,,,,,,,,,,月,,,,,,,,,,,,,,,,木,,,,,,,,,,,,,,,,,,,,,,,,,,,,
淀川区,三津屋北,1丁目,23番,上記以外,,,,,,,,,,,,,,,水土,,,,,,,月,,,,,,,,,,,,,,,,木,,,,,,,,,,,,,,,,,,,,,,,,,,,,
淀川区,三津屋北,1丁目,24番,軽四輪車(小さい車)で収集している地域,,,,,,水土,,,,,,,,,,,,,,,,月,,,,,,,,,,,,,,,,木,,,,,,,,,,,,,,,,,,,,,,,,,,,,
淀川区,三津屋北,1丁目,24番,上記以外,,,,,,,,,,,,,,,水土,,,,,,,月,,,,,,,,,,,,,,,,木,,,,,,,,,,,,,,,,,,,,,,,,,,,,
淀川区,三津屋北,1丁目,25番,軽四輪車(小さい車)で収集している地域,,,水土,,,,,,,,,,,,,,,,,,,月,,,,,,,,,,,,,,,,木,,,,,,,,,,,,,,,,,,,,,,,,,,,,
淀川区,三津屋北,1丁目,25番,上記以外,,,,,,,,,,,,,,,水土,,,,,,,月,,,,,,,,,,,,,,,,木,,,,,,,,,,,,,,,,,,,,,,,,,,,,
淀川区,三津屋北,1丁目,26番,軽四輪車(小さい車)で収集している地域,,,水土,,,,,,,,,,,,,,,,,,,月,,,,,,,,,,,,,,,,木,,,,,,,,,,,,,,,,,,,,,,,,,,,,
淀川区,三津屋北,1丁目,26番,上記以外,,,,,,,,,,,,,,,水土,,,,,,,月,,,,,,,,,,,,,,,,木,,,,,,,,,,,,,,,,,,,,,,,,,,,,
淀川区,三津屋北,1丁目,27番,軽四輪車(小さい車)で収集している地域,,,,,,水土,,,,,,,,,,,,,,,,,,,,,,,月,,,,,,,,,,,,,,,,木,,,,,,,,,,,,,,,,,,,,,
淀川区,三津屋北,1丁目,27番,上記以外,,,,,,,,,,,,,,,水土,,,,,,,,,,,,,,月,,,,,,,,,,,,,,,,木,,,,,,,,,,,,,,,,,,,,,
淀川区,三津屋北,1丁目,28番,軽四輪車(小さい車)で収集している地域,,,,,,水土,,,,,,,,,,,,,,,,月,,,,,,,,,,,,,,,,木,,,,,,,,,,,,,,,,,,,,,,,,,,,,
淀川区,三津屋北,1丁目,28番,上記以外,,,,,,,,,,,,,,,水土,,,,,,,,,,,,,,月,,,,,,,,,,,,,,,,木,,,,,,,,,,,,,,,,,,,,,
淀川区,三津屋北,1丁目,29番,軽四輪車(小さい車)で収集している地域,,,,,,水土,,,,,,,,,,,,,,,,月,,,,,,,,,,,,,,,,木,,,,,,,,,,,,,,,,,,,,,,,,,,,,
淀川区,三津屋北,1丁目,29番,上記以外,,,,,,,,,,,,,,,水土,,,,,,,,,,,,,,月,,,,,,,,,,,,,,,,木,,,,,,,,,,,,,,,,,,,,,
淀川区,三津屋北,1丁目,30番,軽四輪車(小さい車)で収集している地域,,,,,,,,,,,,,,,水土,,,,,,,,,,,,,,月,,,,,,,,,,,,,,,,木,,,,,,,,,,,,,,,,,,,,,
淀川区,三津屋北,1丁目,30番,上記以外,,,,,,,,,,,,,,,水土,,,,,,,,,,,,,,月,,,,,,,,,,,,,,,,木,,,,,,,,,,,,,,,,,,,,,
淀川区,三津屋北,1丁目,31番,,,,,,,,,,,,,,,,水土,,,,,,,,,,,,,,月,,,,,,,,,,,,,,,,木,,,,,,,,,,,,,,,,,,,,,
淀川区,三津屋北,1丁目,32番,軽四輪車(小さい車)で収集している地域,,,,,,水土,,,,,,,,,,,,,,,,,,,,,,,月,,,,,,,,,,,,,,,,木,,,,,,,,,,,,,,,,,,,,,
淀川区,三津屋北,1丁目,32番,上記以外,,,,,,,,,,,,,,,水土,,,,,,,,,,,,,,月,,,,,,,,,,,,,,,,木,,,,,,,,,,,,,,,,,,,,,
淀川区,三津屋北,1丁目,33番,軽四輪車(小さい車)で収集している地域,,,,,,水土,,,,,,,,,,,,,,,,,,,,,,,月,,,,,,,,,,,,,,,,木,,,,,,,,,,,,,,,,,,,,,
淀川区,三津屋北,1丁目,33番,上記以外,,,,,,,,,,,,,,,水土,,,,,,,,,,,,,,月,,,,,,,,,,,,,,,,木,,,,,,,,,,,,,,,,,,,,,
淀川区,三津屋北,1丁目,34番,軽四輪車(小さい車)で収集している地域,,,,,,水土,,,,,,,,,,,,,,,,,,,,,,,月,,,,,,,,,,,,,,,,木,,,,,,,,,,,,,,,,,,,,,
淀川区,三津屋北,1丁目,34番,上記以外,,,,,,,,,,,,,,,水土,,,,,,,,,,,,,,,,,,,月,,,,,,,,,,,,,,,,木,,,,,,,,,,,,,,,,
淀川区,三津屋北,1丁目,35番,軽四輪車(小さい車)で収集している地域,,,,,,水土,,,,,,,,,,,,,,,,月,,,,,,,,,,,,,,,,木,,,,,,,,,,,,,,,,,,,,,,,,,,,,
淀川区,三津屋北,1丁目,35番,上記以外,,,,,,,,,,,,,,,水土,,,,,,,,,,,,,,,,,月,,,,,,,,,,,,,,,,木,,,,,,,,,,,,,,,,,,
淀川区,三津屋北,1丁目,36番,1号(シティーテラス神崎川駅前),,,,,,,,,,,,,,,水土,,,,,,,,,,,,,,,,,,,月,,,,,,,,,,,,,,,,木,,,,,,,,,,,,,,,,
淀川区,三津屋北,1丁目,36番,上記以外,,,,,,,,,,,,,,,水土,,,,,,,,,,,,,,,,,,,月,,,,,,,,,,,,,,,,木,,,,,,,,,,,,,,,,
淀川区,三津屋北,2丁目,1番,15～23号,,,,水土,,,,,,,,,,,,,,,,,,,,,,,,,,月,,,,,,,,,,,,,,,,木,,,,,,,,,,,,,,,,,,,,
淀川区,三津屋北,2丁目,1番,上記以外,,,,,,,,,,,,,,,水土,,,,,,,,,,,,,,,月,,,,,,,,,,,,,,,,木,,,,,,,,,,,,,,,,,,,,
淀川区,三津屋北,2丁目,2番,9･11号,,,,水土,,,,,,,,,,,,,,,,,,,,,,,,,,月,,,,,,,,,,,,,,,,木,,,,,,,,,,,,,,,,,,,,
淀川区,三津屋北,2丁目,2番,上記以外,,,,,,,,,,,,,,,水土,,,,,,,,,,,,,,,月,,,,,,,,,,,,,,,,木,,,,,,,,,,,,,,,,,,,,
淀川区,三津屋北,2丁目,3番,13～15号,,,,水土,,,,,,,,,,,,,,,,,,,,,,,,,,月,,,,,,,,,,,,,,,,木,,,,,,,,,,,,,,,,,,,,
淀川区,三津屋北,2丁目,3番,上記以外,,,,,,,,,,,,,,,水土,,,,,,,,,,,,,,,月,,,,,,,,,,,,,,,,木,,,,,,,,,,,,,,,,,,,,
淀川区,三津屋北,2丁目,4番,1～3号,,,,水土,,,,,,,,,,,,,,,,,,,,,,,,,,月,,,,,,,,,,,,,,,,木,,,,,,,,,,,,,,,,,,,,
淀川区,三津屋北,2丁目,4番,上記以外,,,,,,,,,,,,,,,水土,,,,,,,,,,,,,,,月,,,,,,,,,,,,,,,,木,,,,,,,,,,,,,,,,,,,,
淀川区,三津屋北,2丁目,5番,2号,,,,水土,,,,,,,,,,,,,,,,,,,,,,,,,,月,,,,,,,,,,,,,,,,木,,,,,,,,,,,,,,,,,,,,
淀川区,三津屋北,2丁目,5番,上記以外,,,,,,,,,,,,,,,水土,,,,,,,,,,,,,,,月,,,,,,,,,,,,,,,,木,,,,,,,,,,,,,,,,,,,,
淀川区,三津屋北,2丁目,6番,14号,,,,水土,,,,,,,,,,,,,,,,,,,,,,,,,,月,,,,,,,,,,,,,,,,木,,,,,,,,,,,,,,,,,,,,
淀川区,三津屋北,2丁目,6番,上記以外,,,,,,,,,,,,,,,水土,,,,,,,,,,,,,,,月,,,,,,,,,,,,,,,,木,,,,,,,,,,,,,,,,,,,,
淀川区,三津屋北,2丁目,7番,"2,14号",,,,水土,,,,,,,,,,,,,,,,,,,,,,,,,,月,,,,,,,,,,,,,,,,木,,,,,,,,,,,,,,,,,,,,
淀川区,三津屋北,2丁目,7番,上記以外,,,,,,,,,,,,,,,水土,,,,,,,,,,,,,,,月,,,,,,,,,,,,,,,,木,,,,,,,,,,,,,,,,,,,,
淀川区,三津屋北,2丁目,8番,1･2･10~15号,,,,水土,,,,,,,,,,,,,,,,,,,,,,,,,,月,,,,,,,,,,,,,,,,木,,,,,,,,,,,,,,,,,,,,
淀川区,三津屋北,2丁目,8番,上記以外,,,,,,,,,,,,,,,水土,,,,,,,,,,,,,,,月,,,,,,,,,,,,,,,,木,,,,,,,,,,,,,,,,,,,,
淀川区,三津屋北,2丁目,9番,,,,,,,,,,,,,,,,水土,,,,,,,,,,,,,,月,,,,,,,,,,,,,,,,木,,,,,,,,,,,,,,,,,,,,,
淀川区,三津屋北,2丁目,10番,,,,,,,,,,,,,,,,水土,,,,,,,,,,,,,,月,,,,,,,,,,,,,,,,木,,,,,,,,,,,,,,,,,,,,,
淀川区,三津屋北,2丁目,11番,,,,,,,,,,,,,,,,水土,,,,,,,,,,,,,,月,,,,,,,,,,,,,,,,木,,,,,,,,,,,,,,,,,,,,,
淀川区,三津屋北,2丁目,12番,,,,,,,,,,,,,,,,水土,,,,,,,,,,,,,,月,,,,,,,,,,,,,,,,木,,,,,,,,,,,,,,,,,,,,,
淀川区,三津屋北,2丁目,13番,,,,,,,,,,,,,,,,水土,,,,,,,,,,,,,,月,,,,,,,,,,,,,,,,木,,,,,,,,,,,,,,,,,,,,,
淀川区,三津屋北,2丁目,14番,,,,,,,,,,,,,,,,水土,,,,,,,,,,,,,,月,,,,,,,,,,,,,,,,木,,,,,,,,,,,,,,,,,,,,,
淀川区,三津屋北,2丁目,15番,,,,,,,,,,,,,,,,水土,,,,,,,,,,,,,,月,,,,,,,,,,,,,,,,木,,,,,,,,,,,,,,,,,,,,,
淀川区,三津屋北,2丁目,16番,,,,,,,,,,,,,,,,水土,,,,,,,,,,,,,,月,,,,,,,,,,,,,,,,木,,,,,,,,,,,,,,,,,,,,,
淀川区,三津屋北,2丁目,17番,14～18号,,,,水土,,,,,,,,,,,,,,,,,,,,,,,,,月,,,,,,,,,,,,,,,,木,,,,,,,,,,,,,,,,,,,,,
淀川区,三津屋北,2丁目,17番,上記以外,,,,,,,,,,,,,,,水土,,,,,,,,,,,,,,月,,,,,,,,,,,,,,,,木,,,,,,,,,,,,,,,,,,,,,
淀川区,三津屋北,2丁目,18番,2~4･6~10号,,,,水土,,,,,,,,,,,,,,,,,,,,,,,,,月,,,,,,,,,,,,,,,,木,,,,,,,,,,,,,,,,,,,,,
淀川区,三津屋北,2丁目,18番,上記以外,,,,,,,,,,,,,,,水土,,,,,,,,,,,,,,月,,,,,,,,,,,,,,,,木,,,,,,,,,,,,,,,,,,,,,
淀川区,三津屋北,2丁目,19番,5~13号,,,,水土,,,,,,,,,,,,,,,,,,,,,,,,,月,,,,,,,,,,,,,,,,木,,,,,,,,,,,,,,,,,,,,,
淀川区,三津屋北,2丁目,19番,上記以外,,,,,,,,,,,,,,,水土,,,,,,,,,,,,,,月,,,,,,,,,,,,,,,,木,,,,,,,,,,,,,,,,,,,,,
淀川区,三津屋北,2丁目,20番,1~15号,,,,,,水土,,,,,,,,,,,,,,,,,,,,,,,月,,,,,,,,,,,,,,,,木,,,,,,,,,,,,,,,,,,,,,
淀川区,三津屋北,2丁目,20番,17~31号,,,,,,,,水土,,,,,,,,,,,,,,,,,,,,,月,,,,,,,,,,,,,,,,木,,,,,,,,,,,,,,,,,,,,,
淀川区,三津屋北,2丁目,20番,上記以外,,,,,,,,,,,,,,,水土,,,,,,,,,,,,,,月,,,,,,,,,,,,,,,,木,,,,,,,,,,,,,,,,,,,,,
淀川区,三津屋北,2丁目,21番,11~26号,,,,水土,,,,,,,,,,,,,,,,,,,,,,,,,月,,,,,,,,,,,,,,,,木,,,,,,,,,,,,,,,,,,,,,
淀川区,三津屋北,2丁目,21番,上記以外,,,,,,,,,,,,,,,水土,,,,,,,,,,,,,,月,,,,,,,,,,,,,,,,木,,,,,,,,,,,,,,,,,,,,,
淀川区,三津屋北,3丁目,1番,"19,24号",,,,水土,,,,,,,,,,,,,,,,,,,,,,,,,月,,,,,,,,,,,,,,,,木,,,,,,,,,,,,,,,,,,,,,
淀川区,三津屋北,3丁目,1番,15～18号,,,,水土,,,,,,,,,,,,,,,,,,,,,,,,,月,,,,,,,,,,,,,,,,木,,,,,,,,,,,,,,,,,,,,,
淀川区,三津屋北,3丁目,1番,上記以外,,,,,,,,,,,,,,,水土,,,,,,,,,,,,,,月,,,,,,,,,,,,,,,,木,,,,,,,,,,,,,,,,,,,,,
淀川区,三津屋北,3丁目,2番,,,,,水土,,,,,,,,,,,,,,,,,,,,,,,,,月,,,,,,,,,,,,,,,,木,,,,,,,,,,,,,,,,,,,,,
淀川区,三津屋北,3丁目,3番,"22,23号",,,,水土,,,,,,,,,,,,,,,,,,,,,,,,,月,,,,,,,,,,,,,,,,木,,,,,,,,,,,,,,,,,,,,,
淀川区,三津屋北,3丁目,3番,上記以外,,,,,,,,,,,,,,,水土,,,,,,,,,,,,,,月,,,,,,,,,,,,,,,,木,,,,,,,,,,,,,,,,,,,,,
淀川区,三津屋中,1丁目,1番,,,,,,,,,,,,,,,,水土,,,,,,,,,,,,,,月,,,,,,,,,,,,,,,,木,,,,,,,,,,,,,,,,,,,,,
淀川区,三津屋中,1丁目,2番,,,,,,,,,,,,,,,,水土,,,,,,,,,,,,,,月,,,,,,,,,,,,,,,,木,,,,,,,,,,,,,,,,,,,,,
淀川区,三津屋中,1丁目,3番,,,,,,,,,,,,,,,,水土,,,,,,,,,,,,,,月,,,,,,,,,,,,,,,,木,,,,,,,,,,,,,,,,,,,,,
淀川区,三津屋中,1丁目,4番,軽四輪車(小さい車)で収集している地域,,,,,,水土,,,,,,,,,,,,,,,,,,,,,,,月,,,,,,,,,,,,,,,,木,,,,,,,,,,,,,,,,,,,,,
淀川区,三津屋中,1丁目,4番,上記以外,,,,,,,,,,,,,,,水土,,,,,,,,,,,,,,月,,,,,,,,,,,,,,,,木,,,,,,,,,,,,,,,,,,,,,
淀川区,三津屋中,1丁目,5番,軽四輪車(小さい車)で収集している地域,,,,,,水土,,,,,,,,,,,,,,,,月,,,,,,,,,,,,,,,,木,,,,,,,,,,,,,,,,,,,,,,,,,,,,
淀川区,三津屋中,1丁目,5番,上記以外,,,,,,,,,,,,,,,水土,,,,,,,,,,,,,,月,,,,,,,,,,,,,,,,木,,,,,,,,,,,,,,,,,,,,,
淀川区,三津屋中,1丁目,6番,軽四輪車(小さい車)で収集している地域,,,,,,水土,,,,,,,,,,,,,,,,,,,,,,,月,,,,,,,,,,,,,,,,木,,,,,,,,,,,,,,,,,,,,,
淀川区,三津屋中,1丁目,6番,上記以外,,,,,,,,,,,,,,,水土,,,,,,,,,,,,,,月,,,,,,,,,,,,,,,,木,,,,,,,,,,,,,,,,,,,,,
淀川区,三津屋中,1丁目,7番,軽四輪車(小さい車)で収集している地域,,,,,,水土,,,,,,,,,,,,,,,,,,,,月,,,,,,,,,,,,,,,,木,,,,,,,,,,,,,,,,,,,,,,,,
淀川区,三津屋中,1丁目,7番,上記以外,,,,,,,,,,,,,,,水土,,,,,,,,,,,,,,月,,,,,,,,,,,,,,,,木,,,,,,,,,,,,,,,,,,,,,
淀川区,三津屋中,1丁目,8番,軽四輪車(小さい車)で収集している地域,,,,,,水土,,,,,,,,,,,,,,,,,,,,,,,月,,,,,,,,,,,,,,,,木,,,,,,,,,,,,,,,,,,,,,
淀川区,三津屋中,1丁目,8番,上記以外,,,,,,,,,,,,,,,水土,,,,,,,,,,,,,,月,,,,,,,,,,,,,,,,木,,,,,,,,,,,,,,,,,,,,,
淀川区,三津屋中,1丁目,9番,軽四輪車(小さい車)で収集している地域,,,,,,,,,,,,,,,水土,,,,,,,,,,,,,,月,,,,,,,,,,,,,,,,木,,,,,,,,,,,,,,,,,,,,,
淀川区,三津屋中,1丁目,9番,上記以外,,,,,,,,,,,,,,,水土,,,,,,,,,,,,,,月,,,,,,,,,,,,,,,,木,,,,,,,,,,,,,,,,,,,,,
淀川区,三津屋中,2丁目,1番,軽四輪車(小さい車)で収集している地域,,,,,,,,,,,,,,,水土,,,,,,,,,,,月,,,,,,,,,,,,,,,,木,,,,,,,,,,,,,,,,,,,,,,,,
淀川区,三津屋中,2丁目,1番,上記以外,,,,,,,,,,,,,,,水土,,,,,,,,,,,,,,月,,,,,,,,,,,,,,,,木,,,,,,,,,,,,,,,,,,,,,
淀川区,三津屋中,2丁目,2番,軽四輪車(小さい車)で収集している地域,,,,,,,,,,,,,,,水土,,,,,,,,,,,,,,月,,,,,,,,,,,,,,,,木,,,,,,,,,,,,,,,,,,,,,
淀川区,三津屋中,2丁目,2番,上記以外,,,,,,,,,,,,,,,水土,,,,,,,,,,,,,,月,,,,,,,,,,,,,,,,木,,,,,,,,,,,,,,,,,,,,,
淀川区,三津屋中,2丁目,3番,軽四輪車(小さい車)で収集している地域,,,,,,,,,,,,,,,水土,,,,,,,,,,,,,,月,,,,,,,,,,,,,,,,木,,,,,,,,,,,,,,,,,,,,,
淀川区,三津屋中,2丁目,3番,上記以外,,,,,,,,,,,,,,,水土,,,,,,,,,,,,,,月,,,,,,,,,,,,,,,,木,,,,,,,,,,,,,,,,,,,,,
淀川区,三津屋中,2丁目,4番,軽四輪車(小さい車)で収集している地域,,,,,,,,,,,,,,,水土,,,,,,,,,,,,,,月,,,,,,,,,,,,,,,,木,,,,,,,,,,,,,,,,,,,,,
淀川区,三津屋中,2丁目,4番,10･12号,,,,水土,,,,,,,,,,,,,,,,,,,,,,,,,月,,,,,,,,,,,,,,,,木,,,,,,,,,,,,,,,,,,,,,
淀川区,三津屋中,2丁目,4番,上記以外,,,,,,,,,,,,,,,水土,,,,,,,,,,,,,,月,,,,,,,,,,,,,,,,木,,,,,,,,,,,,,,,,,,,,,
淀川区,三津屋中,2丁目,5番,12~23号,,,,水土,,,,,,,,,,,,,,,,,,,,,,,,,月,,,,,,,,,,,,,,,,木,,,,,,,,,,,,,,,,,,,,,
淀川区,三津屋中,2丁目,5番,上記以外,,,,,,,,,,,,,,,水土,,,,,,,,,,,,,,月,,,,,,,,,,,,,,,,木,,,,,,,,,,,,,,,,,,,,,
淀川区,三津屋中,2丁目,6番,,,,,水土,,,,,,,,,,,,,,,,,,,,,,,,,月,,,,,,,,,,,,,,,,木,,,,,,,,,,,,,,,,,,,,,
淀川区,三津屋中,2丁目,7番,,,,,水土,,,,,,,,,,,,,,,,,,,,,,,,,月,,,,,,,,,,,,,,,,木,,,,,,,,,,,,,,,,,,,,,
淀川区,三津屋中,2丁目,8番,軽四輪車(小さい車)で収集している地域,,,,,,,,,,,,,,,水土,,,,,,,,,,,,,,月,,,,,,,,,,,,,,,,木,,,,,,,,,,,,,,,,,,,,,
淀川区,三津屋中,2丁目,8番,2~4･15~19号,,,,水土,,,,,,,,,,,,,,,,,,,,,,,,,月,,,,,,,,,,,,,,,,木,,,,,,,,,,,,,,,,,,,,,
淀川区,三津屋中,2丁目,8番,上記以外,,,,,,,,,,,,,,,水土,,,,,,,,,,,,,,月,,,,,,,,,,,,,,,,木,,,,,,,,,,,,,,,,,,,,,
淀川区,三津屋中,2丁目,9番,軽四輪車(小さい車)で収集している地域,,,,,,,,,,,,,,,水土,,,,,,,,,,,,,,月,,,,,,,,,,,,,,,,木,,,,,,,,,,,,,,,,,,,,,
淀川区,三津屋中,2丁目,9番,1~12･22･23号,,,,水土,,,,,,,,,,,,,,,,,,,,,,,,,月,,,,,,,,,,,,,,,,木,,,,,,,,,,,,,,,,,,,,,
淀川区,三津屋中,2丁目,9番,上記以外,,,,,,,,,,,,,,,水土,,,,,,,,,,,,,,月,,,,,,,,,,,,,,,,木,,,,,,,,,,,,,,,,,,,,,
淀川区,三津屋中,2丁目,10番,,,,,水土,,,,,,,,,,,,,,,,,,,,,,,,,月,,,,,,,,,,,,,,,,木,,,,,,,,,,,,,,,,,,,,,
淀川区,三津屋中,2丁目,11番,,,,,水土,,,,,,,,,,,,,,,,,,,,,,,,,月,,,,,,,,,,,,,,,,木,,,,,,,,,,,,,,,,,,,,,
淀川区,三津屋中,2丁目,12番,,,,,水土,,,,,,,,,,,,,,,,,,,,,,,,,月,,,,,,,,,,,,,,,,木,,,,,,,,,,,,,,,,,,,,,
淀川区,三津屋中,2丁目,13番,20号,,,,水土,,,,,,,,,,,,,,,,,,,,,,,,,月,,,,,,,,,,,,,,,,木,,,,,,,,,,,,,,,,,,,,,
淀川区,三津屋中,2丁目,13番,上記以外,,,,水土,,,,,,,,,,,,,,,,,,,,,,,,,月,,,,,,,,,,,,,,,,木,,,,,,,,,,,,,,,,,,,,,
淀川区,三津屋中,2丁目,14番,,,,,水土,,,,,,,,,,,,,,,,,,,,,,,,,月,,,,,,,,,,,,,,,,木,,,,,,,,,,,,,,,,,,,,,
淀川区,三津屋中,2丁目,15番,2~8･36~53号,,,,水土,,,,,,,,,,,,,,,,,,,,,,,,,月,,,,,,,,,,,,,,,,木,,,,,,,,,,,,,,,,,,,,,
淀川区,三津屋中,2丁目,15番,上記以外,,,,,,,,,,,,,,,水土,,,,,,,,,,,,,,月,,,,,,,,,,,,,,,,木,,,,,,,,,,,,,,,,,,,,,
淀川区,三津屋中,2丁目,16番,1～11号,,,,水土,,,,,,,,,,,,,,,,,,,,,,,,,月,,,,,,,,,,,,,,,,木,,,,,,,,,,,,,,,,,,,,,
淀川区,三津屋中,2丁目,16番,上記以外,,,,,,,,,,,,,,,水土,,,,,,,,,,,,,,月,,,,,,,,,,,,,,,,木,,,,,,,,,,,,,,,,,,,,,
淀川区,三津屋中,3丁目,1番,,,,,水土,,,,,,,,,,,,,,,,,,,,,,,,,月,,,,,,,,,,,,,,,,木,,,,,,,,,,,,,,,,,,,,,
淀川区,三津屋中,3丁目,2番,,,,,水土,,,,,,,,,,,,,,,,,,,,,,,,,月,,,,,,,,,,,,,,,,木,,,,,,,,,,,,,,,,,,,,,
淀川区,三津屋中,3丁目,3番,,,,,水土,,,,,,,,,,,,,,,,,,,,,,,,,月,,,,,,,,,,,,,,,,木,,,,,,,,,,,,,,,,,,,,,
淀川区,三津屋中,3丁目,4番,,,,,水土,,,,,,,,,,,,,,,,,,,,,,,,,月,,,,,,,,,,,,,,,,木,,,,,,,,,,,,,,,,,,,,,
淀川区,三津屋中,3丁目,5番,,,,,,,,,,,,,,,,水土,,,,,,,,,,,,,,月,,,,,,,,,,,,,,,,木,,,,,,,,,,,,,,,,,,,,,
淀川区,三津屋中,3丁目,6番,,,,,,,,,,,,,,,,水土,,,,,,,,,,,,,,月,,,,,,,,,,,,,,,,木,,,,,,,,,,,,,,,,,,,,,
淀川区,三津屋中,3丁目,7番,,,,,水土,,,,,,,,,,,,,,,,,,,,,,,,,月,,,,,,,,,,,,,,,,木,,,,,,,,,,,,,,,,,,,,,
淀川区,三津屋中,3丁目,8番,20~30号･41~45号,,,,水土,,,,,,,,,,,,,,,,,,,,,,,,,月,,,,,,,,,,,,,,,,木,,,,,,,,,,,,,,,,,,,,,
淀川区,三津屋中,3丁目,8番,上記以外,,,,,,,,,,,,,,,水土,,,,,,,,,,,,,,月,,,,,,,,,,,,,,,,木,,,,,,,,,,,,,,,,,,,,,
淀川区,三津屋中,3丁目,9番,軽四輪車(小さい車)で収集している地域,,,,,,,,,,,,,,,水土,,,,,,,,,,,,,,月,,,,,,,,,,,,,,,,木,,,,,,,,,,,,,,,,,,,,,
淀川区,三津屋中,3丁目,9番,38～44号,,,,水土,,,,,,,,,,,,,,,,,,,,,,,,,月,,,,,,,,,,,,,,,,木,,,,,,,,,,,,,,,,,,,,,
淀川区,三津屋中,3丁目,9番,上記以外,,,,水土,,,,,,,,,,,,,,,,,,,,,,,,,月,,,,,,,,,,,,,,,,木,,,,,,,,,,,,,,,,,,,,,
淀川区,三津屋中,3丁目,10番,,,,,水土,,,,,,,,,,,,,,,,,,,,,,,,,月,,,,,,,,,,,,,,,,木,,,,,,,,,,,,,,,,,,,,,
淀川区,三津屋中,3丁目,11番,11～23号,,,,水土,,,,,,,,,,,,,,,,,,,,,,,,,月,,,,,,,,,,,,,,,,木,,,,,,,,,,,,,,,,,,,,,
淀川区,三津屋中,3丁目,11番,上記以外,,,,,,,,,,,,,,,水土,,,,,,,,,,,,,,月,,,,,,,,,,,,,,,,木,,,,,,,,,,,,,,,,,,,,,
淀川区,三津屋南,1丁目,1番,軽四輪車(小さい車)で収集している地域,,,,,,,,,,,,,,,水土,,,,,,,,,,,,,,月,,,,,,,,,,,,,,,,木,,,,,,,,,,,,,,,,,,,,,
淀川区,三津屋南,1丁目,1番,上記以外,,,,,,,,,,,,,,,水土,,,,,,,,,,,,,,月,,,,,,,,,,,,,,,,木,,,,,,,,,,,,,,,,,,,,,
淀川区,三津屋南,1丁目,2番,,,,,,,,,,,,,,,,水土,,,,,,,,,,,,,,月,,,,,,,,,,,,,,,,木,,,,,,,,,,,,,,,,,,,,,
淀川区,三津屋南,1丁目,3番,,,,,,,,,,,,,,,,水土,,,,,,,,,,,,,,月,,,,,,,,,,,,,,,,木,,,,,,,,,,,,,,,,,,,,,
淀川区,三津屋南,1丁目,4番,軽四輪車(小さい車)で収集している地域,,,,,,,,,,,,,,,水土,,,,,,,,,,,,,,月,,,,,,,,,,,,,,,,木,,,,,,,,,,,,,,,,,,,,,
淀川区,三津屋南,1丁目,4番,上記以外,,,,,,,,,,,,,,,水土,,,,,,,,,,,,,,月,,,,,,,,,,,,,,,,木,,,,,,,,,,,,,,,,,,,,,
淀川区,三津屋南,1丁目,5番,軽四輪車(小さい車)で収集している地域,,,,,,,,,,,,,,,水土,,,,,,,,,,,,,,月,,,,,,,,,,,,,,,,木,,,,,,,,,,,,,,,,,,,,,
淀川区,三津屋南,1丁目,5番,上記以外,,,,,,,,,,,,,,,水土,,,,,,,,,,,,,,月,,,,,,,,,,,,,,,,木,,,,,,,,,,,,,,,,,,,,,
淀川区,三津屋南,1丁目,6番,軽四輪車(小さい車)で収集している地域,,,,,,,,,,,,,,,水土,,,,,,,月,,,,,,,,,,,,,,,,木,,,,,,,,,,,,,,,,,,,,,,,,,,,,
淀川区,三津屋南,1丁目,6番,上記以外,,,,,,,,,,,,,,,水土,,,,,,,,,,,,,,月,,,,,,,,,,,,,,,,木,,,,,,,,,,,,,,,,,,,,,
淀川区,三津屋南,1丁目,7番,軽四輪車(小さい車)で収集している地域,,,,,,,,,,,,,,,水土,,,,,,,月,,,,,,,,,,,,,,,,木,,,,,,,,,,,,,,,,,,,,,,,,,,,,
淀川区,三津屋南,1丁目,7番,上記以外,,,,,,,,,,,,,,,水土,,,,,,,,,,,,,,月,,,,,,,,,,,,,,,,木,,,,,,,,,,,,,,,,,,,,,
淀川区,三津屋南,1丁目,8番,軽四輪車(小さい車)で収集している地域,,,,,,,,,,,,,,,水土,,,,,,,月,,,,,,,,,,,,,,,,木,,,,,,,,,,,,,,,,,,,,,,,,,,,,
淀川区,三津屋南,1丁目,8番,上記以外,,,,,,,,,,,,,,,水土,,,,,,,月,,,,,,,,,,,,,,,,木,,,,,,,,,,,,,,,,,,,,,,,,,,,,
淀川区,三津屋南,1丁目,9番,,,,,,,,,,,,,,,,水土,,,,,,,月,,,,,,,,,,,,,,,,木,,,,,,,,,,,,,,,,,,,,,,,,,,,,
淀川区,三津屋南,1丁目,10番,,,,,,,,,,,,,,,,水土,,,,,,,,,,,,,,月,,,,,,,,,,,,,,,,木,,,,,,,,,,,,,,,,,,,,,
淀川区,三津屋南,1丁目,11番,軽四輪車(小さい車)で収集している地域,,,,,,,,,,,,,,,水土,,,,,,,,,,,,,,月,,,,,,,,,,,,,,,,木,,,,,,,,,,,,,,,,,,,,,
淀川区,三津屋南,1丁目,11番,上記以外,,,,,,,,,,,,,,,水土,,,,,,,,,,,,,,月,,,,,,,,,,,,,,,,木,,,,,,,,,,,,,,,,,,,,,
淀川区,三津屋南,1丁目,12番,軽四輪車(小さい車)で収集している地域,,,,,,,,,,,,,,,水土,,,,,,,月,,,,,,,,,,,,,,,,木,,,,,,,,,,,,,,,,,,,,,,,,,,,,
淀川区,三津屋南,1丁目,12番,上記以外,,,,,,,,,,,,,,,水土,,,,,,,,,,,,,,月,,,,,,,,,,,,,,,,木,,,,,,,,,,,,,,,,,,,,,
淀川区,三津屋南,1丁目,13番,,,,,,,,,,,,,,,,水土,,,,,,,,,,,,,,月,,,,,,,,,,,,,,,,木,,,,,,,,,,,,,,,,,,,,,
淀川区,三津屋南,1丁目,14番,,,,,,,,,,,,,,,,水土,,,,,,,,,,,,,,月,,,,,,,,,,,,,,,,木,,,,,,,,,,,,,,,,,,,,,
淀川区,三津屋南,1丁目,15番,,,,,,,,,,,,,,,,水土,,,,,,,,,,,,,,月,,,,,,,,,,,,,,,,木,,,,,,,,,,,,,,,,,,,,,
淀川区,三津屋南,1丁目,16番,,,,,,,,,,,,,,,,水土,,,,,,,,,,,,,,月,,,,,,,,,,,,,,,,木,,,,,,,,,,,,,,,,,,,,,
淀川区,三津屋南,1丁目,17番,軽四輪車(小さい車)で収集している地域,,,,,,,,,,,,,,,水土,,,,,,,,,,,,,,,月,,,,,,,,,,,,,,,,木,,,,,,,,,,,,,,,,,,,,
淀川区,三津屋南,1丁目,17番,上記以外,,,,,,,,,,,,,,,水土,,,,,,,,,,,,,,,月,,,,,,,,,,,,,,,,木,,,,,,,,,,,,,,,,,,,,
淀川区,三津屋南,1丁目,18番,軽四輪車(小さい車)で収集している地域,,,,,,,,,,,,,,,水土,,,,,,,,,,,,,,,月,,,,,,,,,,,,,,,,木,,,,,,,,,,,,,,,,,,,,
淀川区,三津屋南,1丁目,18番,上記以外,,,,,,,,,,,,,,,水土,,,,,,,,,,,,,,,月,,,,,,,,,,,,,,,,木,,,,,,,,,,,,,,,,,,,,
淀川区,三津屋南,1丁目,19番,軽四輪車(小さい車)で収集している地域,,,,,,,,,,,,,,,水土,,,,,,,,,,,,,,月,,,,,,,,,,,,,,,,木,,,,,,,,,,,,,,,,,,,,,
淀川区,三津屋南,1丁目,19番,上記以外,,,,,,,,,,,,,,,水土,,,,,,,,,,,,,,月,,,,,,,,,,,,,,,,木,,,,,,,,,,,,,,,,,,,,,
淀川区,三津屋南,1丁目,20番,,,,,,,,,,,,,,,,水土,,,,,,,,,,,,,,月,,,,,,,,,,,,,,,,木,,,,,,,,,,,,,,,,,,,,,
淀川区,三津屋南,2丁目,1番,,,,,,,,,,,,,,,,水土,,,,,,,,,,,,,,月,,,,,,,,,,,,,,,,木,,,,,,,,,,,,,,,,,,,,,
淀川区,三津屋南,2丁目,2番,,,,,,,,,,,,,,,,水土,,,,,,,,,,,,,,,,,月,,,,,,,,,,,,,,,,木,,,,,,,,,,,,,,,,,,
淀川区,三津屋南,2丁目,3番,,,,,,,,,,,,,,,,水土,,,,,,,,,,,,,,,,,月,,,,,,,,,,,,,,,,木,,,,,,,,,,,,,,,,,,
淀川区,三津屋南,2丁目,4番,,,,,,,,,,,,,,,,水土,,,,,,,,,,,,,,,,,月,,,,,,,,,,,,,,,,木,,,,,,,,,,,,,,,,,,
淀川区,三津屋南,2丁目,5番,,,,,,,,,,,,,,,,水土,,,,,,,,,,,,,,,,,月,,,,,,,,,,,,,,,,木,,,,,,,,,,,,,,,,,,
淀川区,三津屋南,2丁目,6番,,,,,,,,,,,,,,,,水土,,,,,,,,,,,,,,,,,月,,,,,,,,,,,,,,,,木,,,,,,,,,,,,,,,,,,
淀川区,三津屋南,2丁目,7番,軽四輪車(小さい車)で収集している地域,,,,,,,,,,,,,,,水土,,,,,,,月,,,,,,,,,,,,,,,,木,,,,,,,,,,,,,,,,,,,,,,,,,,,,
淀川区,三津屋南,2丁目,7番,上記以外,,,,,,,,,,,,,,,水土,,,,,,,,,,,,,,,,,月,,,,,,,,,,,,,,,,木,,,,,,,,,,,,,,,,,,
淀川区,三津屋南,2丁目,8番,軽四輪車(小さい車)で収集している地域,,,,,,,,,,,,,,,水土,,,,,,,月,,,,,,,,,,,,,,,,木,,,,,,,,,,,,,,,,,,,,,,,,,,,,
淀川区,三津屋南,2丁目,8番,上記以外,,,,,,,,,,,,,,,水土,,,,,,,,,,,,,,,,,月,,,,,,,,,,,,,,,,木,,,,,,,,,,,,,,,,,,
淀川区,三津屋南,2丁目,9番,軽四輪車(小さい車)で収集している地域,,,,,,,,,,,,,,,水土,,,,,,,月,,,,,,,,,,,,,,,,木,,,,,,,,,,,,,,,,,,,,,,,,,,,,
淀川区,三津屋南,2丁目,9番,上記以外,,,,,,,,,,,,,,,水土,,,,,,,,,,,,,,月,,,,,,,,,,,,,,,,木,,,,,,,,,,,,,,,,,,,,,
淀川区,三津屋南,2丁目,10番,,,,,,,,,,,,,,,,水土,,,,,,,,,,,,,月,,,,,,,,,,,,,,,,木,,,,,,,,,,,,,,,,,,,,,,
淀川区,三津屋南,2丁目,11番,,,,,,,,,,,,,,,,水土,,,,,,,,,,,,,月,,,,,,,,,,,,,,,,木,,,,,,,,,,,,,,,,,,,,,,
淀川区,三津屋南,2丁目,12番,,,,,,,,,,,,,,,,水土,,,,,,,,,,,,,,,月,,,,,,,,,,,,,,,,木,,,,,,,,,,,,,,,,,,,,
淀川区,三津屋南,2丁目,13番,,,,,,,,,,,,,,,,水土,,,,,,,,,,,,,,,,,月,,,,,,,,,,,,,,,,木,,,,,,,,,,,,,,,,,,
淀川区,三津屋南,2丁目,14番,,,,,,,,,,,,,,,,水土,,,,,,,,,,,,,,,,,月,,,,,,,,,,,,,,,,木,,,,,,,,,,,,,,,,,,
淀川区,三津屋南,2丁目,15番,,,,,,,,,,,,,,,,水土,,,,,,,,,,,,,,,,月,,,,,,,,,,,,,,,,木,,,,,,,,,,,,,,,,,,,
淀川区,三津屋南,2丁目,16番,,,,,,,,,,,,,,,,水土,,,,,,,,,,,,,,,月,,,,,,,,,,,,,,,,木,,,,,,,,,,,,,,,,,,,,
淀川区,三津屋南,2丁目,17番,,,,,,,,,,,,,,,,水土,,,,,,,,,,,,,,月,,,,,,,,,,,,,,,,木,,,,,,,,,,,,,,,,,,,,,
淀川区,三津屋南,2丁目,18番,,,,,,,,,,,,,,,,水土,,,,,,,,,,,,,,月,,,,,,,,,,,,,,,,木,,,,,,,,,,,,,,,,,,,,,
淀川区,三津屋南,2丁目,19番,,,,,,,,,,,,,,,,水土,,,,,,,,,,,,,月,,,,,,,,,,,,,,,,木,,,,,,,,,,,,,,,,,,,,,,
淀川区,三津屋南,2丁目,20番,,,,,,,,,,,,,,,,水土,,,,,,,,,,,,,,月,,,,,,,,,,,,,,,,木,,,,,,,,,,,,,,,,,,,,,
淀川区,三津屋南,2丁目,21番,,,,,,,,,,,,,,,,水土,,,,,,,,,,,,,月,,,,,,,,,,,,,,,,木,,,,,,,,,,,,,,,,,,,,,,
淀川区,三津屋南,3丁目,1番,,,,,水土,,,,,,,,,,,,,,,,,,,,,,,,,,月,,,,,,,,,,,,,,,,木,,,,,,,,,,,,,,,,,,,,
淀川区,三津屋南,3丁目,2番,,,,,水土,,,,,,,,,,,,,,,,,,,,,,,,,月,,,,,,,,,,,,,,,,木,,,,,,,,,,,,,,,,,,,,,
淀川区,三津屋南,3丁目,3番,,,,,水土,,,,,,,,,,,,,,,,,,,,,,,,,,月,,,,,,,,,,,,,,,,木,,,,,,,,,,,,,,,,,,,,
淀川区,三津屋南,3丁目,4番,,,,,水土,,,,,,,,,,,,,,,,,,,,,,,,,月,,,,,,,,,,,,,,,,木,,,,,,,,,,,,,,,,,,,,,
淀川区,三津屋南,3丁目,5番,,,,,水土,,,,,,,,,,,,,,,,,,,,,,,,,,月,,,,,,,,,,,,,,,,木,,,,,,,,,,,,,,,,,,,,
淀川区,三津屋南,3丁目,6番,,,,,,,,,,,,,,,,水土,,,,,,,,,,,,,,,月,,,,,,,,,,,,,,,,木,,,,,,,,,,,,,,,,,,,,
淀川区,三津屋南,3丁目,7番,,,,,,,,,,,,,,,,水土,,,,,,,,,,,,,,,月,,,,,,,,,,,,,,,,木,,,,,,,,,,,,,,,,,,,,
淀川区,三津屋南,3丁目,8番,,,,,水土,,,,,,,,,,,,,,,,,,,,,,,,,,月,,,,,,,,,,,,,,,,木,,,,,,,,,,,,,,,,,,,,
淀川区,三津屋南,3丁目,9番,3･19号,,,,水土,,,,,,,,,,,,,,,,,,,,,,,,,,月,,,,,,,,,,,,,,,,木,,,,,,,,,,,,,,,,,,,,
淀川区,三津屋南,3丁目,9番,上記以外,,,,,,,,,,,,,,,水土,,,,,,,,,,,,,,,月,,,,,,,,,,,,,,,,木,,,,,,,,,,,,,,,,,,,,
淀川区,三津屋南,3丁目,10番,10～19号,,,,水土,,,,,,,,,,,,,,,,,,,,,,,,,,月,,,,,,,,,,,,,,,,木,,,,,,,,,,,,,,,,,,,,
淀川区,三津屋南,3丁目,10番,上記以外,,,,,,,,,,,,,,,水土,,,,,,,,,,,,,,,月,,,,,,,,,,,,,,,,木,,,,,,,,,,,,,,,,,,,,
淀川区,三津屋南,3丁目,11番,,,,,,,,,,,,,,,,水土,,,,,,,,,,,,,,,月,,,,,,,,,,,,,,,,木,,,,,,,,,,,,,,,,,,,,
淀川区,三津屋南,3丁目,12番,,,,,,,,,,,,,,,,水土,,,,,,,,,,,,,,,月,,,,,,,,,,,,,,,,木,,,,,,,,,,,,,,,,,,,,
淀川区,三津屋南,3丁目,13番,11号,,,,水土,,,,,,,,,,,,,,,,,,,,,,,,,,月,,,,,,,,,,,,,,,,木,,,,,,,,,,,,,,,,,,,,
淀川区,三津屋南,3丁目,13番,上記以外,,,,,,,,,,,,,,,水土,,,,,,,,,,,,,,,月,,,,,,,,,,,,,,,,木,,,,,,,,,,,,,,,,,,,,
淀川区,三津屋南,3丁目,14番,"3,30号",,,,水土,,,,,,,,,,,,,,,,,,,,,,,,,,月,,,,,,,,,,,,,,,,木,,,,,,,,,,,,,,,,,,,,
淀川区,三津屋南,3丁目,14番,上記以外,,,,,,,,,,,,,,,水土,,,,,,,,,,,,,,,月,,,,,,,,,,,,,,,,木,,,,,,,,,,,,,,,,,,,,
淀川区,三津屋南,3丁目,15番,25～33号,,,,水土,,,,,,,,,,,,,,,,,,,,,,,,,,月,,,,,,,,,,,,,,,,木,,,,,,,,,,,,,,,,,,,,
淀川区,三津屋南,3丁目,15番,上記以外,,,,,,,,,,,,,,,水土,,,,,,,,,,,,,,,月,,,,,,,,,,,,,,,,木,,,,,,,,,,,,,,,,,,,,
淀川区,三津屋南,3丁目,16番,,,,,,,,,,,,,,,,水土,,,,,,,,,,,,,,,月,,,,,,,,,,,,,,,,木,,,,,,,,,,,,,,,,,,,,
淀川区,三津屋南,3丁目,17番,45号,,,,水土,,,,,,,,,,,,,,,,,,,,,,,,,,月,,,,,,,,,,,,,,,,木,,,,,,,,,,,,,,,,,,,,
淀川区,三津屋南,3丁目,17番,上記以外,,,,,,,,,水土,,,,,,,,,,,,,,,,,,,,,月,,,,,,,,,,,,,,,,木,,,,,,,,,,,,,,,,,,,,
淀川区,三津屋南,3丁目,18番,,,,,,,,,,水土,,,,,,,,,,,,,,,,,,,,,月,,,,,,,,,,,,,,,,木,,,,,,,,,,,,,,,,,,,,
淀川区,三津屋南,3丁目,19番,19号,,,,水土,,,,,,,,,,,,,,,,,,,,,,,,,,月,,,,,,,,,,,,,,,,木,,,,,,,,,,,,,,,,,,,,
淀川区,三津屋南,3丁目,19番,上記以外,,,,,,,,,水土,,,,,,,,,,,,,,,,,,,,,月,,,,,,,,,,,,,,,,木,,,,,,,,,,,,,,,,,,,,
淀川区,三津屋南,3丁目,20番,,,,,,,,,,,,,,,,水土,,,,,,,,,,,,,,,月,,,,,,,,,,,,,,,,木,,,,,,,,,,,,,,,,,,,,
淀川区,三津屋南,3丁目,21番,,,,,水土,,,,,,,,,,,,,,,,,,,,,,,,,,月,,,,,,,,,,,,,,,,木,,,,,,,,,,,,,,,,,,,,
淀川区,宮原,1丁目,1番,,,,,,,月木,,,,,,,,,,,,,,,,,,,,,,,,,金,,,,,,,,,,,,,,,,火,,,,,,,,,,,,,,,,,,,
淀川区,宮原,1丁目,2番,50号,,,,,,,,,,,,,,,,,月木,,,,,,,,,,,,,,金,,,,,,,,,,,,,,,,火,,,,,,,,,,,,,,,,,,,
淀川区,宮原,1丁目,2番,上記以外,,,,,,月木,,,,,,,,,,,,,,,,,,,,,,,,,金,,,,,,,,,,,,,,,,火,,,,,,,,,,,,,,,,,,,
淀川区,宮原,1丁目,3番,,,,,,,月木,,,,,,,,,,,,,,,,金,,,,,,,,,,,,,,,,火,,,,,,,,,,,,,,,,,,,,,,,,,,,,
淀川区,宮原,1丁目,4番,,,,,,,月木,,,,,,,,,,,,,,,,金,,,,,,,,,,,,,,,,火,,,,,,,,,,,,,,,,,,,,,,,,,,,,
淀川区,宮原,1丁目,5番,,,,,,,月木,,,,,,,,,,,,,,,,金,,,,,,,,,,,,,,,,火,,,,,,,,,,,,,,,,,,,,,,,,,,,,
淀川区,宮原,1丁目,6番,,,,,,,月木,,,,,,,,,,,,,,,,金,,,,,,,,,,,,,,,,火,,,,,,,,,,,,,,,,,,,,,,,,,,,,
淀川区,宮原,1丁目,7番,,,,,,,月木,,,,,,,,,,,,,,,,金,,,,,,,,,,,,,,,,火,,,,,,,,,,,,,,,,,,,,,,,,,,,,
淀川区,宮原,1丁目,8番,,,,,,,月木,,,,,,,,,,,,,,,,金,,,,,,,,,,,,,,,,火,,,,,,,,,,,,,,,,,,,,,,,,,,,,
淀川区,宮原,1丁目,9番,,,,,,,月木,,,,,,,,,,,,,,,,金,,,,,,,,,,,,,,,,火,,,,,,,,,,,,,,,,,,,,,,,,,,,,
淀川区,宮原,1丁目,10番,,,,,,,月木,,,,,,,,,,,,,,,,金,,,,,,,,,,,,,,,,火,,,,,,,,,,,,,,,,,,,,,,,,,,,,
淀川区,宮原,1丁目,11番,,,,,,,月木,,,,,,,,,,,,,,,,金,,,,,,,,,,,,,,,,火,,,,,,,,,,,,,,,,,,,,,,,,,,,,
淀川区,宮原,1丁目,12番,,,,,,,月木,,,,,,,,,,,,,,,,金,,,,,,,,,,,,,,,,火,,,,,,,,,,,,,,,,,,,,,,,,,,,,
淀川区,宮原,1丁目,13番,,,,,,,月木,,,,,,,,,,,,,,,,金,,,,,,,,,,,,,,,,火,,,,,,,,,,,,,,,,,,,,,,,,,,,,
淀川区,宮原,1丁目,14番,,,,,,,月木,,,,,,,,,,,,,,,,金,,,,,,,,,,,,,,,,火,,,,,,,,,,,,,,,,,,,,,,,,,,,,
淀川区,宮原,1丁目,15番,,,,,,,月木,,,,,,,,,,,,,,,,金,,,,,,,,,,,,,,,,火,,,,,,,,,,,,,,,,,,,,,,,,,,,,
淀川区,宮原,1丁目,16番,,,,,,,月木,,,,,,,,,,,,,,,,金,,,,,,,,,,,,,,,,火,,,,,,,,,,,,,,,,,,,,,,,,,,,,
淀川区,宮原,1丁目,17番,,,,,,,月木,,,,,,,,,,,,,,,,金,,,,,,,,,,,,,,,,火,,,,,,,,,,,,,,,,,,,,,,,,,,,,
淀川区,宮原,1丁目,18番,,,,,,,月木,,,,,,,,,,,,,,,,金,,,,,,,,,,,,,,,,火,,,,,,,,,,,,,,,,,,,,,,,,,,,,
淀川区,宮原,1丁目,19番,,,,,,,月木,,,,,,,,,,,,,,,,金,,,,,,,,,,,,,,,,火,,,,,,,,,,,,,,,,,,,,,,,,,,,,
淀川区,宮原,2丁目,1番,,,,,,,月木,,,,,,,,,,,,,,,,金,,,,,,,,,,,,,,,,火,,,,,,,,,,,,,,,,,,,,,,,,,,,,
淀川区,宮原,2丁目,2番,,,,,,,月木,,,,,,,,,,,,,,,,金,,,,,,,,,,,,,,,,火,,,,,,,,,,,,,,,,,,,,,,,,,,,,
淀川区,宮原,2丁目,3番,,,,,,,月木,,,,,,,,,,,,,,,,金,,,,,,,,,,,,,,,,火,,,,,,,,,,,,,,,,,,,,,,,,,,,,
淀川区,宮原,2丁目,4番,,,,,,,月木,,,,,,,,,,,,,,,,金,,,,,,,,,,,,,,,,火,,,,,,,,,,,,,,,,,,,,,,,,,,,,
淀川区,宮原,2丁目,5番,,,,,,,月木,,,,,,,,,,,,,,,,金,,,,,,,,,,,,,,,,火,,,,,,,,,,,,,,,,,,,,,,,,,,,,
淀川区,宮原,2丁目,6番,,,,,,,月木,,,,,,,,,,,,,,,,金,,,,,,,,,,,,,,,,火,,,,,,,,,,,,,,,,,,,,,,,,,,,,
淀川区,宮原,2丁目,7番,,,,,,,月木,,,,,,,,,,,,,,,,金,,,,,,,,,,,,,,,,火,,,,,,,,,,,,,,,,,,,,,,,,,,,,
淀川区,宮原,2丁目,8番,,,,,,,月木,,,,,,,,,,,,,,,,金,,,,,,,,,,,,,,,,火,,,,,,,,,,,,,,,,,,,,,,,,,,,,
淀川区,宮原,2丁目,9番,,,,,,,月木,,,,,,,,,,,,,,,,金,,,,,,,,,,,,,,,,火,,,,,,,,,,,,,,,,,,,,,,,,,,,,
淀川区,宮原,2丁目,10番,,,,,,,月木,,,,,,,,,,,,,,,,金,,,,,,,,,,,,,,,,火,,,,,,,,,,,,,,,,,,,,,,,,,,,,
淀川区,宮原,2丁目,11番,,,,,,,月木,,,,,,,,,,,,,,,,金,,,,,,,,,,,,,,,,火,,,,,,,,,,,,,,,,,,,,,,,,,,,,
淀川区,宮原,2丁目,12番,,,,,,,月木,,,,,,,,,,,,,,,,金,,,,,,,,,,,,,,,,火,,,,,,,,,,,,,,,,,,,,,,,,,,,,
淀川区,宮原,2丁目,13番,,,,,,,月木,,,,,,,,,,,,,,,,金,,,,,,,,,,,,,,,,火,,,,,,,,,,,,,,,,,,,,,,,,,,,,
淀川区,宮原,2丁目,14番,,,,,,,月木,,,,,,,,,,,,,,,,金,,,,,,,,,,,,,,,,火,,,,,,,,,,,,,,,,,,,,,,,,,,,,
淀川区,宮原,3丁目,3番,1号(ファミールハイツ1号館),,,,,,,月木,,,,,,,,,,,,,,,,,,,,,,,,,金,,,,,,,,,,,,,,,,火,,,,,,,,,,,,,,,,,,
淀川区,宮原,3丁目,3番,2号(ファミールハイツ2号館),,,,,,,月木,,,,,,,,,,,,,,,,,,,,,,,,,金,,,,,,,,,,,,,,,,火,,,,,,,,,,,,,,,,,,
淀川区,宮原,3丁目,3番,11号(新大阪プラザビル),,,,,,,,月木,,,,,,,,,,,,,,,,,,,,,,,,金,,,,,,,,,,,,,,,,火,,,,,,,,,,,,,,,,,,
淀川区,宮原,3丁目,3番,上記以外,,,,,,,,,,,,,,,月木,,,,,,,,,,,,,,,,,金,,,,,,,,,,,,,,,,火,,,,,,,,,,,,,,,,,,
淀川区,宮原,3丁目,4番,市立宮原千佳駐車場,,,,,,,,,,,,,,,月木,,,,,,,,,,,,,,,,金,,,,,,,,,,,,,,,,火,,,,,,,,,,,,,,,,,,,
淀川区,宮原,4丁目,4番,1号･2号(新大阪グランドハイツ1号棟･2号棟),,,,,,月木,,,,,,,,,,,,,,,,,,,,,,,,金,,,,,,,,,,,,,,,,火,,,,,,,,,,,,,,,,,,,,
淀川区,宮原,4丁目,4番,上記以外,,,,,,,,,,,,,,,月木,,,,,,,,,,,,,,金,,,,,,,,,,,,,,,,火,,,,,,,,,,,,,,,,,,,,,
淀川区,宮原,4丁目,5番,22号(セレッソコート新大阪),,,,,,,,,,,,,,,月木,,,,,,,,,,,,,,,金,,,,,,,,,,,,,,,,火,,,,,,,,,,,,,,,,,,,,
淀川区,宮原,4丁目,5番,33号(クリテリオン新大阪),,,,,,月木,,,,,,,,,,,,,,,,,,,,,,,,金,,,,,,,,,,,,,,,,火,,,,,,,,,,,,,,,,,,,,
淀川区,宮原,4丁目,5番,上記以外,,,,,,,,,,,,,,,月木,,,,,,,,,,,,,,金,,,,,,,,,,,,,,,,火,,,,,,,,,,,,,,,,,,,,,
淀川区,宮原,5丁目,1番,,,,,,,,,,,,,,,,月木,,,,,,,,,,,,,,金,,,,,,,,,,,,,,,,火,,,,,,,,,,,,,,,,,,,,,
淀川区,宮原,5丁目,2番,軽四輪車(小さい車)で収集している地域,,,,,,,,,,,,,,,,,月木,,,,,,,,,,,,,金,,,,,,,,,,,,,,,,火,,,,,,,,,,,,,,,,,,,,
淀川区,宮原,5丁目,2番,10･14･16･18号,,,,月木,,,,,,,,,,,,,,,,,,,,,,,,,,金,,,,,,,,,,,,,,,,火,,,,,,,,,,,,,,,,,,,,
淀川区,宮原,5丁目,2番,上記以外,,,,,,,,,,,,,,,月木,,,,,,,,,,,,,,,金,,,,,,,,,,,,,,,,火,,,,,,,,,,,,,,,,,,,,
淀川区,宮原,5丁目,3番,軽四輪車(小さい車)で収集している地域,,,,,,,,,,,,,,,,,月木,,,,,,,,,,,,金,,,,,,,,,,,,,,,,火,,,,,,,,,,,,,,,,,,,,,
淀川区,宮原,5丁目,3番,23号(ファミール東三国）,,,,,,月木,,,,,,,,,,,,,,,,,,,,,,,金,,,,,,,,,,,,,,,,火,,,,,,,,,,,,,,,,,,,,,
淀川区,宮原,5丁目,3番,44･45号,,,,月木,,,,,,,,,,,,,,,,,,,,,,,,,金,,,,,,,,,,,,,,,,火,,,,,,,,,,,,,,,,,,,,,
淀川区,宮原,5丁目,3番,上記以外,,,,,,,,,,,,,,,月木,,,,,,,,,,,,,,金,,,,,,,,,,,,,,,,火,,,,,,,,,,,,,,,,,,,,,
淀川区,宮原,5丁目,4番,8号(ウイルドウ新大阪),,,,,,月木,,,,,,,,,,,,,,,,,,,,,,,金,,,,,,,,,,,,,,,,火,,,,,,,,,,,,,,,,,,,,,
淀川区,宮原,5丁目,4番,16号(ファミール新大阪クレアステージ）,,,,,,月木,,,,,,,,,,,,,,,,,,,,,,,金,,,,,,,,,,,,,,,,火,,,,,,,,,,,,,,,,,,,,,
淀川区,宮原,5丁目,4番,18号(シャトー新大阪),,,,,,月木,,,,,,,,,,,,,,,,,,,,,,,金,,,,,,,,,,,,,,,,火,,,,,,,,,,,,,,,,,,,,,
淀川区,宮原,5丁目,4番,上記以外,,,,,,,,,,,,,,,月木,,,,,,,,,,,,,,金,,,,,,,,,,,,,,,,火,,,,,,,,,,,,,,,,,,,,,
淀川区,宮原,5丁目,5番,8号(ローズコーポニュー大阪）,,,,,,月木,,,,,,,,,,,,,,,,,,,,,,,金,,,,,,,,,,,,,,,,火,,,,,,,,,,,,,,,,,,,,,
淀川区,宮原,5丁目,5番,シャルル宮原,,,,,,月木,,,,,,,,,,,,,,,,,,,,,,,金,,,,,,,,,,,,,,,,火,,,,,,,,,,,,,,,,,,,,,
淀川区,宮原,5丁目,5番,上記以外,,,,,,,,,,,,,,,月木,,,,,,,,,,,,,,金,,,,,,,,,,,,,,,,火,,,,,,,,,,,,,,,,,,,,,
淀川区,宮原,5丁目,6番,新大阪第2ダイヤモンドマンション,,,,,,月木,,,,,,,,,,,,,,,,,,,,,,金,,,,,,,,,,,,,,,,火,,,,,,,,,,,,,,,,,,,,,,
淀川区,宮原,5丁目,6番,23号(ジュネスドウ新大阪）,,,,,,月木,,,,,,,,,,,,,,,,,,,,,,金,,,,,,,,,,,,,,,,火,,,,,,,,,,,,,,,,,,,,,,
淀川区,宮原,5丁目,6番,39号(新大阪ホワイトコーポラス),,,,,,月木,,,,,,,,,,,,,,,,,,,,,,金,,,,,,,,,,,,,,,,火,,,,,,,,,,,,,,,,,,,,,,
淀川区,宮原,5丁目,6番,上記以外,,,,,,,,,,,,,,,月木,,,,,,,,,,,,,金,,,,,,,,,,,,,,,,火,,,,,,,,,,,,,,,,,,,,,,
淀川区,宮原,5丁目,7番,1号(ダイアパレス新大阪宮原),,,,,,月木,,,,,,,,,,,,,,,,,,,,,,金,,,,,,,,,,,,,,,,火,,,,,,,,,,,,,,,,,,,,,,
淀川区,宮原,5丁目,7番,40(ローレルコート新大阪),,,,,,月木,,,,,,,,,,,,,,,,,,,,,,金,,,,,,,,,,,,,,,,火,,,,,,,,,,,,,,,,,,,,,,
淀川区,宮原,5丁目,7番,45(ネバーランド新大阪),,,,,,月木,,,,,,,,,,,,,,,,,,,,,,金,,,,,,,,,,,,,,,,火,,,,,,,,,,,,,,,,,,,,,,
淀川区,宮原,5丁目,7番,上記以外,,,,,,,,,,,,,,,月木,,,,,,,,,,,,,金,,,,,,,,,,,,,,,,火,,,,,,,,,,,,,,,,,,,,,,
淀川区,宮原,5丁目,8番,,,,,,,,,,,,,,,,月木,,,,,,,,,,,,,金,,,,,,,,,,,,,,,,火,,,,,,,,,,,,,,,,,,,,,,
淀川区,宮原,5丁目,9番,39号(ハイマート新大阪),,,,,,月木,,,,,,,,,,,,,,,,,,,,,,,金,,,,,,,,,,,,,,,,火,,,,,,,,,,,,,,,,,,,,,
淀川区,宮原,5丁目,9番,上記以外,,,,,,,,,,,,,,,月木,,,,,,,,,,,,,,金,,,,,,,,,,,,,,,,火,,,,,,,,,,,,,,,,,,,,,
